name,AT,FI,NL,BA,FR,NO,BE,GB,PL,BG,GR,PT,CH,HR,RO,CZ,HU,RS,DE,IE,SE,DK,IT,SI,ES,LU,SK,EE,LV,LT
2011-01-01 00:00:00,234.107715643,92.2063994966,0.020001668032,215.02864046,171.684563762,-0.00129358111423,211.968547248,0.0344904138984,0.0200617335278,233.671762656,238.106440915,211.967807589,85.4738831962,226.156848539,183.71474504,107.019234923,211.968559545,261.68816456,0.0200006474443,211.968531074,0.0150058484765,0.0150006993318,211.968483272,211.968550155,177.634891351,211.956825687,211.968557998,0.0154786226952,0.015012264981,0.0199932593183
2011-01-01 01:00:00,234.107850546,92.2063537406,0.0200003967129,215.036922015,171.694528921,0.00870418626984,211.968554894,0.0344903096215,0.01999648744,233.671808131,238.106457205,211.967845932,85.4838850878,226.165604663,183.714868104,107.019233519,211.968558082,211.968598848,0.0200005064436,211.96853873,0.0150034647266,0.0150005548668,211.968483423,211.968544708,177.634897027,211.968388942,211.968554442,0.0151147123206,0.0150028822587,0.0200269575238
2011-01-01 02:00:00,234.107849308,92.2063491333,0.0199997099565,215.036916747,171.69452973,0.00870219369731,211.968543076,0.0344894715745,0.0199666799345,233.671805498,238.10645687,211.967844414,85.4838849925,226.165601689,183.714868557,107.019231188,211.96855655,211.968573636,0.0200003152949,211.968536973,0.0150019922316,0.0150004275171,211.968483366,211.96853528,177.634897253,211.968415909,211.968551806,0.0150617952458,0.0149942374899,0.0201029172482
2011-01-01 03:00:00,234.107849268,92.2063687158,0.0199995314698,215.03691133,171.694529911,0.00870015927022,211.968526282,0.0344900378143,0.0199553725671,233.671803644,238.106456344,211.967842054,85.483884489,226.165598611,183.714868142,107.01922703,211.96855526,211.968565362,0.0200000323324,211.968536489,0.0150016018221,0.0150002306337,211.968483303,211.968527858,177.634897417,211.968433157,211.968550377,0.0150262392901,0.0149907121158,0.0200009138278
2011-01-01 04:00:00,234.107849383,92.2066502141,0.019999465482,215.036905828,171.69453001,0.00869822616256,211.968516846,0.0344893726078,0.0199514348296,233.671800891,238.106456171,211.967840073,85.4838843233,226.165596513,183.714867085,107.019215548,211.968554321,211.968562028,0.0199999011511,211.96853664,0.0150014794441,0.015000217472,211.968483245,211.968524115,177.634897543,211.96844548,211.96854809,0.0150144346675,0.0149905728463,0.0199780895604
2011-01-01 05:00:00,234.107848183,113.876056592,0.0199996414343,215.036901557,171.694529612,0.00869634513892,211.968513487,0.0344894680101,0.019949461703,233.671795953,238.106455135,211.96783857,85.48388391,226.165594698,183.714865183,107.019122793,211.96855354,211.968560316,0.0199997428554,211.968537134,0.0150015881103,0.0150003054603,211.968483197,211.968522476,177.634897655,211.968446927,211.968545478,0.0150120222664,0.0149907857397,0.0199751671219
2011-01-01 06:00:00,234.107847754,211.968535465,0.0200015535895,215.036893365,171.694529896,0.00869444985175,211.968519618,0.0344919379998,0.0199478654693,233.671786911,238.106454552,211.967837759,85.483883451,226.165589425,183.714860916,86.6856799705,211.968552547,211.968560113,0.0199997854235,211.968535862,0.0150020500167,0.0150004020422,211.968483083,211.968518594,177.634897727,211.968456933,211.968541025,0.0150106790109,0.0149913654478,0.0199667924829
2011-01-01 07:00:00,234.107846611,211.968537623,0.020001631178,215.036838128,171.694528902,0.00869255588905,211.968520074,0.0344911847397,0.0199469936504,171.694514617,192.866216762,211.967833971,85.4838831003,226.165585063,0.0165427334159,86.6855752713,211.968551469,171.694536981,0.0199997981619,211.968537308,0.015002957482,0.0150006225704,211.968480739,211.968510778,177.634897818,211.968462058,211.96853741,0.0150113985311,0.0149918975696,0.0199708314019
2011-01-01 08:00:00,175.58827209,211.968538214,0.0200021770954,93.5429252975,171.694525426,0.00869070049156,211.968527465,0.0344912792658,0.0199164594185,0.0100159941739,178.588601128,211.967832998,64.1133576997,169.625314153,0.0100093761477,86.6847377216,171.694525725,171.694433584,0.0199995279515,211.968534712,0.0150041906627,0.0150009298372,171.694470724,171.692143788,177.634897542,211.968463184,171.69452163,0.0150126171011,0.0149955197873,0.0199632188904
2011-01-01 09:00:00,0.0100173041456,211.968543169,0.0200039020895,0.0100226315448,139.072575543,0.00868892875768,211.968517582,0.0344920192308,0.0198987043447,0.0100035984584,103.580589925,171.693963305,64.1130995485,0.0100513887025,0.0100048301771,0.0150086476344,113.839292156,0.0100168670042,0.019998364638,211.968537636,0.0150054626431,0.0150009900567,158.986303057,0.0100373792334,143.884268529,158.976575533,171.694472138,0.0150085657435,0.015000634288,0.019969230792
2011-01-01 10:00:00,0.0100059698896,211.968528915,0.0200050338775,0.0100124044307,139.072575185,0.00868705178946,211.968519472,0.0344916595073,0.0199235101372,0.0100039949524,103.580575573,171.693960812,64.112973005,0.0100215472647,0.010004915219,0.0150053909405,0.0100328322685,0.010007230558,0.0199983499504,211.968538129,0.0150089913382,0.0150012599895,101.979586035,0.0100179162456,143.884267958,158.976515148,158.980574291,0.0150076225127,0.0150066944583,0.019979643017
2011-01-01 11:00:00,0.010005982226,211.968547237,0.0200040811696,0.0100140107454,139.072575866,0.00868522612216,211.968519213,0.0344915628366,0.0199399453245,0.0100063200989,103.580598227,171.69395551,64.1129593846,0.0100193397421,0.0100052155065,80.274082854,0.0100977483415,0.0100100849199,0.0199986267968,211.968540404,0.0150426517445,0.015001652659,0.0150232257774,0.0100178723478,143.884267747,158.97650971,158.980726448,0.0150093000535,0.0150405676903,0.0199860159245
2011-01-01 12:00:00,0.0100391786128,211.968553131,0.0200058198588,0.010037562816,139.072575209,0.00868333642331,211.968519543,0.0344932160651,0.0199451449197,158.976654416,178.589398255,171.693953921,64.1130794801,0.0100412766226,0.0165237167469,86.6855618601,171.694513689,158.977041537,0.0199992219851,211.968545745,52.2183602919,0.0150023552657,158.984957622,0.0100339212656,143.884267845,158.976562524,171.69451482,0.0150121974006,0.0151059397822,0.0199886905719
2011-01-01 13:00:00,175.588306271,211.968556417,0.0200047462497,161.279050469,139.072575711,0.00868135743674,211.968517042,0.0344932958685,0.0199486203947,171.694541694,192.866235091,171.693956589,64.1131167754,183.194072637,0.0165463833042,86.6855650843,171.694531642,171.694524779,0.0199995181278,211.968544622,52.2183841231,0.0150031276904,171.69447114,171.694457047,143.884267969,211.958891165,171.694527952,0.015016958716,0.0159513331241,0.0199979680082
2011-01-01 14:00:00,211.968516869,211.968562175,0.0200039323552,174.179894371,139.072588851,0.00867947489841,211.968519473,0.0344938475973,0.0199608735541,211.968576199,238.116289253,171.693961078,85.4838686239,183.194169421,0.0204260389566,86.6855719791,211.968551109,211.96854348,0.0200004793487,211.968544945,52.2183932716,0.0150065274032,171.694473679,171.694512526,143.884268929,211.968324355,211.968533223,0.0150292127904,0.0187342256047,0.0200139520479
2011-01-01 15:00:00,234.117690849,211.968573193,0.0200073042346,215.038306862,171.694531416,0.00867767320931,211.96853119,0.0344950034276,0.019986852473,211.96858399,238.116351476,171.693968606,85.4838844115,226.166205766,0.0204280546413,86.68557875,211.96855754,211.968550374,0.0200018821233,211.968552013,52.2183995012,0.0150184358377,211.968621226,211.968533788,143.884283666,211.96841744,211.968539815,0.0150378783776,0.0193349497788,0.0200300959148
2011-01-01 16:00:00,234.117696346,211.968589039,0.0200211030578,215.038325241,171.694534843,0.00867587578268,211.968548483,0.0344969560533,0.0199907914429,211.968587535,238.116358868,211.967866383,85.4838852053,226.16622143,0.0204285107903,86.6855845266,211.968559124,211.968551832,0.0200036644862,211.968558299,52.2184195877,0.0150287538593,211.968622161,211.968558084,177.634901544,211.968471435,211.968541129,0.0150411407861,0.0188806095114,0.0200296629311
2011-01-01 17:00:00,234.117697437,211.968601009,0.0200363139466,215.038331716,171.694534967,0.00867392377312,211.968557036,0.0344993469425,0.0199922099036,211.968589177,238.116361476,211.968406237,85.4838851218,226.166227096,0.0204283740113,86.6856038808,211.968560014,211.968552594,0.0200042240446,211.968563914,92.2062879782,0.015051619454,211.968622464,211.968572448,177.634902365,211.968509511,211.968541694,0.0150440973745,0.0185474697491,0.0200279418823
2011-01-01 18:00:00,234.117695027,211.968595268,0.0246762331912,215.038334911,171.69453476,0.00867191032543,211.968565577,0.0345005652369,0.0199936360089,211.968589499,238.116362458,211.968421156,85.4838847572,226.166229907,0.020427627963,107.01908256,211.968560606,211.968553105,0.0200066949303,211.968565375,92.2063203142,0.0150437694855,211.968622613,211.968578403,177.634902704,211.968441616,211.968541033,0.0151170145171,0.0179123464778,0.0200433362309
2011-01-01 19:00:00,234.117693484,211.968588775,0.0246412366029,215.038336224,171.694533954,0.00866988771807,211.968557599,0.0344951292167,0.0199940371555,211.968589386,238.116361619,211.968427156,85.4838847732,226.16623188,0.020427376803,107.019164457,211.968560875,211.968553155,0.0200056891868,211.968562432,92.2063725412,0.0150452658413,211.968622698,211.968582518,177.634902893,211.968488825,211.968541326,0.0152769036076,0.0158670928451,0.0200210520217
2011-01-01 20:00:00,234.117689496,211.968599827,0.0200131186024,215.038335517,171.694532525,0.00866774504544,211.968551258,0.0344941725852,0.0199947183853,211.968589208,238.116359576,211.968430513,85.483884713,226.166233779,0.0204269158745,107.019199225,211.968560912,211.96855303,0.0200046632606,211.968559553,92.2063395344,0.0150380649344,211.968622724,211.968581431,177.634902996,211.968503296,211.968540901,0.0158974200948,0.0152649734154,0.0200073074362
2011-01-01 21:00:00,234.117692321,211.968599607,0.0200069102241,215.038334336,171.694534546,0.0086657296842,211.968548217,0.0344938448446,0.0199957788093,211.968589303,238.116358274,211.968431931,85.4838846051,226.166233047,0.0204253344043,107.019215262,211.968560526,211.968552756,0.0200043829204,211.96855692,92.206409564,0.0150331304558,211.968622686,211.968576151,177.634902973,211.968528482,211.968540064,92.2043089551,0.0151271920984,0.0199983653145
2011-01-01 22:00:00,234.11768711,211.968597722,0.0200045936548,215.038330393,171.694533944,0.00866364327351,211.968545637,0.0344934087282,0.0199966280845,211.968588783,238.116354594,211.968432948,85.4838841466,226.166230124,0.0204235955559,107.01922061,211.968559828,211.968552426,0.0200038564389,211.96855478,92.206337077,0.0150305713939,211.968622595,211.968564537,177.634902843,211.968525025,211.968538794,92.2058888545,0.0150476885171,0.0199933898696
2011-01-01 23:00:00,234.117683039,211.968601656,0.0200036822421,215.038323213,171.694529924,0.00866158515315,211.968535299,0.0344929793919,0.0199975517459,211.968588234,238.116348964,211.968429415,85.4838838288,226.166224862,0.0204238563296,107.019223579,211.96855858,211.968551593,0.0200029929119,211.968558041,92.2063240278,0.0150306078401,211.968622422,211.968547409,177.634902628,211.968521976,211.968538112,92.2060437617,0.0150262914636,0.0199979834857
2011-01-02 00:00:00,234.117675105,211.968609763,0.0200073010457,215.038314291,171.694529168,0.00865954183626,211.968548898,0.0344940642677,0.0199954769188,211.968587339,238.11633938,211.968418107,85.4838843427,226.166221986,0.0204255004372,107.01922702,211.968557094,211.96855024,0.020003508238,211.968555957,92.2063145973,0.0150666380851,211.96862225,211.968573994,177.634902362,211.968526421,211.968536376,74.6879390103,0.0150141787125,0.0200109421088
2011-01-02 01:00:00,234.117668774,211.968612372,0.0200049093536,215.03830673,171.694515708,0.00865754567617,211.968549599,0.034493562035,0.0199969689232,211.968586657,238.116331878,211.968354272,85.4838842976,226.166217532,0.0204282078731,107.019227492,211.968555892,211.968548492,0.0200025480369,211.96855135,92.206304799,0.0150755205226,211.968622101,211.968570099,177.634902144,211.968511053,211.968535899,92.2060301973,0.015013000446,0.0200372094985
2011-01-02 02:00:00,234.117668178,211.968614067,0.0200041910327,215.038304976,139.072594927,0.00865553087989,211.968551412,0.0344931081526,0.0199981232774,211.968585887,238.116320686,211.968121452,85.483884186,226.166215595,0.0204298497159,107.019227555,211.968555312,211.968547344,0.0200022751682,211.96854775,92.206310439,0.0152852418822,211.968621975,211.968567858,177.634902011,211.968508137,211.968535714,92.206185549,0.0150319304233,0.0201638744988
2011-01-02 03:00:00,234.117676379,211.96861529,0.0200030831644,215.038303838,139.072583602,0.00865359486662,211.968548687,0.0344929367096,0.0199987853736,211.968585195,238.116309007,211.967998806,85.483884313,226.166214264,0.0204306608509,107.019228275,211.968555398,211.96854605,0.0200026015631,211.968544446,92.2063206715,0.0344932289101,211.968621875,211.968571423,177.63490199,211.968494866,211.968535903,92.2062224762,0.015100846528,0.0226896751756
2011-01-02 04:00:00,234.11768285,211.968616117,0.0200025930527,215.038304806,139.072581241,0.00865172073478,211.96854353,0.0344926199201,0.0200003245377,211.968584654,238.116298422,211.967959641,85.4838844094,226.1662147,0.0204311274605,107.019228533,211.968556187,211.968545015,0.0200026223555,211.968542473,92.2063366895,0.0345258965333,211.968621795,211.968577941,177.634902006,211.968480919,211.968535796,92.2062650655,0.0153292864158,103.515446149
2011-01-02 05:00:00,234.117684244,211.968615167,0.0200025031191,215.038308953,139.072581163,0.00864989588176,211.968531585,0.0344928678428,0.020007483623,211.968583482,238.11626949,211.967950315,85.4838841853,226.166218233,0.0204312665084,107.019229146,211.968557645,211.968544425,0.0200023123069,211.968541225,92.2065030374,0.0345345735182,211.968621754,211.968589381,177.634902089,211.968470284,211.968535912,92.2064685688,0.0182358388361,103.51566685
2011-01-02 06:00:00,234.117690681,211.968617856,0.0200105382321,215.038313274,171.694491286,0.00864801129352,211.968533756,0.034490873692,0.0200184478415,211.968582315,238.116001489,211.967982487,85.4838839428,226.166216219,0.0204305523024,107.019230121,211.968558569,211.968544133,0.0200041983047,211.968541826,211.968444241,0.0345402583778,211.968621598,211.96860054,177.634902211,211.968503394,211.968535893,211.968068985,0.0196906814274,138.019489433
2011-01-02 07:00:00,234.117691534,211.968618112,0.0200058407906,215.038275972,171.694515406,0.00864625792124,211.968529169,0.0344918865329,0.024737884072,171.694544366,192.874172908,211.967956459,85.4838838459,226.166216585,0.0165474456162,107.019229628,211.968559697,171.69452866,0.0200045648342,211.968541814,211.968503939,0.0345429877331,211.968617249,211.968592832,177.634902314,211.968510084,211.968535054,211.968271078,0.0198921298217,138.019981498
2011-01-02 08:00:00,189.635322908,211.968619808,0.0200064526009,174.180992967,171.694027901,0.0086444379874,211.968538584,0.0344932398159,0.0200561886302,0.010369318368,192.874163872,211.968091666,85.4838711842,183.194662254,0.0164576804906,86.6855781325,171.694535336,171.694505997,0.0200036765859,211.968542057,211.96851011,0.0345428005216,171.694582346,211.968206286,177.634901448,211.968518053,171.694515027,211.968328235,0.0198692240622,103.515477387
2011-01-02 09:00:00,175.588416848,211.968620999,0.0199981451311,161.279035918,139.07257353,0.00864266967901,211.968476968,0.034494036471,0.0200595450464,0.0100090540155,192.874160009,211.956798154,85.4838119297,183.194653654,0.0100089920008,86.6855761578,171.694529477,0.010120160957,0.0199987743108,211.968549205,211.968521377,0.0345427242925,158.984930362,171.694639239,143.88427214,158.976591411,171.694486194,171.694290647,0.0180516209621,103.515364641
2011-01-02 10:00:00,175.588332671,211.968603386,0.0199977645912,161.278785773,139.072572376,0.00864084634732,211.968507294,0.0344930886015,0.0200909770133,0.0100070623458,192.87415985,171.695279641,64.1132278014,183.194650171,0.010007095452,86.6855726711,171.694523195,0.0100202795887,0.0199986006588,211.968451167,211.96852783,0.0345428786087,0.0100045435622,171.694615122,143.884271332,158.976569779,158.980305104,171.694442504,0.0191895117266,103.515419094
2011-01-02 11:00:00,175.588322551,211.968614206,0.0199988701392,161.279052616,139.072571488,0.00863892168501,211.968502982,0.0344935098608,92.2062960575,0.0100198677267,192.874162821,171.694472497,64.1132254098,183.194648777,0.0100476780712,86.6855725435,171.694532649,0.010089902438,0.0199988675957,211.968339121,211.968532406,0.0345446746675,0.0100047635128,171.694628766,143.884270026,158.976571983,158.980346848,211.954600315,0.0199554158127,103.515501089
2011-01-02 12:00:00,175.588374402,211.968623324,0.0200000650998,174.181029497,139.072569507,0.00863700192037,171.694922421,0.0344943988628,92.2063175518,171.694534611,192.874161667,171.694458131,85.4838057084,183.1946527,0.0165486184176,86.6855783338,171.694538381,171.694510585,0.0199997368541,211.968356149,211.968545013,0.0345471982565,101.979580996,171.694817182,143.884264984,158.976615041,171.694506059,211.968462304,0.0482326100655,237.965650347
2011-01-02 13:00:00,189.635327649,211.968625194,0.0199997987797,174.181073579,139.072571118,0.0086350895762,211.968430868,0.0344950479645,92.20633097,171.694558648,192.874168498,171.694455135,85.4838713027,183.194670708,0.0165774775557,86.6855899041,171.694544697,171.694527238,0.0200002348652,211.968492846,211.968546292,0.0345498843886,171.69458248,211.966927706,143.884267416,158.976688911,171.694523728,211.968502577,0.0488198022082,237.967211322
2011-01-02 14:00:00,234.117652603,211.968626923,0.0200022728854,215.038336596,139.072574077,0.00863323846411,211.968511888,0.0344989901312,211.968530398,233.681686405,192.874264751,171.69445603,85.4838813972,226.166194605,183.723988582,246.030606409,211.968564107,211.968546793,0.0200047661767,211.96853369,211.968548336,0.0345569864192,171.69458449,211.968587376,143.884271295,211.96521404,211.968534016,211.968538543,0.0590445520444,237.967689587
2011-01-02 15:00:00,234.117708729,211.968627423,0.0200272249396,215.038363718,139.072586806,0.00863158004271,211.968548778,211.968545588,211.968544328,233.681711452,211.968556795,171.694464655,85.4838844763,226.166216024,183.723992955,246.030688945,211.968570983,211.968552549,0.0200068511834,211.968559045,211.968552362,0.0345937396498,234.435231883,211.968613227,143.884272741,211.968560716,211.968540989,211.968559088,0.0598058246968,237.967829718
2011-01-02 16:00:00,234.117712236,211.968627232,0.0458457602248,215.038370552,171.694568869,0.00862969611503,211.968559028,211.968554901,211.968548199,233.681721161,211.969919258,211.967839729,85.4838851057,226.166218074,183.723994416,246.030698464,211.968572937,211.968554424,0.0200112539588,211.968585373,211.968555083,0.0423851436812,234.435233122,211.968619116,177.634903247,211.968577169,211.968542926,211.968569042,0.0598775489532,237.967867218
2011-01-02 17:00:00,234.117713193,211.968626727,0.0459587342403,215.03837281,171.694583762,0.00862778250609,211.968574773,211.968551106,211.968550207,233.681724608,238.115366888,211.968522394,85.483885345,226.166216753,183.723994926,246.030703447,211.968573894,211.968555272,0.0200191557887,211.968605678,211.968555995,0.0422989655913,234.435233479,211.968621422,177.634904741,211.968553478,211.968543768,211.968572065,0.0600214371876,237.967865689
2011-01-02 18:00:00,234.117714476,211.968627177,0.0459759402786,215.038373636,171.694586227,0.00862579759168,211.968657576,211.96855423,211.968550331,233.68172615,238.116078622,211.968530535,85.4838850766,226.166212381,183.723995017,246.030707699,211.96857479,211.968555825,0.0200376889056,211.968596976,211.968555877,0.0345702006331,234.435233626,211.968621694,177.634905113,211.96839597,211.968544957,211.968576433,0.0600550255629,237.967792028
2011-01-02 19:00:00,234.117711354,211.968625887,0.0459744440201,215.038373493,171.694586313,0.00862381707367,211.968741945,211.968553268,211.968552016,233.68172616,211.968880046,211.968534486,85.4838848543,226.166208556,183.723994406,246.03070818,211.96857504,211.968555923,0.0200276657397,211.96859085,211.968554903,0.0345573027308,234.435233714,211.968620396,177.634905404,211.968458501,211.968545044,211.968569981,0.0598738594046,237.967700532
2011-01-02 20:00:00,234.11770733,211.968627746,0.0459733125454,215.038371814,171.694585805,0.00862174935012,211.968742957,211.968551393,211.968552795,233.681725474,211.968522613,211.968536604,85.4838847719,226.166207859,183.723993744,246.030708143,211.968574599,211.96855599,0.0200392377471,211.968585204,211.968553362,0.0345522216854,234.43523374,211.968613745,177.634905557,211.968563723,211.968544425,211.968559842,0.0497058008293,237.96684624
2011-01-02 21:00:00,234.117710631,211.96862637,0.0459741208077,215.038369505,171.694587813,0.00861969695165,211.968771879,211.968547073,211.968552255,233.681725725,211.968476723,211.968536928,85.4838849638,226.166202846,183.723993089,246.030709106,211.968573241,211.968555749,0.0207778644812,211.968581797,211.968551748,0.0345508225554,234.435233686,211.968605581,177.634905553,211.968685665,211.968543655,211.968551426,0.0489150140085,237.966649773
2011-01-02 22:00:00,234.117708105,211.96862405,0.0459739788636,215.038363934,171.694587626,0.0086174594961,211.968779812,211.968533458,211.968551148,233.681722967,192.874258567,211.968535531,85.4838845494,226.166188753,183.723992438,246.030709314,211.968571561,211.968555276,0.0458893608794,211.968578582,211.968549619,0.0345495739788,234.435233547,211.968587711,177.634905329,211.968645571,211.968542466,211.968539324,0.0487686467958,237.966595574
2011-01-02 23:00:00,234.117706061,211.96862278,0.0459742564345,215.038354534,171.694585399,0.00861534547304,211.968749114,211.968469796,211.968549369,233.681716148,192.874218529,211.96852746,85.483884939,226.166158903,183.723991221,246.030709868,211.968568693,211.968554757,0.0459702483225,211.968583464,211.968547276,0.0345494563162,234.435233371,211.968568542,177.634904924,211.968668255,211.96854181,211.968533795,0.0487031288503,237.966530686
2011-01-03 00:00:00,234.117705117,211.968622903,0.0459759975116,215.038343995,171.694576218,0.00861326526642,211.968573989,0.0347812574879,211.968546875,233.681707159,192.874246442,211.968508244,85.4838847536,226.166142662,183.72398846,246.030711239,211.968568735,211.968553033,0.0459876621201,211.96857618,211.968547742,0.0345494738756,234.43523303,211.968554654,177.6349047,211.968573271,211.96854148,211.96853676,0.0487305882352,237.966544694
2011-01-03 01:00:00,234.11770089,211.96862239,0.0459750997224,215.038334092,171.694569188,0.00861125778561,211.968570154,0.0346387637682,211.968546591,233.681701714,192.875034326,211.968419635,85.4838847299,226.166105058,183.72398609,246.030711808,211.968567175,211.968550953,0.0459876093276,211.968569374,211.968547469,0.0345484361405,234.435232899,211.96859051,177.634904443,211.968597603,211.968540931,211.968538215,0.0487666932399,237.966529846
2011-01-03 02:00:00,234.11769854,211.968623949,0.0459751113319,215.038329118,171.694547274,0.00860933375429,211.968567786,0.0345239026979,211.968545109,233.681699457,211.96843887,211.968313374,85.4838845464,226.166077132,183.723984757,246.030711287,211.968566104,211.968549702,0.0459872803012,211.96856469,211.968546879,0.0345475941948,234.435232837,211.968584651,177.634904543,211.968642354,211.968540686,211.968540686,0.0488482502238,237.966530662
2011-01-03 03:00:00,234.117702475,211.968626646,0.045976161785,215.038329031,171.694565284,0.00860746664454,211.968569119,0.0345019749935,211.968544953,233.681698513,211.968542102,211.968064118,85.4838845034,226.16608576,183.723982632,246.030711754,211.968567018,211.968548372,0.0459870724486,211.968561889,211.968547432,0.0345484740871,234.435232878,211.968591555,177.634905062,211.968645368,211.968541082,211.968548297,0.0491478747778,237.966549182
2011-01-03 04:00:00,234.117709383,211.968630822,0.0459774457114,215.038330468,171.694587666,0.00860569125754,211.968577099,0.0344977981621,211.968546479,233.68170454,238.116141444,211.968134498,85.4838851064,226.166127658,183.723981204,246.030713324,211.968570425,211.968548592,0.0459871179952,211.968560366,211.968549297,0.0345511637965,234.435233036,211.968579585,177.634905751,211.968725221,211.968541682,211.968572347,211.965278344,237.966601017
2011-01-03 05:00:00,234.117713393,211.968633319,0.0459814668841,215.038334321,171.694590342,0.00860432287154,211.968710234,0.0344968079012,211.968550892,233.681715518,238.116257814,211.968354461,85.483885019,226.16616584,183.723980974,246.030715902,211.9685748,211.968549497,0.0459886466441,211.968559673,211.968552051,0.0345919948342,234.435233384,211.968608197,177.634906244,211.969225492,211.968543319,211.968612442,211.968027793,237.966664525
2011-01-03 06:00:00,234.117716504,211.968636213,0.0460038654139,215.038339565,171.694591693,0.00860312398839,211.968796548,0.034496436068,211.968552164,233.681726053,238.116269673,211.968502849,85.4838858202,226.166167656,183.723980269,246.030717515,211.968576255,211.968550725,0.0459894667455,211.968558736,211.968555561,211.968478382,234.435233511,211.96861183,177.634906531,211.969740943,211.968543803,211.968689523,211.968187507,237.967642379
2011-01-03 07:00:00,234.1177159,211.968635787,0.0460319970326,215.038319377,171.694591317,0.00860160203904,211.9688056,0.034496447954,211.96855396,233.681663387,211.968473514,211.968536124,85.4838861011,226.166170708,148.816427222,246.030717517,211.968576404,211.968479888,0.0459906152962,211.968560646,211.968559162,211.968508885,234.435231769,211.96860743,177.634906651,211.96985103,211.968543151,211.968742056,211.968310266,237.967938785
2011-01-03 08:00:00,189.635305103,211.968635442,0.0460602158509,174.180860021,171.694590103,0.00859963336898,211.968809267,0.0344970843886,171.694542008,233.681667779,192.874204734,211.968545192,85.4838601612,183.194415286,148.816422868,199.284882996,171.694547307,171.694533562,0.0459904859299,211.968561401,211.968563023,211.968479564,189.892539447,171.694536471,177.634906375,211.969933663,171.694508215,211.968802424,211.96817289,237.966596731
2011-01-03 09:00:00,175.588316137,211.968633961,0.0459734345896,0.0101800119028,139.072616591,0.00859771826477,211.968519558,0.0344974932919,171.694531521,233.681551519,192.874194561,211.967833804,64.1130619336,0.0150327872869,148.816420649,199.284880946,171.6945308,171.694529093,0.0372522122983,211.968567587,211.968564494,211.968525264,189.892538793,0.0100719220639,143.884275259,211.967347425,158.979981113,211.968464857,171.694200786,237.966016747
2011-01-03 10:00:00,175.588043516,211.968626053,0.0459678563403,0.010030178979,139.072580705,0.0085956841921,211.968506034,0.034495178674,171.694530757,233.680552207,192.874193963,171.694588914,64.1130328905,0.0100731303581,148.816419869,199.284877577,113.840850346,171.694523789,0.0372499625819,211.968539215,211.968564184,0.0426361523827,189.892535992,0.0100294627626,143.884274346,158.978808848,0.0167607324284,211.968465692,171.694220401,237.966223534
2011-01-03 11:00:00,0.0150251835204,211.968628023,0.0373385561742,0.0100562761267,139.072576593,0.0085937004054,211.968506444,0.0344945329599,171.69453254,233.681565904,192.874197559,171.694534908,64.1130227068,0.0101028520177,148.816421101,199.28487884,171.694508195,171.694526983,0.0372495147513,211.968535679,211.968564886,0.0348582539883,175.826635825,0.0100301433241,143.88427313,158.978061598,158.979682338,211.968492848,171.694499082,237.966588961
2011-01-03 12:00:00,175.588313532,211.96863907,0.0459482398138,161.278927966,139.072574473,0.00859176150721,211.968524706,0.0344942888416,171.695124275,233.681675509,192.874225032,171.694539008,64.1130334276,98.3859172351,148.816423036,199.284884158,171.694547843,171.694533077,0.0372549239,211.968541575,211.968562278,0.0423973081595,189.892537013,0.0100850818776,143.884264721,211.956773972,171.694511065,211.968635069,211.968209496,237.967440202
2011-01-03 13:00:00,189.635333149,211.968640827,0.0459755126352,174.181052884,139.072576223,0.00858992882166,211.968556287,0.0344945460796,211.968549972,233.681719639,211.968656943,211.96775985,64.113067663,183.194596413,148.816431853,199.284896908,171.694558805,171.694966816,0.0459861741719,211.968551722,211.968563698,0.0346092362424,189.892539439,171.694553696,143.884272109,211.968566735,171.694527209,211.968772696,211.96845931,237.967987007
2011-01-03 14:00:00,234.117639146,211.968644892,0.0459974756108,215.038188006,139.072618398,0.00858800652796,211.968813828,0.0344950039729,211.968554745,233.681729861,238.116290994,211.968441591,85.483867395,183.194690485,183.72397219,246.030803054,211.968657716,211.968551992,0.0459948005989,211.968562154,211.968562385,0.0345613553067,189.892541675,171.694607815,143.884274551,211.969731046,211.968545989,211.968958415,211.968543946,237.967992933
2011-01-03 15:00:00,234.117731621,211.968646436,0.0460283433455,215.038377511,171.695228995,0.00858610650028,211.968818088,0.0344962403618,211.968556084,233.681731144,238.1163012,211.968537223,85.4838852249,226.166203214,183.723974584,246.03081083,211.968674957,211.968557209,0.0460073839116,211.968573684,211.968563472,0.0345597192426,234.435256571,211.96870059,143.884277001,211.970050108,211.968551822,211.968898811,211.968519943,237.967943747
2011-01-03 16:00:00,234.117735542,211.968646703,0.0460310297124,215.038387062,171.695245528,0.00858409041481,211.968820233,0.0344976220917,211.968556295,233.681731974,238.116303548,211.968552252,85.4838862728,226.166213218,183.723974748,246.030812696,211.968678285,211.96855829,0.046018756412,211.968593677,211.968566033,0.034560758222,234.435257887,211.968716696,177.634908507,211.970095497,211.968554005,211.96877664,211.968469068,237.967807422
2011-01-03 17:00:00,234.11773583,211.968648422,0.0460227314149,215.038390554,171.695258518,0.00858196468793,211.968820295,0.034498852314,211.968555816,233.681732305,238.116302334,211.96855624,85.4838864759,226.166217277,183.723974446,246.030813715,211.96867974,211.968558557,0.0460080194168,211.968623059,211.968566279,0.0345530476894,234.435258288,211.968723273,177.634909236,211.97011532,211.968555058,211.96868274,211.968363811,237.966958556
2011-01-03 18:00:00,234.117734782,211.968648103,0.0460081892475,215.038391744,171.695241455,0.00857991925353,211.968818685,0.0344973221204,211.968553775,233.681731848,238.116300098,211.968556914,85.4838859778,226.166219748,183.723973849,246.030814478,211.968680669,211.968558879,0.0459953353871,211.96861477,211.96856419,0.0345509108681,234.435258401,211.968726671,177.634909439,211.970124,211.968555565,211.968610603,211.968047307,237.966619706
2011-01-03 19:00:00,234.117731316,211.968640619,0.0459852556006,215.038391558,171.695240267,0.00857779827512,211.968816397,0.0344957106708,211.968553223,233.68173023,238.116296911,211.968557295,85.4838857814,226.166219862,183.723972508,246.030814935,211.968681094,211.968558815,0.0459929379163,211.968589648,211.968562436,0.0345452169761,234.435258494,211.968727553,177.634909533,211.97008854,211.968555663,211.968583652,211.966983989,237.9666241
2011-01-03 20:00:00,234.117727528,211.968644462,0.0459795960769,215.03839068,171.695238583,0.00857563666528,211.968812943,0.0344948677294,211.968551663,233.681728223,238.116291601,211.968556765,85.4838857549,226.16622057,183.723970102,246.030814935,211.9686809,211.968558395,0.0459913624039,211.968577676,211.968560006,0.0345384432253,234.435258494,211.968724876,177.634909495,211.970058072,211.968554813,211.968566314,0.0498525651849,237.966624455
2011-01-03 21:00:00,234.11772871,211.968638736,0.0459756630598,215.038387887,171.695238588,0.0085734302617,211.968811467,0.0344939333528,211.968546957,233.681727286,238.116284287,211.968555786,85.4838858114,226.166219788,183.723966073,246.030814447,211.968680469,211.968557324,0.0459902469061,211.968569915,211.968556721,0.0345221118179,234.435258369,211.968721068,177.634909348,211.970061397,211.96855421,211.968554048,0.0490180061046,237.966613496
2011-01-03 22:00:00,234.117724033,211.968634087,0.0459574342563,215.038382858,171.695237233,0.00857110533179,211.968805683,0.0344856908624,211.968534262,233.681723046,238.116254791,211.968554181,85.4838855343,226.166215355,183.72395909,246.030814109,211.968679532,211.968557015,0.0459843675618,211.968560189,211.968554504,0.0162404217799,234.435258118,211.968713722,177.634909103,211.969925608,211.968553101,211.968539385,0.0488152962123,237.966590804
2011-01-03 23:00:00,234.117721365,211.968632339,0.0200612245831,215.038373539,171.695220409,0.00856887872712,211.968780897,0.0150163578046,211.968486526,233.681714538,238.115472141,211.968548153,85.4838855854,226.166207973,183.723952698,246.03081388,211.968677242,211.968555535,0.0459229786764,211.968556511,211.968551968,0.0150930034845,234.43525762,211.968720107,177.634908698,211.969947521,211.968551951,211.968529162,0.0487605283091,237.966560596
2011-01-04 00:00:00,234.117718764,211.968630351,0.0200211397959,215.038365119,171.695230269,0.00856682933662,211.968567457,0.0150075962807,211.968392709,233.681704128,211.968554115,211.968538399,85.4838854409,226.166204125,183.723946041,246.030813585,211.968674799,211.968553695,0.0424816115763,211.968510387,211.968550844,0.0154847561716,234.435256996,211.968717245,177.634908417,211.969270652,211.968550897,211.968517948,0.0486692406749,237.966331787
2011-01-04 01:00:00,234.117717104,211.968630289,0.0200062955048,215.038356381,171.69458477,0.00856483419795,211.968544135,0.0150064097823,211.968446275,233.681700693,211.968438508,211.968520241,85.4838852354,226.166202602,183.723947699,246.030813608,211.968671552,211.968551813,0.0200429206144,211.968437554,211.968545665,0.0150663179696,234.435256837,211.968715769,177.634908047,211.969636073,211.968550259,211.968506592,0.04862191162,237.958207455
2011-01-04 02:00:00,234.117715604,211.9686313,0.0200033305892,215.038352964,171.694528054,0.00856290019658,211.968530866,0.0150060109079,211.96838313,233.68169926,192.874282411,211.968503212,85.4838851696,226.166199171,183.723951207,246.030813296,211.968670316,211.968549987,0.0200260207591,211.967770578,211.96853547,0.0150497020474,234.435256971,211.968715498,177.634907904,211.969707064,211.968549813,211.968493908,0.0486535146856,237.960127659
2011-01-04 03:00:00,234.117716981,211.968632821,0.0200022457546,215.038349901,171.694529468,0.00856100774893,211.968528904,0.0150059669096,211.968090592,233.681698726,192.874254781,211.968489971,85.4838849762,226.16620117,183.723955301,246.030813194,211.968672498,211.968548871,0.0200216037604,92.2079549081,211.968529609,0.0150384620562,234.435257277,211.968716558,177.63490796,211.969779843,211.968550461,211.968494428,0.0487415265746,237.965612344
2011-01-04 04:00:00,234.117721765,211.968637654,0.0200016701439,215.03835427,171.694566408,0.00855925403363,211.968529991,0.0150057637458,211.968288423,233.681701454,211.967815182,211.968488541,85.4838851262,226.1662036,183.723959677,246.030813334,211.968676839,211.968549092,0.0200198406217,92.2063909903,211.968528164,0.0150330175737,234.435257845,211.968721094,177.634908379,211.969937614,211.968551284,211.968509388,0.0488687331732,237.966376929
2011-01-04 05:00:00,234.117726202,211.968641108,0.0200016943217,215.038362821,171.695236718,0.0085578138346,211.968538634,0.0150056458578,211.96851451,233.681708314,211.96852068,211.968494751,85.4838853055,226.166209812,183.723963006,246.030813819,211.968681312,211.968550465,0.0200212326644,92.2063520876,211.968537673,0.0150314460477,234.435258571,211.968725509,177.634908802,211.970063073,211.968553004,211.968533173,0.0495390121634,237.966302234
2011-01-04 06:00:00,234.117728788,211.968646193,0.0200044641489,215.038365501,171.695238433,0.00855673533367,211.968548137,0.0150062823691,211.968522472,233.681711726,238.114066572,211.968523875,85.483885983,226.16621117,183.723963653,246.03081323,211.96868206,211.968551274,0.0247116988551,92.2063398099,211.968553053,0.0150520851384,234.435258977,211.968728466,177.634908995,211.970090673,211.968553004,211.968562964,0.0596818360228,237.966493725
2011-01-04 07:00:00,234.117728321,211.968644793,0.0200041393945,215.038337917,171.695237872,0.0085550888349,211.968545904,0.015006141583,211.968517339,189.282188824,192.874196011,211.968546222,85.4838860712,226.166212391,148.816405551,246.030811189,211.96868198,171.694539481,0.0247102209303,92.2063365007,211.968554531,0.0150432407381,234.435258163,211.968726068,177.634908957,211.970132609,211.968551767,211.968574195,0.0600332583415,237.965126048
2011-01-04 08:00:00,189.635287597,211.968644024,0.020003843787,174.181025623,171.695234358,0.00855313584485,211.968536008,0.015006261027,158.976345857,189.282176073,192.874190772,211.968551693,85.4838723298,183.194629126,0.0200031288198,199.284950291,171.694635303,171.694526146,0.0200111529889,92.2063353258,211.968553059,0.0150321040686,189.8925604,171.694649223,177.634908202,211.970145404,171.694529348,211.968588125,0.0496440049709,178.474743037
2011-01-04 09:00:00,175.588302278,211.968639277,0.0199983963475,93.5432974151,139.072575156,0.00855109538512,74.687359646,0.0150061023571,92.2063241005,175.261391348,192.874183336,211.96776458,85.4820406075,183.194569448,0.0100133867184,199.284946042,171.694631295,171.694508179,0.0200007652069,92.2063334815,211.968549596,0.0150251097816,189.892559942,0.0101791910162,143.884277216,211.967171699,171.694519031,211.968449785,0.0486582450669,103.515542114
2011-01-04 10:00:00,0.0100990879236,211.9686279,0.0199958442468,0.0100460271074,139.072571825,0.00854906813042,74.6871774968,0.015005217962,92.2063226816,0.0100598505752,192.874167484,171.694582186,64.1130551264,169.625130694,0.0100077442651,199.284942256,171.694624917,158.977002725,0.0199999131074,0.0152356041676,211.968544801,0.0150178408789,189.892559359,0.010035701502,143.884275993,158.978303444,171.694489619,211.968457566,0.0485854411399,103.515623311
2011-01-04 11:00:00,0.0101489552318,211.968629592,0.019992554294,0.010042920165,139.072570028,0.00854711115315,74.6871662107,0.01500423017,92.2063277971,175.261489513,192.874119096,171.694538755,64.1130412665,169.625160571,0.0100689208254,199.284942991,171.694629279,158.979402847,0.0199996939822,0.0150271911959,211.968538054,0.0150119004722,189.892559375,0.0100426712211,143.884275569,158.977826349,171.694496226,211.96850739,0.048729863116,103.515869289
2011-01-04 12:00:00,175.588302388,211.96863893,0.0199940045517,161.278609837,139.072569466,0.00854513858747,74.68716374,0.0150046859474,171.694472583,189.282179003,192.874174534,171.694534473,64.1130489839,183.194593868,148.816398707,199.284945911,171.694634854,171.694520087,0.0200001370781,0.0150193248756,211.968550891,0.0150199975045,189.892560178,158.978630163,143.884275319,158.978152235,171.694527071,211.968584686,0.0491504169616,237.966244014
2011-01-04 13:00:00,189.635341012,211.968639442,0.019997304081,174.181056831,139.07257081,0.00854323733711,74.6871661673,0.0150014766682,171.694510642,189.282192179,192.874195739,171.694534929,64.1134270836,183.194637398,148.8164176,199.284956988,171.694655303,171.69453163,0.0200009163768,0.0150194009209,211.968549474,0.0150168704782,189.892561241,171.694675565,143.884275496,211.968128432,171.694543361,211.968698399,0.0602506691327,237.966491069
2011-01-04 14:00:00,234.117682295,211.968643101,0.0200004777646,174.186538338,139.072575481,0.00854134726207,92.2063012427,0.0150007902534,211.968486426,233.681710656,211.968581723,171.694539905,85.4838746847,226.166201328,183.724699132,246.030795243,211.968682972,211.968547221,0.0200066337059,0.0150179319436,211.968548754,0.0150154040386,234.43523773,211.968783802,143.884276141,211.969873474,211.968550274,211.968774734,0.060718450631,237.966503232
2011-01-04 15:00:00,234.117727963,211.968644167,0.0200021874694,215.03838747,171.694524622,0.00853944834648,92.2063725004,0.0150007907556,211.968487784,233.681716927,238.116309858,211.967570127,85.4838856215,226.166235964,183.724706569,246.030796459,211.968688022,211.968554966,0.020013707463,0.0151954799949,211.968548647,0.0150169333486,234.435268139,223.744505457,177.634892219,211.970116133,211.96855452,211.968705116,0.0615425889102,237.966518864
2011-01-04 16:00:00,234.117730277,211.968643381,0.0200024974703,215.038396802,171.694531146,0.00853753715041,92.2063714044,0.0150009077883,211.968487421,233.681719457,238.116320964,211.968515037,85.4838863659,226.16624197,183.724709205,246.030796026,211.968688772,211.968556511,0.0200307358239,92.2061835762,211.968547913,0.0150187936299,234.435268838,223.744526261,177.634907262,211.970140711,211.968555742,211.968658614,0.0608160084555,237.966438019
2011-01-04 17:00:00,234.117729601,211.968642888,0.0200019084575,215.038399647,171.694530566,0.00853543767248,92.2063617821,0.0150009836598,211.968486439,233.681721,238.116324934,211.968553617,85.4838862228,226.166243768,183.724710462,246.03079535,211.968689,211.968557178,0.0200180470022,92.2062878059,211.96854708,0.0150136611925,234.435269058,223.744534819,177.634907656,211.970113646,211.968555858,211.968636976,0.0604018648401,237.966228207
2011-01-04 18:00:00,234.117726243,211.968642889,0.0200029429925,215.038401231,171.694528048,0.00853335124902,92.2063670882,0.0150021662715,211.968486078,233.681721328,238.116325941,211.968553634,85.4838858674,226.166244598,183.724711312,246.030794946,211.968688653,211.968557384,0.0200221421392,92.2062739262,211.968553179,0.0150127771392,234.435269152,223.744538516,177.634907379,211.970105794,211.968555309,211.968603595,0.0600300086382,237.959860766
2011-01-04 19:00:00,234.117722386,211.968635975,0.0200016850129,215.038401043,171.694515292,0.0085312475011,92.2063374978,0.015000484044,211.968485202,233.681720696,238.116327118,211.968553339,85.4838857015,226.166243801,183.724711325,246.030793687,211.968688471,211.96855743,0.0200086019269,92.2062129278,211.96855113,0.0150076989852,234.435269145,223.74453866,177.634907261,211.970039214,211.968554643,211.968601032,0.0593894426418,103.520486882
2011-01-04 20:00:00,234.117718393,211.968637289,0.0200011252336,215.038399583,139.072585321,0.0085290329677,92.2063063819,0.0150002620928,211.968482844,233.681719979,238.116323989,211.968552401,85.4838857251,226.166244021,183.724710773,246.030791141,211.968687716,211.968557036,0.0200076783922,92.2063009568,211.968547674,0.0150053647287,234.435269076,223.744536327,177.634907057,211.969991724,211.968553,211.968580426,0.0491260341689,103.515632834
2011-01-04 21:00:00,234.117718804,211.968634163,0.0200004940927,215.038397364,171.694503803,0.00852681196739,92.2063086263,0.0150001943677,211.96847777,233.681720145,238.116317139,211.968550741,85.483885756,226.166241959,183.724709834,246.030784206,211.968686919,211.968556675,0.0200076562034,92.2063153514,211.968541157,0.0150034397531,234.435268912,223.74453163,177.634906699,211.969995866,211.968551629,211.968559448,0.0488690368069,103.515497031
2011-01-04 22:00:00,234.11771441,211.968631218,0.0199999686498,215.038391355,171.69448393,0.00852453454579,92.2063079342,0.0150001331029,211.968451515,233.68171783,238.116291243,211.968548155,85.4838853824,226.166236513,183.724709226,246.030769374,211.968685556,211.968556134,0.0200070727599,92.2063260963,211.968524886,0.0150022005631,234.435268644,223.744523536,177.634906051,211.969859893,211.968550413,211.968545812,0.0487805438611,103.515452337
2011-01-04 23:00:00,234.117712307,211.968629905,0.01999949197,215.038383125,139.072581244,0.00852232805149,92.2063044073,0.0150000806978,171.694520116,233.681716011,238.116181875,211.96853995,85.483885343,226.166227804,183.724708774,246.030749173,211.968682398,211.96855503,0.0200067006764,92.2063374375,211.968286494,0.0150014797683,234.435268273,223.744526635,177.634904957,211.969688234,211.968548605,211.968538498,0.0487677744236,103.515377453
2011-01-05 00:00:00,234.117706073,211.968629122,0.019999535427,215.03837458,139.072576573,0.00852025712486,92.206312143,0.0150000260752,211.968432306,233.681712417,238.116120088,211.968525342,85.4838853331,226.166217774,183.724708895,246.030761115,211.968679119,211.968552959,0.020006512212,211.967840208,211.968290211,0.0150021158504,234.435267832,223.744525862,177.634902366,211.969663639,211.968545081,211.968535066,0.0487787316722,103.515407166
2011-01-05 01:00:00,234.11770334,211.968628918,0.0199993117369,215.038365741,139.072575165,0.00851827376096,92.2062977115,0.0149999764388,211.968327708,233.68171004,238.116143909,211.968493643,85.4838852561,226.166209791,183.724708938,246.030742386,211.968672322,211.968551074,0.0200061719479,122.941565254,92.2063453502,0.0150016112756,234.43526754,223.744522027,177.634900838,211.969211967,211.968543441,211.968533725,0.0486988287112,103.515330642
2011-01-05 02:00:00,234.117699816,211.968628734,0.0199988050907,215.038360408,139.072573656,0.00851632995201,92.2061647067,0.0149999762734,211.96791822,233.681708309,238.116068672,211.968439169,85.4838852621,226.16620676,183.724708781,246.030723463,211.968667998,211.968549557,0.0200059776237,122.9412341,92.2063400781,0.0150013974095,234.435267389,223.744523206,177.634899869,211.969147873,211.968543578,211.968539019,0.0487412521551,103.515335108
2011-01-05 03:00:00,234.117703907,211.968629938,0.0199984495921,215.03836072,139.072572654,0.00851441983687,92.2062812593,0.0149999836828,171.694508386,233.68170819,238.1161829,211.96839969,85.4838850239,226.166208073,183.724708537,246.030723349,211.968670948,211.96854809,0.020005988383,122.941572586,92.2063319095,0.0150012519867,234.435267442,223.744525986,177.63490034,211.96955882,211.968544981,211.968549445,0.0488178519196,103.515419538
2011-01-05 04:00:00,234.117711085,211.968632982,0.0199985360587,215.038362845,139.072572042,0.00851261418456,92.2062999098,0.0149999901567,171.694499814,233.681709645,238.116293425,211.96835982,85.4838854287,226.166215062,183.724708748,246.030742447,211.96867873,211.968547784,0.0200063603352,122.941519698,92.2063706338,0.0150014140724,234.435267759,223.744532745,177.634901644,211.96964931,211.968546443,211.968570585,0.0490851910671,103.515474679
2011-01-05 05:00:00,234.117715249,211.968634161,0.0199993183365,215.038369843,139.072571301,0.0085110998669,92.2063069844,0.0150000280075,211.968441615,233.681714203,238.11632981,211.968383148,85.4838855571,226.166226164,183.724709063,246.030764875,211.968685554,211.968548651,0.0200070096331,122.941338666,92.2063296219,0.0150023455912,234.435268353,223.744540244,177.634902906,211.969569344,211.968549624,211.968603618,0.0573183456091,103.515498752
2011-01-05 06:00:00,234.117716573,211.968636602,0.020000822307,215.038370699,139.072574334,0.00851003944051,92.2063281656,0.0150002533311,211.96845565,233.681717031,238.116346276,211.968488319,85.4838860012,226.166228458,183.724708511,246.030759657,211.968686354,211.968548654,0.0200085435137,92.206338104,211.968545645,0.0150152789555,234.435268706,223.744544671,177.634903153,211.969656761,211.968547026,211.968650951,0.0567346250239,103.515691601
2011-01-05 07:00:00,234.117714773,211.968635846,0.0200016456421,215.038334613,139.072537599,0.00850837850302,92.2063189291,0.0150003306501,211.968451448,189.282195368,211.968591433,211.968526347,85.4838862079,226.166228562,148.817012381,246.030740668,211.968685178,171.694540858,0.0200089942128,92.2063345477,211.968548191,0.0150117627086,234.435267649,223.744543011,177.634902519,211.969590819,211.968545827,211.968643331,0.0493631807693,103.51569923
2011-01-05 08:00:00,175.588351887,211.968634936,0.0200021159044,161.27880461,60.4965707301,0.00850641054537,92.206313095,0.0150004372635,74.6871383016,189.282190998,192.874456491,211.968534979,85.4838587483,183.194644848,148.816989095,184.52223403,171.694636812,171.694515215,0.0200061438195,92.2063328728,211.968547441,0.0150080204005,189.892568184,181.233082793,177.634899937,211.969339796,171.694525014,211.968621807,0.0487666707866,103.514879521
2011-01-05 09:00:00,175.588196434,211.968632751,0.019997442496,0.0100411094259,0.0196538455692,0.00850437304798,0.0199812308679,0.0150006445704,0.0217467235764,189.282187509,192.874258622,171.695053178,64.1130735371,183.194624381,0.0100148788197,184.522227529,171.694626396,0.0100407794065,0.0199972050848,92.206337179,211.968546805,0.0150070537242,189.892567597,181.233053106,140.242565148,69.1562276806,171.694495065,211.968449936,0.0215610770091,103.514704157
2011-01-05 10:00:00,0.0100456706218,211.968625926,0.0199926860214,0.0100213322061,0.0196378725306,0.00850236584856,0.0150163529975,0.0150005599977,0.0200129074732,189.282189301,192.87425717,171.694534666,64.1130462446,183.194558171,0.0100076856885,184.522103072,171.69458984,0.0100080455571,0.0199924073524,0.0152894155807,211.968546055,0.015006314713,189.892566874,167.810892759,140.242562798,69.1560818786,158.980322624,211.968437671,0.0212393897263,103.514697486
2011-01-05 11:00:00,0.0100135946196,211.968627327,0.0199713654551,0.0100308334884,0.0196213287611,0.00850024509618,0.0150027616678,0.0150007998505,69.155049876,189.282193869,192.874268936,171.694528573,64.1130299154,183.19458811,0.0100520866668,184.521968562,171.694619282,0.0100085674827,0.0199912455904,0.0151104922521,211.968544751,0.0150057514911,189.892566808,167.80966671,140.242562094,69.1560307254,171.694357609,211.968478889,0.0212611484231,103.514928279
2011-01-05 12:00:00,0.0149853564146,211.968633436,0.019970483837,93.5434914301,0.0196326441427,0.00849847747215,0.015045117104,0.0150017288724,74.687138617,189.282201182,192.874276511,171.694522143,64.1130483956,183.194636635,148.817007328,184.52222446,171.694637346,92.209022416,0.0199960454833,92.2057661116,211.968544092,0.0150128783447,189.892567674,181.233038033,140.242561716,69.1560288369,171.694524435,211.96854302,0.0212280728265,138.019035612
2011-01-05 13:00:00,175.588340926,211.968633008,0.0199800692968,174.181051283,0.0196374560492,0.00849662871308,0.0198774373993,0.0150026551466,92.2063243553,233.681272305,211.968504222,171.694528721,64.1130836501,183.194651868,148.81701794,184.522231673,171.694645596,171.694520511,0.0199988946011,92.2063263638,211.968538473,0.0150085392371,189.892568341,181.233095311,140.242562026,69.1560574431,171.694554709,211.968550892,0.0212386426585,138.019512629
2011-01-05 14:00:00,211.968555906,211.968633047,0.0199968661785,174.181184706,0.0196464785571,0.00849466835961,0.0199857945788,0.0150049864155,92.2063431541,233.681718717,238.116341325,171.695018713,85.4838620185,226.166214468,183.724708185,211.968555515,211.968688568,211.96853941,0.0200015450905,92.2087069349,211.968525927,0.0150063629215,211.968678807,223.744264261,140.242562455,69.1634535046,211.968550824,211.968550187,0.0212739218311,138.019498003
2011-01-05 15:00:00,234.117707987,211.968632694,0.0200019240308,215.03839505,0.0200110369492,0.00849289420057,0.0246384936352,0.0150068994939,92.2063439934,233.681721363,238.116363894,211.96849537,85.4838851816,226.166231927,183.724710698,227.805216707,211.968693759,211.968552804,0.0200079199821,211.968540171,211.968502055,0.0150068075412,234.435269135,223.744786223,140.242566158,92.2080048166,211.968556764,211.968538271,0.0212359798958,138.019384538
2011-01-05 16:00:00,234.117709998,211.968631928,0.0200023029021,215.038405354,0.024242823243,0.00849079783357,0.0200758474509,0.03123386796,92.2063433628,233.681722532,238.116366707,211.96852108,85.483886172,226.166235054,183.724711509,227.805212834,211.968694807,211.968554936,0.020008861735,211.968588643,211.968462255,0.0150084027269,234.43526942,223.744805115,173.138964885,92.2079761338,211.968558538,211.96850918,0.0212331481287,138.019150155
2011-01-05 17:00:00,234.11770804,211.968631228,0.0200015984461,215.038408891,0.0242420720218,0.00848879003802,0.0200097630432,0.0344953990826,92.206342064,233.681723219,238.116367078,211.968528701,85.4838863082,226.166235629,183.724711799,227.805194935,211.968695241,211.96855608,0.0200082772743,211.968634899,92.2064002943,0.01500673408,234.435269472,223.744812304,173.138964948,92.2078867662,211.968558246,211.968461959,0.0212670380745,138.018211405
2011-01-05 18:00:00,234.117704287,211.968627506,0.0200011294794,215.038410525,0.024242806164,0.00848668935045,0.020008267559,0.0344964358205,92.2063404516,233.681723462,238.116367416,211.968528216,85.483886039,226.166235611,183.724711797,227.805160055,211.968695229,211.968556536,0.0200080091096,211.96876635,92.2063162268,0.0150091471464,234.435269446,223.74481645,173.138964882,92.2077714506,211.968557837,211.968371919,0.0211968374092,103.51579064
2011-01-05 19:00:00,234.117699348,211.968619907,0.0200007031531,215.038410412,0.0200017834452,0.00848444884069,0.0200020076637,0.0344963800374,92.2063373748,233.681722634,238.116365306,211.968526182,85.4838858338,226.166234082,183.724711292,211.968574536,211.96869521,211.968556656,0.0200067051348,211.968783631,52.2183220827,0.015006075047,234.435269358,223.744816292,173.138964512,92.2066646162,211.968555422,211.968021247,0.0211752086601,103.51562084
2011-01-05 20:00:00,234.117694897,211.968615152,0.0200002366644,215.038409247,0.0199980951849,0.00848229757494,0.0200027772161,0.034496236405,92.2063298129,233.681721696,238.116361236,211.968522231,85.4838857413,226.166233219,183.724710363,211.968551976,211.968694891,211.968556282,0.0200054040822,211.968681811,52.2182955685,0.0150045508082,234.435269199,223.744811956,173.138964116,92.2071056599,211.96855219,211.941885313,0.0209188213761,103.515528151
2011-01-05 21:00:00,234.117694956,211.968570097,0.019999782022,215.038407242,0.0199993694424,0.0084801700314,0.0200076113149,0.0344960578752,92.2063228487,233.681721154,238.116356294,211.968515102,85.483885782,226.166230419,183.724708869,211.968533675,211.968694372,211.968556282,0.0200047005758,211.968621523,52.2182860555,0.0150024806794,234.435268975,223.744806453,173.138963675,92.2072809701,211.968550773,92.206452912,0.0192377724321,103.515497455
2011-01-05 22:00:00,234.117688691,211.968557296,0.0199993601764,215.038401741,0.0199998042889,0.00847792688238,0.0200161025728,0.0344959615606,92.2063110205,233.681719118,238.116348618,211.968501654,85.4838853814,226.166224695,183.724707239,211.968515629,211.968693034,211.968555245,0.020002403181,211.968598671,52.2182802532,0.0150014870049,234.435268643,223.744794176,173.138962954,92.2067983657,211.968548502,92.2063392365,0.0184941755639,103.515479809
2011-01-05 23:00:00,234.117681081,211.968552059,0.0199989731985,215.038392509,0.0199943935441,0.00847579308833,0.0200329453886,0.0344959015326,92.2056195141,233.681715359,238.116335594,211.968440088,85.4838853509,226.166216168,183.724705736,211.968516763,211.968689438,211.968554486,0.0200011109424,211.96859414,52.2182740618,0.0150009540088,234.435268222,223.744802155,173.138961348,92.2065489018,211.968546298,92.2063139521,0.019213688849,103.515463877
2011-01-06 00:00:00,234.117665012,211.968546478,0.0199985327539,215.038384465,0.0200002440369,0.00847372808156,0.021612706148,0.03449522598,0.0200710289013,233.681710753,238.116278942,211.959669717,85.4838852261,226.166209923,183.724704313,211.968527388,211.968685373,211.96855271,0.0200009128296,211.968581437,52.218263377,0.0150013072786,234.43526752,223.744793065,173.138957914,92.2068640739,211.968543704,92.2063317102,0.0202325480928,103.515387944
2011-01-06 01:00:00,234.117642905,211.968540375,0.0199986979663,215.038376617,0.0199995688159,0.00847169519268,92.2049283885,0.0344959582921,0.0200105331049,233.68170792,238.115789132,171.694871971,85.4838850763,226.166206486,183.724703217,211.96852086,211.968676869,211.968550394,0.020000455382,211.968572806,52.2178509793,0.0150011695956,234.435267034,223.744793869,173.138913171,0.018572359376,211.968539949,92.2063067988,0.0187755345834,103.515334657
2011-01-06 02:00:00,234.117590472,211.968524414,0.0199991023011,215.0383736,0.024210330582,0.00846972206493,92.2062849333,0.034496067108,0.0200029145552,233.68170633,211.968550458,171.694692932,85.483885204,226.1662004,183.724702473,211.968506385,211.968667366,211.968548962,0.0200003434354,211.968567896,0.0150179959212,0.0150010058553,234.435266537,223.74479127,140.242666324,0.0154540482819,211.968538407,92.2062909632,0.0205637068847,103.514238777
2011-01-06 03:00:00,234.117477405,211.968463534,0.0199999215744,215.038371111,0.0199988189607,0.00846783029494,92.2062984049,0.0344962386317,0.020000356563,233.681704995,211.96851673,171.694562177,85.4838852511,226.166196641,183.724702034,211.968497845,211.96866434,211.968547422,0.0200003874979,211.968564235,0.0150100849412,0.0150009672939,234.435266292,223.744793225,173.13894731,0.0154357875633,211.968535724,92.2063073835,0.0207154813523,0.0269922155641
2011-01-06 04:00:00,234.117494431,92.2070036296,0.0200014345806,215.038374103,0.0199790181567,0.00846606406455,92.2063089836,0.0344963137729,0.0199988288267,233.681705627,211.968510137,171.69447717,85.4838856534,226.166194189,183.724702078,211.968505831,211.968678111,211.968547354,0.0200004874951,211.968558447,0.0150064968647,0.0150012056448,234.435266221,223.744808201,173.138953705,0.015254418787,211.96853338,92.2063436134,0.0209726322172,0.0271595921872
2011-01-06 05:00:00,234.117471565,92.2063651223,0.0200065243397,215.038379679,0.0199600812239,0.00846461866707,92.2063153905,0.03449670207,0.0199974370961,233.681708605,211.968538947,171.694429819,85.4838853348,226.16619236,183.724703543,211.968535863,211.968690968,211.968548028,0.0200011070071,211.968555314,0.0150064669247,0.0150022506175,234.435266477,223.74482639,173.138956366,0.0150798526776,211.968530133,92.2064177261,0.0209521826989,0.033266686415
2011-01-06 06:00:00,234.117560218,92.2063546978,0.0458805444176,215.038381525,0.0200044258348,0.00846346917753,113.83487296,0.0344982194634,0.0199962253827,233.681709415,238.116168931,171.694410106,85.4838855218,226.166184593,183.724701638,211.968539716,211.968692892,211.968547937,0.0200060693728,211.968558844,0.0150182073093,0.0150174919815,234.435266614,223.744826405,173.138953165,0.0150591121662,211.968521826,113.827554678,0.0207549448622,0.0314232476673
2011-01-06 07:00:00,234.117633557,92.2063523785,0.0459773639147,215.038346226,0.0197359677927,0.00846189163665,113.834875548,0.034513033694,0.0199945646885,189.28218656,192.874048397,211.967786227,85.4838859633,226.166159748,148.817012127,211.96852183,211.968691071,171.694529993,0.0200067064175,211.968566874,0.0150660175115,0.0150227466156,234.435244302,223.744825061,173.138957052,0.0150498406183,211.968521678,92.206551793,0.019256506341,0.0229976700682
2011-01-06 08:00:00,175.588332955,92.2063494354,0.0459801845593,174.180863343,0.0196395113993,0.00845987253212,113.834876785,0.0345167801726,0.0150030696257,189.282180154,192.874035352,211.968178775,85.4838793532,183.189093056,148.816981844,184.522234367,171.694643251,171.694511821,0.0200070419242,211.968564888,52.2181754707,0.0150211314821,189.892566439,181.23331731,140.242562853,0.0150647540244,171.694549201,92.2063354606,0.0151048219305,0.0199487800005
2011-01-06 09:00:00,175.588329057,92.2063376281,0.0459825023847,0.0102804052102,0.0196364350732,0.00845790168214,113.834873647,0.0345003378894,0.0150008732709,189.282154204,192.874026997,171.693870246,85.4838698294,98.3835062379,0.0199920044887,184.522235814,171.694609602,0.0100123607136,0.0200072402717,211.968558698,52.2182530412,0.0150218082126,189.892565626,181.233300523,140.242559137,0.0150911575469,171.694548997,0.0150736015031,0.0149981234211,0.0197941836602
2011-01-06 10:00:00,175.588319114,0.0153017465727,0.0459857332106,0.0100324473149,0.0196358375581,0.00845584152282,113.834693235,0.0344972164578,0.0150012630297,189.281841867,192.874020702,171.693745218,85.4838303635,0.0100860134426,0.0199631987859,184.522237382,0.0150874364792,0.0100053392783,0.0200078137284,158.975820029,52.2182608186,0.0150228728433,189.892563798,181.233280169,140.24255867,0.0150972514568,171.694550204,0.0150197660381,0.014995455933,0.0197157956523
2011-01-06 11:00:00,175.588308975,0.0150342679907,0.0460089448513,0.0100359985089,0.019635431975,0.008453901797,92.2063084605,0.0344966950009,0.0150231069543,189.282169494,192.874007466,171.693723665,85.483845599,0.0149200418341,98.6648889655,184.522241943,171.694590681,0.0100061948149,0.0200113340623,92.2062888114,52.2182660053,0.0150255449805,189.892564193,181.233306385,140.242558408,0.0150912722232,171.694554332,0.0150125181747,0.0149968403377,0.0197683865862
2011-01-06 12:00:00,175.588363096,0.0150174178721,0.0460396619237,161.278615422,0.0196362158717,0.008451957723,92.2063042901,0.034499059429,0.0199697624736,189.282181727,192.873998803,171.693716032,85.4838725864,183.189065746,148.817010861,184.522248739,171.694647381,0.0102495841235,0.0457240238657,92.2062555261,52.2183187357,0.0150522081923,189.892565689,181.233323448,140.242558392,0.0150412890825,171.694563107,0.0150259947289,0.0150093584604,0.0198934646455
2011-01-06 13:00:00,189.635301831,0.0150086237542,0.0460468777901,174.181068889,0.0196356498358,0.00844999702308,92.2062630613,0.0344987159959,0.0199835982164,211.968009079,192.874035443,171.693711648,85.4838810397,183.189100109,148.817026266,184.522254314,171.694697367,171.694520516,0.0459925759319,92.2062829774,92.1970923505,0.0150487310501,189.89256645,181.233345283,140.242558559,0.0150310738188,171.694649915,0.0150250476815,0.0150316129544,0.020034279277
2011-01-06 14:00:00,211.968562848,0.0150050652807,0.0460470223119,215.032455173,0.0196368211691,0.00844818053679,92.2062669854,0.034507608614,0.0199967470084,233.681700331,211.968544548,171.693713235,85.4838832637,226.159363567,183.724732937,211.968543688,261.689082405,211.968544023,0.0459959431554,92.2063421453,92.206303067,0.0150406386823,189.892569403,223.744785501,140.242558847,0.0150259045486,211.968535099,0.0150280138241,0.0150423870739,0.0200767521874
2011-01-06 15:00:00,234.117706151,0.0150029667715,0.0460488738461,215.038421342,0.0196399893351,0.00844649216718,92.2062581269,211.96854951,0.0199986068806,233.681704814,238.116094447,171.693755001,85.4838856727,226.159378474,183.724742204,211.96857493,261.689105045,211.968558274,0.0460001246358,211.968443141,92.20635164,0.0150570609049,234.435265945,223.744879851,140.24255967,0.0150253372442,211.968545525,0.0150275287647,0.0150375018064,0.0201184147578
2011-01-06 16:00:00,234.117710516,0.0150023300977,0.0460484272165,215.038433847,0.0196720071847,0.00844450053935,92.206257684,211.968556558,0.0199996123349,233.681706362,238.116098306,211.967510145,85.4838861428,226.159380814,183.724745377,211.968559021,261.689108769,211.968560987,0.0460043517764,211.968565086,211.968203546,0.0152557037256,234.435266858,223.744891354,173.138959676,0.0150263676625,211.968547887,0.0150252806215,0.0150295341546,0.0200953449858
2011-01-06 17:00:00,234.117711402,0.0150019877103,0.0460398594367,215.038436541,0.0199979635601,0.00844232672057,92.206262518,211.968558253,0.0200006931677,233.681707223,238.116100253,211.96752437,85.4838860767,226.159380376,183.724746916,211.968545249,261.689108385,211.968561849,0.046003697526,211.968582166,211.967797211,0.0342392334806,234.435266976,223.744897926,173.138960948,0.0150287534624,211.968547874,0.0150227825731,0.0150244582663,0.0200781407399
2011-01-06 18:00:00,234.11771077,0.0150012497835,0.0460426666963,215.038439286,60.4965195067,0.0084402777081,92.2063029854,211.968549931,0.0200110812894,233.681707143,238.116102207,211.967521567,85.4838858902,226.159380701,183.724747924,211.968551302,261.689109568,211.968562296,0.0460042188734,211.96859085,211.968521737,0.0343612984053,234.435267002,223.744900818,173.138961221,0.0150285687202,211.968544984,0.0150200744158,0.0150198997546,0.0200584456968
2011-01-06 19:00:00,234.117707432,0.015001070879,0.0460027251263,215.038438939,60.4965223542,0.00843815839265,92.2063258245,211.968557191,0.0200106331678,233.681706493,238.116101712,211.967515044,85.4838855179,226.159377973,183.724748046,211.968534627,261.689075141,211.968562292,0.0459969247487,211.968590431,92.206317342,0.0345315564486,234.435266957,223.744897073,173.138961306,0.0150289647579,211.968544684,0.0150190436477,0.0150118341915,0.0200325520148
2011-01-06 20:00:00,234.117705803,0.0150012682521,0.0459807395245,215.03843775,60.4965227997,0.00843602121131,211.964129126,211.968557018,0.0200051619353,233.681705609,238.116099848,211.967498389,85.4838852211,226.159376905,183.724747425,211.968375778,211.968677409,211.968562266,0.0459956312723,211.968584501,69.1545391714,0.034546880646,234.435266809,223.744883062,173.138961247,0.0150253703679,211.968542661,0.0150178224013,0.0150032672422,0.020011103647
2011-01-06 21:00:00,234.117711517,0.0150011671175,0.0459796815902,215.038434897,60.4965242765,0.00843377678506,211.968501254,211.968554768,0.0199992512796,233.681704806,238.116098126,211.967442608,85.4838850994,226.159373863,183.724746316,184.522436081,211.968584222,211.968561728,0.0459949235509,211.968572139,52.2182859076,0.0345512335828,234.435266497,223.744866172,173.138960916,0.0150296197387,211.968542125,0.0150158982937,0.0149987030797,0.0200001449335
2011-01-06 22:00:00,234.117708627,0.0150010202559,0.0459786633686,215.038427346,60.496525287,0.00843141717732,211.968517278,211.968532946,0.0199945769344,233.681702967,238.116092597,211.966691957,85.4838845938,226.15936415,183.724745164,184.522338046,211.968568458,211.968560821,0.0459706057029,211.968556353,52.2182670014,0.0345524871628,234.435265947,223.744873363,173.138959876,0.0150325265067,211.968539404,0.01501493977,0.0149941879444,0.0199922958979
2011-01-06 23:00:00,234.117707652,0.0150011041073,0.0459794500654,215.038415848,60.4965253525,0.00842931908799,211.968521697,0.0345094499234,0.0199861427909,233.68169957,238.116082628,166.016930664,85.4838849795,226.159327268,183.724743911,184.522319513,211.968560758,211.968559768,0.0372713884628,211.968544996,52.2182643335,0.0345519240183,234.435264445,223.744855735,173.138956675,0.0150397064387,211.968539003,0.0150164350706,0.0149928261388,0.0199858088813
2011-01-07 00:00:00,234.117706526,0.0150011916352,0.045979189097,215.038406902,60.4965297609,0.00842718710988,211.968525497,0.0345015265122,0.0199888874225,233.681696667,238.116054708,166.016722955,85.4838848372,226.158889174,183.724744244,184.522307647,211.968591287,211.96855693,0.0372774325199,211.968490682,52.2184313749,0.0345428756649,234.435263123,223.744834394,173.138940234,0.0150682922319,211.96853981,0.0150184150343,0.0149923705562,0.0199862935093
2011-01-07 01:00:00,234.117705128,0.0150018124058,0.0459808823325,215.038398957,60.4965232657,0.00842516710409,211.968526758,0.0344988974139,0.0199843851477,233.681693741,238.115980816,166.01665665,85.4838848285,211.968422343,183.724744003,184.522331063,211.968568603,211.96855415,0.0372672860637,211.9670838,92.2061466967,0.0344374204139,234.435262078,223.744827355,140.242590961,0.0151907126611,211.96854123,0.0150224869937,0.0149915415554,0.0199797553558
2011-01-07 02:00:00,234.11770568,0.0150026265702,0.0459830938273,215.03839731,60.4965130353,0.00842323034342,211.968525904,0.0344974601323,0.0199843367083,233.681692127,238.114572866,166.016628583,85.4838847575,211.96816024,183.724744321,184.522619555,211.968560884,211.968552597,0.0372684332232,92.2064741935,92.2062766382,0.0154077219899,234.435261148,223.744826268,173.138815294,0.0154773693127,211.968544629,0.0150397660079,0.0149918968728,0.0199798795295
2011-01-07 03:00:00,234.117708684,0.0150038982512,0.0459867743969,215.03840107,60.4962727452,0.00842134131633,211.968523783,0.0344965708531,0.0199863332754,233.681690965,211.968655976,166.01661767,85.4838847878,211.969206119,183.724745333,211.968366688,211.968560707,211.968551661,0.0459841122275,92.2063554015,92.2062754796,0.0151139291873,234.435261454,223.744833078,173.138953614,0.0159249476526,211.96854872,0.0150943109225,0.0149962660111,0.0199898145621
2011-01-07 04:00:00,234.11771402,0.0150080719638,0.0459945570482,215.03840972,60.4964631882,0.00841968607197,211.968520446,0.0344917380755,0.0199891190252,233.681690685,238.113113099,166.016605228,85.4838851507,226.159278488,183.724746787,211.968518623,211.968574475,211.968552151,0.0459951436747,92.2063469768,92.2062494515,0.0151596239388,234.435263271,223.744862849,173.138958858,92.2057047865,211.968553989,0.0153821327154,0.0150074184738,0.0200132806241
2011-01-07 05:00:00,234.117719074,0.0150190286778,0.0460200355438,215.038420645,60.4965187365,0.00841813902955,211.96851615,0.0260222891704,0.0199953542866,233.681690994,238.115869806,166.016602073,85.4838850286,226.159344867,183.724748387,211.968569389,261.689121704,211.968553573,0.0459982934494,92.2063392259,69.1535800939,0.0345153699098,234.435265749,223.744893201,173.138960138,92.2066603,211.9685631,0.0186839731368,0.0150227216791,0.0200627402235
2011-01-07 06:00:00,234.117723408,92.206339881,0.0460287315828,215.038427914,60.4965172356,0.0084170183528,211.968510161,0.0150094454646,0.0199995566706,233.681688479,238.115853316,166.016612188,85.4838852704,226.15936043,183.724748849,246.03064045,261.689143689,211.968556432,0.0460204103834,92.2063904692,92.2061708261,0.0345534265537,234.435266657,223.744916592,173.138960644,92.2069191803,211.968568494,0.019149232801,0.0150347508079,0.0201483389548
2011-01-07 07:00:00,234.117725972,92.2063409557,0.0460222867845,215.038408973,60.4965068342,0.0084152732256,211.96851686,0.0150133959021,0.0200047914724,189.282145721,158.976479091,166.019002329,85.483885867,226.159361137,148.81705688,246.03067559,261.689144758,211.968530468,0.0460456565598,92.2064073962,69.1507686848,0.0345559369862,234.435251714,223.744919466,173.138960611,92.2070474618,211.968578191,0.0190537981392,0.0150578850718,0.0202996331733
2011-01-07 08:00:00,189.635373664,92.2063415401,0.046017329315,174.181194369,0.020018553184,0.00841331484977,211.968516344,0.0150100822958,0.02000527664,189.282112914,103.580623497,204.958342324,85.483879398,183.189085952,148.817050397,211.968528998,211.968530869,211.968516084,0.0460407660309,92.2067023285,52.2182603916,0.0345553924878,189.892567289,211.967197999,173.138958501,92.2070573256,211.968556231,0.0158321395797,0.0150663116075,0.0206861949284
2011-01-07 09:00:00,189.635357861,92.2063430519,0.0459880161952,174.181146159,0.015071425533,0.00841139274997,211.968516311,0.0344867928692,92.2062114422,0.0100337715267,0.0200148535727,134.473700774,85.4838673792,183.18905865,148.81704844,211.968453749,211.968226887,171.694716291,0.0460186681691,113.835871893,52.2182574087,0.034559015765,189.892566833,181.233423367,140.242559047,92.2070825402,211.968543981,0.0156737985075,0.0150793665956,103.515221488
2011-01-07 10:00:00,189.635201988,92.2063460638,0.0459827035722,174.181128975,0.0150259304366,0.00840931929108,211.968511828,0.0344906412313,92.2063265903,0.0100181151702,0.0200041734529,134.473369626,85.4838122276,169.625279142,148.817048524,199.284955452,211.968221116,171.694557236,0.0460166339514,92.2064421198,52.2182593094,0.0345635061588,189.892566647,181.233418894,140.242558611,92.2071043129,211.968493533,0.0157196232995,0.0151022220178,103.515422828
2011-01-07 11:00:00,175.588683472,92.2063502941,0.0459776913345,174.181111455,0.0150235023785,0.00840733446924,211.968497065,0.0344909742103,92.2063370968,175.261276559,0.0200060599248,134.473358049,85.4837221576,169.625327096,148.817050433,211.968483346,211.968222243,171.694546661,0.0460115067394,92.2064036684,52.2182787469,0.0345771977244,189.892566636,181.233417619,140.242558475,92.2070797576,211.968537969,0.0160664729431,0.0151554914881,103.515483401
2011-01-07 12:00:00,189.635353425,92.2063527449,0.045873494358,174.181133814,0.0150239971665,0.00840529894735,211.968414022,0.0344961100075,211.968542529,189.282139058,0.0200287903327,134.473358656,85.4838536578,183.189062987,148.81706375,246.030691982,211.968230062,171.694549277,0.0459976727778,92.2071960861,52.218281369,0.0346170165456,189.89256689,181.233416988,140.24255849,92.2069528424,211.968554286,92.2063038206,0.0152693269063,103.515486391
2011-01-07 13:00:00,211.968384614,92.2063565859,0.0201431736228,174.181294281,0.0150224997675,0.0084033246455,92.2063141899,0.0344941881483,211.968560952,189.282149782,158.976456721,134.4733552,85.4838717035,183.189112475,183.724710617,246.030741873,211.968542329,211.96853385,0.0459961218598,92.2063882101,52.2183317077,0.0350507967197,189.892567379,181.233431308,140.242558646,92.2070561543,211.968560322,92.2063113583,0.0158631774358,103.515519378
2011-01-07 14:00:00,234.117710474,92.2063680009,0.0200990516149,215.038385838,0.0150248123211,0.00840151750284,92.2063087415,0.0344786344514,211.968567495,233.681657979,158.976730273,134.473357745,85.4838806104,226.159346896,183.72474616,246.030751337,261.689173888,211.968553388,0.0459950387168,92.2063917811,92.2063233733,0.0355908997801,211.968530679,223.744634578,140.242559021,92.2070641731,211.968582864,92.2062830893,0.02088854186,103.515969145
2011-01-07 15:00:00,234.117743666,92.2070502787,0.0200614298908,215.03843355,0.0185432589903,0.00839990070642,92.2063054963,0.0150649364979,211.968570374,233.681661355,211.968600458,134.473361639,85.4838850233,226.159376653,183.724748069,246.030754145,261.689182045,211.968558361,0.0459932799033,211.967877004,211.968536042,211.954752512,234.435267511,223.744939354,140.24256064,92.2069888969,211.968625122,92.2062359202,0.0212483364891,237.966366312
2011-01-07 16:00:00,234.117752083,113.83719358,0.0200572670994,215.038440961,0.0185437039203,0.00839789964217,92.2063022428,0.01501113507,211.968571085,233.681662799,211.968610701,166.016419722,85.4838856497,226.159382231,183.724748207,246.030753931,261.689184059,211.968559876,0.0459855844138,211.968511643,211.968552195,211.968097061,234.435267993,223.744945568,173.138960665,92.2064764484,211.968633435,92.2053831737,0.021652828126,237.966605641
2011-01-07 17:00:00,234.117742255,211.967895451,0.0200198180734,215.038440375,0.0185399791255,0.00839605428135,92.2063040318,0.0150072315026,211.96857102,233.681663379,211.968613834,166.016488114,85.4838856696,226.159384212,183.724747888,246.030751156,261.689184135,211.968560339,0.0459306938754,211.968544191,211.968554826,0.0345822109858,234.43526808,223.744949341,173.138961205,92.2060162578,211.968616345,74.6885261299,0.0471736922323,237.966651777
2011-01-07 18:00:00,234.117729853,211.968456073,0.0200176966512,215.038440752,0.0185376901995,0.00839405350856,92.2063021831,0.0150125051996,211.968570244,233.681663365,211.968620664,166.016488266,85.4838853664,226.15938503,183.724746505,246.030750639,261.689184273,211.968559773,0.0203508718837,211.968565285,211.96855367,0.0345592728933,234.435268078,223.744947855,173.138961267,92.2068883605,211.968595985,74.6892983973,0.0472040742965,237.966666765
2011-01-07 19:00:00,234.117724413,92.2065130822,0.0200089471826,215.038438287,0.0150238009672,0.00839186045131,92.2063110414,0.0150061159145,211.968568252,233.681662659,211.968617188,166.016487969,85.4838851302,226.159382662,183.724745304,246.030749705,261.689181716,211.968560075,0.0200203153026,211.968554403,211.968554897,0.0345352197106,234.435267985,223.744934376,173.138961163,92.2070807627,211.968575389,92.2043940854,0.0480746082322,237.966681387
2011-01-07 20:00:00,234.117720308,92.2063738677,0.0200080396606,215.038434233,0.0150062820792,0.00838961324654,92.2063084784,0.0150047729144,211.968565645,233.681662046,211.968613546,166.016486864,85.4838849394,226.15937946,183.724743021,246.030744222,261.689177084,211.96855987,0.0200142649187,211.968540516,211.968554861,0.0150433752097,234.435267824,223.744893456,173.138960969,92.2071034189,211.968565287,74.6886713891,0.0481033288632,237.966697159
2011-01-07 21:00:00,234.11772287,92.2063596918,0.0200039281094,215.038429375,0.0150045320823,0.00838742260111,92.2063083306,0.015004067956,211.968559209,233.681661642,211.96861076,166.016485083,85.4838847534,226.15937673,183.724739218,246.030736974,261.689168498,211.968558688,0.0200383202922,211.968521816,211.968554071,0.0150270000198,234.435267536,223.744867621,173.138960539,92.2070995539,211.968564552,74.6894308594,0.0484296208068,237.966689734
2011-01-07 22:00:00,234.117718568,92.2063552579,0.02000242991,215.038420379,0.0150033703568,0.00838518492046,92.2063033287,0.0150031006498,211.968546511,233.681660419,211.968606264,166.016482997,85.4838850016,226.159362287,183.72473595,246.030726217,261.689129521,211.968557777,0.0200154173601,211.968488373,211.968552516,0.0150069064065,234.435267059,223.744826712,173.138959709,92.2070365685,211.968561716,92.2061897246,0.0484762563657,237.966669855
2011-01-07 23:00:00,234.117716041,92.2063543242,0.0200010725663,215.038407727,0.0150018125559,0.00838304343642,92.2061011248,0.0150031921926,211.967500139,233.681658152,211.968596338,166.016474783,85.4838846331,226.159296097,183.724733841,246.030722006,211.968764165,211.968555079,0.0200098694189,211.968496822,211.968548917,0.0150024793524,234.435266389,223.744796657,173.13895746,92.2068855178,211.968557303,92.2063006496,0.0485289290291,237.966643821
2011-01-08 00:00:00,234.117711108,92.2063495842,0.0200001573364,215.038397543,0.0150012135197,0.00838100581139,0.0200016656569,0.0150025693265,171.694531817,233.681655772,211.968598772,166.016453932,85.4838848209,226.159236682,183.724724046,246.030728779,211.968731046,211.968552571,0.0200095498226,211.942939549,211.968542412,0.0150083041798,234.435264802,223.744753243,140.242649487,0.0160169546544,211.968552721,92.2065818241,0.0484770679189,237.966618967
2011-01-08 01:00:00,234.117709169,92.2063512368,0.0200001174863,215.038390983,0.0150006540522,0.00837896038759,0.0199667380246,0.0150020091436,171.694527173,233.681653572,211.968593006,166.01617055,85.4838846036,226.159174279,183.724726802,246.030722011,211.968628311,211.96855085,0.0200089083634,211.968215925,211.968494822,0.0150046882558,234.435263851,223.744737716,173.138902722,0.0160523572686,211.968549886,92.2064412793,0.0485813881523,237.966582261
2011-01-08 02:00:00,234.117707045,92.2063516411,0.0200000380897,215.038385099,0.0150004420662,0.00837702208558,0.019914454729,0.015002839999,171.69452532,233.681651842,211.968581472,134.473411317,85.4838845718,226.158880989,183.724730166,246.030713335,211.968610152,211.968549145,0.0200086832893,211.968329329,92.206354928,0.0150031222848,234.435264032,223.744723215,173.138957449,0.0172160367905,211.968551461,211.967103175,0.0486460212088,237.966460554
2011-01-08 03:00:00,234.117709452,92.2063559901,0.0199993361978,215.038385578,0.0150003645263,0.00837504753458,0.019905005937,0.0150034637325,171.694525761,233.68164994,211.968570078,134.473378953,85.4838842416,226.159228644,183.724732213,246.030718967,211.968592822,211.968547485,0.0200084174558,211.968432732,92.2062889761,0.0150032032338,234.435263963,223.744746148,173.138959645,0.0152986214006,211.968553916,211.968031518,0.0487031785062,237.966033747
2011-01-08 04:00:00,234.117713943,92.206364939,0.0199987717124,215.038390045,0.0150003773746,0.00837313817536,0.0199014916883,0.0150019948727,171.694526592,233.681647972,211.968564146,134.473372768,85.4838842001,226.159313327,183.72473328,246.030713617,211.968592288,211.96854613,0.0200078721396,211.968362199,52.2182509286,0.0150027884428,234.435264782,223.744726879,173.13896012,0.015137510641,211.968555855,211.968307923,0.0487449587651,211.968577259
2011-01-08 05:00:00,234.117718106,92.2065204887,0.0199983691157,215.038396056,0.0150004354356,0.00837133924453,0.0198997757964,0.0150011131196,171.694538198,233.681645219,211.968560784,134.473369237,85.4838838177,226.159337027,183.724732934,246.030721763,211.968626014,211.968545757,0.0200069328542,211.967033066,52.2182262648,0.0150029371878,234.435265979,223.744806068,173.138960262,0.015069687596,211.968559345,211.968433993,0.0487845285431,103.518153438
2011-01-08 06:00:00,234.117727734,211.968154947,0.0199986990386,215.038408026,0.0150007709765,0.00836958560683,0.0198992421787,0.0150008657616,211.968535094,233.681638893,211.968572215,134.473431594,85.4838838137,226.159351012,183.724729563,246.030731762,261.689162737,211.968543914,0.0200079790787,92.2063620485,52.2182241429,0.0150106903696,234.435266644,223.744852622,173.138960662,0.0150472827732,211.968564019,211.968448791,0.0487345720968,103.516039381
2011-01-08 07:00:00,234.117740188,211.968174068,0.019999254301,215.038367672,0.0150009646307,0.00836798622154,0.0198996564904,0.0150004576878,211.968542047,189.282084976,158.974817689,134.473421902,85.4838839971,226.159365259,148.817028098,246.030739348,261.689135849,171.694516172,0.0200073105881,92.2063397909,52.2182167519,0.0150157032756,234.435245762,223.744892883,173.138960551,0.015049956151,211.968569189,211.968446687,0.0487020912168,103.515719237
2011-01-08 08:00:00,234.117696147,211.968462187,0.0199997709335,174.181136941,0.0150009211786,0.00836631867482,0.0198999770898,0.0150003588542,211.968494257,101.649010824,0.0200384599379,134.473536749,85.4838762999,183.189099375,148.817022445,246.030687603,211.968263357,171.682691068,0.0200038823569,92.2063370108,52.2182137819,0.0150245874879,189.892567321,223.744753775,173.138957953,0.0150304243889,211.968560317,211.968442311,0.0478037782851,103.51543202
2011-01-08 09:00:00,234.117690006,211.967592299,0.0199959380048,174.181118981,0.0149999856502,0.00836461528902,0.0150167170508,0.0150003379072,211.968486104,0.0100082861425,0.0199765920449,134.473357664,85.4837842007,183.189090936,148.817017946,246.028816891,211.968259413,0.0100112079109,0.0199996424504,92.2063382243,52.2182143562,0.0150206786658,189.892566919,223.744761501,140.242558803,0.0149862839536,211.968559398,171.694707159,0.0220234722348,103.515409496
2011-01-08 10:00:00,234.117671205,92.2064159718,0.0199984872328,174.181091616,0.0149999162953,0.00836275232061,0.0198890545808,0.0150001066379,211.9685014,0.0100060428474,0.0198833911643,134.473351556,64.1132698925,183.18909625,148.817013576,211.96854828,211.968259336,0.0100067722045,0.019998839348,0.0150054621879,52.2182138655,0.0150145765601,189.892566492,223.744820053,140.242558224,0.0149786253697,211.968559983,171.69747863,0.0213755856154,103.515448193
2011-01-08 11:00:00,234.117539221,92.2072353526,0.0199999377042,174.181116679,0.0149999817756,0.00836080835671,0.0198997164942,0.0150000128121,211.968529855,0.0100159820927,0.0199797518555,134.473352533,64.1132861233,183.189101979,148.817019433,211.968551709,211.968261578,0.0100079588747,0.0199981502288,0.0149995553859,52.2182127036,0.0150092350208,189.892566316,223.74483155,140.242557641,0.0149807381209,211.968561597,211.967475418,0.0212856062657,103.5154994
2011-01-08 12:00:00,234.117091437,211.968522788,0.0199997946787,174.181140025,0.0150003212717,0.00835876954286,0.0199005331505,0.0150000316446,211.968541434,189.282022905,0.0200491327826,134.473346208,85.4838312705,183.189111023,148.817022285,246.03066548,211.968270408,158.976599469,0.0199982779523,0.0149989652128,52.2182139893,0.0150081744733,189.892566669,223.744761285,140.242556883,0.0149856862389,211.968568515,211.966401443,0.0209967742459,103.515511337
2011-01-08 13:00:00,234.117677507,211.968548043,0.0199998914696,215.035400369,0.0150014543804,0.00835666316345,0.0199007728276,0.0150001656168,211.968539527,189.282090643,158.97482761,134.473342872,85.4838728036,183.189130025,148.817034541,246.030712451,211.968540121,171.694513729,0.0199984372195,0.0149998666512,52.2182134773,0.0150061972644,189.892567236,223.744749862,140.242556601,0.0149832409399,211.968579766,92.2064350274,0.0211241888003,103.515581552
2011-01-08 14:00:00,234.117719602,92.2071104529,0.0199998967105,215.038400472,0.0150302781491,0.00835472209763,0.019905725148,0.0150011076412,211.968532911,233.681590863,211.968475374,134.473342182,85.4838794839,226.159243465,183.724700339,246.03075934,261.689170147,211.968534927,0.0199996674266,0.0150018351914,52.2182143116,0.0150035550438,189.892569296,223.744846243,140.242558548,0.0149967307635,211.968615675,92.2063236161,0.0209395527545,138.019461307
2011-01-08 15:00:00,234.117768844,92.206391336,0.0200001886942,215.038431891,60.4965694852,0.00835298116962,0.0199159248697,0.0150052829682,211.968526644,233.681599289,238.116329779,134.473343662,85.4838842902,226.159407111,183.724706673,246.030763561,261.689217324,211.96854164,0.0200013020775,0.0150066180623,52.2182124813,0.0150028023947,234.435267195,223.744904911,140.242560257,0.0150205674365,211.968682621,92.2063038866,0.0194637725575,138.020358467
2011-01-08 16:00:00,234.117779799,92.2063589778,0.0200009249823,215.03843702,139.072460177,0.0083511389647,0.0199509954605,0.0150061679643,211.968503423,233.681602562,238.116340045,134.473352246,85.4838847981,226.15941795,183.724707328,246.030763334,261.689221689,211.968543441,0.0200032340997,0.0150519002544,52.2182099632,0.0150032587172,234.43526813,223.744918453,177.634889382,0.0150280887719,211.968684634,92.2062643867,0.016585163483,138.020343542
2011-01-08 17:00:00,234.117753493,92.2063542034,0.0200015322606,215.038436555,139.072571147,0.00834917132372,0.0199985246595,0.0150057321969,211.968406541,233.681604247,238.116343149,166.016469335,85.4838847685,226.159422829,183.724706783,246.030762267,261.689223569,211.968544437,0.0200032639119,0.016293262477,52.2182049036,0.0150028380786,234.435268314,223.744935147,177.63489362,0.0150419079341,211.9686736,92.2060779612,0.015921937503,138.020244014
2011-01-08 18:00:00,234.117738734,92.2063542121,0.0200093157517,215.03843532,139.072574329,0.00834708477207,92.2063227427,0.0150018250727,92.2068668948,233.681604311,238.116343853,166.016470118,85.4838843079,226.15942491,183.724699152,246.030758884,261.689224687,211.968544917,0.0200074464096,0.0172234069018,52.2182004934,0.0150021579322,234.435268408,223.744927909,177.63489506,0.0152727632137,211.968668127,0.0179429023604,0.0153260523917,103.518200297
2011-01-08 19:00:00,234.117727074,92.2063434762,0.0200115227992,215.038433445,139.072574571,0.00834494166403,92.2063343508,0.0150006873005,92.2064027823,233.681604101,238.116342978,166.016469988,85.4838838899,226.159425974,183.724696563,246.030760404,261.689223001,211.968544959,0.020004348522,0.0170318368221,52.218192309,0.0150016753977,234.435268386,223.744895597,177.634896266,0.0198027151661,211.968651152,0.0151395370866,0.0151727426565,103.515859305
2011-01-08 20:00:00,234.117721885,92.2063003112,0.0200185801439,215.038428785,139.072574213,0.00834267102093,113.834961081,0.0150004528752,92.206358293,233.68160377,238.116341456,166.016469347,85.483883947,226.159426538,183.7246902,246.030756249,261.689220124,211.968545047,0.0200047108449,92.2062224616,52.2181784306,0.0150013424251,234.435268291,223.744852562,177.634896768,0.0200020687411,211.968614018,0.0150444460995,0.0150712765863,103.515527767
2011-01-08 21:00:00,234.117724413,0.0150355606001,0.0200362496843,215.038422433,139.07257503,0.00834061448093,113.834974728,0.0150003951508,92.2063471392,233.681603816,238.116341006,166.01646824,85.4838840786,226.159425214,183.724682739,246.030750029,261.689218087,211.968544574,0.0200077988447,92.2063270083,52.2181521589,0.01500110955,234.43526813,223.744817874,177.634897042,0.0154482845898,211.968595796,0.0150282039932,0.0150339829978,103.515491283
2011-01-08 22:00:00,234.117719309,0.0150076447823,0.0200259137602,215.038417111,139.072574961,0.00833851719366,113.834976619,0.0150003145895,92.2063428897,233.681602968,238.116338357,166.01646704,85.4838844023,226.159422035,183.724673556,246.030746051,261.68921575,211.968543997,0.0200085944531,92.2063451877,0.0150570343448,0.0150009617192,234.435267871,223.744785037,177.634897109,0.0151023739974,211.968580301,0.0150211011477,0.0150171442159,103.515463736
2011-01-08 23:00:00,234.117715465,0.0150045528531,0.0200136099203,215.038403855,139.072574409,0.00833641294915,113.834974349,0.0150001879592,92.2063409762,233.681601356,238.116335046,166.016464197,85.4838843646,226.159417095,183.724668657,246.030738904,261.689195294,211.968543336,0.0200090185895,211.966199113,0.0150115951565,0.0150011797241,234.435267386,223.74481689,177.634897001,0.0150713162563,211.96857296,0.0150189110787,0.0150128637553,103.515446672
2011-01-09 00:00:00,234.117710717,0.0150021872058,0.0200071431008,215.038392154,139.072574819,0.00833425971865,113.834973855,0.0150000418011,92.2063421642,233.681599453,238.116329491,166.016457106,85.4838841252,226.159412681,183.724659365,246.030727984,261.689187964,211.968541667,0.0200093295383,211.968458564,0.0150076021097,0.0150023973945,234.435266572,223.744801161,177.634896306,0.0150922746624,211.968566581,0.0150346622951,0.0150132459586,103.515446041
2011-01-09 01:00:00,234.117707384,0.0150021636029,0.0200053041448,215.038384987,139.072574313,0.00833227917444,113.83497256,0.0150000252435,92.2063427234,233.681597737,238.116327497,166.016446759,85.4838838967,226.159408232,183.724656222,246.030731167,261.689077551,211.9685395,0.0200094140559,211.96832192,0.0150043558415,0.015010767002,234.435266003,223.744773895,177.634896067,0.0151539512006,211.968563286,0.0150374128785,0.0150179299596,103.51546661
2011-01-09 02:00:00,234.117702582,0.0150017916817,0.0200048177887,215.038379967,139.072567022,0.0083302884374,113.834972413,0.0150001223107,92.2063449249,233.681596646,238.116325201,166.016429907,85.4838837655,226.159403532,183.724657914,246.030728337,261.688928933,211.968537504,0.0200095545475,211.968115463,0.015003607163,0.0150269247896,234.435265517,223.744784786,177.634896365,0.0152666836542,211.968562483,0.015046603978,0.0150197860166,103.51546512
2011-01-09 03:00:00,234.117702309,0.0150017354253,0.0200038611176,215.038379848,139.072565441,0.00832836098946,113.834974028,0.015000313041,92.2063462765,233.681596094,238.116324837,166.016412234,85.4838835949,226.159399723,183.724669583,246.030722898,261.688688295,211.968535612,0.0200099423761,211.968287671,0.0150057079449,0.0150271688332,234.435265456,223.744774933,177.634896845,0.0179996273816,211.968563413,0.0150619800906,0.0150195513317,103.515473517
2011-01-09 04:00:00,234.117704752,0.015001774862,0.0200031897371,215.038382661,139.0725671,0.00832646349534,113.834973306,0.0150003995071,92.2063464656,233.68159502,238.116325393,166.016391399,85.4838835344,226.159401137,183.724678586,246.03070806,261.688929927,211.968534455,0.0200096798317,211.968383155,0.0150134787075,0.0150270433442,234.435266628,223.744785038,177.63489723,211.96730438,211.968563859,0.0150824862882,0.01503161736,103.515496488
2011-01-09 05:00:00,234.117705011,0.0150017261991,0.0200026314619,215.038387932,139.072572423,0.00832464619926,113.83497171,0.0150004254033,92.2063473221,233.681594682,238.116323945,166.016383806,85.4838832226,226.159400726,183.72468472,246.030705351,261.689152186,211.968533432,0.0200090424899,211.968446285,52.2181552203,0.0150247761131,234.435266848,223.744804014,177.634897714,211.967678548,211.968565962,0.0151225623011,0.0150675987007,103.515512761
2011-01-09 06:00:00,234.117714023,0.015002941136,0.0200014175267,215.038396525,139.072573794,0.00832284563537,113.834970811,0.0150004053805,92.2063426728,233.681594505,238.116319595,166.016377132,85.4838828678,226.159397738,183.724680786,246.030661784,261.689208932,211.968531474,0.0200086467201,211.968390229,52.218182692,0.0150313500177,234.435266692,223.744829485,177.634897917,211.967923646,211.968566635,0.0151039680553,0.0150759560837,103.515572478
2011-01-09 07:00:00,234.117717999,0.0150027609513,0.020001618704,215.038375782,139.072574929,0.00832102776815,113.834969014,0.0150004416325,92.2063460605,189.282093852,192.874178233,166.016377089,85.4838833344,226.159391999,148.817020619,246.030662961,261.689211867,171.694509199,0.0200086927906,211.968485835,52.2181883621,0.015022583947,234.435237741,223.744867409,177.634898368,211.968049534,211.968573361,0.0152400077933,0.0152926148786,103.515659737
2011-01-09 08:00:00,189.635481712,0.0150028584521,0.0200014505151,174.181138716,139.072575141,0.00831922271683,113.834968511,0.0150005011352,92.2063356209,189.282034736,103.580629621,166.016413432,85.4838712622,183.18911452,148.817018591,199.284923898,211.968304401,158.976975487,0.0200034819472,211.968528641,52.2181922036,0.0150113287837,189.892567525,181.233574133,177.634897763,211.968154364,171.694693642,0.0158437700378,0.0178498492992,103.515843413
2011-01-09 09:00:00,189.635474202,0.0150033080294,0.0199968164624,174.181120016,112.648803648,0.00831753196706,92.2063124431,0.0150005167141,92.206327545,0.0100319042475,0.0108466690231,134.473328897,85.4838645587,169.626354378,148.817015512,199.284922566,211.968296576,0.0100177590278,0.020000136937,211.968538708,52.2181930075,0.0150073599938,189.892567028,181.233490223,143.884269699,211.968337423,171.694698783,92.2046862186,0.0186514992606,103.51606877
2011-01-09 10:00:00,189.635471549,0.0150037577379,0.019995911056,174.181100559,112.648792039,0.00831565322994,0.0200180653779,0.0150002077434,92.2059742446,0.0100151589011,0.0100435843653,134.473324716,85.4838557219,169.625803464,148.817016003,199.284921815,211.968295576,0.0100073180061,0.0199997014392,158.974688619,52.2181964292,0.0150048671355,189.892566136,181.233487522,143.88426893,211.968093958,211.968315494,92.2060469724,0.018881153087,103.515604507
2011-01-09 11:00:00,189.635479806,0.0150044768488,0.0199951739595,174.18097034,112.64879193,0.00831371083308,0.0199952651196,0.0150002793384,92.2061940195,0.0100325254407,0.0153339988206,124.574563961,85.4838700986,183.18863039,148.817020571,199.28492451,211.968297684,0.0100084117834,0.01999956915,158.974841129,52.2182045044,0.0150034876846,189.892565998,181.233522073,143.884268747,158.976436604,211.968541873,92.2062513906,0.0189684017338,103.515524863
2011-01-09 12:00:00,189.63549861,0.0150058803868,0.0199973497915,174.18106717,112.648794329,0.00831177803067,85.3763158897,0.0150033404919,92.2063355223,189.282081496,103.580611454,124.514068689,85.4838782366,183.189113517,148.817026034,199.284929326,211.96830574,92.2089619838,0.0200003218007,158.974866477,52.2183566163,0.015002257334,189.892566942,181.233716862,143.884268826,158.976427472,211.968552552,92.2063353648,0.0186648631896,103.515511461
2011-01-09 13:00:00,211.968556834,0.0150127312285,0.0199972010592,174.181130206,112.648799833,0.00830991008486,92.2063024112,0.0150063337432,92.2063414877,189.282099865,192.874179004,0.0149353593844,85.4838811839,183.189137176,148.817054802,199.284982364,211.968334669,171.694505823,0.0200009004209,158.976046281,52.2182192345,0.0150018163338,189.892567913,211.968401029,143.884269115,158.976577605,211.968558263,92.2064977458,0.0185403486092,103.515485217
2011-01-09 14:00:00,234.117710747,0.0150678149218,0.0200003162286,174.181326526,139.072574598,0.00830801991817,92.2063310895,0.0150248356478,92.2063630073,233.68165963,212.001549654,134.473203067,85.4838826931,183.189199612,183.724707181,246.031314018,211.968642392,211.968527865,0.0200062377319,171.693860388,52.2181870603,0.0150020476836,189.892570187,223.744117835,143.88426987,211.968502472,211.96856747,92.2097849756,0.0173208336053,103.515477254
2011-01-09 15:00:00,234.117737518,92.206331321,0.020005838577,215.038422173,139.07257721,0.00830614019268,211.968516454,0.0344979290802,92.2064033698,233.681686363,238.116368155,134.473325114,85.4838838137,226.166124788,183.725338557,261.701952436,498.282501361,211.968551501,0.0200091077965,211.96844007,52.2181792018,0.0150033103723,234.435272395,223.744834406,143.884278225,211.968626379,211.968586619,92.206531719,0.0151178127829,103.515499301
2011-01-09 16:00:00,234.117753062,92.2063484998,0.0200099685049,215.038435634,139.072594849,0.0083041962421,211.968525241,0.0345003020875,92.2064594689,233.681694112,238.116377042,134.473338706,85.4838843089,226.166171004,226.820278995,261.702196499,498.282542796,211.968556096,0.0200098217666,211.968545476,52.2181745719,0.0150054767543,234.435274192,223.744869188,177.634901498,211.968720728,211.968594601,92.2063493775,0.0150319428098,103.515489657
2011-01-09 17:00:00,234.117755311,92.2063545232,0.0200131210692,215.038438356,139.072596453,0.00830218116815,211.968531177,0.0345754856785,92.2067465405,233.681697755,238.116380036,166.016553919,85.4838845212,226.166185869,226.820337665,261.702227738,498.282555358,211.96855815,0.0200100538448,211.96854767,52.2181676866,0.0150054428871,234.435274678,223.744892434,177.634902435,211.968707621,211.968599864,92.2062471622,0.0150200160424,103.515488128
2011-01-09 18:00:00,234.117739561,92.206364911,0.02002052181,215.038438677,139.072596779,0.00830022643432,211.968535016,0.034517767862,211.968075605,233.68169875,238.116381058,166.01656993,85.483884183,226.166196895,226.820355844,261.702241741,498.282565843,211.96855908,0.0200104082367,211.968508888,52.2181103662,0.0150024530097,234.435274931,223.744896824,177.63490269,211.968713181,211.968602476,0.0155248092972,0.0150125653868,103.515494876
2011-01-09 19:00:00,234.117730985,92.2063766507,0.0200186072091,215.038437969,139.072596286,0.00829820189082,211.968537232,0.0345025217456,211.968089626,233.681698695,238.11638048,166.016575886,85.4838836785,226.166198562,226.820334765,261.702245419,498.282566231,211.968559608,0.0200097629921,211.968450102,0.0150462962426,0.0150024844971,234.435275067,223.744875437,177.634902834,211.968818634,211.968604922,0.0150859854413,0.0150097347285,103.515521467
2011-01-09 20:00:00,234.117728167,92.2070480081,0.0200205321886,215.038435157,139.07259592,0.00829617008581,211.968537019,0.034499408204,211.968091073,233.681698016,238.116377893,166.016578273,85.4838834851,226.1662025,226.820343497,261.702244928,498.282559237,211.968559531,0.0200096130718,211.968128228,0.0150094148453,0.0150030146064,234.435275073,223.744842587,177.634902847,211.968807719,211.96858973,0.0150481684694,0.0150027005508,103.515579287
2011-01-09 21:00:00,234.117732702,92.2064689224,0.0219446769951,215.03842668,139.072596449,0.00829410232992,211.968539406,0.0344981727249,211.96808579,233.681698231,238.116375733,166.016579104,85.4838836259,226.166201551,226.820274523,261.702248815,498.282522586,211.968559062,0.0200100776607,158.976057011,0.0150051943395,0.015003698294,234.435274924,223.744806311,177.634902726,211.968825894,211.968582679,0.0150292906635,0.0149970129676,103.515572737
2011-01-09 22:00:00,234.11772511,92.2063661402,0.0246572671342,215.038414444,139.072595939,0.00829187172495,211.968540722,0.0344833176297,211.964972979,233.681695872,238.116368417,166.016577691,85.483883707,226.166192536,226.818580356,261.70225024,498.281535753,211.968558506,0.0200104233335,92.2064734538,0.0150034144486,0.0150052716195,234.43527454,223.744773024,177.63490244,211.968817954,211.968575807,0.0150181178135,0.0149931365901,103.515556174
2011-01-09 23:00:00,234.117722589,92.2063591644,0.0246630780537,215.038400584,139.072594604,0.00828968978985,211.968540365,0.0150091773023,171.694187836,233.681691173,238.116360632,166.016567585,85.4838837226,226.166176827,183.72494481,261.702252957,498.280911729,211.968557081,0.0200121626966,92.2064849207,0.0150025608046,0.0150077605428,234.435273681,223.744710864,177.634902044,211.968830458,211.968574172,0.015017216792,0.0149951376202,103.515560554
2011-01-10 00:00:00,234.117720505,92.206358704,0.0246584524351,215.038390663,139.072594797,0.00828766011402,211.968541084,0.0150077224547,171.694170357,233.681684913,238.116358049,166.016543105,85.4838836087,226.166161911,183.724794527,261.702256443,498.281059131,211.968554547,0.0200125723828,158.970613749,0.0150032967046,0.0150068755285,234.435272335,223.744777685,177.634901392,211.96885939,211.968571159,0.0150862499036,0.0149937655075,103.515568683
2011-01-10 01:00:00,234.117719532,92.2063538348,0.0246461693594,215.038383335,139.072593077,0.00828570090912,211.968539509,0.0150066125222,171.694174258,233.68168151,238.116354551,166.016521688,85.4838836521,226.166138249,183.724764295,261.702257241,498.2594903,211.968552022,0.0200129203776,211.966896947,0.0150032909019,0.0150029205844,234.435271642,223.744786698,177.634901007,211.968851422,211.9685678,0.0150358753077,0.0150050140065,103.5157248
2011-01-10 02:00:00,234.117718998,92.2063485805,0.0204243511299,215.038382589,139.07258546,0.00828377900125,211.968537797,0.015005313783,171.694180676,233.681678792,238.116351029,166.016505672,85.4838837135,226.166127198,183.724741916,261.702256575,403.609078782,211.968550129,0.0200152022581,211.965381502,0.0150027336632,0.015003179585,234.43527148,223.744770951,177.634900706,211.968861905,211.968568519,0.0150466818974,0.0150638682394,103.516065313
2011-01-10 03:00:00,234.117722986,92.2063413512,0.0200679326733,215.03838549,139.072577166,0.0082819319425,211.968536128,0.0150018096343,171.694189885,233.681679692,238.116352291,166.016494193,85.4838835982,226.166142446,183.72476227,261.702258655,498.280703675,211.968549377,0.0200354806128,211.968412902,0.0150022895475,0.0150075525595,234.435271986,223.744789586,177.634900792,211.968837371,211.968573682,0.0152142462633,0.0152950037789,103.517816689
2011-01-10 04:00:00,234.117744147,92.2063385664,0.0200356869521,215.038391646,139.072576455,0.00828012698432,211.968533537,0.0150004515403,171.694238875,233.681684757,238.116361795,166.016496844,85.4838841947,226.166170934,226.818932822,261.70226327,498.28252255,211.968551092,0.024693265705,211.968384744,0.0150024726687,0.0150230646731,234.435273588,223.744757025,177.63490163,211.968896589,211.968586766,0.0183598480093,0.0204267176072,211.96787941
2011-01-10 05:00:00,234.118090661,92.2063282965,0.0200481090776,215.038411057,139.072576286,0.00827874254415,211.96853241,0.0150001434965,211.968527,233.6816946,238.116372795,166.016502948,85.4838843177,226.166207119,226.82043171,261.702269014,498.282597875,211.968555293,0.0247039998172,211.968423994,0.0150042893166,0.015035399478,234.435275271,223.744909887,177.634902431,211.968929731,211.968689825,0.0186130851784,0.0211333704076,211.968364508
2011-01-10 06:00:00,234.118124206,92.2063465048,0.0246450710125,215.03843024,139.072576204,0.00827747856328,211.968530597,0.0150003707374,211.968549985,233.681699539,238.116375575,166.016537039,85.483885183,226.166218725,226.820447425,261.702271262,498.282603537,211.968559594,0.0261293348636,158.976414484,52.21808931,0.0150605017036,234.435275876,223.744996091,177.634902763,211.96896064,211.968725438,0.0184229060695,0.0211986741292,211.968478668
2011-01-10 07:00:00,234.11813103,0.0151645569985,0.0200705185973,215.038378406,139.072575211,0.0082758453264,211.968526776,0.0150005687106,211.968556205,189.282186786,192.874274371,166.016579255,85.4838858422,226.166221969,183.724683279,261.702271619,498.282605234,211.968477343,0.0265360700378,211.968480612,52.218145992,0.0150496302775,234.435274917,223.745002849,177.634902691,211.968978538,211.968732166,0.0173660238899,0.0212107730833,211.968464297
2011-01-10 08:00:00,234.117731701,0.0150109250897,0.0200169475088,174.181158053,139.072552545,0.00827369072855,211.968520566,0.0150005947853,211.968506468,189.282182575,192.874259098,166.016591212,85.483883237,183.194660358,183.724656348,246.030635134,403.608927384,171.69456626,0.0200471448094,211.968536938,52.2181467599,0.0150452428256,189.892578336,223.744814226,177.634901722,211.968970163,211.968572615,0.0157695022477,0.0211168937664,211.968013982
2011-01-10 09:00:00,234.11774398,0.0150058901782,0.0200007266196,174.181131234,0.0199990661839,0.00827171432964,92.2063074515,0.015000512771,211.968257658,189.282179519,178.588269634,166.016513883,85.4838808856,183.19465244,183.724599248,211.978858871,403.608922744,171.69455072,0.0200099243068,211.968535877,52.2181441242,0.0150371190084,189.892574156,223.744100085,143.884272704,211.96835289,211.968567667,0.0151348148968,0.0210440107956,211.967937241
2011-01-10 10:00:00,234.117751346,0.0150038095064,0.0199992772017,174.181112283,0.0199874392933,0.0082697220953,92.2062979398,0.0150003981027,211.968457091,189.282178364,178.587648494,166.01646968,85.4838764708,183.194651478,183.72459924,211.97884841,403.608922732,171.694548315,0.0200090148165,211.968464991,52.2181442372,0.0150302066608,189.892573671,211.968582023,143.884271147,211.965393261,211.968568725,0.0150989865335,0.0211985330546,211.968115062
2011-01-10 11:00:00,234.117742233,0.0150030333294,0.0199975845932,174.181157689,0.019968625429,0.00826760467641,92.2062936128,0.0150004224536,211.968528461,189.282181616,192.871880205,166.016472231,85.4838697152,183.194656973,183.724634307,211.978849432,403.608925147,171.69454826,0.0200087703009,211.968519494,52.2181441854,0.0150179986238,189.892573244,211.968546984,143.884270665,158.977007621,211.968574554,0.0151045123561,0.0212418768806,211.96832187
2011-01-10 12:00:00,234.117758614,0.0150026401714,0.0199977024191,174.181202445,0.0150222900531,0.00826575248289,92.206295202,0.0150007487788,211.968549192,189.282188293,192.874259255,166.01610693,85.483874663,183.194670539,183.724684908,211.978854369,403.608936862,171.694550952,0.0200100513758,211.968533295,52.2181464604,0.0150308108232,189.892573767,223.74460626,143.884270349,158.976817995,211.968584028,0.0150530106635,0.0212767204706,211.968628756
2011-01-10 13:00:00,234.118061954,0.0150027391203,0.0199990579023,215.038385982,0.0199685917152,0.00826393522334,92.2062997651,0.0150006483027,211.968565312,211.968505587,192.874281519,166.016504947,85.4838812754,226.166122652,183.724817173,246.03071589,498.282483275,211.968502312,0.0200113369075,211.968554731,52.2181482336,0.0150271839812,189.892574598,223.744887426,143.884270451,158.977341588,211.968616594,0.0150484595335,0.0212823027353,211.968728873
2011-01-10 14:00:00,234.1181415,0.0150028102549,0.0200016067519,215.03841706,0.0199877640436,0.00826210159276,92.2063120565,0.0150006358724,211.968611182,233.681719854,238.116342034,166.016573305,85.4838841764,226.166206621,226.820481749,261.702271286,498.282633723,211.968560279,0.0200249393805,211.968584976,52.2181477747,0.0150258875133,234.435244471,223.744958893,143.884270976,211.968555002,211.968713766,0.0150637364765,0.0213035463548,211.968789676
2011-01-10 15:00:00,234.118149167,0.0150028432263,0.0200072369733,215.03847725,0.0246725163618,0.00826032513007,113.834926385,0.01500060924,211.968615655,233.681733211,238.116421554,166.016565585,85.4838854455,226.16625881,226.820488672,261.702275411,498.282640871,211.96857186,0.0247065446117,211.96860358,52.2181479839,0.0150248774828,234.435277091,223.744999605,143.884274198,211.96896144,211.968741804,0.0150428916441,0.0212598049885,211.968811718
2011-01-10 16:00:00,234.11815067,0.0150027746058,0.0200085584291,215.038492898,0.0246771293472,0.00825841956298,113.83492693,0.0150008199755,211.968617211,233.681737597,238.116428796,166.016587247,85.4838857467,226.166269626,226.820491199,261.702275446,498.282642953,211.968576123,0.0247078750116,211.968640825,52.2181484579,0.0150270650208,234.435277421,223.745012,177.63490048,211.968964588,211.968743444,0.0150335623813,0.021222133033,211.968799572
2011-01-10 17:00:00,234.118148205,0.015003042639,0.0200079086783,215.038494519,0.0246759569356,0.00825637031914,113.834923521,0.0150008191496,211.968617186,233.681740505,238.116431404,166.016600497,85.4838856884,226.16627276,226.820491924,261.702275102,498.282643851,211.968577004,0.0247063067255,211.968724219,52.2181477446,0.0150216516613,234.435277485,223.745008912,177.634901649,211.968936309,211.968740839,0.0150276402768,0.0211138096452,211.968789944
2011-01-10 18:00:00,234.11813907,0.015004166387,0.0200055737485,215.038495639,0.0200127229141,0.00825422243447,113.834841237,0.0150009221214,211.968617961,233.681741699,238.116432179,166.016602035,85.4838851783,226.166272862,226.820492813,261.702275426,498.282644748,211.968577394,0.0247068085142,211.968592816,52.2181502716,0.0150281016805,234.435277504,223.745007345,177.634901694,211.968898653,211.96873854,0.0150210937412,0.0164721310379,211.968764732
2011-01-10 19:00:00,234.118051823,0.0150029439298,0.02000460574,215.038490537,0.019998640825,0.00825226208305,92.2063285204,0.0150007396533,211.968617235,233.681741252,238.116430253,166.016602129,85.4838846372,226.166270643,226.820490828,261.70227451,498.282645085,211.96857698,0.0247032955984,211.968585857,52.2181467008,0.0150121717867,234.435277451,223.744978853,177.634901625,211.968871537,211.968731483,0.0150158086351,0.0166200088991,211.967980914
2011-01-10 20:00:00,234.117766335,0.0150035057203,0.0200042579048,215.038482986,0.0199923744237,0.00825005328264,92.206327436,0.0150007915632,211.96861494,233.681740108,238.116424424,166.016601524,85.4838843939,226.166272038,226.820485427,261.70227214,498.282644154,211.968575089,0.0246986912609,211.968557585,52.2181434163,0.0150063786763,234.435277321,223.744912814,177.63490128,211.968782709,211.968680822,0.0150126062893,0.0161181435953,158.976794995
2011-01-10 21:00:00,234.117764836,0.0150036926043,0.0200036087347,215.038472541,0.0199958252058,0.00824785762578,92.2063143268,0.0150008129649,211.968609322,233.681740449,238.116417543,166.016600416,85.4838841631,226.16626403,226.82047286,261.702269113,498.28264294,211.968573006,0.0201467025591,211.968485791,52.2181398599,0.0150042647867,234.435277091,223.744849275,177.634900293,211.96874664,211.968644773,0.0150106954778,0.0154528934216,158.976794793
2011-01-10 22:00:00,234.117735413,0.0150038758847,0.0200027716737,215.038440246,0.0199952253564,0.00824558482528,92.2063085075,0.0150006105153,211.968564738,233.68173663,238.116395018,166.016597511,85.4838837928,226.166233849,226.820446773,261.702265989,498.282640086,211.968568737,0.0200154670318,92.206347505,52.2181339451,0.01500301281,234.435276765,223.744808181,177.634897756,211.968660681,211.968607948,0.0150098530303,0.0151104571289,158.976775451
2011-01-10 23:00:00,234.117728382,0.0150038489682,0.0200014155312,215.038418893,0.0199875601042,0.00824349253558,92.2062858147,0.0150004851765,211.968554486,233.681728462,238.116377418,166.01658541,85.4838837478,226.16619843,226.820427332,261.702265343,498.282630875,211.968565193,0.0200127013662,92.2059972794,52.2181229275,0.0150025508898,234.435276316,223.744827227,177.634894708,211.968474497,211.968587229,0.0150093538676,0.015095233722,158.976766564
2011-01-11 00:00:00,234.117722622,0.0150016286863,0.0200001182949,215.03840553,0.0199861953829,0.00824139885793,92.2061603044,0.0150004759557,211.968552557,233.681714708,238.116375492,166.016555511,85.4838838998,226.166153668,226.820397888,261.7022665,498.282620038,211.968559759,0.0200124279842,0.0150070898654,52.2181225815,0.0150042113626,234.435275909,223.744814744,177.634890669,211.909388257,211.968577606,0.0150142127679,0.0150756059179,158.976856486
2011-01-11 01:00:00,234.11772172,0.0150018549769,0.0199993227297,215.038398171,0.0199854061186,0.00823939671995,92.2061495908,0.0150005908497,211.968553532,233.68170704,238.116368545,166.016525965,85.4838839589,226.166162957,226.820295235,261.702265608,498.282585796,211.968555808,0.0200117525707,0.0150046052843,52.2180953564,0.0150032034782,234.435275562,223.744806823,177.634888179,133.538280961,211.968573651,0.0150098812378,0.015215714986,158.978817579
2011-01-11 02:00:00,234.117720497,0.0150020368177,0.0199989702384,215.038397157,0.019984948984,0.00823746126198,92.2061430924,0.0150009170069,211.968555365,233.681702991,238.116362607,166.0165185,85.4838841108,226.166162928,226.820093011,261.702263714,498.282541468,211.968553826,0.020011371015,0.015006698966,52.2180874758,0.0150032011213,234.435275277,223.744807034,177.63488529,133.537984816,211.968573416,0.0150088298277,0.0161735924762,211.968069339
2011-01-11 03:00:00,234.117724102,0.0150020519206,0.019999266846,215.03839624,0.0199856049393,0.00823557258451,92.2061428366,0.0150019217089,211.968557931,233.681702811,238.11636451,166.016513133,85.4838840136,226.166174079,226.82011227,261.702265079,498.28258689,211.968552926,0.0200112381653,0.0150114734097,52.21810354,0.0150035411864,234.435275243,223.744806874,177.634887809,133.537882115,211.968576934,0.0150104493987,0.0173711981097,211.968549692
2011-01-11 04:00:00,234.117743945,0.0150028210966,0.0199995257183,215.038406934,0.0199867841101,0.00823386548907,92.2061430459,0.0150016689472,211.968559417,233.681712413,238.116384074,166.016511882,85.4838837602,226.166189492,226.820424982,261.702269473,498.282628673,211.968554276,0.0200113707971,0.0150592964875,52.2181149044,0.0150043581103,234.435275578,223.74484011,177.634892219,133.537839963,211.968588002,0.0150170760108,0.0213021362083,211.968808952
2011-01-11 05:00:00,234.11811148,0.0150031211285,0.0200002898532,215.03842965,0.0199939807289,0.00823239380835,92.2061483463,0.0150012757247,211.968582739,233.681731452,238.116417436,166.016520882,85.4838842125,226.166227607,226.820490117,261.702274215,498.282645057,211.968558759,0.0200125549557,92.2062617449,52.2181238553,0.0150082208488,234.43527622,223.744915573,177.634896291,133.537806379,211.968683739,0.0150342660239,0.0420661550718,211.968895309
2011-01-11 06:00:00,234.118141741,0.0150032493312,0.0200017656374,215.038464959,0.0200320655283,0.00823120572182,92.2061505864,0.0150008100628,211.968570919,233.681741391,238.116423022,166.016552201,85.4838851416,226.16624307,226.820495658,261.702274982,498.282648066,211.968565986,0.0201085177646,92.2063674536,52.2181333963,0.0150502860771,234.435276453,223.744991139,177.634899129,133.537805004,211.968714833,0.0150748380175,0.047803613062,211.96897376
2011-01-11 07:00:00,234.118143591,0.0150037445474,0.0200025402756,215.038430812,0.0200007143809,0.0082294412099,92.2061522319,0.0150005699222,211.968578553,211.9684929,211.969497549,166.01659115,85.4838857524,226.166253624,183.724695829,261.702274482,498.282647344,211.968520541,0.0200242049729,211.968508394,52.2181370646,0.0150420910053,234.435275512,223.744997258,177.634899891,133.537802216,211.968725381,0.0150503100973,0.0482030732047,211.968888238
2011-01-11 08:00:00,234.11770177,0.0150044051622,0.0200027098511,215.038365017,0.0199962241004,0.00822737090341,92.2061541354,0.0150003523648,211.968552791,189.282230235,192.874325799,166.016598088,85.4838708865,226.166189941,183.724673224,261.702237062,498.281821659,171.694605848,0.0200111711979,211.968561478,52.2181421501,0.0150348903008,189.892578042,223.744928662,177.634896465,133.537795443,211.968569549,0.0150430151357,0.0457381399101,103.537607358
2011-01-11 09:00:00,234.117271392,0.0150032802185,0.0200013495134,215.038291887,0.0199932156773,0.00822537119374,92.2061591992,0.0150002927996,211.968549224,189.282220748,192.874307793,166.016583577,85.4838585866,226.166069415,183.724624932,261.689408162,498.280957198,171.694566729,0.0200025951251,211.968590232,52.2181458651,0.0150242473762,189.892573111,223.7448507,143.884271635,133.537786501,211.968552261,0.0150340147033,0.0393576935773,103.536896075
2011-01-11 10:00:00,211.968593447,0.0150032793456,0.0200025622006,174.181683062,0.019989958747,0.00822343764931,92.2062530643,0.0150002289708,211.968547402,189.282219701,192.874303856,134.473671125,85.4838226222,211.968509707,183.724617893,246.030751252,498.280289768,171.694563305,0.0200008725162,211.968503732,52.2181690283,0.0150172736591,189.892572375,223.744821498,143.884270624,133.537829595,211.968535937,0.0150587459423,0.0462301851874,103.536735923
2011-01-11 11:00:00,234.117667483,0.0150034024884,0.0200044782528,174.181242026,0.019990538504,0.0082214572376,92.2062969175,0.0150002824894,211.968552256,189.282221186,192.874305917,134.473458358,85.4838403899,183.194744163,183.724621148,246.030903468,498.280947272,171.694564141,0.0200014080416,211.968494543,92.2062682369,0.0150154235718,189.892571007,223.744826425,143.884270339,133.537832005,211.968531181,0.0153577729547,0.0480612971406,103.536766861
2011-01-11 12:00:00,234.11772277,0.0150024582984,0.0200617898389,174.181253027,0.0200029905209,0.00821957331276,92.2062949346,0.0150006817211,211.968546153,189.282231355,192.874311805,134.473456488,85.4838761255,183.194726368,183.724653746,261.702067562,498.282593784,171.694569744,0.0200084831287,211.968526867,211.968514522,0.0150426017272,189.892571078,223.744857096,143.884269364,133.537890845,211.968554703,92.2062812493,0.0488248821449,138.04885425
2011-01-11 13:00:00,234.117730783,0.0150039232064,0.0246854127704,215.036759186,0.0199966684302,0.00821776507562,92.2063100866,0.0150021679268,211.968556383,211.968578816,211.96850664,134.473465502,85.4838818675,226.165917858,183.72469521,261.702262568,498.282639812,211.968438234,0.0200118008898,211.968550812,211.968521229,0.0150476360216,189.892572338,223.744858327,143.884270278,178.050223842,211.968576839,92.2063472041,0.0489192050012,138.048821156
2011-01-11 14:00:00,234.117955275,0.0150077655716,0.0246953891698,215.038440382,0.0199978033852,0.00821585558456,92.2063095875,0.0150081929301,211.968563884,233.681740831,238.116345654,166.016488825,85.4838845886,226.166260149,226.820491397,261.702268979,498.282647398,211.968559961,0.0247057746017,211.968568904,211.968541888,0.0150545801438,189.892573901,223.744936214,143.884270831,178.050155953,211.968654021,92.2066132881,0.0490029543572,138.048679695
2011-01-11 15:00:00,234.11813689,0.015015354347,0.0246863450349,215.038513945,0.0200540364651,0.00821411566082,92.2063127078,0.0344995510568,211.968566985,233.681747918,238.116428129,166.016547875,85.4838854014,226.166292935,226.820502505,261.702269891,498.282650311,211.968580904,0.0266059935532,211.968545267,211.968546695,0.0150648642002,234.435274557,223.744979656,143.884290919,133.538960334,211.968724799,211.966431363,0.0489592487781,138.048438709
2011-01-11 16:00:00,234.118138051,0.0150456255708,0.024639469238,215.038524039,60.496569299,0.00821215325432,92.2063160888,0.0346158715649,211.968565261,233.68174974,238.116431057,166.016592647,85.4838857669,226.166297977,226.820503859,261.702268843,498.282650266,211.968585854,0.0266086349462,211.968442361,211.968549555,0.0150919027626,234.435274864,223.744985324,177.634900598,133.537971034,211.968734495,211.967343086,0.0488116817665,138.047282135
2011-01-11 17:00:00,234.118134413,0.0193468699706,0.0200133538031,215.038521773,60.4965734166,0.00821006127484,92.2063267517,211.968555925,211.968561975,233.681751024,238.116430985,166.01659963,85.4838855814,226.166298159,226.820504298,261.702267209,498.282649649,211.968587388,0.0247080713057,92.2063563596,211.968551211,0.0155072874115,234.435274845,223.74498293,177.634901612,133.538153067,211.968732716,211.967396018,0.0484594986343,103.519147483
2011-01-11 18:00:00,234.118123471,0.0150316016629,0.0200056493585,215.038519849,60.49658329,0.00820799176986,122.941084954,211.968554901,211.968591584,233.681751285,238.11642874,166.016600276,85.4838851452,226.166297304,226.820504509,261.702266965,498.28264896,211.968586736,0.0247046488459,92.2063246411,211.968554415,0.0346957219701,234.435274744,223.744977065,177.63490165,178.050427925,211.968727166,211.966933371,0.0264325508777,103.515606369
2011-01-11 19:00:00,234.118072277,0.0150187822508,0.020004379616,215.038511193,60.4965851616,0.0082058968825,122.941076761,211.968555481,211.968586456,233.68174992,238.116422872,166.016600015,85.48388456,226.16629441,226.820502482,261.702263631,498.282648029,211.968586146,0.0200159069968,0.015048902101,211.968553157,0.0347017006041,234.43527454,223.744953286,177.634901711,178.050386845,211.968718025,211.96768707,0.0215243615948,103.515576202
2011-01-11 20:00:00,234.117776705,92.1895639292,0.0200044162021,215.038497959,60.4965893585,0.00820378811393,122.941077108,211.968538454,211.968568895,233.681748393,238.116406212,166.016598905,85.4838841575,226.166294196,226.820494065,261.702257305,498.282646366,211.968583759,0.0200129529277,0.0150109586382,211.968552651,0.0347087781247,234.435274237,223.744901833,177.634901467,178.0502478,211.968678507,211.968021733,0.0212410353939,103.515524776
2011-01-11 21:00:00,234.1177634,92.2063324987,0.020004759245,215.038484437,60.496664474,0.00820163555866,122.941101777,0.0345058040002,211.968554898,233.681748197,238.116379143,166.016597155,85.483883997,226.166289558,226.820465416,261.702239822,498.282644394,211.968580639,0.0200125811707,0.0150091037871,211.968552895,0.0347123384546,234.435273599,223.744912973,177.63490102,178.050182023,211.968636546,211.967974118,0.0208118797631,103.515445195
2011-01-11 22:00:00,234.117731661,92.2063488049,0.0200063333768,215.038449698,60.4966014983,0.00819925785463,122.941106879,0.0344994855448,211.968532039,233.681744312,238.116352521,166.016594264,85.4838835569,226.166272961,226.820395489,261.702157191,498.282641099,211.968574092,0.0200117257512,0.0150092370473,211.968551627,0.0347062627652,234.435272344,223.744877008,177.634900184,178.050041675,211.968595862,211.967559756,0.0184036218874,103.515085968
2011-01-11 23:00:00,234.117724502,92.2063545074,0.0200118747476,215.038422148,60.4965858333,0.00819717394352,122.941108991,0.0151173646003,211.967818496,233.681734115,238.116341004,166.016585876,85.4838841345,226.16624302,226.820091233,261.689540656,498.282634064,211.968567997,0.0200112516771,0.0150103709397,211.968550266,0.0155432703205,234.435267112,223.744829419,177.634899011,178.050194144,211.96858145,211.963023233,0.0179713612802,103.514705693
2011-01-12 00:00:00,234.117720431,92.2063537928,0.0200102983843,215.038407767,60.4965842546,0.00819507180543,122.941111568,0.0150080668637,92.2065344181,233.681718406,238.116328217,166.016564483,85.4838842453,226.166232979,183.724911846,261.68936045,498.282625849,211.968561247,0.0200101150257,0.0150066487988,211.968548709,0.0151041573088,234.435256336,223.744808023,177.634898325,178.049710178,211.968572633,171.694769203,0.017698361417,103.514781112
2011-01-12 01:00:00,234.11771893,92.2063630507,0.0200336466365,215.038399632,60.496574305,0.00819306474629,122.941112206,0.0150030459167,92.2063929082,233.681706861,238.116324625,166.016538509,85.4838840646,226.166225626,183.724966009,246.030799841,498.282610261,211.968556981,0.0200086422195,0.0150070104721,211.968546433,0.0150794292965,234.435258457,223.744802275,177.63489774,178.050299595,211.968569618,211.96679998,0.0179046030857,103.515148896
2011-01-12 02:00:00,234.117717394,92.2072858739,0.0200981312145,215.038396355,60.4965704978,0.00819113259454,122.941109387,0.0150004596168,92.206379306,233.681703432,238.116321542,166.016521449,85.4838841049,226.166222389,183.725132148,246.030738004,498.282590512,211.968555161,0.0200102001573,0.0150075888304,211.968544984,0.0150204041006,234.435267484,223.744799349,177.634897907,178.050387181,211.968569691,211.968011061,0.0179458378405,103.515290048
2011-01-12 03:00:00,234.117716952,211.968540223,0.0246982607322,215.038397609,60.4965669631,0.00818925300803,122.941107474,0.0150001484759,92.2063749584,233.681706013,238.116321459,166.016511587,85.483884011,226.166224974,226.820037167,246.030714266,498.282604469,211.968554042,0.0200127373948,0.0150078492569,211.968546692,0.015018092291,234.435270599,223.744800124,177.63489945,178.050399189,211.968572311,211.968225071,0.0182806808919,103.515442354
2011-01-12 04:00:00,234.117724876,211.968553048,0.0247027534371,215.038405583,49.0024020986,0.00818745521051,122.941105099,0.015000008921,92.2063726189,233.681712551,238.116328758,166.016511593,85.4838842673,226.166233582,226.820461508,246.030698003,498.282623216,211.968555837,0.0200157012992,0.0150092462101,211.968544316,0.0150258815888,234.43527151,223.744834643,177.634900964,178.050402903,211.968582573,211.96837571,0.0211264665702,103.515524893
2011-01-12 05:00:00,234.117768782,211.968558406,0.0247016286958,215.038429341,49.0021873697,0.00818602047598,122.9410992,0.0149999892069,92.2063722476,233.68173324,238.116342508,166.016518782,85.4838841665,226.166260162,226.820499842,246.030738491,498.282633763,211.968560858,0.0247171866703,0.0150123245023,211.968544323,0.0150953180462,234.435272156,223.744876323,177.634901876,178.050397034,211.968667216,211.968460996,0.0212435603378,103.515563675
2011-01-12 06:00:00,234.117979361,211.968560995,0.0247008648025,215.038466786,60.4965013319,0.00818483877387,122.941069025,0.0150004264146,92.2063722001,233.681743732,238.11634088,166.016548222,85.4838851035,226.166271185,226.820505374,246.03110924,498.282634035,211.968569935,0.0247256842904,0.015078813685,211.968553627,0.0151275348281,234.435272171,223.744910394,177.634902128,178.050360255,211.968721343,211.968501037,0.0212749701591,103.515549854
2011-01-12 07:00:00,234.117941138,211.968567206,0.0200976409397,215.03841509,60.4952894126,0.00818324230741,92.2062782138,0.0150004865345,92.20637216,211.968524693,211.969293371,166.01657404,85.4838857049,226.166271582,183.7246853,246.030675966,498.282629339,211.968438753,0.0247282833214,92.2063332058,211.968554368,0.0151829925238,234.435269413,223.744898071,177.634902147,178.0498597,211.968724292,211.968494466,0.021381191827,103.515569292
2011-01-12 08:00:00,189.635547768,211.968575292,0.0200163070689,215.038297365,0.0199976763993,0.00818121350717,0.0199913127377,0.0150006734932,92.2063694648,189.282231878,211.968434903,166.016579329,85.4838727948,226.165937764,183.724653581,211.968515928,403.60894577,211.968350031,0.0247231190869,211.968136356,211.968551235,0.0154646037653,189.892557067,181.233396764,177.634901262,0.0153066868018,211.968284949,211.968496385,0.0213781134818,103.515565046
2011-01-12 09:00:00,189.635529919,211.968577551,0.0200044044767,215.038128628,0.0150159728454,0.00817921007361,0.0153114169543,0.0150013163587,92.2063683221,189.282222901,192.874314744,134.473473018,85.4838716504,183.194687491,183.724620343,211.968512436,403.608924179,211.960869753,0.0200237650883,211.968518351,211.968547579,0.0186740757107,175.827822915,181.233352318,143.884271724,0.0151260540066,171.694693302,211.968471649,0.0213645629294,103.515560632
2011-01-12 10:00:00,189.635495402,211.968605496,0.0200028306532,174.183189772,0.0150062946176,0.00817717223674,0.015252011605,0.0150009532589,92.2063676976,189.282222224,192.874304065,134.47343628,85.4838739477,183.194659236,183.724618075,211.968510876,403.608909589,171.694661801,0.0200233717786,211.968517605,211.968541318,0.0157010626894,0.0150138055046,181.233336111,143.884270953,0.0150702455246,171.694688114,211.96844388,0.0213513756409,103.515547705
2011-01-12 11:00:00,189.635530997,211.96862363,0.020004508022,174.181256349,0.0150046057354,0.00817516664029,0.0152202304416,0.0150008478717,92.2063683493,189.282223238,192.874315822,134.473428316,85.4838789151,169.626469516,183.72462303,211.968511113,216.752270971,171.694592412,0.0200268131958,211.96853394,211.968534763,0.015264350769,0.0150037335487,181.233331038,143.884270234,0.015040570113,171.694689852,211.968441416,0.0213465956093,103.515546974
2011-01-12 12:00:00,189.635554777,211.968627745,0.0200114094221,174.181228114,0.01500496904,0.00817329952567,0.0152286152314,0.0150070654415,92.2063686204,189.282294656,211.96825477,134.473424936,85.4838814043,183.194450481,183.724661742,211.968517041,403.608912094,171.694589122,0.0200406103646,211.96854039,211.968549329,0.0152346235856,175.826558994,181.233340666,143.884268164,0.0150279784823,171.694712734,211.968513147,0.0215191164172,103.515551585
2011-01-12 13:00:00,211.968574191,211.968629187,0.0200153526471,174.181237853,0.0150054486646,0.00817137544964,0.0152075649125,0.0150053232247,92.2063713468,233.681516312,238.116105912,134.473425891,85.4838834138,183.194676238,183.724712283,211.968544222,403.608920792,211.968519851,0.0460330476391,211.968533884,211.968545713,0.0163100240723,189.892556742,181.233354319,143.88426869,0.0150230408355,211.968529636,211.968539248,0.0214575853686,103.515509649
2011-01-12 14:00:00,234.117722143,211.968628196,0.0200187557263,215.038224106,0.0150069357919,0.00816955571645,0.0152064378767,0.0150072983946,92.2063747653,233.681741293,238.116317987,134.47342669,85.4838846406,183.194700308,226.820505582,261.689474227,403.608952452,211.968562137,0.0460461718992,211.96851864,211.96854683,211.968462827,189.892558176,211.968669589,143.88427078,0.0150148783698,211.96863682,211.968562587,0.0214060219978,103.515494407
2011-01-12 15:00:00,234.117945551,211.968624678,0.0200432272597,215.03850044,0.0150081508072,0.00816778488342,0.0152886663663,0.0150098319212,92.2063782376,233.681745232,238.116365979,134.473429206,85.4838852787,226.166259289,226.820508221,261.689508408,498.28261328,211.968585652,0.0460487092534,211.968491629,211.968551019,211.968514046,234.435255964,223.744849154,143.884272256,0.0150121387005,211.96871234,211.9685532,0.021449449866,103.515526109
2011-01-12 16:00:00,234.117947902,211.968622441,0.0458905690135,215.038508197,0.015087966602,0.00816591505359,0.0186644124143,0.0199957628186,92.206381637,233.681746621,238.116376825,166.016450256,85.4838857492,226.166267848,226.820508516,261.689508319,498.282613826,211.968587839,0.0460499379316,211.968484541,211.968553343,211.968531754,234.43525638,223.744854596,177.63490268,0.0150143165448,211.968719153,211.968557167,0.0213505696329,103.515490203
2011-01-12 17:00:00,234.117945584,211.968624381,0.0459607427638,215.038505451,0.0150450939682,0.0081638212943,0.0186660670472,0.0344972978725,92.2063853075,233.681747087,238.116375088,166.016568695,85.4838856711,226.166268939,226.820508093,261.689506198,498.282613565,211.96858789,0.0460507705644,211.968511393,211.968554135,211.968537661,234.435256444,223.744856651,177.634904329,0.0150191949602,211.968716905,211.968559937,0.0212776894148,103.515173672
2011-01-12 18:00:00,234.117934066,211.968627547,0.0459806875013,215.038500179,0.0150192449261,0.00816183551178,0.0186452771282,0.0151015119672,92.2063897159,233.681746618,238.116353346,166.016569014,85.4838850906,226.166269371,226.820507419,261.689500386,498.282613962,211.968586891,0.0460610698412,211.96854588,211.968552858,211.968546253,234.435256401,223.744852957,177.634904451,0.0150147606737,211.968715476,211.968585497,0.0212674059916,103.514938779
2011-01-12 19:00:00,234.117876172,211.96859064,0.0459815745104,215.038492302,0.0150033476761,0.0081598296511,0.0183802109102,0.0150123660414,92.2063973881,233.681744459,238.11633474,166.016568447,85.4838844553,226.166267582,226.820505441,261.689488826,498.282613158,211.968585756,0.0460623212329,211.968552464,211.968552096,211.968550319,234.435256347,223.74484746,177.634904533,0.0150104645849,211.968712975,211.96857678,0.0178699617876,103.513623697
2011-01-12 20:00:00,234.117753855,211.968576803,0.0459812434606,215.038481489,0.015001809295,0.00815769895384,0.0150992329943,0.0150096696107,92.2064070392,233.681742357,238.116318053,166.016566988,85.4838840824,226.166267982,226.820500249,246.030828264,498.282611351,211.968581496,0.046104792604,211.968546921,211.968550852,211.968552387,234.435256221,223.744829939,177.634904497,0.015010145856,211.96867692,211.96855275,0.0150675924403,103.513473707
2011-01-12 21:00:00,234.117746547,211.968560237,0.045981866701,215.038463472,0.0150018186968,0.00815557583902,0.0150775935389,0.0150086493097,92.2064130826,233.681740575,238.116309757,166.016564955,85.4838838181,226.166263912,226.820486834,246.030717623,498.282608801,211.96857794,0.0568143610719,211.968527608,211.968549589,211.968549699,234.43525604,223.744816379,177.634904372,0.0150103778646,211.968617946,211.968501667,0.0150143364604,103.513391001
2011-01-12 22:00:00,234.117727191,211.968554932,0.0459806930361,215.038438694,0.0150013623316,0.00815321469002,0.0150557301183,0.0150080290325,92.2064271085,233.681735317,238.116293817,166.01656131,85.4838836084,226.166252015,226.820452449,246.03066949,498.282603971,211.968573784,0.0461007268383,211.968372633,211.968546215,211.968546127,234.435255749,223.74482063,177.634904147,0.0150086308584,211.968590773,211.968430031,0.0149992237124,103.513358475
2011-01-12 23:00:00,234.117722471,211.968552336,0.0459795903824,215.038412181,0.0150008254468,0.00815108292597,0.0150343915509,0.0150072177426,92.2064593768,233.681722942,238.116277126,166.016551091,85.4838839876,226.16623037,226.820293135,211.96862043,498.282588446,211.96856786,0.0460556157156,92.2064525748,211.968539947,211.968543942,234.435255374,223.744798787,177.634903827,0.0150067289698,211.968578568,211.968379935,0.0149939235267,103.513397164
2011-01-13 00:00:00,234.117717149,211.968551761,0.0459471069101,215.038398072,0.0150008150266,0.00814899088194,0.0150309984696,0.0150065137318,211.968499493,233.681707369,238.116265413,166.016534603,85.483883863,226.166212046,226.820303664,211.968554244,498.282437547,211.9685618,0.0460522785686,0.0150155397725,211.968544832,211.968546101,234.435254488,223.744782554,177.634903744,0.015005824642,211.968570392,211.968463353,0.0149895921832,103.513198485
2011-01-13 01:00:00,234.11771255,211.968543904,0.0459763379748,215.038390251,0.0150006440862,0.00814703098102,0.0150256494707,0.0150018404282,211.968553158,233.681698631,238.116273116,166.016519042,85.4838838258,226.166211832,226.819598537,211.968523225,498.280368938,211.968557585,0.0460540627132,0.015015506555,211.968540393,211.968546459,234.435254026,223.744778668,177.634903542,0.0150040166439,211.968563275,211.968336326,0.0149903056794,103.513410314
2011-01-13 02:00:00,234.11770947,211.968482936,0.0459788849734,215.03838559,0.0150006698547,0.00814510620293,0.0150217282697,0.0150005908098,211.968560557,233.681690827,238.116278605,166.016509642,85.4838837785,226.166203602,226.820012304,211.968507744,403.608956887,211.968555456,0.0462466840843,0.0150068130718,211.968532337,211.968547116,234.435253729,223.744779625,177.634903437,0.0150049810442,211.968559334,211.967704558,0.0149901998041,103.513503128
2011-01-13 03:00:00,234.117710686,211.968246524,0.0459777803332,215.038385054,0.0150006926298,0.00814327732738,0.0150204609661,0.0150003200234,211.968784157,233.681693591,238.116286013,166.016501636,85.4838835254,226.166206575,226.820432667,211.968523963,403.608941885,211.968554387,211.968423438,0.0150070532519,211.968537401,211.968548051,234.435253835,223.7447807,177.634903613,0.0150041514232,211.968560195,92.2065427209,0.0149959486903,103.513650941
2011-01-13 04:00:00,234.117718835,211.968393323,0.0459771149986,215.038391359,0.0150009934266,0.00814154226331,0.0150210099353,0.0150001821961,211.969161455,233.681695708,238.116296383,166.016498843,85.4838838638,226.166211914,226.820483868,211.968543111,403.608947944,211.968555364,211.96844157,0.0150104749019,211.968542986,211.968550643,234.435254224,223.744800013,177.634904019,0.0150052046125,211.968564444,92.2063829048,0.0150076604251,103.515213205
2011-01-13 05:00:00,234.117737018,211.968154143,0.0459820070724,215.038412291,0.0150023996989,0.00814013530932,0.0150276573231,0.0150000582275,211.969192984,233.681708478,238.116308451,166.01649953,85.4838835523,226.166239787,226.820497255,211.968626264,498.281329158,211.968560001,211.968448024,0.0150327037563,211.96855047,211.968559793,234.435254855,223.744819606,177.634904432,0.0150068676512,211.968584166,92.2063662972,0.015026485123,103.515648841
2011-01-13 06:00:00,234.117814946,211.968471558,0.0459872661522,215.038426262,0.01500966465,0.00813921463211,0.0185161268467,0.015000208413,211.969229267,233.681714644,238.116298779,166.016517364,85.4838843742,226.166253235,226.820495384,261.688539443,498.282580701,211.968566226,211.968555846,92.206319515,211.968557697,211.968613108,234.435254967,223.744832948,177.63490459,0.0150109195539,211.968601096,92.2063428036,0.0150443019296,103.51585455
2011-01-13 07:00:00,234.117868386,92.2064031717,0.0459859307502,215.038223651,0.0150112740062,0.0081376408468,0.0172933587203,0.0150001864705,211.969265075,189.282208239,192.874295735,166.016529267,85.4838850395,226.166254495,183.724630739,261.689403729,498.282496601,171.694564583,211.968559267,92.2063963068,211.968563002,211.968598516,234.435253364,223.744829352,177.634904486,0.015013681134,211.968619222,92.2062569593,0.0150506734008,138.02026337
2011-01-13 08:00:00,234.117724924,92.2063611305,0.0459753175948,174.181140801,0.0150034850592,0.00813545980273,0.0150861323507,0.0150001873748,211.969215464,189.282187851,192.874200196,166.016524846,85.483881542,183.194717526,183.724612731,211.968569289,403.608929183,171.694553219,211.968551128,211.967724874,211.968565392,211.968575898,189.89255501,211.96786351,177.634903717,0.0150126642197,211.968601881,0.0408138929183,0.0150196259607,103.515953516
2011-01-13 09:00:00,234.117724525,92.2063551418,0.0458907956776,174.181133933,0.0150012897409,0.00813350478112,0.0150661358782,0.0150002395535,211.96921856,189.282180978,192.874186542,0.010284575861,85.4838813284,183.194691104,183.724609844,246.030603507,403.608941487,171.694550443,211.968449727,122.942087146,211.968565385,211.968566145,175.826495641,181.233325165,143.884272644,0.0150140626657,211.968583955,0.0163513434328,0.0150234140294,103.516015838
2011-01-13 10:00:00,234.117716503,92.2063535041,0.0200235638782,174.181135795,0.0150009993082,0.00813144763737,0.0150658437383,0.0150002646832,211.969232664,189.282177092,178.58864675,0.0102764638757,85.4838804303,183.194673953,183.724611177,246.030732872,403.60893159,171.694551491,211.968441327,92.2063399426,211.968566402,211.96855778,0.0149781602291,181.23330103,143.884271772,0.0150118346914,211.968560525,0.0162554449056,0.0150359818616,103.516285618
2011-01-13 11:00:00,234.117712135,92.2063550011,0.0200078622309,174.181138923,0.0150008458078,0.00812941020725,0.0150415180892,0.0150003362381,211.969286587,189.282177827,178.587781598,0.0102682807229,85.4838766738,183.194658273,183.724642162,261.689461781,403.608934609,171.694554704,211.959440353,92.2063237698,211.968567335,211.968553723,0.010005053292,181.233291863,143.884270183,0.015009390002,211.968572255,0.0184681560832,0.015199910953,211.967032871
2011-01-13 12:00:00,234.11772238,92.2063587967,0.0200051804264,174.181139884,0.0150008396371,0.00812747572928,0.0150440462619,0.0150006011171,211.96923101,189.282182856,192.873775195,0.0100200720382,85.4838721077,183.194007057,183.724674029,261.689481367,403.60896674,171.694562763,0.0460532645371,92.2063389963,211.968565977,211.96855363,0.0150051167738,181.233305728,133.227206474,0.0150126355558,211.968592486,0.0197591632911,0.0157728676025,237.97952121
2011-01-13 13:00:00,234.117757324,92.2063582263,0.0200033891533,174.181139648,0.0150010268201,0.00812561430831,0.0150354868798,0.0150008777063,211.969319665,189.282194856,192.874195473,0.0100103187173,85.4838741565,183.194661132,183.724870561,261.689482816,403.608930029,171.69460405,0.0460519886317,92.20644993,211.968569734,211.968555409,189.892553966,181.233321682,143.884258769,0.0150112873875,211.968597443,0.0165588326647,0.0211451901002,237.979829083
2011-01-13 14:00:00,234.117858217,92.2063587725,0.0200030037352,174.181177901,0.0150021858596,0.00812382793376,0.0150377141542,0.0150054067302,211.969327198,233.681688289,238.116185143,0.010055971478,85.4838800649,183.194693776,226.820490304,261.689481476,498.282605203,211.968553427,0.0460513784767,211.968535742,211.968579684,211.968550354,189.892555889,211.968648795,143.88427131,0.0150115754547,211.968684873,0.0160658033378,0.0214029109173,237.979949311
2011-01-13 15:00:00,234.117884532,92.2063606608,0.0200032695191,215.038423331,0.0150073531906,0.00812213681466,0.0150609652218,0.015008769384,211.96933035,233.681701076,238.116290074,0.0102730543946,85.4838840591,226.166250504,226.820494362,261.689476838,498.282611031,211.968572862,0.0460506526658,211.96856017,211.968593094,211.968539652,234.435253824,223.744814512,143.884272593,0.0150116561615,211.968711692,0.016043539439,0.0215397134036,237.980110751
2011-01-13 16:00:00,234.117869547,92.2063628512,0.0200042311433,215.038431133,0.0185367980062,0.00812011655889,0.0184910367528,0.0199195688213,211.96933143,233.681702784,238.116292407,0.0102823224579,85.4838849681,226.166257207,226.820494335,261.689459983,498.282611015,211.968576082,0.0460437267171,211.9685789,211.968625953,211.968516748,234.435254396,223.744820067,177.634902131,0.0150146254685,211.968714345,0.0160615856103,0.0222194002087,237.98017482
2011-01-13 17:00:00,234.117757673,92.2063707776,0.0200048443252,215.03842986,0.0185392202356,0.00811807839209,0.0185149127856,0.0344969460309,211.96933136,233.681703762,238.116292876,0.0126871790319,85.4838849054,226.166258124,226.820492826,261.689316373,498.282610463,211.968576012,0.0345606462764,211.968581006,211.968703326,211.96738559,234.435254503,223.744820278,177.634904222,0.0150157285877,211.96871005,0.0161037853651,0.0227789391254,237.980170115
2011-01-13 18:00:00,234.117746878,92.2065308935,0.0200086289093,215.038428756,0.0185398736147,0.0081159340557,0.0185262932012,0.0344969580745,211.969331284,233.681703411,238.116290212,0.012688371964,85.4838843882,226.16625815,226.82048742,261.688718315,498.282609602,211.968575339,0.0345340788897,211.968574071,211.968640431,92.2063277276,234.435254532,223.744819482,177.634904333,0.0150133906851,211.968705156,0.0159404074722,0.0219402554345,237.97999206
2011-01-13 19:00:00,234.117725086,92.2064068176,0.0200081329215,215.038424959,0.0185395000937,0.00811378308708,0.018509104323,0.0150285677356,211.969330347,233.681701964,238.116286683,0.0126888522257,85.4838837576,226.166256384,226.8204858,246.030710344,498.28260876,211.968573967,0.0345245248778,211.968545119,211.968593563,92.2063351534,234.435254514,223.744815239,177.634904375,0.0150122058087,211.968691901,0.0154101985943,0.0215112711491,237.979958807
2011-01-13 20:00:00,234.117715343,92.2066126639,0.0200062718023,215.038420394,0.0185384748677,0.00811156727371,0.0150380143333,0.0150113320747,211.969327633,233.681700312,238.116281019,0.0126887563675,85.4838834608,226.166256057,226.82047621,211.96857426,498.282607031,211.968571234,0.0344916559647,211.968352012,211.968585371,92.2063272213,234.435254433,223.744800982,177.634904287,0.0150085977269,211.968653026,0.0152020152904,0.0214480364404,237.979991199
2011-01-13 21:00:00,234.11771092,92.2069017385,0.0200055500571,215.038413865,0.0185391658046,0.00810896994512,0.0150299778674,0.0150088309989,211.969314815,233.681698812,238.116278466,0.0126883859821,85.4838832763,226.166252293,226.820417712,211.96853838,498.282604377,211.968568283,0.0200504207283,92.206353515,211.968571815,92.206333597,234.435254258,223.744787045,177.634904098,0.0150092142534,211.968608963,0.015518934453,0.0214580928879,237.979938293
2011-01-13 22:00:00,234.117697564,92.2070419227,0.0200056791748,215.038401606,0.0185383564879,0.00810704549605,0.0150234834194,0.0150075633061,211.969213824,233.681695071,238.116271338,0.0126877282649,85.4838827647,226.166241369,183.726943097,211.968406118,498.282600081,211.968565775,0.020034021363,92.2063070696,211.968562832,92.206334184,234.435254013,223.744771341,177.634903831,0.0150071507859,211.968583306,0.0159346836625,0.0214583126243,237.979917106
2011-01-13 23:00:00,234.11768592,211.968464064,0.0200062027108,215.038389735,0.0151979337131,0.00810492155579,0.0150134928356,0.0150034717959,211.969206929,233.681689059,238.116264309,0.0126860015318,85.4838834703,226.166222213,183.72479517,171.695241486,498.282586941,211.968562094,0.0200339084484,0.0150697134352,211.968559838,92.2063349946,234.4352537,223.74478145,177.634903467,0.0150055787706,211.968572964,0.0162224850213,0.0214824344648,237.979917955
2011-01-14 00:00:00,234.117678432,211.968337193,0.0200057652417,215.038378802,0.0161860136806,0.00810286906264,0.0150106110981,0.0150048015368,211.969201441,233.681678339,238.116259529,0.012683977637,85.4838834247,226.166204637,183.72478356,211.968536048,498.282565372,211.968559501,0.0201667917293,0.0150072222874,211.968558186,211.967472491,234.435253296,223.744771545,177.634903355,0.0150036104828,211.96856748,92.2059344869,0.021598858648,237.979938959
2011-01-14 01:00:00,234.117664649,211.968509572,0.0200056496866,215.038372095,0.0150332685332,0.00810082666333,0.0150091408532,0.0150006776504,211.96917108,233.681673352,238.116256216,0.0126819489628,85.4838835109,226.166206245,183.724799829,211.968515866,498.282000406,211.968556392,0.0345311927693,0.0150067975174,211.968558601,211.967777753,234.435253108,223.74476632,177.634903084,0.0150022964559,211.968563574,92.2053338653,0.0217974586391,237.979969447
2011-01-14 02:00:00,234.117633251,211.968514813,0.0200057866061,215.038364871,0.0150232351759,0.00809886899317,0.0150082615489,0.0150002277866,211.969032225,233.681668279,238.116250894,0.0126803513272,85.4838835169,226.166204533,183.725695669,211.968481013,498.281168198,211.96855415,0.046008215296,0.0150077328008,211.968558227,211.96827812,234.435252963,223.74476343,177.634902914,0.0150017372866,211.968561894,92.2062333983,0.0224017790851,237.979989901
2011-01-14 03:00:00,234.117665679,211.968536997,0.0200048665237,215.038361207,0.0150290722348,0.00809700395635,0.0150079611338,0.0150000732464,211.969152923,233.6816664,238.11625361,0.0126785838924,85.4838833794,226.16620823,226.820365117,211.968440807,498.281195476,211.968552886,0.0460440585324,0.0150097602979,211.968558163,211.968498799,234.435252957,223.744765176,177.634902889,0.0150000182062,211.968563329,92.2062747367,0.0363542553536,237.980035706
2011-01-14 04:00:00,234.117702834,211.968549733,0.0200043437252,215.038364158,0.0185345857366,0.00809524291371,0.0150096837591,0.0149999790489,211.969163313,233.681670887,238.116260453,0.012677775435,85.4838837246,226.16621218,226.82045557,211.968497291,498.28249893,211.968553261,0.0460489055782,0.0150101320222,211.968558477,211.96853182,234.43525308,223.744779991,177.634903188,0.0150012724563,211.968567331,92.2063390369,211.962387872,237.980229242
2011-01-14 05:00:00,234.117718235,211.968553851,0.0200043627395,215.03837038,0.018540560875,0.00809377411718,0.015014460395,0.0149999349455,211.969202226,233.681679249,238.116266039,0.012677392456,85.4838838007,226.166229963,226.820469911,211.968544552,498.282589006,211.968555947,0.0460518354428,0.015008474106,211.968559927,211.968549029,234.435253345,223.744793177,177.634903569,0.0150043935238,211.968596275,92.2063871577,211.96292685,237.98033713
2011-01-14 06:00:00,234.117734869,211.968563106,0.0200054067591,215.03837086,0.0185447808542,0.00809274956659,0.0150287214098,0.0150000956468,211.969204935,233.68168403,238.116263053,0.0126781937472,85.4838844426,226.166236036,226.820470898,211.96856511,498.282593519,211.968558496,0.0460527818146,0.0150041135845,211.968571001,211.968558547,234.435253342,223.744802615,177.634903623,0.0150044874897,211.968664398,92.2064122945,211.963192127,237.980385167
2011-01-14 07:00:00,234.11773719,211.968564804,0.0200064861075,215.037629926,0.0185420207352,0.00809117134028,0.015040488704,0.0150000829459,211.969207074,211.968521286,192.874112693,0.0126784553955,85.4838848681,226.166234231,183.724604887,211.968556868,498.282591333,211.968394738,0.046053349957,0.0150050445473,211.968601493,211.968561788,234.435251312,223.744800024,177.634903323,0.0150062757136,211.968660431,92.2067292567,211.963406864,237.980390944
2011-01-14 08:00:00,211.968539402,211.968565971,0.0200061312449,174.180982986,0.0185398901008,0.00808911576477,0.0150389603354,0.0150000820159,211.969204743,189.282170715,192.87405562,0.0126759794325,85.4838369731,183.194665217,183.724581749,211.96823212,403.608912272,171.694551117,0.0460525160221,0.0150044248079,211.968665885,211.96856845,189.892550555,181.233319032,177.634901715,0.0150063026351,211.968572698,92.2100764412,211.962751471,237.977698277
2011-01-14 09:00:00,189.635440376,211.968555797,0.0200049280215,161.278304344,0.0150163377041,0.0080871425833,0.0150261178864,0.0150000480657,211.969207778,189.282162514,103.580731027,0.0101835304303,64.1130306557,183.194642002,183.724576555,113.834972997,403.608904127,171.694536559,0.0460509199486,0.0150044075343,211.968649485,211.968565377,175.82646986,181.233312149,143.884269623,0.0150053253671,211.968574711,92.2063408732,171.690814374,178.485766302
2011-01-14 10:00:00,189.635402531,211.968553156,0.020003999999,0.0100644625351,0.0150067600782,0.00808509842909,0.0150253443559,0.0149999982578,211.969209075,189.28215849,103.580510999,0.0101759232563,64.1129935398,183.194388666,183.724574279,113.834931125,403.608902193,0.0100397087223,0.0460472318022,0.0150005165348,211.96864115,211.968562744,0.0100052180848,181.233315337,143.884268452,0.0150056028027,211.968565398,92.2063563869,171.690872379,178.485315723
2011-01-14 11:00:00,189.635390066,211.968555867,0.0200032673942,0.0100439222197,0.0150021960643,0.00808301708633,0.0150224212266,0.0149999846735,211.969213919,189.282158857,103.580537888,0.0101546401793,64.1129570271,183.194628739,183.724574633,113.834925044,403.608905589,0.0100617230279,0.0460362067738,0.0149997409409,211.968600518,211.968560635,0.0100020852348,181.233307539,143.884264309,0.0150045163496,211.9685543,92.2064243618,211.941447065,178.485296553
2011-01-14 12:00:00,189.635393246,211.968562755,0.0200036095731,93.5448383534,0.0150015806355,0.00808103439095,0.015037152184,0.015000018483,211.969268951,189.282161541,103.58058763,0.0100087657985,64.1129692223,183.194649846,183.724578194,113.834925051,403.608939194,171.694517894,0.0458612744551,0.0149989381153,211.968585423,211.968556196,0.0100085110002,181.233294859,0.0150271150382,0.015004163295,211.968545907,211.968450928,211.963305547,211.967813504
2011-01-14 13:00:00,211.967890187,211.968572182,0.0200029084167,174.181043667,0.0150017675176,0.00807915438592,0.0150274202877,0.0149999695721,211.969318716,189.282173299,192.874045915,0.0100109829199,64.1129983781,183.194659225,183.724670711,113.834929339,498.282491158,171.694538611,0.0200384672707,0.0149978195224,211.968584161,211.968555995,189.892549044,181.233289822,77.2712577578,0.0150038901474,211.968552451,211.968577088,211.96840236,237.979959795
2011-01-14 14:00:00,234.117704098,211.968587441,0.0200028173016,174.181180893,0.0150089159079,0.00807721666129,0.0150277518065,0.0149999670196,211.969321164,233.681658019,211.968447535,0.0101520434763,85.4838429469,226.161114466,226.820453304,113.834953855,498.282576974,211.968544368,0.0200333069937,0.0149986070083,211.968574264,211.968549507,189.892551091,181.233312977,143.884267566,0.0150046567975,211.968581588,211.968652787,211.968543772,237.980225521
2011-01-14 15:00:00,234.117743274,211.968614048,0.020002747256,215.038355822,0.0150285499987,0.0080753459663,0.0150369834601,0.0150000391069,211.969321763,233.681672548,238.116126745,0.0101763792446,85.4838819916,226.166225268,226.820455843,113.835408112,498.282584443,211.968559185,0.0200335588453,0.0150081395997,211.968569116,211.968535949,234.435247976,223.74478314,143.884269146,0.0150054312377,211.968625386,211.968668134,211.968574747,237.980229926
2011-01-14 16:00:00,234.117753156,211.968627005,0.0200033111504,215.038365956,60.4965318926,0.00807336467987,0.0151214607574,0.0150001468308,211.969320077,233.681674235,238.116130111,0.0103311914059,85.483883951,226.166232521,226.820455564,140.536864707,498.282583945,211.968562168,0.020033474071,92.2063162564,211.968563779,211.968501684,234.43524849,223.744789321,177.634897378,0.0150070832517,211.968636999,211.968677618,211.968553634,237.980167124
2011-01-14 17:00:00,234.117749225,211.968634202,0.0200028088621,215.038368854,60.4965398623,0.00807147521271,0.0151613043497,0.0150002408472,211.969315048,233.681675107,238.116128974,0.0125638408292,85.4838841544,226.166233198,226.820454242,140.536897895,498.282582196,211.968562982,0.0200327882471,92.2063620695,211.968557522,211.967812581,234.435248569,223.744789102,177.634900021,0.0150066004853,211.968625861,211.968678156,211.968531452,237.98008691
2011-01-14 18:00:00,234.117742068,211.968631258,0.020002806624,215.038369974,60.4965397394,0.00806937275668,0.0154572065135,0.0150005269828,211.969309233,233.681674434,238.116131361,0.0125647633318,85.4838838153,226.166232671,226.820450621,140.536912454,498.282580698,211.968562807,0.0200332780259,92.2063382606,211.968555312,92.2063333194,234.435248552,223.744786373,177.634900081,0.0150051810418,211.96862072,211.968693556,211.968483699,237.980070627
2011-01-14 19:00:00,234.117727992,211.968615864,0.0200022145146,215.038369092,60.496540671,0.00806720216874,0.0150258800617,0.0150003128887,211.969227398,233.681672465,238.116125385,0.0125650673961,85.4838832886,226.166230827,226.820447084,140.536906008,498.282576553,211.968562132,0.0200319399726,92.2063125281,211.968540128,92.2063243536,234.43524849,223.744781056,177.63490012,0.0150077576353,211.968598914,211.968694203,211.968385726,237.980041677
2011-01-14 20:00:00,234.117719696,211.968617776,0.020001264104,215.038367825,60.4965409547,0.00806496439182,0.0150219496138,0.0150003564808,211.969208667,233.681670508,238.116118781,0.0125648621513,85.4838831998,226.166229482,226.820440922,140.536879889,498.282571287,211.968561878,0.0200300519862,0.0150259972989,92.206335973,92.2063226957,234.435248378,223.744770429,177.634900035,0.0150066915386,211.968581854,211.968679035,211.967867804,237.979959312
2011-01-14 21:00:00,234.117721367,211.968585036,0.0200004155178,215.038364703,60.4965415352,0.008062763207,0.0150427435028,0.015000496571,211.969198208,233.681669575,238.116112958,0.012564321784,85.4838830556,226.166225605,226.820427273,140.536757017,498.282566809,211.968560835,0.0200267074903,0.0150047962872,52.2278829411,92.20632536,234.435248191,223.744760357,177.634899898,0.0150066804477,211.968576374,211.968659548,211.963766449,237.979857591
2011-01-14 22:00:00,234.117715732,211.968570726,0.019999950195,215.03835995,60.4965416534,0.00806062164375,0.0152950383458,0.015000493216,211.968562132,233.68166593,238.116103769,0.0125636812627,85.483882569,226.166217056,226.820369456,113.834996846,498.282558881,211.96855992,0.0200078342794,0.0150028128005,52.2180766003,92.206324125,234.435247946,223.744741295,177.634899714,0.0150047798393,211.968571027,211.968642679,211.963126182,237.979485748
2011-01-14 23:00:00,234.117710779,211.968566198,0.019999516875,215.038352876,60.496541105,0.00805850811867,0.0151332153106,0.015000265459,211.968546754,233.681659881,238.116081481,0.0125621321405,85.4838821234,226.166204755,226.819875583,113.834878851,498.282540097,211.968557626,0.0200027348421,0.0150027977342,52.2180562581,92.2063238135,234.435247596,223.744752148,177.634899447,0.0150048841614,211.968565618,211.968635479,211.963057558,237.975766802
2011-01-15 00:00:00,234.117698638,211.968560256,0.019999582216,215.038344718,60.4965411863,0.00805643567225,0.018513503004,0.0150001491053,211.968548852,233.681653005,211.968580641,0.0125603145643,85.4838819181,226.166199009,184.679604117,113.835236454,498.282499106,211.968555649,0.0200051491551,0.0150017335681,52.2180552618,92.2063562959,234.435247099,223.744738175,177.634899075,0.0150086662161,211.968560457,211.968625275,211.963034032,237.979478533
2011-01-15 01:00:00,234.117680015,211.968562422,0.0199995778165,215.038338145,60.4965401647,0.00805443908357,0.0185154092893,0.014999982631,171.695083954,233.681647498,211.968548203,0.0125581483612,85.4838816591,226.166193729,226.819522783,113.834771994,498.282360988,211.968553354,0.0200022456962,0.0150007796528,52.2180344821,92.2063328978,234.435246654,223.744732095,177.634898899,0.0150235694399,211.968559198,211.968606077,211.963058444,211.970901318
2011-01-15 02:00:00,234.117370189,211.968561923,0.0200000671865,215.038336752,60.4965377551,0.00805246074787,0.0185155444136,0.0149999052206,171.695064977,233.681644491,211.968573161,0.0125558780511,85.4838815055,226.166188379,226.819981222,113.834741441,498.281214017,211.968551438,0.0200020570748,0.0150001055298,52.2180321091,92.2063302355,234.43524627,223.74471955,177.634898758,0.0150701231824,211.968557881,211.968600333,211.963022887,211.966478722
2011-01-15 03:00:00,211.968612394,211.968562857,0.0200012838097,215.038334597,60.4965350616,0.00805053340983,0.0185142164739,0.0149998657049,171.695060279,233.681641024,238.115854355,0.0125537694199,85.4838813395,226.166186447,226.820326818,113.834735412,498.281047255,211.968550572,0.0200037043798,0.0149996380245,52.2180362248,92.2063277725,234.435246053,223.744716501,177.634898659,0.0152544674405,211.968556489,211.968602188,211.963038024,178.485322197
2011-01-15 04:00:00,211.968577579,211.968565286,0.0200023449779,215.038337784,60.4965308799,0.0080486502269,0.0185102031224,0.0149998451373,171.695057139,233.681639353,238.116067137,0.0125515637165,85.4838812923,226.166189216,226.820363024,113.834732883,498.280988649,211.968550764,0.0200103973337,0.0149994612887,52.218043095,92.2063270265,234.435245833,223.74472013,177.634898594,0.0181920106973,211.968554846,211.968613477,211.963071896,178.485196188
2011-01-15 05:00:00,211.968584385,211.968568172,0.0200019903963,215.038343363,60.4965253672,0.0080467975451,0.0184751681419,0.0149998386407,171.695055771,233.681638171,238.116085307,0.0125502208161,85.4838811965,226.166189355,226.820379564,113.834732158,498.281123714,211.96855254,0.0200299157151,0.0149993390028,52.2201419094,92.2063288916,234.435245718,223.74473321,177.634898596,0.015068064688,211.968555228,211.968636783,211.963248955,178.485201808
2011-01-15 06:00:00,234.117620608,211.968589393,0.02000260771,215.038349405,60.496525504,0.0080450434972,0.0151328821146,0.0149998540602,171.695055141,233.681633142,238.116084355,0.0125484464032,85.483880944,226.166187961,226.820352421,113.83473178,498.282218242,211.96855534,0.02003188533,0.0149996999362,92.2064207672,113.834490416,234.435245204,223.744736856,177.634898481,0.0150161561795,211.968559186,211.968656192,211.963444449,178.485418112
2011-01-15 07:00:00,234.117639872,211.968616831,0.0200015408668,215.034943961,60.4964724581,0.00804336156811,0.0150170907276,0.0149998772465,171.695054652,189.282106517,192.873978149,0.0125454861856,85.4838813603,226.166182943,148.817077785,113.8347313,211.968573833,171.694542247,0.0200326779837,0.0150001259082,92.2063589961,92.2064894744,234.435231433,223.744722397,177.634898218,0.0150094048788,211.968557029,211.96868318,211.967218619,211.967853069
2011-01-15 08:00:00,189.635313161,211.968632495,0.0200010301521,174.181059557,0.0199967152546,0.00804164654816,0.0150140876006,0.0149999110311,171.695055564,189.282090853,103.580523725,0.0125413417025,85.4832932634,183.194607368,148.817062626,113.834725495,171.694554227,171.694542515,0.0200206316219,0.0150005324699,92.2070045166,211.968471433,171.69453413,211.967291157,177.634896249,0.0150140903095,211.968520952,211.968659918,211.96168964,103.521277151
2011-01-15 09:00:00,175.588338941,211.968564224,0.0199999085977,174.181067807,0.015081074332,0.00803994469084,0.0150075228844,0.0149999381246,171.695055367,0.0139530525969,0.0199667839941,0.0100993973217,64.1129356808,183.194597271,148.81705829,113.83472225,171.69454304,171.694555858,0.0200001069222,0.0150013632819,211.96824295,92.2063431378,158.976500186,181.233215254,143.884262905,0.0150171959681,171.694581672,211.96784916,171.694408225,103.521236516
2011-01-15 10:00:00,175.588210138,211.968557233,0.0199993793537,174.181069885,0.0150011999951,0.00803808869413,0.0150027658496,0.0149999475294,171.695056375,0.0100162481883,0.0109307005167,0.0100898012332,64.1128944111,183.194562229,148.817055874,113.834691207,0.0150247652723,171.694558505,0.0199995188469,0.0150020121401,211.968309154,92.2063261786,0.0108152261388,181.233189527,143.884261536,0.015018998851,171.694567339,211.967746902,171.694205162,103.521254405
2011-01-15 11:00:00,0.0151558417125,211.968558695,0.0199986315877,174.181070044,0.0150004637706,0.00803614184262,0.0150030577451,0.0149999526298,171.695060897,0.0148037021866,0.0199812479736,0.0100844346538,64.1117759911,169.625951653,148.817056388,0.0150298914623,113.845408684,171.694590206,0.0199993033388,0.0150023203655,211.96830687,92.2063198027,0.0100031108166,181.23316446,77.2712615833,0.015003189383,171.694571422,211.968341706,171.694262694,103.521335657
2011-01-15 12:00:00,175.588245052,211.968564812,0.0199996421026,174.181062294,0.0150002010892,0.00803411615918,0.0150040213078,0.0149999527069,171.695073603,189.282099167,103.580491161,0.0100641435682,64.112740406,183.19423733,148.817059775,113.834718133,171.69454515,211.968371776,0.0199999332131,0.0150026420505,211.968524879,92.2063209478,0.0149905521767,181.233137537,0.0100043060354,0.0149985301584,171.694574234,211.968525542,171.694718651,178.484875326
2011-01-15 13:00:00,175.588296504,211.968630955,0.0199985757762,174.181067247,0.0150003132253,0.00803217405892,0.0150007007766,0.0149999464251,211.968536209,189.28211125,192.873982595,0.0100079619495,64.112917833,183.194587179,183.724636876,113.83472786,171.694547248,211.968533859,0.0200001911484,0.0150024807354,92.206330445,92.2063225309,171.694526097,181.233178393,0.0100057543582,0.0150012611965,171.694570215,211.968717729,211.96639851,237.979689338
2011-01-15 14:00:00,189.635322032,211.96864125,0.0199996362599,174.181103559,0.0150387372903,0.00803025084731,0.0150016660897,0.0149999422803,211.968585688,233.68159993,211.96858968,0.0100131551882,64.1130142389,183.19460849,183.724743,113.834945815,211.967634854,211.968552054,0.0200058274103,0.0150023206631,52.2181551282,92.2063102581,171.694534548,211.967892197,133.226388571,0.0150043000221,211.968523464,211.96873846,211.968341765,237.97988959
2011-01-15 15:00:00,234.117687929,211.968645825,0.0200007818909,215.038355277,0.0162061522834,0.00802843745018,0.015011548869,0.0149999441218,211.96919554,233.681607342,238.116099838,0.0100820330471,85.4838786702,226.166161496,183.724749552,211.968523068,211.968553698,211.968560585,0.0200315208552,0.015002591581,52.2180278734,0.0150254498545,211.968560882,223.744644036,143.884262093,0.0150223521182,211.968552139,211.968772487,211.968434012,237.979946495
2011-01-15 16:00:00,234.117694871,211.968645542,0.0200017654484,215.038360785,0.0200018508819,0.00802656825014,0.0150230706325,0.0149999728695,211.969200341,233.681609625,238.116108382,0.0100902908871,85.4838820416,226.166168869,183.724749243,211.968537962,211.96855829,211.968561946,0.0200317796877,0.0150037574045,52.2180206246,0.0150111384516,211.968561739,223.744650104,177.634888067,0.0150398850835,211.968556187,211.96879148,211.968435473,237.979953047
2011-01-15 17:00:00,234.117696494,211.968643196,0.0200016972569,215.038361699,0.02000221065,0.00802466890323,0.0150339835473,0.0150000087703,211.969201785,233.68161089,238.116110197,0.0124509755248,85.4838825475,226.166170476,183.724748119,211.968543093,211.968560211,211.968562078,0.0200314686802,0.0150058393873,52.2180153131,0.0150060260864,211.96856191,223.744650272,177.634892064,0.0150759317153,211.968558297,211.968797554,211.968392753,237.979946182
2011-01-15 18:00:00,234.11769742,211.96863266,0.020001491939,215.038361056,0.0200018890273,0.00802266884671,0.0150265590884,0.0150000024618,211.969201584,233.681610567,238.116108366,0.0124522476654,85.4838820996,226.166171364,183.724742514,211.968549818,211.968566293,211.968562078,0.0200316304869,0.0150053769841,52.2180105505,0.0150045102086,211.968561936,223.74464683,177.634892169,0.0151049788703,211.96855885,211.968798904,211.968355661,237.979963378
2011-01-15 19:00:00,234.117696594,211.968579628,0.0200008380104,215.038359065,0.0200009696583,0.00802049370471,0.0150197969382,0.0149999747584,211.969200713,233.681610031,238.116105804,0.0124526332977,85.4838815039,226.166170826,183.724741236,211.96855098,211.968564678,211.968561539,0.0200047996047,0.0150039299396,52.2179982424,0.0150032472788,211.968561918,223.744643538,177.634892249,0.0151598994528,211.968559372,211.968771178,211.968190386,237.979952307
2011-01-15 20:00:00,234.117694941,211.968571005,0.0200002918135,215.038356402,0.0200005630525,0.00801824514697,0.0150177425832,0.0149999479021,211.969198027,233.681608906,238.11610249,0.0124523892799,85.4838813042,226.166170875,183.72473871,211.968551277,211.968563013,211.968560395,0.0200014468945,0.0150030209611,52.2178932373,0.0150025602563,211.968561868,223.744633818,177.634892256,0.015345773392,211.968556139,211.968736449,211.967262495,237.979899489
2011-01-15 21:00:00,234.117696534,211.968560976,0.0199998446643,215.038352191,0.0200022063526,0.00801619098281,0.0150177416739,0.0149999162591,211.96918938,233.681608294,238.116100691,0.0124519910172,85.4838813161,226.166168522,183.724733571,211.96855248,211.968560286,211.968558632,0.0200010859052,0.0150022565378,0.0150153103035,0.0150020537705,211.968561771,223.744620046,177.634892187,0.0157112344829,211.968554839,211.968715424,211.963267263,237.979816514
2011-01-15 22:00:00,234.11769333,211.968556494,0.0199993471122,215.038345691,0.020002427723,0.008014046345,0.0150189551552,0.0149998899256,211.968834049,233.681606043,238.116096152,0.012451505585,85.4838809871,226.166163591,183.724715445,211.968553369,211.968559059,211.968557236,0.0200004953777,0.0150017922704,0.0150057896473,0.0150016632393,211.96856165,223.744599181,177.634892048,0.0154250008262,211.968553185,211.968698543,211.963090572,237.979661056
2011-01-15 23:00:00,234.117690143,211.968553668,0.019998824037,215.038337666,0.0200014516469,0.00801188268846,0.0150158858622,0.0149998680742,211.968555585,233.68159779,238.116088497,0.0124502394363,85.4838811662,226.166156961,183.724673133,211.968553849,211.968558088,211.968555733,0.0200002219619,0.0150020281025,0.0150043829629,0.0150013491804,211.968561493,223.744614964,177.634891869,0.0155450417606,211.968552917,211.968678639,211.963028332,237.979165552
2011-01-16 00:00:00,234.117684971,211.968531712,0.0199988025028,215.038329525,0.0200019118002,0.00800987135942,0.0150240153129,0.0149998655203,211.968558247,233.68159204,238.116070108,0.0124480570542,85.4838817401,226.166152035,183.724653531,211.968554378,211.968558994,211.968552984,0.0200002332925,0.0150011761558,0.0150101526875,0.0150016053,211.9685612,223.744600252,177.634891731,0.0156247751659,211.968552348,211.96865608,211.963001003,237.978714616
2011-01-16 01:00:00,234.117681008,211.968462913,0.0199983782579,215.038319792,0.0200012629301,0.00800786964974,0.0150208405191,0.0149998475338,211.968535745,233.681586919,238.116025389,0.0124456439263,85.4838815926,226.166149301,183.724629481,211.968554511,211.968558576,211.968550514,0.0200000628988,0.0150005252025,0.0150073584103,0.0150014519031,211.968561054,223.744593482,177.63489152,0.016025756286,211.968552093,211.968600954,211.96295204,237.975921284
2011-01-16 02:00:00,234.117678218,92.2063823225,0.019998230513,215.038313782,0.0200011596272,0.0080058966273,0.0150322817714,0.014999829304,92.2067819033,233.681585796,238.115832602,0.0124433775649,85.4838814791,226.166149328,183.724570178,211.968554456,211.968560746,211.968548094,0.0200000316397,0.0150001087897,0.0150104030158,0.0150013451736,211.968560916,223.744579255,177.634891349,92.205820011,211.968552498,211.968557253,211.962875572,237.976231585
2011-01-16 03:00:00,234.117677822,92.2063668124,0.0199983209945,215.038307913,0.0200016639355,0.00800393188485,0.015071769263,0.0149998144919,92.2066456993,233.681586804,238.115212969,0.0124409562439,85.4838812976,226.16614829,183.72450674,211.968554968,211.968564105,211.96854711,0.0200000559724,0.0150000844913,0.0150489758221,0.0150011161503,211.968560785,223.744575433,177.634891215,211.967557623,211.968552921,211.968524693,211.962714259,211.968265089
2011-01-16 04:00:00,234.117679098,92.2063625718,0.0199985280603,215.038304561,0.0200024267272,0.00800201433595,0.0184309138193,0.0149997979369,92.2066220783,233.681588662,211.968571457,0.0124397567811,85.483881361,226.166148491,183.724495679,211.968555316,211.968566512,211.968546191,0.0200000437585,0.0150002312011,52.1921420744,0.0150010596912,211.968560601,223.744573601,177.634891089,211.968267128,211.968552756,211.968505818,211.962215164,103.522717731
2011-01-16 05:00:00,234.117678665,92.2063521588,0.0199986856229,215.038297123,0.0200028088826,0.00800015618315,0.0185002704758,0.0149997931904,92.2066154261,233.681590789,211.968542774,0.0124388486316,85.4838809301,226.166145828,183.724541916,211.968555876,211.968569317,211.968546294,0.0199999987438,0.0150006301146,52.2179331765,0.0150011057428,211.968560349,223.744574083,177.634890987,211.968392511,211.968553562,211.96849205,211.961012895,103.521724525
2011-01-16 06:00:00,234.117679553,92.2063144979,0.0199990964349,215.038282398,0.0200003758032,0.00799835822704,0.0185370902839,0.0149998025231,92.2066142668,233.681596475,211.96856329,0.0124382733241,85.4838803417,226.166142243,183.7245767,211.968555926,211.968570766,211.968547011,0.0200006432685,0.0150016074414,52.2179924473,0.01500165126,211.968559662,223.744570075,177.634890923,211.968578272,211.968554258,211.968477239,92.2042923334,103.521487328
2011-01-16 07:00:00,234.117676205,0.0150307705826,0.0199993235813,174.180939096,0.0200016270667,0.00799651337824,0.0185363987448,0.0149998105125,92.2066135349,189.28211546,0.0200077715521,0.0124345777001,85.4838798668,226.166132201,148.816962493,211.968555977,211.968560497,171.694532376,0.0200005113009,0.015004596314,52.217990323,0.0150019385909,211.968540362,223.744547944,177.634890728,211.968644475,211.96855599,211.968428347,92.2042271294,103.521402059
2011-01-16 08:00:00,175.588282279,0.0150095881286,0.0199997348903,161.278912754,0.0199998502644,0.00799477331637,0.018537593252,0.0149998302894,92.2066072192,189.282107799,0.0199950219825,0.0124363731298,64.1129304323,183.194569197,148.816955608,171.694531483,171.694547002,171.694526443,0.019999161068,0.0150156528473,52.2179876352,0.01500205929,158.976462785,171.69471344,177.634889151,211.968606579,171.694547626,211.967028893,0.0166749403478,103.521141079
2011-01-16 09:00:00,0.0100505358301,0.0150035380435,0.0199952333605,0.0100601946627,0.0151532092999,0.0079929601717,0.015023500614,0.0149998556778,92.2066060621,189.28210572,0.0199843080476,0.0100802424708,64.1128822318,183.194550843,148.816945743,171.694528261,171.694541549,171.694520131,0.0199978712711,0.0150319355498,52.2179816023,0.015002213155,0.0100026909858,171.694593087,143.884259857,211.968606569,171.694539591,92.2063116185,0.0156413308078,103.521112417
2011-01-16 10:00:00,0.0100056077454,0.0150024029721,0.0199848521358,0.0100202247436,0.0150017295016,0.00799111447404,0.0150218514628,0.0149998671311,92.206605233,189.282105153,0.0199759940947,0.010076479842,0.0100295060328,183.19443389,148.816936727,171.694499756,171.694532655,171.694493676,0.019996409632,0.0150016343137,52.2179760638,0.0150023222756,0.0100013601727,0.0100718952219,77.271382133,211.968547329,171.694525249,92.2053714355,0.0154546262886,103.521140968
2011-01-16 11:00:00,0.0100044598331,0.0150022422307,0.0199913880007,0.0100212727707,0.0150007707398,0.00798926420184,0.0150189712761,0.0149998822941,92.2066056136,189.282107124,0.0199899931764,0.0100626397584,0.0100123602613,169.625557606,148.816952773,158.979913364,171.694537716,171.694489453,0.019995607647,0.0149987297038,52.2179707796,0.0150023573434,0.0100012639837,0.0100435396276,0.0100021196902,211.96845979,171.694424582,92.2047183738,0.0154368933557,103.52121781
2011-01-16 12:00:00,0.0100077119879,0.0150021729271,0.0199986480958,0.0100687760765,0.0150001473241,0.00798735225401,0.0150216224435,0.0149998994328,92.2066076185,189.282110705,0.019996327661,0.0100086698761,0.0100134480965,169.625642972,148.816959999,171.694521914,171.694547633,171.694521071,0.0199982405918,0.0149968300826,52.2179795035,0.015002398385,0.0100013459985,0.0101775351822,0.0100021666439,211.968473499,171.694528695,92.2046805162,0.0155187383733,103.521292181
2011-01-16 13:00:00,175.588249276,0.0150015573104,0.0199988786621,161.278997017,0.0150006260686,0.00798542783919,0.0150281147347,0.0149999080447,92.2066085499,189.282392467,0.0200035067529,0.0100071774632,64.1128260758,183.194553741,148.816963408,171.694533449,171.694558403,171.694526208,0.0199990385502,0.0149970341467,52.2179727068,0.0150023971295,0.0149109600165,171.694690567,0.0100024924532,158.978756715,171.694545347,92.2063405809,0.016169094826,103.521287187
2011-01-16 14:00:00,189.635215059,0.0150011955158,0.0200006370295,174.180870307,0.0161988548069,0.00798354586668,0.0151233232583,0.0149999382142,92.206612627,233.681599429,0.0200208165259,0.0100182147628,64.1129305547,183.194576999,183.724471113,211.968401061,211.968613496,211.968416868,0.0199998353634,0.0149992780552,52.217961464,0.0150024944596,158.976473985,171.694719211,133.225810832,158.978276514,211.968530059,92.2063558904,0.0188425985353,103.521313482
2011-01-16 15:00:00,234.117692969,0.0150010602139,0.0200023798094,215.038213871,0.020051814086,0.00798169147261,92.2063485199,0.0150000282739,92.2066230554,233.681610823,0.0246947285862,0.0100735495445,85.483873474,226.166131967,183.724625575,246.031108356,261.689370359,211.968549868,0.0200058236405,0.0150093427841,52.2179532705,0.0150030932373,234.435232712,211.968763553,143.884260471,211.968806155,211.9685591,92.2063216521,0.0189622907686,103.521461207
2011-01-16 16:00:00,234.117703518,0.015000858365,0.0200048840667,215.0382316,60.496572187,0.00797974985896,113.83498179,0.0150002422657,92.2066485883,233.681613429,0.0246991086522,0.0100849553728,85.4838816429,226.166142121,183.724635337,246.031116266,261.689383787,211.968552042,0.0200315419663,92.2063495567,52.217953466,0.0150042875099,234.435239744,211.9687744,177.634886475,211.970817388,211.968561415,92.2062371156,0.0187762751911,103.521456877
2011-01-16 17:00:00,234.117705717,0.0150006804965,0.0200062143533,215.038236911,60.4965729299,0.00797780331124,113.834990688,0.0150006408199,92.2066489136,233.681614638,0.0247003670358,0.0125740397323,85.483882475,226.166145417,183.724636474,246.031118922,261.689388467,211.968552792,0.020032975635,92.2063667872,52.2179311133,0.0150040154919,234.435240249,211.968779962,177.634898894,211.971337987,211.968562414,92.2061437481,0.0186559703631,103.521420993
2011-01-16 18:00:00,234.117705304,0.0150003788571,0.0200066545612,215.03823948,60.4965729068,0.00797583980571,113.83499346,0.0150064806702,113.835305342,233.68161466,0.0247001536204,0.0125795274375,85.483882317,226.166147205,183.724640315,246.031120083,261.689390789,211.968553256,0.0200333491612,92.2063645999,52.217955421,0.0150037218431,234.43524043,211.96878135,177.63489961,211.969635856,211.968562647,92.2045238599,0.0157348183342,103.521630753
2011-01-16 19:00:00,234.117703345,0.01500021824,0.0200056367369,215.038239781,60.4965726389,0.00797389397821,113.834989823,0.0150042763639,113.835291924,233.68161399,0.0246982768637,0.012581637205,85.4838818227,226.166147872,183.724639964,246.031120829,261.689392367,211.968553129,0.0200287772065,92.2063747466,52.2179226712,0.0150030077634,234.435240578,211.968780954,177.634899947,211.97142901,211.968562325,92.2045320534,0.0154841438672,103.521507153
2011-01-16 20:00:00,234.117702095,0.0150003209454,0.0200047955192,215.038238929,60.4965724411,0.00797172086707,92.2065014627,0.0150064074933,92.2066652216,233.681613292,0.024692996589,0.0125825989565,85.4838815276,226.16614848,183.724639041,246.031120798,261.689391883,211.968553004,0.0200238985723,92.2063821947,0.0351801401791,0.0150024178215,234.435240658,211.968777952,177.634900104,211.971682328,211.968559833,92.204524825,0.0152169386676,103.521326841
2011-01-16 21:00:00,234.117704544,0.0150002010324,0.0200038950972,215.038235882,60.4965726314,0.00796970112164,92.2065391214,0.0150099884723,92.2066176016,233.681613099,0.0246875389606,0.0125827989759,85.4838815308,226.166146852,183.724639335,246.031121042,261.689390028,211.968552526,0.0200297302696,92.2063982199,0.0150220176439,0.0150019468241,234.435240666,211.968773095,177.634900025,211.971728787,211.968558159,92.2044034937,0.0150929540718,103.521292486
2011-01-16 22:00:00,234.117701715,0.0150000948856,0.020003273535,215.038230379,60.496572564,0.00796755630172,113.834942134,0.0150116858556,92.2066115537,233.681611691,0.0246427967294,0.0125827401386,85.4838812271,226.166141819,183.724642426,246.031120839,261.689386578,211.968551546,0.0200213273664,92.2064252201,0.0150078336168,0.0150015623597,234.435240605,211.96876719,177.63489968,211.971725641,211.968556024,92.2024037466,0.0150673155062,103.521271042
2011-01-16 23:00:00,234.117699835,0.0150001043706,0.0200049552224,215.038224311,60.4965722276,0.00796543609545,113.834926726,0.0150134001618,92.2066100007,233.681607966,0.0201066996766,0.0125813257224,85.4838825403,226.166135012,183.724644127,246.031121262,261.689377207,211.96855028,0.0200148035646,211.967890979,0.015004674466,0.0150014068364,234.435240511,211.968773229,177.634899207,211.971594098,211.968555338,0.104509586397,0.0150467276697,103.521246705
2011-01-17 00:00:00,234.117695745,0.0150000556379,0.0200081852975,215.038217628,60.4965721348,0.00796335658546,92.2063683187,0.0150171499619,92.2066109732,233.68160504,0.0201932401531,0.0125792605738,85.4838823281,226.166130356,183.724647301,246.031121545,261.689359486,211.968548414,0.020015575741,211.968508006,52.2179455684,0.0150024360094,234.435240326,211.968769812,177.634898684,211.971721833,211.968553963,92.204648085,0.0153092550002,103.521221529
2011-01-17 01:00:00,234.117695714,0.0150002629442,0.0200144566474,215.038212587,60.4965717529,0.00796136469985,92.206367713,0.0150212267953,92.2066111801,233.681603091,0.0200593549765,0.0125767460875,85.4838823813,226.166133212,183.724647707,246.031121728,261.689301636,211.96854603,0.0200220971335,211.968526576,0.0150240932347,0.0150025030649,234.435240277,211.968767451,177.634898274,211.97173397,211.968552519,92.2048126693,0.0152899649613,103.521191128
2011-01-17 02:00:00,234.117695812,0.0150005569659,0.0200231016553,215.03820701,60.4965708989,0.00795943512937,92.2063717648,0.0150357078255,92.2066111667,233.681601314,0.0200437692801,0.0125759533077,85.4838824106,226.166131186,183.72464899,246.031121384,261.689259617,211.968544308,0.0200383818608,211.968540911,0.015006953767,0.0150029646402,234.435240301,211.968768264,177.634898259,211.971906346,211.968552554,92.2056168741,0.0153113801039,103.521175247
2011-01-17 03:00:00,234.117700585,0.0150012970348,0.0200476094109,215.038205191,60.4965688299,0.00795760092917,113.834986227,211.966663061,92.2066115311,233.681602326,0.0200531344911,0.012574971877,85.4838825314,226.166131998,183.724650212,246.031121815,261.689351112,211.968542927,0.0200525153046,211.968552179,0.0150065954427,0.0150057485862,234.435240335,211.968767237,177.634899035,211.971984861,211.968554681,92.2063445148,0.0156431254319,103.521205213
2011-01-17 04:00:00,234.117708087,0.0150032900659,0.0209674412801,215.03820527,60.4965699433,0.0079558911508,113.835007659,211.968516554,92.2066135936,233.681602921,0.0208183495849,0.0125745624498,85.4838831354,226.16613205,183.724652092,246.031123178,261.689388679,211.968542905,0.0201495665655,211.968565076,0.0150067233148,0.0150186955593,234.435240466,211.968774638,177.634900142,211.972028125,211.968558101,92.2064124353,92.2035171687,103.521270484
2011-01-17 05:00:00,234.11771384,0.0150077593181,165.37366798,215.038206501,60.4965711456,0.00795437117933,113.835011334,211.968540503,92.2066655459,233.681605296,0.0246837582834,0.012576361109,85.483883022,226.166136748,183.724653988,246.031125167,261.68940095,211.9685434,211.968531553,211.968581767,0.0150148225394,92.2063015989,234.435240727,211.968781716,177.634900855,211.972126406,211.968566487,92.2067717048,92.2039152804,103.521310429
2011-01-17 06:00:00,234.117715032,92.2063537623,165.373691829,215.038199834,60.4965721816,0.00795308586917,113.835094514,211.968546856,113.835303654,233.681606284,0.0246873802439,0.0125798801661,85.4838839304,226.166137629,183.724654236,246.031125754,261.68940264,211.968541273,211.968558602,211.968730406,52.2179658033,92.206339912,234.435240816,211.968782389,177.634901168,211.972184348,211.96857026,211.964503957,92.2039053609,103.521375769
2011-01-17 07:00:00,234.117714578,92.2063598531,165.373708846,174.180984514,60.4965719312,0.00795139007307,113.835015145,211.968550478,113.835312705,189.282107495,0.0200027348036,0.0125827107014,85.48388437,226.166131693,148.816975205,246.031125676,261.689401727,171.694490273,211.970301216,211.968793309,52.2179629079,92.2063783044,234.435240021,211.968778668,177.634901243,211.972161328,211.968571012,211.968297036,92.2040056073,103.521405922
2011-01-17 08:00:00,189.635325669,92.2063649581,165.373712198,161.278681216,60.4965697879,0.00794938873349,113.835008712,211.96855392,92.2066118285,189.282100222,0.0199981491473,0.0125840071497,85.4838051135,183.194395613,148.816971062,199.285212991,211.968424585,171.694429671,211.968534764,211.968808698,52.2179604272,211.967966706,189.892544353,171.694689745,177.634900584,211.97216076,171.694570898,211.968462599,92.2040471711,103.521387484
2011-01-17 09:00:00,175.588312701,92.2063678307,165.37369447,0.0100387477344,49.0022224594,0.00794739425512,92.2063652718,211.968555962,92.2066108135,189.282090837,0.0199933150051,0.0101989167073,64.1129618772,0.0100783514689,148.816966974,199.2852096,211.968422223,0.0100108861737,171.694499423,211.96881953,52.2179576412,211.968437394,175.826466741,158.976792607,143.884270659,211.97174754,171.694560034,211.968484086,92.2039785573,103.52135248
2011-01-17 10:00:00,175.588201567,92.2063734508,165.373691729,0.0100200572536,0.0200054116332,0.00794535735396,92.2063573742,211.968555078,92.2066104736,189.282030836,0.0199892071106,0.010194503142,64.1129372503,0.0100253777569,148.816959269,199.285195726,211.968421496,0.0100070803972,158.977786553,211.968785933,52.2179565184,211.968527117,0.010003839617,0.0100588969588,143.884269931,211.969921773,171.694557979,211.968487515,92.2039487896,103.521343414
2011-01-17 11:00:00,0.010072506456,92.2068350577,165.373690101,0.01002151434,0.0151731139904,0.00794345227455,92.2063513862,211.968555198,92.2066117918,189.282069699,0.0199890567946,0.0101923176743,64.1128888602,0.010026178968,148.816962438,199.285194144,211.968422409,0.0100071370302,158.977865664,211.968788593,52.217957234,211.968569118,0.0100033254446,0.0100565579675,143.88426902,211.968644073,171.694558279,211.968483396,92.2039781036,103.521365397
2011-01-17 12:00:00,175.588289627,211.968525941,165.373693236,0.0100675401492,0.020006894947,0.00794150604846,92.2063555972,211.96855416,92.2066201568,189.282094584,0.0199940038179,0.0101888501802,64.1129162104,0.0101027893326,148.816970433,199.285209146,211.968425384,0.0100310611903,171.694513743,211.968763097,52.2179624627,211.968585121,0.0100066204928,0.0115573010348,143.884266973,211.968563262,171.694562738,211.968426568,92.2041213224,103.521398208
2011-01-17 13:00:00,189.635276404,211.968546988,165.373690212,161.279203026,45.3724678997,0.00793956563364,92.2063499979,211.96855467,211.9685319,189.282100809,0.0200022508911,0.0101866618949,64.1129529008,183.19452321,148.816979131,199.285216496,211.968435109,171.69448242,211.968546202,211.968752223,52.2179645567,211.968585809,189.892542708,171.694696381,143.884268549,211.968585831,171.694644675,211.968270776,92.204094724,103.52148804
2011-01-17 14:00:00,211.968541624,211.968552202,165.373688822,174.180872746,49.0022269441,0.00793765948719,92.2063560902,211.968555762,211.969203024,233.68154645,0.0200439982337,0.010192573069,85.483708321,183.194570813,183.72471193,211.968549582,211.968557949,171.694504091,261.689302722,211.968787884,52.2179706442,211.968586926,189.892545838,171.694749023,143.884270206,211.969065679,211.96855632,211.967668297,113.82976729,103.521917597
2011-01-17 15:00:00,234.117725979,211.968553842,165.373690114,215.038255195,60.4965738249,0.0079359297731,92.206358458,211.968558752,211.96921192,233.681604353,103.580447479,0.0101975658676,85.4838791849,226.166153811,183.724733557,261.689510404,261.689563142,211.968541288,261.689344962,211.968819943,52.2179846669,211.968592221,234.435299875,211.969216662,143.884272287,211.971990401,211.968573789,211.968262434,113.831608159,211.968462462
2011-01-17 16:00:00,234.117731692,211.96855569,165.373690687,215.038273468,74.6871308629,0.00793416004609,92.2063610027,211.968567477,211.969214462,233.681606319,103.58046023,0.0103169173086,85.4838839803,226.166165742,183.724737337,261.689514599,261.689568992,211.96854566,261.689348071,211.968835815,92.2058655657,211.968601548,234.435301398,211.969236627,177.635053282,211.972045446,211.968575725,211.968257281,113.831818121,237.979458873
2011-01-17 17:00:00,234.117731962,211.96855828,165.373688515,215.038278905,74.6871357302,0.00793214117009,92.2063655584,211.968825531,211.969215491,233.681607684,103.580464193,0.0125957374342,85.4838842607,226.166169593,183.724738802,261.689515986,261.689571162,211.96854714,261.689348222,211.968886567,92.2063395299,211.968598,234.435301644,211.969244124,177.63507117,211.969230356,211.968574972,211.96825973,113.831868171,237.979933695
2011-01-17 18:00:00,234.117729842,211.968569977,165.37369119,215.038280691,74.6871575885,0.0079300308116,211.96834822,211.968657346,211.969216666,233.681607986,103.58046668,0.0125977548243,85.4838838444,226.166171506,183.724739281,261.68951677,261.689572565,211.968548047,261.689347974,211.968898413,211.96851399,211.968594848,234.435301703,211.969247527,177.635071729,211.96133458,211.968574149,211.966411718,92.2059031633,237.980015481
2011-01-17 19:00:00,234.117725104,211.968569231,165.37367819,215.038280885,74.6871304252,0.00792795501159,171.694443739,211.968566785,211.96921706,233.681607386,103.580465502,0.0125985820514,85.483883236,226.16617143,183.724739195,261.68951707,261.689573222,211.968548377,261.689347091,211.968856879,211.968511252,211.96859179,234.435301715,211.969248088,177.635071946,158.979527059,211.968572924,211.967969013,92.2043985026,237.980034118
2011-01-17 20:00:00,234.117720589,211.968592255,165.373665632,215.038280253,60.4965839761,0.00792578765332,211.968509705,211.968559658,211.969215904,233.68160678,103.580463033,0.012598750196,85.483883287,226.166171785,183.724737909,261.689516124,261.689572824,211.968548426,261.6893455,211.968840348,211.96851347,211.968590302,234.43530165,211.969245533,177.635071963,211.966728848,211.968568531,211.968205477,92.2040363267,237.980006057
2011-01-17 21:00:00,234.117720133,211.968583867,165.373688889,215.038278772,60.4965776575,0.00792359977192,211.968541568,211.968556437,211.969213902,233.681606596,103.580461088,0.0125985725302,85.4838830178,226.166170064,183.72473566,261.689513252,261.689572045,211.968547944,261.689341589,211.968832854,211.968515611,211.968586818,234.435301486,211.969242425,177.635071815,211.968489812,211.968565544,211.967857898,92.2039744406,237.979990829
2011-01-17 22:00:00,234.117714963,211.968571466,165.373691589,215.038273099,60.4965760683,0.00792134944847,211.968547008,211.96855336,211.96921083,233.681604733,103.580457518,0.0125980073017,85.4838826044,226.166165104,183.724732646,261.689508149,261.689570749,211.968547562,211.968558736,211.968822246,211.968483265,211.968581227,234.435301269,211.969236253,177.635071541,211.968514275,211.968562418,211.967316166,92.2039481673,237.979977686
2011-01-17 23:00:00,234.117712551,211.968568096,165.373693209,215.038265858,60.4965753926,0.00791917042839,211.968544427,211.96855204,211.969203767,233.681602445,103.580454221,0.0125964179243,85.4838825357,226.166159036,183.724730248,261.68950243,261.689567494,211.968546457,211.968553614,211.968817045,211.968330457,211.96857687,234.43530097,211.969240001,177.635071156,211.968532422,211.968560061,211.967786283,92.203950065,237.97997951
2011-01-18 00:00:00,234.117708995,211.968567483,165.373691014,215.038258739,60.4965764372,0.00791714502204,211.968551184,211.968547236,211.969201093,233.681600012,103.580449736,0.0125947388724,85.4838828343,226.166156788,183.724727338,261.689490099,261.689565536,211.968544917,196.267129257,211.968773746,211.968536056,211.96857505,234.435300604,211.969236854,177.63507073,211.968661919,211.968557708,211.968438468,92.2040421697,237.979943142
2011-01-18 01:00:00,234.117706936,211.968567291,165.373692845,215.038254352,60.4965761265,0.00791520689426,211.968547935,211.968546027,211.968573969,233.681597959,103.580447085,0.0125929478288,85.4838827309,226.166156409,183.724726389,261.689488882,261.689559581,211.968543015,196.267054385,211.968671912,211.968531942,211.968567573,234.435300414,211.969234564,177.635070441,211.968693316,211.968556294,211.968436926,92.2042761019,237.979979746
2011-01-18 02:00:00,234.117706432,211.968569052,165.373693521,215.038249543,60.4965764756,0.00791327713615,211.968533581,211.96854798,211.968551763,233.681596598,103.580442956,0.0125914883759,85.4838828769,226.166154758,183.724725559,261.68946609,261.689554968,211.968541778,211.968344264,211.968598533,211.968531594,211.968546514,234.43530033,211.969234644,177.635070444,211.968858802,211.968556158,211.968472456,92.2247232898,237.980002006
2011-01-18 03:00:00,234.117708287,211.968587145,165.373695057,215.03824653,60.4965776362,0.00791141583452,211.968525118,211.96854934,211.968503274,233.68159546,103.580445134,0.0125906307702,85.4838828898,226.166154175,183.724729441,261.689447369,261.689560523,211.968540573,211.96837366,211.968582386,211.968535441,211.96853467,234.435300419,211.969234774,177.635070777,211.969263234,211.968557343,211.968536218,211.96299734,237.980000193
2011-01-18 04:00:00,234.117715987,211.96865532,165.373696357,215.038246327,60.4965801049,0.00790963163099,211.968526114,211.968549634,171.695077161,233.681595053,103.580450903,0.0125897996579,85.4838827935,226.16615449,183.724735755,261.689468234,261.689569179,211.968540539,211.968547589,211.968575424,211.968537451,211.96854134,234.435300654,211.969239398,177.635071565,211.971998951,211.968560718,211.968639897,211.963330345,237.980020358
2011-01-18 05:00:00,234.11772438,211.968662997,165.373702491,215.038245446,74.6871306642,0.00790817647297,211.968539853,211.96855045,171.695083698,233.681594931,103.580454579,0.0125903228624,85.4838835509,226.166157854,183.72474061,261.689510285,261.68957562,211.968541042,261.689341576,211.968580984,211.96854349,211.968576369,234.435301126,211.969244183,177.635072233,211.971919404,211.968568692,211.968744433,211.967498708,237.980017289
2011-01-18 06:00:00,234.117727275,211.968667755,165.373771589,215.038237699,74.687135618,0.00790687292312,211.968554063,211.968552408,211.968500169,233.681592458,103.580449574,0.0125924348992,85.4838843833,226.166159058,183.724741296,261.689516983,261.68957712,211.968539467,261.689352049,211.968662457,211.968555034,211.968576252,234.435301336,211.969246605,177.635072497,211.971934285,211.96857136,211.968771867,211.967730807,237.980105719
2011-01-18 07:00:00,234.117725824,211.968665579,165.373779533,174.180893693,74.6871360276,0.0079052400639,211.968553944,211.968553336,211.968509276,189.282067934,0.0203851389988,0.0125939916082,85.4838846636,226.166148632,148.817047608,261.68951803,261.688168201,171.694505415,261.689353958,211.968825204,211.968557699,211.968586723,234.435299983,211.96924287,177.635072524,211.971719685,211.968572006,211.96878388,211.967899426,237.980087753
2011-01-18 08:00:00,189.635339749,211.968663952,165.373778087,161.278825977,74.687135149,0.00790322082263,211.968552745,211.968553154,171.69506824,189.282020588,0.0200048569177,0.0125943252275,85.4838662742,183.194542705,148.817043848,211.968555978,211.968566049,171.694438939,261.689352894,211.968837511,211.968557133,211.968588147,189.892593812,171.695067963,177.635071482,211.96853571,171.694570603,211.968781447,211.967707973,237.980036664
2011-01-18 09:00:00,175.588332978,211.968660166,165.373765563,0.0100543799454,60.4965812937,0.00790118751745,171.694550678,211.968552526,171.695068217,0.0100165913928,0.0199776591628,0.0102032204992,64.1132327394,0.0132580662815,148.817040801,211.968526513,211.968562814,0.0100160472542,261.689350873,211.968843575,211.968555276,211.968588708,189.892589148,158.978256206,143.884409558,211.968499949,171.694556266,211.968768871,211.967522371,237.980031233
2011-01-18 10:00:00,0.0102028928977,211.968659369,165.373711254,0.010022996287,60.4965798264,0.00789916930284,171.694528695,211.964637367,171.695067798,0.0100080617315,0.010138824551,0.0101988515436,64.1129918597,0.0100384428797,148.817037634,211.968522977,211.968560792,0.0100074969473,261.689345369,211.968542905,211.968553219,211.968587906,0.0100193915801,0.0100691894116,143.884408711,211.968481214,171.694550633,211.968758051,211.967801558,237.980018554
2011-01-18 11:00:00,0.0100219291618,211.968663753,165.373700881,0.0100238568671,60.4965799572,0.00789718470804,171.694523521,92.2063228259,171.695069206,0.0100178061751,0.0198907974849,0.0101924779777,64.1129692815,0.0100335174164,148.817039869,211.968536084,211.968560653,0.0100104384415,261.689336437,211.968524794,211.968551107,211.968586691,0.0100043401398,0.01006691135,143.884408146,211.968517004,171.694540809,211.96876563,211.968012359,237.98002427
2011-01-18 12:00:00,175.588291351,211.968669141,165.373766517,0.0100774458707,60.4965813785,0.00789519278814,171.694534422,158.97667863,171.695072781,175.262545468,0.019993658905,0.0101657938859,64.1129905601,0.0101793022814,148.817045477,211.968668927,211.968561861,158.976512332,261.689349737,211.968484582,211.968553986,211.968591992,0.0100210669063,158.97771709,143.884407462,211.968537076,171.694541734,211.968786852,211.967848886,237.980015275
2011-01-18 13:00:00,175.588739307,211.96867051,165.373724026,161.28057698,60.496582995,0.00789334882727,171.694518803,158.97673696,171.695080721,189.282066851,0.0203342354691,0.0101172510852,64.1130410926,183.194549886,148.81705926,246.030728339,211.968565466,171.694504722,261.68935169,211.968519388,211.968552582,211.968590196,189.892592921,171.695072403,143.884408165,158.979313593,171.694553621,211.968801426,211.967852115,237.980016208
2011-01-18 14:00:00,211.968531549,211.968671513,165.373695094,174.180851818,60.4965950503,0.00789148991403,171.694535896,211.968552429,211.968547891,233.681492764,0.0205142872709,0.0101943479605,85.4838656049,183.194596244,226.82032958,261.689514506,211.968601509,171.694577632,261.689353363,211.968554818,211.96855234,211.968587117,189.89259512,171.69512061,143.884409002,158.979434914,211.96853425,211.968816137,211.967867321,237.980028506
2011-01-18 15:00:00,234.11775527,211.968673363,165.373706228,215.03833729,176.21190023,0.00788981255561,211.968544582,211.968553846,211.968575564,233.681571127,238.115892549,0.0102009660506,85.4838831405,226.166200953,226.820353554,261.68952429,261.68958501,211.968561323,261.689364053,211.968757634,211.968553423,211.968586538,261.689579389,223.744774545,143.884411489,211.970678269,211.968573732,211.968823204,211.967867352,237.98003653
2011-01-18 16:00:00,234.117765398,211.96867412,165.373710257,215.03835889,176.211913561,0.00788793305747,211.968563926,211.96855546,211.969199408,233.681574082,238.115914342,0.0102289601574,85.483884274,226.166216207,226.820357846,261.689524672,261.689586775,211.968568688,261.68937561,211.968880699,211.968554447,211.968590467,261.689581089,223.744819116,177.635070955,211.971711152,211.968576766,211.968821597,211.967630092,237.980029397
2011-01-18 17:00:00,234.117766418,211.968675489,165.373701924,215.038365715,176.211915086,0.00788588474023,211.968597886,211.968557449,211.969205716,233.68157599,238.11591906,0.0125969430152,85.4838844523,226.166221228,226.820359447,261.689524615,261.689587501,211.968571848,261.689375859,211.984197687,211.968555539,211.968588306,261.689581377,223.744834756,177.635073214,211.968596125,211.968576759,211.968813454,211.966079179,237.980025538
2011-01-18 18:00:00,234.117761774,211.968675698,165.37372731,215.038368601,176.211915838,0.0078839078595,211.968646621,211.96855757,211.968563124,233.681576552,238.115921007,0.0125985985091,85.4838841539,226.166223295,226.820360015,261.689524831,261.689588006,211.968573338,261.689360442,211.983803064,211.968556646,211.968592746,261.689581474,223.744841857,177.635073358,211.968466019,211.968576534,211.968812286,211.963896066,237.980013554
2011-01-18 19:00:00,234.117748364,211.968674444,165.373697769,215.038369009,176.211915635,0.00788189299975,211.968648624,211.968556196,211.968567041,233.681576227,238.115919163,0.0125992466979,85.4838837013,226.166223517,226.820359737,261.689524079,261.689588074,211.968573776,261.689353803,211.969222242,211.968555733,211.968590513,261.689581482,223.744841927,177.635073401,211.968161869,211.96857522,211.968799221,211.963335876,237.979999931
2011-01-18 20:00:00,234.117732724,211.968675768,165.373694706,215.03836845,176.211915572,0.00787980489578,211.96864978,211.968554917,211.96904131,233.681575922,238.115915035,0.0125992508409,85.4838834488,226.166224061,226.820358137,261.689522598,261.689587585,211.968572851,261.689352949,211.96891762,211.968554793,211.968583945,261.68958142,223.744830545,177.635073277,211.966021931,211.968570977,211.968780853,211.96314037,237.979930598
2011-01-18 21:00:00,234.117733246,211.968673037,165.373692419,215.038365501,176.211916157,0.00787763802676,211.968654075,211.968554149,211.969202917,233.681575891,238.1159141,0.0125989654807,85.4838832858,226.166222425,226.820354042,261.689519998,261.689586828,211.968572156,261.689352389,211.968866278,211.968553111,211.968564914,261.689581242,223.744811335,177.635072986,211.968429313,211.96856758,211.968749845,211.96291186,237.979880551
2011-01-18 22:00:00,234.117722051,211.968668749,165.37368923,215.038360081,176.211916163,0.0078753889961,211.96865723,211.968553584,211.969205992,233.681574548,238.11591046,0.012598242405,85.4838828375,226.166215308,226.820348811,261.68951709,261.68958549,211.968569817,261.689347935,211.968850827,211.968549834,211.968522852,261.689580968,223.744820615,177.635072463,211.968526856,211.968564216,211.968710323,211.94623976,237.979788296
2011-01-18 23:00:00,234.117718343,211.968664076,165.373680787,215.038351288,176.211915848,0.0078733857304,211.968654839,211.968552946,211.969205294,233.681572828,238.115908782,0.0125967147136,85.4838831463,226.16620393,226.820342139,261.689514109,261.689582562,211.96856609,211.968561919,211.96884641,211.968545198,211.968456495,261.689580539,223.744795983,177.6350717,211.968564108,211.968561617,211.968665704,171.694222312,237.9797777
2011-01-19 00:00:00,234.11771482,211.968662021,165.373690143,215.03834351,176.211916209,0.00787136584989,211.968667285,211.968550428,211.969207007,233.681570946,238.115912786,0.0125947039618,85.4838827149,226.16619671,226.820337281,261.689512169,261.689579524,211.968561786,211.968556074,211.968829691,211.968543716,211.968460266,261.689580023,223.744784766,177.635071205,211.968541682,211.968558911,211.968628664,171.693700955,237.978161151
2011-01-19 01:00:00,234.117712155,211.968658385,165.373680508,215.03833972,176.2119161,0.00786938417373,211.968668174,211.968551351,211.969198039,233.681569137,238.115912201,0.0125926320454,85.4838831668,226.166195718,226.820336891,261.689509054,261.689574772,211.9685582,211.968544354,211.968812436,211.968541774,211.967607383,261.689579728,223.744779223,177.635070667,211.968552886,211.968557741,211.968605215,171.693629182,237.964256193
2011-01-19 02:00:00,234.11771149,211.968660639,165.373632877,215.038337408,176.211915871,0.00786746190684,211.968670006,211.968551872,211.969177804,233.68156856,238.11591208,0.0125912776435,85.483883182,226.166194234,226.820339213,261.689495179,261.689571771,211.968556571,211.968534784,211.968795521,211.968541937,211.968284622,261.689579464,223.744779511,177.635070304,211.968576156,211.968557974,211.968598716,171.693838823,211.971267548
2011-01-19 03:00:00,234.117714049,211.968667195,165.373509655,215.03833898,176.211915896,0.00786556688345,211.968669807,211.968552798,211.969185475,233.681567916,238.115913902,0.0125901140818,85.4838832352,226.166195858,226.82034762,261.689480162,261.689575328,211.968555663,211.968547662,211.968775875,211.968545955,211.968516194,261.689579615,223.74478842,177.635071049,211.968677907,211.968559191,211.968613819,171.694186046,237.978523305
2011-01-19 04:00:00,234.11772176,211.968674409,133.95401076,215.038344238,176.211916168,0.00786381017835,211.968670836,211.968552997,211.969199366,233.681567439,238.115918126,0.0125895331653,85.4838831353,226.166199345,226.82035701,261.689470626,261.68958166,211.968557437,211.96855256,211.968745754,211.968549094,211.968558091,261.689580045,223.744819066,177.635072337,211.969137801,211.968562797,211.968686218,211.963052782,237.979911083
2011-01-19 05:00:00,234.117748028,211.968677145,165.373667171,215.038353403,176.211916726,0.00786238481217,211.96867407,211.968553409,211.969212111,233.681568399,238.11592129,0.0125898691002,85.4838835607,226.166214299,226.820362809,261.689503337,261.689587416,211.968563697,211.968561159,211.968745372,211.968552836,211.968589706,261.689580888,223.744868972,177.635073205,211.971315314,211.968572394,211.96875134,211.963196762,237.980020579
2011-01-19 06:00:00,234.117768901,211.968677178,165.373695011,215.038362629,176.211917144,0.00786141413001,211.968676774,211.968554933,211.96922048,233.681567988,238.115920916,0.012591530833,85.483884456,226.166220095,226.82036447,261.689509132,261.689588484,211.968571619,261.689353534,211.968822813,211.968558383,211.968597671,261.689581215,223.744874344,177.635073554,211.972398426,211.968577163,211.968768976,211.963152581,237.980082939
2011-01-19 07:00:00,234.117770214,211.968675806,165.373695164,174.181523166,176.211917,0.00785980290649,211.968677455,211.968556425,211.969234766,189.282066914,192.873883104,0.0125926452356,85.483884895,226.166207834,183.724507335,261.689487559,261.689587155,171.694578344,261.689354248,211.968845627,211.968565628,211.968600269,261.68958054,223.744877794,177.635073562,211.971851005,211.968578125,211.968768603,211.963221221,237.980156942
2011-01-19 08:00:00,234.117703502,211.968674111,165.373694493,174.18107347,176.211916071,0.00785776854729,211.968677564,211.968556432,211.969216112,189.282034425,178.586912395,0.0125922364288,85.4838827867,183.194645976,183.724500667,211.968543947,211.968622152,171.694566561,261.689352287,211.968849928,211.968567881,211.968601211,211.968561703,181.23360342,177.635072445,211.968726568,211.968514186,211.968733338,211.963147397,237.980149703
2011-01-19 09:00:00,234.11771293,211.968660603,71.9375630945,161.279283378,142.731659099,0.00785582206949,171.694638035,211.9685551,211.969216698,0.0100300541257,0.0206837289057,0.0102012299658,85.4838807979,183.194629974,183.724498456,211.968519048,211.968604739,171.694557351,211.968557647,211.968854033,211.968564552,211.968602046,211.968560791,181.233383634,143.88441083,211.968558041,211.968518295,211.968688413,211.962976944,237.980140331
2011-01-19 10:00:00,234.117715063,211.968637716,71.9375605747,0.0103087173811,142.731652477,0.00785370948556,171.694627652,211.968553939,211.969216684,0.0100141380052,0.0100850955928,0.0101950901678,85.4838775898,183.194609078,183.724497083,211.968515622,211.968590526,171.69455529,211.968551353,211.968524706,211.968565229,211.968601484,211.968560118,181.233380016,143.884409739,211.9685753,211.968521006,211.96867403,211.962461158,237.980146596
2011-01-19 11:00:00,234.117715087,211.968666093,71.9375680201,161.279291196,142.731649973,0.00785154315889,171.694627298,211.968554211,211.969219265,0.0100166999869,0.0199398433288,0.0101879197878,85.4838654214,183.19463023,183.724498216,211.968517238,211.968595014,171.694556863,211.9685136,171.709465623,211.968563999,211.968601126,211.968558962,181.233393563,143.88440928,211.968474537,211.96853218,211.968706366,211.962999082,237.980230116
2011-01-19 12:00:00,234.117716199,211.9686753,165.37353789,174.181086999,142.731645949,0.00784955832746,171.694635798,211.968554483,211.96921828,189.281950798,103.580473565,0.0100691773536,85.4838702624,183.194647054,183.724502863,211.968556733,211.968630752,171.694563815,211.968546336,211.968300168,211.968563051,211.968598116,211.968559768,223.744426186,143.884409008,211.968663005,211.968547808,211.968742734,211.96317398,237.980243092
2011-01-19 13:00:00,234.117721156,211.968675721,133.9527026,215.0382215,132.158961145,0.00784769966429,171.694646928,211.968554619,211.969231935,189.282069168,192.873881141,0.0101514100141,85.4838795815,226.166169595,183.724522751,246.030676494,261.689565595,171.694596083,211.968414361,211.968351148,211.968562172,211.968599339,211.968560873,223.744884273,143.884409269,158.979963627,211.968559574,211.968764674,211.963308384,237.980300797
2011-01-19 14:00:00,234.117725002,211.968676446,133.952703314,215.038458069,142.73164742,0.00784584742845,211.96856065,211.968555561,211.969259964,233.681456593,211.968577626,0.0101888651449,85.4838806428,226.166217947,226.820415255,261.689468285,261.689584136,211.968550027,211.968556387,211.968540784,211.968562547,211.968600566,234.435161447,223.744893163,143.884409884,211.968503274,211.968570023,211.968778267,211.966726217,237.980430903
2011-01-19 15:00:00,234.117742601,211.968676928,165.373691109,215.0385693,171.694524955,0.00784402619214,211.968652481,211.968557275,211.969265961,233.681606952,238.116017863,0.0101947331589,85.4838838016,226.166224738,226.820430194,261.689511993,261.689585955,211.968628615,261.689353687,211.968642546,211.96856375,211.968604134,261.689581064,223.744891361,143.884416881,211.972366521,211.968576169,211.968795807,211.96742386,237.980827193
2011-01-19 16:00:00,234.11774652,211.96867654,165.373693543,215.038604556,176.211916538,0.00784218805644,211.968660823,211.968566842,211.969267296,233.681611989,238.116026458,0.0102049229037,85.4838847708,226.166227947,226.82043369,261.689513236,261.689584799,211.96864219,261.689354204,211.968866201,211.968567029,211.968613056,261.689581458,223.744896492,177.635072603,211.972334535,211.968575735,211.968798002,211.96639688,237.980850215
2011-01-19 17:00:00,234.117740257,211.968677044,165.373693261,215.038613025,176.211916873,0.00784021402783,211.968666096,211.968600394,211.969267599,233.681614636,238.116029066,0.0125876920527,85.4838849216,226.166228171,226.820435304,261.689513591,261.689582365,211.968646181,261.689353959,211.969104982,211.96856829,211.968609923,261.689581484,223.744898513,177.635073707,211.969487068,211.968572395,211.968789626,211.963354271,237.980697809
2011-01-19 18:00:00,234.117737731,211.968677848,165.373694757,215.038615099,176.211917019,0.00783823123449,211.968675854,211.968667779,211.969266988,233.681615762,238.116029529,0.0125891655781,85.4838844673,226.166226648,226.820436266,261.689518037,261.689580804,211.968649036,261.68935449,211.970240327,211.968562778,211.968602698,261.689581402,223.744897022,177.635073747,211.970403851,211.968571098,211.968750331,211.96314927,237.980476742
2011-01-19 19:00:00,234.117721728,211.968676029,165.373691399,215.038613414,176.211916294,0.00783610452895,211.968670801,211.968569382,211.969266051,233.681615731,238.116027538,0.0125896066589,85.4838840191,226.16622484,226.820435631,261.689517318,261.689577042,211.968649763,261.689352094,211.968916861,211.968560628,211.968599129,261.689581304,223.744892072,177.635073715,211.968521022,211.968566422,211.968759922,211.963044846,237.980277351
2011-01-19 20:00:00,234.117718221,211.968677816,165.373687629,215.038601942,176.211915852,0.00783394848133,211.968668669,211.968561637,211.969260389,233.681615621,238.116024223,0.0125895337882,85.4838838385,226.166222128,226.820433587,261.689515596,261.689570795,211.968649058,261.689349045,211.968871956,211.968558805,211.968588324,261.689581083,223.74486163,177.635073572,211.968500544,211.968560489,211.968753029,211.961970343,237.980155511
2011-01-19 21:00:00,234.117714893,211.968673121,165.373672041,215.038577904,176.211916437,0.00783182421788,211.968677196,211.968559189,211.969232772,233.681615502,238.116021179,0.012589267567,85.4838837242,226.166216536,226.820429392,261.689511697,261.689560365,211.968642246,261.689321272,211.96885829,211.968557154,211.968573046,261.689580694,223.744831495,177.635073335,211.968717387,211.96855731,211.968744448,171.694283983,237.980078889
2011-01-19 22:00:00,234.11770886,211.968657786,165.366053346,215.038488874,176.211916453,0.00782951624053,211.968679308,211.968557287,211.969217654,233.681614149,238.116015046,0.0125886057067,85.4838832886,226.166201324,226.820422583,261.689507154,261.689531673,211.968635235,211.968558573,211.968849147,211.968554712,211.968547551,261.689580053,223.744803854,177.63507294,211.970131336,211.968553517,211.968735166,171.694236021,237.980041336
2011-01-19 23:00:00,234.117705107,211.9686254,133.952675505,215.03842371,176.211916172,0.00782729584417,211.968678713,211.968555788,211.969213693,233.681612051,238.1160087,0.0125870212982,85.4838833585,226.166177073,226.820414625,261.689503365,211.969355349,211.968604658,211.968554121,211.968849205,211.968551891,211.968537452,261.689579079,223.744818784,177.635072435,211.972135836,211.968550065,211.968729112,171.694180541,237.980020367
2011-01-20 00:00:00,234.117699534,211.9686132,133.952659906,215.038398245,176.211916311,0.00782526678396,211.968677268,211.968556633,211.969211018,233.681609636,238.116007523,0.0125849022617,85.4838835331,226.166116367,226.8204104,261.689498681,211.968573278,211.968574647,211.968549718,211.968842385,211.968550468,211.968530888,261.689578258,223.744801016,177.635071817,211.972458673,211.968547043,211.96872321,171.694220924,237.979993939
2011-01-20 01:00:00,234.11769846,211.968632972,133.952531386,215.038386886,176.211915594,0.00782327359979,211.96867037,211.968555727,211.969208074,233.681608485,238.116004737,0.0125827006892,85.4838838473,226.166090487,226.820408895,261.689497623,211.968563718,211.968565254,211.968413611,211.968829865,211.968549046,211.968539983,261.689576869,223.74478401,177.635071444,211.972436837,211.968544537,211.968716589,171.694347591,237.979988491
2011-01-20 02:00:00,234.117699158,211.968638946,71.9376010312,215.038384281,176.211915324,0.00782135689255,211.968648621,211.968555096,211.969206736,233.681607686,238.116001513,0.0125807602458,85.4838838067,226.166059031,226.820415324,261.68949685,211.968561268,211.968561289,211.968529495,211.968818903,211.968546772,211.968551566,261.689574811,223.74479046,177.635071194,211.972423646,211.968541945,211.968722468,171.694867134,237.979996704
2011-01-20 03:00:00,234.117704328,211.968658147,133.952538348,215.038387083,176.211915531,0.00781948886636,211.968565303,211.968554762,211.969209323,233.681607402,238.116001274,0.0125793160495,85.4838835525,226.166034808,226.820423338,261.689501775,211.96856027,211.968560361,211.968557618,211.96880702,211.968545094,211.968560516,261.689575664,223.744795588,177.635071303,211.972421591,211.968542316,211.968739844,211.962884263,237.980016731
2011-01-20 04:00:00,234.117714532,211.968675484,133.952658688,215.038399835,176.211916254,0.0078177307297,211.968558134,211.968554463,211.969211676,233.68160853,238.116006564,0.0125783558333,85.4838837011,226.166080636,226.820432691,261.689506965,211.968570704,211.968562235,261.689330909,211.968794957,211.968545401,211.968578551,261.689577592,223.744829148,177.635071912,211.972415045,211.968544719,211.968777409,211.963264999,237.980071002
2011-01-20 05:00:00,234.117734388,211.968679333,133.952713691,215.038450095,176.211916985,0.00781640250517,211.968585089,211.968554691,211.969216207,233.681611492,238.116011434,0.012578209533,85.4838839154,226.166151609,226.820438741,261.689510607,261.68911148,211.968579076,261.689354452,211.968795715,211.968550092,211.968595964,261.689579418,223.74486386,177.635072389,211.97244824,211.968549913,211.968813699,211.968073419,237.980142989
2011-01-20 06:00:00,234.117750298,211.968680558,165.373663944,215.038572746,176.211917421,0.00781539213859,211.968676953,211.968557039,211.969243812,233.681613432,238.116005856,0.0125796280716,85.4838847309,226.166175333,226.8204409,261.689510427,261.689492214,211.968640688,261.689355347,211.968833379,211.968558328,211.968604084,261.68958005,223.744892024,177.635072408,211.972519405,211.968551936,211.968835097,211.968364759,237.980153564
2011-01-20 07:00:00,234.117748239,211.968680896,165.373681749,215.038608116,176.211916929,0.00781388582065,211.968675124,211.968559236,211.969240641,189.282110473,192.874047955,0.0125800242926,85.4838852034,226.166169876,183.724649237,261.68950635,261.689371457,211.968564529,261.689356019,211.968856895,211.968564219,211.968605499,261.689579249,223.744893206,177.635071894,211.972509889,211.968546302,211.968838845,211.968433329,237.980154208
2011-01-20 08:00:00,189.635389257,211.968681094,165.373687083,215.038510456,176.211908993,0.00781168087357,211.968667529,211.968559652,211.968589908,189.282105103,192.873944841,0.0125781264144,85.483874916,183.194639302,183.724616321,211.968472256,211.968484013,211.96854856,261.689353326,211.968862327,211.968567011,211.968603586,234.435208379,211.968264112,177.635068518,211.972290857,171.694515927,211.968738317,211.963621064,237.979842004
2011-01-20 09:00:00,189.635366584,211.968661787,133.952018509,215.038421221,128.771097587,0.00780948859635,171.694628699,211.968556794,211.968561918,189.282059126,192.873932139,0.0101676773501,85.4838653168,183.19462042,183.72458847,211.968466548,211.968477716,211.968516669,261.689349193,211.968877038,211.968563023,211.968599376,211.968560255,181.233415221,143.884257308,158.979475847,171.694497328,211.968630136,211.963327269,237.979253568
2011-01-20 10:00:00,175.588589305,211.968588549,71.9375653263,215.038413031,76.6521830451,0.00780747913618,158.977120002,211.968554976,211.968559424,175.262019467,192.873921502,0.0101592784708,85.4838499343,183.194617565,183.724572175,211.968464002,211.968475632,171.694728521,261.689339335,211.968555304,211.968562815,211.968597153,211.968559474,181.233389738,143.88425535,158.979407224,158.977354443,211.968661841,211.963276242,211.968668572
2011-01-20 11:00:00,189.632817897,211.96865009,71.9375608575,215.038431855,76.6521813228,0.00780534583433,92.2063832637,211.968555204,211.968665381,189.282078194,192.873929585,0.0101531216235,85.4838110502,183.194622185,183.724573457,211.968463635,211.968477136,211.96852511,261.689337189,211.968536741,211.968562299,211.968597355,211.968559136,181.233383223,77.2712741265,158.97935681,158.977322381,211.968752984,211.963568115,211.968545918
2011-01-20 12:00:00,189.635372147,211.968678113,133.952647133,215.03849516,76.6521831228,0.00780333663541,158.977117753,211.968556603,211.969199145,189.282109611,192.873936622,0.0100170948819,85.4838457909,226.165755208,183.724597389,211.968465064,211.968521984,211.968544059,261.68935356,211.968536225,211.968562695,211.968603139,211.968559214,181.2333829,0.0148693646305,158.979371846,171.694503561,211.968836807,211.967447588,237.980009674
2011-01-20 13:00:00,189.635381446,211.968679471,133.95266666,215.038542552,76.6521838878,0.00780144438499,158.981120817,211.968556725,211.969211917,189.282130927,192.873952022,0.0100059251811,85.4838713611,226.166084041,183.724650592,211.968467494,211.968566077,211.968551486,261.689354335,211.968537079,211.968560298,211.968605004,211.968559479,181.233393426,0.0149975251488,158.979359228,171.694516405,211.96886759,211.968451495,237.980082632
2011-01-20 14:00:00,234.117691255,211.968680822,165.373669057,215.038624175,128.77103847,0.0077994997356,171.69462898,211.96855786,211.969218825,233.68171103,238.115939595,0.0100138236885,85.4838787245,226.166140466,226.820438521,246.03067001,261.689457907,211.968590615,261.689356393,211.968558506,211.968559289,211.968605347,234.43515174,223.744682972,143.884250401,158.979422088,211.968516805,211.968894655,211.968565553,237.980156996
2011-01-20 15:00:00,234.11774533,211.968682709,165.373705319,215.038670001,139.072684839,0.00779781325602,211.968643784,211.968562047,211.969239198,233.681756387,238.115972064,0.0101514952688,85.4838834209,226.166161295,226.820442853,261.689460632,261.689462786,211.968665124,261.689396701,211.968793949,211.968559774,211.968607433,261.689578339,223.74487672,143.884255542,211.968353105,211.968533272,211.968916242,211.968576844,237.98025617
2011-01-20 16:00:00,234.117750394,211.968683192,165.373768041,215.038689745,171.694666391,0.00779602409075,211.968683524,211.969209148,211.969246143,233.681765813,238.11597448,0.0101601618651,85.4838849053,226.166164839,226.820443417,261.689460564,261.689460741,211.968669713,261.689399369,211.968922072,211.968562028,211.968618128,261.68957887,223.74489129,177.634879239,211.968429415,211.968534614,211.96888363,211.968557661,237.980305206
2011-01-20 17:00:00,234.117748795,211.968684212,165.373780815,215.038686523,171.694667879,0.00779407448053,211.968684723,211.969666861,211.969226835,233.681771022,238.11597288,0.0125398159746,85.483885131,226.166160744,226.820442559,261.689460023,261.689457129,211.968670398,261.689400128,211.986608743,211.968566746,211.968615439,261.689578789,223.744891141,177.6348839,211.968152359,211.96853501,211.968863757,211.968515651,237.980251548
2011-01-20 18:00:00,234.117744289,211.968684487,165.373786637,215.038686441,171.694667704,0.00779200681343,211.968685567,28298.6954743,211.969202352,233.68177297,238.115967703,0.0125413710044,85.483884691,226.166155999,226.820442142,261.689459546,261.6894563,211.96867091,261.689402164,211.986581875,211.968574931,211.968626231,261.689578673,223.744888312,177.634883961,211.968583982,211.968535389,211.968871534,211.968432421,237.980267125
2011-01-20 19:00:00,234.117733608,211.968682421,165.373784632,215.038676615,171.69466705,0.00778988862125,211.968684724,211.969254213,211.969206462,233.681772448,238.115958437,0.0125418236006,85.4838839957,226.166146814,226.820441163,261.689458777,261.68944901,211.968668235,261.689397924,211.98642362,211.968570309,211.968612213,261.689578457,223.7448798,177.634883949,211.968617344,211.968534442,211.968856973,211.967994283,237.980186835
2011-01-20 20:00:00,234.117721757,211.96868325,165.373779766,215.03866218,171.694666013,0.00778765163634,211.968683851,211.968576258,211.969209822,233.681771674,238.115940423,0.0125417426901,85.4838836833,226.166138665,226.820437485,261.689456964,261.689434401,211.968663854,261.689395174,211.969481608,211.968564304,211.968606456,261.689578128,223.744862426,177.634883864,211.968557173,211.968532967,211.968824057,211.963343237,237.980110332
2011-01-20 21:00:00,234.117722443,211.968681397,165.373769932,215.038642935,171.694667884,0.0077854850797,211.968686237,211.968565421,211.969210247,233.681771561,238.115924372,0.0125413744436,85.4838837248,226.166123481,226.820429022,261.689453192,261.689406797,211.968659216,261.689393128,211.96889508,211.968560743,211.96860363,261.689577457,223.744838847,177.634883784,211.968501464,211.968532095,211.96879504,211.963152449,237.980056969
2011-01-20 22:00:00,234.117715679,211.968678626,165.373744852,215.038542895,171.694667643,0.00778328037486,211.968688696,211.968560156,211.96920826,233.681765418,238.115886049,0.0125408062566,85.4838835693,226.166075946,226.820411922,261.689447155,261.689329987,211.968646572,261.689364843,211.968865209,211.968558302,211.968600633,261.689576232,223.744797796,177.634883668,211.968437397,211.968530964,211.96877386,211.963003669,237.980028051
2011-01-20 23:00:00,234.117712037,211.968676112,165.373712113,215.038443962,171.694663897,0.00778112066207,211.968689344,211.968558369,211.96920224,233.681743495,238.115836802,0.0125391371122,85.4838835345,226.165940067,226.820404719,261.689438006,211.968677871,211.96862979,261.689358329,211.968862174,211.968556395,211.968599332,261.689571942,223.74481506,177.634883528,211.968441166,211.968529354,211.968763161,211.962945181,237.98000835
2011-01-21 00:00:00,234.117707936,211.968675342,165.373713841,215.038406279,171.694666627,0.0077790296495,211.968710666,211.968558337,211.969208898,233.681707537,238.11581637,0.0125372349125,85.4838838449,211.968239795,226.820402797,261.689423892,211.96865381,211.968584415,261.68935708,211.968852094,211.968556076,211.968600767,234.435742173,223.744798281,177.634883225,211.968551788,211.968527923,211.968762913,211.962578777,237.979972482
2011-01-21 01:00:00,234.117705576,211.968673372,165.373708892,215.0383913,171.694666648,0.00777708579861,211.968725904,211.968557865,211.96920391,233.681683628,238.11585881,0.012535188629,85.483883677,183.194967592,226.820396709,261.689395777,211.968573114,211.968566779,261.689356412,211.968843654,211.968555399,211.968599437,234.435693003,223.744794101,177.6348831,211.968545343,211.968525846,211.968758913,211.962755905,237.979910016
2011-01-21 02:00:00,234.117701597,211.968673677,165.373707373,215.038384494,171.694666427,0.00777515100381,211.968748253,211.968557431,211.969201229,233.681668288,238.115839367,0.0125335561146,85.483883868,183.194541307,226.820405414,261.689350998,211.968561132,211.968561552,261.689356046,211.968836521,211.968555197,211.968597355,234.435661092,223.744786676,177.634882849,211.968542068,211.968524002,211.968759408,211.962904191,237.979853206
2011-01-21 03:00:00,234.117704187,211.968677151,165.373708,215.038385287,171.694665799,0.00777329660902,211.968758275,211.968557107,211.969204269,233.681669447,238.115794904,0.0125321762803,85.4838836663,183.194460256,226.820419562,261.689298249,211.968560357,211.968560228,261.689356184,211.968832151,211.968555508,211.968597241,234.435703816,223.744797017,177.634882761,211.968606764,211.968523457,211.968770401,211.963108711,237.979923718
2011-01-21 04:00:00,234.117712677,211.968681748,165.373714946,215.038399322,171.694668162,0.00777158794213,211.968766192,211.968556737,211.969208366,233.681682847,238.115853718,0.012531342955,85.4838835407,183.195170502,226.820431585,261.689399715,211.968568468,211.968562329,261.689356595,211.968829238,211.968556182,211.968599388,261.689440439,223.744823919,177.634882911,211.969134873,211.968523665,211.968800488,211.963504802,237.980003629
2011-01-21 05:00:00,234.117725633,211.968683413,165.373777847,215.03845157,171.694669682,0.00777013398943,211.968773208,211.968557199,211.969213864,233.681743553,238.115896659,0.0125307762126,85.4838838932,226.165729592,226.820437719,261.68944093,261.688708573,211.968581317,261.689359174,211.968830684,211.9685579,211.968606282,261.689571383,223.744847786,177.634883149,211.972238862,211.968524262,211.968853038,211.968441687,237.980061359
2011-01-21 06:00:00,234.117736291,211.968683847,165.373787696,215.038589393,171.694671466,0.00776909111101,211.968777331,211.968558556,211.969217616,233.681772865,238.115912091,0.0125316529758,85.4838846549,226.165824921,226.820439327,261.689444341,261.689127729,211.968650422,261.689362123,211.968843449,211.968563216,211.969167029,261.689571949,223.744866142,177.634883076,211.972662027,211.968520517,211.968952158,211.968532934,237.980107212
2011-01-21 07:00:00,234.11773217,211.96868144,165.373791899,215.038646938,171.694670288,0.00776748981602,211.968778709,211.968563308,211.96921913,211.968522301,211.9686286,0.0125318545447,85.4838851426,226.165622682,183.724599242,261.689437871,211.968475143,211.968582997,261.689360553,211.968867299,211.968586816,211.97070865,261.689567003,223.744864841,177.634882448,211.972662094,211.968504544,211.968978494,211.968560005,237.980152618
2011-01-21 08:00:00,189.635376391,211.96867774,165.373787847,215.038615956,171.694647854,0.00776545274176,211.968779299,211.968567713,211.968566006,189.282276809,192.874069957,0.0125295716253,85.483878541,110.170238078,183.72458711,211.968455604,171.694461498,211.968565766,261.689350959,211.968882866,211.968593065,211.969129531,189.892554702,211.968111027,177.634856606,211.972642244,171.694310661,211.968738734,211.963088498,237.978787687
2011-01-21 09:00:00,189.635360625,211.968560702,165.373692467,215.038523423,128.770886189,0.00776341304121,171.694739166,211.968557677,211.968561287,189.282257081,192.873906461,0.0100163717389,85.4838730065,110.170215139,183.724586367,211.968452998,171.694427405,211.968557773,211.968396967,211.96891865,211.968588509,211.968686404,189.892552156,181.233384576,0.0150024616975,158.979626028,0.0150093133256,211.968626111,211.962934343,211.968466167
2011-01-21 10:00:00,189.635345889,211.968555325,165.373690579,215.038466417,76.6521845426,0.00776131792577,171.694709748,211.968555613,211.968561269,189.282259974,192.873902803,0.0100069194116,85.4838617735,110.170206391,183.724591948,211.968451387,0.0150190729538,211.968553085,211.968388683,211.968570438,211.968580117,211.968632336,189.892551431,181.233381062,0.0149963063242,158.979559605,0.0100505784602,211.968595423,211.962924532,211.968229407
2011-01-21 11:00:00,189.635329853,211.968555165,165.373694117,215.03842956,76.652180361,0.00775933401205,171.694709011,211.96855557,211.969183868,211.968504869,192.87391272,0.0100024601614,85.4838298534,110.170202219,183.724601743,211.968450781,0.0150371226208,211.968548152,211.968388393,211.968552906,211.968569828,211.968615612,189.892550645,181.23336172,0.0100030580065,158.9795122,0.0100781136562,211.968690376,211.963113248,237.979343426
2011-01-21 12:00:00,189.635357954,211.968557342,165.373695041,215.038467198,76.6521825031,0.00775739160535,171.694712148,211.968555575,211.969210128,233.681609704,192.873905925,0.0100013857996,85.4838498332,110.170203844,183.724664073,211.968452504,171.694451721,211.968553225,211.968386182,211.968548112,211.968566765,211.968617,189.89255091,181.233357618,0.010001196296,158.979581856,92.2086756355,211.968799701,211.965374644,237.98001485
2011-01-21 13:00:00,211.968534472,211.968558444,165.373692808,215.038477899,76.6521836105,0.00775539752703,171.694718464,211.968554955,211.969216823,233.6817394,211.967653835,0.0100014757003,85.4838661964,110.170204555,226.8204065,211.968534191,171.694461656,211.968573829,211.968535094,211.968548057,211.96856188,211.968610274,189.89255166,181.233794297,0.0100018752687,158.979660245,171.694369255,211.968917094,211.968476691,237.980104903
2011-01-21 14:00:00,234.117704664,211.968556193,165.37369412,215.038627281,76.65218731,0.00775343300336,211.968562792,211.968555252,211.969248805,233.681776699,238.115832526,0.0100029853152,85.483880095,110.170349215,226.820432516,261.68943213,211.968453774,211.968638653,211.968566276,211.968564166,211.968559632,211.968606669,189.892558588,223.744776503,0.0149957303403,158.980128097,171.694484551,211.968994898,211.968581916,237.980111669
2011-01-21 15:00:00,234.117723192,211.968553616,165.373699005,215.038679486,139.072711835,0.00775156796265,211.968774722,211.96855764,211.969255228,233.68178318,238.115887004,0.0100098423613,85.4838834122,136.012590061,226.820434054,261.68944235,211.968469979,211.968674981,261.689356392,211.968787369,211.968559251,211.968605155,234.435248006,223.744843234,0.0150029434564,242.944983831,211.968368983,211.969120705,211.968583618,237.980149423
2011-01-21 16:00:00,234.117727364,211.968547157,165.373699527,215.038694424,171.694532183,0.00774980657092,211.968778087,211.968568085,211.969255137,233.681784479,238.115892629,0.0100186691349,85.4838846043,136.012592973,226.820433241,261.689442142,211.968469991,211.96867951,261.689357174,211.968893327,211.968559785,211.968603813,234.435248614,223.744849237,0.0150121554504,242.945524946,211.968370985,211.969009526,211.968572891,237.980135888
2011-01-21 17:00:00,234.117725183,211.968529333,165.373698825,215.038692144,171.694534934,0.00774781826298,211.96877499,211.968585386,211.969253138,233.681786268,238.115888937,0.0123679644217,85.483884873,136.012591265,226.820431514,261.689441102,211.968469791,211.968679362,261.689357602,211.98571543,211.968560805,211.968597578,234.435248584,223.744847405,0.0186522727794,242.945600177,211.968371711,211.968932405,211.968525421,237.980116188
2011-01-21 18:00:00,234.117721336,92.2064159488,165.373701265,215.038687259,171.694530239,0.0077457700239,211.968779665,211.968618907,211.969243269,233.681785765,238.115874928,0.0123700903411,85.4838845386,136.012591744,226.820428804,261.689440611,211.968470585,211.968678517,261.689357932,211.985768616,211.968564457,211.968599284,234.43524853,223.744843834,0.0186527190419,242.945666827,211.968372385,211.968900028,211.968474624,237.98011623
2011-01-21 19:00:00,234.117714712,92.2063900668,165.37369665,215.038676613,171.694528741,0.00774351704323,211.96877732,211.968568684,211.969225724,233.681783855,238.115848194,0.0123708492727,85.4838837933,136.012587374,226.820424376,261.689439185,211.968469694,211.968676204,261.689356695,211.969458445,211.968561157,211.968582696,234.435248369,223.744835072,0.0186529122161,242.945784082,211.968371896,211.968859233,211.9683285,237.980064829
2011-01-21 20:00:00,234.117710813,92.2064041409,165.373678987,215.038658243,171.694527716,0.00774129520868,211.968770277,211.968561854,211.969216696,233.68178106,238.115770569,0.0123709720782,85.4838835634,136.012582534,226.820415333,261.689437399,211.968468513,211.968673592,261.689355319,211.968894156,211.96855829,211.96854685,234.435248087,223.744816408,0.0186529453734,242.945789178,211.968370747,211.968826109,211.967511081,237.980021977
2011-01-21 21:00:00,234.117710902,92.2065922549,71.9376369561,215.038639402,171.69452868,0.00773918923797,211.968751911,211.968559448,211.969213179,233.681779656,238.115444186,0.012370785627,85.4838836106,136.012573701,226.820395225,261.689436507,211.968467618,211.968667521,261.689351179,211.968868797,211.968557102,211.968529163,234.435247545,223.744797999,0.0186529262133,242.945824015,211.968369956,211.968802909,211.963270705,237.980004979
2011-01-21 22:00:00,234.117706504,92.2069130433,71.9375716793,215.038563288,171.694528523,0.00773705986859,211.968697511,211.968557981,211.969206431,233.681772066,238.106211485,0.012370339132,85.4838835025,136.012551139,226.820351486,261.689435209,211.968466658,211.968660306,261.689258089,211.968858568,211.968553673,211.968516421,234.435246628,223.744772017,0.0186528527288,242.945890512,211.968368406,211.968785192,211.96315929,237.979992451
2011-01-21 23:00:00,234.117703891,211.968503982,71.9375632773,215.038455081,171.694527617,0.00773492138414,211.96868271,211.968556907,211.968911023,233.681737744,211.968552646,0.0123691568175,85.4838836311,136.012488537,226.820228873,261.689432271,211.968464519,211.968641536,211.968558226,211.968859986,211.968547622,211.968529669,234.435245124,223.74474272,0.0186527235264,242.945870214,211.968366819,211.968773834,211.963098373,237.979982589
2011-01-22 00:00:00,234.117701014,92.230196027,71.9375619108,215.038408632,171.694527727,0.0077328821476,211.968650711,211.968556417,211.968566283,233.681671165,211.968407564,0.0123676958101,85.4838839064,136.012374261,226.819880977,261.689431142,211.968463614,211.968593036,211.968555112,211.968850043,211.968524033,211.968582091,234.435243982,223.744719732,0.0186523978939,242.945832766,211.968366608,211.968761343,211.963033026,237.979905691
2011-01-22 01:00:00,234.117697372,211.968526649,71.937560451,215.038392004,171.694522964,0.00773086939684,211.968569167,211.968555977,211.968552578,233.681654199,211.968539522,0.0123662714371,85.4838839416,136.011378902,183.724784763,261.689427455,211.968457843,211.968572792,211.968549419,211.968835999,92.2079168659,211.968581013,234.435242558,223.744753323,0.0186524143465,242.945575585,211.968364638,211.968750009,211.963024595,237.979848481
2011-01-22 02:00:00,234.1176949,211.968543352,71.9375596103,215.038383165,171.69448721,0.00772894166836,211.968553033,211.968555787,211.968550015,233.681648839,211.9685635,0.0123643883715,85.4838835825,110.170153709,183.724647031,261.689422681,211.968457586,211.968564459,211.968538632,211.96881711,92.2063330864,211.9685756,234.43524187,223.744743083,0.0186524666695,242.944923106,211.96836309,211.968738801,211.962951511,237.979668775
2011-01-22 03:00:00,234.117694344,211.968551692,71.9375589087,215.038381993,171.694369523,0.00772706453052,211.968554422,211.968555587,211.968549991,233.681643648,211.968556116,0.0123634365058,85.4838833888,110.169999131,183.724621149,261.68942359,211.968459326,211.968561874,211.968535567,211.968805887,92.2063595094,211.968585871,234.435240826,223.744738362,0.0186524624235,242.945158368,211.968362212,211.968726979,211.963000643,237.978482006
2011-01-22 04:00:00,234.117697618,211.968555363,71.9375586885,215.038388618,171.693989821,0.00772520140038,211.968556293,211.968555137,211.968546159,233.68164209,211.96856239,0.0123622967056,85.4838827135,136.008790631,183.724608963,261.689420811,211.968460198,211.968562962,211.968533045,211.968792739,171.69901067,211.96858728,234.435240404,223.744739452,0.018652411543,242.945076534,211.968361281,211.968719809,211.963063074,211.968503207
2011-01-22 05:00:00,234.117700439,211.968559101,71.9375591153,215.038415095,171.691749912,0.00772339425359,211.968572934,211.968554616,211.968545865,233.681648237,211.96859696,0.0123610227094,85.4838824546,136.011795877,183.724638731,261.689422287,211.968461392,211.968568813,211.968546078,211.968790608,211.968474163,211.96859334,234.435241731,223.74474768,0.0186523029877,242.945438744,211.968361115,211.968734539,211.963126049,158.999393199
2011-01-22 06:00:00,234.117702832,211.968583453,71.9375604053,215.038486856,76.6521908334,0.00772166370898,211.968678365,211.968555204,171.694919019,233.681673838,238.103106481,0.0123606200786,85.4838820025,136.011602113,226.81964418,261.689421649,211.968461306,211.968587971,211.968547013,211.968812997,211.968524822,211.968598439,234.435241686,223.744733689,0.018652133398,242.945970649,211.968360862,211.968714624,211.963176717,211.966575816
2011-01-22 07:00:00,234.11769784,211.968629532,71.9375605289,215.03809326,76.6521863488,0.00771999199733,211.968671229,211.968555161,171.694695066,233.681617328,83.8971871992,0.0123591600718,85.4838821779,0.015131328753,183.724550073,261.689412256,171.694490251,211.968559924,211.968558116,211.968829012,211.968544136,211.968602941,234.435233112,223.744711402,0.0186516407973,242.946010737,211.96834843,211.968746013,211.963194826,211.968053547
2011-01-22 08:00:00,175.588299321,211.968667563,71.9375608649,174.181348765,62.0884077735,0.00771826860981,211.968677355,211.96855541,92.2066093499,233.6816244,83.8971473982,0.0123588892492,85.4838388326,0.0148774415481,183.724485104,199.284944036,171.69445407,211.968552835,171.69452659,211.968835364,211.968548823,211.968603045,171.69454144,171.694726965,0.01863408246,242.94600946,171.694235401,211.968492167,171.690911556,158.976847842
2011-01-22 09:00:00,175.580094555,211.968561531,71.9375513546,174.181325674,0.0199909560282,0.00771659362053,211.968669328,211.968555015,92.2066105275,233.68162115,83.8971228767,0.0100092716447,64.1130129703,0.0148577613441,183.724331233,199.284932455,171.69444812,211.968537697,158.977007868,211.968849715,211.968550536,211.968604445,171.694540514,171.694588213,0.0150080143308,211.968514584,0.0150565436642,211.968467154,171.690312528,158.976846853
2011-01-22 10:00:00,0.0100308607845,211.968559221,71.9375340948,174.181319543,0.0150007820095,0.00771466698344,211.968564311,211.968550835,92.2066225865,233.681623487,77.6834485285,0.010003790976,64.1129696926,0.0148388096259,183.724206539,196.268658627,171.694430929,211.968534488,158.976461552,211.96857843,211.968549688,211.968605971,171.694539746,0.010055014844,0.0149963739991,211.968310345,0.0100335948616,211.968469322,171.689732101,158.976809096
2011-01-22 11:00:00,0.0100098765452,211.968566106,71.937510465,174.181324421,0.0150007350287,0.00771280410102,211.968552974,92.2070025554,171.694511177,233.681632069,77.6836195433,0.0100014874604,64.112942867,0.0148430919972,148.817879569,196.268031597,171.694397943,211.968544335,158.976209742,211.968559864,211.968546922,211.968605787,171.694538521,0.0100288983208,0.0100049586149,182.209784818,0.0100284094641,211.968527053,171.689659023,158.976814456
2011-01-22 12:00:00,0.0100231491767,211.968664401,71.9375550762,174.181529292,0.0150030185717,0.00771078414011,211.968639026,92.2063238202,171.694513248,233.681622144,83.897122195,0.0100008991661,64.1129514353,0.0148610716445,148.817742181,199.284934915,171.694450131,211.968554535,113.834891633,211.968554274,211.968514702,211.968603562,171.694539298,0.0100710090506,0.0100015555597,182.209715732,92.2086107573,211.968597535,171.689608135,158.976792252
2011-01-22 13:00:00,175.588212373,211.968679461,71.9375576468,215.03833324,0.0199861384804,0.00770872957598,211.968648179,92.2063224374,171.694530774,233.681618818,83.8971434843,0.0100008449732,64.1129815808,0.0148749204924,183.724174548,199.284942907,171.694455418,211.968566851,158.976425806,211.968558292,211.968479811,211.968601813,171.694539821,171.694688662,0.0100035166928,182.209721989,171.694366014,211.968749648,171.690106717,158.976800885
2011-01-22 14:00:00,189.635280317,211.968682266,71.9375617872,215.038484808,0.020032141916,0.007706787023,211.968686886,92.2063244572,211.968551439,233.681746287,103.576675181,0.0100020288217,85.4838557878,0.0149871802883,183.724196298,199.285334824,171.694506551,211.968616141,171.694529577,211.96859283,211.968483063,211.968600482,171.69454071,171.694732431,0.0149981254482,211.968304187,171.694407425,211.968780299,211.960923276,158.976786689
2011-01-22 15:00:00,234.117677454,211.968684546,71.9376245751,215.038620447,62.0882693823,0.00770496256616,211.96869289,92.2063286667,211.968555132,233.681771449,103.576726685,0.0100067704542,85.483880273,0.0183420637618,183.7242054,246.030792394,211.968465743,211.968667129,211.968558146,211.968821278,211.968534586,211.968601389,211.968564427,211.968795469,0.0150105746201,242.946006373,211.968438601,211.968807773,211.96293833,211.967466534
2011-01-22 16:00:00,234.117684834,211.968685293,88.8117556288,215.03863276,76.6521843588,0.00770318075454,211.968698167,92.2063677177,211.968555901,233.681776384,103.576731983,0.0100142506343,85.4838832994,0.0183474474379,183.724204056,246.030793188,211.968466604,211.968670639,211.968609407,211.968856245,211.96854715,211.968602968,211.968568583,211.968806559,0.0150501308794,242.946108405,211.968445489,211.968816908,211.963027682,211.967981391
2011-01-22 17:00:00,234.117684837,211.968685815,88.8117659182,215.0386294,76.6521849981,0.00770132592858,211.968701451,92.2065757862,211.968555205,233.681779859,103.576730486,0.0123612027243,85.4838834557,0.0183458925347,183.724202317,246.030793407,211.968466816,211.968669512,211.968615539,211.968881686,211.968550741,211.968599244,211.968568744,211.96881013,0.0185516394195,242.946198287,211.968448239,211.968824059,211.963063824,211.962788742
2011-01-22 18:00:00,234.11768286,211.968685654,88.8117799891,215.038624289,76.652184622,0.00769927218265,211.968693286,211.96853718,211.968550787,233.68177878,103.57672415,0.012363866127,85.4838830151,0.0183441715796,183.724242928,246.030793295,211.968467107,211.968668687,211.968589884,211.968919747,211.968553234,211.968585513,211.96856866,211.968811969,0.0185520980394,242.946214137,211.968449844,211.968814908,211.963103839,211.968320453
2011-01-22 19:00:00,234.11768005,211.968685169,88.8117681557,215.038615003,76.6521841474,0.00769703945094,211.968690135,92.2063283653,211.968543278,233.6817743,103.576719985,0.0123646828303,85.4838824179,0.0183437186786,183.724166497,246.03079286,211.968466398,211.968665511,211.968557901,211.968872145,211.968553614,211.968536069,211.968568624,211.968811848,0.0185522717814,242.946210139,211.968450454,211.968809331,211.963067521,211.968699762
2011-01-22 20:00:00,234.117677742,211.968686997,71.937706117,215.038602831,76.6521840504,0.00769490981138,211.968686274,92.2063235905,211.96793575,233.681766704,103.576712696,0.0123649121071,85.4838823173,0.0183405522026,183.724038734,246.030791724,211.968466153,211.968661358,211.968553694,211.968858788,211.968553967,211.968339151,211.96856855,211.968809638,0.0185523656785,242.946198033,211.968450774,211.968796505,211.962950318,211.968871525
2011-01-22 21:00:00,234.117678801,211.968685429,71.9375665479,215.038578459,76.6521854184,0.00769283213071,211.968686784,92.2063222323,171.694536891,233.681768118,103.576705259,0.0123647643349,85.4838826511,0.0183366810358,183.716515972,246.030790938,211.968465643,211.968655561,211.968541238,211.968850546,211.968554428,211.968415521,211.96856842,211.968807213,0.0185524139302,242.946215828,211.968450926,211.968780371,211.962590039,211.968911192
2011-01-22 22:00:00,234.117675352,211.968683008,71.9375620363,215.038520427,76.6521859802,0.00769074778303,211.968685008,92.2063215943,171.694530936,233.681756568,103.57669133,0.0123644698778,85.483882734,0.0183268519281,183.71556865,246.030790694,211.968464993,211.96864955,113.834915644,211.968844165,211.968554052,211.968479767,211.968568253,211.968803363,0.0185523697015,242.946203109,211.96845058,211.968766974,211.954600108,211.968863706
2011-01-22 23:00:00,234.117671918,211.968680468,71.9375606883,215.038440559,76.6521859454,0.00768865224291,211.96866806,92.2063212513,171.694530161,233.681695489,103.576664778,0.0123634977579,85.4838827766,0.018311119555,183.715437688,246.030789995,211.968463536,211.968637887,113.834881069,211.968848038,211.968553314,211.968533204,211.968568048,211.968806363,0.0185522765319,242.946139404,211.96845007,211.968751464,92.2057562007,211.968785
2011-01-23 00:00:00,234.117664933,211.968679778,71.9375625396,215.038396944,76.6521856506,0.00768660447134,211.968608461,92.2063226208,171.694528845,233.681635074,103.575040241,0.0123619792116,85.4838826025,0.0182876755505,183.715368608,246.030788043,211.968462313,211.968595809,113.834879021,211.96883403,211.968551627,211.968589371,211.968567843,211.96880534,0.0185522961652,242.946038002,211.968448651,211.968666418,92.2047727495,211.968540451
2011-01-23 01:00:00,234.117660234,211.968678565,71.9375604996,215.038381389,76.6521850355,0.00768459873222,211.968653309,92.2063218731,171.694528804,233.681631545,83.7743365203,0.0123600439677,85.4838825623,0.0182820725856,183.715326244,246.030788322,211.96845992,211.96857205,113.834875434,211.96881722,211.968550891,211.968588784,211.96856785,211.968802207,0.0185521684992,242.945841007,211.968447613,211.968639066,92.2044581977,158.977087841
2011-01-23 02:00:00,234.117653198,211.968678236,71.9375597158,215.038374298,76.652184629,0.00768268304698,211.968681702,92.2063218481,171.694527243,233.681633165,83.7725020823,0.0123583206011,85.4838827116,0.0182796877799,183.71529566,246.03078738,211.968460523,211.968563975,113.834874268,211.968787907,211.968551068,211.968591989,211.968567888,211.96880027,0.0185520451503,242.945829338,211.968447468,211.968649867,92.204247502,158.976626349
2011-01-23 03:00:00,234.117653474,211.968680621,71.9375587125,215.0383716,76.6521847103,0.007680761261,211.968685418,92.2063218528,171.694527461,233.681631277,83.7723888218,0.0123573140553,85.4838825761,0.0182874389767,183.715293829,246.030786913,211.968460941,211.968561637,113.83487415,211.968726522,211.968551824,211.96859646,211.968567887,211.968798248,0.018552028721,242.945572779,211.968447391,211.968680674,92.2044092382,158.976616687
2011-01-23 04:00:00,234.117653038,211.968682421,71.9375578286,215.038373411,76.6521849638,0.00767882003879,211.968685303,92.206321696,171.694527971,233.681633107,83.7731864749,0.0123561386685,85.4838825651,0.0183063162973,183.715311715,246.03078525,211.96846043,211.968561033,113.834874131,211.968663948,211.968552552,211.968599187,211.968567887,211.968798077,0.0185520181584,242.943879562,211.968446799,211.968714134,92.2044894419,158.976613669
2011-01-23 05:00:00,234.117649906,211.968682612,71.9375573625,215.038385272,76.6521852617,0.00767700347903,211.968682486,92.2063215308,171.694529662,233.681630314,103.422218143,0.0123549044118,85.4838818001,0.0183142833858,183.715317869,246.030786309,211.968459294,211.968563209,113.834874254,211.968652148,211.968553554,211.968601679,211.968567901,211.968797427,0.0185519464114,242.938279222,211.968446189,211.968743741,92.2046726359,158.976627365
2011-01-23 06:00:00,234.117647212,211.968683728,71.9375615875,215.038409666,76.6521864463,0.00767517817248,211.968689853,92.2063230068,171.694531574,233.681645659,103.422071816,0.012354743091,85.48388072,0.018314702426,183.715321561,246.030786671,211.968457583,211.96856803,113.834875239,211.968667735,211.968554701,211.968602534,211.968567763,211.968796826,0.0185518280938,242.945567441,211.968445495,211.968765188,113.832367055,158.976630559
2011-01-23 07:00:00,234.11763428,211.968684526,71.9375595413,215.038280183,76.6521860609,0.00767343283574,211.968690239,92.2063223911,171.694542306,233.681584198,0.020022006388,0.0123532347631,85.4838808311,0.0151866101418,148.809412503,246.030785341,171.694451848,211.968471076,113.834880399,211.968705044,211.96855605,211.968605061,211.968565475,211.968792147,0.0185515448181,242.945369785,211.968425641,211.968777653,113.832792091,158.976917953
2011-01-23 08:00:00,0.0150220147085,211.968685762,71.9375586478,174.181306697,76.652181459,0.00767165142259,211.968688773,92.2063221924,171.694532749,233.681467137,0.0199988474876,0.0123544924762,64.112958055,0.0148405047066,148.809404278,199.284940539,0.0151020290149,171.694620392,113.834872819,211.968689794,211.968556883,211.968607818,171.694539396,171.694694389,0.0185452226153,242.943475069,92.2086684132,211.968318822,92.2042564977,103.521343247
2011-01-23 09:00:00,0.0100099696169,211.968589308,71.9375573683,174.181235175,57.4891387087,0.00766991843795,211.968672775,92.2063224854,171.694535333,211.968522399,0.0199948067011,0.0100082515729,64.1129041664,0.0146953532744,148.809400566,199.284935068,0.0100132992599,171.694596029,113.834872215,211.968803291,211.968557632,211.968608013,171.694532996,0.0100571655631,0.0150236930111,182.209759601,0.0100212049207,211.96793695,92.204016072,103.521319137
2011-01-23 10:00:00,0.0100057283263,211.96856789,71.9375555897,174.181218264,0.0199936631835,0.00766805210518,211.96858551,92.2063221362,171.694538963,189.282243732,0.0199934827413,0.0100032439149,0.0100328868423,0.0100774363519,148.809398641,199.284894832,0.0100047880932,171.694590107,113.83487251,211.968512262,211.968558397,211.968608188,0.0150139194828,0.0100198498523,0.0149994775262,182.209712109,0.0100157325477,211.96794326,92.203979157,103.521329333
2011-01-23 11:00:00,0.0100052259333,211.968571017,71.9375537452,174.181214653,0.0150032485612,0.00766611583042,211.968492484,92.2063218221,171.694554215,189.282238614,0.0199962737634,0.0100015623953,0.0100142742503,0.0100420360852,148.809398016,199.284925171,0.0100060317499,171.694588983,113.834873294,211.968414573,211.96855854,211.968607096,0.0150015473019,0.0100166024423,0.0149929214635,182.209688775,0.0150586125819,211.968411413,92.204047902,103.521483721
2011-01-23 12:00:00,0.0100067181325,211.968665393,71.9375556014,174.181219178,0.0150013697113,0.00766411154714,211.968515089,92.2063247452,211.968511906,189.282239566,0.0200008584259,0.0100011453546,0.0100173302431,0.0142771470281,148.809399671,199.284939011,0.0100459100302,171.694590858,113.834876623,211.968484668,211.968558616,211.968604828,0.0150173173427,0.010031804747,0.0149475142685,182.209731815,171.694397024,211.968550143,92.2046103148,158.976660333
2011-01-23 13:00:00,0.0149621732718,211.968684998,71.9375558215,174.181246538,0.015004226489,0.00766218876123,211.967184265,92.2063234354,211.968548544,211.966452962,0.0201121100332,0.0100018279534,64.1128666111,0.0148312530491,148.809402322,199.284944949,171.694441355,171.694597175,113.834896335,211.968477935,211.968558334,211.96860432,171.694537306,171.69421347,0.0149924397491,182.209833362,171.694444909,211.968783103,211.962826668,237.972645542
2011-01-23 14:00:00,175.588249301,211.968686198,71.9375577986,215.038317918,0.0200021751778,0.00766028119787,211.968538054,92.206325373,211.968565664,233.681603679,0.0202512071235,0.0100035484259,64.1129504981,0.0148783244231,183.715164645,246.030644992,171.694465684,211.968550609,211.968543116,211.968530929,211.968558192,211.968604237,171.694540415,171.694726591,0.0150061633234,211.969708614,211.96844906,211.96881446,211.963133165,237.979578744
2011-01-23 15:00:00,234.117661668,211.968686331,71.9375596377,215.038487558,62.0882738194,0.00765847255317,211.968551607,92.2064564218,211.969170962,233.681755703,127.872451818,0.0100096821427,85.4838727342,226.166072914,183.715295752,246.030757409,211.968524734,211.968610172,211.968557461,211.968564288,211.96855838,211.968605786,234.435210155,223.744574905,0.0150250377209,242.945852904,211.968473402,211.968868854,211.963439232,237.979857664
2011-01-23 16:00:00,234.117697472,211.968685109,71.9375640762,215.038515107,76.6521935761,0.00765667586442,211.968578614,211.968364361,211.96919202,233.681761975,127.872476994,0.010023169351,85.4838821184,226.166110221,183.715299105,246.030750563,211.968529062,211.968617423,211.968560987,211.968848474,211.968559991,211.96861178,234.435237893,223.744656502,77.2712616807,242.946087629,211.968477792,211.968881463,211.963503803,237.979928138
2011-01-23 17:00:00,234.117700799,211.968682896,71.93756951,215.038513896,171.694512569,0.00765484737832,211.968671692,211.968525087,211.96919766,233.681763903,127.872482956,0.0124729151223,85.4838828321,226.166119716,183.71530066,246.030749742,211.968530625,211.968617236,211.968562377,211.968863855,211.968560972,211.968611016,234.435238667,223.744677038,177.634868674,242.946145281,211.968480321,211.968869196,211.963523029,237.979955253
2011-01-23 18:00:00,234.117699504,211.968676735,71.9375682063,215.03851059,171.694519104,0.00765285989034,211.9686904,211.968553875,211.96919502,233.681762723,127.872487801,0.0124776717614,85.483882656,226.16612401,183.715294481,246.030781095,211.968531691,211.96861765,211.968557979,211.96887035,211.968560187,211.968606933,234.435239009,223.7446858,177.63486936,242.946195569,211.96848181,211.968846138,211.963478087,237.979962315
2011-01-23 19:00:00,234.117697276,211.968651247,71.9375624388,215.038504446,171.694518509,0.00765085531211,211.968682503,211.968542391,211.969196933,233.681759972,127.872488244,0.0124792871589,85.4838823112,226.166127354,183.715293021,246.030783077,211.968531645,211.968615351,211.968556046,211.968864303,211.96855888,211.968604758,234.43523918,223.744690258,177.634869631,242.946115733,211.968483002,211.968824503,211.963293459,237.979967531
2011-01-23 20:00:00,234.117696457,211.968615485,71.9375613185,215.038494966,171.6945144,0.00764882050762,211.968592472,211.968500674,211.969200592,233.681756723,127.872485354,0.012480051301,85.4838823345,226.166130527,183.71528923,246.030783205,211.968531087,211.96861368,211.968554633,211.96885988,211.968557292,211.968603957,234.435239236,223.744686528,177.634869791,242.946087628,211.968483774,211.968798708,211.963094445,237.979956161
2011-01-23 21:00:00,234.117700532,211.968561992,71.9375606825,215.038474508,171.6945213,0.00764666370553,211.968644791,211.968180777,211.969203687,233.68175504,127.872481982,0.0124801546404,85.4838827034,226.166130043,183.715290617,246.03078563,211.968530746,211.968608505,211.968554526,211.968852904,211.968555964,211.968603048,234.435239203,223.744681842,177.634869797,242.946149509,211.968484197,211.968777702,211.962970003,237.979943025
2011-01-23 22:00:00,234.117696209,211.968553817,71.9375595337,215.038431017,171.69452206,0.00764450527211,211.968662489,92.2064567447,211.969204345,233.681745658,127.87246695,0.0124797421473,85.4838825691,226.166126522,183.715293957,246.030786266,211.968530425,211.968605471,211.968549115,211.968845334,211.968554424,211.968601176,234.435239113,223.744674897,177.634869671,242.945997933,211.968484003,211.968760275,211.962888731,237.979935045
2011-01-23 23:00:00,234.117693488,211.968545081,71.937558509,215.038392469,171.694521986,0.00764247720792,211.968621365,92.2063303047,211.969204517,233.681713895,127.8702466,0.0124784928451,85.4838825414,226.166120029,183.715297267,246.030788332,211.968530263,211.968595755,211.968510204,211.968845402,211.968552826,211.968599207,234.43523898,223.744686809,177.634869546,242.945972796,211.968484329,211.968743784,211.962807324,237.979932999
2011-01-24 00:00:00,234.117695335,211.968209725,71.9375596574,215.038370503,171.694522785,0.00764046291671,211.968659414,92.2064396244,211.969204168,233.681669084,103.576740251,0.0124769333148,85.4838824172,226.166119091,183.715293423,246.03078992,211.968533173,211.968577479,171.694546941,211.968832231,211.968549699,211.968592397,234.435238816,223.744681874,177.634869482,242.945833424,211.968484635,211.968724915,211.962721204,237.979928375
2011-01-24 01:00:00,234.117697219,92.206394743,71.9375579478,215.038361621,171.694519495,0.00763850527046,211.968583065,92.2063244379,211.969203969,233.681660181,103.576777035,0.012475814644,85.4838821967,226.166116943,183.715296309,246.03079213,211.968533206,211.968566673,171.694535796,211.968801213,211.968544451,211.968590911,234.435238743,223.74467927,177.634869413,242.945574673,211.968483684,211.968704436,211.962743884,237.979934495
2011-01-24 02:00:00,234.117697391,92.2063830099,71.9375560565,215.038359244,171.694505013,0.00763658254989,211.968558213,92.2063246676,211.969204011,233.681646232,103.576841446,0.0124747523778,85.4838823778,226.16611991,183.715297631,246.030792801,211.968532853,211.968562546,171.694535983,211.968719115,211.968541407,211.968590835,234.435238726,223.74467827,177.634869403,242.945329566,211.968483377,211.968679307,211.962770795,237.979937715
2011-01-24 03:00:00,234.11770313,92.2063815562,71.9375563474,215.038357556,171.694506608,0.00763476119631,211.968557285,92.2063260035,211.969204764,233.681644066,127.8723961,0.0124740272125,85.4838823736,226.166119895,183.715298348,246.030793398,211.96853297,211.968560946,171.694537306,211.968638384,211.968539683,211.968584686,234.435238751,223.744682164,177.634869475,212.110040643,211.968483453,211.968664183,211.962902738,237.979952827
2011-01-24 04:00:00,234.117714182,92.206382979,71.937557517,215.038367971,171.694520548,0.00763301314103,211.968577481,92.2063252331,211.969205584,233.681665436,127.872479759,0.0124735387857,85.4838827106,226.166120035,183.715299697,246.03079457,211.968533529,211.96856401,211.968349515,211.968612641,211.968537907,211.968580145,234.435238887,223.744682348,177.634869717,242.945126306,211.968484145,211.968688494,211.963036949,237.979993716
2011-01-24 05:00:00,234.117744408,92.2063838733,71.9375599567,215.03839137,171.69452375,0.00763154689784,211.968686421,92.2063327781,211.969206972,233.681714055,127.872488841,0.0124740216329,85.4838836578,226.166126992,183.715300567,246.03079608,211.968534328,211.968576805,211.968550676,211.968620579,211.968543904,211.96859102,234.435239173,223.744713601,177.634869953,242.945708648,211.96848544,211.968719573,211.963300428,237.980021203
2011-01-24 06:00:00,234.117763174,92.2063788333,88.8117570074,215.038398211,171.694524957,0.00763059188959,211.968712347,211.96854262,211.969207088,233.681725615,127.872495774,0.0124761112641,85.4838844069,226.166129378,183.71529854,246.030796586,211.968534045,211.968588947,211.968558833,211.9687932,211.968554784,211.968596322,234.435239309,223.744721883,177.634870075,242.946200189,211.968484992,211.968717949,211.963245947,237.980031309
2011-01-24 07:00:00,234.117767573,92.2063796042,88.811758536,174.18109923,171.694524431,0.00762887751819,211.968722621,211.96855219,211.969204692,211.968314106,103.57671628,0.0124774283116,85.4838848659,226.166089278,148.809393115,246.030796451,171.694549959,171.694581548,211.968557763,211.968845777,211.968556724,211.968590442,234.435238782,223.744722945,177.634869925,242.946284509,211.968474554,211.968560077,211.963051207,237.980004133
2011-01-24 08:00:00,234.117611646,92.2063794194,88.8117589604,174.181058681,171.694439767,0.00762671991573,211.968697876,211.968555086,171.694362245,189.282196602,103.576680026,0.0124779935108,85.483854523,183.194568307,148.809388868,199.284945609,171.694506019,171.694562818,211.968549992,211.968851999,211.968556426,211.968560695,189.892543466,181.233258155,177.634868448,242.946268214,158.976886049,92.2063944831,92.2038293407,211.96834008
2011-01-24 09:00:00,211.968532372,92.2063793944,88.8117618724,161.279623198,139.072562159,0.00762472306872,211.968684011,211.968548107,171.694350382,189.282189974,95.9047792206,0.0101055206607,64.1130064698,183.194546392,148.809385206,199.284938625,0.015028685512,171.694556738,211.968493229,211.968854108,211.968555762,211.968365276,189.892533821,181.233233563,143.884243163,242.945174736,0.0100654125459,92.2041651956,74.6863330924,158.976679865
2011-01-24 10:00:00,189.635409456,92.2063801527,88.8117635,161.27922541,76.6522108071,0.00762277607821,211.968675735,122.941849397,158.976683862,189.282183441,95.9047974769,0.0100925409863,64.112964762,169.624861883,148.809383296,196.268180311,0.010012974201,171.694553026,113.834952981,211.968653306,211.968554862,92.2063657789,0.0149853822824,181.233228617,133.226245032,242.945525749,0.0100153948637,0.0151641274352,74.6852143557,158.976411725
2011-01-24 11:00:00,189.635408228,92.206381858,88.8117560293,161.279331279,76.6521903706,0.00762078768455,211.96857873,92.206325261,158.976827697,189.282186902,103.57668746,0.0100178226089,64.112945762,169.624831645,148.809385109,199.284856835,0.0100246220108,171.694555964,113.834943711,211.968562364,211.968553548,92.2063454902,0.0100027783963,181.23323712,0.0149997277441,242.946014825,0.0100277056215,0.0150755817622,74.6850948592,158.976352379
2011-01-24 12:00:00,211.968427495,92.2063796151,88.811763405,174.181019285,128.770982745,0.00761877984358,211.968660284,92.2063236397,171.69417301,189.282192535,103.576717666,0.0100113158114,64.1129646248,183.194479382,148.809388229,199.28494267,171.694222935,171.69455923,113.834944092,211.968560626,211.968554534,92.206337188,0.0149919643277,181.233247692,0.0149978998999,242.946208778,158.976404648,0.0151176986375,74.6893826807,158.976364908
2011-01-24 13:00:00,234.117520896,92.2063879026,71.9375633532,174.181081391,139.072564644,0.00761678697946,211.96862986,92.2063224664,171.694360803,211.968498501,103.576853908,0.0100262658799,64.1130089394,183.194566395,148.809397017,199.284949802,171.694509251,171.694582885,113.834944792,211.96855522,211.96855287,92.2063287214,189.892542007,181.23339198,0.0150000769809,242.946191088,171.694465112,0.0150491031739,92.203663995,211.968416867
2011-01-24 14:00:00,234.11770854,92.2069739795,71.9375633368,215.038270053,139.072590384,0.00761488110528,211.968650667,92.2063238963,211.968342008,233.68170145,127.873087705,0.0101018292773,85.4838580887,183.194593793,183.715289369,211.968565433,171.694534281,211.968548349,113.835039001,211.968578463,211.96855208,92.2063186055,189.892544377,223.744531812,143.884237634,242.946199106,171.694503104,0.0150360965652,92.2036921369,211.968362699
2011-01-24 15:00:00,234.117778664,211.968533397,88.8117525911,215.038346894,176.211925183,0.00761307813804,211.968693566,92.2063600042,211.96834522,233.681712096,127.873097341,0.0101104277497,85.4838798649,226.166150059,183.715293384,261.68861201,211.968555817,211.968581598,140.536954647,211.968637809,211.96854957,92.2063253695,234.435244483,223.744732529,143.884244072,242.946239668,211.968547876,0.0150377972673,92.2036324603,211.968233934
2011-01-24 16:00:00,234.11778486,211.968547674,88.8117572929,215.038355268,176.211931603,0.00761132461822,211.968710503,122.941851902,211.968345209,233.681712528,127.873099747,0.0104005534339,85.4838841842,226.166160374,183.715293672,261.688614996,211.968559138,211.968584054,140.536957615,211.968809911,211.96854613,92.206333062,234.435247466,223.744741473,177.634882007,242.946235815,211.968555358,0.0150340254982,92.2031048815,211.96798608
2011-01-24 17:00:00,234.117783979,211.968553352,88.8117514862,215.038356046,176.211934431,0.00760935886259,211.968732824,122.941885848,211.968344132,233.681713153,127.87310007,0.0147030320957,85.4838844529,226.166163785,183.715293314,261.688616036,211.968560536,211.968584123,140.536953561,211.968837814,211.968545541,92.2063305802,234.435247786,223.744745354,177.63489122,242.946190258,211.968558331,0.0150298138877,0.0167021050013,211.966739453
2011-01-24 18:00:00,234.117779077,211.968555841,88.8117421448,215.03835561,176.211933499,0.00760725593417,211.968742928,211.968539462,211.968343745,233.681712716,127.873097632,0.0147071893356,85.4838843107,226.166164618,183.715292355,261.688616575,211.968561372,211.968583347,113.834941847,211.968813141,211.96855368,92.2063325941,234.435247866,223.744746056,177.634891801,242.946153526,211.968560134,0.0150241701423,0.015096607356,103.523173056
2011-01-24 19:00:00,234.117768947,211.968554905,71.937574137,215.038353918,176.211932246,0.00760520246674,211.968738029,92.2063267513,211.968340149,233.681710952,127.873092814,0.0147084994891,85.483883798,226.166164156,183.715291106,261.688616677,211.968561649,211.968582291,113.834873493,211.96882492,211.968549982,92.2063056959,234.435247922,223.744744109,177.634892007,242.945901132,211.968560853,0.0150217564068,0.0150445297995,103.521480062
2011-01-24 20:00:00,234.117739568,211.968555005,71.9375620359,215.038351655,176.211931534,0.00760309423728,211.96872429,92.2063226002,211.968329943,233.681708353,127.873079165,0.0147089289649,85.4838834904,226.166164655,183.715289184,261.688616263,211.968561505,211.968580948,113.83487115,211.968817425,211.968543604,92.2060118299,234.435247861,223.744739194,177.634892067,242.945792976,211.968560046,0.0150192083513,0.0150041279503,103.521296699
2011-01-24 21:00:00,234.117737115,211.968550799,71.9375587341,215.038348735,176.211935323,0.00760097030616,211.968708554,92.2063215539,211.968183993,233.681706663,127.872989096,0.0147088344291,85.4838833041,226.166163508,183.715285972,261.688615244,211.968561233,211.968579123,113.834870072,211.968727181,211.968544712,92.2039046829,234.435247696,223.744731101,177.634892,242.945998919,211.968559065,0.0150165547609,0.0149965789772,103.521251448
2011-01-24 22:00:00,234.117721582,211.968541863,71.9375533588,215.038340663,176.211936354,0.00759872168497,211.968695452,92.2063197695,92.2073415997,233.681700689,103.57723099,0.0147083253551,85.4838828779,226.166159416,183.715281654,261.688614133,211.968560707,211.968576626,113.834866259,211.968574239,211.96854341,0.0151580499771,234.435247493,223.744721613,177.634891805,242.945951601,211.968557637,0.0150151699602,0.0149893598573,103.521214145
2011-01-24 23:00:00,234.117715889,211.968503521,71.9374722467,215.03833185,176.211936271,0.00759660535067,211.96868068,92.2062388657,92.2073124666,233.681688149,103.577223756,0.0147067893992,85.4838829937,226.166153518,183.715276541,261.688612809,211.9685599,211.968572617,113.834861667,211.968555174,211.968540284,0.015130799919,234.435247212,223.744727054,177.634891609,242.945829943,211.968556518,0.0150152181382,0.0149872549734,103.521175314
2011-01-25 00:00:00,234.117711691,211.968537261,71.9374514213,215.038324266,176.211937031,0.00759461503883,211.968595435,92.2061899179,92.2073085437,233.681669184,127.873069963,0.0147054890871,85.4838829686,226.16615113,183.715269985,261.688609748,211.968558983,211.968567016,113.834860083,211.967862049,211.968541412,92.205811264,234.435246769,223.744722032,177.634891367,242.945747669,211.968555504,0.0150149451351,0.0149824148692,103.52107164
2011-01-25 01:00:00,234.117709273,92.2093220271,0.0200145654672,215.038319103,176.211936951,0.0075926358082,211.968539131,0.0150034007374,92.207305633,233.681657623,127.873084613,0.0147040208965,85.483882773,226.166147067,183.715267206,261.688608603,211.968557846,211.968562946,113.834856834,92.2065077706,211.968544382,92.2063095737,234.435246659,223.744717092,177.634891227,242.94552161,211.968554932,0.015016900028,0.0149832417777,103.521089012
2011-01-25 02:00:00,234.117707277,92.206392211,0.0200052391493,215.038314807,176.211936371,0.00759072418877,171.694725117,0.0150024654441,92.2073044085,233.681650046,127.873087018,0.0147025355362,85.4838828577,226.166145053,183.715268845,261.688605951,211.968557206,211.968560475,113.834854785,92.2064545926,211.96854385,92.2063326171,234.43524667,223.744718506,177.634891301,242.945230517,211.968554726,0.0150198557714,0.0149885063741,103.521074031
2011-01-25 03:00:00,234.11770998,92.2063914664,0.0200050562996,215.03831117,176.211935625,0.0075888697146,171.694643834,0.0150035459926,92.2073030168,233.681651464,127.87308722,0.0147012218485,85.4838826756,226.166144707,183.715267149,261.688606444,211.968557346,211.968558923,113.834856069,92.2064482168,211.968540931,92.2063408817,234.435246759,223.744718007,177.634891567,242.945045729,211.968556154,0.0150286373838,0.0149942596627,103.521075939
2011-01-25 04:00:00,234.117722801,92.2064206333,0.020007300427,215.038310691,176.211936221,0.00758710575653,171.69463333,0.0150058167084,92.2073023095,233.681656041,127.873091272,0.014700875093,85.4838828768,226.166146509,183.715265834,261.688609683,211.968558239,211.968559152,113.834858141,92.2064425936,211.968533414,92.2063443659,234.435247008,223.744728174,177.63489212,242.943868813,211.968558506,0.0150653746697,0.0150171125692,103.521165674
2011-01-25 05:00:00,234.117758857,92.2069259544,71.9373910079,215.038310628,176.211937188,0.00758570426009,171.694628534,92.2062402355,92.2073033766,233.68167401,127.873095432,0.0147010106209,85.4838834455,226.166150369,183.715265215,261.688614181,211.968559792,211.968560854,113.83486235,92.2064316128,211.968513334,92.2063519011,234.435247423,223.744735189,177.634892622,211.968820819,211.968564199,0.0153158387088,0.0150500712085,103.521232911
2011-01-25 06:00:00,234.117770126,92.2071021204,71.9374629242,215.038295439,176.211936561,0.00758469997917,171.694618393,92.2063221642,92.2073342631,233.681680152,127.873093819,0.0147027407683,85.4838843994,226.166149677,183.715256414,261.688614266,211.968559579,211.968557396,113.834869438,92.2063912076,211.968529656,113.83461361,234.435247603,223.744740639,177.634892856,158.976634484,211.968565593,0.0154104997289,0.0150988547966,103.521246914
2011-01-25 07:00:00,234.117768682,92.2069362453,71.9375359053,0.0388564863793,176.211935718,0.00758298331933,171.694615847,92.2063232792,92.2073159875,189.282170992,103.577209347,0.0147041458286,85.4838850119,211.968199407,148.80931197,261.688605759,171.694540681,158.97705366,113.834869951,92.2064246743,211.968540286,92.2064753845,234.435245388,223.744738499,177.634892886,158.976443096,211.968544195,0.018941612962,0.0150804076106,103.521237586
2011-01-25 08:00:00,189.635410993,92.2068134111,71.9375484784,0.0387059818735,176.211930845,0.00758086310765,171.69461482,92.2063226486,92.2072940872,189.282163143,103.577176316,0.0147043155774,85.4838661331,183.194519744,0.0199996905742,211.967782732,171.694527964,158.976955034,113.83486863,92.2064348381,211.968527581,92.2063496912,189.89255012,181.23323736,177.634891665,158.976340329,171.69455292,0.016449219878,0.0150213667567,103.520784039
2011-01-25 09:00:00,189.635374373,92.2063826736,71.9375496205,0.0100243067581,171.694519471,0.00757887626731,171.694611701,92.2063219479,92.2072181074,189.282158465,103.576689681,0.0119101157756,85.4837958524,0.0100575837762,0.0100103926713,211.967779837,92.2079381984,0.010007681312,113.834867428,92.2064462335,211.968524791,92.2063499107,175.826515204,181.233079901,143.884263489,105.682014185,171.694549259,0.0166861435854,0.0150195473541,103.520811332
2011-01-25 10:00:00,175.588450133,92.2063785973,71.9375526859,0.0100109769228,142.731666488,0.00757684824353,171.694617181,92.2063213667,92.2070023669,189.282155335,0.0204043843006,0.0119043655738,64.1130830837,0.0100196527661,0.0100065004856,211.967778008,0.0100525102287,0.0100035171671,113.834866803,92.2064459025,211.968523367,92.2063475152,0.0100059363731,0.010143565813,143.884262706,158.976175301,171.694549712,0.0174777997174,0.0150181558217,103.520878618
2011-01-25 11:00:00,175.588441732,92.2063782526,71.9375547677,0.0100093963732,142.731639863,0.00757486406555,171.694620224,92.2063214418,92.2072938466,189.282156033,0.0200147292596,0.0118791842779,64.113034266,0.0100201512213,0.0100097181704,211.967778714,0.0148867863483,0.0100039583677,113.834868931,92.2064437335,211.968522448,92.2063456388,0.0100021862916,167.810812765,143.884260004,158.976261572,171.694550552,92.2034097829,0.0150420650536,103.521046986
2011-01-25 12:00:00,175.588496145,92.2063929862,71.9375582229,0.0100214226292,132.15892962,0.00757284953943,171.694622326,92.2063231493,92.2073173181,189.282159775,0.0200113265563,0.0112226085154,64.1130508919,0.0100724195208,0.0200028003038,211.967780916,171.694520307,0.010008815589,113.834870859,92.2064677282,211.96854469,92.2063444589,0.0102572029988,181.233199136,77.2713031593,158.976288741,171.6945592,92.2063219599,0.0150655390938,103.521249516
2011-01-25 13:00:00,189.635391801,92.2071129643,71.9375600651,0.0386986037836,132.159037912,0.0075709970574,171.694625421,92.2063248855,211.968542747,211.968124292,95.9061137927,0.0118409612699,85.4838213156,183.19452627,148.809314597,211.967783757,171.694535618,158.97703193,113.834873829,92.2064591409,211.968310997,92.2063408069,189.892549399,181.233244323,143.884250168,158.976293769,211.968515834,92.2064161298,0.015260400167,103.521318166
2011-01-25 14:00:00,234.117648048,211.96798048,71.937568822,0.0388713783777,142.731667989,0.00756911320601,171.694633753,211.968410183,211.969136313,233.681629906,103.577172227,0.0119055547416,85.4838762551,183.19458271,183.715165598,211.967800827,211.96847997,158.977064311,211.968537903,92.2064716673,92.2063487466,92.2063400524,189.892551692,181.233302896,143.884262797,158.976309909,211.968559349,92.2164776922,0.0172368265119,103.521494016
2011-01-25 15:00:00,234.117743748,211.968528843,165.373679872,215.038276586,176.211925614,0.00756739073155,211.96850413,211.968550747,211.96919931,233.681671934,211.968361416,0.0119103328367,85.4838818144,226.166206934,183.715231094,211.968522669,211.968581366,211.968549915,261.689311295,92.2066513714,92.2063091318,92.2063474209,234.435285044,223.744790281,143.884264582,158.976324692,211.968568504,211.968295162,0.105980489363,103.522725889
2011-01-25 16:00:00,234.117765665,211.968544152,165.373699766,215.038306646,176.211931946,0.00756571360247,211.968573154,211.968554191,211.969207877,233.681673234,211.968502771,0.0119340719404,85.4838842567,226.166223818,183.715235163,211.9685366,211.968584893,211.968555244,261.689357246,211.968066733,92.2063276173,92.2064442437,234.435288178,223.744814021,177.634888882,158.976379114,211.968570146,211.968476485,0.10635635839,211.968382736
2011-01-25 17:00:00,234.1177583,211.968550007,165.37370573,215.038314333,176.211933243,0.00756383117709,211.968686104,211.968556093,211.969210065,233.68167455,211.96851736,0.014708972344,85.4838842788,226.166228694,183.715236824,211.968546706,211.968586075,211.968557103,261.689359867,211.968496397,92.2063766963,211.968239165,234.435288502,223.744822989,219.302317054,158.976499128,211.968568907,211.968522906,0.10655195185,237.978567169
2011-01-25 18:00:00,234.117735734,211.968555036,165.373707077,215.038317485,176.211933947,0.00756169241017,211.96872006,211.968555813,211.969212511,233.68167463,211.968521771,0.0147111430137,85.483883951,226.166230589,183.715237666,246.030651447,211.968587077,211.968558082,261.68936186,211.968547737,211.968551947,211.968552512,234.435288608,223.744826228,219.302317826,158.977544448,211.968568217,211.968521232,0.10595750477,237.979498132
2011-01-25 19:00:00,234.117717044,211.968555235,165.373712502,215.038318254,176.211932315,0.00755960027022,211.968724055,211.968555562,211.969213384,233.681673139,211.968521688,0.0147118818819,85.4838836681,226.166230358,183.715237613,246.030664796,211.96858559,211.968558473,261.68936071,122.941961895,211.968550465,211.968552202,234.435288611,223.744826715,219.302318109,211.968144376,211.968564847,211.968527809,0.0877709152277,237.979655226
2011-01-25 20:00:00,234.117709321,211.968558185,165.373718172,215.038317821,176.211931436,0.00755750709398,211.968726516,211.968555114,211.969213061,233.681671481,211.968517811,0.0147119374266,85.4838833576,226.166230275,183.71523707,246.030654208,211.968583971,211.968558638,261.689360212,92.2064536741,211.968549718,211.96856082,234.435288548,223.744817562,219.302318183,211.96845056,211.968560426,211.968511747,0.0867516781488,237.979636336
2011-01-25 21:00:00,234.117708393,211.968557668,165.373721761,215.038316311,176.211931403,0.00755538534474,211.968731684,211.96855444,211.969212041,233.681670556,211.968518705,0.0147116315701,85.4838831662,226.166228133,183.715236132,246.030633373,211.968583138,211.968558224,261.689360773,92.2064459158,211.968546516,211.96855875,234.435288397,223.744803377,219.30231809,211.968546469,211.968557113,211.968414649,0.0866951376048,237.979561182
2011-01-25 22:00:00,234.117702108,211.968556795,165.373721745,215.038311485,176.211930915,0.00755320087622,211.968733461,211.968552637,211.969210332,233.681667042,211.968515872,0.0147111160139,85.4838827742,226.166220746,183.715235219,246.030610249,211.968580939,211.968557668,261.689360361,92.2064360394,211.968536484,211.968535681,234.435288149,223.744781203,219.302317819,211.968577589,211.968553696,211.968152317,0.0866748731055,237.979467007
2011-01-25 23:00:00,234.117698284,211.968557198,165.37371881,215.038305567,176.211929986,0.00755096608219,211.968732283,211.968543963,211.969206764,233.681660869,211.968519242,0.0147096656904,85.4838829379,226.166207071,183.715234423,246.030586864,211.968573938,211.96855664,261.6893599,92.2064451573,211.968108322,211.968479759,234.435287811,223.744796274,219.302317338,211.968591029,211.968551627,211.966734611,0.0870334189498,237.979407408
2011-01-26 00:00:00,234.117693988,211.96855924,165.373710587,215.038300486,176.21193104,0.00754892163517,211.968732823,211.968546279,211.968614888,233.681653797,211.968508776,0.0147078601666,85.4838830013,226.166199883,183.715234373,211.968555538,211.968573796,211.968555315,261.689359625,92.182217642,211.968506179,211.968520484,234.435287523,223.744786711,219.302316357,211.9689784,211.968549863,92.2068635629,0.0869885908664,237.950447741
2011-01-26 01:00:00,234.117693937,211.968560247,165.373707745,215.038297147,176.211929795,0.00754695441036,211.968730823,211.968472375,211.968554187,233.681646388,211.968527134,0.0147062220911,85.483883039,226.166195641,183.715234582,211.968572111,211.968568555,211.968554284,261.689359197,91.837424022,92.2063436373,211.967874626,234.435287275,223.744776475,219.302316112,211.969395626,211.968548623,92.2065869427,92.2028399909,211.968491805
2011-01-26 02:00:00,234.117692699,211.968563173,165.373707618,215.038294143,176.21192868,0.00754503987619,211.968729429,92.2063245536,211.968533165,233.681642493,211.968535815,0.014704715072,85.4838832272,226.166191428,183.715235204,211.968569063,211.968569001,211.968553282,261.689358765,0.0248100340772,92.2063098052,92.2063597407,234.435287154,223.744781058,219.30231638,211.969506948,211.96854934,92.2064465095,92.2035899807,211.968470325
2011-01-26 03:00:00,234.117695021,211.968585257,165.373706924,215.038292987,176.211930078,0.00754321032953,211.968731412,92.2063232828,211.968506893,233.681641485,211.968541133,0.0147035534427,85.4838831075,226.166197287,183.715235468,211.96858071,211.968575417,211.968552628,261.689357239,0.0150822832922,92.2063439222,92.2063470343,234.435287181,223.744787326,219.302316869,211.969709043,211.968551941,92.2064171924,92.2036983554,237.979425713
2011-01-26 04:00:00,234.117703508,211.968679399,165.37370537,215.038294954,176.211931063,0.00754147617254,211.968734109,92.2063226213,211.968522192,233.681642476,211.968545923,0.014702140904,85.4838828259,226.166201833,183.715235729,246.030462566,211.968585807,211.968552858,261.689344879,0.0151003779882,211.968172499,92.2063418784,234.435287415,223.744807343,219.302317795,211.969826211,211.96855609,92.2064286225,113.830300258,237.979820206
2011-01-26 05:00:00,234.117717959,211.968686295,165.373705337,215.038298378,176.211932151,0.00754011696676,211.968736749,92.2063222795,211.968551517,233.681646597,211.968554238,0.0147020453628,85.4838831936,226.166219194,183.715235835,246.03071362,211.968594402,211.96855414,261.689350011,0.015057365655,211.968538635,92.2063457213,234.43528787,223.744834106,219.302318594,211.96988341,211.968565911,92.2065026596,113.831913919,237.979913366
2011-01-26 06:00:00,234.117764476,211.968687929,165.373719224,215.038298255,176.211934793,0.00753933868085,211.968738299,92.2063232259,211.968558437,233.681643921,211.968594455,0.0147026914248,85.4838841993,226.16622453,183.715234513,261.688628802,211.968596335,211.96855467,261.689360006,92.2064317504,211.968553889,92.2063706634,234.435288081,223.744847089,219.302318845,211.96991313,211.968569304,92.2075312142,113.832074606,237.979972565
2011-01-26 07:00:00,234.117771414,211.968687692,165.373717853,174.181030861,176.211934178,0.00753785350272,211.968737828,92.2063225915,211.968559392,189.28205332,171.694522882,0.0147024922674,85.4838846883,226.16621406,148.809334455,261.688630076,211.968580508,171.694536196,261.689360042,92.2064382234,211.968556751,92.2063679349,234.43528645,223.744848209,219.302318929,211.969935423,211.968551864,113.835378039,113.832028284,237.980017865
2011-01-26 08:00:00,211.968525262,211.968686193,165.373706525,174.181008357,176.211931685,0.00753571675412,211.968735759,92.2063219813,171.695073429,175.261036279,171.694502628,0.0147001442009,85.483872532,183.194666072,148.809311681,211.967819268,171.694611081,171.694528191,261.689355424,92.2064405341,211.968555382,92.2063534543,189.892583287,181.233380509,219.302316839,211.969940275,171.694585928,92.2064222376,92.2040544686,237.979827508
2011-01-26 09:00:00,189.635424909,211.968561494,165.373614259,174.180936408,176.211926574,0.00753371414416,211.968689615,92.2063170162,171.695069287,0.0100059869419,103.576702219,0.0109184466818,85.483856135,183.194646323,0.0100093335624,211.967796399,171.694571031,171.694515975,211.968555628,92.2064462956,211.968555235,92.2063516946,189.892582391,181.233349759,177.63487903,211.969923557,171.694589186,92.2063965067,92.2038791427,237.9797552
2011-01-26 10:00:00,189.635417186,211.968558585,71.9376046733,161.278970415,171.694666224,0.007531621089,211.968549506,0.0150018776494,171.69506943,0.0100040156089,103.576431962,0.010861104111,85.4837092076,183.194627572,0.0100047337566,211.967795148,171.694567283,158.977158401,211.968396618,92.2064099257,211.968555928,92.2063537725,189.892482034,181.233345185,177.634878374,211.969922574,171.694588074,92.206401227,92.2037007383,237.979669491
2011-01-26 11:00:00,189.635418803,211.968559474,71.9375613551,93.5426805039,171.694500257,0.00752948035536,171.694660411,0.0150012600695,171.695073932,0.0100061840946,103.576624365,0.010007093047,64.1130863731,183.194522848,0.0100174667304,211.967795966,171.694566782,158.981980566,211.968391367,92.1901974753,211.96855689,92.2063748009,175.826520604,181.233343,177.634877867,211.969900123,171.694659971,92.2065083596,92.2037304683,237.979740494
2011-01-26 12:00:00,189.639131212,211.968563927,71.9375609245,161.278884179,139.072577589,0.00752737750719,171.694657091,92.2062953396,211.968556797,175.261114041,158.976576003,0.0100035088058,85.4824835325,183.194615567,148.809318794,211.967799656,171.694569423,171.694515835,211.968387201,92.1904456732,211.968557044,92.2063589672,189.892576396,181.233346477,177.634877353,211.969838255,211.96850552,211.967178739,92.204205621,237.979876882
2011-01-26 13:00:00,211.968589447,211.968680327,71.9375613889,174.180994797,139.072575678,0.00752547940256,171.694656418,0.0150142833983,211.969107117,189.282055161,171.694521825,0.0100037003405,85.4838633615,183.194643692,148.809335295,211.968502799,171.694575113,171.69452856,211.968395682,92.2064291503,211.968558053,92.2063854631,189.892583095,181.233363144,177.634878178,211.969536452,211.968549236,211.968678154,211.961455248,237.979868301
2011-01-26 14:00:00,234.117704983,211.968683299,71.9375938272,174.181049904,139.072578286,0.00752359992531,211.968552139,92.2060854169,211.969205291,211.96863287,238.106261912,0.0100138184487,85.4838768154,183.19472073,183.715223511,261.688643532,211.968555961,171.694608719,211.968548916,92.2064734134,211.968559586,211.966793748,189.892590541,211.968535411,177.634879091,211.969835295,211.968566243,211.968741896,211.962411791,237.979864974
2011-01-26 15:00:00,234.117794032,211.968686177,88.8118437838,215.038320994,171.694525461,0.00752198446726,211.968692299,92.2063186425,211.969207518,233.681561845,238.107329449,0.0109121292543,85.4838818885,226.16622877,183.715232153,261.688664173,211.968609948,211.968558258,261.689330843,211.966920963,211.968562098,211.968552405,234.43528766,223.744856903,177.634881004,211.969831244,211.968576637,211.968765362,211.962487534,237.979841551
2011-01-26 16:00:00,234.117801397,211.968686307,88.8118551458,215.038336658,171.694533126,0.00752017842837,211.968692404,92.2063214139,211.969209151,233.681564808,238.107340531,0.0109258497638,85.4838840045,226.166237512,183.715233572,261.688666295,211.968612105,211.968561212,261.689356908,211.968512397,211.968566798,211.968594661,234.435288432,223.744876025,219.30231706,211.969829561,211.968578862,211.968771117,211.962433411,237.979806977
2011-01-26 17:00:00,234.117800387,211.968686624,88.8118555781,215.038341337,171.69453047,0.00751802295316,211.968689645,92.2063218361,211.969209777,233.681566759,238.107343564,166.016340887,85.4838844486,226.166240231,183.715234112,261.688667131,211.968612948,211.96856246,261.689357962,211.968541413,211.968578444,211.968599665,234.435288538,223.744881124,219.302321582,211.969811524,211.968578422,211.968771918,211.962413942,237.979770891
2011-01-26 18:00:00,234.117796322,211.968685324,88.8118556209,215.038343493,171.694521847,0.00751628548887,211.968684131,92.206322225,211.969204645,233.681567466,238.107343576,166.016348226,85.4838841149,226.166239714,183.715233827,261.688667804,211.968613443,211.968562939,261.68935721,211.968515794,211.968581889,211.968597791,234.4352885,223.74488342,219.302321813,211.969743149,211.968577475,211.96876719,211.962434289,237.979702628
2011-01-26 19:00:00,234.117783672,211.968672441,88.8118513699,215.038343563,76.652192098,0.00751404337871,211.968670383,92.2063212088,211.969200685,233.681567212,238.10734138,166.016350322,85.4838835591,226.166239214,183.71523371,261.688668004,211.968613565,211.968563131,261.689356956,211.96852378,211.968574712,211.968599326,234.435288452,223.744879713,219.30232192,211.969731285,211.968575394,211.968780313,211.962504802,237.979671697
2011-01-26 20:00:00,234.117755258,211.968676512,88.8118455832,215.038342543,76.6521904819,0.0075118892365,211.968558177,92.2063216934,211.96915226,233.68156711,238.107338033,166.016351208,85.4838831664,226.166239013,183.715233292,261.688667764,211.968613252,211.968563117,261.689356722,211.968498442,211.968567548,211.968599191,234.435288331,223.744866915,219.302321906,211.969716498,211.968571578,211.968766229,211.962452804,237.979483495
2011-01-26 21:00:00,234.117751349,211.968676023,88.8118360905,215.038339794,76.6521902886,0.00750967486482,211.968551524,92.2063219619,211.968649094,233.681566936,238.107334623,166.016351558,85.4838831195,226.166236162,183.715232754,261.688666995,211.968612736,211.96856264,261.689358237,211.9684727,211.9685628,211.96859854,234.435288115,223.744850437,219.302321734,211.969649807,211.96856846,211.96874481,211.962388262,237.979581528
2011-01-26 22:00:00,234.117724567,211.968669224,88.8118077719,215.038334133,76.6521896726,0.00750737815098,211.968542785,92.2063218195,211.968566378,233.681565878,238.1073283,166.016351297,85.4838827825,226.166227934,183.715232269,261.688666519,211.96861185,211.968561859,261.689357724,211.968458858,211.968559307,211.968597616,234.435287811,223.744796901,219.302321341,211.969129978,211.968565473,211.968732079,211.962362095,237.97957496
2011-01-26 23:00:00,234.117718038,211.968670969,71.9376252932,215.038325425,76.6521869574,0.00750520756439,211.968508227,92.2063213559,211.968559653,233.681563848,238.10732124,166.016349748,85.4838828714,226.166212995,183.715231976,261.68866612,211.968610488,211.96856029,261.689356981,211.968507882,211.968557352,211.96859791,234.43528737,223.744827718,219.302320737,211.968539098,211.968562584,211.968724775,211.962313105,237.979600476
2011-01-27 00:00:00,234.117713003,211.968640777,71.9375985704,215.038319042,62.0882824243,0.0075031376147,171.694595394,92.2063226324,211.968557569,233.681562315,238.107314195,166.016346427,85.4838831162,226.166210014,183.715231499,261.688666045,211.968608893,211.96855834,261.689351577,211.968508769,211.968555437,211.968598455,234.435286732,223.74480533,219.302319835,211.968286851,211.968559914,211.968720492,211.962322187,237.979642731
2011-01-27 01:00:00,234.117709702,211.968662069,71.9375986026,215.038314827,62.088274555,0.00750114652388,171.694594813,92.2063223873,211.968552539,233.681561091,238.107309415,166.016344176,85.4838828624,226.166200632,183.715230945,261.688665863,211.968606748,211.96855686,261.689355929,211.968432037,211.968555343,211.968598131,234.43528634,223.744808023,219.302319575,211.968302193,211.968558315,211.968719774,211.962344952,237.979598646
2011-01-27 02:00:00,234.117708367,211.968671253,71.9375964804,215.038312415,62.0882725052,0.00749922882043,211.968431511,92.2063223434,211.968549794,233.681560013,238.107306574,166.01634271,85.4838829115,226.166196103,183.715230669,261.688665467,211.968605414,211.968555657,261.689358172,211.968430466,211.968555559,211.968598248,234.435285957,223.744804522,219.302318962,211.968450567,211.968557528,211.968719351,211.962371878,237.979678445
2011-01-27 03:00:00,234.117711429,211.968677455,71.9375947131,215.038312458,62.0882731453,0.00749739310959,211.968543258,92.206322461,211.968550303,233.681558845,238.107307204,166.016342266,85.4838827258,226.166197787,183.715230732,261.688665504,211.968606181,211.968555049,261.68935901,211.96847083,211.968555943,211.968598521,234.435285531,223.744812231,219.302318698,211.968537772,211.96855813,211.968721502,211.962456656,237.979762393
2011-01-27 04:00:00,234.117725914,211.968684679,71.9375981187,215.038316983,76.652142412,0.007495621547,211.96855448,92.2063224392,211.968552112,233.681557861,238.107313726,166.01634222,85.4838826074,226.166207869,183.715230963,261.688666118,211.96860874,211.968555287,261.689359699,211.968496902,211.968556605,211.968600891,234.435285325,223.744846241,219.302320178,211.968527964,211.968559486,211.968742096,211.96748383,237.979871813
2011-01-27 05:00:00,234.117776794,211.968683754,88.8117568809,215.038324682,76.6521824106,0.0074942798549,211.968576196,92.206322687,211.968564115,233.681557095,238.107319026,166.01634347,85.4838830711,226.166221239,183.715230543,261.688667208,211.968611829,211.968556711,261.689360882,211.968511861,211.9685583,211.968613402,234.435285792,223.744872431,219.302321447,211.968525781,211.968562769,211.968774541,211.968310556,237.979973681
2011-01-27 06:00:00,234.117785984,211.968680307,88.8118446632,215.038329595,76.6521816726,0.00749350290506,211.968582028,92.2063270133,211.969195015,233.681554718,238.107311254,166.016346962,85.4838840026,226.166226649,183.715228093,261.6886671,211.968612012,211.968557992,261.689374555,211.968521688,211.968566534,211.968656504,234.435285705,223.744893315,219.302321863,211.968619936,211.968561253,211.968796678,211.968403027,237.980073442
2011-01-27 07:00:00,234.117785929,211.968571473,88.8118420594,174.181065462,76.6521699928,0.0074919431805,211.968545739,92.2063417895,211.969202964,189.282042772,192.866865333,166.016349704,85.4838844083,226.166177185,148.809329501,261.6886661,211.968534114,171.694539871,261.68952151,211.968573817,211.974417144,211.969232899,234.435282452,223.744892712,219.302321931,211.968435195,211.968513465,211.96876641,211.968476525,237.980193964
2011-01-27 08:00:00,211.96854801,211.968556251,88.8118412129,174.181041809,0.0162534310844,0.00748989569589,92.2064086162,92.2063239294,171.695075138,175.260959566,192.866836211,166.016350925,85.4838541574,211.968576848,148.809321772,211.967829609,171.694585636,171.694531687,261.689359088,211.968611357,211.975397214,211.969470451,189.892552786,223.744815648,219.302321409,0.0156141747778,171.694527247,211.967587225,211.962302782,211.96846936
2011-01-27 09:00:00,189.635408316,211.968169506,71.9375572513,174.180803926,0.0150929659116,0.00748778318365,74.6872050518,92.2063207392,171.695072571,0.0100057846484,103.576672094,134.47324732,64.1130488513,183.194654334,0.0200228715936,211.96782064,171.694577943,171.694501915,211.968551952,211.96856245,211.968977551,211.968715365,189.892551556,223.744797715,177.634884939,0.0153265455649,171.69450084,171.694849335,211.961545843,178.4855102
2011-01-27 10:00:00,189.635389076,92.2063962671,71.9375236458,161.279555856,0.015003076814,0.00748563150811,74.6871940285,92.2062624971,171.69507252,0.0100044148959,0.0207568831165,134.473244836,64.1130021881,183.194640844,0.0100262949711,211.967818272,171.694575761,92.2077689529,211.968533195,92.2064624761,211.968607162,211.968678099,189.892550031,223.744799745,177.634881643,0.0152810246546,158.976743461,171.694675171,171.694252656,178.485359764
2011-01-27 11:00:00,189.63537625,92.2063843671,0.0204497435243,161.279926994,0.0150013927284,0.00748360672838,74.6871723752,92.2062575479,171.695076451,0.0100042776939,103.576654744,134.473244565,64.1129852676,183.194642168,0.0229914982049,211.96781752,171.694575838,171.694046908,211.968546205,92.2064465666,211.968579397,211.968643165,189.892539744,223.744793946,177.634880986,0.0152332102704,158.976739496,171.694831426,171.69529159,178.485453033
2011-01-27 12:00:00,189.63539808,92.2063763659,71.9375527901,174.181044407,0.0150029225644,0.00748146884489,74.6871865716,92.2063225237,211.968513029,0.0100385842867,178.58078052,134.473244801,64.1130052689,183.194666852,148.809323189,211.967818655,171.694577037,171.694531871,211.968555984,92.2065633558,211.968565067,211.968637674,189.892548465,223.744805667,177.634880685,0.0152273028838,171.694510853,211.968429337,211.962249511,211.969074571
2011-01-27 13:00:00,211.968563429,92.2063794127,71.9375539929,174.1810918,0.015043659026,0.00747955760598,74.6871865052,92.2063230905,211.969185491,189.28204282,192.866856394,134.473243958,85.483411942,226.16605734,148.809330197,211.9678993,171.69458884,171.69454833,261.689334629,211.967526977,211.968561433,211.968629584,189.892551146,223.744838441,177.63488075,0.0152112346537,171.694531284,211.968649851,211.967633367,237.9798689
2011-01-27 14:00:00,234.117705792,92.206374514,71.9375609309,215.038286303,0.0161985709757,0.00747759241846,74.6871922901,92.206324602,211.969214136,211.968345788,238.10719722,134.473243775,85.4838725058,226.166173681,183.715211858,261.688641433,211.968565914,211.968545433,261.689361487,211.968517453,211.968559489,211.968635081,189.89255213,223.744862464,177.63488109,0.0152532866111,211.968522348,211.968661747,211.968062637,237.980221096
2011-01-27 15:00:00,234.11776724,92.2063740127,165.373683227,215.038365254,0.0162088362214,0.00747579807324,92.206380781,211.968514311,211.969224966,233.681567976,238.10724043,134.473246174,85.4838814169,226.166210349,183.7152196,261.688660382,211.968608618,211.968560898,261.68955653,211.968564187,211.968559471,211.968730427,234.435244521,223.744883262,177.634882814,0.0202241804359,211.968550326,211.968648244,211.968208129,237.980302202
2011-01-27 16:00:00,234.117772586,92.2063705364,165.373698775,215.038381475,0.0199998576773,0.00747425474868,92.2064084586,211.968554641,211.969226605,233.681572642,238.107248201,166.015983379,85.4838841005,226.166213849,183.71522037,261.688660309,211.968609133,211.96856377,261.689559449,211.968833707,211.968560641,47446.3785502,234.435248894,223.744887555,219.302316479,0.0202713641045,211.968551906,211.968586921,211.967868898,237.980314064
2011-01-27 17:00:00,234.117769959,92.2063684723,165.373698655,215.03838594,0.0200004638238,0.00747231796056,92.2064094676,211.968555276,211.969227062,233.681575493,238.107245943,166.016351198,85.4838840936,226.166211409,183.715220527,261.688659593,211.968608879,211.968564645,261.689560109,211.968848098,211.968563242,211.969753647,234.435248957,223.744886646,219.302321772,0.020250722348,211.9685521,211.968510515,211.967405079,237.980271349
2011-01-27 18:00:00,234.117762406,92.2063768525,165.37370119,215.038388914,0.0199995628791,0.00747011959535,92.2064118365,211.968556883,211.96922708,233.681576595,238.107239775,166.016352673,85.4838837195,226.166209657,183.715220438,261.688659316,211.968608457,211.968564991,261.689559878,211.968853022,211.968562343,211.968755315,234.435248866,223.744884068,219.302321785,0.0202397197182,211.968552239,211.96846543,211.962412275,237.980194426
2011-01-27 19:00:00,234.117737985,92.2063721355,165.373699696,215.038387032,0.0199986906866,0.00746786188997,92.2064024822,211.968556015,211.969227001,233.681576519,238.107234115,166.016353063,85.4838831792,226.166202323,183.715219877,261.688657574,211.968607522,211.96856496,261.689558367,211.968853599,211.968560563,211.968632729,234.435248771,223.744874921,219.302321782,0.0201356378729,211.968551837,211.968057399,211.961963657,237.980009646
2011-01-27 20:00:00,234.11771875,92.2063784067,165.373699584,215.038385251,0.0199967080239,0.00746564128318,92.2063915982,211.968554487,211.969225898,233.681576396,238.107226166,166.016352889,85.4838827926,226.166194106,183.715218746,261.688654983,211.968606178,211.968564768,261.689556466,211.968848539,211.968557447,211.968621519,234.435248554,223.74485586,219.302321642,0.0154400925091,211.968550665,92.2065747912,211.958260278,237.979873507
2011-01-27 21:00:00,234.11771841,92.2063808699,165.373697436,215.038382635,0.0199990684299,0.00746357736993,92.2063929131,211.968552102,211.969223368,233.681576325,238.107210958,166.016352293,85.4838827933,226.16618001,183.715217246,261.688650146,211.968604645,211.968564012,261.689554916,211.968841708,211.968555527,211.968606863,234.435247913,223.744828464,219.302321318,0.0152025659578,211.968549684,92.2064010329,0.0167442380567,237.979802304
2011-01-27 22:00:00,234.117710346,92.2063798052,165.373694031,215.038369418,0.0199998692089,0.00746140247371,92.206391775,211.968545178,211.969218304,233.681574838,238.107137236,166.016351368,85.4838824192,226.166146677,183.715215886,261.68864298,211.968602501,211.968563268,261.689381796,211.968831834,211.968552076,211.968599486,234.435245501,223.744787746,219.302320608,0.0151144001381,211.968548304,92.2063454347,0.0159183877556,237.979723745
2011-01-27 23:00:00,234.117706602,92.2063735443,165.373687692,215.038353852,0.0199999530024,0.00745925645859,92.2063847055,211.968523932,211.969210818,233.681573308,238.092941541,166.016349133,85.4838826326,226.16608816,183.715214275,261.68863386,211.968598417,211.968561265,261.689364078,211.968831569,211.968545115,211.968594409,234.435242047,223.744807588,219.302319277,0.0150676373203,211.968547034,92.2054517812,0.0156028913739,237.979661049
2011-01-28 00:00:00,234.117702213,92.2063788537,165.373678647,215.038340289,0.0200017386629,0.00745718990226,92.2063845398,211.968549787,211.969207008,233.68157099,171.694722059,166.016346417,85.4838827957,226.166028316,183.715212147,261.688642113,211.968591661,211.968558711,261.689363084,211.968805484,211.96851896,211.968586352,234.435237162,223.744782305,219.302317831,0.0150957131799,211.968545582,0.0151241749722,0.0152044205313,237.979509362
2011-01-28 01:00:00,234.117699879,92.2063378197,165.373673667,215.038334901,0.0200003007103,0.00745519746141,92.2063821403,211.968544354,211.969205371,233.681569445,171.694506203,166.016343466,85.4838826651,226.166040591,183.715208404,261.688635042,211.968583017,211.968556962,261.689362896,211.968749379,211.968420681,211.968581826,234.435237715,223.744772342,219.30231566,0.0150576886059,211.968544166,0.015055256579,0.0151349039944,237.979433362
2011-01-28 02:00:00,234.117697966,0.0150261553267,165.373685221,215.038330406,0.0199992660458,0.00745326908402,92.2063769456,211.968541026,211.969205254,233.681568101,171.694487188,166.016340191,85.4838827072,226.166031601,183.71520493,261.688607834,211.968577829,211.968556126,261.689363181,211.968659804,211.968378126,211.968577741,234.435237119,223.744770497,219.302313248,0.0150294218981,211.968542984,0.0150429786439,0.0150714250064,237.979432896
2011-01-28 03:00:00,234.117699478,0.015027536163,165.373682831,215.038330547,0.0199998313419,0.00745143797778,92.2063752129,211.968527905,211.969205562,233.681567092,171.694482473,166.016337721,85.4838824787,226.166007738,183.71520479,261.688534921,211.968577079,211.968555002,261.689364355,211.968671852,211.968410948,211.968568927,234.435235838,223.744775733,219.302315673,0.0150264183527,211.968542412,0.0150705183597,0.0150835200156,237.979477561
2011-01-28 04:00:00,234.117706947,0.0150405641933,165.373683572,215.038338655,0.0200008940652,0.00744973953344,92.2063727315,211.968438089,211.969206405,233.681566962,171.694483629,166.016336574,85.4838826232,226.166023909,183.715204519,261.688559496,211.968581005,211.968556064,261.689379869,211.968689184,211.9684867,211.968566746,234.435237242,223.744795759,219.302319182,0.0150244567837,211.968542361,0.015222951174,0.0151349300539,237.979579935
2011-01-28 05:00:00,234.117720747,0.0150282325979,165.373691651,215.03836123,0.0200015711993,0.00744840440267,92.206374844,211.968525155,211.969210594,233.681568945,171.694632593,166.016336173,85.4838829853,226.166058204,183.715203888,261.68860548,211.968584245,211.968559352,261.689557367,211.968729668,211.968517477,211.968581269,234.435244818,223.744815057,219.30232051,0.015023347797,211.968542353,0.0184836054784,0.0152506487099,237.979609073
2011-01-28 06:00:00,234.117722378,0.0150063399419,165.37369881,215.038378653,0.0200013189957,0.00744751043023,92.2063878196,211.96855612,211.969210326,233.681570355,171.694895527,166.016338178,85.4838836599,226.166044377,183.715198537,261.688574589,211.96857784,211.968561087,261.689563001,211.968816362,211.968539981,211.968597438,234.435248452,223.744821996,219.302320695,0.0150752240266,211.968538417,0.0184207975893,0.0151088312059,237.979581261
2011-01-28 07:00:00,234.11771693,0.0150031491593,165.373698898,215.038201477,0.0200003117015,0.00744586987948,92.2063842419,211.968557442,211.969204528,189.282098343,171.694470351,166.016338703,85.483883965,183.193730732,0.0199631081551,261.688436271,171.6944981,171.694557383,261.689564173,211.968842588,211.96855541,211.968593302,234.435247301,223.744809867,219.30232063,0.0150605762115,211.968424222,0.0182439132835,0.0150931737898,237.979455545
2011-01-28 08:00:00,189.635286184,0.0150018766073,165.373697525,215.03779097,0.0162011272955,0.00744381130319,92.2063682651,211.968556448,171.694964496,189.282073881,171.694471613,166.016335477,85.4838528061,183.193694638,0.0199502142476,171.694557584,0.0152371240089,171.694538929,261.689359793,211.968847634,211.968521308,211.96858959,189.892552571,181.233312679,219.302319761,0.0150010571254,158.976402909,0.015107491795,0.014997914881,0.0212109337415
2011-01-28 09:00:00,175.58828291,0.0150007207014,71.9375584822,174.181120227,0.0150279616758,0.00744189555566,0.0150072920175,92.2063442692,171.694953821,189.282069043,171.694468445,134.472701712,64.1130675649,98.3836772532,0.0100158599565,171.694513416,0.0100077396101,171.694531947,211.96852384,211.96885191,211.968530458,211.968572118,189.892551922,181.233271425,177.634889509,0.0149854292836,0.0100104365444,0.0150398177562,0.0149884816153,0.0207165392054
2011-01-28 10:00:00,0.0149772329697,0.0150004249861,71.937321639,174.181102367,0.0150011941844,0.00743957148485,0.0150004090078,92.2063237104,158.977000048,189.282066421,171.694467194,134.472694031,64.1129850097,0.0149654532934,0.010007189768,0.015032001339,0.0100037833254,171.694517916,211.968502756,211.96853524,211.968521509,211.968537456,189.892551612,181.233255165,177.634880705,0.0149816945021,0.0100070276648,0.0150225519962,0.0149840901944,0.0203503499266
2011-01-28 11:00:00,0.0100267740369,0.0150004875273,0.0200029551344,174.18110284,0.0150005229388,0.00743738951435,0.0149991584894,92.2063235479,158.976912491,189.282069588,171.694476775,134.472608385,64.1129725215,0.0149033774769,0.0100217991,0.0150127904274,0.0100045082208,171.694524193,196.267197157,211.968489353,211.968420768,211.968504694,189.89255137,181.233221003,177.634878994,0.0149843530691,0.0100069389203,0.0150194986931,0.0149841904467,0.0204911623493
2011-01-28 12:00:00,0.0149186542809,0.0150015401645,71.9375502315,174.18112086,0.0150005748197,0.00743540315054,0.0150006474685,158.976331666,171.694944784,189.282076044,171.69447068,72.2166704424,64.112978787,0.0150599202188,0.019949721596,171.69446705,0.0100157621893,171.694535008,211.968515557,211.968524923,211.968423805,211.968534045,189.892551659,181.23322216,177.63487836,0.0149887328661,0.0100170899501,0.0150301156618,0.0149944527554,0.0210225997917
2011-01-28 13:00:00,175.588262692,0.0150032667098,71.9375333361,215.037929865,0.0150012804289,0.00743338447479,0.0150043457575,92.2063448151,171.694960196,211.968558995,211.963751142,72.2169063809,64.113016032,183.193522131,0.0199598038086,171.694555323,171.694485298,171.694547436,211.9685496,211.968542696,92.2062989588,211.968516235,189.892552247,181.233261077,177.634877788,0.0149941209765,171.69440503,0.0150341215089,0.0150045180153,0.0211465964547
2011-01-28 14:00:00,189.63529862,0.0150131648846,71.9375601213,215.038317879,0.0150902903388,0.00743139980784,0.0199916453287,158.976472259,211.969073024,233.68156348,211.96843695,134.472680742,85.4838606331,183.193714923,0.0203499922781,171.694565555,171.694502525,211.968544354,261.68935947,211.968563465,92.2062657769,211.96848759,189.892555896,181.233295043,177.634878436,0.0150193391082,171.6944939,0.0150528281098,0.0150220830914,0.0257424830278
2011-01-28 15:00:00,234.117686169,92.2063644575,133.95269962,215.038387929,0.016207198965,0.00742947991996,74.6872477492,211.968555898,211.969084456,233.681567673,211.968447561,134.472694205,85.4838798706,226.16510819,0.0246414140448,211.968588001,211.968544029,211.968561523,261.68953028,211.96879471,92.1891746487,211.96852989,234.435250061,223.744749813,177.634880336,0.0151413240832,211.968521576,0.0150817915847,0.0150438376301,0.0258863220424
2011-01-28 16:00:00,234.117699004,92.2063773721,165.373697152,215.038398382,76.6521853966,0.00742774428889,211.968536014,211.968558661,211.969085285,233.681568285,211.96845108,134.472701088,85.4838834065,226.165124194,0.0246423076654,211.968589444,211.968547752,211.968563509,261.689534055,211.968852084,92.1893430988,211.968561207,234.435250922,223.744762224,219.302305973,0.0152697668417,211.968526928,0.0150946112855,0.0150332751126,0.0230632525386
2011-01-28 17:00:00,234.117700199,92.2063815517,165.373697813,215.038398403,76.6521882909,0.00742592105702,211.968544376,211.968558956,211.969084409,233.681569029,211.96844929,166.01567612,85.4838836857,226.16512902,0.0246424706401,211.968590139,211.968549071,211.968564364,261.689534772,211.968932759,92.2062363837,211.968545444,234.435251118,223.744763321,219.302318038,0.0153341652926,211.968528984,0.0150836879562,0.0150294473466,0.0211403924719
2011-01-28 18:00:00,234.117697808,92.206475698,165.373701018,215.038397897,76.652188914,0.00742380852051,211.968547062,211.96855978,211.969081473,233.681568759,211.968443216,166.015678526,85.4838834154,226.16513067,0.0246423630354,211.96859048,211.968550349,211.96856438,261.689532818,211.969160616,211.96828947,211.968535419,234.435251075,223.744762414,219.302317923,0.0582251187578,211.968530112,0.0151335491277,0.01500773817,0.0210063424238
2011-01-28 19:00:00,234.11769508,92.2066979993,165.373699615,215.038394626,76.652188369,0.00742169502503,211.968560165,211.96855899,211.969080251,233.681567618,211.968419216,166.015679207,85.4838826647,226.165131379,0.0246419340997,211.968590628,211.968551015,211.968563945,261.689528253,211.96891069,52.2176974627,92.2064143716,234.435251064,223.744758082,219.302317718,105.681739693,211.968530424,0.0150793684326,0.0150041327135,0.0209786917647
2011-01-28 20:00:00,234.117692578,92.2070668659,165.373701118,215.038389862,76.6521889154,0.0074195057415,211.968592117,211.968558413,211.969077378,233.681566612,211.968268344,166.015679249,85.4838824773,226.165132201,0.0246407937006,211.968590307,211.968551332,211.968563693,261.689515441,211.968863992,52.2176521414,92.206345537,234.435250987,223.744750574,219.302317336,105.681055556,211.968530201,0.0150325442037,0.0149946364602,0.0209369198335
2011-01-28 21:00:00,234.117693297,92.2063982029,165.37370239,215.038384682,76.6521905178,0.00741726531765,211.9686311,211.968558253,211.969067922,233.681565646,209.291978929,166.015678847,85.4838826072,226.1651312,0.0246394087074,211.968590114,211.968551474,211.968563078,261.689514969,211.968849782,52.2176439769,92.2063421974,234.435250779,223.744742294,219.302316787,211.966878913,211.968529985,0.0150216855044,0.014986804761,0.020746113532
2011-01-28 22:00:00,234.117690376,92.2063822718,165.373702892,215.038372754,76.6521909363,0.00741513214195,211.968638036,211.968558066,211.968931435,233.681563254,103.576806778,166.015678325,85.4838824257,226.165127262,0.0246381392088,211.968590094,211.968551313,211.968562081,261.689379028,211.968840634,52.2176324562,92.206339777,234.435250445,223.744726549,219.30231586,211.967317901,211.968529336,0.0150147701622,0.0149815647714,0.0202042827908
2011-01-28 23:00:00,234.117687137,92.2063776412,165.373702507,215.038355027,76.6521909606,0.00741301250001,211.968638917,211.968557963,211.968558768,233.681558994,103.576630652,166.015676972,85.4838823737,226.165120789,0.0246368282788,211.968589734,211.968550743,211.968560242,261.68936398,211.968841748,52.217491948,92.2063379476,234.43524987,223.744710729,219.302314192,211.967432025,211.96852835,0.0150121518414,0.0149779476539,0.0200616319917
2011-01-29 00:00:00,234.117683228,92.206365935,165.373704355,215.038341602,76.6521924217,0.00741094916883,211.968643987,211.96855823,211.968553026,233.681553613,103.576601082,166.015675172,85.4838821445,226.165118452,0.0246358794406,211.968589668,211.96855014,211.968558365,261.689365472,211.968817866,0.0150273446757,92.2063399061,234.435248988,223.744696726,219.302310848,211.967592106,211.968527151,0.0150181590693,0.0149747709153,0.02000519762
2011-01-29 01:00:00,234.117678592,92.2063380835,165.373704702,215.038334858,76.652192012,0.00740892240156,211.968645198,211.968558112,211.968549448,233.681549323,103.576583603,166.015673213,85.4838817765,226.165116816,0.0246350870482,211.968588739,211.968549372,211.968556709,261.689364637,211.968775669,0.015006763713,92.2063372833,234.435248259,223.744691414,219.302298295,211.96761921,211.968526111,0.0150199837013,0.014975333968,0.0200025139192
2011-01-29 02:00:00,234.117672887,92.2062376028,165.373704896,215.038328242,76.6521913546,0.00740697725688,211.968645318,211.968557875,211.968547043,233.681546046,103.57657949,166.015671614,85.4838814295,226.165113355,0.024634827361,211.968587784,211.968548734,211.968555118,261.689364096,211.968717712,0.015003968029,92.206336415,234.435248114,223.744713966,219.301919067,211.967659027,211.968525463,0.0150182208429,0.0149754001032,0.0200033931218
2011-01-29 03:00:00,234.117674195,92.2063593915,165.373704829,215.038327426,76.6521909548,0.00740505415088,211.9686454,211.968557435,211.96854492,233.681544966,103.57657883,166.015670015,85.4838810932,226.165114715,0.0246348749098,211.96858757,211.968548456,211.968554153,261.689363498,211.96866815,0.015002770317,92.2063363093,234.435248406,223.744713265,177.63528457,211.96769644,211.968524508,0.015014175331,0.0149784991756,0.0200042525686
2011-01-29 04:00:00,234.117676637,92.2063685163,165.373704785,215.038331537,76.6521908265,0.00740314872799,211.968644949,211.968556762,211.968542674,233.681542206,103.576591444,166.015668767,85.4838810487,226.165117861,0.0246348912116,211.968586866,211.96854822,211.96855348,261.689362731,211.968627784,0.0150024247104,92.2063360332,234.435248999,223.744717095,219.302111823,211.96770915,211.968523036,0.0150121003474,0.0149836374368,0.0200086481876
2011-01-29 05:00:00,234.11767814,92.2063680918,165.373705404,215.038338816,76.6521909318,0.0074013470801,211.968644364,211.968556379,211.968546088,233.681540156,103.576602457,166.015667321,85.4838807168,226.165120054,0.0246352700243,211.968586489,211.968548053,211.968553219,261.689362279,211.968606755,0.0150024664834,92.2063358463,234.435249999,223.744713019,219.302302264,211.96772687,211.968521066,0.0150112619627,0.0149874940009,0.0200143209514
2011-01-29 06:00:00,234.117677207,92.2063759859,165.373707075,215.038346829,76.6521914271,0.00739966015881,211.968641403,211.968556228,211.968542999,233.681534872,103.576618132,166.015665969,85.4838807388,226.16512151,0.0246354468327,211.968585897,211.968547113,211.96855257,261.689365639,211.968604163,0.015003597241,92.2063387188,234.435250487,223.744724039,219.302306869,211.967740416,211.968516565,0.0150111500528,0.0149908725796,0.020024728193
2011-01-29 07:00:00,234.11767352,92.2063648794,165.373706719,174.181100919,76.6521915658,0.00739796438652,211.96863965,211.968557515,92.2068346351,189.282015274,103.576475487,166.015662576,85.4838810726,183.193771917,0.0199565230839,211.968583268,171.694526477,171.694528111,261.689379471,211.968699842,0.015003306628,92.2063383544,234.435249546,223.744727293,219.302306127,211.967737937,171.694505586,0.0150101609576,0.014993403872,0.0200375179859
2011-01-29 08:00:00,175.588258368,0.0158849727622,165.373707827,174.181077724,76.6521861515,0.00739634932681,211.96863376,211.968558297,0.0200237211105,189.282002055,103.576468121,166.015657663,85.4837767784,183.19375283,0.0199430178756,171.694537293,171.694518443,171.694519091,211.968547608,211.968771118,0.0150033267009,92.2063386845,189.892554328,181.233249702,177.634886706,158.976293041,158.976230158,0.0150051953906,0.0149866564072,0.0181849297981
2011-01-29 09:00:00,0.0149887554262,0.0150138574908,165.37355533,174.181052402,62.0882717443,0.00739460459397,211.96791053,211.968557574,0.0199987878677,175.260623291,103.576462392,0.0214183340542,64.1129596562,183.193740897,0.0100092732106,0.0149987388613,171.694494024,92.2075097573,113.834884197,211.968816918,0.0150045065186,92.2063368901,189.892553297,181.233234492,143.884293341,158.975869726,0.0100103823254,0.0150050307232,0.0149859592588,0.0180661715896
2011-01-29 10:00:00,0.0100098354163,0.0150051630938,133.952682121,174.180903309,57.4891502057,0.00739260432581,171.694544066,211.968556486,0.0199910777499,0.010055177422,103.576460239,0.0214093103987,64.1129269936,183.193694097,0.0100052173714,0.0100142034244,0.0100454113053,0.0100097682329,113.834872211,211.968490328,0.0150055818749,92.206334535,189.892552726,181.233226062,143.884291297,158.975788649,0.0100060858789,0.015005362472,0.0149848484882,0.0180388755241
2011-01-29 11:00:00,0.0100065674269,0.0150032051964,71.9375627347,174.180985596,0.0200018675941,0.00739070050484,171.694508648,211.968556688,0.0199882092134,0.0150467329033,103.576461096,0.0101563074618,64.1128947317,169.624919762,0.0100085005212,0.0100118211046,0.0100172664486,0.0100109586593,113.834870551,211.968251686,0.0150055062386,92.2063310878,189.892552157,181.233226718,143.884290621,158.975670323,0.0100078251516,0.0150061917796,0.0149866740735,0.0181199369606
2011-01-29 12:00:00,0.0100130154086,0.0150043477034,71.9375615804,174.181061918,57.4890686767,0.00738868531632,158.976492336,211.968557052,0.0199982356031,189.281995545,103.576462306,0.0100063728535,64.1129056067,169.625070683,0.0199396400347,0.0149858699616,92.2074639051,158.976566372,113.834870656,211.968142069,0.0150057095467,92.2039616398,189.892552417,181.233232362,143.884290388,158.975690119,0.0100994521037,0.0150069856237,0.0149885188347,0.019692968377
2011-01-29 13:00:00,175.587908502,0.0150029811157,71.9375603139,174.181102941,57.4891847175,0.00738667003133,92.2063837295,211.968556742,0.0200130956975,189.282012665,103.576469244,0.0100070874857,64.1129409951,183.193745758,0.0199607340368,171.694513953,171.694517885,171.694522917,113.834872863,211.968486645,0.0150064019233,92.2063071821,189.892553162,181.233233842,143.884290544,158.975752987,171.694476502,0.0150075502722,0.0149916342496,0.019971376662
2011-01-29 14:00:00,189.634880013,0.0150029958651,71.9375631445,215.038303774,62.0882723041,0.00738465420666,92.2063820773,211.968556323,92.206588839,211.968576548,103.576571695,0.0100373091951,64.1183365647,183.193794794,0.0214391845361,171.694553819,171.694533849,211.968467493,196.267086369,211.968535788,0.0150070281216,92.2063261656,189.892553932,223.744538426,143.884290897,158.975884064,171.694515743,0.0150093071816,0.0149968544422,0.0199975366841
2011-01-29 15:00:00,234.11765904,0.0150034536139,133.95271625,215.038351864,76.6521899629,0.00738286336667,171.694537961,211.968558558,122.941530767,233.681500709,127.872113129,0.0214034167533,85.4838730388,226.166052377,183.715138992,211.968592665,211.968548088,211.968552461,261.689359679,211.968594246,0.0150174869731,92.2063328532,234.435243055,223.744705315,143.884291756,211.966797652,211.968510788,0.0150113633126,0.0149989450301,0.0200121510641
2011-01-29 16:00:00,234.117677232,0.0150035511387,165.373700495,215.038362374,171.694493199,0.00738121561806,211.968557493,211.968560147,122.941549347,233.681503046,127.872164992,0.0214212681756,85.4838814025,226.16606777,183.715144577,211.968597332,211.968550508,211.968555514,261.689361707,211.968837128,52.2175869358,92.2063375955,234.43525115,223.744717898,177.634887005,211.968423788,211.968515144,0.0150120558918,0.0149981225801,0.0200144384521
2011-01-29 17:00:00,234.117679871,0.0150028248182,165.373701,215.038363108,171.694505809,0.00737951676478,211.968563325,211.968561318,122.941552282,233.681504916,127.872167115,0.0286058007969,85.483882085,226.166071994,183.715146596,211.968599226,211.968551481,211.968556658,261.689362374,211.968906094,52.2176161959,92.2063369334,234.435251376,223.744718498,177.634926366,211.968473175,211.968516931,0.0150121463489,0.0149960811719,0.0200076295751
2011-01-29 18:00:00,234.11767829,0.0150016898127,165.373702528,215.038362645,171.694460684,0.00737746636134,211.968565409,211.968564624,122.941527418,233.681505245,127.872163283,0.0286121449368,85.4838815673,226.166073109,183.71514717,211.968599585,211.968552008,211.968557107,261.689361832,211.969792877,52.2176256959,92.2063315252,234.435251431,223.744717185,177.634926434,211.968500477,211.968517796,0.015010267801,0.0149941496769,0.0199988493471
2011-01-29 19:00:00,234.117676466,0.0150015593111,165.373699885,215.038360698,171.694423332,0.00737534043617,211.96856263,211.968560439,99.5827345386,233.681504899,127.872146188,0.0286139577711,85.4838812549,226.166073663,183.715147388,211.968599932,211.968552137,211.968557184,261.68936104,211.968904795,52.2176266771,92.2063379354,234.435251335,223.744712661,177.634926338,211.968498783,211.968518216,0.0150079337838,0.0149913638041,0.0199908574243
2011-01-29 20:00:00,234.11767398,0.0150018758572,165.373696818,215.038356129,171.694475996,0.00737317386106,211.968558839,211.9685595,99.5826820531,233.681504489,103.577730756,0.0286145656607,85.4838810429,226.16607394,183.715147257,211.968600048,211.968551948,211.968557105,261.689360792,211.968863759,52.2176237521,92.2063606696,234.435251146,223.744705388,177.634926169,211.968496642,211.968517979,0.0150070494808,0.0149874203764,0.0199795211385
2011-01-29 21:00:00,234.117677147,0.0150016172208,165.37369747,215.038350461,171.694512346,0.00737110785109,211.968558204,211.968559019,99.5826871628,233.681504428,103.576662433,0.0286146277957,85.4838812684,226.166072278,183.715146739,211.968599971,211.968551546,211.968556762,261.689361341,211.968848592,52.217619959,211.968474589,234.435250914,223.744695676,177.634925884,211.968502184,211.968517613,0.0150052885457,0.0149823183216,0.0199740162155
2011-01-29 22:00:00,234.117675156,0.0150012527516,165.373697004,215.038342714,171.694515242,0.00736908678095,211.96855843,211.968558662,122.941406232,233.681503602,103.576602343,0.0286145935099,85.4838810703,226.16606807,183.715146323,211.968600315,211.968551025,211.968555904,261.689361119,211.968842199,52.2176169604,211.968559263,234.435250624,223.744685164,177.634925438,211.968492266,211.968517009,0.0150038854637,0.0149781815043,0.0199697440013
2011-01-29 23:00:00,234.117673549,0.0150010538765,165.373696728,215.038334439,171.694515969,0.00736706238102,211.968556938,211.968558546,122.941580533,233.681502315,103.576581394,0.0286138971886,85.4838811538,226.166062596,183.715146211,211.968600655,211.968550113,211.968555254,261.68936074,211.96884522,52.2176145253,211.968575402,234.435250152,223.744667892,177.634924788,211.968475849,211.968516252,0.015003083506,0.014974132003,0.0199717605137
2011-01-30 00:00:00,234.117667573,0.015001094262,165.373699508,215.03832413,171.694519211,0.00736500322616,211.968561987,211.968559088,122.941541931,233.681500733,103.576577421,0.0286129166732,85.483880974,226.166058769,183.715146843,211.968600279,211.96854947,211.968554114,261.689360828,211.968834275,52.217605254,211.968582845,234.435248818,223.744685151,177.634923846,211.968487898,211.968514992,0.0150031214097,0.0149743486656,0.0199704002277
2011-01-30 01:00:00,234.117666363,0.0150009292046,165.373699611,215.03831616,171.694518482,0.0073630076925,211.968559276,211.968558884,122.941585849,233.681499511,103.576565601,0.0286118804803,85.4838807847,226.166059412,183.715146504,211.96860085,211.968548778,211.968552708,261.689360302,211.968824508,52.2176113095,211.968582827,234.435247106,223.744680001,177.634923018,211.968435538,211.96851407,0.0150025302687,0.0149721923009,0.0199768961877
2011-01-30 02:00:00,234.117664596,0.0150008046297,165.373699111,215.038312657,171.6945176,0.00736105921908,211.968556382,211.968558688,122.941589933,233.681497907,103.576546466,0.0286110533367,85.4838804357,226.166055741,183.71514626,211.968601409,211.968548134,211.96855148,261.689360192,211.968812228,52.2176141343,211.968583882,234.435246525,223.744676101,177.634922122,211.9684214,211.968513432,0.015002274483,0.0149720359135,0.0199560373642
2011-01-30 03:00:00,234.117664961,0.0150008459806,165.373698609,215.038310425,171.694517858,0.00735912422322,211.968551906,211.968558487,122.941592428,233.681496591,103.576542176,0.0286100606148,85.4838800634,226.166053239,183.71514592,211.9686016,211.968547544,211.968550557,261.689360422,211.968799458,52.2176163535,211.96858535,234.435247179,223.744670258,177.634921424,211.968423866,211.968512352,0.0150024619546,0.0149733491564,0.0199602474855
2011-01-30 04:00:00,234.117665664,0.0150012627564,165.373698384,215.038312055,171.694518254,0.00735723786666,211.968547313,211.968558155,122.941594102,233.681494695,103.576557432,0.028609330951,85.4838799425,226.166051929,183.715145359,211.968601264,211.968546959,211.968549633,261.689360425,211.968782379,52.2176208828,211.968586555,234.435247913,223.744673582,177.634920964,211.968392311,211.968510625,0.0150030812783,0.0149772454367,0.01997390233
2011-01-30 05:00:00,234.117665604,0.0150023217384,165.373698484,215.038316087,171.694518718,0.00735538543755,211.968545739,211.968557887,122.94159579,233.681492067,103.576576804,0.0286084574461,85.4838795148,226.166048521,183.715144046,211.96860128,211.968546187,211.968548654,261.689360246,211.968768679,52.2176444824,211.968588227,234.435249208,223.744676876,177.634920602,211.968408554,211.968508178,0.0150041196897,0.0149815259948,0.0199891897439
2011-01-30 06:00:00,234.117665536,0.0150069786136,165.373701691,215.03832146,171.694518177,0.00735365729863,211.968552072,211.968558355,122.941595499,233.681486055,103.576572834,0.0286071893651,85.4838792306,226.166042953,183.715140425,211.968600848,211.96854422,211.96854749,261.689360592,211.96875553,92.2062885758,211.968590999,234.435249672,223.744685023,177.634919807,211.968414052,211.968502737,0.0150050444687,0.0149849254997,0.020021545994
2011-01-30 07:00:00,234.117665631,0.0196086624392,165.373702465,174.18107108,171.69451728,0.00735187547714,211.968553186,211.968558538,122.941592709,189.281893865,103.576460622,0.0286048171853,85.4838794157,183.194506592,64.7323272152,211.96860061,171.694520917,171.694520459,261.689360981,211.968778275,211.968452782,211.96859393,234.435237819,223.744685018,177.634919013,211.968383513,171.694483287,0.0150067179934,0.0149898643512,0.0200267702401
2011-01-30 08:00:00,175.588266793,0.0154889364228,165.373703652,174.181057637,139.072557291,0.00735010246228,211.968546416,211.968558846,99.5826523983,0.0100305277078,103.57645717,0.0286027698849,64.1130825978,183.194492498,0.0100197831694,171.694565975,171.694513301,171.694508213,211.968382365,211.96877652,211.968532044,211.968597091,189.892556099,181.233207152,177.634879823,158.97631853,171.694449243,0.0149941321773,0.0149220865317,0.0174826117365
2011-01-30 09:00:00,0.0101403840699,0.0150091022543,133.952700313,174.181036736,76.6521989788,0.00734835409656,92.2063837182,211.968557345,92.206583272,0.0100037421571,103.576457572,0.023164675018,64.1129245219,183.194478163,0.0100038515652,171.694531821,171.689540344,0.0101136939063,113.834875388,211.968806076,211.968548103,211.968591046,189.892554662,181.233190841,143.884274004,158.976207253,0.0102893433726,0.014991964678,0.0148462884408,0.0150205829096
2011-01-30 10:00:00,0.0100064321524,0.0150242055534,71.9376105682,174.180982808,76.6521971925,0.00734650774683,0.0200200904595,211.968556029,92.2065818082,0.0100036502103,103.576460783,0.0231572386633,64.112861969,183.194386013,0.0100032564068,0.0144180988446,0.0100075003972,0.0100111304829,113.834872625,211.968490079,211.968551529,211.968587614,189.892554237,181.233170832,143.884271747,158.97400962,0.0100100247676,0.0149913393286,0.014791497295,0.0149991767087
2011-01-30 11:00:00,0.0100053478912,92.2063702986,71.9375644098,174.181024432,76.6521968525,0.00734457633733,0.015235683657,211.968555302,92.2065962572,0.010003921209,103.576466423,0.0100209839982,64.1123124755,169.624838354,0.0100037886517,0.0100331221608,0.0100078527899,0.0100117996776,113.834871999,211.968325462,211.968552151,211.968584171,189.892553999,181.233154746,143.884270918,0.0153095054589,0.0100074241727,0.0149931796596,0.0148638762766,0.0150070170419
2011-01-30 12:00:00,0.0100076388495,92.2067221012,71.9375677162,174.181063131,76.6521981733,0.00734256687107,0.0200140274181,211.968556246,99.5826891729,0.0100157495583,103.576479415,0.0100035145197,64.1128428951,169.624896912,0.0100113563118,107.023558297,0.0100080526248,158.976478136,113.834872317,158.977566477,211.968552061,211.968585759,189.89255405,181.233174796,143.884269911,0.0162312412323,0.0100243192474,0.0149995126396,0.0149520818359,0.0152404858311
2011-01-30 13:00:00,175.588250041,211.968552431,71.9375768379,215.037937338,76.6521993546,0.00734064768923,92.2063189309,211.968557443,99.5827073743,189.281897077,103.576601655,0.010002811643,64.1129148969,183.194474775,64.7323257412,171.694564777,171.694504659,171.694518171,113.834876293,158.978348445,211.968550972,211.968585893,189.892554342,181.233193391,143.884270131,0.0156719704617,171.694392406,0.0150112804115,0.0149781434722,0.0177307848989
2011-01-30 14:00:00,189.635322263,211.968566189,133.952715652,215.038299977,76.6522059962,0.00733877641161,92.2063835847,211.9685578,211.968562567,189.281976291,211.968421959,0.010006280828,64.1130010218,183.194503406,64.7323970358,171.69457678,171.694521078,211.96850331,211.968386395,211.968500751,211.968550033,211.96858648,189.892555988,181.233431571,143.884270849,158.976202378,171.694474159,0.0152911194949,0.0150115494243,0.0209217936183
2011-01-30 15:00:00,234.117680209,211.968650291,165.373701489,215.038331609,139.072556855,0.0073370416164,171.694534539,211.96855878,211.969133856,233.681469074,211.968532498,0.0230469424532,85.4838709841,226.166046175,79.9164718835,246.030603602,211.968546756,211.968551424,261.689361229,211.968557646,211.968550139,211.968589837,234.435242538,223.74465933,143.884271511,158.976552563,211.968507747,92.2063688661,0.0150601419685,0.0221412734464
2011-01-30 16:00:00,234.117696313,211.968671584,211.968387886,215.038342733,211.968532658,0.0073353651106,211.968694345,211.968560039,211.969138767,233.681474894,211.968544616,0.0231616479334,85.4838812907,226.166056199,79.9164740917,246.030611553,211.968550241,211.968555198,261.689365307,211.968811413,211.968551889,211.968594023,234.435251685,223.744677716,177.634877986,211.968747509,211.968514433,211.966419183,0.0151835393421,0.0478855714373
2011-01-30 17:00:00,234.117698742,211.968676723,211.968398759,215.038344334,211.968540536,0.00733347382099,211.968790489,211.968561541,211.96914031,233.681477792,211.968549291,72.2165773558,85.4838819055,226.166059452,79.916474741,246.030613899,211.968551591,211.968556633,261.689367422,211.968836017,211.968552945,211.968589844,234.435251885,223.744681018,177.634902169,242.94237898,211.968517047,211.968394858,0.0153147083631,0.0480784165346
2011-01-30 18:00:00,234.117698978,211.968681976,211.968404138,215.038344076,211.968548011,0.00733148827209,211.970241373,211.968560382,211.969141,233.681478613,211.968551327,72.2165846285,85.4838817189,226.166061227,79.9164748311,246.030615006,211.968552353,211.968557588,261.689367499,211.968834761,211.968553351,211.968585411,234.43525193,223.744683656,177.634902306,242.943905469,211.968518459,211.968521621,0.0161364394994,0.0481275974902
2011-01-30 19:00:00,234.117697567,211.968674826,211.968399506,215.038342041,211.968554291,0.00732948415468,211.970358959,211.968560227,211.969141084,233.681478593,211.968551379,72.2165865476,85.483881253,226.166061612,79.9164746201,246.030615484,211.968552694,211.968557785,261.689366083,211.968829784,211.968551807,211.968581569,234.43525189,223.744682431,177.634902297,242.944368971,211.968519196,211.968556027,0.0175717770076,0.0481598372963
2011-01-30 20:00:00,234.117696829,211.968668967,211.968395724,215.038339079,211.968555665,0.00732741646864,211.97037461,211.96855983,211.969140834,233.681478213,211.968549926,72.2165874616,85.4838812374,226.166062129,79.9164741056,246.030615551,211.968552497,211.968557738,261.689365411,211.968823655,211.968544029,211.968575814,234.435251782,223.744677381,177.63490218,242.944402959,211.968519164,211.968592658,0.0166916813939,0.0481572627927
2011-01-30 21:00:00,234.11769893,211.968582108,211.968391593,215.038331808,211.968558567,0.0073253440677,211.970386492,211.968559449,211.969140374,233.681478233,211.968548463,72.2165876459,85.4838812409,226.166060707,79.9164734905,246.03061575,211.968552085,211.968557347,261.689366131,211.968816125,211.968448348,211.968565604,234.435251616,223.744670189,177.634901993,242.944964469,211.968519054,211.968587696,0.0172709983971,0.0481591856673
2011-01-30 22:00:00,234.117696639,211.968557305,211.968367853,215.038323692,211.968558497,0.00732318674131,211.970391788,211.968558906,211.969139342,233.681477221,211.968544813,72.2165874965,85.4838809561,226.166056752,79.9164724844,246.030615812,211.968551654,211.968556932,261.689363581,211.96880582,92.2062395212,211.968544936,234.435251323,223.744660945,177.634901574,242.94504132,211.968518413,211.968585081,0.0173247619142,0.04816065052
2011-01-30 23:00:00,234.117695904,211.968549868,171.69450393,215.038311313,211.968557133,0.00732109323325,211.970392948,211.968558408,211.969137776,233.681475696,211.96853833,72.2165864434,85.4838807802,226.166050929,79.9164709238,246.030616029,211.968551089,211.968556235,261.689362115,211.968809145,52.2175982064,211.968496246,234.435250837,223.744668512,177.634900968,242.945116653,211.968518205,211.968586468,0.018434558394,0.0481706161967
2011-01-31 00:00:00,234.117694522,211.968531417,171.694437589,215.038304228,211.968557041,0.00731904998238,211.970392381,211.968557962,211.969135389,233.681474177,211.968531028,72.2165852074,85.4838808964,226.166049156,79.9164678168,246.030616245,211.968550723,211.968554692,261.689362155,211.968729962,52.2175867676,211.96852391,234.435250152,223.744664925,177.634899839,242.945171499,211.968517284,211.968596134,0.0185518094502,0.0481751225454
2011-01-31 01:00:00,234.117693701,92.2067953157,171.694419118,215.038297421,211.968556311,0.00731709787166,211.970392825,211.968557933,211.969130149,233.681472873,211.968512622,72.2165838838,85.4838808593,226.166043626,79.9164662155,246.030616326,211.968549986,211.968553607,261.68936155,211.968588488,52.2175817651,211.968452401,234.435249744,223.744661959,177.634898932,242.945245441,211.96851629,211.968570133,0.0192639004109,0.048199867058
2011-01-31 02:00:00,234.117692035,92.2063842518,171.694414201,215.038296088,211.968555941,0.00731518230707,211.970392861,211.968557863,211.969117003,233.681472095,211.968435661,72.2165829275,85.483880667,226.166040336,79.9164653105,246.03061621,211.968549503,211.968552551,261.689361156,211.968561529,52.2175764191,211.968030491,234.435249551,223.744659575,177.634897939,242.945099898,211.96851561,211.968535407,0.0196131188499,0.0482212894272
2011-01-31 03:00:00,234.11769443,92.2063751041,171.694412954,215.03829365,211.968557542,0.00731331423825,211.970393335,211.968557877,211.969108045,233.681471499,211.968446011,72.2165822667,85.4838805904,226.166039049,79.9164655422,246.030616358,211.968549452,211.968551691,261.689360884,211.968544283,52.2175730021,171.694924419,234.435249799,223.74466417,177.634898519,242.945296495,211.96851534,211.96850374,0.0198411483513,0.0482256724969
2011-01-31 04:00:00,234.117700408,92.2063049379,171.694416736,215.038295895,211.968563982,0.00731157064981,211.97039749,211.968557822,211.969107408,233.681470747,211.96850124,72.2165819653,85.4838810679,226.166042409,79.9164668324,246.030616754,211.968549863,211.968551624,261.689361042,211.968525346,52.217570631,211.967630022,234.435250299,223.744672631,177.634900093,242.945238362,211.968515004,211.968474634,0.0341588600111,0.0482506054787
2011-01-31 05:00:00,234.117706114,0.0150170078137,211.968361205,215.03830071,211.968569468,0.00731013010754,211.970401572,211.968558085,211.969121571,233.681470761,211.968518361,72.2165819058,85.4838816717,226.166046532,79.9164673331,246.030617571,211.968550414,211.968552337,261.689363196,211.968504515,52.21757174,211.968512566,234.435250908,223.744678979,177.634900952,242.945372521,211.968514621,211.968433361,0.0348807857433,0.0482417469131
2011-01-31 06:00:00,234.11770859,0.015016422079,211.968397322,215.038297268,211.9685704,0.00730905082557,211.970403634,211.968558541,211.969122191,233.681469263,211.968515771,72.2165827054,85.4838825354,226.166045341,79.9164653656,246.030617517,211.968549118,211.968551743,261.689366209,171.694143979,52.2175824745,211.968556776,234.435251021,223.744682847,177.634901043,242.945429271,211.968511046,211.967535733,0.0348289451127,0.0482320865805
2011-01-31 07:00:00,234.117707998,0.0150134456541,211.968531299,174.181004441,211.96857039,0.00730737369923,211.970404263,211.968559168,211.96908733,189.281982725,83.8979029443,72.2165826939,85.4838829384,183.194505246,64.732330051,246.030616821,171.694523698,171.694527252,261.689366686,211.968385408,52.2175838414,211.968554325,234.435249837,223.744679643,177.63490057,242.945427743,171.694485255,92.2064152298,0.0198642278998,0.0481340635965
2011-01-31 08:00:00,189.635327702,0.0150067088122,211.968545842,174.180972409,211.968542654,0.00730534685046,211.970397381,211.968559047,171.69450769,189.28191382,83.8976939067,72.2165818247,85.4838366964,183.194487458,0.0200212738702,199.284797968,171.694514948,171.694516592,211.968564857,211.968258411,52.2175803823,211.96854558,189.892552851,181.233204133,177.634881019,182.209702662,171.694439522,0.0150165610515,0.0151173873063,0.0201439869079
2011-01-31 09:00:00,175.58829186,0.0150050261594,165.373699648,161.279015134,171.694550377,0.00730327359277,211.968479116,211.968556275,158.976497139,0.0100134869773,83.8976540424,58.4954236182,64.1129720312,183.1944163,0.010077456302,184.523031685,0.0100255064289,92.2073373458,211.968125806,92.2065108836,52.2175772812,211.968525038,189.892551424,181.233184404,143.884259155,182.209155497,0.0100400271377,0.0150022359203,0.0149800756881,0.0199609448251
2011-01-31 10:00:00,0.0100693510508,0.0150083639383,165.373596415,0.0104395279534,171.694540658,0.00730127906245,171.696023796,211.96855623,92.2063756412,0.0100059031982,77.7015841102,58.4954064355,64.112932559,98.3823893881,0.0100088183206,0.0100107670006,0.0100080445172,0.0100094522478,113.834773223,92.2064261072,52.2175746741,211.968479596,189.892550533,181.233166976,143.884257702,182.209131979,0.0100089231825,0.0149991014194,0.014953152713,0.0199004118571
2011-01-31 11:00:00,0.0100139432944,0.015030956209,133.952460521,0.010068955649,171.694538073,0.00729925733089,158.977873213,211.96855384,92.2063703452,0.0100086233433,83.8976736796,0.0100156325713,64.1128979568,0.0101696612563,0.0100331780949,0.0100101109425,0.0100080246762,0.0100085455181,113.834765167,0.018250664584,52.2175726818,211.968328485,189.892549223,181.2331424,143.884249478,182.209129,0.0100092772059,0.0150046205483,0.0149559110759,0.0199753534496
2011-01-31 12:00:00,175.588173619,92.2013989947,71.9375695817,161.2774518,171.6945386,0.00729732412628,158.977941817,211.968551349,158.97707362,175.26119597,83.8976881263,0.0100037903235,64.1129208384,169.624499824,0.0200028092364,107.023436251,0.0100187183798,0.0100342144985,113.834762403,0.0150534293773,52.2175761418,211.968252434,189.892550283,181.233164064,0.0150065682182,182.209154759,0.0100504618447,0.0150096122533,0.0149653637061,0.0201111707385
2011-01-31 13:00:00,175.588391295,92.2063689362,133.952719239,174.180938231,171.694541584,0.00729542313367,171.696020404,211.96854861,171.694505775,189.281983384,83.8977083515,0.0100035799593,64.1129499198,183.194477256,64.7323314508,199.284796277,171.694514298,171.694513682,113.834765733,0.0150431253361,52.217574484,0.0155920716177,189.892551127,181.233187225,143.884250289,182.209217788,171.694446694,0.0150166252011,0.0149921074268,0.0208856954392
2011-01-31 14:00:00,211.968531303,92.2063780608,165.373670107,174.18101312,171.694555799,0.00729360493526,171.696032874,211.968547361,211.968518433,211.968539455,103.577357836,0.0100254449619,85.4838042953,183.194504055,79.9162215706,199.2848066,171.694528373,171.694538806,211.968127117,0.015036729249,52.2175723464,0.015221083817,189.892552747,211.968462003,143.884257578,182.209505653,171.694485202,0.0150209868157,0.0150157563034,0.0209511305952
2011-01-31 15:00:00,234.117702432,92.2063820565,165.373702821,215.038266621,211.968537995,0.00729173535877,211.968676778,211.968553356,211.968528655,233.681484805,103.577392165,58.4954177568,85.4838759272,226.166060938,183.715079933,246.030626705,211.968553053,211.968553429,261.689080213,0.0150455808717,52.2175712991,0.015202903788,234.435247313,223.744667896,143.884258517,211.9686025,211.968526771,0.0150291662193,0.0150214762481,0.0209477952979
2011-01-31 16:00:00,234.117718368,92.2063835602,165.373743488,215.038279832,3164.12816192,0.00729003829701,211.970407212,211.968555052,211.968529261,233.681488391,103.577394482,58.4954304562,85.4838825372,226.166071431,183.715084219,246.030629647,211.968555963,211.968557192,261.68910773,0.01505186021,52.2175709726,0.01584483976,234.435248479,223.744675161,177.634878188,242.946152531,211.968533176,0.0150349034568,0.0150211915596,0.0209319613561
2011-01-31 17:00:00,234.117719201,92.2063842593,165.373731911,215.038283634,3164.12816603,0.00728821127617,211.970409648,211.968554981,211.968527978,233.681490743,103.577393918,166.015946066,85.4838826758,226.166074334,183.715085468,246.030630586,211.968557049,211.968558708,261.689106034,0.0150717095587,52.2175726643,0.0151614831617,234.435248491,223.744677032,177.634886751,242.946211201,211.968535383,0.0150353846051,0.0150133295307,0.0209010266458
2011-01-31 18:00:00,234.117717177,92.2063820406,165.373704373,215.038285201,3164.12816618,0.00728603387028,211.970408039,211.968555172,211.968526832,233.681491569,103.577393825,166.015951685,85.483882299,226.166074773,183.715085868,246.03063115,211.968557538,211.968559373,261.689044513,0.0152083706862,52.2175747991,0.0151001236457,234.435248354,223.744676379,177.634886798,242.946245025,211.96853657,0.0150342104504,0.0150025222135,0.020763257283
2011-01-31 19:00:00,234.117713659,92.2063812446,165.373701229,215.038284189,3164.12816573,0.00728390328644,211.970406142,211.968553095,211.968525747,233.681491565,103.577387091,166.015953387,85.483882212,226.166074547,183.715085921,246.030631243,211.968557699,211.968559357,261.689042121,0.0150374628267,52.2175702932,0.0150502745379,234.435248222,223.74467465,177.634886817,242.946247034,211.968537035,0.0150249937171,0.0149999206672,0.0206186802085
2011-01-31 20:00:00,234.117708292,92.2063836102,165.373699304,215.038283573,3164.12816522,0.00728176866238,211.970404125,211.968544393,211.968524093,233.681491184,103.5773714,166.015954042,85.4838820115,226.166075003,183.715085381,246.030630972,211.968557553,211.968559434,261.689035221,0.0150141327693,52.2175662764,0.0150350900558,234.435248022,223.744669285,177.634886736,242.946250878,211.968536678,0.0150276854177,0.0149935730311,0.0202658631259
2011-01-31 21:00:00,234.117708591,92.206385295,165.37369625,215.038280789,3164.1281657,0.00727955809934,211.970403657,92.2063635225,211.968520021,233.681491278,103.577325352,166.015954151,85.4838820021,226.166073127,183.715084746,246.03063033,211.968557243,211.968559001,261.688991822,0.0150131940993,52.2175617819,0.0150252830857,234.43524764,223.744664565,177.634886551,242.946244291,211.968536219,0.0150192706234,0.0149866727284,0.0201386181626
2011-01-31 22:00:00,234.117703709,92.2063861742,165.373688203,215.038275697,3164.12816542,0.0072773566548,211.970402502,92.2063235197,211.968510071,233.681490245,103.576598208,166.015953853,85.483881678,226.16606846,183.715084055,246.030629883,211.968556724,211.968558284,211.968560477,0.015016823035,52.2175548533,0.0150157416135,234.435247069,223.744655028,177.634886284,242.946227938,211.96853548,0.0150139619363,0.0149792137473,0.0201139543881
2011-01-31 23:00:00,234.117701148,92.2063871007,165.373636297,215.038268288,3164.12816454,0.00727515012832,211.970395935,92.2063219141,211.968472269,233.681488571,103.576566266,166.015952751,85.4838817829,226.166062904,183.715083606,246.030629566,211.968556017,211.968557169,211.968555169,0.0151955286506,52.2175293549,0.0150087903671,234.435245881,223.744645745,177.634885966,242.94623617,211.968535016,0.0150114069631,0.0149782944437,0.0201093449402
2011-02-01 00:00:00,234.117698404,92.2063875612,71.9375762706,215.03826256,3164.1281647,0.00727307264913,211.97038837,92.2063212669,211.968355642,233.681486487,103.576552855,166.015951387,85.4838817134,226.166061162,183.715083617,246.030629371,211.968555253,211.968556259,0.0205736004253,0.0150138854644,52.2175411481,0.0150081207694,234.435244649,223.744651821,177.634885477,242.946221656,211.968534131,0.0150136922359,0.0149783034721,0.0200792591503
2011-02-01 01:00:00,234.117697037,92.2063923458,71.9375647574,215.038258017,3164.1281634,0.00727110435856,211.970366256,92.2063208933,211.967755487,233.681485279,103.576506448,166.015950028,85.4838813987,226.166055928,183.715083309,246.030629274,211.968554382,211.968554903,0.0204886787829,0.0151251571854,52.2155491614,0.0150049048081,234.435241998,223.744649824,177.634885284,242.946200147,211.968533117,0.0150136314862,0.0149801218757,0.0200885100315
2011-02-01 02:00:00,234.117695517,92.2063964076,71.9375613681,215.038253715,3164.12815727,0.00726919421714,211.970276164,92.206320268,171.694350837,233.681484299,103.573710267,166.01594909,85.483881253,226.166052121,183.715084434,246.030629218,211.968553708,211.968553894,0.0204822480886,92.1767182675,0.0150315365976,0.0150037317981,234.435238223,223.744646259,177.634885038,242.946188063,211.968532242,0.0150195735545,0.0149836337443,0.0200867398205
2011-02-01 03:00:00,234.117697119,211.931121337,71.9375599475,215.038250579,3164.12814781,0.00726732476406,211.968722467,92.2063175592,171.694309479,233.681483991,83.8978431041,166.015948763,85.4838808161,226.16604922,183.715085302,246.030629194,211.968553431,211.968552571,0.0204793403775,92.2063825116,0.0150325780729,0.0150020113187,234.435236198,223.744645843,177.634885121,242.946163127,211.96853169,0.0150346493529,0.0149908004007,0.0201074061321
2011-02-01 04:00:00,234.117703399,211.968544407,71.9375592359,215.038248711,3164.12815835,0.00726555621001,211.968699503,92.2063121573,171.694299989,233.681483279,103.576546905,166.015948136,85.4838813336,226.166048534,183.715085851,246.030629411,211.968553623,211.968552148,0.0204785419353,92.2064295773,0.0150394349971,0.0150016572289,234.435236264,223.744647361,177.634885536,242.946243082,211.968531051,0.0151067704886,0.0150194666279,0.020484819492
2011-02-01 05:00:00,234.117710555,211.968553803,71.9375597524,215.038247359,3164.12816208,0.00726406864216,211.968712543,92.2062911233,211.968202929,233.681482437,103.576606352,166.01594754,85.4838818917,226.166049798,183.71508619,246.030629758,211.968553892,211.968552458,0.0230979064927,92.2064513426,0.0151294463998,0.0150023250764,234.435241002,223.744647707,177.634885891,242.94627104,211.968530082,0.0161768432709,0.0150656608041,0.0208839718485
2011-02-01 06:00:00,234.117711524,211.968561266,71.9375607307,215.03823355,3164.12816241,0.00726288233268,211.970066787,92.2063151389,211.96821159,233.681479715,103.576608828,166.015947536,85.4838827806,226.166042204,183.71508487,246.030628957,211.968551874,211.968550404,0.0252776597945,92.2065251967,52.217547803,0.0150035692605,234.435242299,223.744643087,177.634885856,242.946305297,211.968524159,92.2063055301,0.0150522303127,0.0209259815534
2011-02-01 07:00:00,234.117709795,211.968568811,71.9375609538,161.278516459,3164.12815946,0.00726115705647,211.968729661,92.2063020281,0.0200944400624,189.28197002,0.0201159975503,166.015947069,85.4838832431,169.624584479,148.809212606,246.030626267,171.694520264,171.694513022,0.0252762210465,211.968469586,52.217546962,0.0150035184868,234.435239316,223.744595289,177.634885323,242.946313267,158.976670224,92.2063747478,0.0150874088565,0.0209373535184
2011-02-01 08:00:00,189.635298805,211.968556187,71.9375595912,161.27842026,211.968542384,0.0072590735708,211.968554316,92.2059840758,0.0199998129999,175.261185585,0.0200361339882,166.015944433,85.4838338754,169.624548061,79.9162213816,199.284761774,171.69451085,171.694497341,0.0200001049685,211.968478823,52.2175435764,0.0150032966031,189.892537116,181.232886084,177.634865939,211.966645194,158.9764397,92.2063970709,0.0151013308529,0.0208617411346
2011-02-01 09:00:00,175.588270174,211.96855232,0.0200077102799,0.0100436407195,171.694548152,0.00725711733539,92.206467199,92.2063118217,0.0199957666137,0.0100070754208,0.0200031337901,0.012799890271,64.1129702505,0.0100786034909,0.01000607838,199.28430245,0.0100144422401,0.0100181954605,0.0199981614939,92.2065030066,52.2175400421,0.0150033318812,189.89253605,167.809096478,143.884244694,182.209806019,0.0100094999928,92.206420199,0.0151298986836,0.0208103445053
2011-02-01 10:00:00,0.0100136973071,211.96855436,0.0200024715085,0.0100168180498,171.694532257,0.00725507276446,92.2063721603,0.0150157999,0.019992658468,0.0100042700135,0.019999768339,0.0127656312364,64.1129335955,0.0100139331271,0.0100040990269,0.0100146571142,0.0100075431764,0.0100068022656,0.0199920409582,0.0150166348637,52.2175382438,0.0150032479418,189.892535404,0.0100348203976,143.884241645,182.209762138,0.0100068497788,92.2064549916,0.0152011934859,0.0207716095557
2011-02-01 11:00:00,0.0100075626387,211.96855897,0.0200024072968,0.0100136633036,171.694524599,0.00725304808493,0.0200260796885,0.0150033363904,0.0199933992904,0.0100040196167,0.0199993352347,0.010006412018,64.112884936,0.0100112720064,0.010005352973,0.0100114055474,0.0100075724661,0.0100059762274,0.0199888455054,0.0150014047606,52.217535466,0.0150031216684,189.892533959,0.0100286296941,0.0149990610191,182.209749801,0.0100067781679,92.2066282396,0.0152626411783,0.0208493992797
2011-02-01 12:00:00,0.0100169461597,211.968578246,0.0200098348609,0.0100318827085,171.694501839,0.00725110385572,92.2063688089,92.2063176887,0.0199961957392,0.0100176303875,0.0200009483931,0.0100036151387,64.1129083225,0.0100229774387,0.0201255320057,107.023341163,0.0100121752042,0.010012271618,0.0199915626467,0.0149996471865,52.217538545,0.0150031221615,189.892534695,0.0100417593004,0.0100045816189,182.209764293,0.0100131210851,211.968284018,0.015666078944,0.0209087434912
2011-02-01 13:00:00,175.588289493,211.968682812,58.2694303711,161.278378029,171.694522897,0.00724928030647,92.206378868,92.2063200742,0.0200017421324,189.281967086,0.0200280044936,0.0100033726306,64.1129376904,169.624343143,148.809214559,199.284757264,171.694509284,171.69449352,0.0199979810202,0.0150054707234,52.2175354435,0.0150033181283,189.892535771,181.232818783,0.014786575721,182.209784992,158.976561813,211.968290549,0.0153984440765,0.0209021694214
2011-02-01 14:00:00,189.635329404,211.968692181,58.2701449224,161.278537924,171.69453204,0.00724741365405,171.694538288,92.206323498,0.0200742681031,189.282012032,0.0201266871193,0.0100069145618,64.1139681055,169.624577339,183.715081312,199.284765287,171.694523909,171.694519841,0.0199998338993,92.2060580277,52.217535868,0.0150035389582,189.892536528,181.23289502,0.0150083359022,182.209864834,158.976672306,211.968334084,0.0154569354323,0.0208970972988
2011-02-01 15:00:00,234.117697597,211.968697843,71.9375596049,215.038214297,211.968535353,0.00724558800261,211.968402824,211.968532776,0.0246853553293,233.681480848,127.872396548,0.0127874495905,85.4838737552,226.16593488,183.715141272,246.030569692,211.968551597,211.96855027,0.0200035963493,92.2064563854,52.2175370603,0.0150059761511,234.435223614,223.744307789,143.884243936,211.968521617,211.968520127,211.968475085,0.0172761510877,0.020892384915
2011-02-01 16:00:00,234.117713172,211.968698265,71.9380119284,215.038243313,211.968555999,0.00724379668636,211.968591661,211.96855498,0.0246858339782,233.681484971,127.872435886,0.0128045503169,85.4838825834,226.165954448,183.715143721,246.030571118,211.968554673,211.968554691,0.0246609986458,211.968537502,52.2175376702,0.0150140361034,234.435229587,223.744327902,143.884250475,242.946299567,211.968528157,211.968514677,0.0173948196015,0.0208854599617
2011-02-01 17:00:00,234.117713742,211.968698909,71.93804116,215.038250922,211.968558945,0.00724174587311,211.96859519,211.968554608,0.0246848791371,233.681487451,127.872442283,166.016153286,85.4838828386,226.16595958,183.715144596,246.030571347,211.968555738,211.968556104,0.0246438947645,211.968562658,52.2175390018,0.0150154708572,234.435229666,223.7443321,177.634870916,242.946339404,211.968530795,211.968524089,0.0164615744415,0.0208621198795
2011-02-01 18:00:00,234.117711575,211.968694931,71.9380485858,215.038254017,211.968556409,0.00723974400644,211.968594679,211.968554372,0.0246847626316,233.681488333,127.872443692,166.016159728,85.4838823597,226.165961821,183.715144167,246.030571609,211.96855625,211.968556843,0.0246762415824,211.96854921,52.2175424354,0.0150153259786,234.435229605,223.744333236,177.634871176,242.946337126,211.96853204,211.968492293,0.0153504430661,0.0208491627504
2011-02-01 19:00:00,234.117708545,211.968690232,71.9380467427,215.038254579,211.968557096,0.00723772882414,211.968595637,211.968553835,0.0246821541143,233.681488162,127.872442668,166.016161307,85.4838819439,226.165961892,183.715144085,246.030571528,211.968556452,211.968556999,0.0200114082793,211.968512464,52.2175380482,0.015015610028,234.43522958,223.744332912,177.634871289,242.946339722,211.968532489,211.968404944,0.0152489243226,0.0208092706858
2011-02-01 20:00:00,234.117704775,211.968689637,71.9380468259,215.038253902,211.968556889,0.0072356530194,211.968596274,211.968554181,0.0246736839613,233.68148791,127.87244031,166.016161802,85.48388177,226.165962424,183.71514363,246.030571086,211.968556302,211.968556886,0.020005802466,92.2071738445,52.2175331663,0.015016806322,234.435229445,223.744330227,177.634871287,242.94634033,211.96853224,211.968214744,0.0151464250945,0.0204203824433
2011-02-01 21:00:00,234.117704481,211.968660678,71.9380412143,215.038252024,211.968558738,0.00723352917894,211.968601464,211.968553691,0.0200980923624,233.68148788,127.872440125,166.016161781,85.4838818013,226.165960953,183.715143045,246.030570262,211.968556021,211.968556592,0.0200088621924,92.2063967001,52.2175248625,0.015018301706,234.435229194,223.744327172,177.634871185,242.946328811,211.968532008,211.967743515,0.0150556303507,0.0201003295866
2011-02-01 22:00:00,234.117700072,211.968568824,71.9380364604,215.038247857,211.968558886,0.0072312904827,211.968603424,211.968546704,0.0200743216287,233.681486861,127.872436067,166.016161261,85.4838815496,226.165957274,183.715142647,246.030569553,211.968555534,211.968555871,0.0200073864031,0.0150187330427,52.2174888858,0.0150182246241,234.435228819,223.744322226,177.634871015,242.946294637,211.968531437,211.961424209,0.0150185629843,0.0200471643075
2011-02-01 23:00:00,234.117697463,211.968558416,71.9380296712,215.038242359,211.968558312,0.00722917816796,211.968603713,92.2063322543,0.0200709109134,233.681485242,127.872431733,166.016160161,85.4838821311,226.165951718,183.715142421,246.030569121,211.968554662,211.968555365,0.020008374925,0.0150060456858,0.0150820256134,0.01501823506,234.435228307,223.744317613,177.634870806,242.946262458,211.96853068,171.688780933,0.0149989334448,0.0200236464874
2011-02-02 00:00:00,234.117695408,211.968554924,71.9379941918,215.03823632,211.968558337,0.00722716011846,211.968603448,92.206321588,0.0200701904835,233.681483381,103.576772079,166.016158902,85.4838821761,226.165948161,183.715141636,246.030568598,211.9685539,211.968554057,0.0246741970548,0.0150025845593,0.0150672474714,0.0150139431202,234.435227632,223.74432033,177.634870288,242.946272029,211.968529639,211.960425009,0.0150075177881,0.0199978057803
2011-02-02 01:00:00,234.117694232,211.968551503,71.9375714908,215.038232029,211.96855751,0.00722519592087,211.968601972,92.2063201957,0.0200696506193,233.681481861,127.871903894,166.01615762,85.4838821602,226.165945348,183.715141234,246.030568219,211.96855302,211.96855259,0.0200209446944,0.0150015377269,0.0150197128324,0.0150112624987,234.435227346,223.744318331,177.634870403,242.946230955,211.968528578,92.2065857423,0.0149963953703,0.0200008386425
2011-02-02 02:00:00,234.117691855,211.968550893,71.9375667837,215.038227896,211.968555906,0.00722330576081,211.968599548,92.2062978373,0.0200691171916,233.681480941,127.872391122,166.016156487,85.4838823879,226.165940543,183.71514111,246.030567262,211.968552359,211.968551832,0.0200065983666,0.0150011023553,0.0150089436458,0.0150099187197,234.435227256,223.74431652,177.634870465,242.946088696,211.96852775,92.20641437,0.0149965449153,0.0200116264575
2011-02-02 03:00:00,234.117692459,211.968553926,71.9375612225,215.038223849,211.968554753,0.00722142664611,211.968594512,0.0150023119935,0.0200683273793,233.681480026,127.872429242,166.016155654,85.4838819846,226.165937019,183.715141317,246.030566782,211.968552083,211.968551098,0.0200078370232,0.0150008666112,0.0150100704682,0.015011445437,234.435227201,223.744315689,177.634870596,242.946166579,211.968527246,92.2063918174,0.0150095728184,0.0200261527463
2011-02-02 04:00:00,234.117696991,211.96855809,71.9375589212,215.038221774,211.96855537,0.0072196759367,211.968588176,0.0150006925286,0.0200682388222,233.68147845,127.872444091,166.016154877,85.4838818667,226.165933326,183.715141535,246.030566718,211.968552047,211.968550194,0.0200121482523,0.0150007579702,0.015009528444,0.015014370111,234.435227448,223.744314723,177.634870773,242.946049797,211.968526503,92.2063892377,0.0150523448512,0.0201110030961
2011-02-02 05:00:00,234.117701907,211.968559595,71.937557622,215.038217822,211.968555994,0.00721822297136,211.968586284,0.0150003436528,0.0200705510389,233.681477546,127.872449694,166.016154339,85.4838819617,226.165931324,183.715141326,246.030567045,211.968552032,211.968549927,0.0246631214088,0.0150007848646,0.0150114946532,0.0150202761709,234.43522794,223.744314672,177.634870945,242.946150429,211.968525287,92.2063822384,0.015102294177,0.0206162374518
2011-02-02 06:00:00,234.117702292,211.968559578,71.9375606917,215.038200072,211.968554414,0.00721703931396,211.968586496,0.015000159458,0.0200702270599,233.681473056,127.872453523,166.016154514,85.4838824979,226.165911484,183.715139949,246.030564651,211.968549282,211.96854631,0.0246715966614,0.0150017453308,52.2175100205,0.015175636813,234.43522785,223.744307306,177.634870905,242.946261227,211.968518706,92.2056866312,0.0150301770152,0.0207603764566
2011-02-02 07:00:00,234.117697117,211.96855845,71.9375565219,0.0159454264453,211.968552675,0.00721536652689,211.968553663,0.0150001472443,0.0200112176246,189.281913591,103.576680152,166.016154078,85.4838829382,0.0115792059797,148.809246594,246.030559986,171.694497002,158.976210161,0.0206000347543,0.0150040116119,52.2175151706,0.015045057811,234.435225996,211.968820572,177.634870413,242.946303725,158.976346447,92.2061927085,0.0150403073594,0.0207513460994
2011-02-02 08:00:00,175.588307444,211.968557369,71.9375520579,0.0158582262318,211.968536873,0.00721336919449,92.2063843582,0.0150000880003,0.0199986137547,0.0120632839415,103.576649096,166.016151148,85.4838218394,0.0115323262218,0.0200390017614,199.284709608,171.694481845,158.976142225,0.0200008355149,0.0150050550783,52.2175118154,0.0150221431417,189.892514718,181.232814877,133.226109047,242.945526858,158.976289151,92.2060182054,0.0150376613201,0.0205933656802
2011-02-02 09:00:00,0.0150014834305,211.968555953,71.9375446365,0.0100238429541,171.694522684,0.00721133974021,92.2063710611,0.0149999940768,0.0199970515091,0.0100051711046,103.576532206,0.0101363998674,64.1129586081,0.0100235291803,0.0100041613132,199.28467491,0.0100077164167,0.010008468079,0.0199999188632,0.0150054672809,52.2175126461,0.015013355744,189.892513555,167.804776285,133.226099547,211.968590224,0.0100103336427,92.2043115558,0.0150155956794,0.0203264101884
2011-02-02 10:00:00,0.0100086759857,211.968555719,71.9374982474,0.0100097895905,171.694508602,0.00720929035818,69.1551229921,0.014999978735,0.0199969288601,0.010004235841,103.576396787,0.0100761816146,64.112926095,0.0100069670848,0.0100038703625,107.02336463,0.0100060658922,0.0100041880659,0.0199992266531,0.0150058641082,52.2175136153,0.0150095857854,189.892488101,0.0100276161563,0.0150015268839,211.968204295,0.0100072422711,92.2040001606,0.0150112843368,0.0201520707516
2011-02-02 11:00:00,0.0100068553525,211.968555415,58.2693851838,0.0100082734835,92.2063199958,0.00720731557149,69.1547409838,0.0149999989879,0.0200002136416,0.0100043180735,103.57658358,0.0100048148778,64.1128736965,0.0100062136667,0.0100040051822,199.284673898,0.010006395062,0.0100042821115,0.0199986399776,0.0150056039225,52.2175156125,0.0150076604486,175.826466712,0.0100224318553,0.010006441133,182.209807992,0.0100074000942,92.2038967521,0.0150085644023,0.0201349032137
2011-02-02 12:00:00,0.0100101915787,211.96855431,58.2693831207,0.0100150607246,92.2063160211,0.00720536946312,69.1547367612,0.0150000478521,0.0200129034111,0.0100177817904,103.576666937,0.0100032577688,64.1128961904,0.0100107099087,0.0101617136355,199.284706623,0.0100098777562,0.010008033752,0.0199988625275,0.0150038691193,52.2175225233,0.0150097045497,175.826483452,0.0100424974884,0.0100011791838,182.209737742,0.0100104855164,92.2063113208,0.0150122190115,0.0201042822927
2011-02-02 13:00:00,175.588210853,211.968554988,58.2693357284,0.0152915982399,92.2063158095,0.00720364593081,69.1547296726,0.0150000706485,0.0200646990796,189.281910916,103.576721603,0.0100031264613,64.112932459,0.0112557709389,148.809245789,199.284711489,171.694483323,158.976177281,0.0199993186726,0.0150025155006,52.2175200381,0.0150083949567,189.892513367,181.232747938,0.0100017547409,182.209716034,158.976294535,92.2062392691,0.0150110335984,0.0201117097557
2011-02-02 14:00:00,189.635215093,211.968555704,58.2693380295,0.0159432066728,158.976429254,0.00720167219198,69.1547277342,0.0150000720162,0.0200700028787,189.281946823,238.10693617,0.0100053098494,64.1130917396,0.011566658847,148.80931826,211.96857159,171.694501917,158.976218592,0.019999974452,0.0150022664773,52.2175191185,0.0150050950858,189.892514453,181.23283329,0.0149991235269,182.209765097,158.976358565,92.2062102151,0.0150206882755,0.0202048065248
2011-02-02 15:00:00,234.117681355,211.968556064,71.9360553371,215.038187228,171.694509793,0.00719981969325,69.1547341698,0.0150000811353,0.0200742108694,233.681458707,238.106984331,0.0101265043805,85.483871719,0.0153724202533,183.715139167,246.03050512,211.968549635,211.968547676,0.020001098296,0.015001950794,52.2175191859,0.015003713317,234.435198435,223.744237738,133.226099686,211.968440685,211.968524808,92.206324006,0.015032024957,0.020487199074
2011-02-02 16:00:00,234.117701549,211.968554849,71.9373941659,215.038221463,211.968512683,0.00719793992769,85.3760146578,0.01500012714,0.0200780647746,233.681463892,238.107007219,0.010142478358,85.4838822521,0.0153938827216,183.71514152,246.030505859,211.968553918,211.968553738,0.0200022155833,0.0150042715643,52.2175191294,0.0150043906335,234.435203216,223.744260767,133.226107187,242.94611863,211.968534413,92.2063336913,0.0150291370951,0.0205845615732
2011-02-02 17:00:00,234.117703678,211.968556729,71.9373420603,215.038228958,211.968530103,0.007195998518,69.154796226,0.0150001881047,0.0200774090283,233.681466815,238.107014716,166.01624253,85.4838828647,0.0153987962475,183.715142416,246.030505701,211.968555406,211.968555679,0.0200023002558,0.015016871402,52.217521593,0.0150035113743,234.435203337,223.744265636,177.634871857,242.946142757,211.968537434,92.2063312321,0.0150208782514,0.0203726526929
2011-02-02 18:00:00,234.117703064,211.968568117,71.9373563264,215.038232214,171.694540583,0.00719393431184,69.1548076057,0.0150001655001,0.0241951913463,233.681467696,238.106987129,166.016249482,85.4838824905,0.0154006538368,183.715142099,246.030505959,211.968556351,211.968556554,0.0200024721743,0.015025866962,52.2175566743,0.0150026666163,234.435203235,223.744268419,177.634872439,242.94603989,211.968539159,92.2063703727,0.0150061449401,0.0200917228275
2011-02-02 19:00:00,234.117701745,211.968569446,0.0200469698608,215.038233143,171.694518857,0.00719182843307,69.1547328593,0.0150001058138,0.0200802608532,233.68146762,238.106981347,166.016251138,85.4838820093,0.0154006515912,183.715142047,246.030505915,211.968556594,211.968556774,0.0200013449885,0.0150230617152,52.2175229206,0.0150020216155,234.435203188,223.744268135,177.634872648,242.945957024,211.968540041,92.2063779938,0.0150013256574,0.0200757173081
2011-02-02 20:00:00,234.117699315,211.968595234,0.0200210083061,215.038232604,171.694512727,0.00718978951543,69.1547300235,0.0150000967814,0.0200734517701,233.681467515,238.10697699,166.016251634,85.4838818962,0.0154008946814,183.71514135,246.030505342,211.968556549,211.968556887,0.0200009780184,0.0150247631142,52.2175117144,0.015001575836,234.435203088,223.74426623,177.6348727,211.969064579,211.968539996,92.2064089602,0.0149963355722,0.0200414300529
2011-02-02 21:00:00,234.117699601,211.968597252,0.0200112977689,215.03823058,171.694516632,0.00718764523247,69.1547300323,0.0150000880805,0.0200695125573,233.681467364,238.10697224,166.016251601,85.4838820248,0.0153993452804,183.715139725,246.030503991,211.968556363,211.968556735,0.0200008054285,0.0150276097613,52.2175049409,0.0150010977313,234.435202928,223.744263173,177.634872686,211.968705698,211.9685399,92.2064148632,0.0149922175461,0.0200381615558
2011-02-02 22:00:00,234.117696498,211.968586813,0.0200066041088,215.038226114,171.6945194,0.00718546752707,69.1547299,0.0150000981319,0.0200657121783,233.681466349,238.106960241,166.016251294,85.4838818506,0.0153953836788,183.715137761,246.03050256,211.96855602,211.968556011,0.0200004645445,0.0150800188872,52.2174927768,0.0150006941978,234.435202721,223.744263842,177.634872626,211.968501175,211.968539308,92.2064129118,0.0149889018123,0.0200477162872
2011-02-02 23:00:00,234.117694237,211.968581479,0.0200038702924,215.038220803,171.694518924,0.00718331222021,69.1547296789,0.0150001116726,0.0200456851756,233.681464751,238.106925597,166.016250163,85.4838820352,0.0153897548378,183.715135677,246.030500863,211.968555172,211.968555172,0.0200002863469,91.8266409788,52.2172537751,0.0150003856212,234.435202424,223.744261728,177.634872555,211.968413702,211.968538971,92.2063984343,0.0149868820189,0.0200669948118
2011-02-03 00:00:00,234.117692781,211.968573465,0.0200026057071,215.038215021,211.968500885,0.00718127868549,69.1547304344,0.0150002601134,0.0200370297959,233.681463295,238.106586489,166.016248594,85.4838821492,0.0153846860839,183.715138839,246.030499764,211.968554535,211.968553957,0.0200001558824,0.0150918560465,52.212906408,0.0150002688984,234.435202028,223.744256986,177.634872297,211.96845288,211.968538029,92.2073222982,0.0149937503456,0.0200690726241
2011-02-03 01:00:00,234.117691633,211.968586126,0.0200023696334,215.038210875,211.960017743,0.0071793433761,69.1547318022,0.015000311121,0.0200101618738,233.681462201,211.968741353,166.016247504,85.4838822344,0.0153794245854,183.71513853,246.030499026,211.968553701,211.968552868,0.0200000376786,0.0157142221677,0.0150201888392,0.015000188384,234.435201819,223.744256922,177.634872342,211.968505953,211.968537334,92.2067275925,0.0150007990268,0.0201162928448
2011-02-03 02:00:00,234.117690246,211.968591982,0.0200027903676,215.0382073,211.968517403,0.00717747255788,69.154737117,0.0150004104065,0.0200041346904,233.681461014,211.968543825,166.016246603,85.4838821,0.0153759749079,183.715138937,246.030497469,211.968553051,211.96855185,0.0200000388421,92.2063314319,0.0150105918712,0.0150001609867,234.435201566,223.744253995,177.634872378,211.968522306,211.968536974,92.2066617048,0.0150211520441,0.0201231958437
2011-02-03 03:00:00,234.117691454,211.968592643,0.0200058083578,215.038203241,211.968535578,0.00717557444224,69.1547559922,0.0150007269054,0.0200021976131,233.681459912,211.96849273,166.016245729,85.4838817885,0.0153762194277,183.71513835,246.030497343,211.968552849,211.968550954,0.0200000926846,92.2063800486,0.0150090341126,0.0150002216041,234.435201389,223.744252552,177.634872432,211.96856237,211.968536497,113.830183814,0.0150868126242,0.0202739370894
2011-02-03 04:00:00,234.117696379,211.968635103,0.0200131211172,215.03820094,211.968537325,0.00717377929233,92.2021463493,0.0150016561855,0.0200015683877,233.681459165,211.968470552,166.016244795,85.483881712,0.0153779216124,183.715137841,246.030497724,211.968553024,211.968550578,0.0200002360508,92.2064318723,0.0150095774848,0.0150004733267,234.435201376,223.744252205,177.634872589,211.968641446,211.96853622,113.831645018,0.0152327599579,0.0207866971228
2011-02-03 05:00:00,234.1177016,211.968582152,0.0246810754953,215.03819847,211.968538373,0.00717229553138,92.2063454732,0.0150097314526,0.0200038938018,233.681458055,211.968501852,166.016244342,85.483881749,0.015381808871,183.715137068,246.030498518,211.96855337,211.968550067,0.0200006531493,92.2064305441,0.0150088239458,0.0150012803996,234.435201545,223.744250591,177.634872768,211.968768531,211.968536352,113.83190085,0.0154193202369,0.0208641867637
2011-02-03 06:00:00,234.117701848,211.968559742,71.9374777596,215.038183263,211.968538959,0.00717110013936,92.2063584548,92.2062859861,0.0200072528509,233.681451305,211.968424847,166.016244559,85.4838827461,0.0153772260084,183.715134417,246.030496086,211.968551706,211.968547422,0.0200015611423,92.2064040118,0.0153043498169,0.0150027974227,234.435201194,223.744244281,177.634872783,211.968549576,211.9685338,113.831448356,0.0153363456004,0.0208921091068
2011-02-03 07:00:00,234.117695784,211.968553846,71.9375508177,93.5436185897,211.968539352,0.00716937421717,92.2063657911,92.206312269,0.0199996781893,189.281949696,103.576569658,166.01624401,85.4838831136,0.0124381756936,148.809240641,246.030485891,171.694523634,171.694384572,0.0200016691504,92.2063983319,52.2174312414,0.0150030240575,234.435186209,181.232969776,177.634872504,242.945751965,171.694507523,92.2068980817,0.0152557228124,0.0208905541321
2011-02-03 08:00:00,189.635151451,211.968542639,71.9375367431,93.5434872235,211.968538175,0.0071674165863,92.2063676773,92.2063187739,0.0199913490379,175.261085882,103.576544044,166.016241379,85.4838465231,0.0124114353636,0.0200244456334,171.694742968,171.69451492,158.976480767,0.0200001272597,92.1742557269,0.0241870961292,0.0150026500482,171.694613323,181.232753692,177.634843657,242.945931359,171.69448773,92.2063482628,0.0151331162025,0.0208678297676
2011-02-03 09:00:00,175.588222225,211.968485063,0.0200052619413,0.0100288495528,211.968536882,0.00716539253919,92.2063611379,0.0150022605746,0.0199630308787,0.0100070941617,103.57653468,72.2170767762,64.1129829464,0.0111307472951,0.0100065287881,158.977427457,0.0100232019699,0.0100084918363,0.0199998438198,0.0150025045482,0.0224334237267,0.0150025183744,0.0150200963122,0.0102199754068,143.884243881,242.945950416,92.2076013257,92.2061819939,0.0150362536266,0.0208386077433
2011-02-03 10:00:00,0.0100134985408,92.2068120999,0.020001180425,0.0100137276848,211.968535107,0.00716331414699,92.206359347,0.0150003194897,0.0199580958476,0.0100041953226,103.576532114,72.2170508516,64.1129448965,0.0100164738347,0.0100044864945,0.0150391778851,0.010007878156,0.0100043694934,0.0199996391256,0.0149986748637,0.0225597655711,0.0150023462478,0.0149949975747,0.0100387600099,143.884235654,242.945997725,0.0100475472891,92.2055716857,0.0150152270956,0.0207633987008
2011-02-03 11:00:00,0.0100079775013,92.2063951034,0.019999855065,0.0100117247177,211.968529842,0.0071613464207,92.2063569389,0.0150000863261,0.0199938127751,0.010004644165,103.576538108,0.0100081535911,64.1129212116,0.0100117205796,0.010005124184,171.694585436,0.0100079202155,0.0100045435765,0.0199996997899,0.0149985783003,0.0154200686177,0.0150021064648,0.010003577586,0.0100368429195,0.0100100652666,242.945980288,0.0151095990525,0.0166421080862,0.0150129977256,0.0206696038108
2011-02-03 12:00:00,0.0100368102576,92.2063901194,0.0199999221604,0.01002485347,171.694527524,0.00715936117361,92.2063483924,0.014999999712,0.0199987399358,0.0100888213767,103.576543441,0.010003670966,64.1129342468,0.0100206169743,0.0200011146619,171.694743715,0.0100370153089,0.0100101645305,0.0200000339199,0.0149999927012,0.0155119113676,0.0150020695553,0.0149656491013,0.0100898401149,0.0100015356487,242.945935753,171.694412852,0.0155365641796,0.0150065136522,0.0206008353351
2011-02-03 13:00:00,175.588302181,92.206370652,0.01999984353,93.5434907648,171.694520885,0.00715744228714,92.206341639,0.0149999461502,0.020005351585,189.281947475,103.576572696,0.0100041314324,64.1129698996,0.0121028414703,148.809239917,171.69475456,171.694515806,171.694370486,0.0200002143443,0.0150071553828,0.0150468978684,0.0150019672975,0.0150000132188,181.232726741,0.0100022560868,242.945867086,171.694505643,0.0152008599874,0.015008204005,0.0204589866538
2011-02-03 14:00:00,189.635347081,0.0150311123927,0.0200044414471,93.5436337697,171.694534658,0.0071556045773,92.2063567355,0.0149999686351,0.0200595677312,211.968501384,127.872226547,0.0100127496575,85.483857284,0.0124338340824,148.809291631,211.968809238,171.694529605,171.694397601,0.0200008481843,0.0150108368287,0.0150315468508,0.0150018931166,171.694613487,181.232767779,0.0150532937982,242.945856421,211.968484954,0.0150849535076,0.015013268718,0.0204689110585
2011-02-03 15:00:00,234.117693751,0.0150355514815,0.0246949638019,215.038182847,211.968528304,0.00715372319929,92.206356823,0.0150000488587,0.0200645625334,233.681440603,127.872256759,72.21706613,85.483876745,98.38175533,183.71513183,211.968818528,211.968551736,211.968550751,0.0200024383885,0.0150086811271,0.0152323838678,0.015002327828,171.6946549,223.744153058,143.884243758,242.945949435,211.968541823,0.0151315545591,0.0150268510979,0.0205134191779
2011-02-03 16:00:00,234.117704007,0.0150175501063,71.937552283,215.03822612,211.968535108,0.0071520162142,92.2063598682,0.0150001958756,0.0200659387506,233.681444264,127.872261126,72.2170805035,85.4838823912,98.3817948212,183.715134736,211.968818826,211.968554628,211.968556691,0.0200067148045,0.0150079290754,52.2172936991,0.0150038377284,211.96866376,223.744168383,143.884261898,242.945913975,211.968546577,0.0151423532334,0.0150216988148,0.0203479314601
2011-02-03 17:00:00,234.117703976,0.0150128888983,71.9375306252,215.038234388,211.968534842,0.0071501251515,92.2063553374,0.0150002213771,0.0200646470897,233.68144649,127.872260587,166.01626323,85.4838826916,98.3818025542,183.715136093,211.968818598,211.968555616,211.968558757,0.0200140437236,0.0150121538758,52.2174464855,0.0150047378434,211.968664123,223.744173303,177.634873028,242.945852224,211.968548269,0.0151225044554,0.0150165375092,0.0201500276847
2011-02-03 18:00:00,234.117701266,0.0150209911342,0.0247333092122,215.038238006,211.968530622,0.00714817866122,92.206342033,0.0150001390818,0.0200649071307,233.681447315,127.872259699,166.016270411,85.4838822375,98.3818053933,183.715136448,211.96881872,211.968555957,211.968559622,0.0200076103972,0.0150110315656,52.2174723483,0.0150040400429,211.968664201,223.744175018,177.634873435,242.945621152,211.968549118,0.01512542219,0.0150058587117,0.0200879863041
2011-02-03 19:00:00,234.11769891,0.0150063834858,0.0200341123906,215.038238643,171.69453478,0.00714623630093,0.0200465212889,0.0150001245869,0.0200643392321,233.681447152,127.872246897,166.016272047,85.4838818211,98.3818057736,183.71513675,211.968818875,211.968556085,211.968559967,0.0200016607375,0.015011951157,52.2173644285,0.0150042254603,211.968664249,223.744174566,177.634873588,242.945086988,211.968549469,0.0150434848992,0.0150005179401,0.0200532669112
2011-02-03 20:00:00,234.117695157,0.0150055233334,0.0200104975493,215.038238315,92.2063231335,0.00714415541761,0.0199860028465,0.0150000830767,0.0200596692603,233.681446847,127.871917227,166.016272608,85.4838816389,98.3818067541,183.715136919,211.968818376,211.968555865,211.968559946,0.0200011623367,0.015006799931,0.0150213971622,0.0150058036354,211.968664236,223.744172094,177.634873604,211.968713133,211.968549093,0.0150237533244,0.0149912599386,0.0200125052977
2011-02-03 21:00:00,234.117695717,0.0150042971521,0.0200049791141,215.038236781,92.2063152973,0.00714204733184,0.0151857894328,0.0149999965866,0.0200178712034,233.68144662,103.576612298,166.016272694,85.4838816894,98.3818059327,183.715135386,211.968817498,211.968555506,211.968559614,0.0200009308912,0.0150059012126,0.0150132343815,0.0150025632494,211.968664179,223.744168933,177.634873524,211.968545863,211.968548726,0.0150156311103,0.0149848938088,0.0199991554983
2011-02-03 22:00:00,234.117691667,0.0150029674544,0.0200098805288,215.038233095,92.2063144618,0.00713989398829,0.015047687948,0.014999953475,0.0200036732747,233.681445634,103.576572924,166.016272304,85.4838812097,98.3818029444,183.715134761,211.968816309,211.968555,211.968559042,0.0200006461327,0.015006003949,0.015009746319,0.0150009403086,211.968664084,223.744164612,177.634873382,211.968164803,211.968547974,0.0150092419738,0.0149772363314,0.0199862914752
2011-02-03 23:00:00,234.117689653,0.0150024036548,0.020008317877,215.038227025,92.2063135608,0.00713780318368,0.0150196123024,0.0149999176512,0.0200008992066,233.681444054,103.57655582,166.016271276,85.4838812776,98.3817987612,183.715134299,211.968814699,211.968554147,211.96855834,0.0200012001139,0.0150082075918,0.0150080766056,0.015000365615,211.968663946,223.744166449,177.6348732,105.681426583,211.968547119,0.0150058636034,0.0149737458734,0.0199714038582
2011-02-04 00:00:00,234.11768806,0.0150015686035,0.0200036355706,215.038222825,92.2063137474,0.00713570509154,0.015013231997,0.0149999130771,0.0199995040005,233.681442611,103.576565493,166.016270196,85.4838814211,98.3817974463,183.715135772,211.968803001,211.968553596,211.96855669,0.020004595871,0.0150040914285,0.0150393157888,0.0150003225487,211.968663719,223.744162547,177.634872989,0.0222290319407,211.968546383,0.0150049309787,0.014973700838,0.0199670148678
2011-02-04 01:00:00,234.117686638,0.0150016474322,0.0200006686144,215.038218875,92.2063065744,0.00713369230874,0.0150084199021,0.0149999072722,0.0200004813424,233.681441502,103.576568593,166.016269069,85.483881764,98.3817937844,183.715135431,211.9688006,211.968552743,211.968555198,0.020001727597,0.0150026703108,0.0150190139747,0.0150003762911,211.968663642,223.744160228,177.634872915,0.015735572183,211.968545608,0.0150036075559,0.0149711265482,0.0199663555189
2011-02-04 02:00:00,234.11768515,0.0150020005329,0.0200003597609,215.038215489,0.0200411728184,0.00713177198408,0.0150059774515,0.014999900231,0.0200014840542,233.681440218,103.576575119,166.016268084,85.483881812,98.3817915347,183.715135332,211.968800974,211.968552071,211.968554508,0.0199999800513,0.0150039179073,0.0150104675557,0.015000600737,211.968663577,223.744157654,177.634872871,0.0152061857016,211.968545054,0.0150033490493,0.0149735160136,0.0199769425452
2011-02-04 03:00:00,234.117686108,0.0150042550647,0.0200003358246,215.038212765,0.0200330399666,0.00712997173077,0.0150050099641,0.0149998965192,0.020000736183,233.681439047,103.576582883,166.016267113,85.4838815882,98.3817899485,183.71513524,211.968800355,211.968551853,211.968553789,0.019999907194,0.0150029171879,0.0150081052449,0.015000259271,211.968663495,223.744154786,177.634872877,0.0150668664813,211.968545015,0.0150042054885,0.0149812399791,0.0199834019493
2011-02-04 04:00:00,234.117691348,0.0150393183701,0.0200003645264,215.038212082,0.0200326272142,0.00712823344001,0.0150053002576,0.0149998998446,0.0199997570595,233.681437729,103.576776401,166.016266349,85.4838814307,98.381789806,183.715134963,211.968798222,211.968551918,211.968553715,0.020000002081,0.0150016623466,0.0150081865998,0.0150005463976,211.968663483,223.744153122,177.634873039,0.0150292923852,211.968545187,0.0150074158847,0.0149932880929,0.020005764356
2011-02-04 05:00:00,234.117694775,92.206385829,0.0200014960303,215.038211917,0.0246729521073,0.00712677759538,0.0150074668329,0.0149999251254,0.019999758364,233.681435382,127.872100796,166.016265754,85.4838813285,98.3817911657,183.715134376,211.968793726,211.968551972,211.968554169,0.0200002926375,0.0150018856594,0.015008680928,0.0150012576384,211.968663574,223.744149713,177.634873256,0.0150188349122,211.9685456,0.015011901273,0.0150006829371,0.0200267640632
2011-02-04 06:00:00,234.117693374,92.2063948778,0.0200061158167,215.038203261,0.0247245126382,0.00712560500247,0.0150111814141,0.0149999853824,0.0199996066079,233.681422568,127.872087078,166.016265929,85.4838822469,98.3817836546,183.715130034,211.968708346,211.968549567,211.96855431,0.0200006751606,0.0150025666325,52.2174446468,0.015002471618,211.968663393,223.744137234,177.634873235,0.0150164329039,211.968543518,0.0150144135615,0.015005961456,0.0200848433271
2011-02-04 07:00:00,234.117681973,92.2063945861,0.0200330966256,161.280136995,0.0246874588791,0.00712385822198,0.0150123864352,0.0150001099502,0.0199915459681,189.281748342,83.8970227409,166.016265781,85.483882484,73.7861282887,148.809164983,211.968537636,171.694510826,171.694533634,0.0200008403613,0.0150083698993,52.2174540633,0.0150026467819,211.968646585,171.694782789,177.634872883,0.0150149596083,171.694517021,0.0150140509879,0.0150017345299,0.020036777654
2011-02-04 08:00:00,175.593271803,92.2063897864,0.0246509794843,161.280076809,0.0199875047985,0.00712184309402,0.0150133455243,0.015000250773,0.0198959635445,175.260908073,83.8970046831,166.016263582,85.4838593177,73.7860911278,148.809106586,0.0150011609693,171.694501501,171.694524702,0.0200001526417,0.0150098701672,52.2174479519,0.0150025663874,171.694613075,171.694707525,177.634842627,0.0150147989037,171.694503849,0.0150085002554,0.0149988136795,0.0200036373547
2011-02-04 09:00:00,175.588207707,92.2063913172,0.0246563305556,0.0101339487427,0.0150082341162,0.00711989325878,0.0150115091479,0.0150001473956,0.0198935633624,0.0100051214591,83.896970105,0.0103418437711,64.1137555404,0.0100360855304,0.0100075487434,0.0149990374987,171.694478208,171.694494476,0.0200000215932,0.0150063229844,52.2174422235,0.0150024074098,0.0149978228994,0.0112223967802,143.884242332,0.0150118899901,158.97673768,0.0150074011863,0.0149971070176,0.0199746499565
2011-02-04 10:00:00,0.0101661402921,92.206398168,0.0246508214445,0.0100152163243,0.0150034648514,0.0071178589281,0.0150104352867,0.0150001169395,0.0198916719344,0.0100041893836,77.6828880303,0.0103067482734,64.1129584295,0.0100114577678,0.0100042608596,0.0149978415511,0.0100450254247,92.2070853662,0.0199999813716,0.0150062981249,52.2174370921,0.015002211599,0.0100015386168,0.0100354739047,143.884236469,0.0150120376182,158.976369173,0.015007275636,0.0149933272291,0.0199540005598
2011-02-04 11:00:00,0.0100280948613,211.967656715,0.0200665240331,0.0100122278071,0.0150024183221,0.00711592163594,0.0150083316279,0.0150000987559,0.0198937611678,0.0100046010676,0.020105905327,0.0100067257306,64.1129325524,0.0100098661952,0.0100063359195,0.0149981173808,0.010039438293,0.0101600743419,0.0200001596272,0.0150074471891,52.2174280887,0.0150020939855,0.0100009771391,0.0100352426137,0.010006502689,0.0150112613922,171.694486352,0.0150102962932,0.0149955113864,0.0199809413997
2011-02-04 12:00:00,0.0151740962431,211.968531072,0.0246445393809,0.0100377539708,0.015002144541,0.00711391748913,0.0150080005047,0.015000057614,0.0199011728623,0.0100378468888,77.6761798765,0.0100037217671,64.1129357531,0.0100204014473,0.0200117956176,0.0149994870154,171.694384927,171.694502352,0.0199999687437,0.0150131689007,52.2174156245,0.0150021687745,0.0100014938727,0.0100844146979,0.0100021380911,0.0150080955956,171.69451451,0.0151119874952,0.0149972988489,0.0199997709721
2011-02-04 13:00:00,175.588300063,211.968553458,0.0201020129603,161.279047683,0.0150021135853,0.00711194321356,0.0150087566746,0.0150001116818,0.0199819552865,189.281744848,83.8969870082,0.0100036420751,64.1129547947,73.7859862066,148.809161288,0.0149998594029,171.69449986,171.694525995,0.0200002705903,0.0150096083577,39.1644237964,0.0150043074062,0.0150029918028,171.694681481,0.0100011996861,0.0150048604358,171.694528532,0.0151467746809,0.0149983091675,0.0200043563436
2011-02-04 14:00:00,189.635352573,211.968555926,0.0200473328698,161.280134349,0.0150024106093,0.00710991229851,0.0150083871988,0.015000119878,0.0199948837176,189.281775021,83.8970103807,0.0100073301038,85.483769137,73.786129224,148.809202421,0.0150022177027,171.694510646,171.694723072,0.020000218366,0.015007348969,0.0151318956853,0.0150135988062,171.694614474,171.694720081,77.2712951818,0.0150056295943,211.968509526,0.0150309552985,0.0149987347729,0.0200083594661
2011-02-04 15:00:00,234.117648467,211.968558929,0.0200486787395,215.038189247,0.0150040025844,0.00710812553631,0.0150085137793,0.0150000678752,0.0199975038741,233.681191287,103.576552799,0.0103325027848,85.4838736887,226.165983098,183.715023639,0.0150168660527,211.968523263,211.96855429,0.0200005069522,0.0150077261096,42.298488408,0.0150149268752,211.968543715,211.968783514,143.884242166,0.0150058324147,211.968536519,0.0150309005092,0.0150036596632,0.0200220757522
2011-02-04 16:00:00,234.117662579,211.968558653,0.0245749034037,215.038224887,0.0185183324199,0.00710620898873,0.0150111566745,0.0150000897303,0.0199986651736,233.681194858,103.576560538,0.0103466748832,85.4838812631,226.166023529,183.715025585,0.0150268780899,211.968524711,211.968557473,0.020000876742,0.0150067436535,52.2174340358,0.0150170530912,234.435211032,211.968806844,143.884251924,0.015008163202,211.968539273,0.0150397055477,0.015004838467,0.020034823225
2011-02-04 17:00:00,234.117660863,211.968558964,0.0200749185028,215.03823241,0.0185212356955,0.00710434456552,0.0150132241936,0.0150001249724,0.0199982914329,233.681197069,103.576562872,166.015746323,85.4838819146,226.166031072,183.715026251,0.0150163368241,211.96852511,211.968558273,0.0200009694613,0.015010521223,52.2174523512,0.015016019298,234.435211541,211.96881233,177.634868924,0.0150099904747,211.96853993,0.0150552395112,0.0150015036769,0.020044082049
2011-02-04 18:00:00,234.117656628,211.968560629,0.0200306233889,215.03823534,0.0185206776595,0.00710236751066,0.0150097687615,0.0150000780247,0.0199997647106,233.681197806,103.576563951,166.015753256,85.4838815739,226.166033806,183.715026349,0.0151089741453,211.968525518,211.96855881,0.0200044228387,0.0150201177938,52.2174535616,0.015009999501,234.435211643,211.968813518,177.63486927,0.0150096796704,211.968540228,0.0150767779763,0.014998025435,0.0200272970386
2011-02-04 19:00:00,234.117653056,211.968557324,0.020010022493,215.038235699,0.018517849607,0.00710028563718,0.0150076090395,0.0150000668573,0.0199974865827,233.681197611,103.576560518,166.015754809,85.4838809951,226.166034313,183.715025963,0.015027236239,211.968525436,211.968558759,0.0200009423088,0.0150090005394,52.2174520407,0.01501509443,234.435211684,211.968813231,177.634869393,0.0150092860081,211.968539953,0.0151497351218,0.0149942165097,0.0200290606676
2011-02-04 20:00:00,234.117648376,211.96855766,0.0200059265421,215.038234498,0.0150460758274,0.00709813675416,0.0150062745643,0.0150000380298,0.0199948323898,233.681197421,103.57655717,166.015755299,85.4838806562,226.166034801,183.715025064,0.0150125918892,211.968525269,211.968558574,0.0200004282698,0.0150060426707,52.2174552976,0.015020644229,234.435211668,211.968810388,177.634869392,0.0150053656285,211.968538257,0.0150537455192,0.0149880563954,0.0200142108281
2011-02-04 21:00:00,234.117647376,211.968556561,0.020002818606,215.038233437,0.0184673604559,0.00709611009864,0.0150073024213,0.0149999700229,0.0199906202851,233.681197275,103.576554886,166.015755285,85.4838805843,226.166034038,183.715023665,0.0150071901653,211.968524558,211.968558188,0.0200005315865,0.0150052733033,52.2174579847,0.015011764296,234.435211591,211.968808923,177.634869325,0.0150072436531,211.96853764,0.0150324442065,0.0149851362909,0.0200252258122
2011-02-04 22:00:00,234.117641744,211.968554601,0.0200016957303,215.038229903,0.0150410871629,0.00709399637996,0.0150072819437,0.0149999379934,0.0199819047542,233.6811963,103.576550621,166.015755001,85.4838800907,226.166030925,183.715021921,0.0150053225978,211.96852364,211.968557439,0.0200002976459,0.0150054362444,52.217459819,0.0150068605722,234.435211479,211.968805178,177.634869215,0.0150065381195,211.968536221,0.0150250823376,0.014979721927,0.0200599429845
2011-02-04 23:00:00,234.117632842,211.968554814,0.0200007056307,215.038224818,0.0150066202637,0.00709211174036,0.0150054395494,0.0149999115356,0.0199336141757,233.681194478,103.576542496,166.015754009,85.483880195,226.166026655,183.715019371,0.0150038004893,211.968522361,211.968556313,0.0200000195487,0.0150067893965,52.2174587557,0.0150030183218,234.435211345,211.968801882,177.634869048,0.0150033655388,211.96853485,0.0150234684284,0.0149790068,0.0205231921486
2011-02-05 00:00:00,234.117623333,211.968557153,0.0200001184821,215.038219005,0.0185161901569,0.00708996259314,0.0150044541948,0.0149999108483,0.0199093357924,233.681192733,103.576538933,166.015753097,85.4838805436,226.166021673,183.715012629,0.0150110891351,211.968521711,211.968555095,0.0199997779687,0.0150034137475,52.2174579973,0.0150006463107,234.435211205,211.968802907,177.634868782,0.0150027220714,211.968535417,0.0150512834249,0.0149850223554,0.0207967425002
2011-02-05 01:00:00,234.117616411,211.968558092,0.0199998802357,215.0382147,0.0150054393129,0.00708806484798,0.015003855437,0.0149998981023,0.0199026484086,233.681190961,103.576534237,166.015751911,85.4838801208,226.166018121,183.715007521,0.015006395756,211.968520338,211.968553569,0.0199997112405,0.0150044990463,52.2174513844,0.0150002162728,234.435211059,211.968799821,177.634868623,0.01500149552,211.96853485,0.0150530069294,0.0149920925257,0.0209554911623
2011-02-05 02:00:00,234.117596151,211.968556519,0.0199999220528,215.038210247,0.0150025006428,0.00708607720674,0.0150034954548,0.0149998950487,0.0199008937074,233.681188687,103.57652507,166.015750978,85.4838801001,226.166016751,183.715004816,0.0150043548907,211.968519118,211.968552182,0.0199998261797,0.0150118477611,52.2174505732,0.0150002405357,234.435210931,211.968796559,177.634868514,0.0150009311735,211.968535182,0.0152639648254,0.0150348944019,0.0247914600892
2011-02-05 03:00:00,234.117589432,211.968556005,0.0199998646104,215.038205868,0.0150021404993,0.00708417102787,0.0150033130222,0.0149998951665,0.0199012784884,233.681186494,103.576526259,166.015749814,85.4838797073,226.166015593,183.715002219,0.015003651834,211.968518599,211.96855073,0.019999849787,92.2064083616,52.2174474895,0.0150003205936,234.435210788,211.968793144,177.63486842,0.0150014180042,211.968535353,92.2059704292,0.0151433354321,0.0214799953166
2011-02-05 04:00:00,234.117593578,211.968556237,0.0200000749196,215.038201005,0.0150023629947,0.00708228024343,0.0150034155911,0.0149999129208,0.0199015244994,233.681182792,103.576530253,166.015748786,85.4838793993,226.166010621,183.714998836,0.015003041236,211.968517919,211.968549705,0.0199998435184,92.2064447511,52.217445101,0.0150003921466,234.43521065,211.968789181,177.634868328,0.0150022734575,211.968534963,92.2063660594,0.0152792298183,0.0209578308369
2011-02-05 05:00:00,234.117592749,211.968556341,0.0200005725146,215.038194234,0.0150033750382,0.00708049169832,0.0150037074239,0.0149999442494,0.0199091007035,233.681174913,103.576530757,166.015747713,85.4838790556,226.16600685,183.714995587,0.0150032741498,211.968516727,211.96854824,0.0199998993528,92.2066250244,52.2174429931,0.0150011145646,234.435210513,211.968785514,177.634868277,0.0149997976974,211.968535437,92.2064249061,0.015476320876,0.0208964301542
2011-02-05 06:00:00,234.117581384,211.968558673,0.020001831945,215.038175772,0.0150399625039,0.00707877696845,0.0150040657497,0.0149999374871,0.0199243487173,233.681055353,103.576515435,166.015746269,85.483878379,226.165991946,183.714981645,0.0150048738415,211.968513121,211.968543972,0.0199999758766,92.2065358256,52.2174413602,0.015002168002,234.435209947,211.968767649,177.634868062,0.015000696249,211.968534749,211.966285576,0.0160463740574,0.0220923936235
2011-02-05 07:00:00,234.117346339,211.968559377,0.0200037746306,0.023908790832,0.0151611528751,0.00707709943336,0.0150046468982,0.0150000093907,0.0199559099338,158.975509451,0.0200338073482,166.01574298,85.4838784953,0.0129160864313,0.0199863225994,0.0150018259341,171.69443237,92.207345673,0.0200004019491,211.968104724,52.2174397744,0.015002387123,211.968502189,171.694505745,177.634867585,0.0150012906244,171.694542813,211.968244177,0.0168754685994,0.0208927578455
2011-02-05 08:00:00,0.015094103422,211.968553242,0.0200065509495,0.0238344430429,0.0150015249635,0.00707539668094,0.0150055522189,0.0150000913821,0.0199729998405,0.0100207395481,0.0199991029466,166.015738429,64.1129904073,0.0128720422739,0.0199243071415,0.0149966279211,171.694410592,92.2071809463,0.0199994935358,211.968503567,52.2174367658,0.015002310783,158.976423418,171.694461866,143.884238574,0.015003758537,171.694526912,211.968289781,0.0170233238283,0.0207727592029
2011-02-05 09:00:00,0.0100304757136,211.96854797,0.0200079604965,0.0100356464852,0.0150006343914,0.00707367212681,0.0150056949498,0.015000156721,0.0199767160233,0.0100042828553,0.0199767143104,0.0100433143459,64.1129017937,0.0100255121593,0.0100060411567,0.014995617328,0.010066554061,0.0100072643271,0.0199992198214,211.968532841,52.2174342505,0.0150023181958,0.0100051956029,158.977340267,143.88423209,0.0150036765059,171.694517918,211.968436195,0.0172317113713,0.0205341917839
2011-02-05 10:00:00,0.0100063848283,211.968548259,0.020006847929,0.0100138672415,0.0150002969333,0.00707177843238,0.0150056101363,0.0150001770175,0.0199790050135,0.0100030473691,0.0190209125222,0.0100118106153,0.0133816630982,0.0100105754711,0.0100038330626,0.0149922139039,0.0100102576047,0.0100039672308,0.0199990247715,211.968543077,52.217431564,0.0150021453546,0.0100010357847,0.0100365034957,133.226130463,0.0150040259866,171.694507795,211.968467082,0.0167997507692,0.0202063184932
2011-02-05 11:00:00,0.0100046646761,211.968550288,0.0200098597068,0.0100126493626,0.0150001713868,0.00706981953084,0.015005214968,0.0150001956511,0.019978369281,0.0100040129877,0.0194366891826,0.0100035605535,0.0100187245999,0.0100100084343,0.0100060706331,0.0149904319642,0.0100145376598,0.0100041997774,0.0199988410417,211.968548045,52.2174291591,0.0150018209897,0.0100006497545,0.0100340598102,0.0100013534509,0.0150036705676,171.694508064,211.968501306,0.0171666155798,0.0200943561483
2011-02-05 12:00:00,0.0100060713097,211.96855373,0.0200073412393,0.0100276044964,0.0150001181714,0.00706782003175,0.0150051470439,0.0150001836217,0.019983325214,0.0100155831013,0.0199836017373,0.0100029876164,0.0100397484086,0.0100182127714,0.0199425225659,0.0149900659058,0.0150728642874,0.0100082675646,0.0199988363521,211.968514504,52.217425242,0.0150015966298,0.0100007683825,0.0100449820243,0.0100016097372,0.0150033408187,171.69451603,211.968523057,0.017309512857,0.0200696180761
2011-02-05 13:00:00,0.0100774671764,211.968562055,0.0200139845415,0.0237139774982,0.0150001355178,0.00706586894927,0.0150051387823,0.0150001965229,0.0199796476841,158.975506589,0.0200232999051,0.010002878588,64.1128485826,0.012504716115,0.0199857572347,0.0149905187071,171.694425961,92.207319249,0.0199990049681,211.968536478,52.2174222918,0.0150013806622,0.010003425722,171.694332477,0.0100015685133,0.0149993131035,171.694521506,211.96859631,0.0172805604997,0.0200270557914
2011-02-05 14:00:00,0.0186211181915,211.968567893,0.0244439643334,0.0239086791816,0.0150003975664,0.00706397111699,0.0150051240881,0.0150002295549,0.0199847244104,158.975533636,0.0201170227962,0.0100039958843,64.1129165332,0.012906662081,0.0200041852261,0.0149969079924,171.694435332,92.2073512771,0.0199993905022,211.968539948,52.2174164583,0.0150013673182,158.976423556,171.69446486,0.0100629069609,0.014999240824,171.69456379,211.968653959,0.0169198561217,0.0200037767141
2011-02-05 15:00:00,211.968388849,211.968657498,0.0246868241268,215.038131363,0.0150017857576,0.00706213393409,0.0150054949051,0.0150003194227,0.0199912503539,211.968538551,238.107030479,0.0100330944189,85.4838438698,226.165820882,0.0246801403452,0.0150038441512,211.968448141,211.968541526,0.0200000171339,211.968539813,52.2174059319,0.0150022493559,158.976428388,211.968464692,143.88423197,0.015003772527,211.968538652,211.968677988,0.0172390631378,0.0200007661672
2011-02-05 16:00:00,211.968498586,211.968701722,0.024700497976,215.038192961,0.0153145950729,0.00706040276011,0.0150066139317,0.0150005018134,0.0199946197878,211.968544616,238.107061622,0.010048742297,85.4838784796,226.165875471,0.0246828274097,0.0150064987474,211.968452299,211.968548999,0.0200016688788,211.968559536,52.2174103195,0.015006418031,211.968555969,211.968507876,143.88423578,0.0150058865846,211.968541539,211.96867078,0.0153861641929,0.0200010814695
2011-02-05 17:00:00,211.968503614,211.968704918,0.0247155373054,215.038203323,0.0199963252798,0.0070586446528,0.0150084644451,0.0150009272818,0.0199947441343,211.96854736,238.107068238,72.2171012917,85.4838798154,226.165883784,0.0246837631155,0.0150066771553,211.968453647,211.968551246,0.0200221233817,211.968717418,52.2174188264,0.01501131663,211.968556525,211.968514187,177.634861845,0.01500748842,211.968541924,211.968626021,0.0152280612163,0.0199963437319
2011-02-05 18:00:00,211.96850866,211.968697333,0.024696366133,215.038206606,0.0199997498379,0.0070566538465,0.0150071108199,0.015001189802,0.0199942423609,211.968548372,238.107071223,72.217109853,85.4838796225,226.165886092,0.024683595228,0.018421643113,211.968454309,211.968552252,0.0200266778405,211.968740232,52.2174169356,0.0150062181719,211.968556698,211.968516579,177.634862361,0.0150067019819,211.96854236,211.96856824,0.0151051380988,0.0199892265249
2011-02-05 19:00:00,211.968507029,211.968683685,0.0246928008173,215.038207446,0.0199981599399,0.0070545320807,0.0150055607293,0.0150008780046,0.0199930404637,211.968548436,238.107070437,72.2171116601,85.4838790704,226.165887044,0.0246835020613,0.0150109200155,211.96845448,211.968552356,0.0200187594401,211.968648286,52.2174117405,0.0150069892999,211.968556709,211.968516908,177.634862541,0.0150050495319,211.968542004,211.968476239,0.0150300149275,0.0199797026789
2011-02-05 20:00:00,211.968505112,211.968714539,0.0246883405924,215.038205673,0.0199974880238,0.00705233124891,0.0150048248812,0.0150007671317,0.019991708788,211.968548354,238.107069735,72.2171122441,85.4838788919,226.165887467,0.0246833924843,0.0150058283805,211.968454256,211.968552586,0.0245793818327,211.968607305,52.2174070586,0.0150085117647,211.96855667,211.968515397,177.634862591,0.0150033181924,211.968541039,211.968423477,0.0150154341191,0.0199645744927
2011-02-05 21:00:00,211.968505589,211.968714785,0.0246837824084,215.038203933,0.0200002850568,0.00705031366265,0.0150050352293,0.0150006562902,0.0199917254272,211.968548458,238.107069523,72.2171122363,85.4838789238,226.165886284,0.0246835499058,0.0150040355718,211.968453988,211.968552322,0.024624952661,211.968589003,52.2174090307,0.0150121002214,211.968556615,211.968514595,177.634862565,0.0150035354649,211.968539847,211.968311388,0.0150032360455,0.0199376713505
2011-02-05 22:00:00,211.968502312,211.968708337,0.0246598495391,215.03820054,0.0200009687958,0.00704827535531,0.015005210278,0.0150005326774,0.0199918109912,211.968547961,238.107067717,72.2171121695,85.4838787905,226.165883596,0.0246833611443,0.0150031772181,211.968453534,211.968552042,0.0246251256861,211.968579818,52.2174134297,0.0150174018245,211.968556525,211.968511984,177.634862461,0.0150029544605,211.968538006,211.968133607,0.0149923983012,0.0199047272617
2011-02-05 23:00:00,211.968499462,211.968699724,0.0200195444328,215.038195653,0.0200002897004,0.0070462540805,0.0150044144063,0.0150004460915,0.0199921888516,211.968546766,238.107064522,72.2171115144,85.4838788026,226.165879859,0.0246830086019,0.0150025986202,211.968452695,211.968551285,0.0246240183368,211.968593902,52.217416143,0.0150318095962,211.968556405,211.968512364,177.634862311,0.0150028691751,211.968535329,211.967897994,0.0149796838058,0.0198871654476
2011-02-06 00:00:00,211.968491895,211.968685904,0.0200036097407,215.038190895,0.0200033579054,0.00704424833798,0.01500384633,0.0150003817579,0.0199878462072,211.968545518,238.10706124,72.2171105318,85.483878893,226.165875599,0.0246826312446,0.0150036911254,211.968452324,211.968550232,0.0200400822374,211.96854213,52.2174150618,0.0151170371641,211.968556236,211.96851052,177.634862151,0.0150015064777,211.968529793,211.967509022,0.0149720188109,0.0198437168441
2011-02-06 01:00:00,211.968485468,211.968668678,0.0200021843645,215.038186091,0.0200016881346,0.00704229921184,0.0150034258574,0.015000347916,0.0199950801833,211.968544296,238.107058497,72.2171095394,85.4838787327,226.165871947,0.0246821919038,0.0150028916981,211.968451096,211.968549057,0.0200152347004,211.968527509,52.2174108054,0.015097012725,211.96855609,211.968508982,177.634862005,0.0150005482687,211.968530276,211.967058199,0.014970503296,0.0198370805522
2011-02-06 02:00:00,211.968479444,211.968644299,0.0200018081041,215.038181144,0.0200013528843,0.00704038726992,0.015003153505,0.0150002975478,0.0199979780208,211.968542959,238.10705543,72.2171085902,85.4838787869,226.165868386,0.0246819043019,0.0150026086588,211.968450175,211.968547756,0.0200149074369,211.968439123,52.2174086862,0.0152318233755,211.968555967,211.968506223,177.634861882,0.0149990859697,211.96853027,211.968132043,0.0149738101416,0.0198713887954
2011-02-06 03:00:00,211.968480054,211.968650689,0.0200016762037,215.038176267,0.0200022143413,0.00703847438202,0.0150029926175,0.0150002490013,0.0199995901951,211.968541335,238.107053231,72.2171076505,85.4838785802,226.165864382,0.0246817055058,0.0150022942106,211.968449283,211.968546027,0.0200202953219,92.2124052259,52.2174050595,0.0154437350773,211.968555805,211.968503322,177.634861779,0.0149982780784,211.968527981,211.968223942,0.0149781359195,0.0199327981973
2011-02-06 04:00:00,211.968481845,211.968662605,0.0200018740888,215.038170229,0.0200031503195,0.00703667745729,0.0150030323031,0.0150002042008,0.0200018466174,211.968539113,238.107050857,72.2171067126,85.4838783846,226.165859952,0.0246809711388,0.0150020128004,211.968447652,211.96854485,0.020010034134,92.2064814904,52.2174038758,0.0158175684378,211.968555582,211.96849856,177.634861646,0.0149969566562,211.968525043,211.96837269,0.0149848020624,0.0199736887123
2011-02-06 05:00:00,211.968482194,211.968623298,0.0200022330307,215.038159339,0.020003555473,0.00703483913397,0.0150032076359,0.0150001926203,0.0200091140851,211.968534586,238.107044829,72.2171054739,85.4838773856,226.165853059,0.0246801697555,0.0150024002498,211.968444904,211.96854264,0.0200054607147,92.2064400287,52.217404299,0.0339858763707,211.96855523,211.968492362,177.634861487,0.0149958282311,211.968522276,211.96845565,0.0149935921196,0.0199957419115
2011-02-06 06:00:00,211.968484952,211.968593883,0.0200017905114,215.038134091,0.0200064997298,0.00703311140453,0.0150039098434,0.0150002095996,0.0200038715636,211.968482049,238.107014899,72.2171037228,85.4838772955,226.165831479,0.0246790549933,0.0150119336398,211.968438918,211.968537571,0.0200050347255,92.2064323145,52.2174042524,0.0344834597693,211.968554115,211.968475515,177.634861115,0.0149955085086,211.968525188,211.968488142,0.0150237868573,0.0200414210215
2011-02-06 07:00:00,211.968410323,211.968569049,0.0200029150647,0.0105608666856,0.0200046616277,0.00703123042251,0.0150037900334,0.0150002202015,0.0200296453181,0.0148770030418,103.576671712,72.2171000518,85.4838760839,0.0102891563681,0.0199881037347,0.0150036929646,171.694340425,0.0103950462053,0.0200099601455,92.2064260437,52.2174022222,0.0344875094594,0.0100525864134,0.0112217529626,177.634860362,0.0149966189151,171.694529648,211.968480647,0.0150198720853,0.019924928248
2011-02-06 08:00:00,0.0150646492483,211.968551159,0.0200041849107,0.0104818727735,0.0199800767985,0.0070295262676,0.0150037293159,0.0150002339122,0.0200250124173,0.0100159249493,103.576555925,72.217094409,64.1129230599,0.0102473860839,0.0196826701712,0.0149998193409,171.69430726,0.0100897974161,0.0200021703563,92.2064125099,52.2173928647,0.0344801413724,0.0100232903905,0.0111884397451,77.2711962686,0.0149956654564,171.694521907,92.2064577818,0.0149095419452,0.0151529303855
2011-02-06 09:00:00,0.0100129533658,211.968545055,0.0200037574194,0.010026110005,0.0162029323366,0.00702772018295,0.0150038231833,0.0150003294518,0.020028013802,0.010004385784,0.0100721394975,0.0100281984299,64.1128698035,0.0100174787956,0.0100081511856,0.0149997789237,0.0103053337795,0.0100064352858,0.0200014009953,92.2064258884,52.217397827,0.0344930769093,0.0100012443591,0.0100771286094,77.2711921212,0.0149968115226,171.694514514,92.2063845201,0.0147834137604,0.015038887307
2011-02-06 10:00:00,0.0100054707476,211.968540727,0.0200026523914,0.0100117074898,0.0161963562273,0.00702585192149,0.0150037056132,0.0150003372066,0.0200404074017,0.0100032261903,0.0100110787669,0.0100070561367,0.0100263783387,0.0100082309372,0.0100082717411,0.014999624474,0.0100108614884,0.0100036475827,0.020000732658,92.2064330204,52.2173992181,0.0344989174634,0.0100007188026,0.010023702785,0.0100274005466,0.0149981920348,171.694502972,92.2063430082,0.0146322726751,0.0150705612104
2011-02-06 11:00:00,0.0100041566806,211.968542594,0.0200020490799,0.010009642387,0.0150297472569,0.00702389561187,0.0150033800781,0.0150003688732,0.0200597707092,0.0100041226821,0.0100111343358,0.0100031906238,0.0100106171582,0.0100073076355,0.0105694195552,0.0149991573358,0.0100124631263,0.0100038002419,0.0199996344011,92.2064415494,52.2174011586,0.0345060639163,0.0100005158173,0.0100154640819,0.0100005522639,0.0149990327048,171.694501051,92.2063210513,0.0146240124776,0.0184582172406
2011-02-06 12:00:00,0.01000417116,211.968548858,0.0200009955201,0.0100163000592,0.0150048179114,0.0070219015096,0.0150029005846,0.0150003931161,0.0200676667595,0.0100123667319,0.0101157579303,0.0100027130353,0.0100108091745,0.0100115806229,0.0199863911518,0.015002016143,0.015020460532,0.0100072288897,0.0199989562355,92.2065134182,52.2174077693,0.0345106390187,0.0100006674895,0.0100308122413,0.0100003699247,0.0150101074376,171.69451604,92.2064205427,0.0148491317914,0.0199720278689
2011-02-06 13:00:00,0.0100141611237,211.968552733,0.0200010161701,0.0101258565037,0.0150145571191,0.00702004874251,0.015002827818,0.0150003600322,0.0200702066726,0.0148765785134,103.576643185,0.010002484097,0.0100939541404,0.0100775029402,0.0199954961718,0.0150067595125,171.694335763,0.0103731723656,0.0199985634431,210.851592541,52.217410512,0.0345121698913,0.0100011761831,0.0106403214118,0.0100008362488,0.0150077272494,171.694520847,92.2064764514,0.0149637743523,0.0200173997838
2011-02-06 14:00:00,158.976291589,211.968556968,0.0200010192872,0.010558477059,0.0162018264665,0.00701823826831,0.0150028865186,0.0150003678246,0.0245362485197,0.0149056452127,103.576732635,0.0100033138691,64.1129001585,0.0102845811951,0.0216926815591,0.0150618128906,171.694347183,0.010402415648,0.0199989184849,211.968452445,52.2174158394,0.0345124248595,0.0100237399755,0.0112087335091,0.0100059580444,0.0150161424291,171.694571805,92.2066268987,0.0150507273292,0.0202974793799
2011-02-06 15:00:00,211.968611109,211.968562132,0.0200013171139,215.038031978,0.0199915675269,0.00701647163109,0.0150045331654,0.0150004117765,0.0245677165276,211.968552678,238.107061002,0.0100156288617,85.4838313776,226.165736773,183.715098596,211.968189587,211.968528466,211.968538646,0.0199995675846,211.968541042,52.2174918725,0.0345110743155,0.0100279690221,211.967931139,77.2711921922,0.0150346259705,211.968538715,92.2066565827,0.0150564407155,0.0208071185188
2011-02-06 16:00:00,234.117649366,211.968568173,0.020002971702,215.038168392,92.2063149541,0.00701468108279,0.0150078722331,0.0150005253541,0.0245695413676,211.968560871,238.107076402,0.0100333783876,85.4838776956,226.16585319,183.715104057,211.968322912,211.968535404,211.968547472,0.0200002601277,211.968549232,92.2062959749,0.0345127765488,211.968556553,211.968371279,77.2711971248,0.0150816493439,211.968542284,92.2065836723,0.0150455368834,0.0208786010078
2011-02-06 17:00:00,234.117658993,211.968588557,0.0200053073077,215.038181935,92.2063213421,0.00701286494842,0.0150141294613,0.0150008631478,0.0245692494101,211.968564674,238.107080358,72.2171907107,85.4838793299,226.165864693,183.715106042,211.968333376,211.968537678,211.968550088,0.0200004848028,211.968554903,211.968422432,0.0344964038158,211.968557363,211.968387191,177.634858546,0.0150922074262,211.968543523,92.2065579086,0.0150514557613,0.0208953211282
2011-02-06 18:00:00,234.117660962,211.968643037,0.0200052185211,215.038186613,92.206324602,0.00701097445674,0.0185111000592,0.0150011475706,0.0245702723354,211.968566101,238.107081311,72.2172036151,85.4838792113,226.165868974,183.715107436,211.968337957,211.96853871,211.96855123,0.020000585645,211.968555757,158.978470017,0.0150900064204,211.96855765,211.968392608,177.634859268,0.0198031753861,211.968543825,92.2064512461,0.0150641966249,0.0209183730268
2011-02-06 19:00:00,234.117661169,211.968708834,0.0200035219285,215.03818779,92.2063238614,0.00700900608893,0.0185131348486,0.0150008437452,0.0245667974926,211.968566412,238.107080388,72.2172059212,85.4838789067,226.16587076,183.7151079,211.968339013,211.968539167,211.968551569,0.0200002807963,211.968540396,158.981313866,0.0150380796882,211.968557745,211.968394915,177.634859521,0.0198275004145,211.968543984,92.2065038796,0.0150504094246,0.0209329712068
2011-02-06 20:00:00,234.117660951,211.968728195,0.0200021728613,215.038187118,92.2063236619,0.00700692505312,0.0185081055689,0.0150007356014,0.0200870195668,211.968566408,238.107078428,72.2172070614,85.4838788119,226.165871928,183.715107829,211.968339722,211.968539191,211.96855187,0.0200001332669,211.968317862,211.968442913,0.0150316932225,211.968557781,211.968394849,177.634859597,0.0196975336229,211.968543108,92.2066694599,0.0150376997837,0.02107094971
2011-02-06 21:00:00,234.117663115,211.968729782,0.020001482784,215.038183969,92.2063237296,0.00700488000008,0.0185062054263,0.0150005170043,0.0200686448938,211.968566287,238.107076319,72.2172073452,85.4838789078,226.165870874,183.715107929,211.968339492,211.968538929,211.968551639,0.0200001973951,92.2064612657,211.968508424,0.0150296421755,211.968557755,211.968394431,177.634859534,0.0190449569655,211.968542586,92.2067312355,0.0150351913571,0.0212098363933
2011-02-06 22:00:00,234.117660429,211.968728854,0.0200007348662,215.03817944,92.2063226124,0.00700273690275,0.0185115274641,0.0150003320299,0.0200558505302,211.96856562,238.107071922,72.2172072532,85.4838784546,226.165867862,183.715107697,211.968338595,211.968538593,211.968551274,0.0200000770496,92.2064267076,211.968517496,0.0150244540077,211.96855767,211.968392343,177.634859383,0.015963968806,211.968541678,92.2069701844,0.0150679932249,0.0258497079091
2011-02-06 23:00:00,234.117658863,211.968728217,0.0200003676415,215.038174199,92.2063199063,0.00700068654055,0.0185136933387,0.0150001987572,0.019998982661,211.968564336,238.107066496,72.2172063256,85.4838792103,226.165863936,183.715107443,211.968338156,211.968537848,211.968550366,0.020000040242,0.0259247541246,211.968479385,0.0150252489068,211.968557561,211.968393856,177.634859226,0.0196852502556,211.968540735,92.2085661452,0.0151260695316,0.0480125438243
2011-02-07 00:00:00,234.117656485,211.968726751,0.0200007064079,215.038169665,92.2063205356,0.00699864924119,0.0185184875706,0.0150001742995,0.0199956605125,211.968563018,238.107062735,72.2172053951,85.4838793501,226.165861784,183.715107837,211.96833907,211.968536833,211.968549044,0.0200000175529,0.015017889941,211.968274284,0.0150249622039,211.968557444,211.968391466,177.634859094,0.0199642656473,211.968539004,211.968355578,0.0151934703533,0.0388088164724
2011-02-07 01:00:00,234.117654292,211.968728494,0.0200000712879,215.038164621,92.2063159287,0.00699672277559,0.0185086596392,0.0150000767936,0.019987957817,211.968562185,238.107055031,72.2172046627,85.4838793681,226.165859686,183.715107394,211.968339434,211.968536121,211.968548139,0.0199999754734,0.0150132813078,158.976495355,0.0150280696371,211.968557384,211.968389637,177.634859026,0.0199560668689,211.968537764,211.968461383,0.015306688304,0.0480755350388
2011-02-07 02:00:00,234.117653592,211.968730539,0.0199999754082,215.038161128,92.2063149255,0.00699482160934,0.0150313123414,0.0150000136942,0.0199836123994,211.968561098,238.107044876,72.2172039513,85.4838790127,226.165857326,183.715107487,211.968339631,211.968535628,211.968546898,0.0200000201569,0.0150042354974,211.968390886,0.0150531232534,211.968557336,211.968387734,177.634858993,0.0198914155787,211.968537244,211.968498437,0.0154136366686,0.0481911088417
2011-02-07 03:00:00,234.117656037,211.968733272,0.0199998657931,215.038156897,92.2063147826,0.00699297391541,0.0150324379179,0.0149999479957,0.0199820967494,211.96856005,238.107036274,72.2172034984,85.4838788769,226.165855908,183.715107692,211.968339535,211.968535637,211.968545331,0.0200000007506,0.0150022311283,211.968415744,0.0182369973288,211.968557313,211.968386049,177.634859029,0.0198568461725,211.968537302,211.968527412,0.0158949851947,0.0494210437459
2011-02-07 04:00:00,234.117662504,211.968736993,0.0200000469585,215.038155089,92.2063150865,0.00699123644533,0.0150643319682,0.0149999222817,0.0199880149315,211.968558591,238.107034932,72.2172031536,85.4838793004,226.165855565,183.715107969,211.968340077,211.968536153,211.968544864,0.0200000839283,0.0150011934888,211.96842958,0.0344694805812,211.968557358,211.968383711,177.634859208,0.019899388381,211.96853819,211.968577826,0.0342968298807,211.968609788
2011-02-07 05:00:00,234.117666566,211.968738897,0.0200012571207,215.0381521,92.2063158569,0.00698988320292,0.0185011717091,0.0149999096134,0.0199957225444,211.968556625,238.107033206,72.2172029627,85.4838798044,226.16585483,183.715107853,211.968340963,211.968536773,211.968544523,0.0200005148582,0.0150006605392,211.96845757,0.034482163106,211.968557477,211.968377598,177.634859397,0.019954814184,211.968539231,211.96865287,0.0349501582689,211.96924706
2011-02-07 06:00:00,234.117665568,211.968738605,0.0200239029805,215.038135524,92.2063169899,0.00698887588894,0.0185169374159,0.0149999566393,0.0199981617858,211.968532885,238.106930767,72.2172030525,85.4838803359,226.165845486,183.71510553,211.968341229,211.96853542,211.968541338,0.0200014281872,0.0150012110226,211.968546997,0.0345007393921,211.968557352,211.968364535,177.634859359,0.0200073565741,211.968537145,211.968671546,0.0350608222745,211.969401254
2011-02-07 07:00:00,234.117632946,211.968737793,0.0200179726686,0.0107811950714,92.2063149675,0.00698691501749,0.0185069924274,0.0150000214529,0.0199968607664,158.976361982,0.0200453801118,72.2172026652,85.4838806382,0.0286673218965,148.809232033,211.968337713,171.69451094,92.2069438481,0.0200015552663,0.0150037416243,211.968549449,0.0185698522404,211.968546034,158.975512,177.634858988,0.0200121851988,171.694519744,211.968689005,0.035064362416,211.969383093
2011-02-07 08:00:00,175.588278485,211.968632788,0.0200059338536,0.0107003636761,0.019996798685,0.00698490165843,0.0150001923759,0.0150000498898,0.0199908381351,0.0100442162518,0.0200038365868,72.2172003847,85.4837472795,0.0286323518509,148.809218945,171.694351966,171.694502967,92.2069148356,0.0199991129572,0.0150067006425,211.968542983,0.0150310540378,171.694527169,158.975474795,143.884237372,0.0150831802907,171.694507162,211.968648967,0.0350417598109,211.969364882
2011-02-07 09:00:00,0.0155142850907,211.968562884,0.0200001351084,0.0100278737551,0.0150091660638,0.00698299411871,0.0149972415296,0.0150000335215,0.0199811496961,0.0100046310869,0.0198781700252,54.1625762371,64.1129297979,0.0100441558211,0.0199949279245,107.019239677,0.0100966667562,0.01000769105,0.0199961791721,0.0150036044914,211.968535315,0.015012400605,0.0149604634904,0.0101288685222,143.884231819,0.0149988278468,171.694490041,211.968616482,0.0349250568838,211.969365894
2011-02-07 10:00:00,0.010007633733,211.968558888,0.0199524212299,0.0100118394096,0.0150003375406,0.00698102291849,0.0149934744932,0.0150000285555,0.0199700194399,0.0100039413002,0.0100209730871,54.1625412458,64.112899294,0.010011231747,0.010203064497,0.0148393566121,0.0100093351835,0.0100039933421,0.019922289239,0.015001742191,211.968509102,0.0150041808972,0.0100013724549,0.0100218431733,143.884199156,0.01496069367,158.976867187,211.968604701,0.0349301548671,211.969383024
2011-02-07 11:00:00,0.0100055564313,211.968556887,0.0150158375207,0.0100095807203,0.0150000217938,0.00697907962639,0.014988821704,0.0150000085777,0.0199871414284,0.0100045759741,0.0100255448202,0.0100078763989,64.1127086261,0.0100103900971,0.0199833497427,0.0100328148496,0.0100144074956,0.010004147279,0.0198649939617,0.0149995185866,211.96844939,0.0150018431092,0.0100007974758,0.0100164456232,0.0100053906718,0.0149424892702,158.976821724,211.968646645,0.0350259529292,211.969428824
2011-02-07 12:00:00,0.0100079423446,211.968556024,0.0150057304353,0.010017318655,0.0150000131342,0.00697716280975,0.0149904069093,0.0149999971798,0.0199974622708,0.0100206999619,0.0199258548421,0.0100039141414,64.1128322077,0.0100190519596,148.808799767,0.0152753480146,171.694309649,0.0100078687519,0.0199001945343,0.0149989979449,211.968454589,0.015001720162,0.0100010694805,0.010034020717,0.0100022580097,0.014950815279,171.694452699,211.968662202,0.0351566009525,211.969460388
2011-02-07 13:00:00,175.588194639,211.968558577,0.0199280288432,0.0101583719869,0.015000143469,0.0069752615269,0.0149950813908,0.0149999892534,0.0200597741059,158.976359285,0.0200016180952,0.0100042001591,64.1129039817,0.0281643546144,148.809230423,171.694348554,171.69450608,92.2069094912,0.019921805048,0.014998544436,211.968437046,0.015001067106,0.0100305395387,158.975197397,0.0100013080424,0.0149746757858,171.694503582,211.968676618,0.0352092133368,211.969451582
2011-02-07 14:00:00,175.588502237,211.968553533,0.0199866100369,0.0107728459596,0.0150017676625,0.0069733653604,0.0149990994531,0.0150000051164,0.0200708056497,158.976383661,0.0200430064637,0.0100105129192,64.1129528282,0.0286573830372,148.809249995,171.694357507,171.69451616,92.2069476576,0.0199952886535,0.0150001462727,92.2063140206,0.0150009865654,171.69452768,158.975496076,77.2711916939,0.015018403617,171.694519359,211.968684964,0.0352673872706,211.969420175
2011-02-07 15:00:00,234.11763356,211.968540305,0.0200022557328,215.037937904,0.0199965933283,0.00697143059832,0.0150045421683,0.0150000716126,0.0245425597741,211.968557067,103.576589155,54.1625681505,85.4838614765,226.165958078,183.715120698,211.968531381,211.968544808,211.968539592,0.019999722977,0.0157551796379,52.2174284285,0.0150011033164,171.694540975,211.967945269,143.884231817,0.0151519457811,211.968531577,211.968679081,0.035435677003,211.969402127
2011-02-07 16:00:00,234.117683261,92.2064323029,0.0200565740834,215.038140881,92.2063157104,0.00696967092883,0.0199762072671,0.0150005185696,0.024541275891,211.968563611,103.576615121,54.1625821088,85.4838796119,226.166041925,183.71512438,211.968535733,211.968548948,211.968548172,0.0200010635137,211.968307714,52.2173827431,0.0150018944897,234.435223911,211.968363071,143.884238721,0.0191115589688,211.968535756,211.968635481,0.0352198411582,211.969320374
2011-02-07 17:00:00,234.117684988,92.206401118,0.0200765108663,215.038154438,171.69454327,0.00696777659049,0.0199928996875,0.0150990675473,0.0200811328035,211.968566944,103.576620314,166.016461588,85.4838807508,226.166051059,183.715125771,211.968536642,211.9685503,211.968550483,0.0200013430073,211.968622634,52.2173769708,0.0150019184894,234.435224463,211.968375907,177.634858071,0.0163608032673,211.968537091,211.968533014,0.0350802087892,211.968935814
2011-02-07 18:00:00,234.117684133,92.2063513002,0.0200272777854,215.038158813,211.968528691,0.00696575447448,0.0199914638242,92.2063249676,0.0245402631523,211.968568391,103.576623599,166.016469448,85.4838804036,226.166054154,183.715126843,211.968537273,211.968550929,211.968551517,0.0200913001756,211.968794963,52.2173757117,0.0150038534195,234.435224608,211.968380634,177.634858522,105.682174624,211.968537456,211.967659884,0.034800933642,211.968806044
2011-02-07 19:00:00,234.117681893,0.0150656576982,0.0200147944636,215.03816001,211.968538648,0.00696368258537,0.0199970272311,92.206323905,0.0200663825506,211.968568513,103.57662158,166.016471202,85.4838799406,226.166054626,183.715127079,211.968537624,211.968551201,211.968551895,0.020001050814,211.968808077,52.2173721474,0.0150032975569,234.435224644,211.968382018,177.634858671,211.957833651,211.968537415,92.216265362,0.0168776890953,0.0483050108976
2011-02-07 20:00:00,234.117679147,0.0150588062044,0.0200158962436,215.038159847,211.96854077,0.00696159872728,0.0201054143652,92.2063240346,0.0200075017109,211.96856838,103.576618405,166.016471774,85.4838796591,226.16605496,183.715126831,211.968537622,211.968551092,211.968551911,0.0200006729691,211.968808828,52.2173680342,0.0150021811765,234.435224604,211.968381273,177.634858665,211.966675271,211.968536551,92.2065771011,0.0152892304654,0.0212912704713
2011-02-07 21:00:00,234.117679459,0.0150253015254,0.0204503966925,215.038158245,211.968544324,0.00695945555583,92.2064081547,92.2063243821,0.019999784128,211.968568469,103.576615628,166.016471808,85.4838794108,226.166053401,183.715126607,211.968537327,211.96855087,211.968551699,0.0200004669119,211.968806882,52.2173672593,0.0150011765107,234.435224489,211.968380817,177.63485856,211.967377399,211.968535868,92.2063740186,0.015077797072,0.0208912592352
2011-02-07 22:00:00,234.11767689,0.0150154187249,71.9374350273,215.038153956,211.968548599,0.00695729311399,211.968517331,92.2063246426,0.0199969691666,211.968567567,103.576609241,166.016471482,85.4838791655,226.166049893,183.715126227,211.968536849,211.96855048,211.968550994,0.0200002342771,211.968801105,52.2173649719,0.0150006275491,234.435224341,211.968379085,177.634858402,211.967217703,211.968534712,0.0218082413923,0.0150011543379,0.0203615153309
2011-02-07 23:00:00,234.117675346,0.0150188039508,71.9374373862,215.038147968,211.968549476,0.0069551150342,211.968547677,92.2063256229,0.0199931149614,211.968566296,103.576601522,166.016470273,85.4838791869,226.166045032,183.715125802,211.968536032,211.968549836,211.968550291,0.020000107466,211.96879913,52.2173621917,0.0150005213042,234.435224162,211.968379513,177.634858235,211.967358764,211.968533671,0.0150756287253,0.014983581544,0.0200966905188
2011-02-08 00:00:00,234.117671567,0.0150131392708,71.9373713474,215.038142772,211.968550919,0.00695304384235,211.968558256,211.968204285,0.0199896717183,211.968565148,103.576607689,166.016469141,85.4838794461,226.166042108,183.715125997,211.968533428,211.968549294,211.968548954,0.0200002843006,211.968749237,52.2173637656,0.015001810939,234.435223977,211.968377512,177.634858102,211.962174901,211.968532351,0.0150195573012,0.0149757764969,0.0200488639302
2011-02-08 01:00:00,234.117669775,0.0150701452483,58.2693560779,215.038139113,211.96855114,0.00695107037934,211.968564273,211.968519283,0.0199793813325,211.968564081,103.576606709,166.016468037,85.4838798632,226.166040544,183.715125817,211.968532693,211.968548486,211.968547574,0.0200002658887,211.968646945,52.2173563481,0.0150007676383,234.435223864,211.968375318,177.634857986,158.978217033,211.968531335,0.0150106993573,0.0149741894192,0.0199967674305
2011-02-08 02:00:00,234.117666696,92.2063796367,58.269363815,215.038136139,211.968551262,0.00694918064631,211.968577203,211.968547747,0.0199746952787,211.968563299,103.576604043,166.016467139,85.4838798695,226.1660383,183.715125312,211.968531875,211.968547836,211.968546055,0.0200004001191,211.968580035,52.2172886772,0.0150007322004,234.435223763,211.968373316,177.634857914,211.96839626,211.968530846,0.0150089546779,0.0149735274962,0.0199766416637
2011-02-08 03:00:00,234.117668914,92.2064000983,71.937422749,215.038131368,211.968551687,0.00694733097841,211.968583164,211.968553956,0.0199647302782,211.968562216,103.576603319,166.016466438,85.4838796346,226.166036337,183.715125032,211.96853279,211.968547533,211.968544989,0.020000488079,211.968562982,0.0150077874963,0.0150000760261,234.435223713,211.968370011,177.634857892,211.968508758,211.968530701,0.0150096571355,0.0149800404111,0.0199726798072
2011-02-08 04:00:00,234.117673425,92.2064163601,71.937540826,215.0381293,211.968552682,0.00694556385985,211.968586612,211.968555976,0.0199900852974,211.96856084,103.576607659,166.016465844,85.4838794389,226.166033448,183.715124875,211.968533415,211.968547588,211.968544268,0.0200007192801,211.968553587,0.0150025154008,0.0150002864136,234.435223719,211.968365397,177.634858039,211.968561905,211.968530628,0.0150125564896,0.0149896321556,0.0200527683168
2011-02-08 05:00:00,234.117676927,211.968531616,71.9375558604,215.038126156,211.968554198,0.00694408516239,211.968591557,211.968556282,0.0200095889055,211.968558036,103.576609704,166.016465283,85.4838798008,226.166033521,183.715124203,211.968534433,211.968547607,211.968543904,0.0200011218897,211.968541042,0.0150031989792,0.0150010414569,234.435223793,211.968355226,177.634858234,211.968620257,211.96853052,0.0150210239628,0.0149953000633,0.0209156604977
2011-02-08 06:00:00,234.117676424,211.968554195,71.9375646251,215.038109241,211.968555445,0.00694285425366,211.96861039,211.968557771,0.0200493936029,211.968509117,103.576597559,166.016465796,85.4838805431,226.166021326,183.715119758,211.968533293,211.968545279,211.968540384,0.0200021353838,211.968512831,0.0150109313617,0.0150022031829,234.435223539,211.968335352,177.634858182,211.968677271,211.968526615,0.0150332892038,0.015001239893,0.0243092375868
2011-02-08 07:00:00,234.117616886,211.968554297,71.9375747431,0.0104592965384,211.968555097,0.00694112725012,211.968623864,211.968560141,0.0198827105039,107.928976653,83.8968974423,166.016465513,85.4838806482,0.0176881460509,64.7322328731,171.694519901,171.694505779,0.0102842417892,0.0200020348557,211.968427393,52.217311086,0.0150025772563,211.968645372,0.0108137796085,177.634857739,211.968699721,171.694491699,0.0150750853165,0.015002262407,0.0251889017957
2011-02-08 08:00:00,175.58827509,211.968548802,71.9375446202,0.0103529216782,211.968542201,0.00693918761283,211.968427193,211.968560331,0.0198753326753,0.0100727389928,0.0200528167997,166.016463675,85.4837975914,0.0176500892651,64.7322033217,171.694506673,171.694495305,0.0102406655099,0.019998848679,92.2064512152,52.2173296559,0.0150022738392,189.892526196,0.0107769707822,143.884237787,211.967783991,171.694468242,0.0160137739984,0.0150026750503,0.0209491839634
2011-02-08 09:00:00,0.0149804311281,211.968548241,58.2694198123,0.0100214997542,211.968538561,0.00693726293195,171.694551556,211.968557897,0.0198710086845,0.0100038822166,0.0199354579941,134.473322314,64.1129318899,0.0100379903605,0.0100054864881,107.019116973,0.0100140414744,0.0100068623,0.0199912789298,0.0150065315121,52.2172975319,0.0150023169445,0.0155136546888,0.0100606451345,143.884228994,158.976641299,0.0149486325816,92.2062851218,0.0149987578712,0.0209258529274
2011-02-08 10:00:00,0.0100153278707,211.968540207,0.0200527046096,0.0100101127347,171.694532099,0.0069352455735,158.976599654,211.968554607,0.0198040581967,0.0100034011237,0.0100199174413,124.512968456,64.1128992336,0.0100105292774,0.010003245556,0.0150619554333,0.0100066030979,0.0100034735476,0.0199278846467,0.014999254665,52.2172342708,0.0150022502871,0.0100016073991,0.0100157167048,143.884225436,158.976573117,0.0100199154334,92.2063957118,0.0149975408382,0.0208432330194
2011-02-08 11:00:00,0.0100116602793,211.968526187,0.0200110441887,0.0100087107227,171.69452542,0.00693309062361,92.2063875235,211.968481091,0.0198757093556,0.0100037377627,0.0100189751135,0.0100163975948,64.1123435355,0.0100097051973,0.0100039384357,171.694505275,0.0100064023851,0.010003384062,0.0199250036491,0.0149974714416,52.2170036767,0.0150020736039,0.0100006943205,0.0100149472511,0.0100079670109,158.976563521,0.0100238861389,92.2063988902,0.0149995125795,0.0202679526483
2011-02-08 12:00:00,0.0149155345069,211.968321583,58.2694262914,0.0100144166428,171.694524148,0.00693116238216,92.2063893422,92.2063253284,0.0198783281199,0.0100120626266,0.019938309364,0.010006463437,64.1127364697,0.0100180596982,0.0100253360095,171.694512686,0.0100182643115,0.0100063585135,0.0199304439893,0.0149967910512,52.2173324328,0.0150020127548,0.0100015717643,0.0100278647735,0.0100018524999,158.976594028,158.976529554,92.2063077203,0.0149993041148,0.0201594641388
2011-02-08 13:00:00,175.588236397,211.968352225,58.2694965037,0.0100936609449,171.694523807,0.00692922449508,158.976671218,92.2063247402,0.0198680668746,107.928969466,83.8968731482,0.0100224519305,64.1129043016,0.0173844199978,64.7322207254,171.694512936,171.6944951,0.0102455800805,0.0199784403816,0.0149969391603,52.217340442,0.0150019492004,0.0109288465272,0.0103650399735,0.0100032313426,158.976658195,171.694483496,0.0185510422296,0.0149997863814,0.0200219758658
2011-02-08 14:00:00,189.635156763,211.968313743,71.9375592558,0.010453730938,171.69452531,0.00692735907118,171.694557315,92.2063332471,0.0198800604244,107.928992164,83.8970827397,134.473112333,64.1129534553,0.0176773395446,64.7322345443,171.694521844,171.694507279,0.0102883612443,0.0199994325354,0.0149983985269,52.2173465595,0.0150018088092,189.892526505,0.010800617606,133.226209225,158.976925267,171.694504016,0.0150520437366,0.0150006025308,0.0200148732507
2011-02-08 15:00:00,234.117648135,211.966026141,165.373693641,215.037829538,211.968528566,0.00692550702918,211.968548339,211.968540184,0.0199974729308,211.968542308,238.107042818,134.473320444,85.4838613915,226.165746738,79.9163698871,246.020933462,211.96853678,211.968538754,0.0200020951863,0.0150011751807,52.2173464977,0.0150021787991,189.892544417,211.966764836,143.884228699,211.968525749,211.968507497,0.0150224139579,0.0150045192472,0.0200208498729
2011-02-08 16:00:00,234.117683492,92.2069082029,165.373770601,215.038123795,211.968543438,0.00692385718898,211.968670477,211.96855517,0.0199992211684,211.968548431,238.107064156,134.473332087,85.4838791837,226.165820733,79.9163739952,246.020951737,211.968540863,211.968547915,0.0459682854206,0.015005959429,52.2173464013,0.0150037446936,234.435224335,211.968488753,143.884243624,211.970430426,211.968513336,0.0150189630939,0.0150016205152,0.0200274306751
2011-02-08 17:00:00,234.117686559,92.2069844701,165.373808461,215.038138058,211.968547779,0.00692210649942,211.968674943,211.968554653,0.0199993869707,211.968551552,238.107069413,166.016497007,85.4838804762,226.165828934,79.9163754864,246.020955065,211.968542059,211.968550385,0.0459796160897,0.0150155485242,52.2173479882,0.0150040576561,234.435224772,211.968505753,177.634851818,211.970502075,211.968515506,0.0150158824191,0.0149997894417,0.0200195836801
2011-02-08 18:00:00,234.117687508,92.2068846135,165.373818814,215.038143183,211.968543066,0.00692004112574,211.968674971,211.9685547,0.0199999464951,211.968552481,238.107071991,166.016502856,85.4838801932,226.16583128,79.9163760151,246.020957097,211.96854391,211.968551276,0.0459813125932,0.0150233025311,52.2173501257,0.0150038893569,234.435224874,211.968512366,177.63485212,211.970546379,211.968517063,0.015013799177,0.0149975654671,0.0200114246363
2011-02-08 19:00:00,234.117685643,92.2064246642,165.373784299,215.038144422,211.968541988,0.00691801581366,211.968674004,211.968497182,0.0199996549082,211.968552532,238.107070565,166.016504239,85.4838798576,226.16583134,79.9163761902,246.020957784,211.968544528,211.968551762,0.0459811389426,0.015013624011,52.217348315,0.0150033920442,234.435224886,211.96851442,177.634852218,211.970548989,211.968517473,0.0150116214964,0.0149927995802,0.020004719004
2011-02-08 20:00:00,234.117682494,92.2068124292,165.373776218,215.038144113,211.968541649,0.00691598292643,211.968672321,92.2063257021,0.0199987224158,211.968552458,238.107068196,166.016504657,85.4838794771,226.165831618,79.9163758903,246.020957927,211.968544953,211.968551808,0.0459813275734,0.0150117295338,52.2173469996,0.0150025958757,234.435224841,211.968513962,177.634852156,211.970531794,211.968516935,0.0150089857255,0.0149884126182,0.0199961803257
2011-02-08 21:00:00,234.117683352,92.2064533062,165.373769797,215.038142703,211.968542046,0.00691390166371,211.968672443,92.2063233257,0.0199974473655,211.968552387,238.107066206,166.016504634,85.4838793543,226.165829539,79.9163755456,246.020957748,211.968544921,211.96855161,0.0459816068227,0.0150113576794,52.2173463269,0.0150020671579,234.435224718,211.968513112,177.634852015,211.970557588,211.968516473,0.0150068581903,0.0149823667608,0.019984975675
2011-02-08 22:00:00,234.117680441,92.2064133975,165.373757103,215.038137763,211.968542,0.00691167041234,211.968671447,92.2063203478,0.0199958522019,211.968551251,238.107062221,166.016504115,85.4838788307,226.165825435,79.916373732,246.020957617,211.968544702,211.968551025,0.0459814139604,0.0150122559701,52.2173428609,0.0150016670739,234.43522456,211.96851247,177.63485182,211.970530463,211.968515537,0.015006183986,0.0149771525503,0.0199793790692
2011-02-08 23:00:00,234.117679505,92.2064072631,165.373708224,215.038132748,211.968541617,0.00690947426548,211.968669002,0.0150059489445,0.0199928948714,211.968549606,238.107059113,166.016502774,85.4838790825,226.165819154,79.916369616,246.020957599,211.96854421,211.968550298,0.0459813465213,0.0150212368187,52.2173392472,0.015001640286,234.435224367,211.968515012,177.634851635,211.970530369,211.968514558,0.0150081318846,0.0149744931778,0.0199748304598
2011-02-09 00:00:00,234.117677638,92.2063927795,165.373701866,215.038128448,211.968541798,0.00690743665759,211.968666941,0.0150220323898,0.019985255772,211.968548505,238.107057645,166.016500995,85.4838791497,226.165814929,79.9163723574,246.020957217,211.968542415,211.968548821,0.0459809756661,0.0150611048154,52.2173326644,0.0150020840232,234.435224132,211.968514042,177.634851362,211.970534,211.968512729,0.0150270067771,0.0149732100396,0.0199681254361
2011-02-09 01:00:00,234.117676936,92.2063546688,165.373699837,215.038124826,211.968541367,0.00690550164408,211.968663968,0.0150014405116,0.0199839039882,211.968547396,238.107055285,166.016499344,85.4838794482,226.16581212,79.9163729497,246.020957293,211.968542389,211.968547362,0.0459811623067,0.0150932744548,52.2173244019,0.0150051596315,234.43522397,211.968513077,177.634851358,211.970533028,211.968511997,0.0150274243487,0.0149741920799,0.0199769509005
2011-02-09 02:00:00,234.117675953,0.0150967908077,165.373699071,215.038119528,211.968540789,0.00690360713505,211.968661661,0.0150008282175,0.0199892670425,211.968546742,238.107052852,166.016498379,85.4838793932,226.165809052,79.9163733736,246.020957096,211.96854234,211.968546198,0.0459816529691,0.0166517036589,52.2173256158,0.0150128638306,234.435223839,211.96851148,177.634851342,211.970531265,211.968511015,0.0150202478416,0.0149753312919,0.0199780758553
2011-02-09 03:00:00,234.117677571,0.0150114983476,165.373698282,215.038117297,211.968540532,0.00690177107589,211.968660531,0.0150006589514,0.0199910388076,211.968545515,238.107051946,166.016497795,85.4838793449,226.165805631,79.9163723722,246.020956952,211.968542401,211.968545189,0.0459826463819,92.2064099338,52.2173310997,0.0150220406904,234.435223752,211.968511239,177.634851339,211.97054168,211.968510347,0.0150205024188,0.0149831905879,0.0199808429845
2011-02-09 04:00:00,234.117682378,0.0150071102857,165.373697975,215.038114175,211.96854108,0.00690005101698,211.968660284,0.0150004994653,0.0199948295425,211.968543981,238.107053933,166.016498006,85.4838793866,226.165803132,79.9163728736,246.020957224,211.968542536,211.968544681,0.0459843102787,92.206436191,52.2173336026,0.0151132518337,234.435223716,211.96851182,177.634851482,211.970561273,211.968509786,0.0150355472642,0.0149948163103,0.0200069145927
2011-02-09 05:00:00,234.117686403,0.015004633505,165.373698835,215.038110651,211.968541932,0.00689874418951,211.968662889,0.0150004609134,0.0199985378802,211.968540938,238.107053693,166.016498461,85.4838793644,226.165802176,79.9163734633,246.020957738,211.968542732,211.968544334,0.0459877161671,92.206457887,52.2173395065,0.03450516484,234.435223801,211.968511292,177.634851666,211.970572465,211.968508393,0.0151092048126,0.0150025330407,0.0200445932068
2011-02-09 06:00:00,234.117686831,0.0150048892158,165.373701602,215.038093509,211.968542505,0.00689765676404,211.968662622,0.0150028126424,0.0200025581228,211.96840367,238.107024983,166.016500143,85.4838801175,226.165791368,79.916370583,246.020957232,211.968540807,211.968540923,0.0459996192708,211.968510088,92.2062601668,0.0345171170195,234.435223507,211.968506816,177.634851565,211.970591343,211.968500429,0.0183729635752,0.015007668503,0.0200901364288
2011-02-09 07:00:00,234.117650046,0.0150034430093,165.373698249,0.0108245904957,211.96854206,0.00689595423016,211.968656361,0.0150196511827,0.0200001919347,101.652407076,103.576617986,166.016501389,85.4838801185,0.0152952341479,64.7322549474,246.020922034,171.694511161,0.0107136585751,0.0459991076958,211.968552364,211.968480548,0.034529336868,211.969088402,171.694475995,177.63485109,211.97059272,0.0349001425155,0.0153360058339,0.014991454185,0.0199388665866
2011-02-09 08:00:00,189.63530301,0.0150005031226,71.9375574991,0.0107029900934,171.694515058,0.00689401371853,99.583116582,0.0150151819996,0.019995736259,0.0100252877718,103.576571217,166.016501639,85.4837488312,0.0152385495598,64.7321566559,199.276970949,171.694501642,0.0106704550031,0.0371107593086,211.968558091,211.968529789,0.0345379520543,189.892522493,171.694444542,143.884231559,211.968415869,0.0346231466172,0.0150188533671,0.014987987465,0.0194620410668
2011-02-09 09:00:00,175.588271997,0.0150001951974,71.9375240276,0.0100217316235,158.976421027,0.00689196700388,99.5830660573,0.0150029504359,0.0199851286457,0.0100041798325,0.0195651485253,134.473370214,64.1129277521,0.0100275091523,0.0100061660418,107.019244946,0.0100440775223,0.0100062667938,0.0200043027519,211.968538349,211.968543402,0.0345680154007,0.0150027577259,158.976484462,143.884222091,158.97797784,0.0100083661617,0.0150046015313,0.0149856880226,0.01942398991
2011-02-09 10:00:00,0.0100191178235,0.0150000677129,0.0200169366721,0.0100103739621,92.2063169433,0.00688991776266,92.2063797983,0.0150017785573,0.0199670544743,0.0100031678945,0.0100142205915,134.473365223,64.112891978,0.0100110946245,0.0100037234614,0.0100167644539,0.0100085740968,0.0100036769368,0.0200015501035,211.968527737,211.968549669,211.961695717,0.0100016068506,0.0100380118686,143.884220191,158.977917914,0.0100071874866,0.0150015734869,0.0149871383473,0.0195105775786
2011-02-09 11:00:00,0.0100072402151,0.0150002408525,0.0200042295522,0.0100087687264,92.2063156337,0.00688792756979,92.2063671809,0.0150014398994,0.0199859861418,0.010003900983,0.0100148571265,134.473352303,0.0102841892712,0.0100103432438,0.0100051745598,0.0100137379613,0.0100088249925,0.010003796038,0.0200003102166,211.968528746,211.968551896,211.96741611,0.0100008931695,0.0100357201458,0.0149820687879,158.977883942,0.0100073529567,0.0150020606904,0.0149896910374,0.0197661482669
2011-02-09 12:00:00,0.0100370715181,0.0150007816686,71.9374917054,0.0100173471552,92.2063158753,0.00688591709664,92.2063707584,0.0199822521589,0.0200194772509,0.0100112582991,0.0199553887155,134.473287332,0.0102645653291,0.0100203170375,0.0197061993741,0.0152280045623,0.0100422600587,0.0100071655392,0.0200008805437,211.968533941,211.968555447,211.96761598,0.0100011153914,0.0100654338431,0.01000193418,158.977892597,0.0100123397167,0.0150032378623,0.0149908557049,0.0199728083363
2011-02-09 13:00:00,175.588286149,0.0150034014749,71.9375192619,0.0102932328288,92.2063171787,0.00688404326542,92.2063746237,0.015003374118,0.0200683256194,101.652403254,103.576533116,134.473361485,64.1128908534,0.0151070853193,64.7322530679,199.27696703,171.694501544,0.0106755813251,0.0200022174665,211.968564951,211.968555967,211.967918561,0.0149786484779,171.694379102,0.0100027518537,158.97789931,0.034869004987,0.0150122955118,0.014993717315,0.0199982719279
2011-02-09 14:00:00,189.635314193,92.2061756237,71.9375492854,0.0108180048956,158.976500551,0.00688215513791,99.5830972692,0.0150720236297,0.0461230275019,101.652431222,103.576611376,134.473366485,64.1129395866,0.0152849721731,64.732278219,199.276976351,171.694513488,0.0107170682339,0.0200187964877,211.968737094,211.968556402,211.968448792,189.892522523,171.694462414,133.226171338,158.977985125,0.0349067980778,0.0150238966607,0.0149970942372,0.0200074512194
2011-02-09 15:00:00,234.117667479,92.2064044403,71.9375604187,215.037886333,171.694521856,0.00688043765529,122.942094172,92.2063214487,0.046201751009,211.968553723,211.968478201,134.473368804,85.4838569121,226.165771694,183.714879509,246.020961134,211.968545254,211.968537597,0.0458059394651,211.968810191,211.968557497,211.968421078,189.892528763,211.968549295,143.884221505,211.968493613,211.96848237,0.0150430601115,0.0150055471947,0.0200275889801
2011-02-09 16:00:00,234.117692246,92.2064137468,88.8117542921,215.038120473,211.968541475,0.00687858784801,122.942176656,92.2063239384,0.046225690846,211.968560909,211.968497061,134.47337937,85.4838787084,226.165860997,183.714882427,246.020968199,211.968549828,211.968547027,0.0459770201544,211.968820676,211.968558575,211.968534832,234.435219309,211.96886628,143.884227407,211.970517036,211.968495718,0.0150769755184,0.0150052010471,0.0200649789681
2011-02-09 17:00:00,234.117693679,92.2064371589,88.8117523326,215.0381351,211.968543096,0.00687665230187,122.942148319,92.2063239197,0.0462301395525,211.968564193,211.968508961,166.016504307,85.4838801789,226.165869664,183.714882774,246.020969466,211.968551297,211.96854965,0.0459775622433,211.968834369,211.96856175,211.967946776,234.435219758,211.968879263,177.634842697,211.970535486,211.968499304,0.0150926988206,0.0150073001865,0.020062791096
2011-02-09 18:00:00,234.117692222,211.967242401,88.8117533524,215.038139664,211.968542671,0.00687479754214,122.942117377,92.2064265775,0.0462323978662,211.968565394,211.968510063,166.016507654,85.483879914,226.165872337,183.714883894,246.02097006,211.968551888,211.968550692,0.0459723338145,211.968823611,211.968561039,0.0416430428876,234.435219857,211.968883818,177.63484299,211.970528312,211.968500982,0.0150746114655,0.0150027229294,0.0200551309705
2011-02-09 19:00:00,234.117689755,211.968504105,88.8116935203,215.038140891,211.968542169,0.0068727323461,122.94210696,92.206324217,0.0462337402486,211.968565357,211.96849413,166.016508341,85.4838794866,226.165872565,183.714883164,246.020970344,211.968552222,211.968551049,0.0458376064229,211.968816926,211.968559385,0.0345214406729,234.435219878,211.968885228,177.634843044,211.970513063,211.968501743,0.015059127739,0.0149975365574,0.0200279186602
2011-02-09 20:00:00,234.117687022,211.968544547,71.937566453,215.038140457,211.96854178,0.00687062043825,122.942098783,92.206323283,0.0462330324832,211.968565514,211.968487453,166.016508396,85.4838792219,226.16587258,183.714882376,246.02097015,211.968552334,211.968551136,0.0458242501654,211.968810803,211.968557567,0.0345068710712,234.43521983,211.968883687,177.634842976,211.97050091,211.968501607,0.0150514540674,0.0149929377803,0.0200107214095
2011-02-09 21:00:00,234.117686208,211.968547036,71.937561034,215.038139119,211.968541946,0.0068685198025,122.942098347,92.2063226063,0.0462317599425,211.968565429,211.968483544,166.016508256,85.483879266,226.165871003,183.714881715,246.020969706,211.968552229,211.968551059,0.0458194823739,211.968810002,211.968555446,0.0153387924758,234.435219715,211.96888195,177.634842844,211.970498516,211.968501327,0.0150653840414,0.014990759409,0.020012144461
2011-02-09 22:00:00,234.117682488,211.968548908,71.9375593447,215.038134549,211.968541702,0.00686622335957,122.942096722,92.206317495,0.0462303972498,211.96856451,211.968475155,166.016507737,85.4838788692,226.165867205,183.714881059,246.020969268,211.968551861,211.968550617,0.0457875465595,211.968803474,211.968551251,0.0150265511879,234.435219556,211.968878966,177.63484265,211.970469171,211.96850065,0.0151737292831,0.0149935421465,0.0200941019081
2011-02-09 23:00:00,234.117679346,211.968551376,71.9375579309,215.038129604,211.96854102,0.00686411952506,122.942095042,69.1548615693,0.0462287748532,211.968563287,211.968456504,166.016506331,85.4838786897,226.165862591,183.714880615,246.020968906,211.968551088,211.968549652,0.0200725095098,211.968805368,211.968539563,0.0150148348001,234.435219335,211.968880936,177.63484242,211.970401273,211.968499931,0.0160216868082,0.0150027764902,0.0207999040824
2011-02-10 00:00:00,234.117677494,211.96855489,71.9375551975,215.038125147,211.968541558,0.00686210702243,122.942077743,92.2063169909,0.0462261402411,211.968562004,211.968416354,166.016504771,85.4838790492,226.165861642,183.714881383,246.020968855,211.968550365,211.968548337,0.0200406311527,211.96880498,211.96847865,0.015014558749,234.435219079,211.968878913,177.634842221,211.970351768,211.968499107,92.2062284795,0.0150122235117,0.0208539106198
2011-02-10 01:00:00,234.117675847,211.968559959,71.9375544075,215.03812032,211.968540444,0.00686015222504,122.941126895,69.1548807091,0.0462206631013,211.9685608,211.968038978,166.016503255,85.4838793894,226.165858006,183.714879656,246.02096853,211.968549769,211.968546831,0.0200218487788,211.968789795,211.96776274,0.0150067169031,234.435218964,211.96887797,177.634842049,211.970226579,211.968498148,92.2063864091,0.0150282836718,0.020968740927
2011-02-10 02:00:00,234.117674882,211.968572215,71.9375531632,215.038117138,211.968537749,0.00685824955882,122.942051276,69.154865943,0.0461892853824,211.968559746,171.694231772,166.016502014,85.4838794614,226.165855203,183.71487758,246.020968023,211.968549186,211.968545488,0.0200135478302,211.968767245,52.2179163256,0.0150036824722,234.435218844,211.968876659,177.634841876,211.9701272,211.968497166,92.2064726645,0.0151163758375,0.0266562674013
2011-02-10 03:00:00,234.11767657,211.968771708,71.9375480783,215.038113939,211.968529086,0.0068564242461,122.942033685,92.2063153088,0.0461477964217,211.96855875,171.694197673,166.016501064,85.4838791046,226.165853172,183.714876836,246.020967471,211.968549007,211.968543874,0.0200087131882,211.968750526,52.2173246385,0.0150029486973,234.435218728,211.96887522,177.634841811,211.970251933,211.968496434,211.966643428,0.0153383231421,0.0269510804635
2011-02-10 04:00:00,234.117681375,435.553389128,71.9375405147,215.03811077,211.968507855,0.00685467851167,122.942047867,92.2063224156,0.0461396290583,211.968557135,211.967772487,166.016500135,85.4838786699,226.16585214,183.714876468,246.020967047,211.968549174,211.968543286,0.0200066300894,211.968733841,52.2173138431,0.0150028484256,234.435218696,211.968875444,177.634841949,211.97024024,211.968495426,211.968345621,0.0183593211546,0.0479809771057
2011-02-10 05:00:00,234.117685919,435.553411389,71.9375469798,215.03810844,211.968503765,0.00685326749604,122.942072613,92.2063239212,0.0461401773647,211.968553237,211.967963548,166.016499372,85.4838793328,226.16585074,183.714874969,246.020966696,211.968549376,211.968542895,0.0200082068105,211.968742319,52.2173101029,0.0150037306666,234.435218791,211.968875001,177.634842169,211.970230927,211.968494039,211.96852385,0.019612055131,0.0481188873112
2011-02-10 06:00:00,234.117684725,435.553417395,71.937560019,215.038092003,211.968522942,0.00685216329354,122.942072805,211.968535993,0.0461318884157,211.967872353,0.0221271343698,166.016499642,85.4838801802,226.165841258,183.714859408,246.020963538,211.968547536,211.968539189,0.0246721991419,211.968794187,52.2173086591,0.015009581207,234.435218489,211.968870067,177.634842054,211.970221277,211.968486289,211.968577202,0.0347852266852,0.0481316905153
2011-02-10 07:00:00,234.117621578,435.553421447,71.9375595575,0.0106505356264,171.694533165,0.00685040024904,122.941963028,211.968555735,0.0200017942042,0.0376203477735,0.0200029885299,166.016498514,85.4838803379,0.0117396912837,0.0200254085242,211.968581146,171.694518497,0.010289780359,0.0200275525303,211.968812875,52.2173064887,0.0150060340395,189.892528387,171.694780575,177.634841425,211.970105274,0.01910786548,211.968487681,0.0156673753664,0.0211369191912
2011-02-10 08:00:00,189.635245605,211.968558764,71.9375465239,0.0105596792846,69.1547583975,0.00684841334894,0.0198979331081,211.968558342,0.0162778669233,0.0100294716488,0.019990417781,166.016491966,85.483769626,0.0116983026177,0.0199641903866,86.6854409699,171.694510128,0.01022709121,0.01999979549,211.968813588,52.2173004592,0.0150039363449,189.892519134,171.694745573,143.884196379,0.0166053266189,0.018976803164,171.694552856,0.015246451303,0.020388649271
2011-02-10 09:00:00,175.588212816,211.968555232,71.9375335738,0.0100214306999,69.1547042755,0.00684639433618,0.0197313615421,211.968559563,0.0162600807831,0.0100041680289,0.0199109192595,0.0152180752558,64.112930352,0.0100270564193,0.0100050922896,86.6853806113,0.0101166916253,0.0100060566031,0.0199986497869,211.968781793,52.2172969067,0.0150037943866,0.0150017936562,158.970697368,143.884192226,0.0152624643386,0.0100075822628,92.2198459167,0.0151102550761,0.0200520809854
2011-02-10 10:00:00,0.0100082896332,211.968554216,71.9375269726,0.0100100529825,0.015013016791,0.00684442531582,0.0150034329758,211.968560035,0.0160949856252,0.0100035247684,0.0100243111126,0.0151887955325,64.1128957439,0.0100100000871,0.0100032306733,0.0100570176901,0.0100072104793,0.0100036367247,0.019996800276,211.96862524,52.217294525,0.015003462239,0.0100015831656,0.0100360860011,133.226117553,0.0151426010945,0.0100060338543,92.2086520802,0.0151003732976,0.0199646587973
2011-02-10 11:00:00,0.0100063295047,211.968555529,71.9375187856,0.0100081802,0.0150011521442,0.00684246836283,0.0150022648321,211.968560553,0.0161951752498,0.0100039190168,0.0100317504121,0.0100077393798,0.0101687764684,0.010009144064,0.0100040539263,0.0100496635008,0.0100070738377,0.0100037108398,0.0199965326893,211.968548211,52.2172931078,0.0150033362004,0.0100008744009,0.0100358418437,0.0100028150663,0.0150738443217,0.0100061888532,171.694554582,0.0152042558501,0.0199915892006
2011-02-10 12:00:00,0.0100117266762,211.968559931,71.9375304336,0.0100149699043,0.0150022050362,0.00684055972432,0.0198543504233,211.968561525,0.0162631444355,0.0100102981816,0.0199567926115,0.0100034895308,64.1124355782,0.0100154467813,0.0100284634579,0.0150313362943,0.0100104068514,0.0100067256701,0.0199986082735,211.968548559,52.2172931868,0.0150043390666,0.0100010513016,0.0100514742704,0.0100010141441,0.0150948360837,0.0100109683716,211.968380622,0.0153574024845,0.0200444672827
2011-02-10 13:00:00,175.588275307,211.968652056,71.9375375286,0.0101265141942,0.0199898361258,0.00683867126077,0.0198884012602,211.968561224,0.0199725300826,0.0376144583009,0.0199954707845,0.0100042799581,64.1128954691,0.0110813345247,0.0200219044701,86.6854358476,171.694502018,0.0102604282693,0.0199996205823,171.69480233,52.2172913332,0.0150042266745,0.014904347152,171.69466485,0.0100015018928,0.0151092544253,0.0190744295466,211.968568042,0.0164648615193,0.0202209471063
2011-02-10 14:00:00,189.635279816,435.553427585,71.9375624071,0.0106414450212,69.1547048718,0.00683670669151,0.0198950509249,211.968561212,0.0200009225292,0.0376402157188,0.0200121862837,0.0100100421614,64.1129490491,0.0117303125682,0.0200394330405,86.6854426532,171.69451694,0.0102945859826,0.0200013046706,211.965714601,52.2172922234,0.0150049465046,189.892519394,171.694762538,0.0149991669524,0.0151836859168,0.0191143907777,211.968816383,0.034934953564,0.0261961192699
2011-02-10 15:00:00,234.117660545,435.553429842,165.373688668,215.037536493,69.1547561817,0.00683478475943,0.0199807650001,211.968561439,0.020066256383,211.968561527,103.576461562,0.015206232714,85.4838597312,226.165849781,183.71509871,107.019062458,211.968546878,211.968537782,0.0200098513142,211.968549468,52.2172942449,0.0150075249661,189.892527675,211.968489751,143.884191746,0.0201191875686,211.968526695,211.968817339,0.0351067209715,0.0266052777264
2011-02-10 16:00:00,234.117690253,435.553428381,165.373699585,215.038109674,92.2063130203,0.00683299213873,0.0199841672225,211.968562275,0.0200659107039,211.968569241,103.576504521,0.0152220318719,85.4838787728,226.166074136,183.715104196,107.019063638,211.968551469,211.968547171,0.0459605310776,211.968747747,52.2172966003,0.0150113927489,234.435223437,223.744688604,143.884195666,0.0201062395051,211.968543038,211.968796551,0.0350125723141,0.0266027279596
2011-02-10 17:00:00,234.117691443,435.553429782,165.373702035,215.038125762,92.2063161343,0.00683120861002,0.0199838703963,211.968562691,0.0200616157884,211.968572731,103.576510763,166.01635609,85.4838801751,226.166085125,183.715105808,107.019063698,211.968552885,211.968549559,0.0459771479498,211.968794679,52.2173062037,0.0150125311135,234.435224,223.744714066,177.634819548,0.0181338496171,211.968547212,211.968767656,0.0346206549522,0.0264833801665
2011-02-10 18:00:00,234.117690235,435.553427113,165.373729437,215.038131192,92.2063165293,0.00682906721852,0.0199207875305,211.968562754,0.0200602124796,211.968574002,103.576513537,166.016365976,85.483880007,226.166088582,183.715107365,107.019063563,211.968553417,211.968550494,0.04598016425,211.968719335,92.2062597209,0.0150119787154,234.435224168,223.744724379,177.634820077,0.0151913016803,211.968549113,211.968699252,0.0189696794251,0.021086728731
2011-02-10 19:00:00,234.117687444,211.96858727,165.373726618,215.038132445,92.2063161972,0.00682698780051,0.0199031401203,211.968562197,0.0200142747733,211.968574113,103.576511697,166.016367712,85.4838796069,226.166089556,183.715107813,107.019063304,211.968553738,211.968550938,0.0459798502986,211.968619855,92.206247748,0.0150079649586,234.435224207,223.744725599,177.634820181,0.0151526197443,211.968549759,211.968616445,0.0156178557422,0.0209025826995
2011-02-10 20:00:00,234.117684052,211.968572394,165.373710064,215.038132227,92.2063156943,0.00682489648885,0.0199012791523,211.968561657,0.0200024143646,211.968574221,103.576509152,166.016368266,85.4838793284,226.166090466,183.715108001,107.019062754,211.9685537,211.96855097,0.0459803531152,211.968570667,52.2175352299,0.0150079239061,234.435224155,223.744722506,177.634820163,0.0151664265441,211.968548897,211.968524805,0.0152624068874,0.0203360166486
2011-02-10 21:00:00,234.117684713,211.968560995,165.373704064,215.038131206,92.2063155839,0.00682276745557,0.0199046657602,211.968560545,0.0199999700265,211.968573994,103.576506315,166.016368358,85.4838790577,226.166089289,183.715108102,107.019061553,211.968553376,211.968550487,0.0459804326584,211.968553507,52.2173173454,0.0150059232754,234.435224026,223.744710295,177.634820062,0.0152382972426,211.968548179,211.968448126,0.0150833402349,0.0200550516396
2011-02-10 22:00:00,234.117680045,211.968556586,165.373701644,215.03812666,92.2063152273,0.00682062688752,0.0199092399723,211.968558358,0.0199982592746,211.9685732,103.576500839,166.016368014,85.4838784966,226.166086188,183.715108389,107.019059924,211.968552867,211.968549749,0.0459792081425,211.968534212,52.2172958914,0.0150034026232,234.435223849,223.74470436,177.634819913,0.0152442183547,211.968547174,211.96821295,0.015014237452,0.0200066253972
2011-02-10 23:00:00,234.117677057,211.968555027,165.37369985,215.038122379,92.2063142794,0.00681846719304,0.0199127827671,211.968555997,0.019996807395,211.968572002,103.576495761,166.016367102,85.4838784931,226.166081866,183.715108568,107.019057487,211.968551871,211.968548998,0.0459768228152,211.968452521,52.2172882872,0.0150019368479,234.435223648,223.744711,177.634819729,0.0151917754197,211.968546053,211.966534408,0.0149938799216,0.0199856518914
2011-02-11 00:00:00,234.117673571,211.968551688,165.373699782,215.038116521,92.2063128756,0.00681647566763,0.0199915891081,211.968559066,0.0199987204312,211.968570792,103.576497445,166.016366175,85.4838785713,226.166077918,183.715109178,107.01905575,211.968551503,211.968547707,0.0459795594032,92.2064868312,52.2172859796,0.0150018777994,234.435223466,223.744711223,177.634819546,0.0151575319608,211.968545862,92.206525972,0.014982006402,0.0199697769398
2011-02-11 01:00:00,234.117671691,211.968551556,165.373699922,215.038113489,92.206312551,0.00681454702949,0.0199950300462,211.968557753,0.0199990601369,211.968569597,103.57649544,166.016365132,85.4838785296,226.166074373,183.71510904,107.019047113,211.968550505,211.968546423,0.0459801818405,92.2064454141,52.2172823565,0.0150029609472,234.435223334,223.744705796,177.634819393,0.0151341941899,211.968544093,92.2064376165,0.0149798348803,0.0199633882185
2011-02-11 02:00:00,234.117669188,211.968552795,165.373699565,215.03810956,92.2063137477,0.00681268274822,0.0199775673443,211.96855749,0.0199995061449,211.968568408,103.576496353,166.016364269,85.4838784395,226.166072181,183.715108818,107.01901438,211.968549546,211.968545055,0.0459807107806,92.2064429785,52.2172811278,0.0150039282448,234.43522327,223.744711365,177.634819209,0.0150872300459,211.968543951,92.2062832419,0.0149777421938,0.0199668253096
2011-02-11 03:00:00,234.117669334,211.968554515,165.373699615,215.038105984,92.2063148586,0.00681087581334,0.0199715022488,211.9685577,0.0200005906498,211.968566726,103.576498951,166.016363475,85.4838783456,226.166070618,183.715108542,107.018840497,211.968549439,211.968543919,0.0459809894294,92.2064436544,52.2172802554,0.0150050090439,234.435223219,223.744710317,177.634819052,0.0150735134973,211.968544983,0.0159251103689,0.0149814637198,0.0199810497967
2011-02-11 04:00:00,234.117675248,211.968558745,165.373700242,215.038103271,92.2063159665,0.0068091091574,0.0199919563235,211.968556991,0.0200021263661,211.968564594,103.576503822,166.016362705,85.4838785221,226.166072004,183.715108059,107.01880544,211.968549879,211.968543169,0.0459814541728,92.2064432937,52.2172799072,0.0150072557794,234.435223247,223.744726169,177.634819078,0.0150764558815,211.968546837,0.0154098434892,0.0149924729086,0.0200172451169
2011-02-11 05:00:00,234.117681442,211.968562336,165.373702466,215.038100209,92.2063170869,0.00680772903909,0.0200504813126,211.968557098,0.0200191328029,211.968559077,103.576506758,166.0163619,85.4838791338,226.166074355,183.715106879,107.018975947,211.968550619,211.968542903,0.0459822335077,92.2064409206,52.217280516,0.0150104778547,234.435223415,223.74473748,177.634819228,0.0150893309065,211.968550048,0.0153206031738,0.0149999389477,0.0200844576042
2011-02-11 06:00:00,234.117682051,211.968570062,165.373744721,215.038084111,92.2063193724,0.00680657209496,92.2064002404,211.968560348,0.020063976725,0.0206523202474,103.576496711,166.016361475,85.4838798496,226.166069212,183.715097432,107.018946761,211.968549605,211.968539843,0.0459819723166,92.2064409498,52.217297699,0.0150131801341,234.435223397,223.744748843,177.634819092,0.0151088762602,211.96854941,0.0152653243066,0.0150072693978,0.0202297871226
2011-02-11 07:00:00,234.117663474,211.968576719,165.373751479,0.0109844950754,92.2063181722,0.00680487895951,113.834978508,211.968561661,0.0200650895276,0.0148229682346,83.8969353826,166.016359798,85.4838802046,183.194482449,0.0162776945573,0.0150754737595,171.694526389,158.975716087,0.0459805529832,92.2064521951,52.2174048758,0.0150100502222,234.43505685,181.233304671,177.634818454,0.015175095152,211.968534454,0.0150429222059,0.0150091296547,0.0207324629058
2011-02-11 08:00:00,189.635334769,211.96854419,165.373742836,0.010836041629,92.2063040366,0.00680299393799,113.834988279,211.968561338,0.0200662086618,0.0100305116322,0.0200501395233,166.016349915,85.4838529294,183.194103778,0.0162596196525,0.0150210714116,171.694521019,158.974755078,0.0200108939428,92.2065196873,52.2172898878,0.0150073690663,189.892529629,181.233322131,143.884177938,0.0153157792236,211.968518499,0.0150194543137,0.0150115368625,0.0208362050962
2011-02-11 09:00:00,189.635310499,211.968539924,165.373739947,0.0100213194122,74.6871038516,0.0068010682062,92.2066036517,211.968560324,0.0200662292081,0.0100039243026,0.0199563781148,124.51212601,64.1129957315,0.0101252336207,0.0100065535576,0.015015178659,171.694517516,0.0100068279699,0.020002884043,211.968384681,52.2172777758,0.0150074326307,189.892527111,181.233294847,143.884174236,0.0152749543872,211.968519296,0.0150176424579,0.0150103757139,0.0208759630777
2011-02-11 10:00:00,189.635172676,211.968539079,165.373727406,0.0100094255681,0.0199834508728,0.00679911492817,92.2063758516,211.968558573,0.0200659942202,0.010002611296,0.0100276843182,124.511289574,64.1129397945,0.0100381127717,0.0100037905922,0.0150127826042,171.694516421,0.0100035154887,0.0200012103382,211.968501994,52.2172727922,0.01500570082,0.0149835683424,181.233282756,133.226076877,0.0152394716345,211.968506251,0.0150175130036,0.0150140350315,0.0208912134445
2011-02-11 11:00:00,175.588417694,211.96854436,165.373712861,0.0100074270005,0.0150009331181,0.00679716374386,92.2063684069,211.968557979,0.0200657838915,0.0100030732293,0.0100262131722,0.0100092538865,64.1129184906,0.0101176250409,0.0100109330195,0.0150130365161,171.694518704,0.010003633905,0.020000645349,211.968530203,52.2172681346,0.0150047059724,0.0100029666431,181.233265424,0.0100080252794,0.0152429938283,211.968494925,0.0150230173796,0.0150263067697,0.0209201806352
2011-02-11 12:00:00,175.588408403,211.968549028,165.373712159,0.0100155447867,0.015000996753,0.00679520649712,92.2063891589,211.968559975,0.0200678622827,0.0100080170605,0.0199731032394,0.0100039376858,64.1129203176,169.624893328,0.0162693023447,0.0150151242994,171.69453189,0.0100072637042,0.0200007523556,211.968517357,52.2172584473,0.0150029714951,0.0100067611439,181.233244853,0.0100016481531,0.0153231935797,211.96850796,0.0150262001599,0.0150493112065,0.0263866506465
2011-02-11 13:00:00,175.58846202,211.968556543,165.373713179,0.0108359145247,0.0150062224514,0.006793102528,92.2063810811,211.968559968,0.0200688547928,0.0148152339724,83.8969249062,0.0100062358934,64.1129438073,183.194471894,0.0162765256812,0.0150190110189,211.968505686,158.975698805,0.0200009309636,158.976623755,52.2172297347,0.015002344058,189.892525036,181.233227953,0.0100026658372,0.0155289761408,211.968540294,0.0151075663698,0.0150371703283,0.0264989687776
2011-02-11 14:00:00,189.635324602,435.55085121,165.373724033,0.0109843305005,74.687113436,0.00679110761606,92.2063858041,211.968560473,0.0200709705478,0.0148386492374,83.8984321495,0.0101478769301,64.1133394812,183.194496519,0.0200044375057,0.0150300245415,211.968533091,158.97572867,0.0200022931533,158.976747538,52.2170979005,0.0150019897613,189.892529757,181.233276173,133.226079615,105.682365267,211.968546824,0.0154371417359,0.0150276121152,0.0266772551387
2011-02-11 15:00:00,234.11765613,435.553451764,165.373728298,215.037880046,92.206315817,0.00678915464461,211.967614869,211.96856158,0.0200704420682,211.96853672,238.106991029,124.512120559,85.4838663878,226.166103096,0.0200924377656,0.0151793187635,211.968538314,211.968546689,0.0200051634196,211.968523864,52.2170979068,0.0150024805405,234.435194202,211.968606221,143.884174336,211.967772381,211.968550178,92.205493313,0.0150315377249,0.0266225790843
2011-02-11 16:00:00,234.117674264,435.553452793,165.373717783,215.038224032,211.968498904,0.00678748542244,211.968551284,211.968562445,0.0200683983063,211.968543248,238.107010333,124.512137116,85.4838784495,226.166283995,0.0200937101618,0.0184879039534,211.968538791,211.968555703,0.0200100873997,211.968588839,52.2172298286,0.0150034550925,234.435222863,223.747971405,143.884180283,211.968420645,211.968550973,92.2064137067,0.0150143461009,0.0264370265007
2011-02-11 17:00:00,234.117673425,435.553447833,165.373704823,215.03824142,211.968517036,0.00678577965609,211.968567643,211.968563086,0.0200662287395,211.968546184,238.107016265,166.016437576,85.4838797601,226.166304338,0.0200940510721,0.018497675672,211.968538191,211.968558347,0.0200204792566,211.968809336,52.2172572352,0.0150032345917,234.435223183,223.748029288,177.634787218,211.968525355,211.968549985,92.2064616158,0.0150028026201,0.0209858914978
2011-02-11 18:00:00,234.117668811,211.968564482,165.373701123,215.038247646,211.968518856,0.00678381811609,211.968575677,211.968562927,0.0200592221295,211.968547319,238.107015224,166.016444408,85.483879511,226.166312678,0.0200940514501,0.0185160829908,211.968538275,211.968559415,0.0200161180758,211.968816607,52.2172645381,0.015002886305,234.435223272,223.748047216,177.634787632,211.968624197,211.968548131,92.2065224486,0.0150007293364,0.0209247555073
2011-02-11 19:00:00,234.117662203,211.96855599,165.373691425,215.038249447,211.96851701,0.00678185157484,211.968576588,211.968561214,0.020008464182,211.968547153,238.107010279,166.016445944,85.483879031,226.166311233,0.0200937233778,0.0185195296719,211.968536204,211.968559584,0.0200044011277,211.968818019,52.217266103,0.0150024216672,234.435223253,223.748044821,177.634787732,211.968594983,211.968544909,211.968056631,0.0149954405576,0.0207787381507
2011-02-11 20:00:00,234.11764957,211.968550665,71.9376820933,215.038248336,211.96851625,0.00677968217947,211.96857612,211.9685578,0.0199997605645,211.968547071,238.107006115,166.016446318,85.4838786762,226.16631214,0.0200926792296,0.0185195872264,211.968533669,211.968559504,0.0200032064818,211.968806984,52.2172757575,0.0150023171997,234.435223188,223.747999327,177.634787699,211.968578514,211.968539671,211.96844345,0.0149893492109,0.0200989197177
2011-02-11 21:00:00,234.117651927,211.968542258,71.9375644651,215.038247456,211.968516729,0.00677754793893,211.968577174,211.968554525,0.0199957938592,211.968547048,238.107002748,166.016446279,85.4838785639,226.166311883,0.0200917494669,0.0185159735661,211.968530312,211.968559391,0.0200030802607,211.968793118,52.2173647457,0.0150028848859,234.435223052,223.747749081,177.6347876,211.968619447,211.968532481,211.968525818,0.0149847361645,0.0200115645863
2011-02-11 22:00:00,234.117636007,211.9684649,71.9375591736,215.038242953,211.968516212,0.00677555742571,211.968576995,211.968544291,0.0199876193775,211.968546337,238.106998178,166.016445918,85.4838781002,226.166296526,0.0200906410844,0.0184837446156,211.968523913,211.968558509,0.0200026044797,211.968768366,92.2062570754,0.015005339582,234.435222892,223.744956717,177.634787454,211.968702691,211.968521331,211.968549508,0.0149808414282,0.0199746869194
2011-02-11 23:00:00,234.117609095,189.465769856,71.9375436434,215.038234328,211.968513994,0.00677351858174,211.968574793,158.976516689,0.0199530072748,211.968545284,238.106991589,166.016444995,85.4838782296,226.16623921,0.0200893483324,0.0150334460247,211.968510207,211.968557331,0.0200022236296,211.968788786,92.206225843,0.0150123979058,234.435222664,223.744762705,177.63478725,211.968691557,211.968502014,211.968564662,0.0149807116206,0.0199441264898
2011-02-12 00:00:00,211.968929572,189.46575985,71.937535175,215.038229202,211.968515587,0.0067714970119,211.968574489,211.968530985,0.0196722022207,211.968543525,238.10697824,166.016444297,85.4838782339,226.166154891,0.0200869453537,0.0150138002777,211.968493237,211.968555652,0.0200024718588,211.968750797,92.2044667862,0.0344833750508,234.435222455,223.744746527,177.634786987,211.968733112,211.968470115,211.968565724,0.0149833126759,0.0199238824187
2011-02-12 01:00:00,211.968560602,189.46576111,71.937518454,215.038225488,211.968511905,0.00676956104705,211.968571867,211.968289653,0.016264045821,211.968542111,238.106976075,166.016443261,85.4838781339,226.166125804,0.0200859534337,0.0150106287276,211.968462939,211.968553786,0.0200023817405,211.968586263,52.21731565,0.0345057462538,234.435222229,223.744720042,177.634786738,211.968725772,211.968410621,211.968539027,0.0149922810213,0.0199140613145
2011-02-12 02:00:00,211.968546467,189.465762564,71.9374895145,215.038223161,211.968494558,0.00676765738754,211.968566524,158.976522021,0.0162645308418,211.968540581,238.106969,166.016442363,85.4838782033,226.166101877,0.0200850966347,0.0150112360286,211.968423539,211.968552655,0.0200026038387,211.968564304,52.2172783797,0.0345085318484,234.435222058,223.744884123,177.634786475,211.968657125,211.968041974,211.968471598,0.0150190498645,0.0199372574802
2011-02-12 03:00:00,211.968642523,189.465765024,71.9374677327,215.038223668,211.968508477,0.0067657914228,211.968557671,211.968315862,0.0197692576904,211.968538563,238.106960387,166.01644149,85.483877865,226.166095727,0.0200851121888,0.0150162550369,211.968361874,211.968551865,0.0200027799861,211.968556839,52.2172889998,0.0345087227128,234.435221967,223.744932962,177.634786135,211.968641743,211.968199484,211.968362973,0.0150781812903,0.019975628047
2011-02-12 04:00:00,234.117548833,189.465768497,71.9374752627,215.038226873,211.968508968,0.00676395306858,211.968550443,211.968475001,0.0199777643136,211.968534984,238.106952809,166.016440675,85.4838777247,226.166112916,0.0200846356417,0.0150242021888,211.967791629,211.968552076,0.0200026724335,211.968548817,52.2174040961,0.0345109865959,234.435221914,223.745002454,177.634785703,211.968647963,211.968110426,211.968018294,0.0151769060314,0.0200073391401
2011-02-12 05:00:00,234.117638646,189.465770859,71.9375102435,215.038233847,211.968509532,0.00676217380773,211.968542829,211.968539252,0.019992453813,211.968527887,238.106931421,166.01643954,85.4838770874,226.166173436,0.0200837043993,0.0182096224953,171.721053574,211.968553172,0.0200025275797,211.96853434,92.2062975666,0.0345168352667,234.435222023,223.747993265,177.634785251,211.968652313,211.967668507,211.965563699,0.0152535596643,0.0200839769062
2011-02-12 06:00:00,234.117657278,189.465765477,71.9375256987,215.038241773,211.96851116,0.00676053449843,211.968548115,211.968555119,0.019993862713,0.0149777659561,103.576563647,166.016438228,85.4838766983,226.166210795,0.0200373407262,0.0185103271782,211.968319047,211.96855525,0.0200027690907,211.968524114,211.968494719,0.0345145327616,234.435221934,223.74791995,177.634784428,211.968687445,211.967818631,92.2089092406,0.0152279228749,0.0203876908237
2011-02-12 07:00:00,234.117415193,189.46578619,71.937538121,174.181031005,211.96850726,0.00675893229986,211.96852253,211.96855566,0.0162166322098,0.0149267301545,0.0200428598719,166.016435672,85.4838767437,183.194748678,0.0162792229018,0.0150047474258,171.694281268,171.694541456,0.0200027266729,211.968482282,211.968537452,0.0345127173952,211.968539117,211.968560035,177.634782852,211.968697814,0.0149188139551,92.2065808569,0.0150191699492,0.0197937534042
2011-02-12 08:00:00,189.63534104,189.465757393,71.937525895,174.181006131,128.770837219,0.00675732149354,171.694437284,211.968556464,0.015004620038,0.0100369878011,0.0199917992108,166.016411625,64.1129797276,183.194743897,0.0162681701681,0.0150017126615,171.694262427,171.694535113,0.0199993990345,211.968225048,211.968547683,0.0345031073913,189.892528845,211.968502657,143.876325894,158.976794988,0.0148931223395,92.2064988975,0.0149747324046,0.0196313555761
2011-02-12 09:00:00,189.635324195,189.465756923,71.9375443087,174.180950491,92.2063256409,0.00675555905161,92.2063864608,211.968495841,0.0150002766071,0.0100052644493,0.0101006096574,134.473301914,64.1129011343,183.194754554,0.0162653239892,0.0149959765124,0.0150016475027,171.694533012,0.0199988078148,0.0187773988716,211.968551276,0.0345024316783,189.892527558,223.743991432,143.876321699,158.976763258,0.0100394510295,92.2062605782,0.0149479508876,0.0194105391801
2011-02-12 10:00:00,189.635318053,189.465758473,71.9375407085,0.0104262210313,92.2063162777,0.00675363015602,92.2063723394,92.2063260903,0.0149998501718,0.0100038645001,0.0100134073653,134.473295253,0.0102207289797,183.194761834,0.0162609045948,0.0149815126727,0.0142179957461,171.694523269,0.0199980247917,0.0149996325547,211.968552709,0.0344981549409,175.826442097,223.744625644,143.876318617,158.976749565,0.0100135972083,0.0159680599933,0.0149320020758,0.0187194461625
2011-02-12 11:00:00,189.635317613,189.465762363,71.9375479066,174.180979365,92.2063152968,0.00675151626489,92.2063846081,92.2063247239,0.0150006289596,0.0100047603345,0.0100168501954,124.512415046,0.0100211980551,183.194787896,0.0162575437983,0.0149900677973,0.0100349959647,171.694536785,0.0199977230829,0.0149966592935,211.968553155,0.0344834490429,0.0145921223946,223.745544107,0.0149797514389,158.976748973,0.0100107340846,92.2046526977,0.0149358150617,0.0190584415082
2011-02-12 12:00:00,189.635328796,189.466411991,71.937555752,174.181008027,92.2063087954,0.00674938245066,171.694497368,92.2063266689,0.015007995112,0.0100154876803,0.0198350962579,0.0100129201652,0.0100204209142,226.162898075,0.0162622876655,0.015002239784,0.0149867508314,171.694539882,0.0199984369485,0.0149963413402,211.96855295,0.0345012637585,101.979359697,223.745273731,0.0100041987394,158.976716759,0.0100130440239,92.2064903631,0.0149598673405,0.0194792179482
2011-02-12 13:00:00,211.968538842,211.9685418,71.937555645,215.037693135,0.0200157634742,0.00674732457316,171.694499775,92.206323885,0.0162136769873,0.0149247380578,0.020005870098,0.0100082021746,64.112860063,226.166091508,0.0162665181226,0.0150081572693,171.69426145,171.694544257,0.0199989798008,0.0149974407611,211.968553865,0.0344547141746,189.892526085,223.745016847,0.0149899754688,158.976698615,0.01475788946,92.206927798,0.0150218611847,0.0199547759944
2011-02-12 14:00:00,234.117649612,211.968556593,71.9375581153,215.038234581,92.2063165553,0.00674541019185,171.694508529,92.2063241575,0.0199992804589,0.01495686478,0.0200724693158,124.512519183,64.1129336132,226.166206321,0.0199007772182,0.0154130259178,171.694284986,211.968507833,0.0199999728815,0.0149997959632,211.968554746,0.0341837134748,189.892528759,223.74539049,143.876316634,158.976794561,0.0149234706356,211.968236206,0.0154180651904,0.0202451012301
2011-02-12 15:00:00,234.1176753,211.968562395,71.9375606268,215.038277101,128.770837911,0.00674368562451,171.694531841,92.2064684017,0.0461334719575,211.968517772,238.106845008,134.473295591,85.4838554497,226.166674626,0.0200782469522,246.020917165,211.968534483,211.968555954,0.0200018378289,0.0150026252363,211.968555702,0.0153996906841,211.968654066,223.748044144,143.876321319,211.968395259,211.968395557,211.968300428,0.017853401441,0.0209300104403
2011-02-12 16:00:00,234.117685929,211.968575977,71.9375628898,215.0382951,171.694517848,0.00674228754216,211.968441658,211.968555134,0.0461401702218,211.9685304,238.106894694,134.473305181,85.4838766473,226.166721345,0.0200808965901,246.020923797,211.968542712,211.968559746,0.0200029050697,0.0150037812978,211.968557375,0.0151060950572,234.435221157,223.748174858,143.876324634,211.968594275,211.968414343,211.968264714,0.0181542967943,0.0210404330797
2011-02-12 17:00:00,234.117685454,211.968588677,71.9375712449,215.038301102,171.694546379,0.00674067732758,211.96849729,211.968557156,0.0461430550784,211.968535095,238.106901814,166.018033847,85.483878232,226.1667343,0.0200815930096,246.0209255,211.968545265,211.968560794,0.0200031448742,0.0150058697667,211.968561293,0.0150331437559,234.435221566,223.748194437,177.625089547,211.968652428,211.968418902,211.968147596,0.0181597793176,0.0212929090413
2011-02-12 18:00:00,234.117683033,211.968561197,165.373462083,215.038301869,171.694540405,0.00673869676817,211.968531984,211.968555737,0.0461450865877,211.968537397,238.106901198,204.958572655,85.4838779522,226.166738885,0.0200820702983,246.020926239,211.968546403,211.968561073,0.0200030220813,0.0150070974323,211.968562917,0.0150322201412,234.435221697,223.748198924,177.625089866,282.619052438,211.968421226,211.968265785,0.0155977892764,0.0210671267825
2011-02-12 19:00:00,234.117679313,211.968565587,165.373640228,215.038300905,171.694526351,0.00673649476921,211.96853744,122.941749909,0.046145566977,211.968538048,238.106900697,204.958579661,85.483877344,226.166740579,0.0200816221807,246.020926352,211.968546976,211.968560877,0.0200022578915,0.0150059334739,211.968561637,0.0150167518509,234.435221706,223.748167141,177.625089955,282.620062268,211.968422368,211.968430417,0.0157605445044,0.0213719806276
2011-02-12 20:00:00,234.117676213,211.968608241,165.373678862,215.038296553,171.694519545,0.00673438053465,211.968540094,92.2063255431,0.0461455236438,211.968538123,238.106899203,204.958581776,85.4838774491,226.166741737,0.0200805585993,246.020926103,211.96854706,211.968560275,0.0200017950912,0.0150053709629,211.968560354,0.0150106370578,234.435221654,223.747350125,177.625089952,282.620655358,211.968422618,211.968476231,0.0160135476044,0.0452960656053
2011-02-12 21:00:00,234.117677008,211.968583642,165.373691656,215.038288943,171.694518183,0.00673232378504,211.968540224,92.2063232253,0.046145652548,211.968538459,238.106898185,204.958582574,85.4838775985,226.166739675,0.0200790426858,246.020925932,211.968546971,211.968559546,0.0200017308959,0.0150075779065,211.968558497,0.0150052758825,234.435221557,223.744965709,177.625089867,282.62022193,211.968422569,211.968471901,0.0171119091186,0.0474453715646
2011-02-12 22:00:00,234.117672437,211.968570334,165.37369486,215.038277399,171.694515637,0.00673031855289,211.96853941,0.0150033755334,0.0461453812007,211.968538298,238.106895324,204.958582757,85.4838774404,226.166725583,0.0200780079753,246.020925503,211.968546728,211.968558701,0.0200013837705,0.0150184189793,211.968556923,0.0150025381047,234.4352214,223.744773813,177.625089715,282.620769745,211.968422132,211.968424999,0.0162672441113,0.047681358134
2011-02-12 23:00:00,234.117669204,211.968566711,165.373694149,215.038261875,171.694499197,0.00672833467572,211.968537125,0.0150004961213,0.0461446578144,211.968537688,238.106891181,204.958580562,85.4838769308,226.16666015,0.0200772710717,246.020924576,211.968546157,211.968557786,0.0200013451315,92.2060308263,211.968555503,0.0150012655414,234.435221214,223.744713715,177.625089511,282.620928511,211.968421657,211.968308238,0.0160061023212,0.0477734299265
2011-02-13 00:00:00,234.117665882,211.968559466,165.373691346,215.038250302,171.694426745,0.00672627951875,211.968536089,0.015000332793,0.0461448967094,211.96853709,238.106889948,204.9585735,85.4838775462,226.166401811,0.0200779724593,246.020925073,211.968545607,211.968555984,0.0200020145653,92.2064473524,211.968554526,0.0150006726845,234.435220978,223.744689291,177.625089295,282.62123448,211.968420727,211.968283767,0.0157937362803,0.0477956271002
2011-02-13 01:00:00,234.117664121,211.968559263,165.373681388,215.03824474,92.2063174233,0.00672431499126,211.968534267,0.0150001112181,0.0461443692995,211.968536365,238.106884018,204.958557878,85.4838774266,226.166269233,0.0200771798488,246.020923633,211.968544994,211.968553962,0.0200027455316,211.968445705,211.96855416,0.0150004628043,234.435220788,223.744784181,177.625089021,282.621178703,211.968419894,211.968332607,0.0160217191388,0.0478436561464
2011-02-13 02:00:00,234.117661077,211.968559562,165.373650967,215.038239442,92.2063160849,0.00672241997472,211.968534411,0.0150000391893,0.0461440353035,211.968535449,238.106871883,204.958514766,85.4838770459,226.166226589,0.0200748897198,246.020922207,211.968544451,211.96855238,0.0200035200569,211.968555856,211.968553907,0.0150003587358,234.435220631,223.744763486,177.625088779,282.6214698,211.968419156,211.968354953,0.0160293272688,0.0478666208422
2011-02-13 03:00:00,234.117659985,211.968561852,165.373676381,215.038240634,92.2063129259,0.00672050147927,211.968533887,0.014999956701,0.046143444459,211.968533959,238.106868783,204.958268097,85.483876776,226.166225058,0.0200740077086,246.020921464,211.968544049,211.968550992,0.0200052098279,211.968572415,211.968553563,0.0150003210405,234.435220552,223.744766007,177.625088507,282.621537106,211.968418016,211.968429571,0.015985745876,0.0478802499546
2011-02-13 04:00:00,234.117661261,211.968565885,165.37368286,215.038243394,0.0200312290865,0.00671860475222,211.968531071,0.014999902631,0.0461424402707,211.968531557,238.106867166,166.018802106,85.4838767259,226.166257902,0.0200729737494,246.020919795,211.968543802,211.968550196,0.0200104638914,211.968571094,211.968553125,0.0150003309478,234.435220537,223.744789407,177.625088137,282.621550669,211.968416393,211.968473984,0.0161845946609,0.0479019355756
2011-02-13 05:00:00,234.117662329,211.968567952,165.373686536,215.03825115,0.0200006479807,0.00671688359837,211.968523033,0.0149998775219,0.0461408472263,211.968526387,238.106861141,166.018138308,85.4838761562,226.166401372,0.0200699791458,246.020919025,211.968543581,211.968549319,0.020035233101,211.968566239,211.968552913,0.0150004571962,234.435220623,223.744893973,177.6250876,282.621467523,211.968413909,211.968511206,0.0170498232684,0.0479049777199
2011-02-13 06:00:00,234.117663461,211.968566726,165.373689832,215.038267161,0.0199946682629,0.0067151579041,211.968356562,0.0149999098709,0.0461366426802,0.0115724761385,192.866610113,166.018047939,85.4838759736,226.166557995,0.0199949019858,246.020905786,211.96854296,211.968548002,0.0246741673955,211.968580347,211.968553354,0.0150006486386,234.435220597,223.746569071,177.625086334,282.619158287,211.968408129,211.968500471,0.0163750820825,0.0478193477097
2011-02-13 07:00:00,211.968559673,211.968571313,165.373670103,215.037731457,0.0151080237645,0.00671340085625,92.2063753469,0.0149998864531,0.0200582271307,0.0115280238976,192.866523854,166.01752579,85.4838756388,226.165968807,0.0101469150267,211.968510768,171.694520458,171.694518061,0.0246758003858,211.968600168,211.968552657,0.0150009233734,189.892530664,223.744171457,177.62508399,282.620127764,171.694389069,171.694550532,0.0152208474604,0.0216542326758
2011-02-13 08:00:00,189.635315785,211.96852724,71.937562845,174.181690439,0.015027966089,0.00671165123522,0.0209495399008,0.0149999261324,0.017100255975,0.0100295921881,103.576673179,166.01649705,64.1130603918,226.147198453,0.0100075022819,199.276961196,171.694507121,158.976080069,0.0200117946272,211.968609586,211.968552772,0.0150010327816,189.892529307,181.236287352,0.0150053555611,211.969571606,158.976347405,92.2255062447,0.0149996625968,0.0209252463216
2011-02-13 09:00:00,189.635277076,189.465876905,71.937557617,174.181076342,0.0150011414899,0.00671000579821,0.0209231640858,0.0150000070625,0.0170875172484,0.0100036010314,103.576510623,166.016506495,64.1129187031,183.195098025,0.0100021647768,199.276954927,0.0100393233448,0.0100095024263,0.0200033122008,211.968516944,211.968553417,0.0150011142527,189.892528642,181.236149545,0.0150036224303,282.582782621,0.0100224438389,92.2080142596,0.0149288378638,0.0200088671239
2011-02-13 10:00:00,175.588370913,189.465816171,58.2695285004,174.181064713,0.0150001678863,0.00670812801637,0.0199941655133,0.0150001101336,0.0159346923742,0.0100030583521,0.0202058692181,166.016529105,0.0108879171013,183.195091899,0.0100016344268,199.276953421,0.0100144223125,0.0100077523908,0.0200013628539,211.968264416,211.968552898,0.0150010713301,189.892526832,181.236146185,0.0149995566973,211.968657558,0.0100108052143,92.2080495878,0.0149162972371,0.019944739222
2011-02-13 11:00:00,175.588344536,189.465840367,0.0200058710441,174.181086697,0.0149999667823,0.00670613590562,0.0150149013469,0.0150002081287,0.0150408212413,0.0100036436467,103.576549689,166.018043247,0.0100421359639,183.195093146,0.010002012028,199.276953082,0.0155887262863,0.0100134032274,0.0199999372873,171.985652718,211.968551709,0.0150009771017,189.892527708,181.23615498,0.0149981145011,211.968313391,0.0100156278949,92.2082371528,0.0149794954104,0.0199770421443
2011-02-13 12:00:00,175.588358635,211.968500399,0.0200011445487,215.036696272,0.0149999222253,0.00670405006904,0.0150849706192,0.0150002481369,0.0170854084095,0.0100138789417,192.866375617,166.016642029,64.1125660006,183.19510097,0.0100043122345,199.276955034,171.694514746,171.694489095,0.019999509234,211.967996525,211.968547128,0.015001267114,189.892528653,211.967497716,0.0149986104334,211.966597363,158.976382306,171.693868793,0.0151013172648,0.0200428380844
2011-02-13 13:00:00,189.635301845,211.968548002,0.0200040371152,215.038055629,0.0150000276728,0.00670208012347,0.0199621645055,0.0150004125919,0.0170982399793,0.0115268192426,192.866537256,166.016509159,64.1129171587,226.1595409,0.0101444733996,199.276956397,171.694523471,171.694521295,0.0199996497487,211.968446803,211.968524855,0.0150011122163,189.89252927,223.744665759,0.0150001229479,211.966590379,171.694389533,211.968183321,0.0157763747182,0.0209516792317
2011-02-13 14:00:00,211.968499866,211.968577573,58.2695034915,215.038224111,0.0150054697155,0.00670024128118,0.0200084394342,0.0150013673726,0.0200685059598,0.0115679342958,211.968544516,166.016469704,64.1130068642,226.166153118,0.0101678772482,211.968537136,171.694685214,211.968509724,0.0200003436274,211.968533297,211.968471934,0.0150010598808,189.892530282,223.744722657,0.0150036850776,211.966679973,171.694449732,403.372051051,211.965521802,0.0220592547796
2011-02-13 15:00:00,234.1176558,211.969437451,71.9375551511,215.038288907,0.0150423561122,0.00669842687982,0.0209584447777,92.206320593,0.0210997652334,211.969052179,238.106992172,166.016468694,85.4838623022,226.166695832,183.715093257,246.020924089,211.968559383,211.968550622,0.020001636716,211.968576865,211.968465695,0.0150011791775,234.435179743,223.74501585,0.0150048059971,211.968322398,211.968523886,403.372515291,211.966235017,0.0471616817383
2011-02-13 16:00:00,234.117675737,435.553546777,71.9375596028,215.038308757,92.2063062653,0.00669675536986,92.206365008,92.2063256245,0.021100278863,211.96906254,238.107008525,166.01646844,85.4838767201,226.166773986,183.715098477,246.020926838,211.968565604,211.968555546,0.0200030368777,211.968757944,211.968404349,0.0150018558277,234.43522243,223.748095035,0.0185153036345,211.968585096,211.968535728,403.373004686,211.966396395,0.0479882338797
2011-02-13 17:00:00,234.117677748,435.55356048,71.9375595558,215.038311009,92.2063165348,0.00669501981738,92.2063553859,92.2063268293,0.0210999884926,211.969066206,238.107012821,166.018013631,85.4838784592,226.166782984,183.715100143,246.020927691,211.968567922,211.968557306,0.0200034312267,211.968815811,211.968482847,0.0150019979877,234.435222994,223.748359806,0.0185242870389,211.968708702,211.968539804,403.372701041,211.966437011,0.0481387023377
2011-02-13 18:00:00,234.117677929,435.553563336,71.9375583633,215.038309541,92.2063172664,0.00669313095059,92.2063725158,211.968072314,0.0210992943742,211.969067483,238.107014559,204.958596711,85.4838783933,226.166785427,183.71510069,246.020928827,211.968569509,211.968558504,0.0200031244069,211.968829118,211.968514847,0.0150016301877,234.435223208,223.748420242,0.0185246823903,211.968553937,211.968541949,403.374788829,211.966473941,0.0481858346862
2011-02-13 19:00:00,234.117674841,435.55356671,71.937556132,215.038305435,92.2063170627,0.00669115711025,92.2063642622,211.967986499,0.0210982878856,211.969067706,238.107012776,204.958598386,85.4838779555,226.166787344,183.715100804,246.020928801,211.96857019,211.968558681,0.0200023395624,211.968821395,211.968441775,0.0150012334333,234.435223292,223.748409903,0.0185248062789,211.968523584,211.968543112,403.372834782,211.966374428,0.0482289471901
2011-02-13 20:00:00,234.117672671,435.55357523,71.9375437307,215.038298792,92.2063174777,0.00668911479357,92.2063606933,158.976088235,0.0210954527881,211.969067367,238.107009564,204.958599148,85.4838777547,226.166789353,183.715100545,246.020927984,211.96856989,211.968558911,0.0200020692838,211.968803375,211.967827646,0.015000882566,234.435223294,223.747835548,0.0185249003078,211.968528076,211.968543188,403.372414988,211.966190771,0.0482581860148
2011-02-13 21:00:00,234.117674109,435.55357463,58.269716366,215.038285311,171.694489415,0.00668697178811,92.2063720912,211.96809109,0.0210939448529,211.969067334,238.107006938,204.958599009,85.4838779339,226.166784736,183.715100073,246.020927409,211.968569027,211.968558331,0.0200021345838,211.968678193,92.2246848237,0.0150006120429,234.435223224,223.744998998,0.0185248746671,211.96868129,211.96854319,403.371955336,211.965803419,0.0482450668069
2011-02-13 22:00:00,234.117670137,435.553570951,58.2695149829,215.03826663,171.694516974,0.00668482699207,92.2063762162,211.968211562,0.02108999783,211.969066383,238.107003364,204.958598366,85.4838775904,226.166763865,183.715099541,246.020926615,211.968567733,211.968557721,0.0200014439377,211.96855913,92.2063459182,0.0150003671582,234.435223053,223.744779805,0.0185246571512,211.969136084,211.96854271,211.970688966,171.693598973,0.048231908554
2011-02-13 23:00:00,234.117666994,435.553568393,58.2695098116,215.038247844,171.694519982,0.00668271662672,92.2063744713,211.968445777,0.0210856434413,211.969064976,238.107000186,204.958594592,85.4838777569,226.166638925,183.715099113,246.020926051,211.968565875,211.968556466,0.0200008828011,211.968540944,92.206306047,0.0150001426636,234.435222748,223.744722612,0.0185244363465,211.969183025,211.968542611,211.969225305,171.692555297,0.0482271522567
2011-02-14 00:00:00,234.11766521,435.553575094,58.2695138801,215.038237815,171.694524895,0.00668066282223,92.2063909464,211.968553357,0.0203781025966,211.969063383,238.106998741,204.95858212,85.4838779143,226.166314983,183.715098724,246.020926585,211.968565563,211.96855462,0.0200008080289,211.968724567,92.2063307795,0.0150000320646,234.435222278,223.744697902,0.0185237202382,282.586972719,211.968542025,211.968853851,171.692190894,0.0481945821968
2011-02-14 01:00:00,234.11766395,435.553576184,58.2695124523,215.038232008,171.694524106,0.00667874081007,92.2063768311,211.968481921,0.0200860750732,211.969062531,238.106993704,204.958559978,85.4838781352,226.166243594,183.715098471,246.020925374,211.968564385,211.968552808,0.0200003885419,211.968572155,52.2173571742,0.0149999111358,234.435222178,223.744800504,0.0185236973019,211.968817937,211.968541376,211.968850696,171.692157242,0.0482028158332
2011-02-14 02:00:00,234.11766216,435.553579157,58.2695126276,215.038226981,171.694526626,0.00667684637206,92.2063738959,158.976340098,0.0200796674433,211.96906154,238.106987542,204.958539555,85.4838782097,226.166226887,183.715098002,246.020924276,211.968563674,211.968551663,0.0200003032188,211.968549949,52.2172728373,0.0149998693785,234.435222251,223.744805711,0.0185235014183,211.970212137,211.968541381,211.968846538,171.692125664,0.0482036498998
2011-02-14 03:00:00,234.117665927,435.553583959,58.2695180767,215.038227337,171.694529442,0.00667503948195,92.2063813666,158.976029886,0.0201091912603,211.969061378,238.106987429,204.958551481,85.4838782095,226.16624563,183.715097885,246.020924522,211.968564456,211.968551043,0.0200004052937,211.968541001,52.2172513203,0.0149998719143,234.435222386,223.744853933,0.0185235641127,282.623455842,211.96854213,211.968821347,171.692609616,0.048207160249
2011-02-14 04:00:00,234.117673773,435.553589058,58.26953385,215.03823341,171.694531134,0.00667336808417,211.968509686,92.206333588,0.0210708246664,211.969061481,238.106993223,204.958571374,85.4838788235,226.16649242,183.715097508,246.020925384,211.968567498,211.968551912,0.0200007268772,211.968532099,52.2172891309,0.0149999201051,234.435222696,223.745875063,0.0185241648437,282.623849747,211.968543425,211.969141595,211.965614058,0.0482439409074
2011-02-14 05:00:00,234.117681961,435.553591444,71.9375437255,215.038244772,171.69453941,0.00667208186682,211.968604531,92.20636356,0.021084190456,211.969062445,238.106995676,204.958584847,85.4838788713,226.166779429,183.71509593,246.020926713,211.968571287,211.968554427,0.020001988887,211.968521714,92.2062932965,0.0150000540057,234.435223261,223.748549071,0.0185247161894,282.62429198,211.968545495,261.689296919,211.966309359,0.04826432203
2011-02-14 06:00:00,234.117684753,435.553594183,71.937561322,215.038244825,211.968540199,0.00667124563466,211.968659232,211.968549086,0.0210769812005,171.694990982,211.968593713,204.958596286,85.4838796807,226.166795941,183.715069565,246.020926267,211.968572227,211.968556626,0.0200029369083,211.968557913,211.968470441,0.0150002373155,234.435223549,223.748616603,0.0185249055091,282.624424798,211.968545811,261.689649901,211.965811646,0.04821649878
2011-02-14 07:00:00,234.117657978,435.553592293,71.937563177,174.18097598,211.968530296,0.00666969071255,211.968665563,211.96855584,0.0199911883287,171.694940172,192.866651937,204.958600251,85.4838797569,226.166740781,148.809127441,246.019766418,211.968534479,171.694544286,0.0200028669398,211.968590538,211.968500004,0.0150004776669,211.968453951,223.745339862,0.0185248472856,282.624474469,171.694913373,211.968450848,92.2072928025,0.0360443975047
2011-02-14 08:00:00,211.968528132,211.968578409,71.9375615787,174.180946327,171.694529069,0.00666775913517,211.968658251,211.968494558,0.0162626531591,171.694928787,192.866628665,166.016600495,85.483858481,226.166211718,0.0200437546639,199.27701599,171.69458209,171.694535516,0.0199995520822,211.968550059,211.968487583,0.0150004634371,189.892531539,223.744693735,0.0150062395796,211.968606043,171.694534453,211.965139471,92.2056628084,0.0216556527963
2011-02-14 09:00:00,189.635315894,211.968557632,71.9375639974,174.179488622,171.694489547,0.00666568431129,211.968630782,92.2063245467,0.0150071046724,158.97702644,103.57662976,166.016475952,64.1130902801,226.165989305,0.0100114655625,199.276949158,171.694554333,171.694532433,0.019998549069,92.2064722317,211.968481105,0.0150004959162,189.892530889,223.743805998,0.0150046512229,211.968565816,171.694526375,175.469796913,92.2054130837,0.0209836758972
2011-02-14 10:00:00,175.588379292,211.968555423,71.9375683875,93.5432083773,139.072546757,0.00666372772014,211.96862758,0.0150044873755,0.0149935091072,0.0100356601855,103.57655803,166.016475248,64.1130161514,183.195278897,0.0100054866032,199.276945551,171.694548984,171.694530323,0.019995856843,92.2063719649,211.968455934,0.0150004861414,189.892529558,211.96844287,0.0150022705487,211.968739064,171.694520009,175.469989144,92.2051540445,0.020959220415
2011-02-14 11:00:00,175.588356238,211.968557139,71.9375722095,93.5427127201,92.2063418293,0.00666168771706,211.968658842,0.0150008006734,0.0149957662297,158.977316357,103.57659284,166.018054007,64.1130081732,226.165617377,0.0100080816561,199.276944845,171.694547967,171.694531564,0.0199900999933,0.0150344817137,211.968281837,0.0150004121077,189.892449381,181.236464153,0.0149992960442,211.968749691,171.694516692,211.967724897,92.2056385251,0.0209837612749
2011-02-14 12:00:00,175.588407221,211.968566851,165.37368776,161.279383252,92.2063182156,0.00665975807956,211.968673418,0.0150007963655,0.0152851348724,171.694933128,103.576792889,204.958536627,64.1130293901,226.166034118,0.0199844401983,199.276945562,171.694547785,171.694535031,0.0199948987595,0.0150111316043,211.968380488,0.0150003545242,189.892528884,181.236466318,0.0149996214492,211.969146226,171.694519567,211.968308296,92.2056463005,0.0220046550244
2011-02-14 13:00:00,189.635326705,435.553454819,165.373701957,174.180950267,92.2063176317,0.00665773840488,211.968673762,0.0150003786453,0.0162627990575,171.694945267,192.866637114,204.958524219,85.4834570089,226.166153844,148.809122311,199.276945898,171.694548013,171.694541101,0.0199983149031,0.0150113534447,92.2065568516,0.0150003277333,189.89253109,223.744589221,0.0150007371164,212.033102676,171.694523555,211.968640849,92.2061331185,0.0361315835609
2011-02-14 14:00:00,234.116057317,435.553591541,165.373708519,174.180995952,128.770859373,0.00665576517814,211.968674918,0.0150022373954,0.0199969134618,211.968492153,192.866683371,204.958599444,85.4838593642,226.166378278,148.809136894,199.276960512,211.968289905,211.968506912,0.0199996235353,92.205683304,92.2063006445,0.0150003672226,189.892532731,223.745039838,0.0150041822798,282.624705592,211.965969033,403.467508495,211.967491876,0.0482319340061
2011-02-14 15:00:00,234.11766913,435.553594494,165.373724059,215.038197554,139.07257387,0.00665400612186,211.968677811,92.2063290035,0.0200774635956,233.681172725,238.106984437,204.958601705,85.4838731007,226.166788161,183.715069679,246.020909188,211.968570996,211.968556116,0.0200011195424,92.2064850482,92.2062951328,0.0150006174174,234.435220648,223.748677988,0.0150058064402,282.624787325,211.968544477,403.467644829,211.967902935,0.0483317811884
2011-02-14 16:00:00,234.117687787,435.553596088,165.373733255,215.038227422,171.694514693,0.00665216507137,211.96867914,211.968556852,0.0200795915335,233.681180673,238.106995729,204.958602847,85.4838785112,226.166805382,183.71507305,246.020915424,211.968572697,211.968560339,0.0200033731004,211.968508312,92.2062574409,0.0150014108521,234.435229748,223.748716266,77.2669626896,282.624751062,211.968547983,403.467701513,211.968026358,0.0483824752904
2011-02-14 17:00:00,234.117687766,435.553596623,165.373739996,215.03823133,211.968523589,0.00665041850006,211.96868079,211.968559856,0.020080262383,233.681183793,238.106998771,204.958603449,85.4838797979,226.166807119,183.715073789,246.020914794,211.968572433,211.968561289,0.0200038953953,211.968655262,92.2063278106,0.0150016755702,234.43523022,223.748727797,177.625092969,282.624906708,211.968548679,403.46772727,211.968048184,0.0483724171494
2011-02-14 18:00:00,234.117686387,435.553598469,165.37373838,215.038233122,171.694526671,0.00664856737719,211.968681111,211.968562575,0.0200790307901,233.681185136,238.10699731,204.958604172,85.4838794641,226.166806175,183.715074557,246.020916058,211.968572349,211.968561451,0.0200039927635,211.968546142,92.2063020412,0.0150013519153,234.435230364,223.748733463,177.625094044,282.625036352,211.968548764,403.467698854,211.968023322,0.0482621607802
2011-02-14 19:00:00,234.117681226,435.553596359,165.373732385,215.038232035,171.694503616,0.00664631534575,211.968679248,211.968558078,0.0200788171588,233.681185275,238.106996262,204.958603676,85.4838789851,226.166802706,183.715074336,246.020914549,211.968571741,211.968561116,0.0200034437018,211.968498245,92.2062994067,0.0150010321678,234.435230392,223.748728423,177.625094348,282.625068008,211.968548273,403.46773014,211.967988235,0.0482367251599
2011-02-14 20:00:00,234.117675129,435.553598468,165.373725544,215.038229938,171.694498015,0.00664408268843,211.968676729,211.968557979,0.020076924818,233.681185203,238.106993658,204.958602474,85.4838789268,226.166801147,183.715073265,246.020912454,211.968570714,211.968560415,0.0200031805971,113.8277699,92.2062802003,0.0150008077804,234.435230344,223.748692484,177.625094347,282.625087303,211.968547304,403.467732845,211.967918322,0.0482028315367
2011-02-14 21:00:00,234.117674063,435.553596226,165.373713712,215.038227798,171.694355663,0.00664190227972,211.968675266,211.96855642,0.020074080338,233.681185329,238.106992846,204.958601084,85.4838787631,226.16679383,183.715072155,246.020909988,211.968569459,211.96855948,0.0200029717947,92.2064590441,52.2173063651,0.0150005222933,234.435230205,223.748136858,177.625094028,282.625090322,211.968546432,403.467719326,211.967673122,0.0482051762558
2011-02-14 22:00:00,234.117669046,435.553594368,165.373707198,215.038221428,92.206317754,0.00663960293418,211.968671803,211.968545654,0.0200721623397,233.68118452,238.106989987,204.958598891,85.483878135,226.166774887,183.715071331,246.020906719,211.968567878,211.968558765,0.0200023275981,92.2064368155,52.2171996009,0.0150002403814,234.435230033,223.744933596,177.625093088,282.625084465,211.968545148,403.467710513,211.966793026,0.0482086472538
2011-02-14 23:00:00,234.11766508,435.553593381,165.373704206,215.038213572,92.2063159494,0.00663735491476,211.968664356,92.2063336111,0.0200711082078,233.681183005,238.106987781,204.958592816,85.4838783751,226.166712676,183.715070977,246.020902131,211.968564967,211.968557561,0.0200018054647,92.2064133062,52.2171862996,0.0150000633931,234.43522979,223.746914054,177.625089011,282.625073538,211.968543782,403.467712052,211.966987993,0.0482166719672
2011-02-15 00:00:00,234.117659379,435.553592374,165.373698748,215.038208115,92.2063083105,0.00663532276282,211.968644777,92.2063275877,0.0200710607657,233.681181419,238.106982198,204.958580957,85.4838785285,226.166583193,183.715071917,246.02089452,211.968561836,211.968555682,0.020001591262,0.0150837999665,52.2171936181,0.0149999882408,234.43522953,223.745325182,177.62508944,282.625079419,211.968541676,403.467696306,211.967577639,0.0482258139068
2011-02-15 01:00:00,234.117655824,435.55359269,165.373684352,215.038203595,74.6871208423,0.00663334471139,211.968583683,92.2063270057,0.020070174394,233.681180184,238.106981416,204.958563328,85.4838783806,226.166551838,183.715071309,246.020849826,211.968559679,211.968553797,0.0200015495371,0.0150093961995,52.2171795947,0.0149999594241,234.435229314,223.74514429,177.625089006,282.625043481,211.968540289,403.467709648,211.967796584,0.0482297116983
2011-02-15 02:00:00,234.117651803,435.553594116,165.373659218,215.038201504,74.687115128,0.00663149204969,211.96855966,92.2063265307,0.0200679686071,233.681179272,238.106980538,204.958526615,85.4838784024,226.166461508,183.715070276,211.968600229,211.968558449,211.968552508,0.0200019151287,0.0150047491366,52.2171756982,0.0149999492275,234.435229229,223.745064011,177.625090626,282.625060179,211.968538998,403.46772278,211.967743493,0.0482371012382
2011-02-15 03:00:00,234.117652657,435.553596378,165.373674546,215.038200799,74.6871143078,0.00662968333003,211.968557309,92.206325223,0.0200672433023,233.681179505,238.106981903,204.958521854,85.4838784187,226.166483204,183.715070171,211.968597982,211.968557057,211.968551613,0.0200024245756,0.0150025421192,52.2171742794,0.0150000260322,234.435229176,223.745300917,177.625092493,282.625057162,211.968538161,403.467737683,211.967995941,0.0482305336958
2011-02-15 04:00:00,234.117660398,435.553605208,165.37368524,215.038203882,74.68711693,0.00662795199126,211.968559279,0.015018619067,0.0200671204657,233.681179854,238.106985806,204.958487956,85.4838782805,226.166523329,183.715069799,246.019923566,211.968557755,211.968551147,0.0200032355252,0.0150022900355,52.2171734906,0.0150002572772,234.435229316,223.748500415,177.625094178,282.625068592,211.968536958,403.467769314,211.968234423,0.0482384043902
2011-02-15 05:00:00,234.117667126,435.553611036,165.373698255,215.038210461,92.2063086169,0.00662666761405,211.968597,0.0150010814489,0.0200681819158,233.681181163,238.10698842,204.95850233,85.4838787714,226.166750552,183.715068583,246.02075338,211.968559787,211.968551917,0.020005406118,0.0150024380909,52.2171757156,0.0150009412161,234.43522966,223.748729093,177.625095207,282.625074941,211.968535334,403.467801818,211.9683328,0.0482238080878
2011-02-15 06:00:00,234.117666082,435.553614422,165.373702492,215.038212675,92.2063107498,0.00662591514128,211.968561105,0.0150018198328,0.0200639269093,211.968535504,238.106939609,204.958577449,85.4838796669,226.166760791,183.715033221,246.020307464,211.968557177,211.968553044,0.0200184536933,0.0150049315528,52.2172040556,0.0150018936534,234.435229759,223.748770806,177.62509559,282.625081003,211.968525905,403.467858876,211.968440365,0.0481607054503
2011-02-15 07:00:00,211.968571056,435.55359952,165.373702771,174.18108029,92.2063039035,0.00662408125095,211.968546305,0.0150006628023,0.0162061146171,189.281765942,211.96847165,204.958584906,85.4838797482,226.166170179,148.809190895,0.0246289770611,171.694533649,171.694778209,0.024666294833,0.0150114365704,52.217246908,0.015002129282,211.968533124,223.748757757,177.625095755,282.625056853,158.976674721,326.809130862,211.96774726,0.020727393474
2011-02-15 08:00:00,189.635305658,211.968723312,165.373700853,174.180955184,0.0200084993839,0.00662206125732,211.968332687,0.0150002548025,0.0160940990499,189.281756672,192.866663553,204.958584916,85.4838710122,226.166047294,148.809169595,0.024622347446,171.694528052,171.694533468,0.0200033072733,0.015043091653,52.2171910846,0.0150020690282,189.892536022,223.748718151,177.625095339,282.624996397,158.976627823,211.969500572,171.694286189,0.0200806217226
2011-02-15 09:00:00,175.588442008,211.968567059,165.373690234,174.180815623,0.0199975409207,0.00662008710281,171.694537426,0.0150000977538,0.0149988207775,189.281694809,192.866652059,204.958568414,85.4838643353,183.195086114,0.0100101821992,0.0150369658431,171.6944893,171.694523508,0.0200014885488,0.0150675883792,52.2171800479,0.015002099054,189.892535181,223.748623488,177.625094918,282.624802731,0.0101723048347,211.968543711,92.206589817,0.0193590467633
2011-02-15 10:00:00,175.588327194,211.968560256,71.9378565116,0.0100664158187,0.0150021015402,0.00661807263669,92.2063911872,0.0150000121737,0.0149953980465,0.0149197740269,192.866649106,166.016531318,85.4838609723,183.195070012,0.0100038923816,0.0149983093578,0.015012328225,92.206930273,0.0200000736329,0.015140124444,52.2171755744,0.015002038803,189.892533186,223.74843311,177.625092636,211.969178197,0.0100156392246,211.968508121,92.2062526693,0.01927833395
2011-02-15 11:00:00,0.0176665127846,211.968561775,71.9375693338,0.0100490133548,0.0150010193436,0.00661591494336,0.0196948123633,0.0149999935435,0.0149962983657,175.260846936,192.866651409,166.016456407,85.4838630783,183.195064732,0.0100046055385,0.014993519146,0.0150891405795,0.010020723056,0.0199994559805,0.0154967479252,52.2171731964,0.0150018681368,175.826510897,223.748313215,143.876333889,211.968827106,0.0100166307981,211.9685721,92.2063190568,0.0192800138776
2011-02-15 12:00:00,175.588323105,211.968578941,71.9375647735,161.27910019,0.0150021222652,0.00661398433226,0.0199735318434,0.015000008754,0.0149994251913,189.281749406,192.866653526,166.016450456,85.4838707526,183.195068305,0.0101636715355,0.0149984914903,171.694519198,158.976295426,0.019999961802,0.0150405429936,52.2171802076,0.0150018482998,189.892531525,223.748118829,143.876328868,211.968762016,0.0167262464981,326.807953614,171.694053749,0.0193281661763
2011-02-15 13:00:00,175.588510329,435.553565419,71.9375608441,174.180935471,0.0150024835288,0.00661213762996,0.0200109285246,0.015000048892,0.0151017987834,189.281763059,192.86665641,166.016446867,85.4838750359,183.195084649,148.809187488,0.0150095134035,171.694530543,171.694522546,0.0200006060332,0.0151109083555,52.2171717992,0.0150017325532,189.892534874,223.748700698,143.876328253,211.968710859,158.976653512,403.466876758,211.963505849,0.0201648205478
2011-02-15 14:00:00,189.635317982,435.553596195,71.9375634253,174.180977184,0.0199968046239,0.00661033512959,158.976567472,0.0150001005236,0.0161996735064,211.968531627,211.968509003,166.016446237,85.4838766099,226.166086104,148.809203342,0.0246242220321,171.69454156,171.694535895,0.02000309066,92.2064054196,52.2171727301,0.0150015023806,189.892535954,223.748749314,143.8763286,211.968771953,158.976683273,403.467810285,211.968159649,0.0209438318176
2011-02-15 15:00:00,234.117647913,435.553602397,71.9375778137,215.038207093,0.0200138602584,0.00660840660689,171.694536477,0.0150001868769,0.0199981822353,233.681326179,238.106940563,166.016446596,85.4838776162,226.166695325,183.715107816,107.019075394,211.968558726,211.968551561,0.0200138323741,92.206433259,52.2171789088,0.0150015583448,234.435215325,223.748778875,143.876334044,211.969247348,211.968541492,403.467866632,211.968480767,0.0259186804856
2011-02-15 16:00:00,234.117670531,435.55360692,88.8117977106,215.038235241,92.2063208209,0.00660660245015,211.968510769,0.0150003513835,0.019999343799,233.681331857,238.106957662,166.016452317,85.4838788954,226.16673122,183.715111757,211.968470177,211.968562199,211.968556034,0.0246770520203,92.2064415263,52.217172993,0.0150024383394,234.435229217,223.748793332,177.625093623,282.624346116,211.968555786,403.46790494,211.968494952,0.0259329764205
2011-02-15 17:00:00,234.117671766,435.553607762,88.8117207201,215.038241184,171.694523577,0.00660495251702,211.968520399,0.0150005708707,0.0199993518146,233.681334515,238.10695558,204.95852738,85.483879911,226.166731471,183.715113087,211.96847621,211.968562937,211.968557484,0.0246767004018,92.20645407,52.2171893699,0.0150026203106,234.435229445,223.74879671,177.625095252,211.974392586,211.968559245,403.46789105,211.968469589,0.0258758515762
2011-02-15 18:00:00,234.117669931,435.553604443,71.9375770521,215.038243661,171.694524496,0.00660300339397,211.968448407,0.0150012264467,0.019998905227,233.681335869,238.106949002,204.958573403,85.4838794288,226.166728879,183.715113937,211.96848058,211.968564697,211.968557893,0.0200086607036,211.962593052,52.2173238336,0.0150020798371,234.435229503,223.748795249,177.6250953,211.969422247,211.968560144,403.467884585,211.968407659,0.0257252289879
2011-02-15 19:00:00,234.117665016,435.553601254,71.9375662709,215.038243294,171.694525186,0.00660075133114,171.694558874,0.0150008097455,0.0199987438641,233.681336117,238.10690858,204.958573352,85.483879127,226.166723015,183.715113979,211.968482477,211.968564725,211.968557901,0.0200042537055,211.96680079,52.2171736443,0.0150016156149,234.435229466,223.748789859,177.625095079,282.624358083,211.968560021,403.467862248,211.968270893,0.0254866405099
2011-02-15 20:00:00,234.117661232,435.553605417,71.9375636465,215.038241967,171.694525661,0.00659870178054,171.694554231,0.0150009544239,0.0199980260787,233.681335984,238.10643209,204.958572552,85.4838791072,226.166717676,183.715113507,211.968483248,211.968564488,211.968557783,0.0200037737221,211.968458954,52.2171611937,0.0150013414365,234.435229345,223.748758944,177.625094666,282.624653152,211.968558426,403.467834289,211.968170623,0.0213357002842
2011-02-15 21:00:00,234.11766312,435.553601653,71.9375621242,215.038239412,171.694527332,0.0065964129567,171.69461075,0.0150036397281,0.019997450071,233.681335985,211.968562688,204.958570927,85.4838787547,226.166701843,183.715112694,211.968483614,211.968563942,211.968557558,0.020003694792,211.968508423,52.2171560222,0.0150009824149,234.43522911,223.748710382,177.625094021,282.624735597,211.968555652,403.467811347,211.968080595,0.0210694102594
2011-02-15 22:00:00,234.117659766,435.553598944,71.9375610624,215.03823276,171.6945281,0.00659411962861,211.968440274,0.0150566745117,0.0199966265099,233.681335004,211.968250616,204.95856797,85.4838781893,226.166659663,183.715111932,211.968484199,211.968562621,211.968556897,0.0200032771478,211.968500578,52.2171513117,0.0150006099305,234.435228753,223.745832347,177.625092846,282.624661995,211.968552139,403.467795302,211.967995133,0.0210264542614
2011-02-15 23:00:00,234.1176601,435.553598132,71.9375599828,215.038223385,171.694527458,0.0065919611465,211.968459927,92.2063215721,0.019995831035,233.681333333,192.86666656,204.958560176,85.4838777764,226.166408417,183.71511134,211.968484793,211.968560125,211.968555838,0.0200028363348,211.968511626,52.2171473782,0.0150003784232,234.435228221,223.748625868,177.625089202,282.624194426,211.968550227,403.467786854,211.967899556,0.0210110977032
2011-02-16 00:00:00,234.117659315,435.55359743,71.937560335,215.038216434,171.694526299,0.00658993340239,211.96810282,92.2063269552,0.0199953411779,233.681331856,192.86668111,204.958537073,85.4838779862,226.166217002,183.715111132,211.968486279,211.968557313,211.968554406,0.0200027019444,211.967487586,52.2171464639,0.0150004153546,234.435227336,223.746025275,177.625080109,211.969016953,211.968545381,403.467794429,211.967958024,0.0210125223749
2011-02-16 01:00:00,234.117658598,435.553597578,71.9375600374,215.03821332,171.694525917,0.00658798510862,171.69463833,92.2063274072,0.0199950554096,233.681330862,192.866654302,166.019715241,85.4838782302,226.166170849,183.715110536,211.968486132,211.968557716,211.968552712,0.0200027482217,211.968515558,52.2171429235,0.0150003050314,234.435226523,223.745577275,177.625041118,211.969085548,211.968546953,403.467794873,211.967912333,0.0210005342899
2011-02-16 02:00:00,234.11765925,435.553597862,71.9375603301,215.038210972,171.69452535,0.00658610192658,211.968524998,92.2063282214,0.0199944893285,233.681329546,192.866647467,166.017720278,85.4838782179,226.166145681,183.715109969,211.968486849,211.968558122,211.968551454,0.0200032083821,211.968539775,52.2171396235,0.0150003157726,234.43522601,223.745440111,177.624996157,282.608454563,211.968549875,403.467794698,211.968063095,0.0209936321676
2011-02-16 03:00:00,234.117663291,435.553599702,71.9375613973,215.038211324,171.694523581,0.00658428254577,211.968556428,92.2063296125,0.0199945743403,233.681328936,192.866652298,166.016545558,85.4838781023,226.166135158,183.715109643,211.968487879,211.968558798,211.968550807,0.0200034157201,211.968551022,52.2171379759,0.0150004750295,234.435225784,223.745940888,177.625065846,282.624818903,211.968552172,403.467803233,211.968103956,0.0209936047419
2011-02-16 04:00:00,234.117668872,435.553608467,71.9375633563,215.038215726,171.694519691,0.00658258838238,211.968610703,92.2063348992,0.0199950726999,233.681328821,192.866899762,166.016516653,85.4838780151,226.16614917,183.715109683,211.968488832,211.968561021,211.968551159,0.0200037767572,211.968550143,52.2171374631,0.0150008078949,234.435225876,223.748620117,177.625084935,282.624912383,211.968556,403.467833302,211.96823026,0.0210026600996
2011-02-16 05:00:00,234.117676172,435.553615052,71.9375724541,215.038226689,171.694509434,0.00658132308402,211.968662005,211.968461891,0.0199962589806,233.68132901,211.968548482,166.016519255,85.4838783932,226.166335177,183.715109181,211.968489869,211.968564253,211.968552674,0.0200050305539,211.968548586,52.2171391816,0.0150018209116,234.435227662,223.748769848,177.625089443,282.624957399,211.968563073,403.467875613,211.968310658,0.0210140382983
2011-02-16 06:00:00,234.117679395,435.55361617,88.8118302654,215.038232828,92.2066476012,0.00658040381011,211.968668073,211.968558478,0.0199955433627,189.281890316,192.866639059,166.016778857,85.4838791471,226.166386411,183.715069121,211.968490382,211.968565443,211.96855316,0.0200132179459,211.968545582,52.2171455641,0.0150068402026,234.435228322,223.748792007,177.625089757,282.624982695,211.968567073,403.46790472,211.96835733,0.0210338976855
2011-02-16 07:00:00,234.117618752,435.553600025,165.373683857,174.180990387,92.2063372648,0.00657883610964,211.968669758,211.96855989,0.0161903286709,189.281874659,192.866633072,204.958316088,85.4838792995,183.194817612,148.809231598,171.694485969,211.968210208,171.694528795,0.0200075343283,211.968591294,52.2171468624,0.0150048012811,234.435225372,223.748624681,177.625088577,282.624986334,211.968548374,403.464171919,211.96635063,0.0199318013576
2011-02-16 08:00:00,211.968434387,435.553569308,88.811831303,174.180967764,92.2063188114,0.00657682984949,211.968636677,211.968558392,0.0150054701179,189.281858928,192.866626701,204.958365793,85.4838714424,183.194688676,148.809200033,171.694478288,171.694543153,171.694521293,0.0200010862047,211.968578,52.2171427105,0.0150037130677,234.43521187,223.745171879,143.876317193,282.624702098,211.968539729,326.808298646,171.693254313,0.0158511141457
2011-02-16 09:00:00,189.635320145,211.968828799,88.8117042497,174.180950672,92.2063173543,0.00657482174078,211.96860021,211.968363836,0.0149997239944,0.0100346082315,192.866618446,166.016489428,85.4838672812,183.194663982,0.0100109035286,171.694475566,171.694539403,158.976827882,0.0200002237314,211.967966711,52.2171402336,0.0150036786353,234.435201713,223.744570904,143.876315859,211.971447289,211.968505898,211.968573228,92.206188133,0.0153646887041
2011-02-16 10:00:00,189.635283937,211.968595968,71.9375747835,174.180959625,92.2063137452,0.00657277378818,211.96854476,92.2063293343,0.0149986145386,0.0100115158764,192.866624766,166.016350358,85.4838630914,183.194625189,0.0100050013043,171.694471624,171.694532408,0.0100165633376,0.0199998284973,92.2064603111,52.2171390503,0.0150035795488,211.968561026,181.252711667,143.876315244,211.968904294,211.96836874,211.968530126,92.206123057,0.0150287530577
2011-02-16 11:00:00,189.63527246,211.968672297,71.9375649228,174.180970223,92.2060132852,0.00657063812221,171.694655154,92.2063286947,0.0149988029881,0.0100244260462,192.86663073,166.016338675,85.4838597931,183.194574136,0.0100075143651,171.694458513,171.694523474,0.0100269980075,0.01999969075,92.2064388823,52.2171383162,0.0150034092366,189.892538446,181.236592149,143.876314991,211.968719147,211.968039565,211.96857457,92.2061684504,0.015090893182
2011-02-16 12:00:00,189.635319366,352.799216273,71.9375692788,174.180988863,92.2062294825,0.00656863130879,171.694637326,123.78548307,0.0150036490757,189.281821077,192.866639213,166.016341739,85.4838669673,183.194637988,0.0200648871977,171.694472806,171.694535326,171.694493613,0.0200025634372,92.2065436721,52.2171389431,0.0150051043087,189.892539672,181.236575492,143.876314739,211.968677573,211.968439674,211.971031157,92.2062566275,0.0156367128171
2011-02-16 13:00:00,189.637270723,435.553582383,71.9375823587,215.038095256,92.2063138374,0.00656674898376,171.694633572,92.206426109,0.0161890660484,189.28187913,192.86666917,166.01633664,85.4838725685,183.194664272,148.809231458,171.694476187,171.694541977,171.694526273,0.0200044440966,92.2064757288,52.2171349482,0.0150034215153,189.892538486,223.743921001,143.876314966,211.968686438,171.694602684,403.465723308,171.693358404,0.0160225399239
2011-02-16 14:00:00,234.117637617,435.553597336,71.9377321964,215.038218196,92.2063176382,0.00656486891937,171.69469185,211.968549946,0.0199849112677,211.968551337,238.106901496,166.016341117,85.4838764959,183.194800042,148.809291761,171.694483173,171.694555503,211.96851562,0.0200817163235,92.2067340036,52.2171347266,0.0150028995409,211.968553222,223.745210901,143.876315388,211.968736289,211.968523499,403.467830824,211.967284549,0.0200399066369
2011-02-16 15:00:00,234.117667215,435.553598292,165.373704791,215.038235302,92.2063204374,0.00656308681448,211.968625357,211.968557472,0.0200525690701,233.681401278,238.106974773,166.016342835,85.4838777621,226.166118771,183.71516478,211.968566655,211.968581842,211.968553461,0.0459842244683,211.968460221,52.2171389692,0.0150034770459,234.435218244,223.748769139,143.876315864,211.968858224,211.968565595,403.467855007,211.968154695,0.0209270611115
2011-02-16 16:00:00,234.117675619,435.553599302,165.373752854,215.038248603,171.694513446,0.00656136408686,211.968686485,211.968562979,0.0200616523259,233.681407022,238.106985068,166.016345828,85.4838786146,226.166191821,183.71517072,211.968584164,211.968592766,211.968558029,0.0459871602555,211.968564398,52.2171402941,0.0150057414516,234.435226998,223.748788798,143.87632212,282.624922188,211.968574161,403.467864418,211.968078764,0.0209530566045
2011-02-16 17:00:00,234.117674617,435.553599305,165.373916682,215.038252602,171.694531878,0.00655953999085,211.968689603,211.96856786,0.0200640690765,233.681409948,238.106989003,166.017996181,85.4838794175,226.166198354,183.715172645,211.968586178,211.968593422,211.968559815,0.0459883606414,211.968795904,52.2171825434,0.0150077112367,234.435227119,223.748791451,177.625079875,282.624950669,211.968572443,403.467850797,211.968078056,0.02095874451
2011-02-16 18:00:00,234.117668885,435.553599747,165.373766782,215.038253383,139.072581214,0.00655738861399,211.968688265,211.968568785,0.0200663939486,233.681411438,238.106990275,204.958440831,85.4838789162,226.166198867,183.715173477,211.968590335,211.968599907,211.968560478,0.0459883850795,211.968831065,92.2063240155,0.0150104947956,234.435226803,223.748789469,177.625080337,282.624917551,211.968574925,403.46784107,211.967819958,0.0209372157818
2011-02-16 19:00:00,234.117661514,435.553597676,165.373733621,215.038251949,139.072577386,0.00655531448871,211.96868759,211.968567762,0.0200689044904,233.681411473,238.106989468,204.958440532,85.4838785803,226.166166604,183.715173516,211.968585974,211.968600041,211.968560728,0.0459865829305,211.968823972,92.2062840545,0.0150080830703,234.43522633,223.748779456,177.625080328,282.624921194,211.968571057,403.46782041,211.967256225,0.0209120013454
2011-02-16 20:00:00,234.117659547,435.553597826,165.37371719,215.038249523,139.07258955,0.00655323655635,211.968687162,211.968566939,0.020068805683,233.681411367,238.10698723,204.958438996,85.4838784547,226.1661638,183.71517272,211.968567,211.968598632,211.968560508,0.0459854155044,211.968820229,92.2061971039,0.0150107336631,234.435225516,223.748754685,177.625080118,282.624916701,211.968566289,403.467790514,211.966134797,0.0208531781143
2011-02-16 21:00:00,234.117656993,435.553595856,165.373708673,215.038246144,171.694537251,0.00655098984614,211.96868887,211.968567127,0.0200662139603,233.681411389,238.106985627,204.958436766,85.4838782924,226.166128734,183.715171215,211.968557786,211.968596801,211.968560259,0.0459845149779,211.968819023,52.2171830572,0.0150160257775,234.435223965,223.748669706,177.625079727,282.624941758,211.9685633,403.467742908,92.2080204408,0.0207671546729
2011-02-16 22:00:00,234.117652211,435.553593534,165.373705861,215.038238463,211.968369114,0.00654873151789,211.968689271,211.968565329,0.0200615401285,233.68141022,238.106981902,204.958429192,85.4838777449,226.16610719,183.715169949,211.968554224,211.968586964,211.968559425,0.0459814670794,211.968813612,52.2171373034,0.0150203011526,234.435220145,223.747006358,177.625078802,282.624887307,211.968559017,403.467655811,92.2068856494,0.0206440616701
2011-02-16 23:00:00,234.117647396,435.553592273,165.373704181,215.038224641,211.968314143,0.00654661974336,211.968687732,211.968562723,0.0200492903378,233.681408289,238.106978481,204.94608923,85.4838773636,226.166088819,183.715168534,211.968559662,211.968563683,211.968558401,0.0459812986834,211.96882073,52.2171280463,0.0150220431283,234.435217027,223.748557648,177.625076402,282.624890196,211.968556871,403.467566824,92.2066229747,0.0205388001858
2011-02-17 00:00:00,234.117640049,435.553592355,165.373705796,215.03821647,171.694595206,0.00654457154505,211.968684198,211.968565704,0.0200587733036,233.681406171,238.106976758,166.018082968,85.4838772514,226.166103009,183.715166847,211.968587438,211.968556608,211.968556131,0.0459840938136,211.968796326,52.2171239438,0.0150191535958,234.435214395,223.745856379,177.625078715,282.624867663,211.968554142,326.809118999,92.2064700501,0.0206535856327
2011-02-17 01:00:00,234.117633994,435.553592359,165.37370506,215.038212129,171.694537103,0.00654264253,211.968680718,211.968566185,0.0200265103307,233.681405538,238.106975178,166.016618358,85.4838774784,226.1661089,183.71516546,211.968583175,211.968553296,211.968554116,0.0459846091652,211.968779637,52.2171201514,0.0150145070894,234.435213354,223.746053627,177.62507836,282.624837045,211.968552488,326.809449317,92.2064059236,0.0206362198925
2011-02-17 02:00:00,234.117635297,435.553593442,165.373703862,215.038209885,171.694531978,0.00654075558007,211.9686789,211.968564138,0.0200033373908,233.681403546,238.106972185,166.01653121,85.4838774952,226.166110611,183.7151644,211.968575742,211.96855308,211.968552726,0.0459845371061,211.96877965,52.2171176078,0.01501263923,234.435215218,223.745214524,177.625078066,282.624767007,211.968552169,326.809639596,92.2064086295,0.0205664166916
2011-02-17 03:00:00,234.117645809,435.553595606,165.373699732,215.038209113,211.96847133,0.00653894088287,211.968679286,211.968559844,0.0200016682813,233.681402863,238.106971514,166.016523362,85.4838773231,226.166125185,183.715164364,211.968579197,211.968557061,211.968552114,0.0459835075387,211.968781569,52.2171155742,0.0150138263788,234.435220473,223.747043013,177.625078217,282.624819663,211.968555714,326.87626625,92.2065554571,0.0206040858917
2011-02-17 04:00:00,234.117657478,435.553599069,165.37367875,215.038215056,211.9685393,0.00653721372477,211.96867999,211.968558245,0.0200017742529,233.681403863,238.106973373,166.016519065,85.4838771856,226.166152283,183.715168731,211.968588948,211.968568517,211.968553028,0.0459817421992,211.968782856,52.217115049,0.0150152050805,234.43522276,223.748566168,177.625078471,282.62483578,211.968561822,403.467408386,113.834657285,0.0208269178522
2011-02-17 05:00:00,234.117668476,435.55360022,165.373613095,215.038227509,211.968545304,0.0065358779298,211.968682699,211.968559826,0.0200084080187,233.681406119,238.106974078,166.01652535,85.4838779945,226.166218543,183.715172732,211.968598021,211.968599881,211.968555494,0.0459823995812,211.968789473,52.2171175313,0.0150184674074,234.435223811,223.748738892,177.625079108,282.624853272,211.968569065,403.467563367,113.834962981,0.0208771828842
2011-02-17 06:00:00,234.117673442,435.553602143,165.373696984,215.038234343,211.968546417,0.00653488212958,211.968684011,211.968569833,0.0200114270893,211.968522887,211.969065864,166.017559127,85.4838788375,226.166242572,183.715147938,211.968599477,211.968611185,211.968557369,0.0459820762849,211.968818508,52.2171299332,0.0150648943137,234.435223544,223.748760252,177.625079348,282.624862132,211.968571009,403.467511454,113.835101658,0.0208558240475
2011-02-17 07:00:00,234.117626482,435.553597743,165.373692181,174.181057071,211.968547139,0.0065331985409,211.968680446,211.968571973,0.0199904208528,189.281947878,192.868217273,166.018432995,85.4838789632,226.16614868,183.715089722,171.694585203,211.968564011,211.968471669,0.0459676685147,211.968840059,52.2171448473,0.0150333536036,211.968551571,223.748724829,177.625079116,282.624844741,171.694591175,211.968495608,92.2059370329,0.0159193061921
2011-02-17 08:00:00,211.968548459,211.968591696,71.9375675621,174.180984711,211.968521616,0.00653132601225,158.976827538,211.968572055,0.0163666704585,189.281941671,192.86664233,166.016453784,85.4838608055,226.165971965,148.809538908,171.69457715,211.968550316,171.694540713,0.0200021666935,211.968848647,52.2171318974,0.0150244087796,189.892512926,223.745421386,143.876314838,211.96864228,171.694563093,211.96808185,92.2048586936,0.0154607331424
2011-02-17 09:00:00,189.635337866,211.968560782,71.9375604945,174.18095603,171.69453163,0.00652930149694,158.976707495,211.968572028,0.0162725845886,189.281925123,192.866631698,166.016399374,64.1131471955,183.194681064,148.80930082,171.694572122,211.968540487,171.694534755,0.0199997509868,211.968843365,52.2171208522,0.0150261311139,189.892511545,223.744687515,143.876313953,211.968550262,171.694555135,175.508583655,0.0153115731536,0.0149988305901
2011-02-17 10:00:00,189.635327501,211.968558162,71.9375426649,161.280041252,171.694524249,0.00652728068425,92.2063745473,211.968572069,0.0162710336258,175.261976,192.866626543,166.016384134,64.1130266099,183.194672795,148.809298312,171.694571629,211.968501218,171.694531262,0.0199988980179,211.968841034,52.2171167785,0.0150316867498,175.826451304,223.744646511,143.876312578,211.968457752,171.694552347,175.508541759,0.015098842401,0.0149709119101
2011-02-17 11:00:00,189.635321951,211.9685599,0.0200203693127,161.27974694,171.694523184,0.00652524948651,0.0198800041488,211.968572485,0.0162722180739,175.262194942,192.866626933,166.01634433,64.1130130874,183.194674002,148.809302109,171.694573268,171.694745749,171.694467083,0.0199986518098,211.968832399,52.217114084,0.015050617301,0.0151051323376,223.744903998,143.876300171,211.968358827,171.694555656,175.508594424,0.0151416052771,0.0149870479784
2011-02-17 12:00:00,189.635333963,211.968573341,71.9375391185,174.180899663,171.69452317,0.00652329631241,0.0150170170635,211.968573751,0.016285978689,189.281940276,192.866629156,166.016340131,64.1130247785,183.194678426,183.714897878,171.69458255,211.968362292,158.977789763,0.0199992524136,211.96881614,52.2171347835,0.0342163912227,175.826846683,223.745311418,143.876298285,211.968425509,171.694566673,175.518996011,0.0161952419691,0.0151014895566
2011-02-17 13:00:00,211.968518914,435.553580852,71.9375440888,174.180976436,171.694524158,0.00652142082529,92.2033204659,211.968573773,0.019995160897,189.281950117,192.866641203,166.016339429,64.1134298234,183.194684671,183.715094172,211.968535404,211.968525597,171.694527891,0.0199996789795,211.968758216,52.217121265,0.0181717928215,189.892511626,223.748239048,143.876310889,211.968541945,171.694585413,211.968540712,92.205060567,0.0156905857766
2011-02-17 14:00:00,234.117634536,435.553599456,71.9375502106,174.181028096,171.694528966,0.00651944583516,92.2063829891,211.968574004,0.0200666882284,211.968543738,238.10609957,166.016342015,85.4838558169,226.165147695,183.715158219,246.020873128,211.968571119,171.694540864,0.0200014350488,211.968752915,52.2171196247,0.0150961187554,189.89251284,223.748665865,143.876313655,211.968637225,211.968529426,403.467467271,92.2062002498,0.019994044066
2011-02-17 15:00:00,234.11766794,435.553602112,71.9375616546,215.038189355,211.96854388,0.00651779020869,158.97681497,211.968574162,0.0200913765826,233.681485368,238.106941084,166.016459304,85.4838719212,226.166207461,183.715174174,246.021014773,211.968620087,211.96855795,0.0200046666035,211.968811247,52.2171552472,0.0150475176646,234.435198292,223.748704981,143.876314692,211.968797833,211.96856883,403.467802623,113.833612195,0.020807581359
2011-02-17 16:00:00,234.117696419,435.553604308,88.8117743771,215.038308617,211.968551149,0.00651595667491,211.968652202,211.968577024,0.0201242397327,233.681499759,238.106947523,166.018127524,85.483877605,226.166265481,183.715175214,246.021036967,211.968622516,211.968570526,0.0246815234335,211.968835317,52.2171674984,0.015048115418,234.435200242,223.748727546,143.876325113,282.625712194,211.968580388,403.467827173,113.833715438,0.0208804785501
2011-02-17 17:00:00,234.117697251,435.553604389,71.9376060256,215.03832652,211.968555928,0.00651412119136,211.968669398,211.968595212,0.0205556875405,233.681506008,238.106947959,204.95843117,85.4838788385,226.166268995,183.715174804,246.021043248,211.968622687,211.968573326,0.0246885803885,211.968885722,92.2062991124,0.0150423859241,234.435200394,223.748728528,177.625089839,282.625930083,211.968580953,403.467830587,113.833782096,0.0209092549399
2011-02-17 18:00:00,234.11769198,435.553607717,71.9375981915,215.038334211,211.968555403,0.00651206211363,211.968677933,211.968908112,211.96843962,233.681508816,238.106941105,204.958437386,85.4838784985,226.166269363,183.715173749,246.021045352,211.96862253,211.968574698,0.0246886624607,211.969340919,211.968485007,0.0150433909945,234.435200372,223.748722073,177.625090624,282.625981212,211.968578875,403.467794931,113.833759882,0.0208821891701
2011-02-17 19:00:00,234.117685399,435.553604345,71.9375659037,215.038333548,211.968555095,0.00650988250085,211.968679565,211.968667606,211.968459651,233.681508879,238.106933049,204.958437935,85.4838780931,226.166267685,183.715172331,246.021047736,211.968622058,211.968575045,0.0246581059275,211.968914193,92.2068171877,0.0150304466497,234.435200306,223.748707299,177.625090792,282.625997925,211.968577778,403.467801332,113.833651924,0.0208889070818
2011-02-17 20:00:00,234.117677016,435.553607202,71.9375629532,215.038329156,211.968554517,0.00650789231667,211.968677637,211.968580573,211.968468176,233.681509195,238.106915569,204.958437511,85.4838779727,226.166268188,183.715170039,246.021048804,211.968621137,211.968574687,0.0200355368941,211.968845665,92.2063216356,0.0150250772544,234.435200165,223.7486591,177.625090816,282.62598867,211.968573716,403.467794229,92.2068880173,0.0207826237107
2011-02-17 21:00:00,234.117676807,435.553603197,71.9375621943,215.038320991,211.968555932,0.00650568625985,211.968676629,211.968574767,211.968472653,233.681509153,238.10688755,204.95843641,85.483877692,226.166263891,183.715166434,246.021048965,211.968620391,211.968574009,0.0200206852886,211.968831314,92.2063098966,0.0150226895178,234.435199944,223.748526285,177.625090787,282.625933585,211.968570549,403.467761404,92.2062474866,0.0204375979022
2011-02-17 22:00:00,234.117668757,435.553600663,71.9375621519,215.038294532,211.968556142,0.00650337382519,211.968676371,211.968572863,211.968475577,233.681506293,238.106760523,204.958434406,85.4838772094,226.166252039,183.715164605,246.021048805,211.968619014,211.968572746,0.0200099315752,211.968807397,92.206235688,0.0150210207995,234.435199629,223.746433656,177.625090695,282.62598193,211.968566749,403.467718254,92.2061663437,0.0201718616197
2011-02-17 23:00:00,234.117665878,435.553599426,71.9375633913,215.038264144,211.968555603,0.00650126602098,211.968675591,211.968571187,211.968477947,233.681497345,238.106102325,204.958428793,85.4838769964,226.16621895,183.715164632,246.021049013,211.968616354,211.968570071,0.0200100798185,211.968790806,52.2172465885,0.0150208012947,234.435199181,223.748424094,177.625090648,282.626006409,211.968565131,403.467677944,92.206120044,0.0201139998238
2011-02-18 00:00:00,234.117663176,435.553597685,88.8117209339,215.03823818,211.968555852,0.0064992440447,211.968675655,211.968570637,211.968401814,233.681485149,211.968501355,204.958418108,85.483876878,226.166203544,183.71516507,246.021050575,211.968614066,211.968565407,0.0200079605262,211.968583476,52.2171828808,0.0150485442002,234.435198727,223.745292458,177.625090942,282.625956522,211.968562908,403.467572288,92.2061817512,0.0201565564909
2011-02-18 01:00:00,234.117661534,435.55359833,88.8117744817,215.038231307,211.968555588,0.00649732813006,211.968679013,211.968569963,211.968343586,233.681470362,211.968531605,204.958386356,85.4838768025,226.166200112,183.715163521,246.021051287,211.968610729,211.968561299,0.0200087452321,211.968561215,52.2171183359,0.0150305511189,234.435198106,223.745227133,177.6250909,282.62593574,211.968562024,403.467575432,92.2061695859,0.0201457338408
2011-02-18 02:00:00,234.117660654,435.553599119,88.811788454,215.038229879,211.968554806,0.00649545705592,211.968680793,211.968569017,211.968435524,233.681467255,211.968539745,204.958199163,85.4838767332,226.16618634,183.715161563,246.021051,211.968608464,211.968559212,0.0200097240437,211.968543936,52.2171075869,0.0150235801178,234.435197388,223.745118698,177.625090852,282.625887588,211.96856318,403.467617258,92.2061584496,0.0201246463332
2011-02-18 03:00:00,234.117662957,435.553600845,88.8117885877,215.03822995,211.968554642,0.00649364207156,211.968680832,211.968566785,211.968469813,233.681472991,211.968521833,166.025708009,85.4838764564,226.166190752,183.715159923,246.02105153,211.968609674,211.968558038,0.0200103528549,211.968508456,52.2171012148,0.0150210223597,234.435196703,223.745261855,177.625090918,282.625879702,211.96856542,403.467740832,92.2062111831,0.0201498969726
2011-02-18 04:00:00,234.117672351,435.553609117,88.8117865381,215.038240669,211.968555285,0.00649193077497,211.968681821,211.968562126,211.968480957,233.681484169,211.968534889,166.019888176,85.483876762,226.166196432,183.715160147,246.021053028,211.968613468,211.968560224,0.0200151345008,211.968154983,52.2171004477,0.0150201183153,234.435196236,223.748358452,177.625091068,282.626012995,211.968569803,403.467814218,92.2103624548,0.0206579761419
2011-02-18 05:00:00,234.117684619,435.553614016,88.8117877298,215.038282169,211.968555995,0.00649063460695,211.968683518,211.968560811,211.968490439,233.681501802,211.968549378,166.020184046,85.4838775272,226.166245436,183.715159015,246.021055123,211.968616894,211.968567129,0.0246851543277,92.2065214515,52.2171307781,0.0150233063925,234.435196617,223.748486759,177.625091275,282.626057436,211.968578625,403.46784518,113.833729667,0.0208583121526
2011-02-18 06:00:00,234.117687271,435.553630372,88.8117933675,215.038323697,211.968556048,0.00648974604177,211.96868589,211.968563166,211.968493292,211.968607406,103.576491058,204.958392762,85.4838781006,226.166256015,183.715133469,246.021055708,211.968617012,211.968572828,0.0246897922607,92.2064523775,211.968530708,0.0183335957845,234.435195917,223.748472298,177.625091351,282.626082875,211.968583306,403.467852434,113.834160982,0.020871152841
2011-02-18 07:00:00,234.117513317,435.553599313,88.8117930818,215.03777382,211.968554955,0.00648825913636,211.968685068,211.968569062,211.968481924,211.968454378,83.8971213236,204.958409423,85.4838772435,226.166232141,148.809334987,246.021041737,211.96853259,211.968152076,0.0246882620098,92.2064266995,211.968535377,0.0150605582089,234.435020334,223.744574393,177.625091212,282.626088471,211.968563289,326.80804191,92.2061592347,0.019976937908
2011-02-18 08:00:00,189.63535577,435.55356534,71.9375624357,174.181245023,211.968547556,0.00648632860283,211.968593218,211.968562656,211.968404632,189.28203697,83.8970567512,166.016936291,85.4838373292,226.166167321,148.809248659,246.020970961,171.695188004,171.694559387,0.0200055748893,92.2057119095,211.968534059,0.0150286153671,74.6871941619,211.968342554,143.876326491,211.969734447,211.968553843,211.968536084,92.2054340325,0.0167568884433
2011-02-18 09:00:00,189.63531254,211.968569239,71.9375569369,215.036840351,171.694531497,0.00648407270269,211.968538094,211.968556549,171.694489667,189.282033016,83.8970443884,166.016481175,64.1129800058,226.166091809,148.809241762,211.968564141,171.694584784,171.694552322,0.0200041518439,0.0150383520428,211.968531377,0.0150273836,74.6871922517,181.233265797,143.876323398,211.969708668,211.968545811,211.96838037,92.2037453682,0.0161296912241
2011-02-18 10:00:00,175.588474962,211.968560721,71.9375485516,215.037998887,158.976262774,0.00648211181733,171.694669854,211.968541199,171.69448646,189.282032218,83.8970367325,166.016319506,64.112943481,226.166017898,148.809237564,211.968501923,171.694579139,171.694547304,0.0200025735734,0.015012127992,211.968525919,0.015028361517,74.6871913371,181.233230063,143.876322241,211.970061828,211.96854214,211.967584443,0.0156056123787,0.016085558989
2011-02-18 11:00:00,175.588362702,211.968562727,71.9375321768,215.03814621,158.976254669,0.0064799253016,171.694629248,92.2063320467,171.694488041,189.28203422,83.8970331264,166.016314338,64.1128801104,226.166011652,148.809240448,199.277116985,171.694576081,171.694548139,0.0200014015235,0.0150090039409,211.968513092,0.0150360546441,74.6871898186,181.233209353,143.876228471,211.970707352,211.968545303,211.968364559,0.0173970034116,0.0162072283344
2011-02-18 12:00:00,175.588373767,211.968592607,71.9375586267,215.038184465,92.2063211904,0.00647799679917,171.694584794,92.2063335544,211.96834666,189.282039761,83.897038457,166.016315126,64.1129308247,226.166079941,148.809243033,211.968527419,171.694574929,171.69455354,0.0200030850292,0.0150076976282,211.968538023,0.0345125420981,74.6871892514,181.233215872,0.015023669402,211.969763299,211.968538269,211.968519806,92.2048910172,0.0165226666995
2011-02-18 13:00:00,189.635312106,435.553571634,71.9375613871,215.038192992,92.2063203766,0.00647602599081,171.694581958,92.2063292494,211.968500041,189.282098105,83.8970469348,166.016324272,64.1129561467,226.166076105,148.809248233,246.02095746,171.694577742,171.694562637,0.0200040009663,0.0150078477888,211.968529175,0.0345184883008,74.6871908559,181.233240879,77.2669491186,211.969616055,211.968528803,326.808099098,92.2058205601,0.0200021182253
2011-02-18 14:00:00,211.968580147,435.553597637,71.9375659673,215.038274414,158.976219649,0.00647400567352,171.694629918,92.2063281884,211.968504411,233.68138201,103.575883631,166.016508827,64.1132098652,226.166133191,183.715076161,246.02104833,211.968214581,211.968529748,0.0200053428071,0.0150082323417,211.968539276,0.0345139691022,74.6871917492,211.968667407,143.876321656,211.969600464,211.968550201,403.467738951,92.2065524236,0.0208445062161
2011-02-18 15:00:00,234.117664395,435.553603698,88.8117826614,215.038350732,158.976261047,0.00647202544301,211.968538267,92.2063265348,211.968506964,233.681525488,103.57653295,166.018226549,85.4838634662,226.16621181,183.715108206,246.021054301,211.96860177,211.968594122,0.0200149088162,0.0150125841638,211.968549515,0.0345079461103,74.6871944562,223.7447032,143.876323473,282.625841843,211.968573387,403.467869373,211.966819736,0.0210186078961
2011-02-18 16:00:00,234.117678688,435.55360776,165.373646247,215.038371113,196.266987155,0.00647027192141,211.968679618,92.2063240196,211.968508405,233.681531634,103.576571076,204.958380417,85.4838766929,226.166233121,183.715109108,246.021055598,211.968605816,211.968627395,0.0246791064995,0.015016288942,211.96855118,0.0345155217401,92.2064095351,223.744719314,143.876361231,282.626049636,211.968581876,403.467899828,211.967583873,0.0210658055163
2011-02-18 17:00:00,234.117678821,435.553608131,88.8118116233,215.038372753,211.968328455,0.00646887771106,211.968680423,0.0150530942521,211.968508802,233.681535661,103.576584745,204.958397438,85.4838782525,226.166230074,183.715108303,246.021055258,211.96860526,211.968633831,0.0246801768618,0.0155807072128,211.968554683,0.0345168098801,92.2064097428,223.744719861,177.625093348,282.626067232,211.96858102,403.467903904,211.96795263,0.0211195558015
2011-02-18 18:00:00,234.117675913,435.553610817,165.373698807,215.038370928,196.266987003,0.00646668643234,211.968680132,0.0150007626478,211.968509078,233.681536937,103.576595569,204.958399818,85.4838779198,226.166223032,183.715107135,246.021054669,211.968604704,211.968635954,0.024681161986,92.2064156071,211.968556062,0.0345237383661,92.2064097083,223.744718061,177.625093817,282.626082562,211.968579143,403.467887864,211.967176281,0.0210752049365
2011-02-18 19:00:00,234.117670502,435.553604808,88.8117927379,215.038363669,171.694550115,0.00646461854938,211.968677664,0.0150002670973,211.968508329,233.681535692,103.576587046,204.958398158,85.4838774102,226.166208617,183.715102298,246.021054016,211.968603689,211.968635919,0.0246716260636,92.2064493016,211.968555624,0.034520582801,92.2064096714,223.744712694,177.625093974,282.626079648,211.968576244,403.467880596,211.966999881,0.0211106135012
2011-02-18 20:00:00,234.117665022,435.553606981,71.9375800646,215.038352637,171.694517886,0.0064623802743,211.968673321,0.0150001297269,211.968507174,233.681534551,103.576574525,204.958394696,85.4838771141,226.166197631,183.715097522,246.021052893,211.968602166,211.968634619,0.0200182819724,92.2066345134,211.968554508,0.0345182392956,92.206409642,223.744701048,177.625093975,282.626051462,211.968571648,403.467862828,211.9665716,0.0210803124881
2011-02-18 21:00:00,234.117664478,435.553602921,71.9375646292,215.038340208,171.694527091,0.00646021865848,211.9686725,0.0150000942034,211.968505374,233.681535522,103.576553423,204.958388683,85.4838768749,226.16617403,183.715092705,246.021050808,211.968601025,211.968631769,0.020010532186,211.968474392,211.968553903,0.0345114922785,92.2064094865,223.744691383,177.625093921,282.626042648,211.968567548,403.46784888,211.965061042,0.0210959257757
2011-02-18 22:00:00,234.117658992,435.553600108,71.9375626168,215.038296837,171.694522683,0.00645809813837,211.968670589,0.0150000609488,211.968502254,233.681531095,103.576519784,204.958375348,85.4838764033,226.166123914,183.715088361,246.021048346,211.968598779,211.968626746,0.0200064919837,211.968528819,211.968553249,0.034484141325,92.206409228,223.744677766,177.62509378,282.626011139,211.968563032,403.467838147,171.693389454,0.0211397748928
2011-02-18 23:00:00,234.117655517,435.553598672,71.9375611207,215.038254146,158.976288049,0.00645607027402,211.968667052,0.0150000417638,211.968496342,233.681512847,83.8971165746,204.958290721,85.4838763521,226.166086398,183.715084254,246.021044264,211.968594,211.968613617,0.0200053540757,211.968568097,211.96855246,0.0327861860366,92.206408819,223.74465673,177.625093633,282.62599069,211.968559656,403.467832217,171.693223812,0.0213559227951
2011-02-19 00:00:00,234.117653238,435.553596847,71.9375633369,215.038234512,171.694514242,0.00645404931666,211.968668137,0.0150000987811,211.968491818,233.681457506,83.897094959,204.951969578,85.4838762548,226.166028354,183.715071858,246.021043465,211.968589265,211.968581224,0.0200052555079,211.968530413,211.968554325,0.0344840878469,92.2064078391,223.744638196,177.625093647,282.625939605,211.968556013,403.467811097,171.692861212,0.0212115782514
2011-02-19 01:00:00,234.117649969,435.553596557,71.9375613693,215.038222317,158.97626254,0.00645206645228,211.968661656,0.0150000980682,211.968442474,233.681430659,83.8971205646,166.017978044,85.4838761403,226.166037037,183.715067047,246.021041498,211.968582655,211.9685691,0.0200048248015,211.96853998,211.96855292,0.0344797214559,92.2064076563,223.7446345,177.625093559,282.625887073,211.968553062,403.467814747,171.693164611,0.0215141620845
2011-02-19 02:00:00,234.117647865,435.553596872,71.9375579883,215.038221313,158.97625951,0.00645020359788,211.968645676,0.0150001477601,171.694673507,233.681414252,83.897183469,166.017452372,85.4838763424,226.166030708,183.715067513,246.021039129,211.968577471,211.968563499,0.020004510765,211.968541406,211.968552541,0.0344752323883,92.2064075558,223.744631151,177.625093498,282.625873738,211.968551891,403.467816268,211.958496113,0.0257940981839
2011-02-19 03:00:00,234.117647889,435.553597495,71.937550485,215.038216661,158.976259146,0.00644833464401,211.968589683,0.0150002350925,171.694523111,233.681410662,103.576201802,166.016657904,85.4838757929,226.166035218,183.715069416,246.021038192,211.968574921,211.968561798,0.0200044148679,211.968546937,211.968553215,0.0344945293284,92.2064074834,223.744646354,177.625093489,282.625862854,211.968550406,403.467824823,211.965480574,0.0269933922217
2011-02-19 04:00:00,234.117649441,435.553598467,71.9375285636,215.038223161,158.976259514,0.0064465125981,211.968560066,0.0150003407515,171.69450163,233.681412308,103.576474237,166.016582852,85.4838761509,226.166054385,183.715072447,246.021035044,211.968574544,211.968562432,0.0200043102679,211.968552455,211.968554262,0.0345063641024,92.2064073387,223.744643204,177.625093555,282.625825369,211.968548507,403.467837386,211.965865806,0.0276005588974
2011-02-19 05:00:00,234.117651211,435.55359783,71.9374987075,215.038241833,158.976262967,0.00644475465156,211.96854893,0.0150006093015,211.966557038,233.681413486,103.576492799,166.016558236,85.4838750365,226.166066797,183.715077301,246.021034352,211.96857728,211.968567798,0.0200042887178,211.968559034,211.968556242,0.0345179102098,92.2064072742,223.744645162,177.625093793,282.625731848,211.968546985,403.467847995,211.96596876,0.0277765167171
2011-02-19 06:00:00,234.117652583,435.553597302,71.9375001546,215.038280825,158.976278577,0.00644306544925,211.966728626,92.2063232174,211.968437365,233.681417696,103.576386741,166.016757412,85.4838748531,226.166081304,183.715070468,246.021029122,211.968576851,211.968578706,0.0200047108404,211.968561161,211.968557652,0.0344818539027,92.2064065917,223.744619788,177.625093966,282.6254365,211.968542563,403.467852678,211.965969771,0.0278832076174
2011-02-19 07:00:00,211.968395933,435.553579732,71.9374227247,215.038203127,171.694489335,0.0064414084728,171.694531859,92.206327042,171.694420196,233.68142045,103.576439263,166.016655165,85.4838727293,183.194628607,148.809258565,211.969248538,211.968392806,211.968567624,0.0200036497767,211.968582697,211.968558015,0.0281460825707,0.0150002615497,181.232847306,177.625094112,282.62439869,171.69452944,326.80874362,92.2066670572,0.0212144145943
2011-02-19 08:00:00,189.635276982,211.968558373,0.0200038541833,215.038163807,158.976257929,0.0064398420225,92.2063890677,92.206329058,171.694415192,233.681417436,83.897108477,166.016536702,64.1129737923,183.194546379,148.809237692,211.96844466,171.694547333,211.968564776,0.0199997314836,211.968618359,211.968558584,0.0150779155136,0.0149981325505,181.232801625,177.625087898,211.968386915,171.69449805,211.968801888,92.2062700908,0.0211416966285
2011-02-19 09:00:00,175.588320969,211.96855238,0.0199998227635,215.037738221,158.976257719,0.00643808160353,92.2063818114,92.2063307503,171.694403259,233.681404974,83.897087711,166.016504375,64.1129265957,183.194519894,148.809235115,199.277004267,171.694537816,211.968556918,0.0199988363186,211.968499887,211.968559262,0.0276260198372,0.014995453268,0.0101431697645,143.876328782,211.968277272,171.694485819,211.968557057,92.2061215964,0.021029652724
2011-02-19 10:00:00,175.588286551,211.968549214,0.0199963867696,174.181204873,158.976256721,0.00643623600123,92.2063832235,92.206343147,92.2064045096,233.68139474,83.8970904618,166.01644683,0.0100490838912,169.625426234,148.809233826,199.276998346,171.694530986,211.968553535,0.0199965071368,158.978004859,211.9685594,0.0343924565296,0.0100018251702,0.0100364240055,143.876326763,211.968235091,171.694475779,211.968526559,92.2058780303,0.0209673636708
2011-02-19 11:00:00,175.588244723,211.968549928,0.0199917390903,174.181129676,158.97625707,0.00643408581103,158.976539581,211.968538437,92.2064495617,233.681389894,83.8970609948,134.473714806,0.0100256792804,169.625416386,148.809233848,199.276997004,171.694524345,211.968551927,0.0199809735383,92.2065109971,211.968558824,0.0344684528182,0.0100004725459,0.0100288893281,143.87632649,211.968265705,171.694456473,211.968555873,92.2059633989,0.0210133081176
2011-02-19 12:00:00,175.588294763,211.968553237,0.0199973118793,215.037741002,158.976258535,0.00643198685411,171.694232996,211.968558317,171.69440557,233.681398516,83.897047374,134.473678482,64.1128216307,183.194508389,148.809235208,199.276997343,171.694533776,211.968556551,0.0199894513887,92.2064455245,211.968560088,0.0345069810913,0.0100004841359,0.0100375482989,143.876326384,211.968293128,171.694469274,211.968658062,92.2062295163,0.0211421863496
2011-02-19 13:00:00,175.588440959,211.968563705,0.0199956420275,215.038110394,158.976260207,0.0064299269759,171.694521024,211.968558075,171.694415079,233.681406333,83.8970461846,134.473670805,64.1129583403,183.194527049,148.809250844,199.277000805,171.694537133,211.96856053,0.019994706405,92.2064345561,211.968559835,0.028329894624,0.0100020033995,167.811433114,143.876326561,211.968315813,171.694483698,326.80881583,92.2068276369,0.0217141605943
2011-02-19 14:00:00,189.635311805,435.553586376,0.0200002905768,215.038192114,158.976266531,0.00642806226483,171.694527322,211.96856181,211.968302362,233.681433736,83.897052595,134.473670471,85.4838391335,183.1945413,183.715048397,211.968582424,171.694561339,211.968581898,0.0199993070837,92.2064449325,211.968560205,0.0271382341671,0.0149973017295,181.232824051,143.876327147,211.968342403,171.694493727,403.467824555,211.967784077,211.96840791
2011-02-19 15:00:00,234.117615773,435.553597391,0.0200074033611,215.038275054,171.694536433,0.00642624492384,171.694584434,211.968570674,211.968410499,233.681500486,103.57653798,134.473678125,85.4838681206,226.166017019,183.715086112,246.02097345,211.968552693,211.968635183,0.0200006985747,92.2114910087,211.968561008,0.0344153532462,0.0149997044396,211.968600826,143.876345829,211.968576232,211.968493528,403.467875905,211.968353945,211.968619861
2011-02-19 16:00:00,234.117650391,435.553599199,0.0200354605866,215.038343765,211.968548577,0.00642467764973,211.968526484,211.968573231,211.96841374,233.681530351,103.576593327,134.473727806,85.4838754886,226.166080322,183.715091367,246.020977774,211.968558906,211.968651661,0.0200043760505,211.968516734,211.968561803,0.0345159458869,211.968557581,223.744544006,177.625090641,282.622377955,211.968498433,403.467911272,211.968417849,211.968693504
2011-02-19 17:00:00,234.117651588,435.55359856,0.0201149401527,215.038346555,211.96855166,0.00642318073132,211.968550634,211.968574069,211.968414519,233.681538727,103.576595812,166.01652896,85.4838770753,226.166083821,183.715091741,246.020977238,211.968558776,211.968653689,0.0200048502759,211.96855803,211.968570124,0.0345213618928,211.968558995,223.744564259,177.62509377,282.623905867,211.968498915,403.467916213,211.968414575,211.968723888
2011-02-19 18:00:00,234.117651197,435.553596602,0.0246435221858,215.038341815,211.968551988,0.0064212888702,211.96854697,211.968574394,211.968416166,233.681537027,103.57658944,166.016863989,85.4838767802,226.166085063,183.715090039,246.020977218,211.968559113,211.968654262,0.0200049936902,211.968561754,211.968576473,0.034520175435,211.968559323,223.744571785,177.625093852,282.624105363,211.968498718,403.467894711,211.968387164,211.968733056
2011-02-19 19:00:00,234.117648946,435.553595166,0.0200228657865,215.038332235,211.96855208,0.00641925717305,211.968543789,211.968574021,211.968415803,233.681528767,103.576573556,166.016863173,85.4838762574,226.16608407,183.71508701,246.020975145,211.968558102,211.968652,0.0200042230126,211.968539581,211.968577223,0.0344889544278,211.968559468,223.744574566,177.62509381,282.623451315,211.968498234,403.467889625,211.968373243,211.968750899
2011-02-19 20:00:00,234.117647042,435.553596369,0.0200074389637,215.038318483,211.968552443,0.00641716045149,211.968550698,211.968573697,211.968415047,233.681508941,103.576545646,166.016860297,85.4838760439,226.16608351,183.715082088,246.020972573,211.968556677,211.968649232,0.0200039437843,211.968272861,211.968573785,0.0296383070081,211.968559527,223.744573365,177.625093665,211.969725415,211.968497481,403.467872833,211.968299456,211.968739478
2011-02-19 21:00:00,234.117647849,435.553595275,0.0200050881156,215.038298312,211.968554647,0.00641501234272,211.968552428,211.968573178,211.968414513,233.681517588,103.576531462,166.01685604,85.4838761721,226.166080703,183.715073736,246.020969631,211.968555739,211.968647164,0.0200040414034,211.95845968,211.968571723,0.0342072459692,211.968559533,223.744569603,177.625093389,211.968976953,211.968496553,403.46785654,211.968203097,211.968695368
2011-02-19 22:00:00,234.117645004,435.553592948,0.0200029453055,215.038271769,211.9685551,0.00641294338261,211.968553379,211.968572157,211.968412919,233.681500513,103.576497945,166.016849062,85.483875774,226.16607557,183.71506585,246.02096611,211.968554806,211.968638389,0.0200037179916,92.2064805517,211.9685704,0.0342872030036,211.968559497,223.744574253,177.625092936,211.968861987,211.968495256,403.467847067,211.96792837,211.968639417
2011-02-19 23:00:00,234.117642476,435.553590998,0.0200016526744,215.038237816,211.968554233,0.00641101829026,211.968550744,211.968568422,211.968409842,233.681457142,83.8978271129,166.016828271,85.4838756282,226.166069769,183.715052252,246.020961789,211.968553639,211.968625503,0.0200032699266,92.2064590844,211.968567824,0.0344636862181,211.968559421,223.74455801,177.625092364,211.968766487,211.968493307,403.46783792,211.967835084,211.968574906
2011-02-20 00:00:00,234.117639166,435.553577809,0.0200032874763,215.038219919,211.968553968,0.00640892129396,211.968575642,211.968558842,211.968397842,233.681431518,83.8971381914,166.016730649,85.4838753364,226.166066532,183.715043932,246.020954444,211.968554339,211.968583871,0.020003877764,0.0198925991227,211.968566033,0.0345127035635,211.968559288,223.744550191,177.625091296,282.623715237,211.968490971,403.467828667,211.965953046,211.967902667
2011-02-20 01:00:00,234.117637108,435.553578105,0.0200016348668,215.038209814,211.968552774,0.00640696708373,211.968579272,211.968558177,211.968294911,233.681419469,83.8970795369,166.016542443,85.4838753647,226.166063412,183.715038038,246.020946938,211.968552501,211.968568518,0.0200030148243,0.0150275083603,211.968563304,0.0345211071079,211.968559228,223.744545173,177.625090911,282.624008094,211.968487381,403.467830499,211.966653815,211.96829502
2011-02-20 02:00:00,234.117634272,435.553582781,0.0200008839399,215.038203121,211.968551965,0.006405125731,211.968583745,211.968557222,211.963407585,233.681417781,83.8970689993,166.016512171,85.4838754302,226.166058032,183.715036012,246.020942984,211.968551554,211.96856415,0.0200024607207,0.015012482286,211.968562162,0.0345212022966,211.968559224,223.744566855,177.625090809,282.623831912,211.968486035,403.467832027,211.967093974,211.9683813
2011-02-20 03:00:00,234.117633518,435.553588239,0.0200008528139,215.038199794,211.968551883,0.00640327458938,211.968563699,211.968555996,92.2066370916,233.681421663,83.8970682036,166.016502747,85.4838755175,226.166054074,183.715048967,246.020940041,211.968551634,211.968561105,0.0200019991279,0.0150089202272,211.968562171,0.0345182578229,211.968559214,223.744563953,177.625090604,282.623679453,211.968484669,403.467835402,211.967546149,211.968277072
2011-02-20 04:00:00,234.117633497,435.553591653,0.0200009457816,215.03820019,211.968551937,0.00640141081172,211.968557852,211.968553026,92.2065030964,233.681423077,83.8970755452,166.016496747,85.4838752416,226.166051149,183.715057515,246.020930742,211.968551561,211.968560404,0.0200014745518,0.0150056767584,211.968562376,0.0345169267976,211.968559247,223.744564835,177.625090278,282.623247623,211.968481839,403.467844625,211.967931615,211.968163082
2011-02-20 05:00:00,234.117632336,435.553592119,0.0200013014536,215.038197251,211.968552122,0.00639966831813,211.968556097,211.968545363,92.2065131346,233.681429209,83.8970903405,166.016493275,85.4838748293,226.166047014,183.715063098,246.020922249,211.968550948,211.968562379,0.0200010162099,0.0150036628823,211.968563947,0.0345184938654,211.968559304,223.744571681,177.62508981,211.975541382,211.968477043,403.46784988,211.968084651,211.967938566
2011-02-20 06:00:00,234.117632095,435.553589488,0.0200030930224,215.038188418,211.968552747,0.00639796932643,211.968558175,211.968553495,113.834818341,211.968581468,83.8970756214,166.016487173,85.4838745929,226.166033533,148.8092374,246.020897954,211.968548749,211.968561727,0.0200013941518,0.0150022668625,211.968565138,0.028267733082,211.96855924,223.74456792,177.625088765,211.984551008,211.968463736,403.467855519,211.968184252,211.967014057
2011-02-20 07:00:00,189.635292162,211.968576764,0.0200015677392,161.279795618,211.968553179,0.00639617144125,211.968558583,211.9685438,92.2063219747,211.96844479,83.8970597005,166.016432878,85.48387328,169.627800092,148.809226918,171.694525491,171.694525169,211.968531436,0.0200001451097,0.0150013375336,211.968566865,0.015392279772,171.694534817,211.96894466,177.625087464,211.968848393,158.976307093,326.808735191,171.693353541,92.2066510644
2011-02-20 08:00:00,189.635267916,211.968564513,0.0199889003435,161.279174134,211.968551222,0.00639455097101,211.968531578,211.968087846,92.206315296,189.282067627,83.8970526617,0.0122960325393,85.4838715448,169.627770693,148.809223988,171.694518826,171.694518844,171.694640622,0.0199975868335,0.015000658981,211.968565827,0.0150497600157,171.694533547,181.233299973,0.0150135106015,211.96854248,158.976242344,211.968641475,92.2064167774,92.2064773252
2011-02-20 09:00:00,175.588321188,211.968556715,0.019926357816,0.0100766325201,211.96854941,0.00639276688674,171.694610269,92.2063388723,92.2063012689,189.282060803,83.8970522718,0.012277067796,85.4838704153,98.3843949779,148.809220478,171.694507102,171.694494238,171.694626544,0.0199644730326,0.014999504096,211.968565838,0.0150779605915,171.694532986,181.23314103,0.0150033129957,211.968517196,0.0100505914347,211.968511927,92.2062748939,0.0200922966934
2011-02-20 10:00:00,175.588273893,211.968554998,0.0150033040866,0.0100231989199,211.968537611,0.00639067802183,171.694585615,92.206331472,0.020126286717,189.282060371,83.8970545574,0.0122708734791,85.4838699628,0.0100248902046,148.809216576,0.0152476487406,0.0100837060175,171.694624494,0.0199520051044,0.0150007775556,211.968563946,0.0278694380316,171.694532288,181.233131743,0.0150019374692,211.968374348,0.0100131550813,211.968483621,92.206200583,0.0198996420789
2011-02-20 11:00:00,175.588181986,211.968556686,0.0150004045121,0.010021841241,171.694587975,0.00638869685063,171.694584928,92.2063304533,92.201963281,189.282061757,83.8970575808,0.012266197242,85.4838709146,0.0100188353883,148.809220996,0.014985368488,0.0150443895336,171.694628149,0.0198474219694,0.0150014973554,211.968561496,0.0344859404056,171.694532272,181.233127475,0.0149981452508,211.968328552,0.0100140119986,211.96852512,92.206255066,0.0199911143703
2011-02-20 12:00:00,175.588279233,211.968565375,0.015005287188,0.0101744376759,171.694534985,0.00638669522354,171.69459341,92.2063310189,92.2063071912,189.28206491,83.897064273,0.0122445381625,85.4838710897,0.0100473127481,148.80922493,0.0150049018119,171.694508531,171.694640904,0.0198686878182,0.0150026742014,211.968560907,0.034520497548,171.694532903,181.233128046,0.0149794169216,211.96842443,0.0147943512633,211.968719626,92.2063653049,92.1996517645
2011-02-20 13:00:00,189.630534149,352.786102787,0.0197732364506,161.27975774,171.69453348,0.0063846876691,211.968535622,92.2063304785,92.2063191913,211.968482865,83.8971233035,0.0122198354496,85.483873758,169.627703217,148.809230813,158.977333667,171.694519856,211.968530675,0.0199612744507,0.0150033835979,211.968560162,0.0345212169947,171.694533557,181.233140087,0.0149821036512,211.96877335,158.976289099,326.808828672,171.693365392,92.2067712598
2011-02-20 14:00:00,189.635297462,435.553592063,0.0199526268482,161.279842137,171.694535796,0.00638280888617,211.968643535,92.2063305543,92.2063351386,233.681377868,103.576614136,0.0122643762596,85.483874205,169.627798726,183.715060233,171.694518396,171.69453002,211.968552483,0.0199974260458,0.0150045425299,211.968562569,0.0345250641533,171.694535953,211.968502098,0.0149988146916,211.968920309,158.976322471,403.467801022,211.968207637,211.967937666
2011-02-20 15:00:00,234.117617102,435.553594636,0.0199991648891,215.038162451,211.968539907,0.00638116851952,211.968659354,92.2063313573,211.968522285,233.681536665,238.106815829,0.0122682041608,85.4838746884,226.166004691,183.715091037,211.968517161,211.968543766,211.968586554,0.0200000383442,0.0150077265269,211.968567738,0.0345299676252,211.968558559,223.744567419,0.0150015926956,211.969376651,211.968379244,403.46787169,211.968491797,237.977711539
2011-02-20 16:00:00,234.117641968,435.553595535,0.0245694008182,215.03823597,211.968551789,0.00637947413464,211.968664478,92.2063424486,211.96854081,233.681549133,238.106916223,0.0122722634773,85.4838756293,226.166068056,183.715096309,211.968550588,211.968547471,211.968652428,0.0200043335965,0.0150316639498,211.968571402,0.0345339469807,211.9685598,223.744597867,0.015003194425,282.62255212,211.968407108,403.467901304,211.968533223,237.977983999
2011-02-20 17:00:00,234.117644543,435.553594433,0.0246122328205,215.038255429,211.968556223,0.00637789721481,211.96866537,122.941825004,211.968545237,233.681552346,238.106931624,0.0125537607822,85.483876686,226.166078751,183.715098202,211.968552924,211.968548412,211.968655402,0.0200052083422,92.2064240177,211.968588427,0.0345346556519,211.968560063,223.744604876,0.0185216842243,282.623797629,211.968412299,403.467899946,211.968529717,237.978061687
2011-02-20 18:00:00,234.117644906,435.553592938,0.0246402922434,215.038263005,211.968556885,0.00637608642068,211.968666468,211.968547613,211.968550253,233.681553145,238.106941832,0.0151493653537,85.483876405,226.166082464,183.715097427,211.96855449,211.968548636,211.968655996,0.0200058522496,92.2065090176,211.968614733,0.0345319380661,211.968560156,223.744607094,0.0185221256211,282.622688152,211.968414563,403.467886013,211.968501052,237.978040313
2011-02-20 19:00:00,234.117642584,435.553591983,0.0246182655985,215.038263788,211.968555836,0.00637418998193,211.968657468,122.941743879,211.968550747,233.681552143,238.106945403,0.0151509406059,85.4838759946,226.166084046,183.715098406,211.968554581,211.968548559,211.968655299,0.0200052229199,211.967982493,211.968596939,0.0345320709578,211.968560124,223.744606825,0.0185223435869,211.969940204,211.968415821,403.467868754,211.968459877,237.978089122
2011-02-20 20:00:00,234.117640948,435.553594514,0.0200119341183,215.038262802,211.968555425,0.00637210972227,211.968586912,92.2063348338,211.968550269,233.681550279,238.106943892,0.0151516455674,85.4838758982,226.16608505,183.715098851,211.968554971,211.968548011,211.968653028,0.0200051766027,211.96844698,211.968589158,0.034530415194,211.968560022,223.744603383,0.0185223870578,211.968906341,211.968416194,403.467850848,211.968387631,237.978117255
2011-02-20 21:00:00,234.117643463,435.553593639,0.0200117087765,215.038253183,211.968556608,0.0063700078733,211.968644038,92.2063322884,211.968550295,233.681549892,238.106942276,0.0151516095077,85.4838758485,226.166083567,183.71509845,211.968555511,211.968547393,211.968649051,0.0200057099593,211.968480245,211.968581406,0.034528363494,211.968559862,223.744598417,0.018522332881,211.96919628,211.968416162,403.467832658,211.968263889,237.978098676
2011-02-20 22:00:00,234.117640636,435.553592388,0.0200087213927,215.03823106,211.968555668,0.00636793057812,211.968659164,92.2063311172,211.968549953,233.681545164,238.106936269,0.015151361597,85.4838754301,226.166077911,183.715098177,211.968555609,211.968546608,211.968642238,0.0200056914263,211.968500156,211.968573876,0.0345265248759,211.968559608,223.744591713,0.018522117573,282.624154264,211.968415553,403.467816074,211.968167991,237.978073187
2011-02-20 23:00:00,234.117639307,435.553592197,0.0200099499309,215.038213867,211.968554591,0.00636585436844,211.968660504,92.2063305683,211.96854979,233.681522367,238.106931042,0.0151495976909,85.4838755523,226.16606692,183.715097922,211.968555693,211.968545304,211.968623852,0.0200057609588,211.968532105,211.968569093,0.0345255623671,211.968559269,223.744583593,0.018521761826,282.624057684,211.968415742,403.467808726,211.968168833,237.978046344
2011-02-21 00:00:00,234.117635924,435.553591626,0.0246397200468,215.038201852,211.968554649,0.00636387007825,211.968672323,92.2063307967,211.968550667,233.681484072,238.106917009,0.0151454381875,85.4838755603,226.166067013,183.715097868,211.968556124,211.968544387,211.968585661,0.020006009904,211.968519653,211.968567351,0.0345296978821,211.968558601,223.744575998,0.0185215336818,282.624233896,211.96841506,403.467760388,211.967870775,237.978068982
2011-02-21 01:00:00,234.117634548,435.553592807,0.0246416114584,215.038197555,211.96855351,0.00636195898728,211.968670854,92.2063307018,211.968551195,233.681462528,238.106910835,0.0151412139556,85.4838757041,226.16605422,183.715097764,211.968556096,211.968542446,211.968568753,0.0200058128891,211.968533943,211.968566427,0.0345293267788,211.968558142,223.744571266,0.0185212489703,282.623763785,211.968414234,403.467747017,211.967867081,237.978093707
2011-02-21 02:00:00,234.117634794,435.55359409,0.0245853770621,215.038192655,211.96855276,0.00636009072124,211.968667868,92.2063308866,211.96855154,233.681452128,238.106903021,0.0151372152463,85.483875755,226.166048318,183.715097967,211.968556019,211.968540996,211.968563114,0.0200059603567,211.968541256,211.968566486,0.0345290954205,211.968557842,223.74456891,0.0185211166885,282.624264299,211.968413965,403.467744108,211.967729372,237.978129156
2011-02-21 03:00:00,234.117638296,435.553595933,0.0200145380444,215.038197539,211.968552746,0.00635828770539,211.96866654,92.2063311464,211.968551591,233.681449619,238.106916667,0.0151362025108,85.4838758434,226.166049258,183.715098906,211.968556121,211.968540949,211.96856137,0.0200063759006,211.968549289,211.968566555,0.0345299830351,211.968558114,223.744572879,0.0185212775226,282.624316954,211.968414243,403.467755432,211.968144798,237.978154474
2011-02-21 04:00:00,234.117644743,435.553599712,0.0200101788718,215.03820735,211.968553337,0.00635659080397,211.968668305,92.2063312976,211.96855203,233.681482409,238.106938831,0.0151371790621,85.4838762113,226.166041629,183.715100265,211.968556215,211.968541982,211.968565736,0.0200078695614,211.968557627,211.968567727,0.0345305644993,211.968558489,223.744586192,0.01852174686,282.624358635,211.968414774,403.467811625,211.968398877,237.978239811
2011-02-21 05:00:00,234.117649348,435.553600098,0.0201626140481,215.03823459,211.96855501,0.00635537958506,211.96867236,92.2063318004,211.968552996,233.681532602,238.106951304,0.0151399365176,85.4838765432,226.166061783,183.715101181,211.968556185,211.968543452,211.96859453,0.0246503008291,211.968576735,211.968572874,0.0345315193093,211.968558935,223.744606963,0.0185221750116,282.624388951,211.968415346,403.46783881,211.968463767,237.978276129
2011-02-21 06:00:00,234.117651336,435.553600325,0.0246731748814,215.038264693,211.968556292,0.0063545804661,211.968675658,122.941673301,211.96855368,211.968509257,238.106891953,0.0151458039128,85.4838772755,226.166069971,183.715065306,211.968554581,211.968543169,211.968600378,0.0246613465312,211.968731934,211.968599392,0.0345322417211,211.968558981,223.744611125,0.018522415973,282.624425938,211.968413973,403.467836599,211.968529808,237.978290038
2011-02-21 07:00:00,234.117149495,435.553587411,0.0246769847829,215.03822077,211.968555206,0.00635308828736,211.968674143,92.2063877026,171.694549015,189.282065358,238.10662167,0.0151494113852,85.4838750941,226.165935183,148.809237101,171.694503074,171.694524464,211.967282957,0.0200068702295,211.968838093,211.972732746,0.0345280107965,171.694533722,223.744511386,0.0185222403267,282.624389663,171.694418111,211.968826303,171.69453465,178.483607777
2011-02-21 08:00:00,189.635297564,211.968588476,0.0199989983201,215.038205491,211.96855094,0.00635114257612,211.968586071,92.2063357645,171.69452454,189.282059358,211.968558981,0.0123495673814,85.4838718751,183.194636474,148.80923318,171.694494869,171.694518496,171.694620659,0.019999819249,211.968849845,211.968804662,0.034475125914,171.694532147,181.233249901,0.0150050451517,211.968828981,171.694410467,211.968479296,92.2065798612,103.52070033
2011-02-21 09:00:00,189.635253035,211.968559438,0.0199894730301,215.038218794,171.694556368,0.00634899083757,211.968438177,92.2064747336,92.2063752581,189.282040958,211.96851679,0.0122792250518,85.4838645307,183.194543003,148.809231081,0.0150560772612,171.694511691,171.694615358,0.0199980168177,211.96880806,211.968636976,0.0161544668753,171.694530551,181.233147601,0.0150029880938,211.968535544,171.694359172,211.967146602,92.2063760933,103.520613885
2011-02-21 10:00:00,175.588306688,211.968555929,0.0199703990323,215.03822044,171.694532002,0.00634682884605,171.694622699,211.968536383,92.2063250101,189.282033599,211.968564934,0.0122757044587,85.4838318259,183.194535705,148.809230678,0.0100112980422,171.694493207,171.694613259,0.0199830829435,211.968605858,211.968596891,0.0152703610675,92.2064093848,181.233137498,0.0150024623467,211.968431538,92.2068224693,175.50879155,92.2062876301,103.520589935
2011-02-21 11:00:00,175.588291282,211.968556441,0.0188002544413,215.038225979,171.694530474,0.0063446950683,158.976758972,211.968555174,92.2063255874,189.282059819,211.968686955,0.0122826935096,64.1131874022,183.194532911,148.809232182,0.010007831603,171.694496999,171.694612089,0.0199767292895,211.96855414,211.96858259,0.0151109835055,0.0149975113053,181.233133444,0.0150021896055,211.968381723,0.0150223326939,211.967738769,92.2063280437,103.520645184
2011-02-21 12:00:00,175.588308596,211.968561465,0.0199670410083,215.038247126,171.694528419,0.00634266687879,158.976848579,211.968571579,92.2064245302,189.282070999,238.106822334,0.0122837402891,64.1133434299,183.194537267,148.809234232,0.0100210050694,171.694513959,171.694616914,0.0199813252795,211.968542111,211.968579169,0.015476318007,0.0150004032793,181.233131639,0.015002044982,211.968376811,158.976417233,211.968216532,92.2065271282,178.483253299
2011-02-21 13:00:00,189.635272697,211.968615251,0.0199695436695,215.038248394,171.69453078,0.00634066580134,171.694608889,211.968573014,171.694525945,211.968521699,238.106935308,0.0122872066732,85.4838530052,183.194543417,148.809240854,158.977852749,171.694518379,171.694817157,0.0199963271356,211.968531557,211.968575115,0.0150522424669,158.976456542,181.233143309,0.0150022154264,211.96837576,171.694406445,211.968615815,171.694399355,178.483828402
2011-02-21 14:00:00,189.635319077,435.553587761,0.0199853321317,215.038258474,171.694533474,0.00633867054417,171.694625291,211.968574075,211.968537495,233.68139404,238.106957259,0.0122996166859,85.4838683417,226.159280738,183.7150897,171.694499686,171.694528446,211.96855376,0.0199995104597,211.968538386,211.968575856,0.0150430632602,171.694532196,211.968522405,0.0150025947486,211.968480082,171.694427854,403.466912692,211.968284624,237.978401408
2011-02-21 15:00:00,234.117638237,435.553594204,0.0199997864364,215.038271426,211.968549875,0.00633688390486,211.968556756,211.96857509,211.968556338,233.683352855,238.106961809,0.0124088437653,85.4838724722,226.166061937,183.715103007,211.968567499,211.968542161,211.968638966,0.0200034604574,211.968563795,211.968578759,0.0152892660283,171.694539632,223.744584752,0.015003386865,211.96878883,211.968457767,403.467810989,211.968553197,237.978540841
2011-02-21 16:00:00,234.117664392,435.553595607,71.9375566842,215.038289522,211.96855171,0.00633517424175,211.968661113,211.96857611,211.968558347,233.683378485,238.106964037,0.0150677673253,85.4838766602,226.166080481,183.715104989,246.020549284,211.968545174,211.968656035,0.0246515743943,211.968802611,211.968573978,0.0344426129577,211.968594465,223.744611372,0.0150260001301,282.62407902,211.968469013,403.467843422,211.968583033,237.97856299
2011-02-21 17:00:00,234.117666107,435.553595461,71.9375608634,215.038292151,211.968552056,0.00633358922896,211.968652824,211.96857788,211.968558828,233.683389067,238.106964316,0.0151479229066,85.4838778187,226.166083277,183.715105504,246.020552174,211.968545378,211.968658447,0.0246678146389,211.968870931,211.968580054,0.0344831845073,211.968595242,223.744614252,0.0185214387481,282.62414792,211.968472032,403.467847575,211.968571776,237.978562631
2011-02-21 18:00:00,234.117664245,435.553594248,71.9375662148,215.038291008,211.968552051,0.00633158073826,211.968665675,211.968619419,211.968559194,233.683393719,238.106961756,0.0151531254141,85.4838775928,226.16608191,183.715105393,246.020553499,211.968545926,211.968658012,0.0246695404038,211.968915685,211.968591195,0.015256985977,211.968595478,223.744614385,0.0185217802823,282.624367757,211.968473444,403.467838918,211.96859607,237.978550959
2011-02-21 19:00:00,234.117660941,435.553592649,71.9375641938,215.038284648,211.96855214,0.00632933992887,211.968647524,211.968584428,211.968559517,233.683394049,238.106956326,0.0151531488132,85.4838770753,226.166080781,183.715104968,246.02055383,211.968545835,211.968657919,0.0200213919137,211.968886316,211.968574832,0.0150323825325,211.968595543,223.744612331,0.0185217338444,282.624321807,211.968473894,403.467826694,211.968543002,237.978561797
2011-02-21 20:00:00,234.117656042,435.553593692,71.9375627752,215.038276827,211.968552404,0.00632711300441,211.968610521,211.968579956,211.968559056,233.683393354,238.106943365,0.0151525435978,85.4838768366,226.166081109,183.715103758,246.020553721,211.968545583,211.968657238,0.0200106458444,211.968859982,211.96856675,0.0150226905849,211.968595517,223.744607015,0.0185214380807,282.623245919,211.968473541,403.467808118,211.968481772,237.978555425
2011-02-21 21:00:00,234.117656355,435.553590579,71.9375610788,215.03826481,211.968552934,0.00632507257504,211.968653669,211.968578438,211.968558571,233.683395414,238.106923501,0.0151516716001,85.4838765414,226.166077979,183.71510143,246.020553427,211.968545424,211.968655195,0.0200151290482,211.968846048,211.968563577,0.0150227187634,211.968595431,223.744602306,0.0185210832795,282.622147536,211.968473244,403.467776317,211.968382627,237.978547287
2011-02-21 22:00:00,234.11765084,435.553582499,71.9375581187,215.038244816,211.968553176,0.00632281535377,211.968661267,211.968577143,211.96855802,233.683386646,238.10676705,0.0151504917293,85.4838759025,226.166071241,183.715099283,246.020553197,211.968545044,211.968650405,0.0200101395895,211.968828292,211.968560735,0.0150237007637,211.968595304,223.744596577,0.0185202937047,282.623060143,211.968472604,403.467744601,211.968325097,237.978544745
2011-02-21 23:00:00,234.11764713,435.553565242,71.9375488557,215.038220933,211.968552676,0.00632063350883,211.968658487,211.968575989,211.968557573,233.683278251,211.968548664,0.0151475949182,85.4838758587,226.166060341,183.715097944,246.020553121,211.968544251,211.968639758,0.0200101503498,211.968819991,211.96855923,0.0150288047814,211.968595174,223.744585586,0.0185185046364,282.622860218,211.968471944,403.467739854,211.968258554,237.978553453
2011-02-22 00:00:00,234.117644632,435.553554559,71.9375639847,215.038206218,211.968552752,0.00631869207515,211.968670689,211.968576525,211.968557577,233.68154623,211.96828035,0.0151437363006,85.483875786,226.166054221,183.715096058,246.020553566,211.968544641,211.968601765,0.0200120081791,211.968618612,211.968559198,0.0157593716761,211.968595018,223.7445931,0.0185127190402,282.623794625,211.968470684,403.467523152,211.96825853,237.978567323
2011-02-22 01:00:00,234.117642675,435.553535461,71.9375638148,215.038200273,211.968552402,0.00631671589798,211.968669675,211.968576281,211.968557398,233.681468021,192.866633788,0.0151390793472,85.4838755499,226.166055442,183.71509239,246.020553419,211.968543646,211.968573309,0.0200134783276,211.968594675,211.96855918,0.0344079353896,211.968595029,223.744589273,0.0167249627044,282.623613882,211.968469921,403.467492961,211.968324393,237.978586182
2011-02-22 02:00:00,234.117641159,435.553524914,71.937565049,215.03819536,211.968552256,0.00631482983972,211.968670821,211.968576064,211.968557219,233.681457339,192.86661283,0.0151344403292,85.4838754546,226.166053559,183.715085199,246.020553085,211.968542841,211.968567791,0.0200129320828,211.96856384,211.968559141,0.0344399079612,211.968595022,223.744586874,0.0150618898945,211.969243571,211.968468877,403.467427868,211.96834197,237.978599827
2011-02-22 03:00:00,234.117643528,435.553561284,71.9375677106,215.038193311,211.968552656,0.00631302430105,211.968672423,211.968575737,211.968557173,233.681466813,192.866611258,0.0151276120971,85.4838752437,226.166051813,183.715084635,246.020552781,211.968542417,211.968564715,0.0200126982017,211.968557832,211.968559072,0.0344194779687,211.968595009,223.744585128,0.0185163790672,282.62381943,211.968468153,403.467589393,211.968435183,237.978616592
2011-02-22 04:00:00,234.117649963,435.553586358,71.9375713755,215.038202327,211.968553255,0.00631130582361,211.96867309,211.968575176,211.968557416,233.681655232,192.8666678,0.0151228566125,85.4838757109,226.166049893,183.715089017,246.020552562,211.96854243,211.968569999,0.020031324715,211.968552377,211.96855914,0.0344556497997,211.968595026,223.744582987,0.0185208137762,282.624140078,211.968467182,403.467752265,211.968575116,237.978669089
2011-02-22 05:00:00,234.117655662,435.553586226,71.9375832709,215.038220894,211.968554867,0.00631007758946,211.968674243,211.968575262,211.968558299,233.683342374,211.96855638,0.0151211355245,85.4838763116,226.166051279,183.715096276,246.020552174,211.968542338,211.968610239,0.0246776368841,211.968550256,211.968560568,0.03451284482,211.9685951,223.744579311,0.0185218926186,282.624336301,211.96846568,403.46780642,211.968648677,237.978715602
2011-02-22 06:00:00,234.117656075,435.553586323,71.9375938056,215.038227681,211.968556443,0.0063091306072,211.968674922,211.968577651,211.968558097,233.68144973,192.866602623,0.0151172271955,85.4838769929,226.166038993,183.715088965,246.0205496,211.968540397,211.968625259,0.0246815726079,211.96859072,211.968567515,0.0345376224801,211.968594966,223.744565606,0.0185223799353,282.624356412,211.968458322,403.467819742,211.968772685,237.978756763
2011-02-22 07:00:00,211.968547563,211.968557961,71.9375960604,215.038044024,211.968557532,0.00630775173808,211.968672507,211.968579309,171.694536523,233.681396422,192.866592909,0.0151125802805,85.4838727213,171.694287284,148.809402412,199.276619397,171.694504706,211.968553764,0.0200076134816,211.968763565,211.968577797,0.0345245855111,171.694565792,181.232037714,0.0185223113781,282.624361699,158.976302911,211.971064352,211.968264947,211.968798151
2011-02-22 08:00:00,189.635284686,211.968549445,71.9374377149,174.180987845,211.968553871,0.00630586501795,171.694623145,211.968580017,171.694525365,233.681179154,192.86658565,0.0124394921179,85.4838540313,171.694251949,148.809239371,199.276609545,171.694492619,211.968540392,0.0199999794729,211.968761668,211.96857191,0.015325742359,171.694559735,181.231990521,0.0150134161487,211.968394702,158.976273364,211.968534133,171.696186987,178.484092112
2011-02-22 09:00:00,175.588287465,211.968541594,58.2694508605,174.180947891,211.968553074,0.00630390531798,171.694600497,211.968578961,92.2063267235,211.968549126,192.866581103,0.01005750614,64.1131616927,158.976105217,148.80923693,0.0150300960844,0.0100365483826,171.694668317,0.0199979286977,211.968637755,211.968568889,0.0174723283047,171.694558354,167.808058447,0.0150034915774,211.96833982,0.0100332080095,211.968399815,171.694950458,178.483802789
2011-02-22 10:00:00,175.588242072,211.968538398,0.0200207462709,174.180563569,211.968552423,0.00630196987552,92.2063821615,211.968577135,92.2063200286,211.968557757,192.86657847,0.0100379648069,64.1130496616,0.0100441329725,148.809237128,0.0100120306372,0.0100072911467,171.694623051,0.0199910178908,211.968582743,211.968566856,0.0281615046885,158.976451679,0.0100492500902,0.0150027572898,211.968306799,0.0100081464897,211.968154165,171.694442533,103.521083834
2011-02-22 11:00:00,175.588199609,211.968543879,0.0200072349858,161.279353698,211.968551422,0.00629961131142,92.2063716314,211.968576639,92.2063225025,233.679168992,192.866578147,0.010033235864,64.1130454201,0.0100555948075,148.809238203,0.0100084373574,0.0100075374099,171.694620538,0.0199861503209,211.968566881,211.96856684,0.0344952975017,0.015008959111,0.0100433521282,0.0150021271845,211.968270662,0.0100080877176,211.968433934,171.69485675,178.48384178
2011-02-22 12:00:00,175.588258568,211.968546973,58.2694660784,174.180906494,211.968550629,0.00629744882061,92.2063757178,211.96857652,92.2063555916,233.681360662,192.866580622,0.0100294092674,64.1130941836,158.976253708,148.80927532,0.0100285605818,0.010072477316,171.694622149,0.0199922685873,211.968601485,211.96858,0.0345389230268,158.976480576,0.0101050681517,0.0150018153776,211.968294211,0.010042021788,211.968534033,171.69559121,178.484148898
2011-02-22 13:00:00,189.635253291,211.968554584,58.2695532499,174.180950588,211.968549403,0.00629544049222,92.2063914276,211.968576585,171.694530458,233.681385352,192.866586188,0.0100241604107,85.4837488714,171.694243526,183.715037875,199.276459948,171.69449574,171.694639678,0.0199979387799,211.968582488,211.968579854,0.0345369467996,171.694558702,181.231948154,0.0150020125817,211.968337042,158.976259913,211.979749618,211.96835143,237.975418447
2011-02-22 14:00:00,189.635388887,211.968588903,71.9375623337,215.037762313,211.968551334,0.00629360166055,171.694607518,211.96857644,211.968541128,233.681662358,211.968556469,0.0100273867626,85.4838619304,171.694266387,183.715093903,199.276614962,171.694505523,211.96855376,0.020000287847,211.968558437,211.968585984,0.0345281271618,171.694559661,181.232008849,0.0150027195086,211.968420899,158.976304759,403.467751247,211.968597393,237.978653679
2011-02-22 15:00:00,234.117630766,435.553584453,71.9375681739,215.038180779,211.96855296,0.00629197358119,171.69464102,211.968576724,211.968564274,233.683411252,238.106896225,0.0100310915165,85.4838710537,211.968215793,183.715099612,211.968555235,211.968524618,211.968636824,0.0200057651214,211.968555607,211.968597116,0.0345264621084,211.968582517,211.968697172,0.0150037197515,211.968572726,211.968088418,403.467858371,211.968861112,237.978804094
2011-02-22 16:00:00,234.117652149,435.553590001,88.8117104428,215.038207452,211.968555324,0.0062900369647,211.968668909,211.968577875,211.968572679,233.683416326,238.106903512,0.0100346832129,85.4838756864,211.968233505,183.715100358,246.020797542,211.968529498,211.968659853,0.0459805541995,211.968561111,211.968600889,0.0345301986535,211.9685921,223.743265405,0.015009386178,282.625169161,211.968102139,403.467883804,211.969234764,237.978873058
2011-02-22 17:00:00,234.117653785,435.553591367,88.8120011971,215.03821024,211.968559794,0.00628846044219,211.968676704,211.968578352,211.968575506,233.6834202,238.106904612,0.0123071992929,85.4838772096,211.968236576,183.715099946,246.020800287,211.968530591,211.968660839,0.0459854408305,211.968565338,211.968667938,0.0345266758958,211.968592335,223.743274034,177.625039763,282.625347443,211.968105237,403.467890699,211.969194111,237.978881652
2011-02-22 18:00:00,234.117651426,435.553591231,165.373708165,215.038210375,211.968559419,0.00628659825374,211.968678132,211.968577611,211.96857723,233.683421481,238.106902953,0.0123854854818,85.4838768345,211.96823677,183.71509907,246.020801471,211.96853122,211.968660553,0.0459855927421,211.968781385,47446.4958459,0.0345137770866,211.968592336,223.743276715,177.625041189,282.625431188,211.968106572,403.467897821,211.968934139,237.978843096
2011-02-22 19:00:00,234.117647415,435.553590597,165.373651419,215.03820839,211.968557795,0.00628446004466,211.968677156,211.968575058,211.968578272,233.683420325,238.10689882,0.0123859146579,85.4838765038,211.968235461,183.715098141,246.020802094,211.968531232,211.968659591,0.0459843027605,211.968556461,211.968930468,0.0154093611368,211.968592268,223.743277694,177.625041425,282.625455859,211.968106866,403.467881605,211.968711422,237.978792127
2011-02-22 20:00:00,234.117643016,435.553592114,88.8116594874,215.038205308,211.9685563,0.00628231745313,211.968674823,211.968558837,211.968578114,233.683418853,238.106892214,0.0123857361082,85.4838762888,211.968234663,183.71509605,246.020802223,211.968530796,211.96865837,0.0459806648274,211.968527542,211.968629156,0.0150514356159,211.968592136,223.743275863,177.625041455,282.62546529,211.968106491,403.467862097,211.968612626,237.978716438
2011-02-22 21:00:00,234.11764198,435.553590888,88.8116466715,215.038199679,211.968556781,0.00628010332241,211.968674705,211.968551156,211.968577432,233.683418713,238.106883574,0.0123852240051,85.4838762516,211.968231207,183.71509253,246.020802206,211.96853006,211.968655417,0.0459813168107,211.968495407,211.968604738,0.0150579335091,211.968591928,223.743273731,177.625041426,282.625486723,211.968106032,403.467845501,211.968559034,237.978677535
2011-02-22 22:00:00,234.11763812,435.553589164,71.9376747122,215.038191713,211.968555813,0.00627771861933,211.968673783,92.206332705,211.968575781,233.683413427,238.106864918,0.0123842412492,85.483875792,211.968225232,183.715088961,246.020802131,211.968528929,211.968651524,0.0459775427086,211.967938316,211.968584152,0.0150634367633,211.96859164,223.743271195,177.625041357,282.625481465,211.968105228,403.467831333,211.968507273,237.978660719
2011-02-22 23:00:00,234.11763502,435.55358778,71.9375731228,215.038181749,211.96855427,0.00627558345394,211.968671387,92.2063304788,211.968573917,233.683384513,238.10680913,0.012382200812,85.48387581,211.968215624,183.715084171,246.020802155,211.96852731,211.968642515,0.0459822168922,211.900301848,211.968572655,0.0151571051663,211.968591278,223.743272242,177.625041276,282.625481482,211.968104235,403.467825156,211.968488937,237.978655013
2011-02-23 00:00:00,234.117633723,435.553586659,71.9375701294,215.038172867,211.968554197,0.00627356040241,211.968669129,92.206331011,211.968571911,233.682012408,238.106831613,0.0123798084933,85.4838760954,211.968208504,183.715076384,246.020802239,211.968526728,211.968616139,0.0459829140348,92.2064999861,211.968569884,0.0344991704472,211.968590843,223.743269847,177.625041084,282.625468618,211.968102623,403.467813999,211.968482981,237.978652216
2011-02-23 01:00:00,234.117630636,435.5535869,71.9375680682,215.038167373,211.968553367,0.00627164268449,211.968662187,92.2063290176,211.968571104,233.681601348,238.106601009,0.0123773195867,85.4838762259,211.968200905,183.715069167,246.020802112,211.968524621,211.968584453,0.0459835221076,92.2064690307,211.968566868,0.0344311491093,211.968590501,223.743267143,177.62504112,282.625487004,211.968101335,403.46781444,211.968480995,237.978651761
2011-02-23 02:00:00,234.117628704,435.553587325,71.937568769,215.038163934,211.968552888,0.00626976485605,211.968645659,69.1547761265,211.968570927,233.681561899,211.96959667,0.0123755247067,85.4838761551,211.968189715,183.715062804,246.020801689,211.968522881,211.968571451,0.0459863041071,92.2064544754,211.968567017,0.0343213121457,211.96858997,223.74326549,177.625041171,282.625477837,211.968099963,403.467818113,211.968507316,237.978655084
2011-02-23 03:00:00,234.117629511,435.553588541,71.9375694023,215.038160899,211.968552647,0.00626797153503,211.968602949,0.0150044185222,211.96857228,233.681539558,211.968667886,0.0123732193952,85.483876007,211.968181466,183.715062017,246.02080135,211.968522215,211.968566751,0.0459867651008,92.2064315928,211.968566533,0.0153734084214,211.968589389,223.743263419,177.625041225,282.625485038,211.968098366,403.467826703,211.968572347,237.978670924
2011-02-23 04:00:00,234.117633501,435.553591321,71.937569191,215.038161989,211.968552757,0.00626634079476,211.968581852,0.0150014544535,211.96857421,233.681681299,238.10241083,0.012371488132,85.4838756623,211.968179757,183.71506464,246.020801154,211.968522167,211.968574456,0.0459864547244,92.2062375116,211.968569735,0.0151073799537,211.968589087,223.743261609,177.625041348,282.625466436,211.968096829,403.467852914,211.968695061,237.978727284
2011-02-23 05:00:00,234.117635736,435.553590816,71.9375691119,215.038163914,211.968552969,0.00626496464728,211.968609747,0.0150014352726,211.968577356,233.683356799,238.106775584,0.0123716752608,85.4838762696,211.968177008,183.715063242,246.020800993,211.968521646,211.968614643,0.0459864846324,0.0176905177428,211.968578264,0.0151226296577,211.968589315,223.743257345,177.625041485,282.625377126,211.968094497,403.467877028,211.968911593,237.978784491
2011-02-23 06:00:00,234.117631772,435.553590562,71.9375992342,215.038156412,211.968552576,0.00626397831935,211.96860135,69.1548595718,211.968578568,233.681413696,192.866624235,0.0123726023005,85.4838768483,211.968152936,183.714552589,246.020799014,211.968516977,211.968611776,0.0459836954703,0.0150341578404,211.968597127,0.0180357537454,211.968588549,223.743245699,177.625041424,282.62544745,211.968085238,403.467887303,211.969842695,237.978830285
2011-02-23 07:00:00,175.588258093,211.968597075,71.9375711648,174.180863846,211.968549414,0.00626253028987,211.968550352,69.1547695122,211.968542518,233.681277912,192.866548944,0.0123718078003,85.4838697399,0.0108011906097,148.809084033,199.276839122,0.0150364623652,171.694640472,0.0200086121754,0.0163444124251,211.96868485,0.015035429225,0.0150028420362,181.230391548,177.625040987,282.625462576,92.20633248,326.808880207,211.968481474,211.968236
2011-02-23 08:00:00,175.588175357,211.968559185,71.9374077255,174.180816919,171.694510481,0.00626058030556,92.2063781238,69.1575214273,171.694549601,211.968558488,192.8665354,0.0100667280747,85.4838240544,0.0107545266952,148.809075225,199.276831362,0.0150249921351,171.694617156,0.0200005395678,0.0151643130275,211.968845679,0.0150201858285,0.0149994617496,181.230342527,135.016369521,211.969171917,92.2063028002,211.968727246,211.967839913,178.48412939
2011-02-23 09:00:00,0.014988663056,211.968552751,71.9373765738,161.278792349,171.694501171,0.0062584996931,92.2063660473,92.2062895113,171.694529696,211.968548846,192.866523277,0.0100126607638,64.1129990942,0.0100209047019,148.809071429,107.019120886,0.0101902050647,171.694610694,0.019998925906,0.0150255016925,211.96892032,0.0150131441328,0.0149980690141,0.0101912992345,135.016366498,211.96904475,0.0100218429308,211.968528319,171.69580621,103.523763317
2011-02-23 10:00:00,0.0100112732843,211.968550042,0.020023932945,0.0100522398491,92.2063392652,0.00625647238942,92.2062992089,69.1547365315,92.2063389934,211.968544037,178.580655642,0.0100061240327,64.1129584508,0.0100094366774,148.80906953,0.010011671678,0.0100062765396,171.694599787,0.019996736166,0.0150173819918,211.968753636,0.0150091218182,0.0149829385526,0.0100244707887,135.016360841,211.968740092,0.0100078934273,211.968498834,171.695632278,103.520831303
2011-02-23 11:00:00,0.0100075456476,211.968550673,0.0211842459174,0.0100369017316,92.206321587,0.00625437621066,92.2062528287,0.0150153291992,92.2063894419,211.968550938,103.576541327,0.0100014318474,0.01009537312,0.0100075920116,148.809069473,0.0100091190573,0.0100052080475,171.694597315,0.0199945960781,0.0150319715087,211.96864018,0.0150079234835,0.010012368425,0.01001679956,0.0149895084615,211.968668712,0.0100073574301,211.968534399,171.695839135,178.483868564
2011-02-23 12:00:00,0.0100095670893,211.968553657,71.9373982453,93.542638722,92.2063319085,0.00625226158808,92.206364846,92.2063280536,171.694543729,211.968737203,192.866352356,0.0100007418206,64.1121383451,0.0100114331017,148.809070411,0.0100191600559,0.0100108711692,171.694611166,0.0199975257644,0.0150117719993,211.96869778,0.0150094315674,0.0149698378898,0.0100290260769,0.0100020560455,211.968957467,0.0100150428297,211.968624543,211.96476503,178.484215248
2011-02-23 13:00:00,0.0149653623537,211.968562298,71.9373932211,174.180781908,158.976468229,0.0062502501605,92.2063687332,69.1547371786,171.694553048,233.681367326,192.866524499,0.0100007864783,64.1129721571,0.0102856413336,148.809073078,199.276698354,0.0150060423088,171.694620188,0.0199988786408,0.0150086542136,211.968631711,0.0150136750311,0.0149973868858,181.229890086,0.0100024198639,211.969074987,92.2062567996,326.808881788,211.968426753,237.977414452
2011-02-23 14:00:00,175.588170505,211.974446482,71.93755866,174.180848003,171.6945052,0.00624831491949,92.2063765387,0.0150059701698,211.96855542,233.681470011,192.866538237,0.010001099637,64.1130995327,0.0107898949938,148.809187034,199.276834943,0.0150357678673,211.968540561,0.0200000907156,0.0150059640563,211.968612875,0.0150136808945,0.0149991038792,181.23035859,0.0150105611559,211.969205246,92.2063335343,403.467785998,211.968683928,237.978667853
2011-02-23 15:00:00,211.968530636,435.553578428,71.937566543,215.038063849,171.694510187,0.00624649910044,92.2063838329,92.2063212883,211.968579068,233.683406294,211.969056796,0.0100025893426,85.4838645207,0.0147644959316,183.714899382,211.968555385,211.968507485,211.968632076,0.0200054835987,0.0150686761553,211.968620234,0.0150148985625,0.0150006658424,211.967432523,135.016366036,211.971279251,211.967938843,403.467861415,211.969417907,237.978849793
2011-02-23 16:00:00,234.117628103,435.553581733,71.9375677656,215.03814295,171.694533316,0.00624491033025,92.2064183641,92.2063297608,211.968582967,233.683414956,238.106825094,0.0100067272977,85.4838750916,0.0153246760832,183.714900956,246.020899607,211.968543261,211.968668003,0.0246846168338,92.2064585526,211.968607298,0.0150193013393,0.0185179177204,223.741423111,135.016368978,376.830838556,211.968068462,403.467883663,211.970060271,237.978943639
2011-02-23 17:00:00,234.117634294,435.55358196,71.9375680321,215.038151606,211.968545846,0.00624352040011,92.2064057176,92.2063325033,211.968583814,233.683418492,238.106831215,0.0100429827119,85.4838768522,0.0153353338543,183.71490083,246.020902366,211.968546377,211.968672021,0.0246901088577,211.968483952,211.968632842,0.0150195565412,0.0185183561637,223.741437473,177.625076612,376.831695532,211.968075432,403.467890606,211.969937886,237.978958869
2011-02-23 18:00:00,234.117635083,435.553583939,71.9375679277,215.038154795,211.968545604,0.00624148258059,92.2063858582,211.968557865,211.968583347,233.683419111,238.106839204,0.0123531911455,85.4838766026,0.0153381416315,183.714900421,246.020903354,211.968548843,211.968673196,0.0246913662105,211.968546745,211.968779602,0.0150199419556,0.0185184758462,223.741442614,177.62507766,376.831850163,211.968078389,403.467895709,211.969445803,237.978937017
2011-02-23 19:00:00,234.117633563,435.553582005,71.9375622371,215.038155169,211.968542244,0.00623923709719,92.2063761972,211.96855465,211.968581897,233.683414264,238.106837335,0.0123539198956,85.4838762341,0.015338909465,183.71489935,246.020903876,211.968549905,211.968673479,0.0222043842769,211.968533469,211.968640731,0.0150161918635,0.018518488848,223.741443731,177.625077928,376.831898653,211.968079843,403.467885815,211.968851055,237.97886909
2011-02-23 20:00:00,234.117631584,435.553583504,71.9374542964,215.038154871,211.968541759,0.0062372638634,92.2063744651,211.968552414,211.968579161,233.683411092,238.106835269,0.0123539125745,85.4838759273,0.0153403493027,183.714897342,246.020903957,211.96854997,211.968673056,0.0200129685239,211.968394572,211.968583704,0.0150108333192,0.0185184336736,223.741442615,177.625077991,376.830035187,211.968080303,403.467868681,211.968679527,237.978766061
2011-02-23 21:00:00,234.11763183,435.553581512,71.9374118393,215.038152711,211.968548962,0.00623498387911,92.2063793342,211.968554126,211.968576504,233.683409802,238.106834134,0.0123536199548,85.4838757471,0.0153389968334,183.714894667,246.020903692,211.968549763,211.968672771,0.0200099032053,92.2065697886,211.968564867,0.0150081249643,0.0185182987048,223.741441687,177.625077958,282.639479415,211.968080261,403.467848855,211.968593193,237.978718127
2011-02-23 22:00:00,234.117628858,435.553577893,71.9374067942,215.038148712,211.968547984,0.00623265038894,92.2063865141,211.968551986,211.968572911,233.683391793,238.106829272,0.0123529214097,85.4838752846,0.0153357830606,183.714891558,246.020903432,211.968549336,211.968668539,0.0200076464344,92.2064602116,211.968564118,0.0150063506049,0.0185181114738,223.741442246,177.625077899,282.625984137,211.968079807,403.467833606,211.968556481,237.978699401
2011-02-23 23:00:00,234.117626732,435.55357391,71.9374056304,215.038141488,211.968544953,0.00623058605974,92.2063947725,211.968537644,211.968568911,233.682077483,238.106820305,0.0123510023303,85.4838753325,0.015331050577,183.714888932,246.020903224,211.968548555,211.968663999,0.0200071278531,92.2064497465,211.968558739,0.0150059551109,0.0185178909418,223.7414402,177.625077799,282.625532871,211.968079178,403.467823667,211.968544959,237.978691928
2011-02-24 00:00:00,234.117625635,435.553572499,71.9374166102,215.038136464,211.968551894,0.00622862570222,92.2064035654,92.2063656321,211.968566044,233.68143305,238.106824635,0.0123490381495,85.4838752958,0.0153291418952,183.714886616,246.02090318,211.968548424,211.968642157,0.0200067822862,69.1560183989,211.968556996,0.0150094212324,0.0185177579913,223.741438835,177.625077753,282.625769425,211.968078623,403.467814904,211.968537591,237.978680249
2011-02-24 01:00:00,234.117623846,435.553571783,71.9375318018,215.038132712,211.968551895,0.00622666585035,92.206430916,92.2063349934,211.968564075,233.681409976,238.106812832,0.0123469710129,85.4838753509,0.0153251633283,183.714884831,246.020903064,211.968547731,211.968589614,0.0200064038996,0.0150985024703,211.968556936,0.0150070957401,0.0185176985867,223.74143705,177.625077807,282.625107068,211.968077724,403.467815788,211.96853826,237.978684567
2011-02-24 02:00:00,234.117622618,435.553572224,71.9375722351,215.038129282,211.968551106,0.00622478175726,211.967879789,92.2063330501,211.968563277,233.681397626,238.106748312,0.0123452725427,85.4838754188,0.0153223810834,183.714883512,246.020902703,211.96854751,211.968574906,0.0200064704528,0.0150797248591,211.968556452,0.0150052724486,0.0185176563568,223.741434978,177.625077689,282.625117617,211.968077078,403.467813894,211.968555538,237.978688386
2011-02-24 03:00:00,234.117622848,435.553573959,71.9375891447,215.038129786,211.968550761,0.00622298483789,211.968528097,92.2063318392,211.968563554,233.68139775,238.106750377,0.0123440559382,85.4838750576,0.01532168456,183.714882938,246.020902383,211.968547697,211.96857152,0.0200067505963,69.1552843799,211.968556061,0.0150045772145,0.0185175548236,223.741433073,177.625077765,282.624866382,211.968076368,403.467820554,211.968609506,237.978707062
2011-02-24 04:00:00,234.117625984,435.553576008,211.943558266,215.03812978,211.96855194,0.00622130450133,211.968562208,92.2063311023,211.968564912,233.681418582,238.10680246,0.0123431445755,85.4838751102,0.015323010676,183.714882108,246.020902127,211.968548567,211.968581157,0.0200074247169,92.2063923952,211.968556012,0.015004597414,0.0185175162883,223.741431271,177.625077804,282.624867819,211.968075713,403.467829415,211.968784186,237.978784345
2011-02-24 05:00:00,234.117627483,435.553573328,211.968375309,215.038134321,211.968553336,0.00621995948188,211.96866876,92.2063311418,211.968568203,233.681866235,238.106820962,0.0123437806929,85.4838754358,0.0153253366333,183.714878229,246.020901794,211.968549633,211.96865228,0.0200131902229,92.206439546,211.968556687,0.0150073300519,0.0185175673992,223.74142656,177.625077909,282.624899389,211.968073479,403.467832833,211.969268765,237.978868281
2011-02-24 06:00:00,234.117625059,435.55356712,211.968388419,215.038134639,211.968554182,0.00621910703791,211.968681119,92.2063326758,211.968566452,233.681361148,238.106747726,0.0123459598898,85.4838760556,0.0153205027076,132.896114822,246.020899521,211.968549309,211.968651394,0.024686230079,92.2064456507,211.968558499,0.0150288837419,0.0185172646381,223.741413949,177.625077798,282.625117671,211.968065503,403.467838197,211.970199929,237.978933393
2011-02-24 07:00:00,175.58827357,211.968562191,211.968398521,174.180904849,211.968554132,0.00621747935556,211.968685457,92.2063327426,171.694541482,233.681199686,238.106702986,0.0123474395237,85.4838735184,0.0124051388206,132.896103376,199.276891369,171.694529238,211.968557706,0.020006614465,92.2064553731,211.968557546,0.0150261440245,0.0149985594303,0.0140279361113,177.625077283,282.625535629,92.2066467652,326.808560006,211.968501569,237.97759343
2011-02-24 08:00:00,175.588197309,211.968553533,211.968453527,174.18087133,211.968553131,0.0062155684685,211.968692012,92.2063298284,171.69449411,211.968565957,211.968787492,0.0100135202269,85.4838726891,0.0123830724283,132.896095131,199.276882051,171.694524745,211.968546967,0.0200045708887,92.2064548309,211.96855551,0.0150237557943,0.0149969364963,0.0139780356341,77.2669347567,282.625551077,92.2065917261,211.968591062,211.96820134,178.484242711
2011-02-24 09:00:00,0.0100617717124,211.968543273,211.968496218,174.180245415,211.968550762,0.00621372815171,211.968719752,92.2063290132,92.2063263075,211.968543907,211.968535685,0.0100046110382,85.4838717979,0.0118835585908,79.9161637206,107.01933571,171.694521482,211.96853751,0.0200017672421,0.0151351685198,211.968554169,0.0150251677712,0.0149938116724,0.0100748298013,77.266930535,282.626250352,0.0100131889243,211.968472894,171.695998728,178.483940107
2011-02-24 10:00:00,0.0100060486912,211.96853577,211.968500861,161.279088745,171.694648209,0.00621186206289,211.968730629,92.2063260662,92.2063103356,211.968540386,211.968505873,0.0100020340582,85.4838705014,0.0101467646758,0.0209132441185,0.0100096308934,171.694517151,211.968544507,0.020000866188,0.0150224721753,211.968546663,0.0150266436533,0.0100161053733,0.0100244229328,77.266922955,282.627792597,0.010007443579,211.968388414,171.69587354,103.521093571
2011-02-24 11:00:00,0.0100047131415,211.968534906,211.968481309,161.279167408,171.694545012,0.00620960248908,211.968727491,92.206325818,92.2063238308,211.96867522,211.968445973,0.0100006529766,85.4838691211,0.0100577613994,132.896087152,0.0100080366462,171.694515293,211.968548886,0.0200010066916,0.0150206603492,211.968548898,0.015026424939,0.0100012399399,0.0100183097335,0.0100022496811,282.629871802,0.0100083440961,211.968469066,171.695990884,178.483984486
2011-02-24 12:00:00,0.0100063821468,211.968537936,211.96852473,174.180836001,211.968536017,0.00620744256235,211.968722923,92.2063293903,92.2063323284,233.681327841,192.866529127,0.0100002375084,85.4838708265,0.0116036179649,132.896100325,0.0100117409826,171.694523902,211.968553185,0.0200036944836,0.0228085424564,211.968547013,0.0150244176363,0.0100015803175,0.010020855755,0.0100007669063,493.855040522,0.0100232516737,211.968584287,211.967378972,178.484243298
2011-02-24 13:00:00,0.0158610734628,211.968552292,211.968535812,174.18087286,211.968521535,0.00620542531584,211.968746998,92.2063277135,171.694532694,233.681369518,192.866538514,0.0100002289378,85.4838725702,0.0123519848869,132.896104831,199.2768477,171.694527817,211.968557884,0.0200056300369,0.0228676438301,211.968546701,0.0150259078667,0.0149675069882,0.0103682988285,0.0100009052418,493.855810494,92.2066203122,326.80858754,211.968451854,237.976876187
2011-02-24 14:00:00,175.588227923,211.968559616,211.968541235,174.180910868,211.968544158,0.00620356469606,211.968753092,92.2063258817,211.968539091,233.68290397,211.968547229,0.0100004177707,85.4838733407,0.0124040935043,164.069244394,199.276885127,171.694542845,211.968576292,0.0200088894973,0.0247156910019,211.968545564,0.0150280862364,0.0149968525858,0.0139958233845,0.0100318245269,493.856086085,92.2066504461,403.467690629,211.968676973,237.978660337
2011-02-24 15:00:00,234.117139548,211.968568281,211.968542817,215.038116058,211.968552711,0.00620173724839,211.968755224,92.2063302929,211.968561168,233.683401914,238.106795354,0.0100012260184,85.4838748183,0.0150934210446,164.069260693,211.968552599,211.968547242,211.968669838,0.0459651896838,0.0190664462076,211.968544124,0.0150335549789,0.0149995946179,0.0144537513354,77.2669297371,493.856236585,122.942308885,403.467840287,211.969938843,237.9788611
2011-02-24 16:00:00,234.117623688,211.968566833,211.968544588,215.0381652,211.968554524,0.00619995833075,211.968757014,122.941480117,211.968564546,233.683406127,238.106807643,0.0100039859005,85.483875869,0.0160448684314,164.069262601,246.020861415,211.968554942,211.968681718,0.0459909463632,0.015417404042,211.968543843,0.0150462782172,92.2063012355,211.96914267,77.2669326973,493.856305214,122.942409548,403.467866431,211.970189287,237.978929845
2011-02-24 17:00:00,234.117628068,211.968564745,211.968544432,215.038173142,211.968557397,0.00619830525267,211.968758891,211.968555188,211.968564933,233.683408362,238.106807592,0.0100344999278,85.4838764904,0.0160557798805,164.069263113,246.020863274,211.968555799,211.968682981,0.045991669739,0.015090106134,211.968544152,0.0150399836244,92.2063020718,211.969160834,177.625074924,493.856371364,122.942414701,403.467861569,211.970119108,237.978932641
2011-02-24 18:00:00,234.117627542,211.968567555,211.968532284,215.038175827,211.968555533,0.00619618206755,211.968756933,211.968556271,211.968564991,233.683407376,238.106799466,0.0123490387478,85.4838761276,0.016060014182,164.06926305,246.020864041,211.968556439,211.968682619,0.0459897378895,0.0152235816455,211.968540495,0.015024663867,92.206302253,211.969166957,177.625076094,493.856407651,122.942416905,403.467862259,211.969697645,237.978869377
2011-02-24 19:00:00,234.117625618,211.968560034,211.968513016,215.038175986,211.968554804,0.00619386410894,211.96875468,211.968541499,211.968564669,233.683404028,238.106758942,0.0123498413067,85.4838755183,0.0160604069833,164.069262574,246.020864329,211.968556439,211.968681681,0.0459859352442,0.0150191444161,211.968548225,0.0150222528907,92.2063023058,211.969168519,177.625076346,493.856423513,122.942417783,403.467850159,211.968868249,237.97881221
2011-02-24 20:00:00,234.117623436,211.968559288,211.968420182,215.03817532,211.968554282,0.00619170942636,211.968750709,92.206338117,211.968564255,233.683400537,238.10625428,0.0123497911426,85.4838752976,0.0160610190618,164.069261477,246.020864192,211.96855623,211.968680763,0.0459848659406,0.0150083059941,211.96853264,0.0150207167922,92.2063022882,211.969167799,177.625076398,493.856409816,122.94241772,403.467833721,211.968690743,237.978733216
2011-02-24 21:00:00,234.117623088,211.968556106,211.968399441,215.03817409,211.968554764,0.00618950705054,211.968753086,92.2063305599,211.968563368,233.683398725,211.968610732,0.0123495742313,85.4838751383,0.0160595367171,164.069259651,246.020863791,211.968555799,211.968678578,0.0459842764504,0.0150047511152,211.968450831,0.0150203652957,92.2063021829,211.969166251,177.625076376,493.856402238,122.942417313,403.467811844,211.968606394,237.978706109
2011-02-24 22:00:00,234.117619837,211.968550455,211.968395339,215.038167792,211.968554542,0.00618726999994,211.968753113,92.2063295252,211.968562279,233.683387221,211.968520062,0.0123488569133,85.4838745305,0.0160563412709,164.069257945,246.020863396,211.968555115,211.968675187,0.0459819167195,0.0150031198519,92.2062654861,0.0150197580237,92.2063020397,211.969168475,177.62507632,493.856422762,122.942416665,403.467791224,211.968558084,237.978688763
2011-02-24 23:00:00,234.117617095,211.968540427,211.968393103,215.038159596,211.968554059,0.00618510358015,211.968747983,92.2063275485,211.968561424,233.683115899,211.968285641,0.0123466565094,85.4838750028,0.0160520708303,164.069256366,246.020863035,211.96855396,211.968668104,0.0459766820698,0.01500264856,52.2169206618,0.0150181878444,92.2063018627,211.969165649,177.625076239,493.85641169,122.942415745,403.467772939,211.968538701,237.978679878
2011-02-25 00:00:00,234.117614132,211.968289422,211.968392516,215.038155455,211.968554105,0.00618309509987,211.968738566,92.2063238907,211.968560977,233.681442713,211.968284671,0.0123445136671,85.483875036,0.0160491612073,164.069255594,246.020862936,211.968553362,211.968649886,0.0459750027453,0.0150014754801,52.2169301635,0.0150182181994,92.2063016038,211.969163325,177.62507612,493.856400451,122.942414399,403.467767272,211.968526598,237.978679459
2011-02-25 01:00:00,234.117610192,85.4732864095,211.968391478,215.038149693,211.968553994,0.00618116266578,211.968716452,0.0151951637999,211.968561276,233.681403734,171.692927441,0.0123420019695,85.4838751786,0.0160441212669,164.069255108,246.020862637,211.968551628,211.968602384,0.0459616692462,0.0150007420017,52.2169092382,0.0150148344019,92.2063015218,211.96916164,177.62507608,493.856371329,122.942413113,403.467762274,211.968532703,237.978679049
2011-02-25 02:00:00,234.117607855,85.4731858181,211.968390106,215.038148419,211.968553912,0.00617927348797,211.968706906,0.0150032762196,211.968561064,233.681404947,171.692817368,0.0123404927719,85.4838751225,0.0160402691749,164.069255098,246.020862051,211.968550353,211.968578901,0.0459099483632,0.0150003026723,52.2169033341,0.0150110464674,92.2063014578,211.969159954,177.62507603,493.856355117,122.942412238,403.467748224,211.968560787,237.978679923
2011-02-25 03:00:00,234.117608632,85.4731727968,211.968385754,215.038147976,211.968554072,0.00617740482746,211.968695163,0.0150009489524,211.96856129,233.681411467,171.692803838,0.012339409772,85.4838748301,0.0160375349295,164.069256196,246.020861338,211.968549936,211.968575236,0.045769417423,0.0150007810865,52.2168979955,0.015009143179,92.2063013737,211.969158118,177.625076027,493.856342549,122.942411359,403.467752001,211.968603026,237.978689244
2011-02-25 04:00:00,234.11761248,85.473167459,211.96837076,215.038152022,211.968554483,0.00617565202008,211.968701848,0.0150004423546,211.968561484,233.68145868,211.965642707,0.0123386360839,85.4838749426,0.0160375219205,164.069257213,246.020860658,211.968549919,211.968588612,0.0452641367811,0.0150015707386,52.2168953954,0.0150090787098,92.2063013096,211.969155631,177.625076096,493.856371203,122.942410258,403.467774219,211.968835603,237.978732786
2011-02-25 05:00:00,234.117613683,85.4731608934,211.968376622,215.038158462,211.968555413,0.00617420696141,211.968736461,0.0150003217123,211.968562002,233.682934296,211.966338085,0.0123398379255,85.4838747867,0.0160383736118,164.069258701,246.020859701,211.968549724,211.96865274,0.0459422803547,0.0150041196061,52.2168946279,0.0150112024461,92.2063012709,211.969150968,177.625076188,493.856342559,122.942408378,403.467781975,211.968885739,237.978777307
2011-02-25 06:00:00,234.117607195,85.4731485158,211.968387162,215.038162179,211.968555795,0.0061730981337,211.968744714,0.0150003767942,211.968561706,233.681366108,103.577677725,0.0123424046677,85.48387576,0.0160297143553,164.069240378,246.020855534,211.968547543,211.968568915,0.0459474365321,0.0150088882496,92.2062237566,0.0150264188947,92.206300663,211.969136478,177.625076039,493.856420742,122.942400179,403.467776322,211.969368134,237.978816012
2011-02-25 07:00:00,175.588225415,0.0150067147213,211.96839076,174.180925153,211.968554905,0.00617145976847,211.968739765,0.015000364699,171.694561918,233.681259261,103.576711593,0.0123442302731,85.4838710052,0.0128645591504,132.896128187,199.274344585,171.694526107,211.968550803,0.0200081347915,92.2063900404,52.2169299413,0.0150232413224,0.0150003248728,0.0141795873182,177.625075481,493.856436284,92.2068769782,211.96841156,211.968422543,211.968420554
2011-02-25 08:00:00,175.588164795,0.0150024373495,211.968391416,174.180893374,211.968552766,0.00616950115967,211.968723637,0.0150003527943,171.694526706,211.968603598,103.576689923,0.0100079302195,85.483865962,0.0128164133352,132.896102607,199.274334761,171.694520321,211.968274344,0.0200027420848,92.2064541298,52.2169001604,0.0150183227619,0.0149987469658,0.0141280904258,0.0150210304087,493.856389786,92.2068477522,175.508594915,171.695909552,178.483993195
2011-02-25 09:00:00,0.0150239342592,0.0150009986776,211.968389543,174.180828133,211.968550132,0.00616751148805,211.968682163,0.0150002821106,92.2063301801,211.96854243,103.576682357,0.0100022638636,85.4838470724,0.0116735463956,132.896099195,0.0150342181893,171.694501474,171.694640465,0.0199998886747,92.2064499922,52.2168929073,0.0150108048948,0.0149871116263,0.0100682439758,0.0150174143563,493.85625826,0.0101382484232,175.508486747,171.694441593,103.520772014
2011-02-25 10:00:00,0.0100713114885,0.0150005070227,211.968382318,174.18084977,211.96850356,0.00616546537033,211.9686765,0.0150001529084,92.2063240156,211.968417325,103.576681587,0.0100004732385,85.4836004568,0.0100519342819,132.896097322,0.0100133396189,0.0150500750506,171.694634573,0.0199990612191,92.2064388126,52.21688872,0.0150062518039,0.0100011287109,0.0100184257395,0.0149927566944,370.39259719,0.0100117900477,175.508448792,92.209125002,103.520726797
2011-02-25 11:00:00,0.0100130254555,0.0150004474827,211.968248686,174.180894321,171.694537669,0.00616350885047,211.968669343,0.0150001512038,92.2063259782,189.28368106,103.57668344,0.00999994599671,64.1131046257,0.0100642181091,132.896097471,0.0100081120438,0.0150100043667,171.694637736,0.0199984007671,92.2061755217,52.2168844504,0.0150046172305,0.0100006014771,0.0100108168377,0.0100012351013,370.39243647,0.0100120707366,175.508464743,171.694350586,103.520789109
2011-02-25 12:00:00,0.0100222003292,0.0150003366668,171.694682364,174.180920088,171.694530894,0.00616162212695,211.968665529,0.0150005826465,92.2067023483,211.968497764,103.576685067,0.00999972417064,64.1131316262,0.0122982628127,132.896098879,0.0100271206049,171.694500432,171.695080827,0.0199989687452,0.0150697642211,52.216889664,0.015004833054,0.0100008851877,0.0100154332183,0.0100007027003,370.392462732,0.0100868891316,175.508499217,171.695002537,178.483973694
2011-02-25 13:00:00,0.0150061999103,0.0150009534431,171.694454779,174.18099318,171.694530545,0.00615972460285,211.968670765,0.0150005548808,171.694529563,211.968567004,103.576689019,0.0099997599358,85.4838194058,0.0128472377752,132.896104218,107.01887778,171.694520832,211.968546284,0.0199993336813,0.0150010543051,52.2168846936,0.0150050536068,0.0149927454098,0.0109731368642,0.0100008462555,493.856156546,92.2068430729,175.508699588,211.968176782,211.968104598
2011-02-25 14:00:00,175.588168881,0.0150013861384,211.968131454,215.038090044,171.694537159,0.00615773674596,211.968671443,0.0150012297993,211.968546399,233.68137652,103.576884102,0.00999993318951,85.4838624812,0.0128727199007,164.069239347,199.274338557,171.694583319,211.968564168,0.0200004764983,0.0150007579637,52.2168811138,0.015004741467,0.0149992470728,0.0141451289461,0.0100077929444,493.856245206,92.2068804849,211.96850479,211.968553941,237.978580548
2011-02-25 15:00:00,211.968544897,0.0150015759222,211.968381369,215.038162644,211.968545025,0.0061558234284,211.968674244,0.0150244791416,211.968557949,233.683361752,127.872443388,0.0100006376449,85.483869022,0.0151763639004,164.069254562,211.96853045,211.968541815,211.968652624,0.0200066830886,0.0150166086919,52.2168790259,0.0150046259616,0.0150042951212,0.0148344347441,0.0150170196496,493.856339852,211.968120978,211.968643427,211.968833007,237.978726448
2011-02-25 16:00:00,234.117604384,0.0150017066072,211.968389658,215.038177072,211.968551188,0.00615389800759,211.968677182,92.2063288916,211.968560475,233.683371661,127.872450914,0.0100031462072,85.4838733923,0.0159366872131,164.069256181,246.020163717,211.968547094,211.968670449,0.0246768023481,92.206462041,52.2168765976,0.0150064016543,122.941900833,211.968574036,0.0150201961889,493.856344966,211.968177275,211.968586816,211.968879166,237.97875847
2011-02-25 17:00:00,234.117610934,0.0150016197808,211.968390661,215.03818109,211.968552311,0.00615212601587,211.968679436,92.2063322163,211.968560084,233.683373005,127.872452142,0.0100598380874,85.483875338,0.0159449360336,164.06925619,246.020166974,211.968547675,211.968671388,0.0246803311325,211.968496681,52.2168764327,0.0150062470689,122.941901646,211.968591478,177.625067942,493.856331638,211.968183047,211.968521386,211.968782947,237.97874997
2011-02-25 18:00:00,234.117610946,0.0150015238101,211.96838473,215.038182142,211.968551886,0.00615012103868,211.968681235,211.968543241,211.968557141,233.683370931,127.872451357,0.0123464695423,85.4838752035,0.0159473373432,164.06925581,246.020167996,211.96854869,211.968670608,0.0246755018742,211.968547351,52.2168774895,0.0150062951254,122.941901818,211.968596363,177.625069009,493.856305159,211.968185857,211.96845861,211.968697907,237.978708319
2011-02-25 19:00:00,234.117608762,0.0150009547546,211.96820191,215.038180226,211.96855035,0.00614798960921,211.968671095,92.2063459581,211.968556138,233.683363926,127.872444719,0.012347090164,85.4838747778,0.0159471771882,164.069254884,246.020168557,211.968548839,211.968668442,0.0200146811098,211.968541559,52.2168722476,0.0150039000377,122.941901854,211.968597542,177.625069217,493.856223477,211.968186926,211.967947789,211.968628754,237.978678697
2011-02-25 20:00:00,234.117607391,0.0150009594168,92.2062683768,215.038178036,211.968547444,0.00614571604004,211.968655334,92.2063314499,211.968554116,233.683351831,127.872434607,0.0123470263509,85.4838743563,0.015947182269,164.069253301,246.0201687,211.9685486,211.968665891,0.0200105015778,211.968454527,52.2168664638,0.0150028604051,122.941901825,211.968596748,177.62506925,493.85622247,211.968187187,175.512139395,211.96852307,237.978647005
2011-02-25 21:00:00,234.117608878,0.015000758337,92.2062561136,215.038174857,211.968545439,0.00614367625756,211.968645119,92.206329877,211.96855309,233.683337097,127.872420019,0.0123467124235,85.4838744228,0.0159462736793,164.069250785,246.020168544,211.968548176,211.968662624,0.020011213603,211.968424053,52.2168558405,0.0150022557012,122.941901735,211.968595921,177.625069229,493.856172911,211.968187471,175.509377223,211.968445353,237.978609106
2011-02-25 22:00:00,234.117606809,0.015000537888,92.2062538173,215.03816925,211.968536166,0.00614161379885,211.968590247,92.2063280159,211.968552741,233.683268541,127.872380773,0.0123461142736,85.4838740353,0.0159429992051,164.069248422,246.02016837,211.968547789,211.968657064,0.0200092910883,211.968265984,52.2168267114,0.0150017334771,122.941901603,211.968594101,177.625069166,493.856135399,211.968187142,175.508846171,211.968281224,237.97855841
2011-02-25 23:00:00,234.117605065,0.0150004025584,92.2062522891,215.038160428,211.968290591,0.00613951970873,211.968555111,92.2063269458,211.968552645,233.68220503,103.576818715,0.0123444501517,85.4838737044,0.0159390313617,164.069246005,246.020168033,211.968547176,211.968650028,0.020008528477,211.967565294,52.2162040574,0.0150017199338,122.941901434,211.968591946,177.625069069,493.85600534,211.968186575,175.508739699,211.968174909,237.978520543
2011-02-26 00:00:00,234.117602805,0.0150002459513,92.2062535842,215.038152812,171.694549133,0.00613747673459,211.968541995,92.2063290325,211.968549914,233.681440513,103.576701758,0.0123422068925,85.4838736261,0.0159321063809,164.06924368,246.020167754,211.968546545,211.968630631,0.0200089703804,92.2064734862,52.216862567,0.0150050066686,122.941901203,211.968589284,177.6250689,493.855848749,211.968185561,175.508552388,211.967498475,237.978494128
2011-02-26 01:00:00,234.117601143,0.0150002042503,92.2062512679,215.038148383,74.6871277428,0.00613554667193,211.967317884,92.2062647641,211.968547966,233.681374255,103.576660859,0.0123394996587,85.483873733,0.0159315134599,164.069241227,246.020167679,211.968545516,211.968594825,0.0200085098523,92.2064447331,52.2168576061,0.0150059555239,122.941901058,211.968586124,177.62506882,493.855724959,211.968184658,175.508758521,211.967941806,237.97856415
2011-02-26 02:00:00,234.117598876,0.0150001967719,92.2062472057,215.038144982,74.6871217919,0.0061336003859,92.2063748603,0.0150526062032,211.968544634,233.681354066,103.576628894,0.0123372748323,85.4838734164,0.0159286033508,164.069239333,246.020167292,211.968545128,211.968576073,0.0200081410025,0.0151685716161,52.2168602639,0.0150062462306,122.941900884,211.968588818,177.625068744,493.855354343,211.968183728,211.967644549,211.968200832,237.97858923
2011-02-26 03:00:00,234.117598257,0.0150002534634,92.2061622488,215.038142305,74.6871202821,0.00613176642251,92.2063710487,92.2063154933,211.968543359,233.68135587,103.576613774,0.012334846904,85.4838731183,0.0159291883954,164.069236677,246.020166828,211.968544877,211.968570267,0.0200075913932,0.0152996928499,52.2168621578,0.0150054076445,122.941900686,211.968586073,177.625068642,493.854518747,211.968182347,211.968239473,211.968314641,237.97859485
2011-02-26 04:00:00,234.117597728,0.0150003747362,92.205851408,215.038142709,74.6871153544,0.00612992416196,92.2063685539,92.2063238908,211.968542803,233.681362541,103.576611714,0.0123335486302,85.483873318,0.0159305022942,164.069233136,246.020165818,211.968544292,211.96857201,0.0200071179899,69.1583911228,52.2168630775,0.0150048844591,122.941900576,211.968582194,177.625068505,493.854259386,211.968180292,211.968413693,211.968397671,237.978602635
2011-02-26 05:00:00,234.117595082,0.0150003781599,92.2058392033,215.038142713,0.0200096378207,0.00612814937116,92.2063674086,92.206326162,211.968541788,233.681356123,103.576626118,0.0123329507286,85.4838729621,0.0159301874349,164.069225348,246.020164404,211.968543013,211.968576194,0.0200068376447,92.2063984784,52.2168644038,0.0150056610233,122.941900544,211.968573963,177.625068342,282.62572546,211.96817665,211.968414209,211.968444116,237.978586481
2011-02-26 06:00:00,234.117588633,0.0150005721087,92.2058677824,215.038142781,0.0245149765074,0.00612640934465,92.2063707163,92.206323563,211.968521825,171.694744097,103.576593378,0.0123342887213,85.4838726287,0.0159268903106,0.0199942922531,246.020160454,211.968536959,211.96853514,0.0200075420285,92.2064742227,52.2169259969,0.0150137600823,122.941900112,211.968560774,177.625068014,282.624821638,211.968164807,211.966564916,211.968456632,237.978582428
2011-02-26 07:00:00,0.0157151952071,0.0150004899017,92.2058330251,174.180911001,0.0199982952174,0.00612474218206,74.6872741489,92.2061693127,74.6871364072,171.694721892,103.576576669,0.0123336741098,85.4838604859,0.0129342328885,0.0199816179853,92.2069614401,171.694481612,171.694544694,0.0199998376643,92.2064917375,52.2168879687,0.0150087138911,92.2064749043,171.694253902,177.625067297,211.968767589,0.010161998308,175.508457326,171.695436176,158.977082877
2011-02-26 08:00:00,0.0156581508864,0.0150006928081,92.2058244161,174.180882501,0.0152705325019,0.00612310419951,74.687163526,0.0150038624081,74.6871174846,158.977635137,103.576568685,0.0100189457096,85.483760006,0.0128987893819,0.0199696477094,92.2069506413,171.694469841,171.694533704,0.0199973181773,92.2064685633,52.2168910576,0.0150059130032,92.2064735438,171.694200618,0.0121553228753,158.97793826,0.0100396841408,175.508423602,171.694150029,158.976346267
2011-02-26 09:00:00,0.0100085190189,0.0150008571461,92.2058123859,174.180796759,0.0152672991048,0.00612143544501,74.6870645196,0.0150008187057,0.0200075038945,0.0100130600265,103.576564378,0.0100032841066,64.1130518945,0.0128678892219,0.0101170672037,0.010704520985,0.010009764396,171.694508269,0.0199703920603,0.0150085018631,52.2168775021,0.0150053622893,92.2064329618,0.0101413518675,0.0121523926219,158.977328458,0.0100058945514,175.508352782,92.2065708052,103.520784617
2011-02-26 10:00:00,0.0100037609163,0.0150013611941,92.2057676722,161.279106222,0.0151720974128,0.0061195416001,74.6871460205,0.0150001914102,0.0199983468649,0.0100072419545,103.576561829,0.0100000407255,64.1130185406,0.0125304831478,0.0100336929286,0.0100073051752,0.0100055514125,171.69412105,0.0198682601666,0.0149982136086,52.2168692266,0.0150047228796,0.0149989369733,0.0100226975497,0.0121395798792,158.977206342,0.0100050014307,175.508308233,92.2064254584,103.520731403
2011-02-26 11:00:00,0.0100033986809,0.0150033890656,92.2058263668,161.279068961,0.0150724382834,0.00611749738371,74.6871541138,0.0150000997507,0.0200028945251,0.0100143776819,103.576563724,0.00999913724952,64.1129762938,0.0122529369104,0.019952097109,0.0100061410162,0.0100054622942,171.694512825,0.0150026399756,0.0149960087986,52.2168637524,0.0150048275506,0.0149341568397,0.0100175133949,0.0100015577683,158.977163164,0.0100050503439,175.508360705,92.2064490953,103.520779847
2011-02-26 12:00:00,0.0100037697653,0.0150078191781,92.2062450188,174.180735283,0.0150862549448,0.0061156467398,74.6871676074,0.015000308841,74.6871072281,158.976942426,103.576561942,0.00999884800832,64.1130228119,0.011968836258,0.0199770398311,0.0100101986828,0.0100078019565,171.694532497,0.0198179676223,0.0149957509673,52.2168718125,0.0150089749281,0.0149885642668,0.0100256365622,0.0100008366018,211.968521917,0.0100068665795,175.508378821,92.2064714393,103.520816636
2011-02-26 13:00:00,0.0100101409802,0.0151142520212,92.206250392,174.180886408,0.0150426376657,0.00611374230995,74.687172337,0.0150000989158,74.6871215873,171.694721583,103.576566461,0.0099987276974,64.1130599398,0.0127280012743,0.0199828264526,92.2066929967,171.694460191,171.694539406,0.0199719680284,0.0149957286723,52.2168669932,0.015007859954,92.2064401713,158.975132432,0.0100010617563,211.968518761,0.0101223500198,175.508711634,171.694433394,158.976375299
2011-02-26 14:00:00,0.0156648340621,85.4731438891,92.2062531835,174.184199486,0.0150206713654,0.00611189398836,92.2062885263,0.0150000631007,92.2063187036,171.694841185,103.57676508,0.00999886029149,85.4838402408,0.0129088499804,0.0200768810973,92.2069535729,171.694481077,211.968526511,0.0199987945411,0.0149969414366,52.2168707238,0.0150065864745,92.2064740871,171.694205114,0.0116576618525,211.968613996,0.010169579777,211.968515738,211.968358741,211.968520704
2011-02-26 15:00:00,0.0171323794515,85.4731529424,92.2062579872,215.038122641,0.0152663863309,0.00611006777932,92.2063703686,0.015000302565,92.2063227998,211.968808786,127.872295416,0.0099991202005,85.4838680186,226.163401436,0.0246686699715,92.2070659496,211.968519058,211.968554562,0.0200004726234,0.0150022577535,52.2168734007,0.0150077266487,92.2064839291,171.694307755,0.012152266928,211.968802091,122.941947665,211.968572387,211.968548607,211.968637035
2011-02-26 16:00:00,234.117581287,85.4731564609,92.2062620013,215.038151152,0.0199927326133,0.00610824802081,92.2063740076,0.0150432816365,92.206323657,211.968814448,127.872301175,0.010000424764,85.4838725299,226.16591306,0.0246710662396,211.968540575,211.968545305,211.968559897,0.0200084200348,92.2064523741,52.2168734593,0.0150146355092,211.968575377,211.968590496,0.0121549433802,211.968597107,122.942160899,211.968636639,211.968579326,211.968650782
2011-02-26 17:00:00,234.117590973,85.4731572738,92.2062777789,215.038157551,0.0200196526328,0.00610653386789,92.2063759036,92.2063295657,92.2063231228,211.968816795,127.872302863,0.0100123269155,85.4838737308,226.165928527,0.0246716595459,211.96854333,211.968548114,211.968560911,0.0200090365099,211.968511223,52.2168898351,0.0150170958474,211.968576277,211.968609257,0.0150146416585,211.968692788,122.942167184,211.968606582,211.968552605,211.968594641
2011-02-26 18:00:00,234.117590401,85.4731552462,92.2062932865,215.038158564,0.0200212848003,0.00610460140694,92.2063764839,92.2063315314,92.2063224593,211.968817727,127.872300568,0.0123424289293,85.4838734379,226.165932372,0.0246717939101,211.968543882,211.968548904,211.96856114,0.0200105185033,211.968589491,92.2063597266,0.0150224735501,211.968576508,211.968615259,0.0150155361338,211.968562677,122.942169315,211.968541186,211.968497178,211.968503215
2011-02-26 19:00:00,234.117588728,85.4731554019,92.2062598421,215.038157577,0.0200195608162,0.00610257796625,92.2063761374,92.2063303124,92.2063214968,211.968817758,127.87229771,0.012343191967,85.483872939,226.165933921,0.0246714812664,211.968544094,211.968549401,211.968560727,0.0200092195654,211.968598984,92.2062820826,0.0150161551229,211.968576548,211.968617311,0.0150157414073,211.968303939,122.942170327,211.968525984,211.968452744,211.968467008
2011-02-26 20:00:00,234.117587389,85.4731579536,92.2062570653,215.038155652,0.0200090260635,0.00610046342629,92.206375329,92.2063304485,92.2063202606,211.968817406,127.872292586,0.0123431560995,85.4838727169,226.165934761,0.0246708777822,211.968544002,211.968549588,211.968560229,0.0200102707454,211.968584808,52.2169836383,0.0150129875063,211.968576522,211.968617503,0.0150158126572,211.968492673,122.942170448,211.968526355,211.968321798,211.968373932
2011-02-26 21:00:00,234.117590048,85.4731578732,92.2062550722,215.038152495,0.0200197078135,0.00609844974717,92.2063749298,92.2063305617,92.2063188321,211.968817546,127.872286844,0.0123426391597,85.4838727595,226.165934162,0.0246700106608,211.968544109,211.968549614,211.968559648,0.0200157496196,211.96855351,52.2168915981,0.0150088404311,211.968576436,211.968616527,0.0150158004002,211.968653274,122.942170472,211.968574642,211.96826191,211.968227039
2011-02-26 22:00:00,234.117587741,85.47315667,92.2062530434,215.038148528,0.0200207670204,0.00609642963914,92.2063741633,92.2063301761,92.2063166018,211.968816865,127.872269386,0.0123420056191,85.4838723965,226.165931853,0.0246690409268,211.968544231,211.968549406,211.968558703,0.0200128630212,211.968538608,52.2168690507,0.0150073937772,211.968576308,211.968614348,0.0150157267963,211.968801405,122.942170022,211.968677217,211.968146864,211.96798807
2011-02-26 23:00:00,234.117586537,85.4731556396,92.2062510451,215.038142652,0.0200212024917,0.00609440433981,92.2063709645,92.2063293521,92.2063130504,211.968815679,127.872115564,0.0123402625635,85.4838722924,226.165928498,0.0246680799836,211.968544258,211.968548831,211.968557734,0.0200104926284,211.968535389,52.2168595341,0.0150071578004,211.968576134,211.968612265,0.0150156381479,211.968682185,122.942169613,211.97439447,211.968115351,211.967653983
2011-02-27 00:00:00,234.117583259,85.4731495016,92.2062501874,215.038136253,0.0200207090914,0.00609245395426,92.2063682435,92.206324017,92.2063072373,211.968814327,127.872238644,0.0123378020285,85.4838722659,226.165927043,0.0246685667995,211.96854434,211.968548271,211.968556036,0.0200104386793,92.2065221129,52.2168480939,0.0150191087689,211.968575799,211.968614517,0.0150155871549,211.968695425,122.942168283,216.676638605,211.967764526,103.520836702
2011-02-27 01:00:00,234.117583198,85.4731523913,92.2062433397,215.038131033,0.0200214646047,0.00609045253572,92.2063576205,92.2063179269,92.206304218,211.968812715,127.871799843,0.0123341319001,85.4838724276,226.165924197,0.0246673887062,211.968544288,211.968547723,211.968554358,0.0200105235593,92.2064714948,52.2168444719,0.0150046643203,211.968575736,211.968613884,0.0150154753296,211.968563066,122.942167622,216.677009327,211.967762272,103.524814761
2011-02-27 02:00:00,234.117581784,85.473156412,92.2058680435,215.038127236,0.0200209096996,0.00608855993451,92.2062743217,92.2063054707,92.2062933565,211.968811238,103.576698179,0.0123312351965,85.4838724442,226.165921531,0.0246665561479,211.968543779,211.968547212,211.96855256,0.020011518,92.2064330785,52.2168429814,0.015002513768,211.968575621,211.968612919,0.0150153584772,211.968508146,122.942166963,216.677077259,211.967778226,138.022769251
2011-02-27 03:00:00,234.117581197,85.4731626783,92.2058370772,215.038124482,0.0200202753971,0.00608672116207,0.0203857934341,92.2063111459,92.2062273852,211.968809388,103.576639233,0.0123292051598,85.4838723139,226.165919268,0.0246658958797,211.968543273,211.968546958,211.968550931,0.0200112440371,92.2063651647,52.2168438325,0.015002325529,211.968575594,211.968611551,0.0150151471733,211.968286367,122.942165722,216.677083799,211.967765904,103.521496623
2011-02-27 04:00:00,234.117580864,85.473252285,92.2058328099,215.03812305,0.0200205855684,0.00608483816516,0.0202936291702,92.2063053159,92.2059107378,211.968806076,103.576667594,0.0123281730038,85.4838722693,226.165916802,0.0246646967932,211.968542376,211.968546861,211.968549091,0.0200108173522,69.1563804184,52.2168444473,0.0150025155343,211.968575588,211.968609656,0.0150148548028,211.964954358,122.942163539,216.67710677,211.967588637,103.520903416
2011-02-27 05:00:00,234.117578882,92.2068845721,92.2058320802,215.038118868,0.0200208341686,0.00608306631197,0.020282120283,92.2063215742,0.0297699528977,211.968797331,103.576660238,0.0123280178806,85.4838717113,226.165912547,0.024662870584,211.968541231,211.968546707,211.96854577,0.0200102692314,69.1558192984,52.2168451954,0.0150029631153,211.968575624,211.968608012,0.0150144944764,92.2127484796,122.942159672,216.676768443,211.967096721,103.520753005
2011-02-27 06:00:00,234.117574376,85.473257611,92.205837269,215.038112012,0.0200202909303,0.00608131325687,0.0202746491386,92.2063288156,0.0283179961011,0.013514581893,103.576537694,0.0123279300607,85.4838709898,226.165899833,0.019978623283,211.968537121,211.96854256,171.694530966,0.0200094965196,92.2064770859,52.2168527388,0.0150052670395,211.968575585,211.968605672,0.015013797698,92.21248563,122.942147951,216.674855198,92.2116288954,103.520686523
2011-02-27 07:00:00,189.635216962,85.4731587112,92.2058438161,174.180834343,0.0200194356913,0.00607956137431,0.0202744721546,92.2063271461,0.0281145209895,0.0134964973869,103.576531439,0.0123251105899,85.4838671953,183.194295691,0.0199706538627,171.69446868,171.694529718,171.694500293,0.0200051558946,92.2064764022,52.2168419614,0.0150040381512,171.694547709,171.694608601,0.0150125682853,92.2123403566,92.2065774773,175.509200037,92.2063556314,103.510100186
2011-02-27 08:00:00,189.635166288,85.4731565697,92.2058502751,161.278930666,0.0162151251433,0.00607791458276,0.0202747412861,0.015000996394,0.0200002345629,0.0100094940043,103.576526179,0.0100042661905,85.4838611895,183.194271609,0.0199195755616,171.694446883,171.694523508,158.972859882,0.020001088354,92.2064648962,52.2168421296,0.0150058013816,171.69454674,171.694560616,0.0121620904851,92.2121920918,92.206544968,175.508554634,92.2059574808,0.0200080683451
2011-02-27 09:00:00,175.588215618,85.4731546903,92.205865877,0.0100514165749,0.0161604328056,0.0060761005302,0.020272838915,0.0150002071406,0.0199890198383,0.0100031272002,103.576522144,0.00999967978411,85.4838364812,169.624246878,0.010005603456,0.0150042967855,171.694516215,0.0100073463151,0.0200004215737,0.0150055071949,52.2168474463,0.0150068488655,171.694546082,171.694315658,0.0121588440797,92.2118999241,0.0100350198408,175.508488977,0.0155857011081,0.0199637703862
2011-02-27 10:00:00,175.588188015,85.473153558,92.2058774716,0.0100401697894,0.0150144199036,0.00607417333072,0.0202699082981,0.0150000968202,0.0150194788792,0.010002416435,103.576517997,0.00999851516901,85.4834471692,0.0100361295017,0.0100044814692,0.0100527267395,171.694459387,0.0100049296163,0.0200003783253,0.01499922945,52.2168601764,0.0150086261944,171.694540405,0.0100395866772,0.0121566857165,92.210482841,0.0100094766407,175.508464445,0.0151841383282,0.0199375642983
2011-02-27 11:00:00,175.588183506,85.4731539443,92.2058901171,161.276918393,0.0150019018061,0.00607233571714,0.0202661749321,0.0150001336545,0.0150411069604,0.010003543007,103.576514421,0.00999827128702,85.4836109974,0.0100263171757,0.01001138891,0.0107952449104,171.69442916,0.0100094325969,0.0200012374532,0.0149983811699,52.2169412771,0.0150130543476,158.976514966,0.0100361152501,0.0100028884191,0.0152780810088,0.010007378849,175.508481284,0.0152917703885,0.0199841878954
2011-02-27 12:00:00,175.588222592,85.4731558207,92.2062254405,174.180763438,0.0150032411836,0.00607041655869,0.0202696267477,0.0150004097067,0.020007812296,0.0101276656406,103.576512483,0.00999814986037,85.4838173099,0.0101103103587,0.0199577496764,92.2065605608,171.694516908,171.694418007,0.0200092004893,0.0149995514644,211.967795593,0.01503574796,171.694543094,0.0100608660999,0.0100010010065,92.2122097507,0.0100186506645,175.508577576,92.2040652566,0.0200060095419
2011-02-27 13:00:00,189.63514969,85.4731587309,92.2062217342,174.180843276,0.01500051426,0.00606859768497,0.0199960876079,0.0150004483634,0.0282180916005,0.0135044437458,103.576531413,0.00999808299676,85.4838602924,183.194190835,0.0199737407378,171.694463499,171.694525852,171.694503111,0.0200094110915,0.0149998047208,92.2085354733,0.0150399895281,171.694546321,171.694505911,0.0100010218521,92.2122854813,92.2065537582,175.510541679,92.2062816722,103.510030454
2011-02-27 14:00:00,189.635229104,85.4731908729,92.2062322246,174.180924333,0.0150499017576,0.00606684567582,0.0202790453867,0.0150007334407,0.0310457266977,0.0141736180634,103.576552741,0.00999819136188,85.483866305,183.194291267,0.0200205495632,171.694471285,171.694542993,211.968419945,0.0200112996197,0.015003947343,92.2203991044,0.0150440526565,171.694547676,171.694573432,0.010006550213,92.2123720328,92.2065838192,211.968561036,92.2066872553,103.520622192
2011-02-27 15:00:00,234.117514871,92.2070229601,92.2062455102,215.038121826,0.0199615040435,0.00606510747489,92.2063337277,0.0150066277086,92.2063272256,233.672822691,127.872282553,0.00999842542727,85.4838698296,226.16570954,183.714519201,211.968550685,211.968544931,211.968542536,0.0200159418628,0.0150286637819,211.968525293,0.0150514633965,211.96853256,211.96802012,0.0121579652008,92.2125424353,211.968138447,211.969727613,211.967446262,103.520732699
2011-02-27 16:00:00,234.117595855,105.45127854,92.2062516434,215.03816308,74.687120814,0.00606322259125,211.968484579,92.2063307873,211.968486411,233.672835502,127.872322568,0.00999929062587,85.483871888,226.165910109,183.714526156,211.968927493,211.968557811,211.968549764,0.0201634588044,92.2065917933,211.968540036,0.0150682188764,211.968584768,211.968759153,0.0121602374881,211.965150015,211.968508651,261.683280841,211.968238692,103.520947578
2011-02-27 17:00:00,234.117600932,92.2068255707,92.2062538805,215.038174331,92.2063295792,0.00606146583049,211.968564056,92.2063388793,211.968533599,233.672838893,127.872329945,0.0100065666698,85.4838730152,226.165919545,183.714527972,211.968931412,211.968560026,211.968552267,0.0247242737618,211.968556438,211.968549137,0.0151002035381,211.968586408,211.968776658,0.0185128297519,211.968151102,211.968517576,211.97119989,211.968321239,138.02252556
2011-02-27 18:00:00,234.117601681,85.4731629357,92.206255411,215.038178239,92.2063310332,0.00605957775861,211.968589789,211.96855747,211.968541653,233.672840434,127.872332665,0.0123418627619,85.4838729037,226.165922481,183.714529357,211.968932743,211.968561155,211.968553208,0.0247285032491,332.16597288,211.968553899,0.0151959815764,211.968586824,211.968783204,0.0185154442468,211.96843501,211.968520846,261.687420234,211.968326507,103.520974332
2011-02-27 19:00:00,234.11759981,85.4731591913,92.2062554795,215.038179,92.2063302936,0.00605766034635,211.968576671,211.968555733,211.968547344,233.672840671,127.872332163,0.0123432620985,85.4838723774,226.16592319,183.714529071,211.968933317,211.968561593,211.968553645,0.0247297147703,332.166343171,211.968554376,0.0151173259636,211.968587064,211.968785506,0.0185158810409,211.968496828,211.968522557,211.969408819,211.968250426,103.520951091
2011-02-27 20:00:00,234.117598214,85.4731604191,92.2062556277,215.038177994,92.206329561,0.00605568169745,211.968553839,211.968553043,211.968550273,233.67284045,127.872329796,0.0123438696133,85.4838721671,226.165923285,183.714528423,211.968933547,211.968561305,211.968553655,0.0247318850034,332.166425519,211.968554402,0.0152921616571,211.96858716,211.968785342,0.018516089244,211.968506595,211.968523032,211.970456082,211.968074613,103.520864401
2011-02-27 21:00:00,234.11759968,85.4731581923,92.2062542052,215.038173094,92.2063296847,0.006053620674,211.968556021,211.968546051,211.968552467,233.672840468,127.872327956,0.0123438067363,85.483872083,226.165921887,183.71452769,211.968933707,211.968560825,211.968553415,0.0247317675023,332.166455682,211.968554658,0.0347173036291,211.968587165,211.96878442,0.0185161612096,211.968514972,211.968523364,261.68309705,211.968121692,103.521484341
2011-02-27 22:00:00,234.117597173,85.4731568283,92.2062528581,215.038165506,92.2063278702,0.0060515392978,211.968554315,122.941921529,211.968553415,233.672839766,127.87232075,0.0123434201269,85.4838715836,226.165918605,183.714526936,211.968933725,211.968560353,211.968552991,0.0247239715118,332.166466067,211.968554409,0.0347595928495,211.968587058,211.968781902,0.0185161602575,211.968512982,211.968523057,261.688034727,211.968150617,211.967509785
2011-02-27 23:00:00,234.117595575,85.4731556525,92.2062521108,215.038157037,74.6871349537,0.00604957362932,211.968546571,92.206349518,211.968553764,233.67283839,127.872255601,0.0123420019856,85.4838717572,226.165913937,183.714526322,211.968933803,211.968559461,211.968552267,0.0200469832001,332.166482677,211.96855493,0.0347713520411,211.968586871,211.968779765,0.0185161365361,211.968523522,211.968523168,261.687790287,211.968167687,211.96858463
2011-02-28 00:00:00,234.11759362,85.473141974,92.2062533661,215.038150077,74.6871393681,0.00604758252185,211.968544579,92.206356113,211.968555914,233.672837136,103.576655125,0.0123399518914,85.4838715718,226.165912438,183.714526694,211.968933847,211.968559016,211.968550914,0.020050943637,332.166474358,211.968555252,0.0343124518122,211.968586502,211.968783624,0.0185160654444,211.968517796,211.968522766,211.971380979,211.968022922,211.968380445
2011-02-28 01:00:00,234.117592289,85.4731408339,92.2062520949,215.038147469,74.6871403138,0.00604565523516,211.968541085,92.2063390113,211.968555045,233.67283613,103.576618858,0.0123377494541,85.4838716,226.165908875,183.714526034,211.968933694,211.968558175,211.968549604,0.0200482294076,332.166426197,211.968555047,0.0152092004393,211.968586463,211.968783139,0.0185161171017,211.968542945,211.968522208,261.689402801,211.968251173,211.972312124
2011-02-28 02:00:00,234.117591245,85.4731340599,92.2062516498,215.038145458,74.6871584534,0.006043745834,211.968547814,92.2063379037,211.968554079,233.67283516,103.576611849,0.0123363341801,85.4838717615,226.16590492,183.71452664,211.968933367,211.968557826,211.968548395,0.0200492221619,332.166358598,211.968554799,0.0152011556742,211.968586486,211.96878082,0.0185160394017,211.968562517,211.968521779,261.689934066,211.968395967,211.9725664
2011-02-28 03:00:00,234.117593166,85.4731481129,92.2062513302,215.038145621,92.2063263474,0.00604193395463,211.968554665,92.2063362106,211.968554714,233.672834446,103.576634337,0.0123358114599,85.4838716171,226.165902628,183.714527463,211.968933082,211.968558235,211.96854722,0.0200451903474,332.166308449,211.968555089,0.0289631913309,211.968586612,211.968781911,0.0185159651604,211.968574729,211.968522161,261.690171418,211.968437668,211.971223089
2011-02-28 04:00:00,234.117598059,85.4731553795,92.2062523623,215.038152543,92.2063293972,0.00604022294241,211.968565359,92.2063440347,211.968555771,233.672834233,127.872219048,0.012335054763,85.4838720768,226.165901915,183.714528008,211.968932886,211.968559591,211.968546269,0.0201536970931,332.166329074,211.968555458,0.0348117267486,211.96858692,211.968778556,0.018515943054,211.968579995,211.968522612,261.692539687,211.968564493,211.973195546
2011-02-28 05:00:00,234.117601284,85.4731578977,92.20625485,215.038161865,92.2063308262,0.00603885087082,211.968631173,92.206356639,211.968557272,233.672834126,127.872322946,0.0123368589597,85.483872604,226.165902991,183.7145281,211.968932593,211.968561332,211.968544941,0.0247351981783,332.166389959,211.968556502,0.0348383523665,211.968587493,211.968783785,0.018515968056,211.968581922,211.968523212,403.467535235,211.968656307,211.973394428
2011-02-28 06:00:00,234.117601366,85.4731563467,92.2062618222,215.038162076,92.2063295926,0.00603766827383,211.968642388,211.968554986,211.968556292,189.275007366,103.57659802,0.0123401271565,85.4838734326,226.165899447,148.808775681,211.968930272,211.968559002,171.694669181,0.0266312485464,332.166505995,211.968560555,0.0348491892994,211.968587745,211.968782218,0.0185158421024,211.968595877,211.968520179,403.467620562,211.968603741,211.973462746
2011-02-28 07:00:00,211.968549649,85.4731442933,92.2065340783,174.180966102,92.2063286245,0.00603612635072,211.968645507,211.968555258,211.968517039,189.274991153,103.576592547,0.0123422728037,85.4838715074,183.194377278,148.808765382,171.694597624,211.968480463,171.694506082,0.024714973184,332.166543449,211.968564996,0.034850327424,211.968583135,171.694758652,0.018515271556,211.968599348,211.968077283,211.969041493,211.968349713,158.980398629
2011-02-28 08:00:00,189.635207144,85.4731423166,113.833217046,174.180930671,74.6871238601,0.00603419744006,211.96859951,211.968297856,171.694535066,175.254727071,103.576590332,0.0100057509195,85.4838695066,183.194350496,148.808754612,171.694586722,171.694539917,171.694470096,0.0200346901728,332.166548762,211.968566938,0.0348542596747,211.968548948,171.694698491,0.0149984312733,211.968102543,171.694504394,211.96857331,211.967839816,158.980203902
2011-02-28 09:00:00,175.588193215,85.4731531363,92.2062710665,174.180906243,74.6871206604,0.00603219031743,211.968587611,92.2063432619,171.694529829,0.0100108046627,103.576586568,0.0100012549348,85.4838668615,183.194261263,0.0199587369964,92.2065429413,171.694534699,0.0100156094549,0.0200282885141,249.123586338,211.968568194,0.0348598097813,171.694557169,171.694619644,0.01499689519,158.9765328,171.694492076,211.968497944,190.450021088,158.980194475
2011-02-28 10:00:00,0.0100461951629,85.4731569324,92.2062760726,174.18089081,74.6871197299,0.00603010207588,211.968577225,158.976195596,171.694517302,0.0100066814859,103.576587324,0.0100001412357,85.4838644163,0.0175686311043,0.010052099527,0.0100184191115,171.694531127,0.0100078476851,0.0200277815712,211.968566998,211.968570537,0.0348629849352,171.694556484,0.0100576829524,0.0149953634625,158.976466105,171.694397282,211.96848585,171.696864084,158.980248137
2011-02-28 11:00:00,0.0100117959883,85.4731618121,92.206309871,174.180912161,74.68711957,0.00602808655117,211.968635756,158.976389081,171.69451286,0.010043765039,103.576591814,0.00999982894731,85.4838623069,0.0149897602765,0.0201427111695,0.0100159196456,171.694529605,0.0100095468187,0.0200284045415,211.968540374,211.968571018,0.0348647798648,171.6945563,0.0100345649269,0.0149877714842,158.976449064,92.206793753,211.968552874,211.967696677,158.980516697
2011-02-28 12:00:00,0.0149476398153,85.4731835637,211.968397196,174.18093389,74.6871194518,0.00602620123683,211.968650574,211.968558034,171.694531721,189.274983352,103.576601189,0.00999944186575,85.4838657426,169.62462202,148.808759551,0.015035475701,171.694532019,158.976275552,0.0200329079011,211.968526117,211.968575088,0.0348737216233,171.694556643,0.0100506017578,0.0148905771398,158.976484516,158.976564991,211.968974072,211.968269352,158.983391692
2011-02-28 13:00:00,175.588201931,196.490003686,211.968402468,174.180955383,74.6871196216,0.00602422063995,211.9686497,211.968556655,171.694539804,189.274996755,103.576646492,0.00999945504652,85.4838690661,183.194336462,148.808769212,171.694576034,171.694536006,171.694502349,0.0200510271255,211.968524564,211.96856841,0.0348711309033,171.69455723,171.69458919,0.0149793267435,158.976581127,171.694487182,211.970324114,211.968476718,237.978348971
2011-02-28 14:00:00,189.63521412,196.490018571,211.968405873,215.037864804,74.6871201524,0.00602235008265,211.968651555,211.968555811,211.968551102,211.968543709,211.968538513,0.00999965116304,85.4838706859,183.194360629,183.714920621,171.694589775,171.694545173,171.694526805,211.968459802,211.968541807,211.968570191,0.0348705941023,211.96855478,171.694704081,0.0149958087414,158.977468669,171.694503103,403.467607089,211.968679111,237.978664202
2011-02-28 15:00:00,234.117430083,196.490087091,211.968409099,215.038168082,74.6871229739,0.00602050670049,211.968654648,211.968558486,211.96856222,233.672931705,238.106749174,0.0100002332042,85.4838717344,226.165824484,183.714994868,211.968484147,211.968552371,211.968543313,211.968546465,211.968586165,211.968572191,0.0348774739394,211.96858664,211.96791088,0.0149968573497,211.968357756,211.96850647,403.467700987,211.969244889,237.978717109
2011-02-28 16:00:00,234.11759668,211.968535005,211.968413383,215.038229104,171.694309712,0.0060186041657,211.968657618,211.968586911,211.968566112,233.672938888,238.106836196,0.0100026100625,85.4838726763,226.165882204,183.714998371,211.968638203,211.968562273,211.968552601,211.968555616,332.166286612,211.968569335,0.0349131500673,211.968587933,223.744598778,0.0149987725588,211.968540479,211.96852496,403.467730035,211.970206653,237.978816811
2011-02-28 17:00:00,234.117601591,211.968545277,211.968416065,215.038242786,171.694522384,0.006017103356,211.968659484,211.968588962,211.968567784,233.672941317,238.10685026,0.010029742034,85.483873696,226.165887322,183.714999324,211.96864054,211.968563089,211.968555065,211.968559599,332.16658714,211.968572344,0.0408357369232,211.96858807,223.744626246,0.020005890114,211.968554271,211.968527173,403.467742907,211.970176863,237.978883829
2011-02-28 18:00:00,234.117600853,211.968547419,211.968417608,215.03824649,171.694524179,0.00601532862188,211.968658768,211.96859029,211.968567658,233.672942266,238.106859858,0.012350791488,85.4838733333,226.165888312,183.714999151,211.968641416,211.968563317,211.968555921,211.968557483,332.166645025,211.968602076,0.0414526723853,211.96858802,223.744634633,0.0200074005897,211.968555142,211.968528155,403.467745855,211.969532647,237.978914923
2011-02-28 19:00:00,234.117598234,211.968545376,211.968413312,215.038246467,171.694524543,0.00601318831373,211.968658874,211.968589748,211.968567645,233.672942355,238.106857943,0.01235209769,85.4838728124,226.165887866,183.71499854,211.968641652,211.968563165,211.96855626,211.968557781,332.166660263,211.968576376,0.0349841065514,211.968587887,223.744637412,0.0200077773682,211.968541231,211.96852824,403.467724544,211.968772497,237.978852023
2011-02-28 20:00:00,234.117594679,211.968549203,211.96841182,215.038242389,171.694524792,0.00601110981417,211.968657574,211.96858932,211.968566541,233.672942188,238.106850289,0.012352535898,85.4838725962,226.165887858,183.714997509,211.968641573,211.968562629,211.968556353,211.968558425,332.166611123,211.968570801,0.0349066082362,211.968587666,223.744634876,0.0200079169327,211.968508584,211.968527849,403.46769513,211.968637912,237.97872378
2011-02-28 21:00:00,234.117594784,211.968549637,211.968411042,215.038236402,171.694525433,0.0060089945728,211.968657101,211.968589342,211.968564847,233.672942294,238.106836414,0.0123525374638,85.4838723904,226.165885814,183.71499627,211.968641386,211.968561998,211.968556178,211.968559754,332.166594112,211.968564087,0.0348956348975,211.968587301,223.744631564,0.020007971529,211.968486754,211.968527368,403.467669307,211.968554454,237.978680252
2011-02-28 22:00:00,234.117591454,211.96854787,211.968410256,215.038217284,171.694525246,0.00600678953228,211.968655713,211.968588927,211.968563423,233.672941125,238.106741453,0.0123521384571,85.4838718753,226.165881399,183.714995103,211.968641209,211.968561112,211.968555572,211.968559029,332.16658341,211.968562477,0.0348875291937,211.968586751,223.744621914,0.0200079922316,211.968464961,211.968526406,403.467649517,211.968524468,237.978659983
2011-02-28 23:00:00,234.117589863,211.968545804,211.968409149,215.038194733,171.694524485,0.00600464569864,211.96865286,211.96858782,211.968562414,233.672939596,238.104899266,0.0123509632066,85.4838720572,226.165874005,183.714993962,211.968641085,211.968559857,211.968554744,211.968558703,332.16659252,211.968559816,0.0348915263853,211.968585583,223.744616323,0.02000799522,211.968410771,211.968525497,403.467635402,211.968503325,237.97865734
2011-03-01 00:00:00,234.117587167,211.968545586,211.968411328,215.038178763,171.69452232,0.00600267165942,211.968647952,211.968588772,211.968562376,233.672937789,238.106774912,0.0123497889937,85.4838720632,226.165867392,183.714994052,211.968640577,211.96855887,211.968553737,211.968560206,332.166577256,211.968558527,0.0348909445117,211.968583841,223.744628803,0.0200078024393,211.968397521,211.968524188,403.467628593,211.96849535,237.978652775
2011-03-01 01:00:00,234.117585694,211.968544042,211.968410204,215.038168378,171.694521504,0.00600074684866,211.968642916,211.968587968,211.968563313,233.672936627,238.106182354,0.012348522853,85.4838720273,226.165863879,183.714993399,211.96864049,211.968557585,211.968552349,211.968559742,332.16656666,211.968557954,0.0348875421829,211.968582275,223.744626174,0.0200079027746,211.96828674,211.968523113,403.467625616,211.968504934,237.978653249
2011-03-01 02:00:00,234.117584368,211.968543648,211.96840965,215.038164773,171.694521104,0.00599891047341,211.96863416,211.968587334,211.968563902,233.67293532,211.968610206,0.0123474879792,85.4838719804,226.16585531,183.714992757,211.968640269,211.968556329,211.968551185,211.968559631,332.166556746,211.968557547,0.0348846524363,211.968580649,223.744628636,0.0200079425417,211.967892912,211.968521857,403.467625423,211.968538163,237.978656405
2011-03-01 03:00:00,234.117585483,211.968546874,211.968409412,215.038167853,171.694521232,0.00599709937025,211.968619163,211.968586912,211.968564081,233.672934259,211.96877102,0.0123468675422,85.4838719213,226.165851773,183.71499247,211.96863992,211.968555699,211.968550348,211.968559994,332.166544138,211.96855737,0.0348859865867,211.968579614,223.744630473,0.0200079977205,211.966634253,211.968520507,403.467635546,211.968563048,237.978670238
2011-03-01 04:00:00,234.117589776,211.968551226,211.968409536,215.03817326,171.69452217,0.00599538372468,211.968584653,211.96858229,211.96856471,233.672933132,238.106725762,0.012346344255,85.483871869,226.165855772,183.714992131,211.968639555,211.968555424,211.968550465,211.968560969,332.166529276,211.968557443,0.0348993670158,211.968579481,223.744637239,0.0200080747345,158.976670067,211.968518483,403.467664628,211.968687308,237.978745095
2011-03-01 05:00:00,234.117591657,211.968550311,211.968411079,215.038192005,171.694522314,0.00599396491005,211.968602875,211.968581046,211.968565679,233.672931348,238.106848138,0.0123460451807,85.4838721376,226.165862621,183.714990901,211.968638836,211.968554814,211.9685511,211.968565267,332.166536115,211.96855846,211.968153924,211.968581287,223.744644205,0.0200081461656,211.967012874,211.968514642,403.46768789,211.968951045,237.97891585
2011-03-01 06:00:00,234.117589054,211.968547899,211.968412336,215.038174661,171.69451984,0.00599285981989,211.968599156,211.968589036,211.968564097,189.275079938,238.103790814,0.0123475214834,85.4838728152,226.165862205,148.809140215,211.968635102,211.96854319,211.96848117,211.968567774,332.166573585,211.968566068,211.968561703,211.968580614,223.744648458,0.0200079966207,211.96773167,211.968484395,403.467673165,211.968832364,237.978724491
2011-03-01 07:00:00,211.968521856,196.490024115,211.968411258,174.182870016,74.6871267538,0.00599129949572,211.968547811,211.968589933,211.968442982,189.275063857,211.968515443,0.0123483213531,85.4838684691,183.194359173,148.80913226,92.2065518413,171.694521616,171.694529981,211.96855764,332.166596997,211.968569264,211.968588493,171.694600544,211.968645848,0.0200072145369,0.0157236618203,105.473062378,403.467182471,211.968517179,237.978491436
2011-03-01 08:00:00,189.635060012,196.490013881,211.968398772,174.181037731,0.0199929874911,0.00598923366372,92.2063565954,211.968562993,171.69453697,175.254827118,192.866584126,0.0100098995738,85.4838628123,183.194345555,0.0207723237653,92.20653995,171.694512759,171.694521612,211.968554126,332.1665938,211.96856595,211.968583322,171.694546469,181.233198641,0.0150002357382,0.0150222868879,105.473041192,326.808867369,211.968332522,211.968612757
2011-03-01 09:00:00,175.588152451,196.490008589,92.2062765348,174.181019714,0.0150024937664,0.0059871196503,0.0162587456669,211.968555949,158.976426134,0.010007867791,192.866568143,0.0100029764256,85.4838465101,183.194306549,0.0100131651221,0.0150026383058,171.694497249,171.694503805,211.968551477,332.165732403,211.968563304,211.968594165,171.694545163,181.2331685,0.0149986802798,0.0149622736895,92.2062769427,326.808178479,211.967501221,178.485024464
2011-03-01 10:00:00,0.0100341983216,196.490002025,92.2062582012,174.181017525,0.0150005124431,0.00598504014422,0.0161612949675,211.968545855,92.2063296741,0.0100047873292,192.866565996,0.0100007006942,85.4837954877,169.624765322,0.0100087436845,0.0100070661734,92.206612478,158.97766598,171.69454465,211.968631464,211.968560447,211.968579566,171.694544623,181.233157654,0.0149968776747,0.0148767777901,0.0100194652116,211.969909854,211.967464144,178.484815877
2011-03-01 11:00:00,0.0100130391406,196.489992692,92.2062429701,174.181014192,0.0150001755502,0.00598312863366,0.0154493227254,211.968532424,92.2063278054,0.0100177337126,192.866567561,0.0100002223488,85.4838415452,98.374826135,0.0198774275973,0.010005905909,92.2066390108,171.694458991,171.694534362,211.968551313,211.968558587,211.96856129,171.694543775,181.233155597,0.0149788612824,0.0148189059823,0.0100138917953,326.808688239,211.968110445,211.96794891
2011-03-01 12:00:00,0.010097064486,196.489700438,92.2062551708,174.181031434,0.0150001651054,0.00598134301453,0.0153728268175,211.968558177,92.2063378702,189.275043938,192.866571594,0.00999998579884,85.4838613686,169.624763836,148.809112607,0.0100152292445,171.694484769,171.694512955,171.694535409,211.968535145,211.968558681,211.968557063,171.694543978,181.233161594,0.0100079766761,0.0148184587595,0.0100405279309,326.809191961,211.968427981,237.978143396
2011-03-01 13:00:00,175.588081,92.2068301036,92.2062489574,215.038015498,0.0150002482269,0.00597937687501,0.0150155006866,211.968558038,171.694535658,189.275067896,192.866605416,0.0100000454396,85.4838666431,183.194341556,148.809135571,0.0152440952319,171.694511006,171.694523485,171.69453599,211.968529281,211.968558239,211.968532425,171.694544602,181.23318201,0.0100185548618,0.0148215681138,105.472982621,403.467425577,211.968606941,237.978662538
2011-03-01 14:00:00,189.635054446,92.206887651,92.2062512137,215.03815336,0.0150004549088,0.00597748741641,0.0150123635377,211.968558121,211.968518332,211.96854225,238.10666734,0.0100003721356,85.4838693886,183.19436745,183.71023444,92.2065409806,171.694517365,171.694534826,211.968525932,211.968544896,211.968558627,211.968515371,171.694545586,181.233235496,0.0149967006412,0.0149078053895,105.47304944,403.467618989,211.96873868,237.978748942
2011-03-01 15:00:00,234.117361099,85.4732565231,92.2062586422,215.038217547,0.0150009904322,0.00597567644692,0.0161515381775,211.968560661,211.968564041,233.672945659,238.106878842,0.0100012230784,85.4838708427,226.165866373,183.715052551,92.2065787546,211.968525097,211.968547387,211.968554001,211.968578546,211.968559969,211.968538066,211.968569909,223.744569842,0.0149988126666,0.0149789168237,105.473217466,403.467634403,211.969058796,237.978884299
2011-03-01 16:00:00,234.117580615,85.4731674218,92.206281463,215.03827488,0.0150100515662,0.00597378275039,0.0161940565918,211.968590403,211.968577589,233.672951319,238.106892464,0.0100047831331,85.4838717788,226.165990989,183.715056768,211.968543727,211.968541224,211.968566195,211.96855821,332.166299112,211.968559916,211.968601232,211.968573427,223.744691341,0.0150005720878,0.0150047818502,140.630807807,403.467641109,211.970248759,237.979272928
2011-03-01 17:00:00,234.117586136,85.4731596178,113.834654298,215.038287324,0.0185204975085,0.00597219741346,0.0199478364816,211.968591484,211.96857994,233.67295361,238.106896125,0.0100376242042,85.4838727569,226.166007716,183.715057844,211.968546967,211.968542488,211.96857081,211.968561158,332.166599335,211.968561342,211.968634314,211.968573639,223.74470353,0.018538047765,0.0150129039769,140.630814598,403.467619153,211.96990727,237.979368935
2011-03-01 18:00:00,234.117587187,85.4731576945,92.2062724774,215.038289231,0.0185193602546,0.0059703407411,0.0199501128275,211.968591944,211.968579945,233.672954771,238.106895982,0.0123553789032,85.4838726235,226.166013539,183.715057844,211.968548792,211.968543145,211.968572328,211.968556681,332.166618019,211.968562184,211.968576518,211.968573577,223.744708104,0.0185392626633,0.0150155959828,140.630817185,403.467569106,211.969152508,237.979320093
2011-03-01 19:00:00,234.117585176,85.4731536351,92.2062614963,215.038285571,0.0152332171656,0.0059682593932,0.0199234944188,211.968591615,211.968579811,233.672954733,238.106894136,0.012356744537,85.483872212,226.166015106,183.715057598,211.968549121,211.968543148,211.968573013,211.968556298,332.166624873,211.968561965,211.968538183,211.968573449,223.74470783,0.0185394843371,0.015011912306,140.630818221,403.467500195,211.968706293,237.979055262
2011-03-01 20:00:00,234.117582693,85.4731535854,92.2062603272,215.038279111,0.0150065310174,0.0059661256296,0.0162146841398,211.968591012,211.968578873,233.67295477,238.106889855,0.0123570791467,85.4838717421,226.166017201,183.715057241,211.968549307,211.968542836,211.968573051,211.968555859,332.166614392,211.968560769,211.968461426,211.968573275,223.744703201,0.0185395500372,0.0150089550811,140.630818581,403.467346668,211.968594879,237.978739943
2011-03-01 21:00:00,234.117582279,85.4731528119,92.2062593971,215.038273548,0.0150296285101,0.00596403282033,0.0199106260114,211.968589605,211.968577266,233.672954945,238.106882784,0.0123570393272,85.4838715218,226.166015059,183.71505637,211.968549119,211.968542479,211.968573105,211.968555728,332.166603755,211.968558915,0.0497702293645,211.968572951,223.744693233,0.0185395754829,0.0150087996028,140.630818622,403.46692634,211.968515262,237.978676385
2011-03-01 22:00:00,234.117578894,85.4731514427,92.20625845,215.03825643,0.0182867176542,0.0059618455828,0.0199388272128,211.968567128,211.968574484,233.672953811,238.106861275,0.0123566210363,85.4838712363,226.16600659,183.715055374,211.968548834,211.968541857,211.968571655,211.968555141,332.166595754,211.968557443,0.0350374190023,211.968572484,223.744684166,0.0185395493293,0.0150057633408,140.630818239,403.462598371,211.968446509,237.978651282
2011-03-01 23:00:00,234.117576138,85.4731504791,92.2062569846,215.038197066,0.0150360617771,0.00595977219098,0.0199364443101,211.968558511,211.96857048,233.672952166,238.106820738,0.0123554381719,85.4838708486,226.165982052,183.715054119,211.968548542,211.968540787,211.968570357,211.968554891,332.166594563,211.968556243,0.0349337047344,211.968571919,223.744677656,0.0185394809792,0.0150060560975,140.630817776,326.807660462,211.968414031,237.978642529
2011-03-02 00:00:00,234.117574191,85.4731492546,92.2062561435,215.03817334,0.0150162823609,0.00595780931375,0.0199591727861,211.968580803,211.968570074,233.672950564,238.106665816,0.012354247477,85.4838708663,226.165906703,183.715053687,211.968548801,211.968539887,211.968566418,211.968554772,332.166572847,211.968555223,0.034889915966,211.968571379,223.74468595,0.0185391840231,0.0150403298208,140.630817257,326.807027513,211.968417799,237.978644053
2011-03-02 01:00:00,234.11757155,85.4731512864,92.2062548259,215.03816778,0.0150091533763,0.00595590449917,0.0199604379955,211.968559749,211.968568254,233.672948996,211.969316522,0.0123531306763,85.4838714836,226.165824965,183.715053045,211.968548339,211.968537099,211.968563131,211.968554648,332.16655761,211.968555234,0.0348981172944,211.968571034,223.744681961,0.0185392596102,0.0150528901755,140.630816329,326.806998809,211.968419245,237.978643455
2011-03-02 02:00:00,234.117569535,85.4731511382,92.2062508707,215.038162982,0.0150065853288,0.00595402128029,0.0199596293511,211.968557563,211.968567739,233.67294767,211.968547928,0.012352202928,85.483871427,226.165847797,183.715052859,211.968547842,211.968534582,211.968560724,211.968554446,332.166513307,211.9685556,0.0349030418739,211.968570715,223.744684692,0.0185393806338,0.0150472875708,140.63081518,326.807169583,211.968443137,237.978646344
2011-03-02 03:00:00,234.117570955,85.4731541447,92.2062433309,215.038167543,0.0150060131046,0.00595223161158,0.0199585173933,211.968556127,211.968568059,233.672946757,211.96921242,0.0123516035141,85.4838709995,226.165832052,183.715052664,211.968547486,211.968534029,211.968559868,211.96855441,332.166268789,211.968555974,0.0366320593038,211.968570571,223.744685433,0.0185394890054,0.0150193214048,140.630813878,326.807234383,211.968495513,237.978662191
2011-03-02 04:00:00,234.117574788,85.4731667006,92.2062500943,215.038181608,0.0150546573689,0.005950505546,0.0199576635591,211.968553471,211.968569158,233.672946373,238.106823309,0.0123511184962,85.4838706256,226.165956435,183.715052371,211.968547008,211.968534165,211.96856129,211.96855463,332.165482506,211.968556593,0.0349707456682,211.968570914,223.744702513,0.0185396364177,0.0150093212194,140.630812123,403.464968285,211.968571229,237.978739866
2011-03-02 05:00:00,234.117576472,92.2067971712,92.206258234,215.038235111,0.0185189806992,0.00594912268195,0.0199578782911,211.968552576,211.968571297,233.672946293,238.10688181,0.0123507714202,85.4838715143,226.16598538,183.71505165,211.968546179,211.968533939,211.968567898,211.968555311,332.165519918,211.968557783,211.968121479,211.968571654,223.744712185,0.018539766529,0.015008897941,140.630808157,403.465232529,211.968683151,237.978940689
2011-03-02 06:00:00,234.117571444,196.489945269,92.2062702238,215.038259476,0.0185217578031,0.00594788396917,0.0199590306928,211.968558247,211.968567935,211.968449235,238.106778834,0.0123512997469,85.4838723207,226.165990444,148.809193861,211.968541927,211.968503505,211.968551705,211.968555169,332.164736781,211.968561633,211.968435292,211.968571636,223.744719336,0.0185397593963,0.0150079764694,140.630764961,403.464913831,211.968557071,237.978686752
2011-03-02 07:00:00,175.588176662,85.4731551298,92.2062697457,215.038192369,0.0185190880136,0.00594618963139,0.0199266514936,211.968557447,211.968466284,189.275085243,238.10677399,0.0123518964682,85.4838665662,183.194496864,148.80918695,0.014998981284,171.694510909,211.968546374,211.968299846,332.166138764,211.968567469,211.968391536,171.694544449,223.744206169,0.0185392430472,0.0149818908855,0.0156632709505,211.968506628,211.968442001,237.978529956
2011-03-02 08:00:00,175.588111276,85.4731477781,92.2060010426,215.038146496,0.0150017286666,0.00594415190026,0.015004787281,211.968499809,171.694536612,189.275067278,211.96858228,0.0100107636707,85.483857108,183.194487378,148.809148046,0.0149915904164,171.694501963,211.968450055,92.2063275908,211.969183984,211.968568946,211.968434725,171.694542634,181.233486773,0.0150139858259,0.0149100449699,0.0101952984311,211.967982469,211.968292015,237.977611996
2011-03-02 09:00:00,0.0100836172562,85.4731409963,92.2058250174,215.038129673,0.0150004197108,0.00594230086176,0.0149997765428,158.976599606,92.2063414504,0.0108514605269,211.968501528,0.0100040049848,85.4810508543,183.194487904,0.0199797146265,0.0149373734614,0.0149737627165,171.694556133,92.2063198567,211.968537357,211.968564562,211.968516257,171.69454073,181.233242831,0.0150123162444,0.0147183802479,0.0100077346075,211.967728779,171.697758917,178.485634324
2011-03-02 10:00:00,0.0100080417768,85.4730921989,0.0199995679344,215.038072446,0.0150001103338,0.00594010701792,0.0149965677679,92.2063543261,92.206328622,0.0100359329621,211.968508605,0.0100011970491,64.1130586632,183.194496895,0.0101331656719,0.0100077533005,0.0100182578097,171.694551565,0.0200003640329,211.968440918,211.96856082,211.968527736,158.976495717,181.23323701,0.0150039601308,0.0146789360995,0.0100054637769,211.96765737,171.695844432,178.485024593
2011-03-02 11:00:00,0.0100057767961,0.955913531398,0.0199704539491,215.036577974,0.0149999358293,0.00593819032961,0.0149865323908,92.2063537839,92.2063268871,175.254768808,211.968539946,0.0100006278851,64.1130486961,183.194504391,0.0200334380581,0.0100047477716,0.0100319311938,171.694560299,0.0199842106078,144.492592044,211.968559053,211.968525951,0.0150395915326,181.233243075,0.0149989499155,0.0146469834249,0.0100054633196,211.967787895,171.696416732,211.968455341
2011-03-02 12:00:00,0.0100090553211,0.0150659826337,0.0199848570912,215.037681235,0.0149999080984,0.00593632179963,0.0149859555058,211.968480261,158.972636728,189.275077814,211.968489688,0.0100003452016,64.1130651394,183.19450333,148.809184768,0.0100101071027,0.015115428689,211.968429929,0.019994571153,144.492546096,211.968560558,211.968534401,158.976508067,181.233293109,0.0149978977887,0.0146537181085,0.0100099800679,211.968066847,211.968058503,237.97838729
2011-03-02 13:00:00,0.0149983192519,0.0150323314347,0.0199936693525,215.037996808,0.0149999151598,0.00593442591178,0.0149944263758,158.976651213,171.694536662,189.275089484,238.106747927,0.0100003866657,85.4836694411,183.194637167,148.809192107,0.0149806826652,171.694508445,211.968535236,92.2062652678,144.492661955,211.968557975,211.968522842,171.694542049,223.744281906,0.0149996413696,0.0146805033633,0.0156552631797,211.968549559,211.968399734,237.978634081
2011-03-02 14:00:00,175.588129626,0.0150112250876,92.2058950569,215.038166696,0.0150000808858,0.00593267232518,0.0149990398458,211.96845455,211.968451995,233.672881341,238.106882323,0.0100007890829,85.4838577006,226.165973906,183.715023101,0.0149946502536,171.694527293,211.968555408,92.2063217129,211.968469424,211.968556927,211.968503518,171.694543013,223.744661021,0.0150099866439,0.0147459946547,0.0156745118453,211.968741157,211.968536172,237.978731257
2011-03-02 15:00:00,211.968548205,0.0150102118697,92.2062516902,215.038247066,0.0150006913917,0.00593088278494,0.015001981788,211.968554166,211.968559,233.672949434,238.10689921,0.0100020574733,85.4838659671,226.166027225,183.715069921,0.0150085535022,211.968543143,211.968568439,92.2064162792,211.968547197,211.968556318,211.968534386,211.96850511,223.744713862,0.0150127026843,0.0149536152499,211.966784484,261.688210402,211.968753806,237.978963834
2011-03-02 16:00:00,234.117556584,0.0150072149627,92.2064205551,215.038289574,0.0150335982128,0.00592909649231,0.0150269068412,211.968585912,211.968565939,233.672953747,238.106904912,0.010006826379,85.483869836,226.166042219,183.715074134,211.968463873,211.968549433,211.96857649,211.96855583,211.970404629,211.968555894,211.968589581,211.968572404,223.744729691,0.0150157769699,0.0149924236533,211.968414342,261.688450224,211.969361992,237.979290883
2011-03-02 17:00:00,234.117564804,0.0150044906128,211.968408978,215.038297718,0.0200435763866,0.00592734521883,91.9362437057,211.968592711,211.96856763,233.67295566,238.106907102,0.0100683766137,85.4838716916,226.166047539,183.715075387,211.968471639,211.968551413,211.968578059,211.968558247,332.166605689,211.968555516,211.968594266,211.968572974,223.744735251,177.625066517,0.0150077758921,211.968422075,261.688471825,211.969180887,237.979311625
2011-03-02 18:00:00,234.117564908,0.015001179129,211.968411415,215.038294709,0.020045472713,0.00592546365506,92.2063218877,211.968593311,211.968569158,233.672956968,238.10690387,0.0123614771779,85.4838716708,226.166047763,183.715077082,211.968474837,211.968552925,211.968577679,211.968558567,332.166638553,211.968556035,211.968558026,211.968573096,223.744736186,177.625068486,0.0150981086265,211.968425016,261.688304238,211.969184913,237.979096518
2011-03-02 19:00:00,234.117562821,0.0150004686539,211.968410223,215.038288896,0.0200450314682,0.005923372622,92.2063174774,211.968592603,211.968569359,233.672956982,238.10689932,0.012363149651,85.4838712067,226.166047497,183.715076785,211.968476225,211.968553411,211.968577247,211.968558098,332.166637672,211.968551904,211.968495145,211.968573105,223.744733443,177.625068878,0.0150280747098,211.968426246,211.981617463,211.968553083,237.978827388
2011-03-02 20:00:00,234.117559965,0.0150003043672,211.968410293,215.038280314,0.0200448201445,0.0059212211238,92.2063336468,211.968592144,211.968568658,233.672956881,238.106889803,0.0123635954029,85.4838708742,226.166047987,183.715075911,211.96847685,211.968553386,211.968576347,211.96855811,332.166624332,211.968537021,211.967870327,211.968573024,223.744725973,177.625069075,0.0150120886857,211.968426373,211.968516548,211.968422913,237.978676507
2011-03-02 21:00:00,234.117559268,0.0150000172426,211.968410506,215.038269313,0.0200490752104,0.00591909562363,92.2063535857,211.968591715,211.9685675,233.672956652,238.106877546,0.0123636904802,85.483870575,226.166045604,183.715075115,211.968476908,211.968553195,211.968574732,211.968558627,332.166614981,211.968073944,0.0352014912108,211.968572828,223.744716753,177.625069138,0.0150198453319,211.968426381,92.2603668203,211.968284889,237.978636718
2011-03-02 22:00:00,234.117554751,0.0149998289268,211.968410784,215.038238424,0.0200500607441,0.0059169073632,92.2063597261,211.968589797,211.968566233,233.672955313,238.106848336,0.0123633964941,85.4838699499,226.166038745,183.715074557,211.968476899,211.968552789,211.968572941,211.96855807,332.16660886,52.216896004,0.0349105716776,211.968572549,223.744702849,177.625069114,0.0150372581722,211.968425949,92.2060498541,211.968052584,237.978620488
2011-03-02 23:00:00,234.117549368,0.0149997487337,211.968410638,215.03819818,0.0200502683855,0.00591486876435,92.2063627825,211.96858046,211.968564842,233.672952623,238.106778412,0.0123622729225,85.4838699002,226.166026677,183.715074394,211.968476735,211.968552084,211.968569557,211.968557921,332.166611323,52.216745558,0.0348930696605,211.968572168,223.744711318,177.625069051,0.0150895700635,211.968425345,92.2056249944,211.967600967,237.978614943
2011-03-03 00:00:00,234.117543704,0.0149996093664,211.968413774,215.038178318,0.0200504260371,0.00591288253304,92.2063669264,211.968588464,211.968564847,233.672948644,211.968595391,0.0123610674086,85.483870218,226.166015878,183.715075163,211.968476235,211.968551495,211.968563971,211.968558516,332.166603564,52.216739562,0.0349006281195,211.968571582,223.744696248,177.625068914,0.019779788146,211.968424508,0.0154072226584,211.966047866,237.978611466
2011-03-03 01:00:00,234.117538522,0.0149995806403,211.968411571,215.038166156,0.0200500243015,0.00591100137145,92.206365267,211.968568271,211.968564059,233.672945984,211.968558446,0.012360095073,85.4838702538,226.166015439,183.71507531,211.968475702,211.968550492,211.968559673,211.968558577,332.166592785,52.2167351733,0.0348905043651,211.968571829,223.744691364,177.625068931,0.01978797269,211.968423481,0.0150576128772,211.958233259,237.978611755
2011-03-03 02:00:00,234.117536215,0.014999597673,211.968409836,215.038162025,0.0200489411967,0.00590913552235,92.2063646624,211.96855848,211.96856422,233.672944656,211.968566957,0.0123590717392,85.4838701701,226.166022098,183.715074849,211.968474961,211.968549828,211.96855814,211.968559082,332.166578543,52.2167354197,0.0348866708667,211.968571975,223.744694101,177.625068963,0.0198162631884,211.96842248,0.0150273213446,0.0194970788066,237.97861143
2011-03-03 03:00:00,234.117542972,0.0149997510396,211.968411549,215.038161171,0.0200477351706,0.00590734549677,92.2063652224,211.968558899,211.96856462,233.672944142,238.104185568,0.0123583685078,85.4838697302,226.166022308,183.715074591,211.968474373,211.968549598,211.968557824,211.96856,332.166556439,52.2167402681,0.0348880862158,211.968572182,223.744696522,177.625069047,0.0197921227306,211.968421533,0.0150233988518,0.0174609995384,237.978612382
2011-03-03 04:00:00,234.117550352,0.0150000788638,211.968412819,215.038173212,0.0200479497537,0.00590565789846,92.2063657804,211.968559101,211.968565555,233.672944079,238.106807598,0.0123580118094,85.4838695647,226.166026093,183.715074515,211.968473628,211.968549609,211.96855826,211.968561333,332.166541303,52.216760262,0.0348872993211,211.968572591,223.744704852,177.625069266,0.0198157103149,211.968420115,0.0150260999481,0.0171358164914,237.978632524
2011-03-03 05:00:00,234.117553204,0.0150001703195,211.968414376,215.038197103,0.0200484553618,0.00590417305008,92.2063675255,211.968561851,211.968567173,233.672943878,238.106856709,0.012357797522,85.4838704066,226.166034103,183.715074616,211.968472316,211.968549555,211.968560776,211.968563779,332.166525285,92.2063213782,0.0349212578169,211.968573137,223.744709958,177.625069506,0.0198448088368,211.968417016,0.0150315034483,0.0166480622727,237.978626127
2011-03-03 06:00:00,234.117547523,0.0150002432376,211.968415322,215.038125352,0.0200477046146,0.00590298434522,92.2063680407,211.968589291,211.968562976,211.968597854,238.10681102,0.0123580633209,85.4838710268,226.166020383,148.809219426,211.96846434,211.968536949,211.96842916,211.968564854,332.166524798,211.968539811,0.0349845458601,211.968573266,223.744712598,177.625069585,0.019905427475,211.96839345,0.015018772429,0.016021241568,237.9785395
2011-03-03 07:00:00,175.588250661,0.0149995151779,211.968400595,174.180988998,0.0199987295175,0.00590135134523,92.2063560467,211.968589055,211.968530927,211.968315827,238.106771681,0.0123582639076,85.4838641112,183.194501762,148.809210682,0.0150142299803,171.69452527,171.694542516,211.968554577,332.166490819,211.968552088,0.0351827649267,211.968552718,223.7442782,177.625069431,0.0190800067648,92.2062413656,0.0150076586065,0.0155510756318,237.975406867
2011-03-03 08:00:00,175.58816702,0.014999076389,92.2062620488,174.180953598,0.0150021533986,0.00589947158657,0.0151188016955,211.968558794,171.694540018,189.275109324,211.968504895,0.0100175352988,85.4838370128,183.194487007,148.809202871,0.0150040199333,171.694517641,171.694535484,171.694527261,211.968766875,211.968552157,0.0355476274855,171.694545574,181.233270298,143.876307567,0.0150251823206,92.2062002506,0.0150066473881,0.0151203517506,178.484389265
2011-03-03 09:00:00,0.0150341453663,0.014998633477,92.2062517716,174.180921427,0.015000150573,0.00589745251507,0.0150531797164,211.968557413,158.976546818,189.275095412,192.866556362,0.0100074205482,64.1129999112,183.194461277,0.0201018312032,0.0149911080357,171.694464516,171.694523013,92.20632328,211.968559257,211.968552993,211.961518184,171.694544755,181.233216626,143.876305952,0.01494714807,0.0100096955853,0.0150048425839,0.0150297292623,178.484177187
2011-03-03 10:00:00,0.0147992140875,0.0149983494029,0.0200212159526,174.180865348,0.0149998770393,0.00589547911582,0.0149996252557,211.968555831,92.2063289489,189.275093895,192.866551461,0.0100022733362,64.1129633038,183.19444779,0.0199709793824,0.0100831408525,0.010063658047,171.694505277,92.2063201378,211.968540652,211.968553875,211.962582279,171.694544471,181.233206006,143.876305183,0.0149113865387,0.0100064666182,0.0150047798836,0.0150169317069,178.484113614
2011-03-03 11:00:00,0.0100208424767,0.0149983928247,0.0199944982318,174.18092113,0.014999712695,0.00589353319243,0.0149894244088,211.968554325,92.2063286094,189.275095715,192.866572819,0.0100012832066,64.1129367073,183.194471144,148.809190993,0.0100204576957,0.0100379771731,171.694522254,92.2062706092,211.968518632,211.968555869,211.962474668,171.694544325,181.233201338,143.876303819,0.0148950557291,0.0100065856924,0.0150110898486,0.0150375667107,178.484163673
2011-03-03 12:00:00,0.0149100013405,0.0149988202182,0.0200041684955,174.180950815,0.0149996115334,0.00589146406056,0.0149890148141,211.96855672,92.2063400879,189.275114987,192.866548759,0.0100009922088,64.112957299,183.194489276,148.809210535,0.0148057164197,171.694489856,171.69453367,92.2063162859,211.968497865,211.968555482,211.963342549,171.694544671,181.233204575,143.87630186,0.014913477269,0.0100108255518,0.0150187686202,0.0151125152896,178.484312332
2011-03-03 13:00:00,175.588046708,0.0149989272924,0.0199998514955,174.181061563,0.0149996881106,0.00588956920833,0.0149963717114,211.968508295,171.694538456,211.968571016,192.866575334,0.0100011790322,64.1129878313,183.194504325,148.809219245,0.014998356903,171.694519039,171.694538919,92.2063211239,211.968466305,211.968555463,211.962836944,171.694544936,181.233216751,143.876304686,0.0149462686818,92.206177943,0.0152160419697,0.0154466218865,237.977309607
2011-03-03 14:00:00,175.588207488,0.0149994627741,92.2062094332,215.038109126,0.0149998870163,0.00588768707856,0.0149996809855,92.2063470695,211.968518272,233.672923863,211.968589029,0.0100019355517,85.4838331451,211.968455089,183.715071446,0.0150122516024,171.694530443,211.968472237,158.97640589,211.968481872,211.968555954,171.690086961,171.69454603,211.967679267,143.876305905,0.0149840715693,92.2062391551,0.0191468822559,0.0158401136455,237.978428123
2011-03-03 15:00:00,234.117288061,0.0150004215401,92.2062615575,215.038160355,0.0150005593038,0.0058858254543,0.0150486334183,211.968531489,211.968561911,233.672946395,238.106800621,0.0100051270853,85.4838625787,226.166051781,183.715086616,0.0189798245427,211.968545225,211.968555443,211.968548547,211.968537843,211.968557017,211.963202916,211.968571122,223.744641284,143.876306748,0.0151070813914,211.967485459,92.2056734318,0.0193244392216,237.978539781
2011-03-03 16:00:00,234.117557203,0.0150011451495,92.2063481763,215.03819693,0.0199975487061,0.0058839174648,0.0200006589821,211.968561072,211.96857644,233.672949599,238.106822539,0.0100113191481,85.483867997,226.16607202,183.715089496,211.968633737,211.968551418,211.968562936,211.968574542,211.968718371,211.968557253,211.968515162,211.968574232,223.74468966,177.625046445,211.967635292,211.968361175,92.205825125,0.0199522977496,237.978591731
2011-03-03 17:00:00,234.117563571,0.015001906975,211.968410371,215.038205546,74.6871201182,0.00588234576687,211.968243062,211.968593067,211.968578764,233.672950307,238.106822472,0.0107426081589,85.483870342,226.166077955,183.71509048,211.968638287,211.968552765,211.968564376,211.968624665,332.166597313,211.968558399,211.968550085,211.968574488,223.744695597,177.625070298,211.968352733,211.968368315,92.2058488246,0.0201377690767,237.978614032
2011-03-03 18:00:00,234.11756394,0.0150086945397,211.96841377,215.038205644,74.6871196938,0.00588037994496,211.968456851,211.968593618,211.968579518,233.672950135,238.106815527,0.0123697461219,85.4838702371,226.166079572,183.71509119,211.968640306,211.968553185,211.968564604,211.968627369,332.16662168,211.968559183,211.968537637,211.968574508,223.744695273,177.625070966,211.968484081,211.968370802,92.2058928399,0.0341019344786,237.978650236
2011-03-03 19:00:00,234.117562182,0.0150093027457,211.968414343,215.038202165,74.6871189619,0.00587829746451,211.968144691,211.968590965,211.968579069,233.672948627,238.106795692,0.0123717131187,85.4838698083,226.166079401,183.715091008,211.9686409,211.968553312,211.968564574,211.968626841,332.16662513,211.968558593,211.968259534,211.968574457,223.744691935,177.625071051,211.968495065,211.96837183,92.2058818308,0.0195158395485,237.978623251
2011-03-03 20:00:00,234.117559681,0.015015381618,211.968414961,215.038197693,74.6871192628,0.00587638204019,211.968470651,211.968570227,211.968577943,233.672946797,238.106689061,0.0123723145032,85.483869511,226.166079685,183.715090277,211.968641201,211.968553129,211.968564053,211.968626756,332.166623003,211.968557616,211.963038178,211.968574326,223.744683664,177.625071043,211.968498926,211.96837192,92.2058577526,0.0188296935306,237.978573169
2011-03-03 21:00:00,234.117559904,0.0150285624711,211.968415044,215.038192217,74.6871208484,0.00587429742282,211.968504519,211.968561574,211.968576435,233.672945866,212.050651219,0.0123724112676,85.4838691707,226.16607859,183.715089483,211.968641316,211.968552791,211.968563455,211.968627172,332.166619452,211.968556607,0.0349284005964,211.968574104,223.744673712,177.625070937,211.968490952,211.968371764,92.2058336758,0.0159646743641,237.978535376
2011-03-03 22:00:00,234.11755713,0.0150327615545,211.9684158,215.038179336,74.6871235877,0.00587216850016,211.968512173,211.968557654,211.968574376,233.672942896,211.968489964,0.0123720856187,85.4838687267,226.166074245,183.715088621,211.968641269,211.968552281,211.968562388,211.968625763,332.16661265,211.968554547,0.0348874346422,211.968573787,223.744659668,177.625070752,211.968457912,211.968371231,92.2058325182,0.015600197507,237.97850855
2011-03-03 23:00:00,234.117555103,0.015017000944,211.968416431,215.038159373,74.6871282375,0.00587006086353,211.968515307,211.9685565,211.968571506,233.67293748,103.577135113,0.012370978212,85.4838687063,226.16606861,183.715087756,211.968641253,211.968551513,211.968561052,211.968623853,332.166614148,211.968549817,0.0348802196678,211.968573332,223.744664528,177.625070526,211.968423062,211.968370429,92.2058479171,0.0155410787911,237.978493935
2011-03-04 00:00:00,234.117552838,0.0150126865975,211.968418508,215.038149285,74.6871293825,0.00586805580821,211.968516092,211.968586134,211.968565358,233.672930804,103.576624462,0.0123699533218,85.4838686423,226.166064957,183.715087167,211.968641473,211.968550661,211.968558853,211.968621464,332.166604315,211.968544423,0.0348761555642,211.968572835,223.744654444,177.625070304,211.968404889,211.968369473,92.2059327275,0.0156799981431,237.978507351
2011-03-04 01:00:00,234.117551355,0.0150041577564,211.968418269,215.038144028,74.6871296305,0.00586613756479,211.968517127,211.968577215,211.968564402,233.672924722,103.576569901,0.0123689517113,85.4838686592,226.166063483,183.715087103,211.968641362,211.968549819,211.968556973,211.968617919,332.166590824,211.968530244,0.0348731891521,211.968572441,223.744650043,177.625070288,211.968469996,211.968368395,92.2058878204,0.015472637203,237.978491596
2011-03-04 02:00:00,234.117550286,0.0150017762502,211.968418567,215.038139242,74.6871255109,0.00586425274123,211.968518554,211.968578492,211.968564027,233.672918315,103.576549996,0.0123680409737,85.4838688885,226.166061708,183.715087028,211.968641115,211.968548987,211.968555425,211.968617789,332.166575155,211.968508354,0.0348716225376,211.968572026,223.744645987,177.625070261,211.968512954,211.968367287,92.2058590343,0.0154049313308,237.978475659
2011-03-04 03:00:00,234.117551085,0.015000928673,211.968419808,215.038139732,74.6871300512,0.00586244368896,211.968521602,211.968576729,211.968563773,233.672914758,103.576543755,0.0123673740546,85.4838681235,226.166061984,183.715086823,211.968640929,211.968548314,211.968554499,211.968618124,332.166561806,211.968141423,0.0348686723653,211.968571741,223.744646201,177.625070325,211.968542968,211.968366007,92.2058615456,0.0154209987749,237.978473253
2011-03-04 04:00:00,234.117554497,0.0150008374457,211.968421345,215.03814719,74.6871324955,0.00586075373538,211.968524092,211.968570038,211.96856391,233.672909872,103.576588625,0.0123667682436,85.4838681343,226.166063601,183.715086707,211.96864077,211.968547528,211.96855472,211.968622762,332.166551284,92.2063126509,0.0348664951498,211.968571768,223.74464809,177.625070545,211.968555513,211.968363674,92.205866169,0.0158016165113,237.978493863
2011-03-04 05:00:00,234.117556132,0.0150005948051,211.968425532,215.038160631,74.6871351677,0.00585928657045,211.968531052,211.968577167,211.968564267,233.672899726,127.87219802,0.0123665038084,85.4838689635,226.166066424,183.715086053,211.968640482,211.968545279,211.968555878,211.968626213,332.166563228,92.2062958851,0.0348674900792,211.968572129,223.744649186,177.625070783,211.968564518,211.968358085,92.2058437636,0.0176799489856,237.978486981
2011-03-04 06:00:00,234.117554105,0.0150006853991,211.968435477,215.03805429,74.6871383304,0.00585808395527,211.968539741,211.968590187,211.96855668,189.274984194,103.576513874,0.0123666228633,85.4838693218,226.166054403,148.809263614,211.968638494,211.968463047,211.968515509,211.96862697,332.166593306,92.2063009581,0.0348739838638,211.96857183,223.744642121,177.625070862,211.968573395,211.968203149,0.015418257937,0.0154901395705,237.978340242
2011-03-04 07:00:00,175.588313684,0.0149999561008,211.968423474,174.180940424,74.6871324192,0.00585641894794,211.968517027,211.968592483,211.96830859,189.27495666,103.576501715,0.0123664752531,85.4838607494,183.194523734,148.809213939,171.694546368,171.684151212,171.694535866,211.968555849,332.166616791,52.2167324851,0.0348610641922,211.96856226,181.233147896,177.625070583,211.968365381,0.0101052121575,0.0150310286898,0.0152467204017,237.977806748
2011-03-04 08:00:00,175.588152437,0.0149996187582,211.968405626,174.180919104,74.6871188349,0.00585459628008,92.2064043383,211.968592693,92.2062957269,189.274946686,103.576493088,0.0100222000915,85.4837964813,183.194508128,148.809202005,171.694536805,171.684101038,171.694525078,171.694524048,332.166591392,52.2167018932,0.0152015568655,171.694545273,181.233103723,177.625033049,158.976577624,0.0100348001515,0.0150065514166,0.0150695927742,211.968052361
2011-03-04 09:00:00,0.0103571788837,0.014999355134,171.694423011,174.180881372,60.4965773194,0.00585268454399,92.2063755482,211.968593557,74.6871035801,189.274892388,103.576485401,0.0100130268882,64.1129421467,183.19448849,0.0100258068453,0.0163968903232,0.0100062292936,0.011890020274,92.2063245055,332.166551428,52.216694929,0.0151692621695,171.694539982,181.233063388,143.876306977,158.976440275,0.0100055055901,0.0149988915635,0.014997962853,49.8591091384
2011-03-04 10:00:00,0.010006855942,0.0149992507685,92.2062797105,174.180861899,56.0154595772,0.00585067896669,92.2063201402,211.968592007,0.0200125010282,189.274919242,103.576477209,0.0100062752087,64.112910006,183.194452759,0.0100172627095,0.0100089755566,0.0100045662275,0.0100464964906,92.2063212062,269.055788662,52.2166904224,0.0151505992784,171.694539097,181.232779752,143.876306144,158.976392742,0.0100044985971,0.0149958973148,0.0149865501514,49.8587959251
2011-03-04 11:00:00,0.0100050003486,0.0149994424566,92.2062666206,174.180911785,0.0199994775477,0.00584824758861,0.0150140045459,211.968591086,0.0199986075013,189.274949946,103.576476005,0.0100028989503,64.1127985198,183.194455379,148.809138392,0.0100077194484,0.0100056234983,171.69322993,0.0240511290287,249.126546135,52.2166871921,0.0150273892926,171.694538602,181.232980988,143.876305672,158.9763477,0.0100045715109,0.0149954564134,0.0149862667818,37.3962402084
2011-03-04 12:00:00,0.0100070466708,0.0150001320669,92.2062669965,174.180944238,56.015409089,0.00584674823913,92.205936617,211.968592977,0.0200001068169,189.274955584,103.576477336,0.0100025422185,64.1128761261,183.194503087,148.809210384,0.0100174596742,0.01001714392,171.694526301,92.2063123604,249.127025596,52.2166896438,0.0150161664388,171.694538528,181.233077865,143.876305544,158.97640052,0.0100059520745,0.0150002408905,0.0149952726099,37.3959371875
2011-03-04 13:00:00,0.0153201810944,0.0150003319612,92.2062680336,215.037302496,60.4964884682,0.00584482181264,92.2061682061,211.968592904,69.1544383132,189.275002654,103.576487604,0.0100028452494,64.1129295192,183.194526506,148.80921546,171.694495518,171.684142027,171.694534899,92.2063215835,269.061812724,52.2166800928,0.0150127751495,171.694538695,181.233104158,143.876305777,158.976426306,0.0100434582458,0.015005830873,0.0150005546195,49.8588310023
2011-03-04 14:00:00,175.588166175,0.0150006713001,171.694404835,215.038098262,60.4965783082,0.00584278061587,92.2063496465,211.96859435,74.6871041043,233.672496229,103.576501829,0.0100052379362,64.1133266085,226.165776092,183.715050708,171.694540756,171.684154336,211.968506185,92.2063267382,332.166572206,52.2166674851,0.0150173485036,171.694539224,211.968488801,143.876306033,158.976467206,0.010106383082,0.0150088219711,0.0150059208253,49.858871385
2011-03-04 15:00:00,211.968543791,0.01500126001,211.968400162,215.038153942,74.6871196407,0.00584089041457,92.2063957932,211.968594942,92.2062990159,233.672779379,127.872175294,0.0100106024608,85.483850916,226.166053161,183.715077855,211.968139272,211.968498451,211.968553046,171.694532851,332.166608331,52.2166335107,0.0150358906912,211.968543822,223.744512198,143.876306614,158.977485126,0.0126665815206,0.0150103806448,0.0150067146221,49.8588521471
2011-03-04 16:00:00,234.117538422,0.0150022422422,211.968423618,215.038174563,171.694522885,0.00583901561685,211.968502278,211.968595987,92.2063074093,233.672782795,127.872208969,0.0100186138608,85.4838652204,226.166068717,183.715080777,211.968604821,211.968537777,211.968559563,211.968556125,332.166623258,52.2165350209,0.0151221126547,211.968565304,223.744565454,177.624966755,211.968479004,211.968423898,0.0150131971896,0.0150093906969,49.8586581481
2011-03-04 17:00:00,234.117547203,0.0150030225327,211.968456839,215.038181344,171.694529823,0.0058373982506,211.96860867,211.968603039,92.2063080029,233.672783732,127.872213575,0.0122319465232,85.4838686547,226.166073199,183.715081486,211.968607615,211.968540752,211.968561436,211.968557194,332.166657174,52.216650082,0.0150723812384,211.968565832,223.74457112,177.625069322,211.968613978,211.968432756,0.0150130991486,0.0150070589689,0.0242110653759
2011-03-04 18:00:00,234.117546921,0.0150119945612,211.968463048,215.038181116,171.694529971,0.00583544271187,211.968614069,211.975283352,92.2063057889,233.672783877,127.872214118,0.0125194539842,85.4838686319,226.166073161,183.715081725,211.968608608,211.968541698,211.968561826,211.968557665,332.169897312,52.2166723345,0.0150068249818,211.968565773,223.744571877,177.625069678,211.968635086,211.968435537,0.0150113763907,0.0150025546228,0.0204015355117
2011-03-04 19:00:00,234.11754511,0.0150072491883,211.968454337,215.038178429,171.694529866,0.00583341236165,211.968614404,211.969127047,92.2063030435,233.672782926,127.872212163,0.0125221662771,85.4838682069,226.166072791,183.71508154,211.968608925,211.968542283,211.968562122,211.968556876,332.17169802,52.2166595133,0.0150047379557,211.968565617,223.744570616,177.625069643,211.968633745,211.968436841,0.0150097857436,0.0149980716734,0.0200994280001
2011-03-04 20:00:00,234.117543162,0.0150087372321,211.968448265,215.038175017,171.69452971,0.00583139704928,211.968614232,211.968601913,92.2062997424,233.672782123,127.872209963,0.0125228810405,85.4838678569,226.166072444,183.715080818,211.968608828,211.968542406,211.968561749,211.968556476,332.169693032,52.2166582079,0.0150042292669,211.968565386,223.744567267,177.625069585,211.968635798,211.968437101,0.015007666521,0.0149926034113,0.0200203393748
2011-03-04 21:00:00,234.117543309,0.0150040778673,211.968442899,215.03817118,171.694530039,0.00582921135438,211.968617332,211.968597061,92.2062934402,233.672781385,127.872206771,0.0125229981408,85.4838677767,226.166072166,183.715079819,211.968608523,211.968542303,211.968561371,211.968556325,332.166695,52.2165254275,0.0150035649438,211.968564896,223.744563969,177.625069473,211.968632512,211.968437139,0.0150056861509,0.0149863311887,0.0199957622274
2011-03-04 22:00:00,234.117540845,0.0150022293247,211.968434888,215.038162221,171.694530113,0.00582723997001,211.968618978,211.968595739,92.2062623414,233.672779329,127.872203005,0.0125228329061,85.4838672073,226.166068716,183.715078921,211.968608255,211.96854195,211.968560764,211.968555672,332.166636251,0.015034175737,0.0150029380473,211.96856412,223.744558835,177.625069304,211.968631776,211.968436685,0.0150044846567,0.0149820060462,0.0199787995053
2011-03-04 23:00:00,234.117538901,0.0150014033679,211.968426159,215.038147908,171.694530042,0.005825196951,211.9686186,211.968595184,0.0205124798682,233.672776227,127.872189652,0.0125219568268,85.4838670127,226.16606281,183.715078029,211.968607899,211.9685413,211.968559627,211.968554581,332.166629089,0.0150130311975,0.0150023501472,211.968563026,223.744552692,177.625069117,211.968633073,211.968436958,0.015003748991,0.0149819627961,0.0199673292236
2011-03-05 00:00:00,234.11753612,0.0150021075177,211.968422215,215.038137558,171.694530663,0.00582325578175,211.968617376,211.968595346,0.0200212464007,233.672772014,127.872199768,0.0125210042117,85.4838669413,226.166057683,183.715075806,211.968607623,211.968540344,211.968558149,211.96855262,332.16661526,0.015005281005,0.0150028640931,211.968562265,223.744546431,177.62506879,211.968625021,211.968435854,0.0150063363149,0.0149793078352,0.0199597694115
2011-03-05 01:00:00,234.117534057,0.0150013730936,211.968420476,215.038132138,171.694530739,0.00582133896006,211.96861465,211.968594975,0.0200091229507,233.672767318,127.87218955,0.0125200355391,85.4838667262,226.166049901,183.715075458,211.968607313,211.968539496,211.968556234,211.968551253,332.166606091,0.0150151399218,0.0150022516275,211.968561798,223.744552306,177.625068718,211.96861641,211.968434938,0.0150072924826,0.0149805140267,0.0199536991131
2011-03-05 02:00:00,234.11753143,0.0150008914302,211.968419843,215.038128414,171.694530599,0.0058194681985,211.968607198,211.968594511,0.0200044418156,233.672761362,127.872184603,0.0125191580409,85.4838667767,226.166041731,183.715075034,211.968606716,211.968538693,211.968554859,211.968551401,332.166597644,52.2166467161,0.0150023491534,211.96856101,223.744548105,177.625068648,211.968608749,211.96843398,0.0150040020105,0.014980001984,0.0199543591857
2011-03-05 03:00:00,234.117530399,0.0150007183654,211.968421563,215.03812665,171.694530215,0.005817628348,211.968603264,211.968594125,0.020002296696,233.672753378,127.872193626,0.012518532811,85.4838663122,226.166041408,183.715073391,211.968606366,211.968537776,211.968554178,211.968551755,332.166592499,52.2166596454,0.0150025746076,211.968560708,223.744545922,177.625068528,211.968560358,211.968432773,0.0150033735236,0.0149843826226,0.0199651702705
2011-03-05 04:00:00,234.11752984,0.0150006221741,211.968422618,215.038130452,171.694529957,0.00581581337316,211.968602295,211.968593528,0.0200008153094,233.672741616,127.872198998,0.012517955642,85.4838660538,226.166041101,183.715071217,211.968605431,211.968536238,211.968553481,211.968550767,332.166590115,52.2166594447,0.0150032257702,211.968560344,223.744542573,177.625068425,211.968538842,211.96843087,0.0150035914447,0.0149852124565,0.0199859378075
2011-03-05 05:00:00,234.117527246,0.0150003690126,211.968423967,215.038133644,171.69452963,0.00581408721672,211.968605523,211.968593432,0.0199995371874,233.672712439,127.872203978,0.0125175737276,85.4838653361,226.166040705,183.715067764,211.968604101,211.968532322,211.96855434,211.968549237,332.166593658,52.2166517948,0.0150035200788,211.96856033,223.744540116,177.625068291,211.968509537,211.968426612,0.0150036509434,0.0149891699444,0.0200033849944
2011-03-05 06:00:00,234.117521638,0.0150003271327,211.968421991,215.037898339,171.694528325,0.00581232110314,211.968606741,211.968594498,0.0199883175326,171.694654162,103.576508898,0.0125168237127,85.4838649352,226.165999045,148.809186437,211.968600488,139.07242868,211.968509065,211.968541815,332.166610364,52.216643887,0.0150025119369,211.968559034,223.744532568,177.625067957,211.968480219,211.968346884,0.0149994857393,0.0149881095506,0.0200317350798
2011-03-05 07:00:00,175.587945581,0.0149994646707,211.968420133,174.180933493,171.694514459,0.0058106435167,211.968547963,211.968594817,0.0199769473448,171.694633102,103.576491735,0.0125160926771,85.4838418081,183.194493778,148.809172021,92.2063974878,139.072298398,171.694543058,92.2063217836,332.166628649,0.0169341826897,0.0150019507529,211.967455636,211.968467503,177.625067077,211.967833179,49.5254835601,0.0149965982655,0.014977008008,0.0201970004792
2011-03-05 08:00:00,175.587859019,0.0149989549063,211.968419226,174.180914222,74.6871157452,0.00580896155219,92.2063734393,211.968594406,0.0199664527751,171.694587599,103.576482778,0.0101707820034,64.1129440138,183.194476145,148.809157918,92.2063875929,139.07228483,171.694534155,0.020328977184,332.166637415,0.0150287144029,0.0150018895884,119.193233796,181.233007299,77.2669330918,0.0180035366453,49.5254476372,0.0149948109481,0.0149497333355,0.0202563540174
2011-03-05 09:00:00,0.0100136850735,0.0149984561252,211.968418147,174.18089983,60.4965625942,0.00580715838094,92.2063505369,211.968593926,0.0198968499186,0.0100188700912,103.576464244,0.0101433821147,64.1128787651,183.194458019,0.0199918920745,0.0100779456855,0.0102780713918,171.694528181,0.0203016593013,332.166640709,0.0150178349584,0.0150020715598,119.193231694,181.232965228,77.2669299854,0.017270482038,0.0100119131329,0.0149931825384,0.0149057183159,0.0198056813552
2011-03-05 10:00:00,0.0100038628008,0.0149982210626,211.968408763,174.180894925,0.0200024818357,0.0058052545912,0.0150130338773,211.968583953,0.0151401558179,0.0100103153982,103.576442452,0.0101395031104,0.0100395849311,183.194411056,0.0198661496367,0.0100058584669,0.0100283336662,171.694525845,0.020000070077,332.166623612,0.0150104516318,0.0150020794168,119.193230869,0.0100929364576,77.2668991755,0.0171330686109,0.0100062226764,0.0149926474555,0.0148886421257,0.0154665615975
2011-03-05 11:00:00,0.0100032302762,0.0149982842191,171.694539866,174.18091193,0.0150053944797,0.00580326922684,0.0149965491971,211.968559252,0.0199216762339,0.0100167285169,103.57645192,0.0101375940877,0.0100143848294,183.194410865,79.9166954617,0.0100052546979,0.0117240812745,171.694530268,0.0199983437262,332.166609835,0.0150072696415,0.0150020781466,119.193229383,0.0100340833877,0.0100037926462,0.0168629684123,0.0100059275706,0.0149934634889,0.0149174348943,0.0150343047546
2011-03-05 12:00:00,0.0100037226662,0.0149986463117,211.968351398,174.180940904,0.0150009959977,0.00580123753256,0.01499897188,211.968563137,0.0199700831082,158.977106937,103.5764648,0.0101376556084,0.0100163715573,183.194455875,148.809165033,0.01001203239,139.072198765,171.694535614,0.0199962548137,332.166608663,0.0150258563744,0.0150019509376,119.193228361,0.0100363312087,0.0100010201846,0.0170428828761,0.0100089931433,0.0149970812314,0.0149542214584,0.0195982082015
2011-03-05 13:00:00,0.010057661076,0.0149989131438,171.694435933,215.038046933,0.0150028562201,0.00579937276167,0.0150413882541,211.968557782,0.0199805626573,171.694630859,103.576498232,0.0101374460215,64.1128413726,183.194477738,148.809171155,92.2063314773,139.072291517,171.6945525,0.0199970520498,332.166613543,0.0150132953359,0.0150021976546,119.193230558,167.808624815,0.0100013898228,0.0170714224321,49.524661405,0.0149949161116,0.0149604882126,0.0197003980829
2011-03-05 14:00:00,175.587870855,0.0149999915479,171.694432148,215.038105918,0.0199994087329,0.00579745110172,92.2063434167,211.968556351,0.0199951235402,171.694649534,211.968476695,0.0101383952366,64.1129225181,183.194563703,148.809185072,92.2063911361,139.072299457,211.968543703,0.0199996111344,332.166620142,0.0151093503327,0.0150028569756,119.19323138,181.232980269,0.0150035989799,0.0171322735523,49.5254736602,0.0150032274766,0.0149863683561,0.0199972756347
2011-03-05 15:00:00,211.968536512,0.0150011782154,171.694433235,215.038136686,60.4965622579,0.00579557587246,92.2063688667,211.968557938,0.0200090175689,211.968726623,238.10676222,0.0101388514058,85.4838440899,226.165996739,183.715026938,92.2064194553,171.694193614,211.968555369,0.020306884557,332.166626149,52.2166069041,0.0150104443192,119.19323447,181.233027864,77.2669296859,0.0172315533603,66.03540776,0.0150524454095,0.015006457699,49.8586237032
2011-03-05 16:00:00,234.117156983,0.0150017530787,171.694543341,215.038152829,74.6871197617,0.00579392635255,122.941763117,211.96859261,92.2061608529,211.968737557,238.106792387,0.0101421054032,85.4838617168,226.166023348,183.715031613,122.941667443,171.69421636,211.968560242,92.2063212716,332.166634803,52.2166338722,0.01516026592,147.152137067,223.744435356,77.2669329429,0.0228366794591,66.0357280982,0.0151468360202,0.0150253338848,49.8588037593
2011-03-05 17:00:00,234.117167166,0.015002068278,211.968408734,215.038158009,74.6871243878,0.00579231290496,122.941771781,211.968595314,92.2061986955,211.968740721,238.106799347,0.0124270800855,85.4838656252,226.166027558,183.715032762,122.941670076,171.694218697,211.968561883,92.2063232752,332.166642433,52.2166375675,0.0151706378334,147.152137473,223.744450358,177.625058386,0.0228735389143,66.0357335199,0.0151086891211,0.0150263368405,49.8588488735
2011-03-05 18:00:00,234.117165148,0.0150082615363,211.968421396,215.038156746,74.6871224852,0.00579046784513,122.941772879,211.968596106,92.2062100245,211.968741982,238.106799002,0.0125182784513,85.4838657361,226.166028323,183.715032032,122.941671026,171.694219506,211.968562129,92.206324173,332.166953716,52.2166721204,0.0151735841907,147.152137524,223.744454491,177.625059607,0.0228851978742,66.0357353051,0.0164351733081,0.0150230104248,49.858839458
2011-03-05 19:00:00,234.117162159,0.015005921882,211.968411548,215.038153174,74.687122493,0.00578856269549,122.94176823,211.968595163,92.2062123814,211.968742181,238.106799355,0.0125189592334,85.483865134,226.166027561,183.715032151,122.941671012,171.694219767,211.968561722,92.2063235329,332.168746851,52.216660294,0.0151820759151,147.152137468,223.744455441,177.62505987,0.02283004631,66.0357358184,0.0156121271564,0.0150194847583,49.8587827915
2011-03-05 20:00:00,234.117159096,0.0150084284435,211.96834778,215.038149025,74.6871226909,0.00578654884065,99.5828881788,211.968593742,92.2062147055,211.968742241,238.106797709,0.0125188509221,85.48386515,226.166026288,183.715032302,122.941670911,171.694219661,211.968561208,92.2063234376,332.16666486,52.2166531015,0.0151795050595,147.152137352,223.744453499,177.62505999,0.0224685220774,66.035735554,0.0150543387752,0.0150062477907,49.85869414
2011-03-05 21:00:00,234.117157944,0.0150059637902,211.968349783,215.038142548,74.6871240572,0.00578451405149,122.941751692,211.968592524,92.2062157733,211.968742459,238.106796633,0.0125184741322,85.4838651525,226.166023575,183.715032012,122.941670828,171.694219336,211.968560989,92.2063238476,332.166639839,52.2166510532,0.0151763938202,147.152137171,223.74445159,177.625060019,0.0227263493697,66.0357350212,0.0150261139398,0.0149989847844,49.8586274265
2011-03-05 22:00:00,234.117151803,0.0150041680399,211.968327033,215.038133483,74.6871244204,0.00578258369609,122.941765281,211.968590622,92.2062158456,211.968741815,238.106794539,0.0125179479089,85.4838648404,226.166018333,183.715031485,122.941670674,171.694218807,211.96855982,92.2063235804,332.166623309,52.216649329,0.0151757574677,147.152136921,223.744446769,177.625059964,0.0228132573962,66.0357338886,0.0150211247072,0.0149940885436,49.8585550582
2011-03-05 23:00:00,234.117146043,0.0150033460802,211.968320078,215.03812138,74.6871241124,0.00578053890194,122.941767495,211.968587365,92.2062145256,211.968740689,238.106792352,0.0125169019902,85.4838648556,226.166011178,183.715030805,122.941670335,171.694217841,211.968558801,92.2063234963,332.166619796,52.2166482056,0.0151781276763,147.152136556,223.744439795,177.625059883,0.0228253735013,66.0357309275,0.0150288518012,0.0149911259736,49.8584714115
2011-03-06 00:00:00,234.117138628,0.0150045769466,211.968417103,215.038113058,74.6871238782,0.00577860613384,122.941769093,211.968592116,92.2062093084,211.968739247,238.106794347,0.0125154953474,85.4838645766,226.166001981,183.715028177,122.941669943,171.694217145,211.968556998,92.2063236612,332.166608089,52.2166499924,0.0151769378452,147.152136075,223.744436042,177.625059831,0.0228191197657,66.0357292662,0.0150664895983,0.0149890536454,49.8583188581
2011-03-06 01:00:00,234.117131414,0.0150035682531,211.968414271,215.038104968,74.6871234603,0.00577671579034,122.941767429,211.968587212,92.2062085272,211.968738145,238.106791737,0.012513823363,85.4838645167,226.165989123,183.715028158,122.941669523,171.69421533,211.968554741,92.2063253361,332.166592168,52.2166443477,0.0151871860158,147.15213557,223.744448095,177.625059761,0.0227553447337,66.0357268923,0.0162387477547,0.0149860799078,49.8579237745
2011-03-06 02:00:00,234.117123186,0.0150043128028,211.96841368,215.038095678,74.6871228076,0.00577485521154,122.941767677,211.968567859,92.2062065631,211.96873712,238.106787859,0.0125123311268,85.483864749,226.165979951,183.715028142,122.941668917,171.69421333,211.968552909,92.2063268741,332.166572404,52.2166387974,0.0153071080668,147.152135046,223.744448404,177.625059687,0.0224771535785,66.0357244616,0.0179924764962,0.0149872147144,49.8557384557
2011-03-06 03:00:00,234.117112114,0.0150071440286,211.96841493,215.038087192,74.6871218882,0.00577298700869,122.941768988,211.968561364,92.2062021761,211.968735957,238.106783119,0.0125108193473,85.483864448,226.165969268,183.715027464,122.941667851,171.694210873,211.968551678,92.2063276792,332.16656529,52.2166421855,0.015893183474,147.152134635,223.74444753,177.625059605,0.0223741634721,66.0357206416,0.0169648954618,0.0149926419289,0.0209698126643
2011-03-06 04:00:00,234.117103272,0.0150151381587,211.968415869,215.038075497,74.6871213764,0.00577121592293,122.941769206,211.968558901,92.2061938258,211.968734353,238.106777665,0.012509215629,85.4838641989,226.165948619,183.715025574,122.94166645,171.694207011,211.968551361,92.2063278371,332.16655921,52.216644206,0.0346500279481,147.15213403,223.744448204,177.625059492,0.0224310254637,66.0357142586,0.0153494251013,0.0149931828118,0.0204333386235
2011-03-06 05:00:00,234.117087677,0.0150178611068,211.968416515,215.038042714,74.6871208877,0.00576952904928,122.941768197,211.96855827,92.206140456,211.96873198,238.106764824,0.0125069743117,85.4838635479,226.165898774,183.715020656,122.941664136,171.694197945,211.968551046,92.2063275813,332.166569836,52.2166466669,0.0348101017967,147.152133059,223.744450053,177.625059313,0.0223799369285,66.0356981779,0.0150831687816,0.0149992243543,0.0202237141023
2011-03-06 06:00:00,234.117053716,0.0150090881347,211.968413707,0.0104928860704,74.6871205466,0.00576771812115,122.941758183,211.968557325,0.0199983372085,211.867895983,211.968662637,0.0125037057138,85.4838625581,0.0150201075724,0.0163746981749,122.941656642,0.0149819275636,171.694575303,92.2063271992,332.166593755,52.2166825013,0.0348640939068,147.152129555,223.744451908,177.625058984,0.0224712822418,0.0103862568502,0.0150278332019,0.0149891652911,0.0200242292699
2011-03-06 07:00:00,0.0105185598788,0.0150015209034,92.206267829,0.010174463114,74.6871075176,0.00576595347168,0.0152145846455,211.968557406,0.0150146782106,171.69466993,171.694606473,0.012495636687,85.4838169205,0.0105831818027,0.0162406594049,0.0149976580983,0.012231870806,171.694531795,92.2063216512,332.166619264,52.2166515631,0.0348603785058,0.0100172638272,181.233020019,177.625058168,0.0150671916293,0.0102148280151,0.0150074022393,0.0149774925358,0.0199863891581
2011-03-06 08:00:00,0.0104464188752,0.0150007571324,92.2062456568,0.010041197214,0.015029368585,0.00576425978994,0.015003334482,211.968546461,0.0149993765911,171.69465952,171.694533452,0.0100179623347,64.1128956989,0.0105411095294,0.016233286626,0.0149904701107,0.0122217623149,171.694527471,74.6871358498,332.1666182,52.2166532438,0.0348609052222,0.0100152746202,181.233007974,0.0101106468691,0.0149997101994,0.0101733500657,0.0149982379171,0.0149679463628,0.0199473716624
2011-03-06 09:00:00,0.0100073209982,0.0150001561809,0.0447593314722,0.0100097030797,0.0150044186582,0.00576239921875,0.0149998667396,211.968534691,0.0149944519676,171.694535119,171.694470551,0.0100074661994,64.1127783381,0.0100336555453,0.016220220031,0.0148482128433,0.0100292313863,171.694522674,69.1547427805,332.16661166,52.2167218014,0.0348598648087,0.0100025403617,181.233009136,0.0101085170487,0.0149689206451,0.0100136872038,0.0149894297097,0.0149556154647,0.0198700654031
2011-03-06 10:00:00,0.0100039445237,0.0150001432083,0.0186434151146,0.0100063668763,0.0150000039759,0.00576034778801,0.0149923732146,211.968522007,0.0149821623104,158.977109379,158.977465365,0.0100024127605,0.0100117632883,0.0100133053317,0.0154363052491,0.010005790885,0.0100055873631,171.694521254,0.0150365022292,332.16660219,92.2063430939,0.0348601221586,0.0100005092911,181.233010887,0.010012972084,0.0149426612303,0.0100093579476,0.0149734935051,0.0149486409546,0.0198261488135
2011-03-06 11:00:00,0.0100038072934,0.0150010616822,0.0150107727992,0.0100066192029,0.014999581362,0.00575837432486,0.0149267599957,211.968482963,0.0149943390881,171.694577985,171.694477863,0.0100009991079,0.0100081289776,0.0100108470806,0.0162074504984,0.0100037401946,0.0100078834873,171.694525928,0.0100040543055,332.166603917,211.968506284,0.0348614044799,0.0100003898008,181.233016077,0.0100010277128,0.014890189721,0.010010497146,0.0149715278434,0.0149461046743,0.0199122361978
2011-03-06 12:00:00,0.0100057049841,0.0150041685428,0.0200826265046,0.010010959825,0.0149992898676,0.00575644793766,0.0147964098138,211.968545725,0.0149985037037,171.694661765,171.694519883,0.0100005879853,0.0100085855509,0.0100195973588,0.0162290109199,0.0100061613974,0.0100386643749,171.69452971,0.0100032665297,332.166610317,211.968530586,0.0348662019805,0.010000543126,181.233018998,0.0100007522416,0.0148922936587,0.0100207261822,0.0149834860304,0.0149481782135,0.019963133558
2011-03-06 13:00:00,0.0100190274108,85.4730804074,92.2046506131,0.0100526725947,0.0149994444898,0.0057545989145,0.014985360117,211.968545004,0.014999996909,171.694668955,171.694527549,0.01000063391,0.0100312714619,0.0104680149432,0.016233998011,0.0149457737042,0.012217267078,171.694532084,0.0150082165647,332.166612334,211.968542628,0.0348655781297,0.0100022338907,181.233051169,0.0100010615339,0.0149296849699,0.0101862793159,0.0149966588393,0.0149616689729,0.0199654100203
2011-03-06 14:00:00,0.0105007317696,85.4731536824,92.2062448075,0.0101794968755,0.0149998734039,0.00575266915041,0.0149998759677,211.968549132,0.0150173246064,211.96842335,171.694620147,0.0100016502287,64.1128799158,0.0105698342036,0.0162603610738,0.0149933842492,0.0122268543449,171.69456953,74.6871273459,332.166616075,211.968549868,0.0348677967947,0.0100153021572,211.968453302,0.0101003096709,0.0149740749005,0.010214683199,0.0150239872897,0.0149911904944,0.0200495079369
2011-03-06 15:00:00,0.0149955683923,196.489993938,92.2062673476,0.0110410956436,0.0150022447374,0.00575060832409,0.0150218332704,211.968554876,92.2062744869,211.968726346,211.968547887,0.0100035426156,85.4838010592,0.0109203281907,0.0200407244609,0.0150311439528,0.0150403361341,211.968544314,92.2063245795,332.166621289,211.968552423,0.0348759071206,0.0100179126562,223.744408672,0.0101087497318,0.0150451243022,0.0112722533928,92.2057581207,0.0151073728662,0.020592684726
2011-03-06 16:00:00,234.117472367,196.490002001,211.968409331,215.037496098,0.0200084438803,0.00574927071569,92.2063569567,211.968590759,211.968366123,211.968733033,211.968557498,0.0100082286427,85.4838592978,0.0149493803014,0.0200439263431,211.968544393,0.015105459379,211.968554301,211.968556803,332.166631848,211.968553535,0.034933249815,0.0149989412548,223.744449155,0.0101121307578,0.0198035245303,0.0149571072523,92.2058675414,0.0153865553086,49.858796839
2011-03-06 17:00:00,234.117493241,196.490018203,211.968424066,215.037519759,74.6871225555,0.00574769216476,211.968467696,211.968596057,211.968505022,211.968734657,211.968561543,0.0100288969398,85.4838645625,0.0149667465643,0.0200442349367,211.96855048,0.0151075195917,211.968555786,211.968559335,332.166656528,211.968556661,0.0361641217069,0.0150011921104,223.744456721,177.625060635,0.0200353772987,0.014965140069,92.205931289,0.0163062349695,49.8589036662
2011-03-06 18:00:00,234.117496101,211.968450898,211.968425587,215.037526376,74.6871211297,0.00574584131341,211.968477562,211.968596596,211.968520625,211.968735393,211.968561466,0.0123600614452,85.4838649541,0.0149716241733,0.0200437113068,211.968552469,0.0151080304734,211.968556264,211.968559943,332.16670481,211.968556562,0.0353736319295,0.0150015720377,223.744457763,177.625062732,0.020067508108,0.0149681379075,211.967424917,0.0334604199009,114.617646713
2011-03-06 19:00:00,234.117497335,211.968533129,211.968423765,215.037527673,74.6871208263,0.00574403175883,211.968477625,211.968596679,211.96852234,211.968735128,211.968557572,0.0123618105493,85.4838644632,0.014973643876,0.020042807491,211.968553272,0.0151084437601,211.968556144,211.968559514,332.166692637,211.96855853,0.035217620226,0.0150017240319,223.744456593,177.625063095,0.0200761324353,0.0149693416388,211.967511257,0.0337810527859,114.617912364
2011-03-06 20:00:00,234.117497392,211.96854498,211.968422147,215.03752722,74.6871208783,0.00574198912978,211.968477075,211.968596384,211.968523523,211.96873456,211.968552435,0.0123625458122,85.4838641966,0.0149748609498,0.020041073018,211.96855372,0.0151082279445,211.968555854,211.968559274,332.166640029,211.968555746,0.0349829000548,0.0150017860701,223.744452615,177.625063244,0.0200588840162,0.0149695879217,211.96758449,0.0333855132425,114.617969157
2011-03-06 21:00:00,234.117499466,211.968541999,211.968422156,215.037524744,74.6871227685,0.00573990403444,211.968478786,211.968595361,211.96852539,211.968734316,211.968545369,0.0123626711142,85.4838641062,0.0149742667105,0.0200397808432,211.968553822,0.0151080108451,211.968555176,211.968559568,332.16662223,211.968553963,0.034889277483,0.0150017906089,223.744449145,177.625063279,0.0200517797226,0.0149696762533,211.967633592,0.0343018638157,114.618027555
2011-03-06 22:00:00,234.117497917,211.968483702,211.968421137,215.037520484,74.6871278824,0.00573780281612,211.968479077,211.968593127,211.968526339,211.968733373,211.968525763,0.0123626254798,85.4838637259,0.0149717185861,0.0200385239402,211.968553771,0.0151074418832,211.968554648,211.968558711,332.166606819,211.968550752,0.0348724241294,0.0150017292678,223.744443474,177.625063215,0.0200041515465,0.0149693156712,211.967643286,0.0344079953143,114.618051931
2011-03-06 23:00:00,234.117496993,196.490003963,211.968420259,215.037515881,74.6871308323,0.00573570536452,211.96847831,211.968583701,211.96852685,211.9687317,211.968415902,0.0123619642301,85.4838641496,0.014968872304,0.0200379159635,211.968553778,0.0151067578459,211.968553715,211.968558077,332.166598301,211.968526252,0.0348657029805,0.0150016438805,223.744436321,177.625063138,0.0198550297827,0.0149690136637,211.967620565,0.0344753990056,114.618070982
2011-03-07 00:00:00,234.117494603,196.489992719,211.96842218,215.037511313,74.6871330058,0.00573374117341,211.968473707,211.9685872,211.968526812,211.968730566,103.576419601,0.0123610213942,85.4838640502,0.0149674441914,0.0200399822588,211.96855355,0.0151060330746,211.96855231,211.968557497,332.16657606,92.2066861919,0.0348640894193,0.0150015378278,223.744426528,177.625063049,0.0189667810454,0.0149678585368,211.967564687,0.0343885104417,114.618079613
2011-03-07 01:00:00,234.11749433,85.4732479526,211.968421865,215.037506915,74.6871336662,0.00573186820829,211.968474025,211.968587023,211.968526959,211.96872908,103.576380989,0.0123601258007,85.48386435,0.0149661053325,0.0200384647845,211.968553522,0.0151059448801,211.968550361,211.968557463,332.166525248,52.2166740633,0.0348607620228,0.015001445084,223.744434201,177.625062998,0.0154896525038,0.0149670199995,211.967554652,0.0344630937412,114.618090373
2011-03-07 02:00:00,234.117493205,85.4731524526,211.968421252,215.037502699,74.6871338218,0.00573000794,211.96847543,211.968585775,211.968527055,211.968727616,103.576369061,0.0123593695659,85.4838643841,0.0149647500587,0.0200374256283,211.968553069,0.015105262545,211.968548538,211.968557507,332.165945127,52.2166274516,0.0348565844262,0.0150013533888,223.744430571,177.625062975,0.015251563176,0.014965831806,211.967569202,0.034603547485,114.618110879
2011-03-07 03:00:00,234.117494082,85.4731482089,211.968420905,215.037498215,74.687133769,0.00572820989073,211.968476326,211.968583646,211.968527189,211.968726121,103.576366371,0.0123586992481,85.4838644493,0.0149632473309,0.0200366650915,211.968552646,0.0151039324236,211.968546725,211.968557472,249.125550788,52.2166204404,0.0348509383092,0.0150012374635,223.744429584,177.625062981,0.0152868543421,0.0149646107764,211.967579244,0.0346918698085,114.618141373
2011-03-07 04:00:00,234.117497696,85.473144289,211.968420829,215.037493005,74.6871342561,0.00572652866971,211.968476641,211.968578952,211.968527402,211.968723728,103.576358758,0.0123582725409,85.483864442,0.0149611724541,0.0200363097581,211.968552444,0.0151024641641,211.968545029,211.968557502,249.12529797,52.2166157309,0.0348485103038,0.0150011729429,223.744422197,177.625063078,0.0152153785624,0.0149625328314,211.967609074,0.0348660981073,114.618190592
2011-03-07 05:00:00,234.117497928,85.4730570604,211.968421966,215.037480451,74.687135604,0.00572510380415,211.968476933,211.968585076,211.968527822,211.968718335,103.576349141,0.0123579297672,85.4838645669,0.0149546334524,0.0200341819732,211.968551949,0.0150984487753,211.968540702,211.968557738,249.125320994,52.2166141047,0.0348554746644,0.0150011640238,223.744423979,177.625063142,0.0153622162697,0.0149573366054,211.967611569,0.0353830545152,114.61826008
2011-03-07 06:00:00,234.117490285,0.0150063147515,211.968423299,215.036618841,74.6871515489,0.00572500163156,211.968470904,211.968594322,211.96852347,171.694624631,83.8968699887,0.0123574955295,85.4838650499,0.0147040279568,0.0162331746985,211.968547975,0.0101492733309,92.2060802119,211.968557559,332.166520384,52.2166202504,0.0348505716503,0.0150005645041,223.744403352,177.625063034,0.0152747334489,0.0105338435873,211.967366926,0.0346686577281,114.61808254
2011-03-07 07:00:00,0.0150833215358,0.0150014808869,211.96820494,161.278124025,74.6871225359,0.00572328599274,0.0215621825364,211.968596068,92.2063587851,171.694575424,83.8968561516,0.0123573127368,85.4838571528,0.010134328578,0.0162071306167,0.015056883138,0.0100621779711,92.2058468409,92.2063294515,332.166607308,52.2166182116,0.0216906735236,0.0121533832656,0.0103806798465,177.625062372,0.0149945828218,0.0100989935526,92.2060884922,0.0328528981879,114.61774892
2011-03-07 08:00:00,0.015017043243,0.0150006884293,92.2062714623,161.278053605,60.4965731901,0.00572027885134,0.0153120891324,211.968589695,92.2063243542,171.694567115,83.8968530959,0.0100152091836,85.4838300595,0.0100864546547,0.016197537273,0.0150465006798,0.0100385928821,92.2058234965,92.2063211401,332.166569227,52.2166134243,0.0152239409491,0.0121494410761,0.0103279781535,0.0153126059336,0.014971986899,0.0100666962855,92.2058038511,0.0153044558353,49.8588964027
2011-03-07 09:00:00,0.0100172569271,0.0150006233387,92.2062633985,0.0102831171954,56.0153555604,0.00571838683544,0.0150046836788,211.968560057,92.2062572102,158.976986947,83.8968532514,0.01000771829,64.1129822305,0.0100152016322,0.0100176110834,0.0102774775204,0.0100041231025,0.0100113864266,0.0200361303195,332.164721501,52.2166064051,0.0151771857289,0.0121481056011,0.010030732096,0.0153079488186,0.0149433889313,0.0100105456776,0.0151030252885,0.015037032064,37.395190862
2011-03-07 10:00:00,0.0100062328792,0.0150011612768,92.2062507878,0.0100597398108,0.0199653966712,0.00571643361853,0.0150004854552,211.96855622,0.019988487888,158.976702143,83.8968540001,0.0100033212026,64.112935181,0.0100100960769,0.0100110220289,0.0100063318757,0.0100027069101,0.0100060353088,0.0199985844645,211.968720631,52.216599911,0.0151697085847,0.0112516816127,0.010014091405,0.015263992619,0.0149230853815,0.0100066063004,0.0150145455063,0.0149479012547,37.3946664238
2011-03-07 11:00:00,0.0100048351747,0.0150030227401,0.0201056398402,0.0100507860689,0.0150016273633,0.00571445305738,0.0149954602218,211.968551012,0.0199818913717,158.977154082,83.8968569295,0.0100014087516,64.1129232823,0.010009972342,0.0100434534346,0.0100043070342,0.0100033799863,0.0100055625274,0.0199891123506,211.968570845,52.216590776,0.0151649404376,0.0100027408925,0.0100125929583,0.0100018367169,0.0149039632677,0.0100055845944,0.0150143210076,0.0149563951421,0.0201332339385
2011-03-07 12:00:00,0.0100059780077,0.0150054308423,92.2062523031,0.0102361836728,0.0150075055398,0.00571247800818,0.0149932020859,211.968555869,0.0200013062811,171.694561627,83.8968583516,0.010000847366,64.1129262883,0.0100127765989,0.0161970184642,0.0100066691793,0.0100069309189,0.0100083215008,0.0199932248137,211.968566239,52.2166012741,0.0151743330093,0.0100104875925,0.0100161086119,0.0100007666105,0.0149024037561,0.0100075920576,0.0150247269321,0.015039361289,37.394646863
2011-03-07 13:00:00,0.0100233128841,0.0150214367714,92.2062524302,161.278008174,0.0150196166443,0.00571064780338,0.0149990082868,211.968552597,92.2063026842,171.694569705,83.8968628629,0.010000944954,64.1129352187,0.0100420524043,0.016205039933,0.0149820395508,0.0100500050971,92.205816682,0.0200016547265,211.968553324,52.216596501,0.0151740124821,0.0113312849183,0.0100623722752,0.0100009615685,0.0149329609882,0.0100236527385,0.0205439847811,0.0151273155003,37.3949232776
2011-03-07 14:00:00,0.0150363114289,85.4731358355,92.2062634327,161.278116972,56.0153258617,0.00570873997887,0.0150036032056,211.968554434,92.2063403572,171.694589206,103.576013459,0.010001791529,85.4835070653,0.0101256997431,0.0162241068928,0.0150517154894,0.010063912111,92.2058508903,92.206319836,211.968563943,52.2165994124,0.0151878447213,0.0121491215918,0.0103498989166,0.0149988676407,0.014971422349,0.0100955181773,92.2058095473,0.0153861879301,49.8588547783
2011-03-07 15:00:00,211.968383192,85.4731494805,92.2062839748,215.031349583,60.4965773402,0.00570689318017,0.0153343984086,211.968557689,211.96847418,211.96860236,103.576348293,0.0100048846942,85.4838527067,0.0103865975479,0.0200057588746,0.0160458329768,0.0150018910127,211.968432974,92.2063289146,249.124640097,52.2166024926,0.0348379368634,0.0121556774359,0.0104993196726,0.0153073270246,0.0150096957089,0.0105292853719,92.205887266,0.0179791558884,49.8598244926
2011-03-07 16:00:00,234.117492292,85.4731548617,211.968409555,215.037785177,171.694431795,0.00570502779356,92.2063755327,211.968595915,211.968524658,211.96860849,103.576363521,0.0100127230492,85.4838613613,211.967036728,0.0200119494521,211.968564085,211.968510425,211.968541128,211.968555795,332.166571381,52.2166020357,0.0348563219914,0.0149998045293,211.968606652,0.0153101890411,0.0153484476446,211.968276458,92.2060556757,0.0183759770075,49.8598393681
2011-03-07 17:00:00,234.117503956,85.4731618799,211.968423629,215.037805444,171.694530389,0.00570334412468,211.968546613,211.968597832,211.968526694,211.96860977,103.57637159,0.0110956585092,85.4838648978,211.967064865,0.0200130108645,211.968568035,211.968515182,211.968545941,211.968558328,332.166624697,52.216600864,0.0348559772182,0.0150004557314,211.96863276,177.625054305,0.0206534768169,211.968285513,118.185571583,0.018078350073,49.8597998935
2011-03-07 18:00:00,234.117503976,85.473156534,211.968427769,215.037812136,171.694531046,0.00570145454632,211.96855438,211.968598163,211.968527967,211.968610484,103.576374369,0.0185206237398,85.4838649329,211.967072347,0.0200133808972,211.968569204,211.968517996,211.968547541,211.968559512,332.166675955,52.2166040414,0.0348560779958,0.0150005918472,211.96863956,177.625055697,0.0209712131418,211.968288814,211.961420593,0.0167931619529,49.8597211646
2011-03-07 19:00:00,234.117502476,85.4731547937,211.968426019,215.037813348,171.694531335,0.0056995184959,211.968554438,211.968598152,211.968526442,211.968610249,103.576373287,0.0185245603688,85.4838644259,211.967074762,0.0200131478654,211.968569719,211.968518757,211.968548184,211.968558687,332.16670529,52.216600597,0.0348383579808,0.0150006111662,211.968641384,177.625055907,0.0161943546759,211.968290139,211.961504823,0.0166055033919,49.8595141249
2011-03-07 20:00:00,234.117500329,85.4731565113,211.96842479,215.037813317,171.694531352,0.00569742258241,211.96855134,211.968597959,211.968524969,211.968609774,103.576368957,0.0185257482275,85.4838641634,211.967077306,0.0200124980628,211.96856982,211.968519109,211.968548455,211.968557902,332.166650395,52.2165976681,0.0340402552055,0.0150005669931,211.968640814,177.625055941,0.0161306499972,211.96829032,211.961851632,0.0153304692699,49.8591066564
2011-03-07 21:00:00,234.117500093,85.4731529608,211.968423421,215.037811599,171.694531656,0.00569529297988,211.968553942,211.968597647,211.968523476,211.968609556,103.576364522,0.0185262000985,85.4838637408,211.967077251,0.0200115547515,211.968569666,211.968519241,211.968548321,211.968557206,332.166628754,52.2165942076,0.0152663849357,0.0150004717994,211.968639197,177.625055872,0.016693578329,211.968290226,211.961519604,0.0152177198346,49.8589280034
2011-03-07 22:00:00,234.117496959,85.4731500648,211.968421512,215.037808469,171.694531608,0.00569313853533,211.968557075,211.968596669,211.968521473,211.968608242,103.576351016,0.0185263419338,85.4838632989,211.96707523,0.0200109709635,211.968569435,211.968519058,211.968547846,211.968555533,332.166613243,52.2165890231,0.0151774415362,0.0150003503388,211.968637327,177.625055725,92.2065123536,211.968289743,211.96137533,0.0151588832737,49.8588944466
2011-03-07 23:00:00,234.117493944,85.4731482194,211.968418146,215.037803612,171.69453127,0.00569103584198,211.968559284,211.968594016,211.968519388,211.968606354,103.576317669,0.0185256004757,85.4838633005,211.967072193,0.0200103737171,211.96856923,211.968518574,211.968547255,211.968553419,332.166601589,52.2165788802,0.0151705268854,0.0150002024846,211.968634175,177.625055553,92.2073689604,211.968289072,211.961066306,0.0151375250724,49.8588788173
2011-03-08 00:00:00,234.117490597,85.4731465385,211.968420938,215.037798606,171.694530967,0.00568911271514,211.968562267,211.968578179,211.968513734,211.96860426,103.576129576,0.0185251456811,85.4838633613,211.967069323,0.020010109719,211.968568832,211.968518302,211.968546128,211.968555952,211.969303347,52.2165855849,0.0186506142729,0.0150001201241,211.968631963,177.625055217,92.2074799381,211.968288107,211.96118346,0.0151209426197,49.8587362542
2011-03-08 01:00:00,234.11748783,85.4731422089,211.968419255,215.037794415,171.69453076,0.00568718466097,211.968562309,211.968562134,211.968515712,211.968602369,103.575301729,0.0185240130967,85.4838631464,211.967068237,0.0200095513867,211.968568296,211.968517629,211.96854483,211.968555986,211.968573378,52.2165807997,0.0161445023423,0.0150000291951,211.968635423,177.625055245,92.2075229165,211.968287084,211.960909919,0.0151401097327,49.8588334048
2011-03-08 02:00:00,234.117484264,85.473139202,211.968417138,215.037789575,171.694530302,0.00568533375281,211.968562233,211.968559212,211.968516801,211.968600846,83.8968826299,0.0185232437347,85.4838631028,211.967066412,0.0200092094233,211.968567573,211.968517045,211.968543417,211.968555824,211.968549428,52.2165812662,0.0152792934989,0.0149999697204,211.968633491,177.62505527,92.2075588214,211.968285844,211.961033186,0.0152134873924,49.8588688247
2011-03-08 03:00:00,234.117485697,85.4731432558,211.968415031,215.037783481,171.694530193,0.00568358557773,211.968562519,211.968557329,211.968518064,211.968599506,103.576280343,0.0185220230871,85.4838628398,211.967064186,0.0200087981412,211.968567124,211.968516441,211.968541948,211.968555677,211.968530856,52.2165828052,0.01521126115,0.0149999015213,211.968631715,177.625055319,92.2075742992,211.96828443,211.961314946,0.0155191777437,49.8588937733
2011-03-08 04:00:00,234.117489721,85.4731467166,211.968414546,215.037775968,171.694530419,0.00568187582067,211.968562681,211.968554966,211.968518529,211.968597679,103.576318319,0.0185209331735,85.4838629939,211.967060858,0.0200082175311,211.968566679,211.96851562,211.968540353,211.968555538,211.968495219,52.216583822,0.0152124957424,0.0149998405707,211.968629929,177.625055481,92.2075847523,211.968282076,211.961456112,0.0181439298966,49.8590414142
2011-03-08 05:00:00,234.117490677,85.4731456534,211.968417945,215.0377578,171.694530763,0.00568043881993,211.968562604,211.968553861,211.96851752,211.968595407,103.576319519,0.0185204213597,85.4838633685,211.967052694,0.0200069199155,211.968565733,211.968513193,211.968536536,211.968555777,211.968361761,52.2165860481,0.0173058572852,0.0149997304515,211.968625197,177.625055677,92.2075890664,211.968275681,211.961426248,0.018441832014,49.8593194112
2011-03-08 06:00:00,234.117481315,85.4720425633,211.968423125,0.0110294167674,171.694530649,0.00567906671782,211.968558994,211.968557355,211.96791486,171.694546087,0.0200932270643,0.0185191002695,85.4838639228,0.0145415705397,0.0162131102839,211.968559196,0.0101450936402,92.2064489897,211.968555049,158.97657625,52.2165940366,0.0348240160926,0.0149986504283,211.968599479,177.625055734,92.2075891199,0.0103147724971,92.205925059,0.0153400890253,37.3949321615
2011-03-08 07:00:00,0.0152720797275,0.0150193135047,211.968279609,0.0101942422215,171.694517936,0.00567736649551,92.2063725685,211.968557774,74.6871034961,171.694533042,0.0200060611335,0.0185129624809,85.4838549872,0.0101480214085,0.016193880271,0.0150021069257,0.0100510289158,0.0114960520171,92.2063219768,211.968087105,52.2165907621,0.0151957126258,0.0100196808107,0.010477887066,177.625055366,92.2074124659,0.0100729822015,92.2058632561,0.0151587042827,37.3945204727
2011-03-08 08:00:00,0.0152041106113,0.0150073202242,92.2062651489,0.0100603100996,74.6871239605,0.00567543702905,69.1547971297,211.968478951,69.155572471,171.694371059,0.0199972318113,0.0150158171672,85.4837929255,0.0100964626293,0.0161751741597,0.0149928032285,0.010024764904,0.0114762457204,0.0200753755719,144.492473384,52.216585911,0.01517051022,0.0100174216517,0.0104287270288,143.876295515,69.1557457032,0.0100323390855,92.2057403088,0.0150536395378,37.3943314821
2011-03-08 09:00:00,0.0100223464377,0.0150062150598,74.6870941414,0.0100098028962,74.6871203015,0.0056734623716,69.1547511032,92.2063408336,0.0199921459018,0.0149908120083,0.0199909682572,0.0150116297847,64.1129325642,0.0100118762205,0.0100059380413,0.014676385478,0.0100037957733,0.010007511183,0.0199996848804,144.492400703,52.2165789674,0.0151633041333,0.0100012575336,0.0100381561861,143.876294614,69.155591961,0.0100055895716,74.6871838907,0.0149796467171,0.0220137470495
2011-03-08 10:00:00,0.0100064616087,0.0150061615386,0.020014464763,0.0100064048936,74.6870907726,0.00567149301878,0.0150020501099,92.2063396003,0.0149978568992,0.0149983096784,0.0199875518682,0.0150094183861,64.1129019056,0.0100067936052,0.0100034537088,0.0100062022573,0.0100022661539,0.010004631891,0.019996856931,0.0150862879712,52.216568508,0.015156987966,0.0100003718135,0.010017443206,143.876292746,69.1553489638,0.0100039201741,74.6853333797,0.0149602306595,0.0213201819292
2011-03-08 11:00:00,0.010004957774,0.0150079034273,0.0199981838478,0.0100059683473,0.0150048921235,0.00566959176067,0.0149956691195,0.015007646958,0.0149891042,158.976247237,0.0199864518184,0.0150094977607,64.1122837247,0.0100054851237,0.0100054281781,0.0100043553562,0.01000218752,0.01000424549,0.0150132024195,0.0150345041143,52.2165484639,0.0151163505372,0.0100002594467,0.0100154803351,143.87628203,0.0150374881835,0.0100038141957,74.686715122,0.0149792240797,37.3944350065
2011-03-08 12:00:00,0.0100056124001,0.0150077132564,0.0199982207478,0.0100087829894,74.687112106,0.00566768756705,0.0149945924988,0.0150010718293,0.0151194026441,171.694525775,0.019987578402,0.0150101637727,64.1128843063,0.0100077925648,0.0161501954202,0.0100070184111,0.0100037588708,0.0100063666205,0.0199624458777,0.0150411463756,52.2165753508,0.0151456751,0.0100002847364,0.0100198366696,143.876288395,0.0151528989801,0.0100050833996,92.2058402714,0.015060579903,37.394895984
2011-03-08 13:00:00,0.0100269771263,0.0150034209089,0.0199990172119,0.0100273690781,74.6871163718,0.00566582694159,0.0150000612535,0.0150002541956,74.6869517188,171.69453768,0.0199921054305,0.0150099325155,64.1129300673,0.0100289374804,0.0161922259794,0.0149723169037,0.0100298938095,0.0114150724218,0.0199973157604,0.0150226995395,52.2165684043,0.0151151376849,0.0100009805912,0.0100775490861,143.876293532,0.0150246529188,0.010018352215,92.2058046181,0.015079291129,49.8588082729
2011-03-08 14:00:00,0.0152306891374,0.015002347586,0.0200025876077,0.0101778201377,74.6871209645,0.00566392886875,0.0150046674504,0.0150002313067,74.6871007307,211.968010837,0.0200012141906,0.0150113028001,85.4838065288,0.0101371694752,0.0162066252013,0.0149963064475,0.0100526629517,0.0114939074082,0.0200004841532,0.0150410024904,52.2165680694,0.0150834356629,0.0100175068535,0.0104471443386,143.876294842,0.0150470725741,0.0100719530323,92.2058039415,0.0151172597542,49.858896311
2011-03-08 15:00:00,211.968209429,0.0150017264752,74.6870761214,0.0104684305167,74.6871259074,0.00566208910316,69.1547864752,0.0150011782505,92.2063011323,211.968568761,0.0245920114081,0.0150139541955,85.4838525469,0.0103904852967,0.0199981440781,0.0150285600451,92.2065501255,211.968191044,0.0200969766889,0.0150566259034,52.2165690135,0.0151518501843,0.0100217070146,0.0106050286013,143.876295922,69.1557382655,0.0104717458014,92.2058664396,0.0152416417916,49.8594557535
2011-03-08 16:00:00,234.117478225,0.0150014103603,92.2062616304,215.037443213,171.694521359,0.00566029111418,92.2063347695,92.2063309712,92.2063083878,211.968576451,0.0246830014448,0.0150318828619,85.4838595819,226.165911907,0.0200044480594,211.968540965,211.968537185,211.968541753,92.2063230007,0.0153671863816,52.2165678112,0.0151593451079,147.152107122,211.968676881,177.624937573,211.967224421,211.968281513,92.205933563,0.0173011681839,49.8596185873
2011-03-08 17:00:00,234.117491073,0.0150011378802,92.206267838,215.037469764,171.69453156,0.00565858978301,92.2063524828,92.2063386548,92.2063086791,211.96857853,0.0246859539827,0.0185218911721,85.4838630019,226.165930098,0.020005841471,211.968545801,211.96854115,211.968546971,92.20632683,144.490817983,52.2165643085,0.0151551107835,147.152109017,211.968701629,177.625060515,211.967756195,211.968290096,92.2059378037,0.0174874359058,49.8595757041
2011-03-08 18:00:00,234.117491486,0.015000605672,92.2062728483,215.037476347,171.694531705,0.00565682249107,92.2063563829,92.2063376908,92.2063092281,211.968579775,0.0246833987192,0.0185293605995,85.4838631023,226.165934619,0.0200064608939,211.968547143,211.968542259,211.968548582,92.2063296592,144.492475658,52.2165736391,0.015159530509,147.152109317,211.968708554,177.625061556,211.96779599,211.96829267,92.2058189675,0.0152981143142,49.8595401167
2011-03-08 19:00:00,234.117490333,0.0150002854121,92.2062664617,215.03747803,171.694531244,0.00565480864584,92.2063517022,92.2063364311,92.2063073701,211.968579722,0.024678280029,0.0185300864371,85.4838626321,226.16593585,0.0200065553401,211.96854798,211.96854287,211.968549175,92.2063254294,144.492472355,52.2165653366,0.0151536207101,147.152109424,211.968710412,177.625061733,211.96778896,211.968293708,92.2057204039,0.0157575078776,49.8594251334
2011-03-08 20:00:00,234.117488884,0.0150003650681,92.206263643,215.037477928,171.694531023,0.00565277301282,92.2063495947,0.015007417924,92.206306019,211.968579575,0.0246702619584,0.018530088717,85.4838623127,226.165936623,0.0200060163243,211.968548273,211.968543029,211.968549355,92.2063242204,0.0200579034783,52.2165588243,0.0151400847182,147.152109437,211.968709501,177.625061763,211.967782713,211.968293866,92.2055189125,0.0155030890735,49.8590039423
2011-03-08 21:00:00,234.117489242,0.0150002077005,92.2062597548,215.037475952,171.69453134,0.00565067155521,92.2063489596,0.0150006355252,92.2063046749,211.968579576,0.0246613920245,0.0185297659568,85.4838618795,226.165934903,0.0200054206967,211.968548322,211.968542942,211.968549315,92.2063236214,0.0150271093756,52.2165555885,0.0151038336136,147.152109387,211.968711442,177.625061698,211.967798837,211.968293698,92.2019056704,0.0151678072496,49.858886519
2011-03-08 22:00:00,234.117487177,0.0150000304567,92.206249423,215.037473371,171.694531229,0.00564849040373,92.2063472816,0.0150002034966,92.2063028088,211.968578685,0.0246057106803,0.0185293565833,85.4838612983,226.165931775,0.02000492052,211.968548314,211.968542626,211.968548791,92.2063228343,0.0150111036817,52.2165450204,0.0150531118126,147.152109306,211.968709155,177.625061542,211.967806397,211.968293235,0.015628580084,0.0150842001841,49.858845986
2011-03-08 23:00:00,234.11748517,0.0149999098664,92.206187744,215.037468714,171.694530778,0.00564641221743,92.2063427976,0.0150000205199,92.2062998536,211.968577277,0.0201323160866,0.0185283097499,85.483861187,226.165928147,0.0200044112012,211.968548332,211.968541973,211.968548148,92.2063219451,0.0150081293748,52.2165222048,0.0150369782224,147.152109209,211.96870741,177.625061402,211.967793719,211.968292585,0.0151977913557,0.0150448718305,49.8587888785
2011-03-09 00:00:00,234.11748314,0.0149998084489,0.0200192791829,215.037464643,171.694529698,0.00564440805706,92.2063297166,0.0149999520649,92.2062993839,211.968575606,0.0201583037248,0.0185268528491,85.4838611007,226.16592388,0.0200040435775,211.968548386,211.968541188,211.968547186,92.2063200655,0.0150042323149,52.2165459164,0.0150153879627,147.152109127,211.968705216,177.625061342,211.967780384,211.968291386,0.015057810649,0.0150124716559,49.8586663959
2011-03-09 01:00:00,234.117481236,0.0149997723046,0.0200090881055,215.037460076,171.694528489,0.00564254396493,92.2062936023,0.0149999154869,92.2062954285,211.968574232,0.0200870471167,0.0185252977091,85.4838610085,226.165920642,0.020003687135,211.968548018,211.968540512,211.96854568,92.2063167146,0.0150033608728,52.2165390984,0.0150106255975,147.152109027,211.968703533,177.625061371,211.967768046,211.968290409,0.0150954185748,0.0150105425439,49.8581929244
2011-03-09 02:00:00,234.117479706,0.0149997831326,0.0200064036853,215.037454506,171.694526075,0.00564068823312,72.9018215538,0.014999900515,92.2062905412,211.968572723,0.0200638241024,0.0185239269362,85.4838611229,226.165918226,0.0200032286546,211.968547568,211.968539867,211.968544174,92.2063093077,0.0150023310322,52.2165429668,0.015006920423,147.152108912,211.968700558,177.625061358,211.967738861,211.968289272,0.0152437676499,0.0150144387468,49.8475077774
2011-03-09 03:00:00,234.117480462,0.0149999002355,0.0200043456124,215.037448437,171.694524768,0.00563894562962,72.901789393,0.0149998997106,92.2062818748,211.968570578,0.0200813873293,0.0185226689074,85.4838608085,226.165915254,0.0200027093543,211.968547101,211.968539215,211.968542653,92.2062877193,0.0150014178526,52.2165407832,0.0150031202805,147.152108808,211.968698,177.625061441,211.967671523,211.968287831,0.0153964364121,0.0150269336109,37.3937993104
2011-03-09 04:00:00,234.117483914,0.0150001697412,0.0200036303808,215.037440495,171.694526689,0.00563727669116,72.9017821347,0.0149999026296,92.2062690746,211.968567813,0.0245273644098,0.0185210368774,85.4838612144,226.165911733,0.0200019403882,211.968546587,211.96853834,211.968540956,92.2062834536,0.0150010778948,52.2165367978,0.0150023828066,147.152108702,211.968695108,177.62506172,211.96757088,211.968285383,0.0160550880188,0.0150411150267,49.8563085037
2011-03-09 05:00:00,234.11748517,0.0150002496855,0.0200042524376,215.037422162,171.694528492,0.0056358580515,72.9017773913,0.0149999313917,92.2062509058,211.968562285,0.0246419182577,0.0185195476384,85.4838614757,226.165903036,0.0199997069812,211.968545597,211.968535788,211.96853727,92.2063077722,0.0150019208267,52.2165330441,0.0150029099746,147.152108571,211.968686973,177.625061962,211.918242127,211.968278754,0.0153334552721,0.01503885525,49.8555729947
2011-03-09 06:00:00,234.117478247,0.0149998524,0.0200089799653,0.01037604155,171.694528104,0.00563449952015,72.9017774243,0.0150002199528,0.0199958619432,0.0192416566601,0.0199978964131,0.0185169260462,85.4838619477,0.011542530871,0.016132946988,211.968538915,0.0101391756593,0.010124569888,92.2063105435,0.0150083251184,52.2165529372,0.0150052169808,147.152107264,211.968598921,177.625062078,158.975503421,0.0102437228494,0.0150040572137,0.014987735094,0.0195801948258
2011-03-09 07:00:00,175.588323496,0.0149994143839,0.0200102690644,0.010099819542,171.694499307,0.00563280706225,72.9017570601,0.0150002026379,0.0150693267079,0.0192213169889,0.0199742646634,0.0185121438757,85.4838505681,0.0101406329639,0.0161109702472,0.015027340564,0.0100452469313,0.0100354898116,0.0200025528057,0.0150119410314,52.216536538,0.0150040006381,0.0100176251824,0.0127098075944,177.625061936,158.975444298,0.0100697683442,0.014994713157,0.0149614366585,0.0152981782012
2011-03-09 08:00:00,175.588128757,0.0149990788119,0.020017826495,0.010027035114,74.6871301973,0.00563105223644,69.1550037343,0.015000038196,0.0150012854739,0.0189121777958,0.0199542293735,0.0126183572898,85.4836522097,0.0100854020854,0.0159360812432,0.0150175824065,0.0100209197776,0.0100078560509,0.0199999378036,0.0150016674448,52.216478877,0.0150039057503,0.0100153019218,0.0126616459658,177.625037283,158.975390374,0.0100206267807,0.0149856703127,0.014919221167,0.0149977833049
2011-03-09 09:00:00,175.586797012,0.0149988568874,0.0200173920276,0.0100085009199,74.6871215279,0.00562907915819,72.9017684492,0.0149999934276,0.0149955541193,0.0100081427047,0.0195992532443,0.0121306391967,64.1129057027,0.0100119784023,0.0100038916584,0.0149451834431,0.0100036093182,0.0100029513571,0.0199993941717,0.0150011895507,0.0152128007081,0.0150040350312,0.0100012625289,0.0100786384391,143.876300536,158.975373484,0.0100055774157,0.0149763199775,0.0147805524012,0.0149645460981
2011-03-09 10:00:00,0.0100074780904,0.0149987904417,0.0200156493826,0.0100056352347,74.6871187976,0.00562704357645,72.9017745336,0.0149999739132,0.0149487041148,0.0100051885911,0.0100347239598,0.0121203857357,64.112852948,0.0100068670806,0.0100023385401,0.0100065051371,0.0100020667089,0.0100024795836,0.019999135949,0.0150019016586,0.0150395373272,0.0150038358483,0.0100005383311,0.0100303858481,143.876299774,158.97536284,0.0100036440953,0.0149664338297,0.014582480732,0.0148987300433
2011-03-09 11:00:00,0.0100052733505,0.0149988210636,0.0200125202178,0.0100052937346,74.6871164668,0.00562516178142,72.9017802014,0.0150000100006,0.0149692393365,0.0100076562269,0.0100632978555,0.0119831484927,0.0100440824466,0.0100057742078,0.0100026050466,0.0100060457296,0.0100019843573,0.0100023559083,0.0199993462551,0.0150020482867,0.0150207628911,0.0150034615951,0.0100003785779,0.0100175842562,143.876298922,158.975371909,0.0100034451522,0.0149689792477,0.0148301904128,0.0149329861953
2011-03-09 12:00:00,0.0100077108377,0.0149991158038,0.0200098377128,0.0100071584162,74.6871210439,0.00562325125804,72.9018346001,0.0150001140609,0.0149964077716,0.0145381307381,0.0196446845718,0.0117823873948,0.0100869586145,0.0100080196103,0.0100079617358,0.0100192816183,0.0100034589402,0.0100028354033,0.0199997774831,0.0150028827039,52.2165249677,0.0150035502949,0.0100004729225,0.0100348202154,143.876296106,158.975443203,0.010005322691,0.0149799201282,0.0148638276,0.0149762113765
2011-03-09 13:00:00,175.58779615,0.0149993231244,0.02000540891,0.0100177208849,74.6871212107,0.00562124385841,72.9018091697,0.0150000930839,0.0150030385544,0.0192203441611,0.0199578825957,0.0100152640676,64.1128618943,0.0100273675277,0.0161080406804,0.0149949644205,0.0100204404363,0.0100073515777,0.0199999434337,0.0150004948526,0.0163274517049,0.0150032090611,0.0100014125034,0.0123684427381,143.876297251,158.975419704,0.0100213317,0.0149883416365,0.0149334028451,0.0150058997508
2011-03-09 14:00:00,175.588145183,0.0149996853728,0.0200121320278,0.0100900937306,74.6871221862,0.00561932373833,92.2063141289,0.0150000856889,0.0150749768138,0.0192504800337,0.0199914365724,0.0102125260209,64.1129161468,0.0101279836609,0.0161219117189,0.0150204575688,0.0100462593923,0.0100369936686,0.020001817067,0.0150021353054,0.0150215406543,0.0150028484909,0.0100156390642,0.0126811745614,143.876299189,158.975428039,0.0100719354907,0.014995927475,0.0149678140581,0.0153229863477
2011-03-09 15:00:00,211.968536941,0.0150000327722,0.0201398160843,0.0103083798112,74.6871320121,0.00561757848781,92.2063426037,0.0150002121693,0.0200006005597,211.968548822,0.0200212165963,0.0121110943013,85.4838201819,0.0103479305391,0.0199939230136,0.0150568847895,92.2062760354,0.0114604623306,0.0200239564362,0.0150026444017,0.0150204193115,0.0150033933587,0.0100205128502,0.0128934368904,143.876300173,158.975482988,0.0106766112746,0.0150063169643,0.0149924110111,0.0199292089121
2011-03-09 16:00:00,234.117474128,0.0150002454146,92.2062563618,215.037545822,171.694522652,0.00561577909789,92.2063528143,0.0150012862332,92.2062966432,211.968569147,103.576283096,0.0121242098228,85.4838556661,226.165964452,0.0200028969881,211.968504263,211.968536643,211.968539868,92.206318424,0.0150030520389,0.0150222101079,0.0150093768554,147.152107799,211.968705384,143.876302889,158.975839872,211.968529167,0.0150098062961,0.0150040057165,0.0200056018357
2011-03-09 17:00:00,234.117484668,0.0150003495768,92.2062656944,215.037574372,171.694532409,0.00561400040468,92.2063574006,0.0200131428356,92.2063022428,211.968572752,103.576297175,0.0148967563062,85.4838611731,226.165983673,0.0200046350061,211.968509642,211.968540918,211.968545615,92.2063226909,0.0150040779581,0.0151358233161,0.0150253427447,147.152109422,211.968729472,177.625063165,211.96698786,211.968541105,0.015010850269,0.0150017861652,0.0200211379116
2011-03-09 18:00:00,234.117484051,0.0150003175914,92.2062666673,215.037581497,171.694532898,0.00561218130835,92.2063610537,0.0199135713038,92.2063047197,211.968574578,103.576301296,0.0149783036384,85.4838611185,226.165988644,0.0200053181591,211.968511304,211.968542264,211.968547284,92.2063239333,0.0150052420504,52.2165276454,0.0150103471816,147.152109719,211.968736008,177.625063972,211.967124433,211.968544775,0.0150096614267,0.0149992690609,0.0200163415749
2011-03-09 19:00:00,234.117481568,0.0150001347596,92.2062649251,215.037583449,171.694532825,0.00561024431404,92.2063630542,0.0150008342818,92.2063060446,211.968574864,103.576300114,0.0149801135464,85.4838606442,226.165990239,0.0200053362194,211.968512256,211.968542852,211.968548034,92.2063235257,0.0150056695729,52.2164821876,0.0150109473391,147.152109783,211.968737369,177.625064125,211.967079284,211.968546421,0.0150083526772,0.0149947633953,0.0200065604315
2011-03-09 20:00:00,234.117477896,0.0150001762428,92.2062632372,215.037583194,171.694532719,0.00560830935511,92.2063637615,0.015000311946,92.2063065504,211.968574998,103.576297862,0.0149804960711,85.4838602534,226.165991108,0.0200049373205,211.968512869,211.968542973,211.968548151,92.2063233996,0.0150045553453,0.0152380646118,0.0150105582131,147.152109764,211.968736912,177.625064193,211.967134369,211.968546793,0.0150062770793,0.0149879275665,0.0199912665831
2011-03-09 21:00:00,234.117477369,0.0149999912562,92.2062602757,215.037581942,171.694533005,0.00560621878498,92.2063632847,0.0150001693945,92.206306906,211.968575067,103.576295989,0.0149805184027,85.4838599632,226.16598956,0.0200043628114,211.968513444,211.9685428,211.968548103,92.2063231542,0.015003388879,0.015067834587,0.0150052676245,147.15210967,211.968735106,177.625064184,211.96715426,211.968546905,0.0150044949907,0.0149828005289,0.0199767449113
2011-03-09 22:00:00,234.117474036,0.014999811747,92.2062534392,215.037577488,171.694532958,0.00560399919912,92.2063615536,0.0150000598834,92.2063072508,211.968574242,103.576292238,0.0149802131558,85.4838593467,226.165986214,0.0200039722909,211.968513877,211.968542425,211.968547534,92.2063222364,0.0150025395945,0.0150208517217,0.0150028624903,147.152109538,211.968733136,177.625064107,211.96715469,211.968546589,0.0150031022529,0.0149777513926,0.0199733854058
2011-03-09 23:00:00,234.117472305,0.0149996966221,92.2062309578,215.03757225,171.694532512,0.00560196987223,92.2063570257,0.0149999920558,92.2063074709,211.968572892,103.576288482,0.0149793383198,85.4838594267,226.165982055,0.020003624397,211.968514232,211.968541732,211.968546423,92.2063205193,0.015002808399,0.0150072290966,0.01500190699,147.152109375,211.968733956,177.625064011,211.967146988,211.968546257,0.0150024508088,0.0149768421303,0.0199925537525
2011-03-10 00:00:00,234.117469426,0.0149995964599,0.0200425261538,215.037567903,171.694531686,0.00560001798718,92.2063229021,0.0149999553911,92.2063068964,211.968571761,103.57629072,0.014978484776,85.4838598841,226.165978609,0.0200032967104,211.968514658,211.968541012,211.968545512,92.2063176834,0.0150017750593,0.0150234708546,0.0150031310165,147.152109217,211.968732458,177.625063829,211.967087829,211.968545594,0.0150022969274,0.0149771408073,0.0200920782025
2011-03-10 01:00:00,234.117467153,0.0149995989094,0.0200049729386,215.037563083,171.694530655,0.00559814909732,92.2058744283,0.0149999217507,92.206307761,211.968570727,103.576292875,0.0149775088667,85.4838598713,226.165977165,0.0200029745658,211.968514308,211.968540342,211.968544228,92.2063134581,0.0150010322382,0.0150055336415,0.0150084386413,147.152109087,211.968730567,177.625063829,211.96698209,211.96854556,0.0150023570106,0.0149777156695,0.0204485123846
2011-03-10 02:00:00,234.117464706,0.0149996469552,0.020001950147,215.037557175,171.694527627,0.00559628783747,0.0200943487475,0.0149999092559,92.2063084867,211.968569705,103.576292684,0.0149767152867,85.4838597025,226.165974026,0.0200026323391,211.968513938,211.968539829,211.968542693,92.2063021103,0.0150006501431,0.0150041601058,0.0150181606348,147.152108956,211.968728831,177.625063876,211.966939597,211.9685458,0.0150027177996,0.0149818591769,49.8581549808
2011-03-10 03:00:00,234.117466715,0.0149998049306,0.0200010726555,215.037551506,171.694523952,0.00559450823715,0.0200302212419,0.0149998949897,92.2063091189,211.968568405,103.576291904,0.014975854518,85.4838594157,226.165970977,0.0200022848306,211.968513667,211.968539534,211.968541349,92.2028214229,0.0150004035961,0.0150042611636,0.015002444692,147.152108817,211.968726052,177.625063934,211.966741551,211.968546643,0.0150038930401,0.0149931656504,49.8587282394
2011-03-10 04:00:00,234.117472102,0.0150001251911,0.020000875678,215.037544027,171.694521846,0.00559280995171,0.0200020681847,0.01499988347,92.2063090879,211.968566359,103.576292009,0.0149748255911,85.4838595471,226.165966454,0.020001636955,211.968513411,211.968539167,211.968539759,74.6871388626,0.0150002619173,0.0150049487862,0.01500176521,147.152108685,211.968723604,177.625064049,211.965449101,211.96854795,0.0150076433975,0.0150201961807,49.858860685
2011-03-10 05:00:00,234.117476677,0.0150002729297,0.0200018357098,215.037523928,171.694520944,0.00559137698145,0.0199905238525,0.0149998916599,92.2063087224,211.968562207,103.576291023,0.0149740121486,85.4838597031,226.165956312,0.0199998769412,211.9685129,211.968537968,211.968535474,92.2062868922,0.0150001615534,0.0150056400889,0.0150027338364,147.152108536,211.968717229,177.625064137,92.2065847818,211.968549643,0.0150134168772,0.0150635218754,49.8588974094
2011-03-10 06:00:00,234.117473861,0.0150001149022,0.0200043115334,0.0105003361807,171.694506925,0.00559009579427,0.0199770024262,0.0149999438091,92.2063050406,101.647771452,0.0200337904697,0.014972767857,85.4838604187,98.3812927976,0.0107692366377,211.968510319,171.694533318,0.0100999289958,92.2062858376,0.0149999464813,52.2165242701,0.0150045810841,147.152106976,211.968634512,177.625064062,0.0154266534269,211.9684972,0.015008271619,0.0150249753929,49.8588720394
2011-03-10 07:00:00,234.117438379,0.0150000859245,0.0200065299759,0.0101336646546,74.6871271089,0.00558843378573,0.0199715110036,0.0149999910733,92.2062856343,101.647705402,0.0200028535631,0.0149711145985,85.483851834,0.0103479884051,0.0107371982189,211.967590617,171.694503013,0.0100333793665,0.0200013492023,0.0150000840507,52.2165164092,0.0150041989218,64.0111053542,171.694593133,177.625063344,0.0151469287385,171.694545276,0.0150088439806,0.0150142164132,49.8588677766
2011-03-10 08:00:00,211.968588301,0.0150000130441,0.020011560131,0.010042691111,74.6871210024,0.00558648699638,0.0199698380757,0.0150000023113,0.0200195865217,101.647502573,0.0199811999983,0.0126858760252,85.4837968061,0.0102990815284,0.0101423464751,92.2063562271,171.69436357,0.01000713901,0.019999797351,0.0150003572004,52.2165132214,0.015004112707,64.0111030752,171.694561702,143.876294088,0.0150644720627,171.694533848,0.015006408096,0.0150029871544,49.8588575929
2011-03-10 09:00:00,189.635259265,0.0149998962648,0.0200099620529,0.0100112622991,74.6871174513,0.00558454244093,0.0199687261026,0.0149999977719,0.0199981713102,0.0100056341244,0.0100973726552,0.0121052880602,64.1129447393,0.0100195300754,0.0100036118791,92.2063483621,0.0100084794106,0.0100029813717,0.0199993276831,0.015001006438,52.2165054508,0.0150041555114,0.0100032728631,158.976589763,143.876290764,0.0150223042883,171.694532087,0.0150036422522,0.0149935482996,49.8588330986
2011-03-10 10:00:00,189.635137422,0.0149998438413,0.020007866269,0.0100066973732,74.6871102434,0.00558253201173,0.0199682715253,0.0149999796539,0.0199928802928,0.01000348082,0.0100151519949,0.012097008926,64.1129181529,0.0100088113688,0.0100023723155,92.2063468195,0.0100055358396,0.010002438143,0.0199991743229,0.0150009019281,52.2165003752,0.0150040513383,0.0100007888894,0.0100348776532,133.21927638,0.0150274044243,171.694531774,0.015002702664,0.014986762891,49.8587930344
2011-03-10 11:00:00,175.588282113,0.014999876311,0.020004117882,0.010005669105,74.6871013726,0.005580658699,0.0199669893602,0.0149999728009,0.01999095522,0.0100038979348,0.0100172649224,0.0119181744202,64.1128852259,0.010007963607,0.0100028967108,92.2063503206,0.0100140532341,0.010002371232,0.0199995481366,0.0150006736305,52.216485753,0.0150038300093,0.0100006674642,0.0100345938969,0.0100087541332,0.0150267174099,171.69453461,0.0150048084098,0.0149946133727,49.8587283921
2011-03-10 12:00:00,175.588182508,0.0150001840381,0.0200021974803,0.0100092460701,74.687097117,0.00557875451039,0.0199675626011,0.0149999766805,0.0199916665137,0.0100121422286,0.0114041074076,0.0100130981615,64.1128946888,0.0100125644386,0.0100090340312,92.2063510813,171.694488746,0.0100028815401,0.0200000054534,0.0150005868758,52.216512799,0.0150038501831,0.0100009217486,0.0101218580959,0.0100016702177,0.0150245903632,171.694540913,0.0150473956298,0.0150221832338,49.8587346445
2011-03-10 13:00:00,175.588135581,0.0150003513828,0.0200039310145,0.0100273307042,0.0200353312614,0.00557690930108,0.0199672703894,0.0149999864033,0.0199944806591,101.647692739,0.0199891449443,0.0100065014164,64.1129161046,0.0100966864962,0.0107328486858,92.206350728,171.694503393,0.0100084652928,0.02000007083,0.0150007456681,52.2164736726,0.0150036248918,64.0092165464,171.694531328,0.0100047576865,0.0150180179281,171.694553012,0.0151096577645,0.0150195664073,49.8584456029
2011-03-10 14:00:00,189.635128758,0.0150008518233,0.0200072434845,0.0101243004158,74.6871089581,0.00557499392476,0.0199680091365,0.0149999976884,0.0200001634834,101.647717062,0.0200169490342,0.0100100266388,64.1131425841,0.0103388125086,0.0107467647634,92.2063583428,171.694517679,0.0100362664921,0.0200009969286,0.0150005406466,52.2163692505,0.0150030999227,64.0111039401,171.69457215,133.218738216,0.0150182865673,211.968369611,0.0150906288437,0.0150234476097,49.8577703445
2011-03-10 15:00:00,211.968580565,0.0150010504902,0.0200110659518,0.0104102884188,74.6871180174,0.00557319702297,0.0199687216461,0.0150000022511,0.0201192922559,211.968559498,211.968358434,0.0120422743875,85.4838454342,0.0107762263395,183.715030666,113.834986382,211.96852752,0.0129357749617,0.0200045040494,0.0150009627281,52.2164162153,0.0150029924598,64.0111183934,171.694661012,143.876290562,0.0150219253649,211.968538002,0.0150533244261,0.0150348019273,49.8581066117
2011-03-10 16:00:00,234.117455265,0.0150012195597,0.0200158040789,215.037234094,74.6871217631,0.0055713779614,0.0199695173545,0.0150000229491,0.0246763801365,211.968599193,238.106291861,0.0121019150136,85.4838562906,226.165908159,183.715054,113.834999526,211.968541637,211.968536588,0.0246795532516,0.0150028850146,52.2162907965,0.0150035897088,147.152104346,211.968674223,143.876293455,0.015018248788,211.968552157,0.0150464889686,0.0150528005307,49.8579605873
2011-03-10 17:00:00,234.117461037,0.0150013116945,0.0200196309092,215.037262672,74.6894404026,0.00556966409971,0.0199713586541,0.0150001204279,0.0246747761359,211.968603681,238.106305053,0.0125229944386,85.4838595148,226.165926761,183.715056756,113.834999784,211.968543968,211.968542604,0.0246912732036,0.0150129540385,52.2164731473,0.0150039919143,147.152105552,211.968689825,177.625065185,0.0150223045189,211.968553912,0.0150339714466,0.0150365007151,49.8571316728
2011-03-10 18:00:00,234.117458618,0.0150012432666,0.0200297604385,215.037269415,92.2064077613,0.00556785817126,0.019976254273,0.0150007154215,0.0246754978869,211.968605826,238.106307759,166.015970931,85.4838595535,226.16593167,183.715057698,113.835000657,211.968544895,211.96854421,0.0246922416054,144.492417003,52.2165042114,0.0150035490111,147.152105777,211.968695078,177.6250668,0.0150306657699,211.968553904,0.0150141697404,0.0150067805009,0.020633046361
2011-03-10 19:00:00,234.117454925,0.0150011780893,0.0200128770904,215.037271006,74.6872098068,0.00556587757299,0.0199721582837,0.0150005733623,0.0246645377269,211.968606241,238.106304076,166.015975178,85.4838590612,226.165932864,183.715057933,113.834999711,211.968545263,211.968544829,0.0246873508239,144.492450923,52.2165029003,0.015002788828,147.152105812,211.96869548,177.625067096,0.0150278552123,211.968553352,0.0150098633514,0.0149981406191,0.0201562207942
2011-03-10 20:00:00,234.117450411,0.0150014273033,0.0200061996324,215.037270876,74.6872118728,0.0055639099589,0.019971071405,0.0150003975122,0.020014581941,211.968606284,238.106300878,166.015976304,85.4838587202,226.165933697,183.715057448,113.834998288,211.968545268,211.968545005,0.020033363458,144.492461028,52.2164932268,0.0150021729941,147.15210577,211.968694489,177.625067198,0.0150268471841,211.96855198,0.0150070561778,0.0149880527763,0.0200356303838
2011-03-10 21:00:00,234.117448513,0.015001064624,0.0200037840712,215.037268902,171.694450164,0.00556175803394,0.0199735070815,0.015000414447,0.0200015338817,211.968606394,238.106298241,166.015976811,85.4838583938,226.165932022,183.715056765,113.834996478,211.968545089,211.968544786,0.0200088026049,144.492441591,52.2164648792,0.0150016440748,147.152105664,211.968691983,177.625067185,0.0150249613039,211.96855072,0.0150045972549,0.0149826265392,0.0200044690435
2011-03-10 22:00:00,234.117442743,0.0150006766007,0.0200042059126,215.037264943,171.694514246,0.00555955735703,0.0199784607615,0.0150004648777,0.0199990554401,211.968605604,238.106293955,166.015976873,85.4838579865,226.165928721,183.715056385,113.834993464,211.968544686,211.968544067,0.020003105884,144.49242202,0.0151056840392,0.0150011889471,147.152105532,211.96868965,177.625067098,0.0150210643229,211.968549133,0.015003409542,0.0149766949532,0.0199879328884
2011-03-10 23:00:00,234.117437417,0.0150004603454,0.0200049257481,215.037259999,171.694522581,0.0055574996044,0.0199854557576,0.0150005211172,0.0199974877563,211.96860439,238.106288198,166.015976029,85.4838576696,226.165924932,183.715056002,113.834988671,211.968543928,211.968543239,0.0200022045052,144.492461339,0.0150136874167,0.0150010000153,147.152105382,211.96869015,177.625066972,0.0150193984827,211.968547348,0.0150027970309,0.0149742577603,0.0199765134763
2011-03-11 00:00:00,234.117431391,0.0150003506733,0.0200137089551,215.037254415,171.694521634,0.00555558268364,0.0199906372193,0.0150007998592,0.019997957307,211.968603209,238.106281926,166.015975208,85.4838576577,226.165922741,183.715056524,113.834986875,211.968543243,211.968542023,0.0200027542011,144.492451348,0.0150105435043,0.0150009265968,147.152105194,211.968688765,177.625066687,0.0150199217315,211.968545609,0.0150025605191,0.0149732093457,0.0199686079022
2011-03-11 01:00:00,234.117424419,0.0150003584654,0.020013002147,215.037250249,171.694525816,0.00555372324242,0.0200081487935,0.0150007437098,0.0199969954318,211.968601997,238.10627595,166.015974468,85.483857711,226.165920045,183.715056124,113.834913443,211.96854222,211.968540374,0.020003277762,144.492470933,0.0150071211185,0.0150017286096,147.152105048,211.968686214,177.625066493,0.0150237155719,211.968543647,0.0150026045779,0.0149736446429,0.0199617226743
2011-03-11 02:00:00,234.117417045,0.0150004417619,0.020021576413,215.037245246,171.694527938,0.00555192310626,0.0204286319519,0.0150009219232,0.0199957727247,211.968600786,238.106265866,166.015973899,85.4838578517,226.165916696,183.715055802,92.2063621852,211.968541328,211.968538668,0.0200055805427,144.492480367,0.0150075270528,0.0150035623978,147.152104928,211.968683751,177.625066499,0.0150348543979,211.968542149,0.0150027894915,0.0149761466537,0.0199594112853
2011-03-11 03:00:00,234.117414862,0.0150006182337,0.0246663919896,215.037238459,171.694530151,0.00555011837528,92.20633431,0.0150011324554,0.0199943990786,211.968599214,238.10626031,166.015973451,85.483857407,226.165912906,183.715055428,92.2063521296,211.968540641,211.968537151,0.0200170799502,144.492503669,0.0150089065308,0.0150042840695,147.152104818,211.968680224,177.625066649,0.015044459061,211.968540494,0.0150034240438,0.0149802711017,0.0199639147629
2011-03-11 04:00:00,234.117414768,0.0150009711154,0.0246855457607,215.037230745,171.69453174,0.00554848456947,92.2063551838,0.0150016242074,0.0199947742964,211.968597081,238.10626234,166.01597342,85.4838575297,226.165908161,183.715054687,92.2063534785,211.968539686,211.968535212,0.02468677529,144.492616978,0.0150250065463,0.015006171253,147.152104725,211.968676398,177.6250669,0.0150853733416,211.968537979,0.0150055453851,0.0149885421178,0.0199686363252
2011-03-11 05:00:00,234.117408769,0.0150009987913,0.0246956100609,215.037210921,171.69453301,0.00554712850795,92.2063612933,0.0150033980499,0.0199968465056,211.968592547,238.106257795,166.015973452,85.4838579393,226.16589628,183.715052587,92.2063668018,211.96853684,211.968531154,0.0246949585239,211.967502661,52.2164715547,0.0150103970168,147.152104597,211.968664477,177.625067138,0.0151431480882,211.968531558,0.0150087338506,0.0149952705762,0.0199758449058
2011-03-11 06:00:00,234.117372031,0.0150012893878,0.0247447120937,0.010511927165,171.694533962,0.00554595289184,92.2063655132,0.0198447798646,0.0199937305631,0.0100938027215,0.0200509384676,166.015974024,85.4838583927,0.0149168160147,0.0112190845818,92.2063292428,0.0149603981942,0.0101210622255,0.0266391004711,211.968372808,52.2165041827,0.0151529155629,147.152103084,211.968458176,177.625067286,0.0167807274006,158.977790732,0.015010684558,0.0149994017774,0.0199832938761
2011-03-11 07:00:00,158.976931782,0.0150013428589,0.0200177332746,0.0101262067083,171.69453266,0.00554434847393,92.2063593027,0.0150027713085,0.0199788752359,0.0100616922115,0.0200038379107,166.015975119,85.4838507726,0.0101897850755,0.0111879333117,92.2063220444,0.0106283084826,0.0100402471801,0.0200028134589,211.968525283,52.2165064182,0.0150106183911,110.36407893,158.973495619,177.625066968,0.0161371773564,158.976686069,0.0150110265068,0.0149996828938,0.0199893528467
2011-03-11 08:00:00,158.976856412,0.015001342114,0.0199982298012,0.0100429671261,171.694529409,0.00554236801807,74.6871560087,0.0150003074889,0.0199730403237,0.0100105901582,0.0199795623164,134.472948711,85.4838248616,0.0101438169943,0.0102951469731,0.0150090706502,0.010612120828,0.0100102977461,0.0200000110446,211.968500196,52.216505962,0.01500465491,110.36407682,158.973448236,177.625041821,0.0160512501215,158.976621969,0.0150107963782,0.0149971986879,0.0199946022829
2011-03-11 09:00:00,0.015004519396,0.0150017483301,0.0199878612931,0.0100111614067,139.07258489,0.00554032161275,74.6871482872,0.015000216758,0.0199632132881,0.0100028978683,0.0101029191721,134.472940354,64.1129695604,0.0100169655046,0.010003521782,0.0150010493078,0.0100071232081,0.0100032646777,0.0199994405881,211.968534443,52.2165041627,0.0150038558479,0.0150140674101,0.0101395080485,143.876304907,0.015681081264,0.0100682291667,0.0150101071613,0.0149942587233,0.0199934868583
2011-03-11 10:00:00,0.0112771708293,0.0150016603139,0.0199800267007,0.0100066384037,139.072570363,0.00553830187098,74.6871637435,0.0150002947332,0.0199012660803,0.0100022862335,0.0100170592391,134.472914941,64.1129299882,0.0100078023561,0.0100028127309,0.0150014601255,0.0100033656677,0.0100025430514,0.0199993637028,211.968543245,52.2165018919,0.0150033154042,0.0100010401212,0.0100277193361,143.876304118,0.0154006368862,0.0100148145872,0.0150099812639,0.0149912757908,0.0199835376939
2011-03-11 11:00:00,0.0100461124205,0.0150015701507,0.0199877144628,0.0100059608274,139.072568913,0.00553630012085,74.6876383036,0.0150004542037,0.0199178553069,0.0100025075291,0.0100162257044,124.512219052,64.1129008238,0.0100071413289,0.0100033502473,0.0150156879451,0.0100036027315,0.0100025759365,0.0199998435223,211.96854023,52.2165000854,0.0150028298281,0.0100006918565,0.0100201579673,143.876303717,92.2080057734,0.0100246408545,0.0150128424218,0.0149942101257,0.0199769807408
2011-03-11 12:00:00,0.0100512521981,0.0150010344716,0.0199953014796,0.010008481791,139.072567342,0.00553434509296,92.2063902432,0.0150017527183,0.019951963895,0.0100043843618,0.0100533089454,134.472841306,64.1129117554,0.0100107027826,0.0100113409561,92.206322663,0.0100073675157,0.0100034248653,0.0200003003029,211.968524467,52.2165043314,0.0150025579565,0.0100009241163,0.0100395513237,143.876301857,211.967984105,92.2065020765,0.0150146954464,0.0149935885584,0.0199857174392
2011-03-11 13:00:00,0.0150076886193,0.0150009100711,0.0199958449061,0.010023354053,139.072567634,0.0055323632549,92.2063636883,0.0150005990608,0.0199730930047,0.0100530498726,0.0199858184987,134.472941931,64.1129350414,0.010044403712,0.0111840525116,92.2063274353,0.0106096921382,0.0100141026976,0.02000022599,211.968502753,52.2164974602,0.0150021799567,64.0111769212,158.973236741,143.876303264,211.968321537,158.976667621,0.0150169802923,0.0149907094876,0.0199874983748
2011-03-11 14:00:00,158.976875285,0.015001080195,0.0200000285877,0.0101118854188,139.072570188,0.00553041555995,92.2063600934,0.015000745718,0.0199983204351,0.0100725492536,0.0200197577715,134.472946479,85.4836750051,0.0101738115203,0.0111980192325,92.2063774171,0.0106285385163,0.0100431136986,0.0200033519073,211.968496265,52.216493805,0.0150021279574,110.364077267,158.973463575,143.876304349,211.968432062,158.976691658,0.0150196921839,0.0149981145416,0.0201365639936
2011-03-11 15:00:00,211.968546298,0.0150021003447,92.2062542214,0.0103170170514,171.694478361,0.0055285304983,211.968586041,0.0150061814969,92.2062974379,211.968515197,211.967757736,134.472970497,85.4838463769,0.0103625155195,183.715025315,211.968538071,211.954999234,0.0114945273708,92.2063117648,211.968505635,52.2164942013,0.0150034230879,110.364083955,158.973612665,143.87630564,211.968541558,211.968112234,0.0150536290676,0.0150274662604,49.8585028362
2011-03-11 16:00:00,211.969175094,0.0150039948124,92.2063140798,93.5428354043,171.694531069,0.00552670766394,211.968606136,92.2063400668,92.2063102185,211.968561035,238.10653298,166.015967799,85.4838540194,226.164286381,183.715035681,211.968554692,211.968523306,211.968518702,92.2063262963,211.968524283,52.2164931818,0.0150356021082,147.152094824,211.968478248,177.625060759,211.968579727,211.968356329,0.015748577399,0.0151528026599,49.8588828898
2011-03-11 17:00:00,211.969189068,0.0150068892575,113.834887305,93.5428659795,171.694533573,0.00552505785847,211.968609827,92.206342616,92.2063127703,211.968565327,238.106546118,166.015981646,85.4838572562,226.164305208,183.715037538,211.968557749,211.968527592,211.968525286,92.2063433788,211.968541577,52.216489149,0.0151012620361,147.152095782,211.968498093,177.625066905,211.968614304,211.968363068,92.2056636641,0.0155104017926,49.8589283811
2011-03-11 18:00:00,211.969186519,0.0150150447435,211.968423734,93.5428727988,171.694533459,0.00552324810603,211.968610285,122.938714797,92.2063140375,211.968567345,238.106553411,166.015986025,85.4838573263,226.164309938,183.715037962,211.968559104,211.968528978,211.968527107,92.2063492471,211.968570089,52.2164900291,0.0150122808332,147.152095972,211.968504031,177.625067299,211.968618606,211.968365292,92.2058417977,0.0176143417902,49.8588961656
2011-03-11 19:00:00,211.969182185,0.0150298049576,113.834883247,93.5428748777,171.694532572,0.0055212961556,211.968611031,92.2063445345,92.2063134585,211.968567708,238.106551503,166.015986961,85.4838568653,226.164310886,183.715037925,211.968559816,211.968529506,211.968527744,92.2063493436,211.968681766,52.2164818646,0.0150128907062,147.152095995,211.968504875,177.625067305,211.96861956,211.968365977,92.2058702277,0.0181594450457,49.8588658892
2011-03-11 20:00:00,211.969178243,85.4730489897,113.834863246,93.5428744286,171.694531645,0.00551917022189,211.968612059,92.206343166,92.2063121554,211.968567805,238.106549182,166.015987032,85.483856627,226.164311642,183.715037484,211.968559793,211.96852961,211.968527771,92.2063502563,211.968585609,52.2164600399,0.0150154784319,147.152095932,211.968503849,177.625067217,211.968614003,211.96836588,92.205899639,0.0178355394942,49.8588023458
2011-03-11 21:00:00,211.969176231,85.4731270445,113.834775803,93.5428726719,171.694531477,0.00551712828294,211.968612957,92.2063428947,92.2063112784,211.968567848,238.106548103,166.015986855,85.4838564198,226.164310178,183.715036828,211.968559646,211.968529504,211.968527461,92.2063511552,211.968548271,52.2160253852,0.0150160426218,147.152095813,211.968502622,177.625066992,211.968622029,211.968365732,92.205916697,0.0153268386301,49.8587103065
2011-03-11 22:00:00,211.969170978,85.473120022,92.2062802316,93.5428695576,171.694530534,0.00551513643659,211.968612862,92.2063426667,92.2063103678,211.968567136,238.106546398,166.015986523,85.4838558244,226.164307187,183.715036155,211.968559495,211.968529155,211.968526821,92.2063432075,211.968517461,0.0150517819262,0.015018542141,147.152095654,211.968500432,177.625066711,211.968610446,211.968365086,92.2059030695,0.0151102793593,49.8584222827
2011-03-11 23:00:00,211.969164841,85.4731333507,92.2062718123,93.5428648816,171.694528028,0.00551309237758,211.96861098,92.2063426822,92.2063096368,211.968566023,238.106543523,166.015985438,85.4838556181,226.164303096,183.715035346,211.968559203,211.968528459,211.968525739,92.2063272568,211.968288244,0.0150155371504,0.01505852379,147.152095474,211.968498435,177.625066373,211.968603007,211.968364187,92.205874028,0.01504498863,49.8581200806
2011-03-12 00:00:00,211.969156983,85.4731431455,92.2062701186,93.5428598529,171.69452525,0.00551113972718,211.968608242,92.2063443359,92.2063098956,211.968564797,238.106540531,166.015984115,85.4838554501,226.164299238,183.715033964,211.968558917,211.968527602,211.968524524,92.2063252159,144.492592731,0.0150279464635,0.0151622709863,147.152095267,211.968495229,177.625065932,211.968581386,211.968362893,92.2058627947,0.0150585988224,49.8575041062
2011-03-12 01:00:00,211.969147741,85.4731485954,92.206270147,93.5428556429,171.694502198,0.00550923083693,211.968602368,92.2063453103,92.2063107335,211.96856383,238.106539729,166.015982951,85.4838551907,226.164295483,183.715033839,211.968558659,211.968526561,211.968522498,92.2063249284,144.492488581,0.0150132788878,0.0151669587868,147.152095099,211.968492325,177.625065847,211.968564972,211.968361584,92.205827083,0.0150538832279,37.3950299564
2011-03-12 02:00:00,211.969135348,85.4731495509,92.2062707928,93.5428498355,74.6871659865,0.00550736442032,211.968597443,92.206345963,92.2063119204,211.968562783,238.106537399,166.015981708,85.4838550716,226.164291143,183.715033712,211.968558235,211.968525597,211.968520611,92.206324774,144.492482522,42.2976754163,0.0151634678995,147.152094813,211.968488453,177.625065847,211.968546106,211.968360176,92.2057668314,0.0150517888435,37.3947283174
2011-03-12 03:00:00,211.969124911,85.4731512854,92.2062714618,93.5428427206,74.6871287145,0.0055055298081,211.968587986,92.2063471625,92.2063125446,211.968561323,238.106537796,166.015980806,85.4838548159,226.164285627,183.71503328,211.968557533,211.968524571,211.968518194,92.2063248345,144.492484123,52.2164680233,0.0151528452287,147.152094403,211.968484816,177.625066051,211.968510127,211.968357842,92.2055927954,0.0150551815573,37.3946725686
2011-03-12 04:00:00,211.969114966,85.4731528498,92.206272347,93.5428323027,74.6871248378,0.00550374761985,211.968572605,92.2063473019,92.2063127499,211.968558781,238.106536903,166.015979817,85.4838550109,226.164276512,183.715031984,211.968556128,211.968522772,211.968515299,92.2063248018,144.492485589,52.2164763317,0.015070843894,147.152093864,211.968477551,177.625066272,211.968472646,211.968353574,92.2047020119,0.0150478665577,37.3947574265
2011-03-12 05:00:00,211.969097029,85.4731535673,92.2062741973,93.5428048607,74.6871235729,0.00550196444609,211.968560765,92.2063468733,92.2063124952,211.968552541,238.10653225,166.015978552,85.4838547378,226.164254299,183.715028598,211.968553429,211.968518447,211.96850865,92.2063248013,144.492489145,52.216479773,0.0150214532355,147.152093017,211.968462375,177.625066615,211.968416549,211.968343396,0.0162813327693,0.0150513031029,37.3950287506
2011-03-12 06:00:00,211.968825772,85.4731531588,113.834794684,0.0103198451837,92.2063101919,0.0055002279243,211.968509751,92.2063478033,92.2063052057,0.0100506435769,103.576371945,166.015976093,85.4838546611,0.0103786678477,0.0100602620175,211.968513722,0.0101203774132,0.0100970177529,92.2063262376,211.96845906,52.2164782944,0.0150264498266,147.152082028,211.967615975,177.625067013,211.968264934,0.0101790469107,0.0153961406223,0.0150011454859,37.3946650598
2011-03-12 07:00:00,0.0149618525697,85.4731517607,92.206272877,0.0100976441648,74.687121893,0.0054985602023,0.0201087863749,92.2063462062,74.6871106932,0.0100299818254,103.576258762,166.015973499,85.4838428613,0.0100830781111,0.0100395355182,0.0149935037442,0.0100341984014,0.0100337413457,74.6871294371,211.968521764,52.2164781076,0.0150234822256,0.015003537237,0.0107098541437,177.625067121,0.016711643266,0.010056371548,0.015127771596,0.0149971828517,37.3947129791
2011-03-12 08:00:00,0.0149150399438,85.4731476092,92.2062693601,0.0100283513355,74.6870809323,0.00549681618788,0.0196397692777,92.206346002,74.6860502459,0.0100071964247,103.576002202,134.472953363,85.4837318382,0.0100371524514,0.0100074303409,0.014983553194,0.010015038,0.0100097270302,69.1547454713,211.968530935,52.2164799943,0.0150656881804,0.0150017222514,0.0106595162981,177.625063485,0.0162623220564,0.010019348742,0.0150942380464,0.0149916315721,37.3948252962
2011-03-12 09:00:00,0.0100836534356,85.4731337513,92.2062423839,0.010008561774,74.6870301552,0.00549498602725,0.0150044443102,92.2063461106,0.0150272400053,0.0100023652891,0.0100135578606,134.472930639,64.1129641554,0.0100083913849,0.0100023444112,0.0100472989711,0.0100028025006,0.010002618401,0.0199997464832,211.968539024,52.2164835395,0.0151525744379,0.0149961532804,0.0100765729993,143.876313398,0.0150329864158,0.0100056277049,0.0150260801688,0.0149816898782,37.3948953823
2011-03-12 10:00:00,0.0100090458949,85.473115067,92.2062237444,0.010005490393,0.0199209962873,0.00549298695223,0.0150006459414,92.2063455638,0.0149933703842,0.0100018563771,0.0100092642346,134.472914695,64.1129421473,0.010004955511,0.0100018212129,0.0100065068449,0.0100016079017,0.0100019249934,0.0199945976403,211.968507034,52.2164863277,0.0151618058209,0.0100040532342,0.0100169062479,143.876305337,0.0150057343345,0.0100045946025,0.0150188994783,0.0149777081032,37.3950857917
2011-03-12 11:00:00,0.0100057774414,85.4731392275,92.2060196908,0.010005076959,0.0199904054662,0.00549098940639,0.0149970859974,92.2063457543,0.0149924015492,0.010002052371,0.0100095325978,0.010066447489,64.1129294796,0.0100042877446,0.0100021144487,0.0100062500084,0.0100016122322,0.0100019372877,0.0150267065662,211.96844506,52.2164934919,0.0151741498077,0.01000153141,0.0100142210531,143.876304924,0.0149925583762,0.0100049132386,0.0150183620584,0.0149847600005,49.8584752986
2011-03-12 12:00:00,0.0100072289658,85.4731471869,92.206240441,0.0100071315899,0.0150068234395,0.0054891397378,0.0149968321488,92.2063469586,0.0199704311348,0.0100030951607,0.0100204117769,0.0100231854263,64.1129510923,0.0100059640431,0.0100034870696,0.0100199241642,0.0100027672721,0.010002484944,0.0199926266236,211.968510763,92.2063192768,0.0339337968305,0.0146665621333,0.0100219850062,143.876304798,0.0149879146109,0.0100068346551,0.0151928720233,0.0150216363006,49.8589382468
2011-03-12 13:00:00,0.0100349399815,85.4731571064,92.2062454478,0.0100187904806,0.0150115580367,0.0054872025945,0.0149969554255,92.2063465232,74.6871060111,0.0100217102475,103.576201336,72.2169815183,64.1129937268,0.0100165047319,0.0100340259065,0.0149801780675,0.0100146147345,0.0100065681884,69.1547673452,211.968477475,211.962913249,0.0348544248177,0.0149988903161,0.0101071265026,143.876304656,0.0149968624033,0.0100228412413,0.0151923999809,0.0150552791189,49.8589607208
2011-03-12 14:00:00,0.0149202815988,85.4732118305,92.2062733635,0.0100887594301,74.687074085,0.00548527778958,0.0150031737385,92.2063475618,92.2063062855,0.0100403771344,103.576286205,134.472917757,85.483835399,0.0100698583386,0.0100467258346,0.014989197848,0.0100332973952,0.010031905815,92.2063206391,211.96851267,211.968495508,0.0348645448031,0.0150021394321,0.0106610154351,143.876304788,0.0150178702377,0.010057079803,0.0156762589035,0.0151956508334,114.617833467
2011-03-12 15:00:00,0.0149911960868,196.490014993,92.2063224624,0.0102999891152,74.6871188164,0.00548345219079,0.0200753964881,92.2063550516,211.968511474,211.968439167,238.106447981,134.472926486,85.4838490724,0.0101943496249,183.714986724,0.0150031384353,0.010215537503,0.0101567805559,92.2063388773,211.968524367,211.968537679,0.0348728717569,0.0150054520037,0.010759516354,143.876305164,0.016379502088,0.0103258711957,92.2058396314,0.0164392441616,114.618141922
2011-03-12 16:00:00,0.0199828197431,196.490022013,211.967846431,215.036723573,74.6871228825,0.0054817672388,211.968522216,211.968552637,211.968525662,211.968539901,238.106831039,134.472932762,85.4838536962,0.0150914404742,183.715007555,92.2063696381,0.0149975230144,211.968355902,211.968558609,211.968555559,211.968546567,0.0348812146157,147.15206697,223.744391766,177.624881951,211.968052023,0.0149189313779,92.2059672381,0.0343927990138,152.817985677
2011-03-12 17:00:00,0.01999987654,196.49002559,211.968557232,215.036753415,74.6873404182,0.00548018354521,211.968546705,211.968560256,211.968527247,211.968544693,238.106843542,134.473060048,85.4838552068,0.0151085479337,183.715010036,92.2063763049,0.0150017247018,211.968363105,211.96856164,332.166429318,211.968551022,0.0348718047573,147.152070389,223.744447773,177.625066377,211.968380685,0.0149270996937,211.967211815,0.0345800102023,152.81819792
2011-03-12 18:00:00,0.0200014690592,196.490027639,211.96856583,215.036760172,74.6871241579,0.00547847683304,211.96854924,282.624331795,211.96852683,211.968546832,238.106846008,166.016441678,85.4838552084,0.0151141213659,183.715010714,92.2063779791,0.0150032745708,211.968364964,211.96856147,332.166619476,211.968554097,0.0348635463731,147.152070923,223.744459688,177.625067416,211.968329172,0.0149296346292,211.967401895,0.0345526500824,152.819080098
2011-03-12 19:00:00,0.0200019091418,196.490027061,211.968494138,215.036761148,74.6871222047,0.00547645375433,211.968545597,282.624273786,211.968526021,211.968547312,238.10684356,166.016446848,85.4838545667,0.0151144461193,183.715010649,92.2063789852,0.0150037731339,211.968365395,211.968560263,332.166632487,211.968554902,0.0348606512188,147.152071053,223.744464179,177.625067435,211.968486689,0.0149307311264,211.967327385,0.0345300520181,152.816392628
2011-03-12 20:00:00,0.0200014271857,196.490032557,211.967838033,215.036760252,74.6871224423,0.00547440611549,211.968545383,211.968564443,211.968525248,211.968547266,238.106840894,166.016448386,85.4838543214,0.0151139263057,183.715010319,92.2063797526,0.0150037698242,211.968365444,211.968559394,332.166625605,211.96855423,0.0348585702755,147.152071033,223.744463603,177.62506736,211.968512364,0.0149309333384,211.967375365,0.0345245736265,114.618135338
2011-03-12 21:00:00,0.0200027739363,196.490031892,211.967833941,215.036758241,74.6871253798,0.00547241338589,211.968548565,211.968614091,211.968524773,211.968547407,238.106839616,166.016448938,85.4838542483,0.0151118418806,183.715009793,92.2063799829,0.0150035676126,211.968365058,211.968560101,332.166614526,211.96855377,0.0348561295014,147.152070854,223.744461386,177.62506719,211.968547626,0.0149309869837,211.967453533,0.034473158636,114.618104314
2011-03-12 22:00:00,0.0199996056087,196.490030335,211.967822128,215.036754252,74.6871760652,0.00547043404983,211.968549144,211.968595306,211.968523854,211.968546861,238.106836495,166.016449163,85.483853872,0.0151078928417,183.715009255,92.2063799672,0.0150032017495,211.968364358,211.96855951,332.166599034,211.968553188,0.0348535102665,147.152070503,223.744458418,177.625066866,211.96855504,0.0149305251509,211.967486804,0.0340003548267,114.618091529
2011-03-12 23:00:00,0.0199975101577,196.49002936,211.967796344,215.036749904,74.6872143056,0.00546839675316,211.968540464,211.968564712,211.968522958,211.968545912,238.106832098,166.016448801,85.4838538111,0.0151024214919,183.715008534,92.2063798923,0.0150024901952,211.968363467,211.96855864,332.166568828,211.96855165,0.0348506246011,147.152069979,223.744464019,177.625066398,211.968540796,0.0149299077351,211.967506111,0.0317399686804,114.618098353
2011-03-13 00:00:00,0.0199963247217,196.490025575,211.967314036,215.036745822,74.68717017,0.00546645031233,211.967859899,211.968558268,211.968522604,211.968544877,238.106829026,166.016447459,85.4838539994,0.0150960257328,183.715007647,92.2063800204,0.0150016591121,211.968362115,211.968558283,332.165367782,211.968548815,0.0348496711433,147.152063277,223.744462229,177.625065738,211.968446483,0.0149289309536,211.967501591,0.0300666533009,114.618145695
2011-03-13 01:00:00,0.0199972434627,196.490025668,92.2064206989,215.036741213,74.6871724793,0.00546456778716,171.694530173,211.968555633,211.968522099,211.968543783,238.106825051,166.016446201,85.4838538575,0.0150910913297,183.715006489,92.206380033,0.0150010100674,211.968360047,211.968558407,211.968746137,211.968548248,0.0348480195141,147.152061442,223.744463638,177.625065374,211.968445646,0.0149279563034,211.967528211,0.0314346127731,114.618150241
2011-03-13 02:00:00,0.0199963459525,196.490025535,92.2063972058,215.036736715,74.687481873,0.00546270457989,171.694530409,211.968550442,211.968521657,211.968542379,238.106819323,166.016444994,85.483853583,0.0150844059978,183.715005393,92.2063800393,0.0150001661555,211.968357842,211.968557518,211.968593942,211.968547909,0.0348470095092,147.152065437,223.744462985,177.625065167,211.968499297,0.0149267753813,211.967552257,0.0343903857728,114.618137306
2011-03-13 03:00:00,0.0199963907132,196.490025485,92.2063955515,215.036731581,171.694516356,0.00546082363522,171.694533422,211.968550258,211.96852151,211.968540477,238.106813548,166.01644439,85.4838533453,0.0150810292439,183.715003556,92.206379595,0.0149990126711,211.968355138,211.968556596,211.96858611,211.968546431,0.0348443261427,147.152066562,223.744464077,177.625065363,211.968502073,0.0149250969273,211.967583451,0.0345548228458,114.618103048
2011-03-13 04:00:00,0.0199951984987,196.490024844,92.2063969692,215.036724252,171.694528087,0.00545905697885,171.694555926,211.968546365,211.968520322,211.968537183,238.106804078,166.016443928,85.4838533671,0.0150792487658,183.714999861,92.2063785794,0.014997209185,211.968351491,211.96855544,211.968579977,211.968543067,0.0348445603128,147.152068331,223.744465719,177.625065517,211.968521307,0.0149220536805,211.967624091,0.0345848178509,114.618075369
2011-03-13 05:00:00,0.0199905332587,196.490023854,92.2064013534,215.036707455,171.694531739,0.00545734986093,211.968477509,211.968546158,211.968516926,211.968527831,238.106781304,166.016443609,85.4838529027,0.0150751707059,183.714990235,92.2063765739,0.0149932702176,211.968343547,211.968554235,211.968587238,211.968541049,0.0348479052665,147.152069327,223.744468908,177.62506548,211.96845764,0.0149148716425,211.967770094,0.0347208332942,114.618063068
2011-03-13 06:00:00,0.0199288631708,196.490010784,92.2064037672,174.179576303,171.694532876,0.00545549073091,211.968128389,211.96855691,92.2068406616,0.0100306002786,103.576353623,166.016442801,85.4838520791,0.0122454221727,0.0100235176131,92.2063530633,0.0101908404627,0.0100418528501,211.968553002,211.968691474,211.968543415,0.034855174891,147.151960859,211.96852007,177.625065475,211.968360486,0.0102978777325,211.967553715,0.0344868167334,114.617849018
2011-03-13 07:00:00,0.0150191887265,196.489947909,92.2063759962,174.179522746,171.69453342,0.00545373809388,171.694532325,211.968556657,92.2064086412,0.0100137878664,103.576278256,166.016442973,85.4838464744,0.0122109290741,0.0100115640441,0.0150009400831,0.0101500417602,0.010019747531,158.976331407,282.621215452,211.968542142,0.034856080936,119.193180383,181.233044112,177.625063316,211.965325365,0.0101952667641,211.967524178,0.0342883041251,114.617975421
2011-03-13 08:00:00,0.0149873426122,196.489233059,92.2063692293,161.277716078,171.694533502,0.00545207619099,171.694532852,211.968556286,92.2063128268,0.0100030653825,0.019984339384,134.474048107,85.4838291835,0.0121903024276,0.010002405795,0.0149931563252,0.0101217202021,0.0100044457967,92.2063278181,211.96849978,211.968545064,0.034857113742,119.193179703,181.233031672,143.876310924,158.980996758,0.0101720758309,211.96749086,0.0325372631317,114.618051105
2011-03-13 09:00:00,0.0149039863196,196.489793093,92.2063762086,0.0100471155443,171.694533264,0.00545028219421,171.694536089,211.968557263,92.2063028102,0.0100015096676,0.0100114436787,134.473332514,85.4836805349,0.0120628747967,0.0100007851991,0.0149254000774,0.0100039173533,0.0100021474518,92.2063248522,144.492486859,211.968548808,0.034857462511,119.193179887,181.23302921,143.876303659,158.976659658,0.0100155740672,211.967485959,0.0311117042535,114.618068812
2011-03-13 10:00:00,0.0100589595134,196.489993443,92.2063881989,0.0100231055068,171.694532688,0.00544845746241,171.694536132,211.968557181,0.0156529713155,0.0100012141688,0.0100087582903,134.47332862,64.1130523147,0.0118550485971,0.0100005517921,0.0100073768268,0.0100019658679,0.010001596525,92.2063217618,144.492437648,211.9685511,0.0348563608675,119.193180151,181.233032364,143.876302822,158.976550881,0.0100083106707,211.967507429,0.0314052464448,114.618082477
2011-03-13 11:00:00,0.010228286232,196.490018468,92.2064170919,0.010041037419,171.6945327,0.00544656499122,171.694537616,211.968557442,0.0153959561388,0.0100013993255,0.0100091780355,134.473326709,64.1130163941,0.0120790717561,0.0100007357483,0.0100052993021,0.0100023485315,0.0100016236891,92.2063195777,144.492163243,211.968552592,0.0348541892796,119.19318001,181.233038697,143.876301625,158.976511356,0.0100078179816,211.967543872,0.0342675990107,114.618090531
2011-03-13 12:00:00,0.0149440053365,196.490021272,211.968516041,161.277860045,171.694531071,0.00544473261084,171.694558686,211.968555277,92.2063082559,0.0100024711831,0.0100191246742,134.473325036,64.1130100787,0.0121965091302,0.0100018206684,0.0100117862427,0.0100062552878,0.010002243564,92.2063221534,0.0150164206267,211.968553601,0.0348518846547,119.193180084,181.233052531,143.876301899,158.976486451,0.0100112667849,211.967602529,0.0346147783224,114.618289246
2011-03-13 13:00:00,0.0149838495767,196.490030642,211.969680132,174.179540435,171.694526438,0.00544287209617,171.694587908,211.968553387,92.2063863551,0.0100102875276,103.57626881,134.473322503,64.1130659249,0.0122151810622,0.0100090348342,0.0149815740395,0.0101422318884,0.010006041151,92.2063272722,0.0150156134652,211.968552785,0.0348568292689,119.193181041,181.233383835,143.876302326,158.976511611,0.010126860368,211.967726981,0.0347364170697,114.619957327
2011-03-13 14:00:00,0.0150109188963,196.490092051,211.969754439,174.179769066,171.694526943,0.00544105544602,211.968556294,211.968549081,92.2064227647,0.0100263203807,103.576332892,134.473325377,85.4837758249,0.01224235677,0.0100195140165,0.014995424047,0.0101541876882,0.0100248249391,158.97633919,0.0150134539674,211.96855292,0.0348603338237,147.151983028,211.968491031,143.876303042,158.976576952,0.0102003139368,211.967939719,0.0348081811185,211.967064429
2011-03-13 15:00:00,0.0151240860044,211.968519239,211.969764935,215.03794773,171.694532477,0.0054392670157,211.968635774,211.968554838,211.968522024,211.968314587,238.106428996,134.473327887,85.4838443142,0.0149909246782,0.0199691709072,0.0150101876526,0.0153431628331,0.0103630466291,211.968558833,0.0150230960934,211.968553348,0.0348671676462,147.152071038,223.744470664,143.876303626,211.967303879,0.0150807810399,211.968059934,0.0355028330172,211.968242491
2011-03-13 16:00:00,211.968718241,211.968538379,211.969770866,215.038019776,171.69453446,0.00543740813029,211.968642477,211.968589656,211.96853435,211.968521118,238.106624792,134.473334748,85.4838502224,0.015355448558,0.0199959182284,211.968496894,92.2062806179,211.968313135,211.968565667,144.492472799,211.968553649,0.0348886312839,147.15207313,223.744526212,143.876319404,211.968670922,211.968457567,211.968303516,0.0425877330979,211.968591247
2011-03-13 17:00:00,211.968870671,211.968544408,211.969777731,215.038037321,171.694537144,0.00543568791434,211.968645754,282.624632467,211.968537803,211.968526904,238.10663639,166.015929869,85.4838517488,0.0153785226426,0.0199988569518,211.968508096,92.2062855596,211.968320827,211.968600467,211.968256572,211.968554572,0.0351756394718,147.152073647,223.744546367,177.625064936,211.968818398,211.968480804,211.968362465,0.0428853161113,211.968782198
2011-03-13 18:00:00,211.968890379,211.968539971,211.969783682,215.038042589,171.694538269,0.00543398583519,211.968647363,282.624639104,211.96853884,211.968529246,238.106637088,166.01654711,85.4838517231,0.0153865789345,0.0199997047372,211.968511612,92.2062873342,211.968323312,211.96860805,211.968544917,211.968555997,0.0352880218554,147.152073788,223.744551817,177.62506581,211.968804902,211.968487606,211.968164235,0.0429684765889,211.968871483
2011-03-13 19:00:00,211.968892208,211.968539995,211.96978289,215.038044106,171.694537893,0.0054321176178,211.968647275,282.624640986,211.968538576,211.968529635,238.106636595,166.016554127,85.4838510821,0.0153896764087,0.0200000790685,211.968512043,92.206287928,211.968323896,211.968603422,211.968547785,211.96855637,0.0349040801054,147.152073849,223.744554613,177.62506591,211.968789126,211.96849111,211.967983461,0.0427430833002,211.968869669
2011-03-13 20:00:00,211.968893998,211.968545811,211.969780661,215.03804332,171.694537226,0.0054301314044,211.968646023,282.624641674,211.968537864,211.968529721,238.106633778,166.016556352,85.4838506066,0.0153911974683,0.0200000104301,211.968512065,92.2062880359,211.968324099,211.968596026,211.968555908,211.968555896,0.0348797913228,147.152073839,223.744547328,177.625065939,211.968804839,211.968492224,211.967769893,0.0368985715358,211.968810899
2011-03-13 21:00:00,211.968907666,211.968541654,211.969778022,215.038040182,171.694537769,0.00542812509034,211.968646716,282.624641127,211.968536907,211.968529664,238.106632332,166.016557301,85.4838505333,0.0153893437589,0.0199998434768,211.968513329,92.2062878848,211.968323746,211.968606929,211.968563229,211.968555266,0.0348705197332,147.152073778,223.74454446,177.625065791,211.968872808,211.968492593,211.967642282,0.03525479826,211.968646421
2011-03-13 22:00:00,211.968906864,211.968526802,211.969774526,215.038033728,171.694537248,0.00542596273425,211.968646439,282.624639755,211.968535454,211.968529193,238.106628503,166.0165573,85.4838499363,0.0153839587258,0.0199999237013,211.96851404,92.2062876291,211.96832302,211.968578529,211.968559771,211.968554509,0.0348655509087,147.152073676,223.744532362,177.625065428,211.968879517,211.968492721,211.96760947,0.0351086227226,211.968499772
2011-03-13 23:00:00,211.968911142,211.968444184,211.96977289,215.038027412,171.694535965,0.00542396819059,211.968644606,282.624628796,211.968533867,211.968528212,238.106623925,166.016555134,85.4838501479,0.0153740418346,0.019999893758,211.968514834,92.2062870263,211.968322001,211.968568994,211.968572227,211.968553441,0.0348641360085,147.152073509,223.744543723,177.625065091,211.968777599,211.968493755,211.967615308,0.0351331540817,211.968360354
2011-03-14 00:00:00,211.968913611,196.490055941,211.969771762,215.038021727,171.694535023,0.00542202804296,211.968643398,282.624588786,211.968533978,211.968527301,238.106616306,166.016551277,85.4838499256,0.0153675098188,0.019999963826,211.968515755,92.2062866182,211.968320173,211.968566998,211.968574243,211.968552219,0.0348643300376,147.152073368,223.744543242,177.625064822,211.96881303,211.96849477,211.967564588,0.0352048558028,211.968244472
2011-03-14 01:00:00,211.968919511,196.490056593,211.96977148,215.038018607,171.694534401,0.00542015325224,211.968643052,282.624497256,211.968532913,211.968526563,238.106612747,166.016543857,85.4838500931,0.015368265622,0.0200001648987,211.968515762,92.2062857828,211.968318221,211.968566877,211.968575305,211.968550442,0.0348646228219,147.152073304,223.744544132,177.6250645,211.968904774,211.968494487,211.967587495,0.0352250536096,211.968300085
2011-03-14 02:00:00,211.968926182,196.490064839,211.969771533,215.038016107,171.69453362,0.00541834554421,211.9686433,211.968579354,211.968532016,211.968525619,238.106606439,166.01653756,85.4838500572,0.0153643121769,0.0200003500309,211.968515697,92.2062853124,211.968316399,211.968567535,211.968566112,211.968548944,0.0348647481405,147.152073245,223.744511185,177.625064419,211.968914104,211.968495488,211.967648781,0.0353875270891,211.968354152
2011-03-14 03:00:00,211.968931474,211.968087016,211.969771837,215.038017974,171.694533017,0.00541654861154,211.968644389,211.968571122,211.968531987,211.968524465,238.106605179,166.01653719,85.4838500404,0.0153701330995,0.0200002478365,211.968515859,92.2062845511,211.968315085,211.968571969,211.968560738,211.968548045,0.0348654848883,147.152073211,223.744524812,177.625064546,211.968879446,211.968496693,211.967927645,0.0368723385451,211.968494024
2011-03-14 04:00:00,211.968938969,211.968527726,211.96977254,215.038025192,171.694533234,0.00541488695691,211.968645793,211.968562953,211.96853257,211.968522562,238.106606903,166.016537001,85.4838504347,0.0153810887547,0.0199999526774,211.968516112,92.2062837991,211.968314277,211.968612745,211.968560632,211.968548118,0.0348712292985,147.152073251,223.744540406,177.625065044,211.969007966,211.968498156,211.968400205,0.140451399937,211.968814919
2011-03-14 05:00:00,211.968952782,211.968529441,211.969774945,215.038033634,171.694533596,0.00541348166008,211.96864725,211.968570942,211.968533136,211.968516415,238.106603259,166.016540912,85.4838503774,0.0153888755224,0.0199985454208,211.968516323,92.206282604,211.968313716,211.968624311,211.968568295,211.968549612,0.0350674792446,147.152073341,223.744567688,177.62506546,211.969073633,211.968500262,211.968511615,0.141675057974,211.968932928
2011-03-14 06:00:00,211.968933322,196.490060933,211.96977894,215.037989565,171.694533259,0.0054122786739,211.968646166,282.624645082,211.968524137,0.0100523364131,103.576769931,166.016553094,85.4838506961,0.0153451468491,0.016199945128,211.968508041,92.2062440992,211.968018458,211.968641699,282.627914415,211.968549703,211.968345597,147.152072818,223.744570286,177.625065532,211.969112375,171.694519766,211.968516787,0.142444782943,211.96892905
2011-03-14 07:00:00,211.968785058,196.490033738,211.969772168,215.037269589,171.69450982,0.00541059137752,211.96860404,282.624649172,171.694522416,0.0100349095159,103.576402706,166.016560486,85.4838428703,0.0126786213215,0.0161880594679,171.694499718,74.6870935166,171.694329782,211.968607355,332.166601854,211.968550805,211.968436178,119.193180474,223.744481661,177.625064436,211.969060481,171.694494505,211.968505586,0.142031327872,211.968886226
2011-03-14 08:00:00,171.694850766,196.490028006,211.969761704,174.180833664,74.6871224404,0.0054086123376,171.694605963,282.624648197,171.694492655,0.0100101304939,103.576324743,166.016560782,85.4837494773,0.0124839557505,0.0161728621352,171.694496878,74.6870876115,171.69431956,211.968564934,332.153345356,211.968547933,211.968429318,119.193178452,211.967877839,177.625009482,211.968681481,171.694490004,211.968448114,0.141998057808,211.968822677
2011-03-14 09:00:00,171.694824616,196.490017596,211.968497976,174.180817571,60.4965763066,0.00540648053859,171.694581026,211.969940209,92.2063535458,0.0100027908919,0.0100454558494,166.016559694,64.1130325961,0.0124662460872,0.0100067530653,171.694493427,74.6870824293,171.694298243,211.968560925,211.971110623,211.968540424,211.963532636,119.1931755,181.233128266,143.876303898,211.968556644,171.69448584,211.968233122,0.141639568917,211.96866918
2011-03-14 10:00:00,158.976808048,85.4731721185,171.695522466,174.180807907,60.4965603083,0.00540452876124,158.973626315,211.968557198,92.2063107153,0.0100021441334,0.0100112512995,166.016555223,64.1130235331,0.0124477632651,0.0100039855096,171.694485304,74.6870576178,92.2063975881,211.968552865,211.968597274,211.968533498,0.0375285380983,64.0110633739,181.233117602,143.876303322,211.968485605,171.694481136,211.967596996,0.141495202625,211.968423103
2011-03-14 11:00:00,158.97674846,85.4731597525,171.695510008,174.180804814,0.0200032392116,0.00540252297873,92.2063691758,211.968541914,92.206311558,0.0100024223947,0.010012200964,166.016535119,64.1130238835,0.0123847680633,0.0100054335124,171.694484909,74.6800379358,92.1934194617,211.968516184,211.968591858,211.968529141,0.0348917512263,0.0150017625504,181.233113582,143.876303314,158.976921192,171.694487875,211.967580275,0.141216071272,211.968356735
2011-03-14 12:00:00,158.976773824,0.0150206905732,171.695522728,174.180815516,0.0199950695723,0.00540063065746,171.69457722,211.96848008,158.977311026,0.0100043376205,0.0100698593707,166.016518796,64.1130500282,0.0124492271249,0.0160111555162,171.694491019,74.6870533132,92.2064407062,211.968548483,211.971225352,211.968544791,0.0348902842734,110.364072584,181.233117967,143.876303462,211.967658387,171.694493898,211.967561427,0.140969026274,211.968637624
2011-03-14 13:00:00,171.694761015,0.0150025807352,171.695515568,174.180828527,0.0199626382017,0.00539879993985,171.694581008,122.941733102,171.694494808,0.0100316689001,103.576342638,166.0164162,85.4837337194,0.0124896301106,0.0161869907545,171.694493946,74.6870673456,171.694311435,211.968556562,211.969921256,211.968528008,0.0348719584354,119.193175686,181.233124143,143.876303632,211.966779183,171.694496274,211.96751951,0.141043557128,211.968788568
2011-03-14 14:00:00,171.69484832,0.0150009652381,171.695520428,174.180895066,0.020000331801,0.00539694586685,171.694592623,122.941732057,211.968508647,0.0100480069554,103.576412518,166.016278809,85.483833813,0.012672679487,0.0162020847924,171.694502447,74.687087912,171.694324692,211.968563585,211.972691791,211.968498475,0.034867002407,119.193178536,181.233157725,143.876304435,211.969082173,171.694516232,211.967479881,0.13968191799,211.968757919
2011-03-14 15:00:00,211.968834734,0.0150016311795,211.969765567,215.037976846,60.4965701419,0.0053950432009,211.968543448,122.941737927,211.968517238,211.968449685,238.106458573,166.016516755,85.4838411688,98.3821573272,183.714973718,211.968524146,74.6871610698,211.968185095,211.968565723,332.164199616,211.968412973,0.0348702216843,119.19318155,211.968848505,177.625051456,211.969074618,211.968507194,211.966988118,0.140583551899,211.968623846
2011-03-14 16:00:00,211.968968315,0.0150021596966,211.969773545,215.038045693,74.6871188245,0.00539326284891,211.968616558,211.968556325,211.968521636,211.968536799,238.106626262,166.016553453,85.4838462929,211.967843759,183.714998022,211.968567189,92.2063008446,211.968304262,211.968620111,332.166600843,92.2063520005,0.0348757119902,147.152091072,223.744590751,177.625062509,211.969086445,211.96853887,92.2064819864,0.140467281932,211.968420232
2011-03-14 17:00:00,211.968974996,0.0150030137448,211.969774116,215.038054453,74.6871238544,0.0053916304224,211.968623614,211.96856277,211.968517379,211.968541776,238.106638284,166.016561152,85.4838492618,211.967857891,183.715000929,211.968570205,92.2063045181,211.968308182,211.968625846,332.166627309,92.2064305362,0.0348696021739,147.152092172,223.744612955,177.625065488,211.96909516,211.968543678,92.2059907121,0.0670073608902,211.968021156
2011-03-14 18:00:00,211.968973065,0.0150065317552,211.969777544,215.038055578,74.6871216638,0.00538986088496,211.96862835,211.968677429,211.968512017,211.968544415,238.106638727,166.016564217,85.4838494898,211.967861924,183.715002074,211.968571188,92.2063061624,211.968309296,211.968631804,332.166651254,211.968535175,0.034862551185,147.152092459,223.744620348,177.625065754,211.969112601,211.968545584,92.206317645,0.0348596548682,211.967248486
2011-03-14 19:00:00,211.968970052,0.0150066895315,211.969774423,215.038053669,74.6871199814,0.00538793058655,211.968625856,211.968560932,211.968509109,211.968544999,238.106635629,166.016564694,85.4838487954,211.967862946,183.715002251,211.96857155,92.2063066915,211.968309484,211.968620845,332.166718875,211.968533922,0.0348533238475,147.152092526,223.744618537,177.625065702,211.969100252,211.968546263,92.2059472011,0.0343542999084,114.618167198
2011-03-14 20:00:00,211.968966899,0.0150177257323,211.969770767,215.038050676,74.6871120875,0.00538593002613,211.968621922,211.968556684,211.96850441,211.968545036,238.106631912,166.016564425,85.4838484684,211.96786397,183.715001899,211.968571476,92.2063070666,211.968309318,211.968590352,332.166677596,211.968523505,0.0348347529815,147.152092536,223.744611809,177.625065535,211.969066098,211.96854607,92.205896749,0.0154548604631,114.618016941
2011-03-14 21:00:00,211.968965988,85.4730722351,211.969764656,215.038046639,74.6871206389,0.00538397395813,211.968621742,211.96855174,211.968497019,211.968545168,238.106629333,166.016563778,85.4838480736,211.967862724,183.715001366,211.968571174,92.2063071631,211.968308759,211.968567885,332.166643435,211.968507164,0.0155108824253,147.152092407,223.744602483,177.625065275,211.969024973,211.968545777,92.2058627538,0.0150994146408,49.860156409
2011-03-14 22:00:00,211.968961777,85.4731557807,211.969743612,215.03803993,74.6871213714,0.00538173507896,211.968619759,211.968532111,211.968478978,211.968544418,238.106626213,166.016562547,85.4838474359,211.967859931,183.715000887,211.968570844,92.2063070252,211.968307712,211.968565389,332.166628696,211.968486289,0.0151742951685,147.152092238,223.744586948,177.625064891,211.968963088,211.968545071,92.2058413989,0.0150260441676,49.8590688805
2011-03-14 23:00:00,211.968958034,85.4731621709,211.968646322,215.038031385,74.6871214264,0.00537971414954,211.968615595,211.968449926,211.968441496,211.968543325,238.106620939,166.016559619,85.483847364,211.967856019,183.715000618,211.968570626,92.2063066272,211.968306366,211.968563983,332.166625825,211.968218587,0.0151653470816,147.152092118,223.744566141,177.625064607,211.968825176,211.968544241,92.2058453954,0.0150073549172,49.8589229796
2011-03-15 00:00:00,211.968955582,85.4731582616,211.969435884,215.038025153,74.6871211799,0.00537777674979,211.968609267,211.968548504,211.96838962,211.968542417,238.106620852,166.01655464,85.4838476355,211.967852093,183.715000274,211.968570449,92.2063058659,211.968304119,211.968560612,332.166618499,211.968513291,0.0151713682907,147.152091825,223.744553784,177.625064254,211.968841502,211.968543493,92.2058251124,0.0149973130191,49.8588269649
2011-03-15 01:00:00,211.968953269,85.4731634619,211.968456419,215.038019434,74.6871217706,0.00537591322765,211.968581384,211.96853806,211.968229611,211.968541715,238.106616823,166.016550051,85.4838474006,211.967850786,183.715000044,211.968570058,92.2063053348,211.968301525,211.968557794,332.16660837,211.968499325,0.0151642818599,147.152091747,223.744588185,177.625064212,211.968821219,211.96854289,92.2058336723,0.0150070040315,49.85878945
2011-03-15 02:00:00,211.968950363,85.4731665116,92.2069031463,215.038015895,74.6871220313,0.00537409099186,211.968588446,211.968443935,92.2063335865,211.968540794,238.106610731,166.016547081,85.4838474432,211.967847846,183.714999636,211.968569534,92.2063045639,211.968299588,211.968554806,332.166596428,211.968486998,0.0151603757553,147.152091762,223.744589363,177.625064136,211.968723248,211.968542767,92.2058197186,0.0150293405691,49.8587961711
2011-03-15 03:00:00,211.968952104,85.4731786987,92.2068729647,215.038012296,74.6871223712,0.0053722859129,211.968597193,211.96846487,92.2063178931,211.968539491,238.106601855,166.016543642,85.4838469942,211.967845566,183.714998943,211.968568991,92.206303675,211.968297949,211.968540005,332.166580385,211.968463907,0.0151571670256,147.152091811,223.744593482,177.625064162,211.968764122,211.968542969,92.2058577472,0.015049973416,49.8588233741
2011-03-15 04:00:00,211.968956462,105.525079487,92.2068645479,215.038012898,74.6871230665,0.00537062263739,211.968600979,211.968533768,92.2063154121,211.968537383,238.106597275,166.016541632,85.4838472276,211.967842979,183.714997891,211.96856835,92.2063020177,211.968296997,211.968399688,332.166545159,211.968470203,0.0151530638804,147.152091907,223.744610151,177.625064341,211.96870219,211.968543558,92.2058930073,0.0150942910263,49.8588560647
2011-03-15 05:00:00,211.968957587,196.49000532,92.2068697548,215.038010917,74.6871258285,0.00536913100185,211.96860113,211.968553576,92.2063227734,211.968529583,238.106589133,166.01654005,85.4838472951,211.967839831,183.714993899,211.968566905,92.2062981415,211.968294999,211.968234508,332.166524749,211.968495583,0.0151520129948,147.152092125,223.744621667,177.62506443,211.968631902,211.968544643,92.2059380458,0.015117629151,49.8588609822
2011-03-15 06:00:00,211.968936736,85.4731752316,113.835562516,174.180868975,74.6871303225,0.00536796602855,211.968592823,211.968560056,92.2063112958,158.976506418,92.2067204877,166.016536558,85.4838476073,171.693991649,0.0199591892628,211.968541845,0.0101076345007,171.694313972,92.2063298457,332.166587827,211.968520488,0.0151584564947,147.152091185,223.74445867,177.625064266,211.968620619,211.968519222,92.2059388135,0.0151161514292,49.8588107227
2011-03-15 07:00:00,211.968457732,85.473168716,92.2068578516,174.180770292,74.6871232596,0.00536626270558,211.96838686,211.968565189,92.2063061059,158.976487474,92.2064551381,166.01653275,85.4838414012,171.693930067,0.0199442707317,0.0150243818086,0.0100664318032,171.69429326,92.2063184697,332.166617444,211.968524763,0.015067824509,119.193205691,181.233476254,177.625063155,211.966766947,171.694546114,92.2059000152,0.0150809697534,49.8587657469
2011-03-15 08:00:00,171.694006212,85.4731667777,92.2068517898,174.180753182,74.6871220313,0.0053642326923,74.6875885411,211.968563952,74.6871698252,0.010016716085,92.206378053,0.0102654011493,85.4838198033,171.693912319,0.0100677249225,0.0150069559445,0.010056397463,0.0100191943287,0.0200030626157,332.166403848,211.968510351,0.0150132171863,119.193195198,181.233177367,177.625056706,0.0151248295315,171.694526355,92.205886973,0.0150350860542,49.8586843607
2011-03-15 09:00:00,158.976721984,85.4731655884,0.0200694264229,174.180756987,74.6870884307,0.00536225656834,74.6871624923,282.624618434,74.687120617,0.0100044900346,0.0103038064044,0.0101253296075,64.1131194156,171.693911487,0.0100036059251,0.0149927508412,0.0100077481512,0.0100061481998,0.0199999551006,249.109329135,211.968486076,0.0150112448535,119.19319457,181.233167399,143.876197952,0.0149918421654,171.694520118,92.2058550295,0.0150015314793,49.8586662771
2011-03-15 10:00:00,0.015122552003,85.4731657768,0.0200012912408,174.180748965,60.4965774325,0.0053602100942,0.0150110171289,282.624656683,74.6871155521,0.0100040468767,0.0100188611786,0.0101082924496,64.1130608246,171.69391053,0.0100028953463,0.0144257684967,0.0100043463051,0.0100078890449,0.0199993396271,211.968560366,211.968477396,0.0150092909192,119.193193631,181.233164285,143.876190942,0.014950185112,171.694514643,92.205837069,0.0150094913248,49.8586417857
2011-03-15 11:00:00,0.0150197641354,85.4731683842,0.0199940388096,174.180707566,60.4965767193,0.00535836732511,0.0149984434643,282.624661088,74.6871138989,0.0100088825293,0.0100399538182,0.0100057929563,64.1130491922,171.69390218,0.0100035533602,0.0100283347454,0.0100055766951,158.976266638,0.0199984719213,211.968531963,211.968443014,0.0150088764089,119.193192688,181.233167467,143.876189766,0.0149221381363,171.694505827,92.2058547809,0.0150430399007,49.8586449995
2011-03-15 12:00:00,14.5810542014,92.2070047727,0.0199952919935,174.18060502,60.4965746714,0.00535634753996,0.0150109328468,282.624662752,74.6871158597,158.976454733,0.0199740273769,0.0100035470068,64.113060996,171.693871072,0.0100266823447,0.0147784016567,0.0100079281311,171.694292974,0.0199986478108,211.968523761,211.968500623,0.0150923853271,119.193193934,181.233179743,143.876188505,0.0149182599667,171.694502622,92.2059549485,0.0150964377345,49.8587464244
2011-03-15 13:00:00,158.976672032,196.490023113,0.0199946851625,174.180481281,60.4965779207,0.00535443926105,0.0153078525599,282.624663491,74.6871161799,158.976500912,92.2064209252,0.0100049488976,85.4829972083,171.693900302,0.0199439815434,0.0149954253196,0.0100461043763,171.694298422,0.0199987189463,211.968502494,211.968481387,0.0150263972326,119.193194836,181.233206721,143.876187969,0.0149310389455,171.69451382,211.965026402,0.0154206071267,49.8588424007
2011-03-15 14:00:00,171.693985419,196.490031813,0.0199978374067,174.180745126,74.6871188334,0.00535257470741,74.6871690171,282.624664304,74.6871189028,158.976674281,92.2064554426,0.0100285411317,85.4838351519,171.693930463,0.019962004238,0.0150053372371,0.010065872717,171.694306232,0.0199993990017,211.968526754,211.968483612,0.0150134085588,119.19319568,211.968399127,143.876188785,0.0149593233852,171.694524393,211.967468227,0.0325011776703,49.8589809298
2011-03-15 15:00:00,211.968490924,196.490062384,0.0200017685174,174.180792215,74.6871232669,0.00535070375029,74.687230081,282.624664889,92.2063011941,211.968527331,211.968255188,0.0101105049935,85.4838425168,171.693981952,183.71503398,0.0150192132369,0.0101792376238,211.968192767,0.0200003358259,211.968559999,211.968524966,0.0150154428238,147.152088845,223.744326798,143.876189457,0.015053288684,211.96812098,211.967547269,0.0342193181372,66.4781270758
2011-03-15 16:00:00,211.968925317,211.967815065,0.0200536990301,215.038036175,74.6871430648,0.0053488227838,92.2063852493,282.624665705,92.2063094482,211.96853852,211.968574025,0.010124917643,85.4838444517,226.165907255,183.715046792,0.0185292835788,211.968533679,211.96828513,0.0200107238833,332.163661604,211.968531566,0.0150545611545,147.15209347,223.744680464,143.876190295,0.0192749753171,211.968546468,211.967614052,0.0344658387109,66.4781960852
2011-03-15 17:00:00,211.968936325,211.96850113,0.0246888909096,215.038063048,74.6871481019,0.00534716395735,92.2064018163,282.624667035,92.2063107241,211.968541713,211.968586273,0.0108173716573,85.483845665,226.165936181,183.715049449,0.0185307355951,211.968541501,211.968290004,0.0246932362209,332.166614807,211.968529948,0.0150293373583,147.152093942,223.744720256,177.624924679,0.0197952820743,211.968550562,211.967732072,0.034459764199,66.4782022477
2011-03-15 18:00:00,211.968934955,211.968537867,0.0247102534048,215.038069998,74.6871471509,0.00534550146186,92.2065186418,282.624666709,92.2063132002,211.968543452,211.968589259,72.2169615107,85.4838457096,226.165943944,183.715050202,0.0185312031062,211.968543742,211.968291288,0.0247000610248,332.16666689,211.968546086,0.0150095656208,147.15209408,223.744727659,177.624925476,0.0198551935617,211.968551809,211.967695561,0.0343291359164,66.4782130311
2011-03-15 19:00:00,211.968931336,211.968525745,0.024687744056,215.038070952,74.6871467803,0.00534363790741,92.2064032598,282.624666848,92.2063112834,211.968543765,211.968584643,72.2169654664,85.4838449797,226.16594581,183.715050563,0.0185308879102,211.968544819,211.968291625,0.0246920909089,332.166731365,211.968543797,0.0150053929702,147.152094066,223.744727936,177.624925429,0.0195624552328,211.968552103,211.967785255,0.0342852397464,66.4781872007
2011-03-15 20:00:00,211.968926735,211.968535568,0.0243941594632,215.038070724,74.6871463149,0.0053417098368,92.2063942829,282.624666482,92.2063089477,211.968543658,211.96857995,72.2169663319,85.483844618,226.165947492,183.715050533,0.0185306574031,211.968545283,211.968291503,0.0246866464557,332.166664793,211.968541564,0.0150041198677,147.152094011,223.744711319,177.624925269,0.0150558540555,211.968551431,211.967812456,0.0342022193344,66.478129096
2011-03-15 21:00:00,211.968924983,211.968524428,0.0200215100392,215.038067089,74.6871474328,0.00533964546838,92.2063889597,282.624665823,92.2063075006,211.968543537,211.968576932,72.2169665253,85.4838441796,226.165945382,183.715050231,0.018529960441,211.968545426,211.968291104,0.0201272124626,332.166639145,211.968537915,0.0150037492919,147.152093887,223.744694869,177.624925028,0.0150278803924,211.968550864,211.967725236,0.0339918908831,66.478047991
2011-03-15 22:00:00,211.968918357,211.968486176,0.0200096255279,215.038059452,74.6871476091,0.00533750921462,92.2063849513,282.624664986,92.2063047198,211.968542664,211.96857243,72.2169663393,85.48384344,226.165940659,183.715049927,0.0185295843358,211.968545322,211.968290167,0.0200098703378,332.166628748,211.968526064,0.0150036351527,147.152093656,223.744709058,177.624924706,0.0150206685764,211.968549947,211.967672613,0.033653775946,66.4778949775
2011-03-15 23:00:00,211.968915504,211.966445331,0.0200052404787,215.038049891,74.6871473687,0.00533543157711,92.2063852926,282.624662007,92.2062968682,211.968541567,211.968568456,72.2169655561,85.4838434245,226.16593359,183.715049823,0.0185294514594,211.96854485,211.968288874,0.0200025044763,332.166629036,211.968498084,0.0150042261357,147.152093321,223.744689098,177.624924308,0.0150241294876,211.968548943,211.967658802,0.0330508068102,66.477431051
2011-03-16 00:00:00,211.968914266,196.490079122,0.0200286655665,215.038043724,74.6871462005,0.00533353235461,92.2063913693,282.624620902,92.2061390789,211.968540416,211.968566754,72.2169648772,85.4838437003,226.16593117,183.715049535,0.0185303315117,211.968544551,211.968286742,0.0200027429715,332.166618318,211.968505244,0.0150059867311,147.152092551,223.744658071,177.624923402,0.0153837684395,211.968548184,211.96763174,0.0277687355378,49.8589833854
2011-03-16 01:00:00,211.968909489,196.490086202,0.0200173600017,215.038039288,74.6871423283,0.00533167791902,92.2063857817,211.968569546,0.0200499906261,211.968539422,211.968565231,72.2169641251,85.4838435388,226.165926127,183.715049374,0.0185299281364,211.9685437,211.968284237,0.0200017281708,332.166605571,211.968406723,0.0150074053463,147.152091939,223.744662663,177.624922738,0.0164409194441,211.968547131,211.967656031,0.0279892676735,49.8589108086
2011-03-16 02:00:00,211.968898836,196.490074612,0.0200105354451,215.038036977,74.6871273416,0.00532983957158,92.2063720186,211.968561714,0.0200074151812,211.968538267,211.968562629,72.2169633317,85.483843421,226.165920832,183.715049189,0.0185276983598,211.968542769,211.96828238,0.020001768948,332.166588107,92.2063236817,0.0150058777071,147.152092009,223.744646098,177.624922282,0.0150777249963,211.968546549,211.967620823,0.0331965833922,49.8588796702
2011-03-16 03:00:00,211.968902615,196.490200168,0.0200073010032,215.03803898,74.6871278032,0.00532806187049,92.2063601763,211.968562515,0.0200017248415,211.968536619,211.968558819,72.2169626513,85.4838431432,226.165922379,183.715048864,0.0185265068075,211.968542809,211.968281293,0.0200023306062,332.166569562,92.2062842218,0.0150042911391,147.152092061,223.744663257,177.624922438,0.0150308385249,211.968546515,211.967642191,0.0338124082504,49.858865306
2011-03-16 04:00:00,211.968910632,211.968474308,0.0200066385256,215.038045991,74.6871320935,0.00532640658308,92.20634461,211.968561615,0.0199996067664,211.968533964,211.968558286,72.2169617268,85.4838434214,226.165921225,183.715048478,0.0185262410325,211.968543864,211.968281022,0.0200051339287,332.166548321,69.1533565796,0.0150044391511,147.15209248,223.744705067,177.624923266,0.0150251473578,211.968547205,211.967727913,0.033983610835,49.8588729484
2011-03-16 05:00:00,211.968915119,211.96849794,0.0200117286587,215.038056205,74.6871438475,0.00532498564405,92.2063320344,211.968567472,0.0199992273548,211.968521471,211.968550541,72.2169605251,85.483842997,226.165934057,183.715046993,0.018527001774,211.968545743,211.968280824,0.0246816358912,332.16652765,52.2164750701,0.015007389183,147.152093129,223.744735699,177.624923782,0.0150288575283,211.968548683,211.967783143,0.0340045637789,49.8588713276
2011-03-16 06:00:00,211.968895376,196.49003811,0.0201010128967,215.037892276,74.6871409129,0.00532375979015,92.2063372211,282.624658115,0.0199968654955,0.0101157808489,0.02062856157,72.2169583212,85.4838433105,226.165558736,148.80919693,0.0151382824445,211.967508446,171.694308267,0.0246921477283,332.166502299,92.2062622395,0.0150230369946,147.152093173,223.744665935,177.6249239,0.0150147698201,211.968497898,211.967491143,0.0168536277982,0.0201505095255
2011-03-16 07:00:00,211.968472032,196.490031785,0.0200029174571,174.180923255,74.6871230367,0.00532196124558,0.0200194858392,282.624664355,0.0199909481081,0.0100962656051,0.0200668694925,72.2169549899,85.4838401469,183.194438706,148.80918356,0.0150110481841,171.694527068,171.694298601,0.0202542211652,332.166545262,92.2062315433,0.0150072914448,147.152092607,223.743838357,177.624922889,0.0149927783013,171.694550942,211.967317292,0.0153309888428,0.0199867811049
2011-03-16 08:00:00,171.694825656,196.490025688,0.0200015348148,174.181032522,74.686861269,0.00531991585122,0.0197855349306,282.624663791,0.0199664760683,0.0100081604413,0.0200131383962,0.0154523261048,85.4838369599,183.194434593,148.809176348,0.0150084244206,171.694523444,171.694257067,0.0200023998891,211.968596223,52.2164497131,0.0150047900573,147.152076809,211.968801644,143.876189466,0.014973565508,171.694534842,171.693943844,0.0150902162312,0.0156063481751
2011-03-16 09:00:00,171.694821902,196.489985228,0.0199998098575,215.037805022,60.4965888797,0.0053179369531,0.0197456896016,282.624662911,0.0199594081771,0.0100030359823,0.0115951670162,0.0154260140026,85.4838312014,183.194451359,0.0100662000227,0.0150057883122,171.694520418,171.694033041,0.0200007278615,211.968546817,52.2163764941,0.0150046679703,119.193198928,223.744556197,143.876187173,0.014913022787,171.694527369,171.693478368,0.0149795239464,0.0152956202761
2011-03-16 10:00:00,171.694814449,92.2068850622,0.0199981194493,215.038009042,60.4965867902,0.00531596449784,0.0152516975028,282.624655543,0.0199550643761,0.0100028455443,0.0100128952335,0.0107642714151,85.4838234245,183.194481324,0.0100166750103,0.0150011206736,171.694517856,171.694191956,0.0200002511744,211.968512431,52.2163673587,0.0150044113466,119.193196174,223.744730383,143.87618637,0.0148844653883,171.694516235,92.2060999919,0.0149438705465,0.0150875410873
2011-03-16 11:00:00,171.694820137,92.2067277886,0.0199916129622,215.03798158,60.496585537,0.00531393838818,0.0150040174097,282.62269685,0.0199532413127,0.0100038025312,0.0100137619248,0.0100104877742,85.4838039242,226.16540389,79.9161352899,0.0150035390922,171.694523807,171.694294468,0.0200000045205,211.96837554,52.2163614861,0.015004088878,119.193195664,223.744753133,143.876185272,0.0148763848149,171.694503267,92.2060728524,0.0149374476094,0.0151029396625
2011-03-16 12:00:00,171.694830568,196.489963539,0.0199769352406,215.037409419,60.4965875974,0.00531201372076,0.0150034497147,282.624665472,0.0199572296442,0.0100262786265,0.010161435264,0.0100072857042,85.4838161091,226.165791389,148.809179261,0.0150080646282,171.694528524,171.694301196,0.0200002555025,211.968340465,52.2163625706,0.0150049471684,119.193195657,223.744760048,143.876184619,0.0148979238011,171.694529685,92.2064325609,0.0149933679948,0.0153389675881
2011-03-16 13:00:00,171.694841049,196.490015229,0.0199915930707,174.180876611,60.4965851461,0.00531014229477,0.014998732147,282.624657101,0.0199588637517,0.0101013107416,0.0200005801651,0.0100126221194,85.4838344165,183.194460423,148.809185576,0.0150094760751,171.694547105,171.694310859,0.0200004439402,144.492653157,52.2163558798,0.0150043254177,119.193196361,223.744755715,143.876185728,0.0149500245149,171.694545163,171.693761123,0.0150605746882,0.015476698264
2011-03-16 14:00:00,211.968506368,196.490029656,0.0199980236441,174.180860544,60.4965865405,0.00530818138566,0.0150012772389,211.968672806,0.0199647377591,0.0101278344747,0.0200659734155,0.0151561901569,85.4838385065,183.194423848,148.809235926,0.0150150467529,211.96852014,211.967962801,0.0200029878882,144.492599902,52.2163525345,0.0150034046855,147.152054216,223.744759449,143.876186186,0.0150049520277,211.968507966,211.967429845,0.0151548774483,0.0199564606798
2011-03-16 15:00:00,211.968800826,196.49003509,0.0200019638549,215.037972706,60.4965907395,0.00530636523226,0.0196996221471,282.624653831,0.0199952524403,233.670025143,92.2064585784,0.015425304734,85.4838400463,211.966577485,183.715050547,0.0150311334951,211.968540636,211.968272398,0.0200174863014,211.968193739,52.2163543587,0.0150039278981,147.152091033,223.744762441,143.876186729,0.0151290925317,211.968544468,211.967522577,0.0159172263384,0.0203295075768
2011-03-16 16:00:00,211.968907061,196.490039291,0.0200220746952,215.038065522,74.6871178861,0.00530447127777,0.0199905244698,282.624666083,0.0199996033113,233.671998226,211.968637763,0.0154373247858,85.4838405666,226.165933627,183.715055528,0.0150762172592,211.968549886,211.968278077,92.2063176351,211.968540793,52.2163554426,0.0150070944269,147.152092756,223.744766963,143.876187771,211.965998363,211.968552796,211.967541055,0.0181054788874,0.0204811281017
2011-03-16 17:00:00,211.968912447,196.490046677,92.2068028307,215.038075445,74.687123873,0.00530282034974,92.2063688019,282.62466728,0.0200001009003,233.672012728,211.968653685,166.014572877,85.4838411829,226.16594104,183.715057353,0.0153389230704,211.968552228,211.968280557,92.2063247655,332.164012231,52.2163542839,0.0150072165892,147.152092926,223.744771061,177.624921169,211.968210389,211.968556211,211.967537908,0.0177064246546,0.0204855961608
2011-03-16 18:00:00,211.968911084,196.490038343,92.2068574107,215.038076044,74.6871237521,0.00530117871516,211.9685634,282.624668711,0.0199993781034,233.672018561,211.968655267,166.014625054,85.4838408735,226.165939618,183.715057989,92.2063517099,211.968554767,211.968281199,92.2063260506,332.166617447,52.2163651967,0.015006653913,147.152092735,223.744771448,177.624922086,211.968441949,211.96856001,211.967535731,0.0151120534985,0.0204192989114
2011-03-16 19:00:00,211.968904142,196.49003558,92.2068578177,215.038072024,74.6871239536,0.00529934082513,211.968558646,282.624668549,0.0199985342463,233.672019875,211.96865483,166.014628372,85.4838402416,226.165937133,183.715057958,92.2061377504,211.968554465,211.968281006,92.2063252884,332.166616255,52.2163578159,0.0150040242427,147.152092441,223.744763618,177.624922146,211.968471171,211.968556148,211.967501702,0.0150631218465,0.0202713906403
2011-03-16 20:00:00,211.968898266,196.490036317,92.2068588969,215.038067411,74.6871241247,0.00529738883988,211.96856669,282.62466813,0.0199968630008,233.672020215,211.968652742,166.014629204,85.4838398107,226.16593122,183.715057127,74.6907427218,211.968553938,211.968280537,92.2063245063,332.166592204,52.2163535959,0.0150028988132,147.152091985,223.744749619,177.624922131,211.968488816,211.968554197,211.967479349,0.0150263282416,0.0200682710192
2011-03-16 21:00:00,211.968894644,196.490033607,92.2068596207,215.038059389,74.6871275201,0.00529536779622,211.968603705,282.624667654,0.0199941057309,233.672020917,211.968651197,166.014629424,85.4838395099,226.165914555,183.715055401,92.2063337793,211.968552438,211.96827974,92.2063230085,332.166562899,52.2163512032,0.0150024354158,147.152091417,223.744720555,177.624922036,211.968502485,211.9685551,211.967463186,0.0150124184237,0.0200272809672
2011-03-16 22:00:00,211.968883507,196.490031345,92.2068611266,215.038047734,74.6871279228,0.00529320962621,211.968621412,282.624666922,0.0199897193353,233.672019175,211.968647608,166.014629341,85.483839069,226.165826701,183.715053115,92.2063475685,211.968549525,211.968278456,92.2062703162,332.16650291,52.2163481134,0.0150020675263,147.152090529,223.744670801,177.624921898,211.968501043,211.968554015,211.967440939,0.0150010450565,0.0200151265059
2011-03-16 23:00:00,211.968882411,196.490029329,92.2068635569,215.038035441,74.687124257,0.00529120624186,211.968623236,282.624665593,0.0199820454194,233.672015449,211.968641695,166.014628545,85.4838389958,226.163463465,183.715050446,92.2063643513,211.968542926,211.968276669,74.687231336,332.166551256,52.2163445617,0.0150020327861,147.152089099,223.744696245,177.624921837,211.96850013,211.968549152,211.967421758,0.0149986417331,0.0200144154013
2011-03-17 00:00:00,211.968864265,196.490018054,92.2068697597,215.038025782,74.6871253589,0.00528926375943,211.968634962,282.624665673,0.019978468262,233.672007663,211.968632547,166.014627362,85.4838386788,211.967696633,183.715045569,113.834956189,211.968538705,211.968274119,92.2063203387,332.1659812,52.2163431243,0.0150045914828,147.152087335,223.744688094,177.624921818,211.968515495,211.968542214,171.694281501,0.0149976667819,0.0199951812851
2011-03-17 01:00:00,211.968862655,196.490020779,92.2068823824,215.038018754,74.6871231983,0.00528741173337,211.968621096,282.624665653,0.0199701940933,233.672006189,211.96862208,166.014626532,85.4838385069,226.165004116,183.715042015,92.2064161685,211.968521908,211.968271412,92.2063114353,332.165993431,52.2163405172,0.0150066235602,147.15208406,223.744663908,177.624921831,211.968511332,211.968530558,211.966875823,0.0150018663852,0.0200136394908
2011-03-17 02:00:00,211.968846302,196.490017932,92.206955078,215.038012039,74.6871216761,0.00528559700456,211.968577326,282.624665938,0.0199690211665,233.672004642,211.968577636,166.014625958,85.48383824,226.165643519,183.715037339,92.2063837943,211.968496101,211.968269761,92.2063222226,332.163946779,52.2163384515,0.0150055744205,147.152080098,223.744674416,177.624921824,211.968501136,211.968528083,211.966982489,0.0150086561919,0.0200059600325
2011-03-17 03:00:00,211.96886153,196.490016565,211.968628011,215.03800789,74.6871221189,0.00528385748435,211.968610804,282.624666392,0.0199702191568,233.672001134,211.9685585,166.014625477,85.4838377229,226.1657892,183.715035692,92.2064817127,211.96848376,211.968266537,92.2063246635,211.970304472,52.2163376051,0.0150046638093,147.152078016,223.744675795,177.62492178,211.968473433,211.968532736,211.966725438,0.0150153404138,0.019998823524
2011-03-17 04:00:00,211.968887439,196.49002015,261.689875839,215.038008203,74.6871231404,0.00528214755647,211.968638551,282.624666624,0.0199741581057,233.672005798,211.968588618,166.014625272,85.4838376135,226.165880134,183.715039275,211.967623495,211.968504522,211.968265561,92.2063262541,211.968678105,52.2163374661,0.0150052821402,147.152078129,223.744713061,177.624921815,211.968473118,211.968535352,211.966241059,0.015029877458,0.0200024772996
2011-03-17 05:00:00,211.9688974,196.490013839,261.689908921,215.038007772,74.6871269112,0.00528073390369,211.968649778,282.624667264,0.019989706043,233.672011466,211.968631953,166.014625125,85.4838377136,226.16590117,183.715046885,211.968466902,211.968527164,211.968263121,92.2063289072,211.968619957,52.2163375376,0.0150100697733,147.152075455,223.744734763,177.624921832,211.968493758,211.968543356,211.963456234,0.0150234357781,0.019999052572
2011-03-17 06:00:00,211.968897158,85.4732075895,261.689914936,215.037956049,92.2063238488,0.0052794788608,211.968653329,282.624668019,0.0199852998525,233.671999047,211.96862608,166.014623758,85.483837401,226.165775703,183.7150319,211.968546029,211.968524782,211.96816567,211.968386732,211.96853024,52.2163375506,0.0151101065619,0.0150225338272,223.744723355,177.624921604,211.9685055,211.968539453,92.2009566931,0.0149859214886,0.0181236355592
2011-03-17 07:00:00,211.968886892,85.4731654399,261.689918362,174.180904454,92.206324762,0.00527786834518,211.968652916,282.624668857,0.0199759111406,233.671952712,211.968606139,166.014624189,85.4838370441,183.195402671,183.715025989,211.96854748,211.96850236,171.694166741,211.968528789,211.968493544,52.2163382042,0.0150155340344,0.0150009787234,223.744712689,177.624919654,211.968442274,211.96850656,0.0160313878315,0.0149672967195,0.0150906136834
2011-03-17 08:00:00,211.968879572,85.4731584848,261.689921478,174.180707889,92.2063247159,0.00527591758462,211.968653174,282.62466855,0.0199672795232,211.968561788,171.694643703,166.014615478,85.483836576,183.194865984,183.71500146,211.968546511,211.968388024,171.694149389,211.968550013,144.492493884,52.2163371229,0.0150130452922,0.0149998107244,223.744605193,133.218857991,211.968433203,211.968333738,0.0151029767145,0.0149315993013,0.0150125397586
2011-03-17 09:00:00,211.968881957,85.4731205943,261.689921119,174.180673442,92.2063086689,0.00527394550934,211.968650745,282.624668212,0.0199640790782,211.96847052,171.694610915,134.471858049,85.4838360614,183.194394964,183.71493369,211.968547939,211.96847962,171.694065517,211.968552725,144.492469766,52.2163349841,0.0150271517679,0.0149984729953,223.744334304,133.218854723,211.966855037,211.968473927,0.0150285498517,0.0148589092854,0.01498540765
2011-03-17 10:00:00,211.968881707,0.0150469153977,261.689919126,161.279190357,74.6871284266,0.00527191220358,211.96864534,282.624666292,0.0199641916721,189.274349707,171.69458169,134.471841719,85.4838354698,183.194303628,148.809274445,211.968545865,211.968374378,0.0100111454132,211.968556474,144.492440456,52.2163341233,0.0150869477898,0.0149951240107,181.233334502,133.218853455,158.976473581,211.968530989,0.0150149701903,0.0148054718646,0.0149653219889
2011-03-17 11:00:00,211.968884984,0.0150186757482,261.689918019,93.5367340087,74.6871259081,0.00526996348059,211.968583552,282.624604206,0.0199655957383,189.274346349,171.694582424,134.471836822,85.4838340966,0.0157036687683,148.809222509,211.968569481,171.694544778,0.0100117076364,211.968561916,144.492475585,52.2163337048,0.0151440820975,0.014992098922,181.23322469,133.218769933,158.976350121,211.968551775,0.0150128019221,0.0147679195906,0.0149559731228
2011-03-17 12:00:00,211.968884314,85.4731382194,261.689919619,93.5419380211,74.687128675,0.00526811989974,211.968587464,211.968606589,0.0199696611743,189.274344282,171.694585993,134.471763575,85.4838340973,0.0150005404189,148.809215793,211.968585199,171.694536624,92.2069043735,211.96856759,144.492489773,52.2163466957,0.0151829269697,0.0149966788377,181.233188035,0.014999766018,158.976322075,211.968561324,0.0150124831845,0.0148286169938,0.0149752177758
2011-03-17 13:00:00,211.96887586,85.4731371864,261.68992103,174.179202845,74.6871261442,0.00526623715855,211.968555337,211.968560639,0.0199788175903,189.274343279,171.694594488,0.0101163987876,85.4838341668,98.3807972057,148.809237768,211.968587597,171.694535646,171.694146579,211.968568217,144.492488259,52.2163360669,0.015183863337,0.0149996787709,181.233208554,0.0149905515537,92.2071132993,211.968562415,0.0150335237445,0.0149083847683,0.014997285866
2011-03-17 14:00:00,211.968879454,85.4731545623,261.689922696,174.18069222,74.6871263519,0.00526442292322,211.968561279,211.96855845,0.0199947553323,189.274353262,171.694615776,0.0100277493562,85.4838338759,183.194369138,183.714978531,211.968589393,171.694538429,171.694150032,211.968569279,144.49250189,52.21633363,0.0152024874753,0.0150005226409,181.233246159,0.0150001078353,158.973944418,211.968564669,0.0156861319693,0.0149619037156,0.0150646121293
2011-03-17 15:00:00,211.968889201,85.4731605935,261.689925006,174.180739265,74.6871300256,0.00526258160391,211.968601185,211.968578037,0.0200015789373,233.671217532,211.968599987,124.511055726,85.4838336306,183.194406823,183.71504135,211.968590491,211.968484594,171.694164842,211.968572569,211.952813967,52.2163362224,0.0172729287842,0.0150024973403,211.968492001,133.218852804,158.976404701,211.968566401,92.205625502,0.0149903828204,0.0198585653782
2011-03-17 16:00:00,211.968905942,85.4731599186,261.689931524,215.037952346,171.694498993,0.00526076565416,211.968641205,282.624667327,0.0200415950383,233.672028916,211.968642983,134.47183772,85.4838333285,226.165963747,183.715051651,211.968591061,211.968551633,211.9680948,211.968587919,211.96856995,52.2163411116,0.0348312777726,0.0185199601621,223.744677115,133.218855461,158.976807599,211.968574353,92.2058403114,0.015015535319,0.0199987961568
2011-03-17 17:00:00,211.968906724,85.4731601574,261.689942449,215.037975064,171.694533104,0.00525902795897,211.968648559,282.624669049,92.2061244174,233.672033416,211.968649658,134.471853037,85.4838336152,226.165998261,183.715053149,211.968591381,211.968554228,211.968099531,211.968593865,332.166594378,52.2163694507,0.0348452769205,0.0185207947238,223.74472556,177.625032206,211.968318496,211.968579389,92.2058715224,0.0150194019259,0.0200128036767
2011-03-17 18:00:00,211.968880661,85.4731623284,261.68995213,215.037981432,171.694535181,0.00525725733748,211.9686454,282.624670093,92.2063011049,233.672035801,211.968649552,166.014624513,85.4838331388,226.166009009,183.715051429,211.968590811,211.968554058,211.968100741,211.968596332,332.16662448,211.968474141,0.0348508851312,0.0185210078743,223.744727412,177.625035024,158.976835768,211.968578767,92.205884362,0.015028082961,0.0200143984488
2011-03-17 19:00:00,211.968867036,85.4731617199,261.689930877,215.037982449,171.694535469,0.00525533980091,211.968641308,282.624669882,92.2063001794,233.672035952,211.968644676,166.014627295,85.4838323742,226.166011497,183.715050357,211.968590345,211.968553257,211.968101068,211.968594807,332.166631312,211.968503929,0.0348493865163,0.0185210589586,223.74472401,177.625035375,158.977121663,211.96857615,92.20586798,0.0150099939924,0.0200117859171
2011-03-17 20:00:00,211.968851331,85.4731645383,261.689922638,215.037982167,171.694535691,0.00525323773898,211.968635723,282.624669393,92.2063023057,233.672035822,211.968637764,166.014627965,85.4838317562,226.166013689,183.715047678,211.968589416,211.968552813,211.968101026,211.968594727,332.166627673,211.968502416,0.0348523470768,0.0185210450386,223.744706377,177.625035496,158.977293706,211.968570263,92.2058594609,0.0149923259175,0.0199991386368
2011-03-17 21:00:00,211.968834901,85.4731651636,261.689921528,215.037980325,171.694536385,0.00525123821557,211.968648669,282.624669258,92.2063051331,233.672035986,211.968630464,166.014628168,85.4838311626,226.166013304,183.71504514,211.968586899,211.968552903,211.968100667,211.968593246,332.166622711,211.96847125,0.0348601341115,0.0185209862617,223.744689815,177.625035494,158.976748365,211.968565108,92.2058591256,0.0149827971546,0.0199821207547
2011-03-17 22:00:00,211.968797964,85.4731647068,261.689919925,215.037976062,171.694536494,0.00524909281462,211.968651574,282.624668763,92.2063085345,233.672034301,211.968614872,166.014628005,85.4838302405,226.166010546,183.715043728,211.968580489,211.968552129,211.968099734,211.968574825,332.166617374,211.968284105,0.0348616243987,0.0185208646367,223.74463706,177.625035451,158.977111965,211.968559875,92.2058541085,0.01497357986,0.0199648901041
2011-03-17 23:00:00,211.968745943,85.4731635863,261.689917244,215.037969166,171.694536223,0.00524703914635,211.968650671,282.624668222,92.2063106643,233.672030391,211.968595145,166.014627167,85.4838299647,226.166008669,183.715041565,211.968565419,211.968550655,211.968098405,211.968569047,332.166620904,211.968085159,0.0348604513354,0.0185206925851,223.744666187,177.625035409,158.977164776,211.968556658,92.205851765,0.0149682978925,0.0199448521236
2011-03-18 00:00:00,211.968589621,85.473156691,261.689907541,215.037962588,171.694535984,0.00524507296594,211.968655374,282.624667948,92.2063192621,233.672025607,211.968598923,166.014626496,85.4838294087,226.166009373,183.715035865,211.968540551,211.968549702,211.96809633,211.968567364,332.166612101,211.968521649,0.0348577623965,0.0185204227984,223.744644898,177.625035346,211.968543715,211.968552282,92.2056468869,0.0149614916412,0.0199147016395
2011-03-18 01:00:00,211.968560355,85.4731579339,211.968962287,215.037956964,171.694535281,0.00524318536053,211.968648919,282.624667929,92.2063303422,233.672024625,211.968603463,166.014625592,85.4838289896,226.16600907,183.715035654,211.968539458,211.968548536,211.968093784,211.968565717,332.166591847,211.968502214,0.0348546110051,0.0185203923921,223.744626697,177.625035409,211.968500676,211.968552451,92.2058051825,0.0149627513745,0.0199047252197
2011-03-18 02:00:00,211.968551582,85.4731591302,211.968874229,215.037953369,171.694534321,0.00524133660502,211.968644937,282.624667805,211.968449356,233.672020692,211.968590223,166.014624789,85.4838283908,226.166009591,183.715037701,211.968539357,211.968549076,211.968091817,211.968560211,332.166539862,211.968482576,0.0348519521411,0.0185203646499,223.744636671,177.625035438,211.968477788,211.968551021,92.205826983,0.0149695629031,0.0198923060209
2011-03-18 03:00:00,211.968566742,85.4731592884,211.968902932,215.037954059,171.694533725,0.00523957014885,211.968649008,282.624667848,211.968515284,233.67202131,211.96857422,166.014623952,85.4838276416,226.166011022,183.715040774,211.968528494,211.968551215,211.968090875,211.968561108,332.166369028,211.968488729,0.0348516253772,0.0185204127903,223.744629914,177.625035442,211.968533567,211.968550736,92.2058246465,0.014978270782,0.0199385727753
2011-03-18 04:00:00,211.968678358,85.473159492,261.689902939,215.037959637,171.694533987,0.00523789780495,211.968652784,282.624667642,211.968525714,233.672025102,211.968564251,166.014623033,85.4838272967,226.166013634,183.7150409,211.968525825,211.968553112,211.968091609,211.968565645,332.165778323,211.968507604,0.0348530810496,0.0185204743438,223.744669988,177.625035482,211.968587775,211.968551814,92.2058185108,0.0149912628486,0.0199771801787
2011-03-18 05:00:00,211.968707169,85.4731568259,261.689920339,215.037966243,171.694534723,0.00523651701065,211.968658378,282.624668018,211.968530248,233.672021895,211.968554689,166.014621968,85.4838262534,226.166016498,183.715038472,211.968537849,211.968554785,211.968092779,211.968568182,332.161705852,211.968534279,0.0348641910001,0.0185205477247,223.744695846,177.625035475,211.968723624,211.968556117,92.2057778508,0.0149950543969,0.0199907452594
2011-03-18 06:00:00,211.968703087,85.4731545785,261.68992963,215.037736846,171.694535204,0.00523539805763,211.968661562,282.624669069,211.968537078,211.968577101,0.0201693387731,166.014620175,85.4838260156,226.16593904,183.715012215,211.968536241,211.968542532,211.967833561,211.968569109,332.098256706,211.968550258,0.0350808706491,0.0185197919614,223.744685739,177.62503525,211.968729886,211.968554355,0.0153724572049,0.0149791161539,0.0164266489685
2011-03-18 07:00:00,211.968691355,0.0150176047783,261.689934021,174.180786821,171.69453112,0.00523367800199,211.968656977,282.624670004,211.968539484,211.968162525,0.0200273231772,166.014617642,85.4838217273,183.19451872,148.809172922,211.968523012,211.968223179,171.694156823,211.96856861,211.968738155,211.968553884,0.0350877136509,0.0150024416286,223.74468385,177.625032559,211.968867079,211.968544188,0.0150185242694,0.0149613840338,0.0151264580565
2011-03-18 08:00:00,211.968659411,0.0150026916785,261.689927233,174.180766062,171.694429412,0.00523180514706,211.968643168,282.624669607,211.968541088,189.274362116,0.0200014849868,0.0100423872655,85.4838152808,183.194481623,148.80915965,211.968353185,171.694533005,171.694148216,211.968567987,211.968452209,211.968554533,0.0349042046969,0.0150012098288,223.744605218,0.0100201168319,211.96887103,211.968533134,0.0150032557814,0.0149277506779,0.0150266804307
2011-03-18 09:00:00,211.968554563,0.0150003294486,261.689924579,174.180738239,74.6871245088,0.00522987291754,211.968548274,282.624667098,211.968541326,189.274356229,0.0199764872621,0.0100222560798,85.4837939381,183.194472793,148.809155614,171.694631008,171.694528526,92.2062721001,211.968567026,144.492501635,211.968553966,0.0348628290981,0.0150001396043,223.7444649,0.0100165232457,211.968900731,211.96852015,0.0149967693044,0.014865524098,0.0149977233866
2011-03-18 10:00:00,211.968445585,0.0149996799352,261.68992269,174.180543249,74.6871218398,0.00522797460185,171.69462158,211.968561649,211.968541691,189.274354058,0.0100702818349,0.0100070309282,85.4831502993,183.194468786,148.809152843,171.694601999,171.69452625,0.0100144123276,211.968563779,144.492478962,211.968553641,0.034849909303,0.0149971671778,211.968966745,0.0100035240547,211.968856845,211.968516573,0.0149943210411,0.0148482191188,0.0149848904789
2011-03-18 11:00:00,171.694757957,0.014999624892,261.689924064,174.18069033,74.6871199549,0.00522593312759,171.694615928,211.968555053,211.968541635,189.274354005,0.0100380463546,0.0100028164921,64.1130256737,183.194471221,148.809153199,171.69466571,171.694526141,0.0100890329288,211.968559931,144.492466142,211.968552639,0.0348410318251,0.0149896125117,211.968446586,0.0100006091036,211.968765454,211.968521244,0.0149977685397,0.0148939171155,0.0149874811508
2011-03-18 12:00:00,171.694769208,0.0150002666041,261.689926867,174.18074817,74.6871192935,0.00522395873533,171.69466334,211.968532886,211.968539121,189.2743569,0.0198219505316,0.0100023120116,64.1130152454,183.1944819,148.809154283,211.968456471,171.694527851,171.694137739,211.96855735,0.0151071736778,211.968555876,0.0348301403247,0.0149949748205,181.233309922,0.0100004285541,211.968697319,211.968538164,0.0150112616072,0.0149283038074,0.0150188211131
2011-03-18 13:00:00,211.968433984,0.0150006043631,261.689929637,174.180760804,74.6871189641,0.00522193319667,211.968541679,122.941736855,211.968536545,211.967441499,0.0199967155341,0.0100023975459,64.1130228061,183.19448801,148.809156265,211.96850397,171.694527651,171.694152079,211.968559046,0.015082344785,211.968555453,0.0348277432865,0.0149997472412,181.233594721,0.0100004982891,211.968717839,211.968531276,0.0150127360914,0.0149718979102,0.0156318598192
2011-03-18 14:00:00,211.968549078,0.0150018921428,261.689931749,174.181037831,74.6871198655,0.00522004269373,211.968566882,122.94173313,211.968534212,211.969511807,0.020028909032,0.010003192509,85.4834014478,226.164994652,148.809163574,211.968544257,171.694537105,171.694165858,211.968566644,144.490198956,211.968554746,0.034804673695,0.0150014748988,223.743873232,0.010001489587,211.968762434,211.96854211,0.0150362580942,0.0150067615619,114.616908101
2011-03-18 15:00:00,211.968636356,0.0150110066755,261.689943475,215.03799236,74.6871226101,0.00521808385043,211.968643926,122.941977623,211.968536496,233.67203001,92.2063705089,0.0100127997304,85.483807518,226.165996038,183.714993373,211.968561334,211.968524999,211.968487615,211.968568421,144.492483029,211.968554325,0.0348214076011,0.0150053676491,223.744525313,0.0100161347479,211.968920279,211.968547393,0.0152626560546,0.0150599662402,114.61805121
2011-03-18 16:00:00,211.968653491,0.0150567627131,261.689957332,215.038023852,74.6871239557,0.00521624240351,211.96864854,211.968569179,211.968538454,233.672039977,211.968619183,0.0100255333784,85.4838149082,226.166013113,183.715003562,211.968574708,211.968543053,211.968546103,211.968570123,211.968496149,211.968553611,0.0348412232672,64.0111745966,223.744662013,0.0100185522994,211.968971459,211.968553539,0.032744542207,0.015301627478,114.618176798
2011-03-18 17:00:00,211.968654882,85.4726175047,261.689954172,215.038037674,74.6871275237,0.00521453133305,211.968648653,282.624669217,211.968541516,233.672042574,211.968642949,0.0102047820583,85.4838172771,226.166017818,183.715004408,211.968580353,211.968544317,211.968553906,211.968583901,332.164750611,211.968553351,0.0348359567129,64.0111766064,223.744697623,77.2669447121,211.968991464,211.968554658,92.2058155428,0.0157063839027,114.618288801
2011-03-18 18:00:00,211.968647389,85.472876984,261.689966212,215.038040762,92.2063189017,0.00521292759072,211.968650047,282.624670529,211.968539766,233.672043976,211.968646509,0.014548233749,85.4838170825,226.166017947,183.715004272,211.968583606,211.968545248,211.968556268,211.968589942,332.166613711,211.96855298,0.0169510326325,64.0111769702,223.744696692,77.2669474573,211.969016664,211.968555533,92.2060861539,0.0189519768167,114.618391761
2011-03-18 19:00:00,211.968633831,85.4726552511,261.689949559,215.03804071,74.6871259746,0.00521097227432,211.968646064,282.624671122,211.968538462,233.672042789,211.968649439,0.0145524968146,85.4838158605,226.166017263,183.715003809,211.968582952,211.96854393,211.968556786,211.968579664,332.166629296,211.968550997,0.015200788905,64.0111770536,223.744687279,77.2669477168,211.969015369,211.968549853,92.2059435192,0.0186341521875,114.61837575
2011-03-18 20:00:00,211.968620552,85.4731333047,261.689926996,215.038039277,74.6871242409,0.0052089030263,211.968637578,282.624670544,211.96853512,233.672042269,211.968649849,0.0145533420749,85.4838149641,226.166015716,183.715002841,211.968582939,211.968541513,211.968556581,211.968571521,332.166628573,211.968542975,0.015182915417,64.0111770417,223.744663977,77.2669477958,211.968963785,211.968542475,92.2059880779,0.0162418772154,114.618330419
2011-03-18 21:00:00,211.968611531,85.473061726,261.689923955,215.038035746,74.6871250478,0.00520689607904,211.968627942,282.624670049,211.968530151,233.672041737,211.968650398,0.0145535421264,85.483814289,226.166011428,183.715002453,211.968581444,211.968537889,211.96855537,211.968570408,332.16662462,211.968533495,0.0151782512073,64.0111769899,223.744636549,77.2669478066,211.968968792,211.968537036,92.2059866585,0.015555242179,114.618280756
2011-03-18 22:00:00,211.968591778,69.2287440406,261.689922095,215.038028846,74.6871243578,0.0052048926804,211.968588252,282.624669609,211.968527281,233.672038727,211.968650071,0.0145534876122,85.483813246,226.16600345,183.715001586,211.968579107,211.968533388,211.96855342,211.968569186,332.16661825,211.968499826,0.0151751305275,64.0111769111,223.744603972,77.2669477661,211.968971547,211.968530732,92.2059879453,0.0154002610776,114.618194147
2011-03-18 23:00:00,211.968572414,0.0150626316394,261.689919812,215.038016419,74.6871237318,0.00520285191238,211.96855087,282.624669257,211.968524391,233.67203474,211.968649001,0.0145528603832,85.4838125968,226.165989351,183.715000632,211.968574499,211.968526116,211.968551254,211.968568483,332.166617204,211.968423967,0.0151744925624,64.0111768058,223.744568303,77.2669476948,211.968968156,211.968525208,92.2060102625,0.0153647042184,114.618171278
2011-03-19 00:00:00,211.968558404,0.0151338516697,261.689917279,215.038006635,74.6871227763,0.00520086051934,211.968386911,282.624669233,211.968380158,233.672028244,211.968645707,0.0145521278418,85.4838115985,226.165987336,183.714999885,211.968572679,211.968529386,211.96854902,211.968568311,332.166602919,92.2063292327,0.0155600034814,64.0111767289,223.744545919,77.2669474888,211.968947582,211.968515889,211.96563619,0.0156484459229,114.618223371
2011-03-19 01:00:00,211.968541202,85.4731500116,261.68991629,215.037999948,74.6871233933,0.00519896844979,171.694738347,282.624669178,211.968495627,233.67202485,211.968645412,0.0145514124821,85.4838105483,226.165975716,183.714994923,211.968572862,211.968525117,211.968544644,211.968567432,332.166584985,92.2062898202,0.0186336587781,64.0111766274,223.744531887,77.26694744,211.968928518,211.96851011,211.967200441,0.0159641423133,114.618203098
2011-03-19 02:00:00,211.968525446,85.4731549274,261.689916335,215.037996872,74.6871238455,0.00519712775029,171.694579385,282.624668977,211.968503936,233.672023962,211.968644076,0.0145507434741,85.4838097428,226.165963484,183.714984077,211.968571586,211.968519698,211.968542456,211.96856715,332.16656189,92.2062947054,0.0186793374046,64.0111765191,223.744525968,77.266947392,211.968816386,211.968508863,211.967390025,0.0187905392155,114.61820113
2011-03-19 03:00:00,211.968510434,85.4731566186,261.689918387,215.037996422,74.6871243619,0.00519535745793,171.694538187,282.624668908,211.968503282,233.672024269,211.968641552,0.0145499903415,85.4838083827,226.165949756,183.714987795,211.968568384,211.96851962,211.968541162,211.968567212,332.166509075,92.2062995884,0.0156021859366,64.0111763751,223.744529987,77.2669473358,211.968644479,211.968506762,211.967434603,0.0330603875553,114.618168221
2011-03-19 04:00:00,211.968493476,85.4731580547,261.689920259,215.038002922,74.6871252844,0.00519357944279,171.695002721,282.624668769,211.968488857,233.672028166,211.968637652,0.0145490289845,85.483807384,226.165932762,183.714989842,211.96856451,211.968523858,211.968543107,211.968567023,332.16637639,92.2063389456,0.0152827915231,64.0111761655,223.744531189,77.2669472122,211.968616682,211.968501574,211.967450029,0.0333080814512,114.618135773
2011-03-19 05:00:00,211.968460388,85.473160103,261.689922155,215.038011497,74.6871280381,0.0051917921144,211.968451511,282.624668907,211.968470057,233.67202091,211.968630485,0.0145475746928,85.4838056748,226.165884617,183.714990356,211.968562083,211.968529083,211.968547219,211.96856726,332.166235156,92.2063451136,0.0152310172725,64.0111757233,223.744556155,77.266946978,211.968568311,211.968492952,211.967467389,0.0335543937504,114.618111176
2011-03-19 06:00:00,211.968294538,85.4731736388,261.689924039,215.037920565,92.2063187888,0.00519013350472,211.968495785,282.624669214,171.694526453,211.968656773,171.694599796,0.0145443738926,85.4838042223,211.9688995,183.714803753,211.968538119,211.968518377,211.968537862,211.968567223,332.165554202,211.96848526,0.0151855696052,64.0111705095,223.744337181,77.2669464509,211.968530795,211.968429451,211.967127533,0.0332677866318,114.618008002
2011-03-19 07:00:00,110.386370721,85.4731689984,261.689751503,215.037373048,74.6871241264,0.0051885073096,92.2065551421,282.624669183,171.694522181,211.968476968,171.694568263,0.0145395755554,85.483799897,0.0154321414045,148.809341692,171.694533669,211.968169307,211.968514051,211.968554092,332.166417195,92.2071050998,0.015177311637,0.0121657227671,211.968441733,77.2669348864,158.976999746,171.694479086,211.96598827,0.033305765959,114.617978323
2011-03-19 08:00:00,89.4129155396,85.4731678559,113.835889143,174.180862399,74.6871224388,0.00518680677685,92.2065130168,282.624667833,171.694521027,189.274372468,171.694529389,0.0100191334974,85.4837982018,0.015379063127,148.809165811,171.694526837,171.694534453,211.968485378,158.976450429,211.968542565,158.975802845,0.0151812743084,0.0121636226948,181.233166449,0.0100061697909,158.97669619,171.694424528,211.962080147,0.0331818277645,114.617870345
2011-03-19 09:00:00,89.41289726,85.4731671293,113.835124209,174.180835302,74.6871215754,0.00518492534908,92.2064931248,282.624601941,171.694518767,189.274361534,158.976581515,0.0100079592842,85.4837964098,0.0153670195255,148.809154964,171.694523652,171.694530056,211.968195554,92.2063293111,144.492487582,211.968443917,0.0151670583085,0.0121617062227,181.233142899,0.0100039535697,158.97669932,171.694410979,211.966941154,0.0287066966449,114.612089233
2011-03-19 10:00:00,89.4128868523,85.4731683328,113.835120127,174.180829644,74.6871213636,0.00518286551861,92.2063691635,211.968558126,171.694517188,189.274360847,158.976724991,0.0100023489443,85.4837947162,0.0153634685276,148.809152186,171.694521469,171.694527551,171.694691823,92.2063253042,0.0154967448503,211.968482491,0.0151610755234,0.0112975023057,181.233138456,0.0100008374192,158.976749953,171.694404132,211.967290902,0.0324043177987,85.9642942254
2011-03-19 11:00:00,89.4128598871,85.4731775374,113.835114354,174.180829371,74.6871217712,0.00518093990322,92.2063452864,211.968550646,171.694516429,189.274362255,171.69454483,0.0100016417293,85.4837924255,0.015368879009,148.809150917,171.694516338,171.694526543,171.694619699,0.0199992455041,0.0150057656292,211.968486758,0.0151561287153,0.0100098530498,181.233149686,0.0100003655266,158.977809317,171.694400804,211.967424628,0.0326779106271,114.614276537
2011-03-19 12:00:00,89.4128780629,196.490013083,113.83511511,174.180838172,74.6871227638,0.0051789570029,92.2063612684,211.968547382,171.694515305,189.274462768,171.694557012,0.0100013789784,85.4837915267,0.0153921618802,148.809150894,171.694518938,171.694541079,211.96819175,0.0199980279468,0.0150044942777,211.968532363,0.0151486993234,0.0113144859819,181.233200926,0.0100002896931,211.966143478,171.694400199,211.967501247,0.0311428945918,85.9638967837
2011-03-19 13:00:00,89.4128913421,196.49003249,113.835118945,174.180838652,74.6871225222,0.00517695101226,92.2063630623,122.941785592,171.694514894,211.968557314,171.69456334,0.0100013959026,85.4837921692,0.0154121466091,148.809154106,171.694517447,211.967640303,211.968508254,0.0200005705591,0.0150012693757,211.968527529,0.015155255872,0.0121618326618,181.233219566,0.0100003180222,158.976645035,171.694400423,211.967536446,0.0330951692607,85.9637842479
2011-03-19 14:00:00,89.4129024616,196.490043431,113.835121786,215.037193952,74.6871233476,0.00517504016038,92.2064254884,122.941744363,171.694518741,233.671978943,171.694584841,0.0100017770206,85.4837911101,0.0154658955636,183.714721638,171.694523463,211.968501079,211.968542053,92.2063281183,0.0150104823004,211.968537001,0.0151630866183,0.0121634622155,181.233294364,0.0100006901721,158.976619363,171.694415421,211.967572461,0.0335577532299,85.9638786031
2011-03-19 15:00:00,110.386254562,211.96850731,113.835895585,215.037998259,74.6871251341,0.00517324521533,92.2065141371,211.968532782,211.96851056,233.672034461,211.968587499,0.0100035840517,85.4837911349,0.018901940776,183.714995479,171.694529251,211.968527508,211.968553361,158.976451575,144.489725066,211.968543771,0.0154997626687,0.0121679413459,211.968557812,0.0100037080372,158.976695434,211.968350632,211.967653358,0.0337286928094,114.617817785
2011-03-19 16:00:00,110.386297051,211.968545755,261.689910248,215.038045675,171.694476891,0.00517160091662,211.968546364,211.968567314,211.968531203,233.672040468,211.9686311,0.0100107333542,85.4837910579,0.0189528427083,183.714998436,211.968539782,211.968530287,211.968560945,211.968564059,144.492463198,211.968547169,0.0348396532755,0.0150170967428,223.744522562,0.0100059650197,211.967899768,211.968385687,211.967753193,0.0338770058119,114.61800522
2011-03-19 17:00:00,110.38630044,211.968551486,261.689926348,215.038056287,171.694535566,0.00516997150871,211.968645537,282.624665739,211.968538392,233.672041731,211.968638691,0.0100346162838,85.4837904932,0.0189542452197,183.714998747,211.968545393,211.968529961,211.968565996,211.968569906,144.492486093,211.968549819,0.0348470976385,0.0150177013558,223.744558555,77.2654745569,211.968601349,211.968388242,211.967753182,0.0338546082123,114.618043721
2011-03-19 18:00:00,110.386297998,211.968553551,261.689930346,215.03805692,171.694537562,0.00516843100256,211.968651113,282.624670733,211.968541606,233.67204191,211.968640291,0.0123831145605,85.4837891288,0.0189507540109,183.714997627,211.968547436,211.968527154,211.968566258,211.96857087,192.654136537,211.968553209,0.0348440728861,0.0150178573791,223.744558057,77.265480513,211.968667731,211.968388151,211.967634888,0.0336834872993,114.618032988
2011-03-19 19:00:00,110.386293542,211.968553359,261.689930753,215.038053223,171.694537655,0.00516648104785,211.968652187,282.624668946,211.968542168,233.672040463,211.968639031,0.012386809337,85.4837870024,0.018942226637,183.714996064,211.968547599,211.968524674,211.968564432,211.96857042,144.492496272,211.968554282,0.0348444439095,0.0150178187827,223.744549264,77.2654809417,211.96870464,211.968386734,211.96754232,0.0334354954452,114.618036158
2011-03-19 20:00:00,110.386288532,211.968555357,261.689929499,215.038050016,171.694537723,0.00516442736321,211.96865239,282.624664275,211.968542328,233.672039074,211.968636728,0.0123875666268,85.4837851441,0.0189349178038,183.714993318,211.968547664,211.968521102,211.968562715,211.968570231,144.492475274,211.968553302,0.0348438106424,0.0150177340323,223.74453572,77.2654811127,211.968710859,211.968383859,211.967517617,0.031825000494,114.618047067
2011-03-19 21:00:00,110.386286783,211.968553832,261.689927932,215.03804196,171.694538179,0.00516244291216,211.968653243,211.968670697,211.968542686,233.672038314,211.968634881,0.0123878172223,85.4837829797,0.0189201283274,183.714989636,211.968548032,211.968515009,211.96856054,211.968570199,144.492470044,211.968552362,0.0348417975892,0.0150176323525,223.744517785,77.2654811683,211.968765322,211.968380818,211.967492069,0.0163375385995,114.618053143
2011-03-19 22:00:00,110.386279432,211.968551286,261.689926104,215.038033148,171.694538226,0.00516052051748,211.968653461,211.968559418,211.968542136,233.67203528,211.968631515,0.0123877824597,85.4837804385,0.0188815037421,183.714985375,211.968548259,211.968506125,211.968558426,211.968569596,144.492451823,211.968551103,0.0348388739124,0.0150174939383,223.744491504,77.2654811566,211.96876327,211.968377665,211.967464403,0.0155042503654,114.618052366
2011-03-19 23:00:00,110.386274308,211.968548,261.689924496,215.038019825,171.694538028,0.00515855771322,211.968652804,211.968556693,211.968540587,233.672030541,211.968627556,0.0123873787631,85.4837779824,0.0187377246458,183.714981424,211.968548188,211.968485898,211.968556906,211.968568932,144.492459789,211.968550021,0.0348357875044,0.0150173179419,223.744475676,77.265481116,211.968748161,211.968374022,211.967427786,0.0153282663217,114.61804439
2011-03-20 00:00:00,110.386270111,211.968539798,261.689922818,215.038008162,171.69453819,0.00515664255475,211.968652216,211.9685552,211.968536933,233.672024104,211.968626577,0.0123866938941,85.4837745399,0.0184057165565,183.714981814,211.968548182,211.96848887,211.968554194,211.968567638,144.492237828,211.968549709,0.0348059301754,0.0150170869436,223.744444711,77.2654810456,211.968734377,211.968365166,211.967458738,0.015324390253,114.618029169
2011-03-20 01:00:00,110.386266188,211.968533504,261.689921519,215.0379995,171.694538044,0.00515475209057,211.968650947,211.968551351,211.968536676,233.672018279,211.968621699,0.0123859104714,85.4837703313,0.016513264869,183.71497365,211.968547966,211.968475643,211.968550215,211.968566947,144.491743943,211.96854935,0.0348207832644,0.0150168324955,223.744420683,77.2654809789,211.968720461,211.968363012,211.96742688,0.0152733910156,114.618014717
2011-03-20 02:00:00,110.386259423,211.968523704,261.689919777,215.037995605,171.69453784,0.00515292356228,211.968650022,211.96812403,211.968536421,233.672014759,211.968615893,0.0123852167496,85.4837653288,0.0168135865664,183.714959382,211.968547547,211.968489804,211.968547396,211.968566739,144.492385262,211.968548409,0.0348325311782,0.0150165161673,223.744408071,77.2654808865,211.968683733,211.968360718,211.967406018,0.0152615219773,114.618012348
2011-03-20 03:00:00,110.386251831,211.968523736,261.689917054,215.037992323,171.694537707,0.00515107288802,211.968649661,122.94176452,211.968536076,233.672014383,211.968608789,0.0123843621486,85.4837584793,0.0173795713705,183.714940063,211.968546961,211.968500753,211.968545765,211.968566561,144.492464732,211.968547077,0.0348389541183,0.0150161262843,223.744395343,77.2654807846,211.968675357,211.968356592,211.967389536,0.0152756917521,114.618017982
2011-03-20 04:00:00,110.386243386,211.968473773,261.689912218,215.037997478,171.694537686,0.00514930070391,211.96864882,122.941736324,211.96853479,233.672011113,211.968597281,0.0123836105002,85.4837490747,0.0174363999387,183.714867955,211.968545698,211.96850417,211.968545908,211.968565375,144.492483407,211.968545759,0.0348421874317,0.0150155773284,223.744367291,77.2654806291,211.968629,211.96834821,211.967342352,0.0151824891836,114.618014466
2011-03-20 05:00:00,110.386228389,196.49048224,261.689905002,215.038002549,171.694537563,0.00514752992277,211.968647569,122.941735056,211.968533861,233.671892125,211.968575431,0.0123824060419,85.4837307954,0.0164545238926,0.0204927163639,211.968542947,211.968499551,211.968548304,211.968561849,144.492517861,211.968544619,0.0348433008511,0.0150142250279,223.744280052,77.2654803253,211.968614505,211.968323427,211.967255967,0.0151660821675,114.61801937
2011-03-20 06:00:00,0.0148951806189,196.490036091,261.689900997,215.037884992,171.694537443,0.00514572874582,211.968643947,122.941747991,211.96852828,211.968538695,211.967758973,0.0123798874683,85.4836805936,0.0149458210794,0.0199752215136,211.968395909,171.694516831,211.968538339,211.968553091,211.968526984,211.96854116,0.0348433678141,0.0149956135002,0.0104196147755,77.2654796736,211.968601977,0.0111607614156,92.2073956661,0.0150729212204,114.617957096
2011-03-20 07:00:00,0.0100582510544,196.490030073,113.835147363,174.180934256,171.694525939,0.00514411129087,211.968529463,122.94173271,211.968523954,189.27435455,171.692959032,0.0123765878204,85.473964309,0.0125109858909,0.0165513538831,171.69434101,171.694490658,211.968530524,92.2063283413,211.968583205,211.968537487,0.0348434457186,0.011233629397,0.0100825256351,77.26541982,211.919673042,0.0110191242305,92.2071511975,0.0150415499655,114.617646901
2011-03-20 08:00:00,0.0100095515299,196.490013848,113.8351198,174.180852852,74.6871797594,0.00514231737307,158.977034042,122.941731618,211.968492886,189.274347833,171.692941456,0.0100134294084,64.1054786761,0.0124332427061,0.016536514483,171.69432269,171.694485403,211.968495577,92.2063066465,332.160917062,211.968512295,0.0348422919816,0.0112319701104,0.010043263788,0.0100042303166,158.976541326,0.010973973806,92.2061036675,0.0150080577527,85.9636534414
2011-03-20 09:00:00,0.0100032216254,92.2067538831,113.835113854,174.180836252,74.6871618182,0.00514051629571,158.97690335,122.941731823,171.694521628,189.274345737,171.692932951,0.0100055943502,0.0100621278958,0.0124163185789,0.016531273849,92.2062699825,171.694482638,211.968236757,0.0200001034743,332.166207999,211.968401301,0.0348343916844,0.0112246212151,0.0100136756206,0.0100023012113,158.976463109,0.0100181152398,92.2058776108,0.0149721668066,85.9634467893
2011-03-20 10:00:00,0.0100022564251,85.4731823535,113.835059305,174.180830748,74.6871245832,0.00513862645311,92.2063679543,122.941731917,171.694518172,189.274345549,171.69292769,0.0100017372459,0.0100088343121,0.0124051569628,0.0165295537226,0.0150528290322,171.694482401,211.967536723,0.0199304887148,332.160982228,92.2060190135,0.0346896834155,0.0100012430477,0.0100087178986,0.010000546983,158.976382081,0.0100098098592,92.205855378,0.0149544016491,85.9631350682
2011-03-20 11:00:00,0.0100019982764,85.4731725708,0.0200040944225,174.180830499,74.6871234283,0.00513671919214,92.2063622387,122.941731922,171.694516885,189.27434712,171.692922457,0.0100012309516,0.0100097388596,0.01239099615,0.0165293125529,0.0150848952888,171.694484089,211.968371523,0.0100028715082,332.160742582,52.2162849813,0.0151819575321,0.010001086177,0.0100072217795,0.0100002585199,158.976249856,0.0100100032541,92.2058488785,0.0149279076196,49.8589492034
2011-03-20 12:00:00,0.0100024547993,85.4731720251,0.0200214149368,174.180836597,74.6871229434,0.00513482835825,92.2063621848,122.9417329,171.694516724,189.274354499,171.692931092,0.0100009840092,0.0100111080259,0.0123961261629,0.0165315970217,92.2065329814,171.694486332,211.968497645,0.0100044586468,249.120730115,52.2162775425,0.0151679761953,0.0100031474551,0.010007405496,0.0100001994782,158.976338799,0.0100242956141,92.2069862393,0.0149576627264,49.8589748057
2011-03-20 13:00:00,0.0100040268422,85.4731868641,0.020082603102,174.180854557,74.687123614,0.00513297629123,92.2063707383,122.941731588,171.694517505,189.2743826,171.69293785,0.0100009664701,0.0100615681919,0.0124048518919,0.0165790319734,171.694332835,171.694487721,211.968529567,0.0199954181266,211.968691635,52.216255202,0.0151595815528,0.0112287458616,0.0100142922082,0.0100002193691,158.976422156,0.011003548723,92.2069001517,0.0149691785668,85.9631751662
2011-03-20 14:00:00,0.0100355475954,196.467919549,113.835107038,215.036650914,74.6871248896,0.00513120203182,158.977011712,122.941732057,171.694525557,211.971072222,171.69296102,0.0100013721896,64.1054529861,0.0124172930346,0.0200587412074,171.694341631,171.69449129,211.968547306,92.2062448499,211.969084747,52.216250557,0.0151584506123,0.011232063207,0.010056834115,0.0100004533304,158.976489456,0.0110238378254,92.207466897,0.0150282150633,85.9638494841
2011-03-20 15:00:00,0.0101022039684,196.490017297,113.835118968,215.037991315,74.6871657534,0.00512938861104,158.977035863,122.941744121,211.968524097,233.672016532,211.966578473,0.0100025684771,85.4737578184,0.0125249604875,0.0203960526332,211.967253704,211.968472275,211.968554496,92.2063269659,249.123998593,52.2162492812,0.015165093222,0.0112340294463,0.0101077886473,0.0100020993525,158.97685364,0.011739352614,211.967114917,0.0154115555326,114.617961831
2011-03-20 16:00:00,110.386112961,196.489983635,113.835496706,215.038040698,171.694491526,0.0051275841984,211.968555265,211.968558318,211.968534355,233.672024955,211.966589196,0.0100085433779,85.4739498678,0.0153098460006,0.0203990207369,211.968548503,211.968500973,211.968560785,211.968513826,332.166483241,52.21624688,0.0153532923167,0.0149969965294,0.0136962894654,0.0100041666893,211.968425044,0.0150997692047,211.967424048,0.0188786251009,114.618051858
2011-03-20 17:00:00,110.386157268,196.489577095,261.689556861,215.0380518,171.694537724,0.00512591620039,211.96865086,282.624624699,211.968538799,233.672025917,211.96659164,0.0100276266047,85.4739574403,0.0153250113885,0.0203986071115,211.968553969,211.968502422,211.968565211,211.968559547,332.166601234,52.2162434437,0.0183434364464,0.0150013996547,0.0137470060349,77.2665966006,211.968604425,0.0151116491386,211.967474195,0.0219726035373,114.618084934
2011-03-20 18:00:00,110.386160246,85.4731713684,261.68991792,215.038051903,171.694539323,0.005124260754,211.968655469,282.624667265,211.968537634,233.672026421,211.966589691,0.0123850357122,85.473957479,0.0153284765475,0.0203960481674,211.968555359,211.968502805,211.968566874,211.968567585,332.166619047,52.2162453174,0.0181818871739,0.0150019821556,0.0137568944688,77.2666053942,211.968635973,0.0151154448742,211.96750907,0.0334940143832,114.618062039
2011-03-20 19:00:00,110.386160212,85.4731660824,261.689670831,215.038050698,171.694539353,0.00512233346341,211.968656504,282.624664933,211.968538057,233.672024989,211.966589372,0.0123895521174,85.4739562765,0.0153278617462,0.0203915373514,211.968555979,211.968502118,211.968565999,211.968562417,332.166629183,52.2162403965,0.0151908368501,0.0150021628639,0.0137593385785,77.2666058545,211.968635507,0.0151168395112,211.967499575,0.0189132016931,114.618034794
2011-03-20 20:00:00,110.386159745,85.4731636932,261.689552256,215.038046852,171.694539187,0.00512038295003,211.968656341,282.624667675,211.968537554,233.672023018,211.966585707,0.0123907280398,85.4739552669,0.0153270036643,0.0203833501326,211.968556157,211.968500963,211.968564524,211.968559458,332.166624231,52.2162325003,0.0151692596782,0.0150022305036,0.0137596856999,77.2666059842,211.968638091,0.0151172303453,211.967486215,0.0184226548734,114.617994045
2011-03-20 21:00:00,110.38616076,85.4731570486,261.689543998,215.038038625,171.694539619,0.00511836451179,211.968657028,211.968640106,211.968535652,233.672021256,211.966579171,0.0123911241386,85.4739541957,0.0153238916223,0.0203664107932,211.968556326,211.968499966,211.968562215,211.968558583,332.16661706,52.2162106359,0.0151609302662,0.0150022364852,0.0137593026439,77.2666060098,211.968635359,0.0151174846954,211.967469703,0.0161296613708,114.61796344
2011-03-20 22:00:00,110.386158515,85.4730919143,261.689456986,215.038025614,171.694539689,0.0051163331699,211.968657129,211.968558852,211.968532886,233.672016611,211.966562815,0.0123911079014,85.473952603,0.0153170052808,0.0203170286866,211.968556307,211.968498898,211.968559467,211.968555996,332.166604597,0.0150234889066,0.0151561247373,0.0150021717974,0.0137576778293,77.2666059668,211.968635241,0.0151172428825,211.967450484,0.0153890495155,114.617924131
2011-03-20 23:00:00,110.38615685,0.0150377826779,211.968571335,215.03801011,171.694539495,0.00511430485071,211.968656056,211.968556231,211.968530767,233.672009111,211.966499466,0.0123906691597,85.4739521575,0.0153055536376,0.0201587828522,211.968556318,211.96849744,211.968557508,211.968552872,332.166592916,0.0150049422408,0.0151477765308,0.0150021013914,0.0137560093234,77.2666059374,211.968621365,0.0151171027956,211.967426914,0.0153212363181,114.617877322
2011-03-21 00:00:00,110.386154955,0.0150145225101,261.689515676,215.037997308,171.694539407,0.00511237684625,211.968654556,211.968557529,211.968528896,233.671995896,211.966128938,0.0123900555174,85.4739511025,0.0152666880404,0.0200921140687,211.968556306,211.968496152,211.968554777,211.968553223,332.166206011,0.0150042868574,0.0151491009559,0.0150020254235,0.0137536117839,77.2666059289,211.968610398,0.015116372278,211.967372798,0.0151447067963,114.617758307
2011-03-21 01:00:00,110.386152755,0.0150092839647,211.968568618,215.037990363,171.694539319,0.00511050143744,211.968653722,211.968557764,211.968528057,233.671989012,171.692461619,0.0123893537759,85.4739500634,0.0152813254624,0.0200662358379,211.968556058,211.96849434,211.968551704,211.96854999,211.97009091,0.0150028348188,0.0151217476878,0.0150019818197,0.0137521880969,77.2666059256,211.96860491,0.0151153488626,211.967286072,0.0151346482825,114.617345622
2011-03-21 02:00:00,110.386150609,0.0150080966994,211.968550374,215.037985906,171.694539152,0.00510865092479,211.968653076,211.968557559,211.968526226,233.671980933,171.692251724,0.0123889079383,85.4739488362,0.0152951764126,0.0201083556544,211.96855569,211.968493167,211.96854929,211.968544231,211.968716389,0.0150020335321,0.0150718945842,0.0150019554404,0.0137499363243,77.2666059463,211.968611683,0.0151142966954,211.966967096,0.0151259650846,114.609789281
2011-03-21 03:00:00,110.386150531,0.015007268653,211.968661102,215.037990187,171.694539241,0.00510691676769,211.968653314,211.968557068,211.968524326,233.671983419,171.692241838,0.0123883288642,85.4739474484,0.0153015108466,0.0202033584187,211.968555234,211.968493275,211.968548454,211.968549181,211.968664518,0.0150012075806,0.0150241044912,0.0150019675717,0.0137478980522,77.2666060014,211.96861508,0.0151132004052,92.2064976066,0.0151590862792,49.8601078349
2011-03-21 04:00:00,110.386152018,0.0150066167494,261.689529544,215.038002791,171.694539655,0.00510517972418,211.968654331,211.968556379,211.968521493,233.671989559,211.965351638,0.0123877224061,85.4739464744,0.0153060014741,0.0202684738954,211.968554696,211.968492801,211.968550701,211.96855332,211.968649765,0.0150008501945,0.0150188156774,0.0150020193446,0.0137450126593,77.2666060866,211.968623136,0.0151109753301,92.205885353,0.015211174395,66.4667046567
2011-03-21 05:00:00,110.386150119,0.0150055040519,261.689542873,215.038016263,171.694540075,0.00510371642485,211.968655776,211.968556549,211.968518986,233.671809302,211.965526587,0.0123870921445,85.4739448826,0.015304912473,0.0200364054463,211.968553366,211.968489872,211.96855459,211.968555947,211.968649836,0.0150006968292,0.0150241696833,0.0150020856135,0.0137381066527,77.2666061064,211.968638327,0.0151052745832,92.2058459954,0.015161808398,49.8590173603
2011-03-21 06:00:00,110.386085046,0.015006861725,261.689570344,215.037980969,171.694539793,0.00510245722104,211.968655648,211.968563647,92.2063181558,211.968520148,0.020477499362,0.0123859298487,85.4739424142,0.0150605445512,0.017898745093,211.96850547,92.2065505774,211.968541443,211.968552211,211.968814558,0.0150036881203,0.0151399658834,0.015000197775,0.0134781632445,77.2666059443,211.968632239,0.0101650626603,92.2056569196,0.0150272640551,49.8588012091
2011-03-21 07:00:00,0.010260350808,0.0150082849459,211.968522838,215.037563129,171.694532974,0.00510070834671,211.968578349,211.968603166,69.1551656046,189.274330003,0.020219075453,0.0123843298235,85.4739197378,0.0124246736202,0.0162083354219,92.2064059614,0.0167261506818,211.967926518,92.2063288375,211.969206829,0.015003171819,0.0150633753548,0.0121533239656,0.0102821326691,77.2666039562,211.968350695,0.0100481999993,74.6886343951,0.0150066420553,0.0217045277782
2011-03-21 08:00:00,0.0101953506777,0.0150092072141,113.835166097,174.180882127,74.6871514697,0.00509875514715,171.694605743,211.968559904,69.1550192401,189.274324504,0.0200266528643,0.0100220227771,64.1054912121,0.0123964792513,0.0162008569117,92.2063971803,0.0167150139253,171.694547847,92.2063139733,211.968545964,0.0150029315602,0.0150263331598,0.0121515428173,0.0102373235134,0.015001433363,158.976609718,0.0100145996329,74.688378048,0.0149914620347,0.0200888630291
2011-03-21 09:00:00,0.010006596138,0.0150067004782,113.835119451,174.180819093,74.687126796,0.00509677251077,171.694588037,211.968557772,0.0199982855976,189.274320794,0.020009527108,0.0100116998874,64.1054296131,0.0123785056469,0.0161912035061,0.0101991856729,0.0100142978546,171.69454224,0.0200001901711,211.968447465,0.0150025230019,0.0150178082518,0.0121504489672,0.0100330215503,0.0149981753123,158.976500139,0.0100048073353,74.6880839914,0.0149800979572,0.0199714518563
2011-03-21 10:00:00,0.0100039326857,0.0150085140021,113.83511353,174.180809945,74.6871235764,0.00509482453438,92.2064150418,211.968553661,0.0150895278106,189.27431964,0.0200047153551,0.0100033061901,0.0101692070262,0.0123272478158,0.0161049603757,0.0100061665713,0.0100036309911,171.694541622,0.019998777002,144.492497709,0.0150020665509,0.0150135763257,0.0113597412252,0.0100136313023,0.0149884467658,158.976464478,0.0100035294082,74.6883155567,0.0149713786046,0.0197824118925
2011-03-21 11:00:00,0.0100034363114,0.0150159609268,113.835106473,174.180806285,74.6871050647,0.00509191280748,92.2063646975,211.96854559,0.0150002029223,189.274320716,0.0200036797782,0.0100018072352,0.0100192772585,0.0122708964123,0.0161754181802,0.0100052429874,0.0100029206445,171.694541495,0.0199979802271,144.49249426,0.0150020227768,0.0150122693727,0.0113283772044,0.010010952017,0.0100015152035,158.976407526,0.0100033708582,92.2056776842,0.0149769748687,0.0196241442187
2011-03-21 12:00:00,0.0100038769331,0.0150817045519,113.835118081,174.180810766,74.6871223351,0.00509111894542,92.2063627599,211.968555709,0.0150057458735,189.274322377,0.0200038112002,0.0100013378333,0.010046803954,0.012371602191,0.016195111772,0.0100083704026,0.0100053705258,171.69454158,0.0199992324047,211.968371782,0.0150027859459,0.0150076621512,0.0121474472849,0.010014272948,0.0100008888725,158.976449569,0.0100047500028,92.2058267922,0.0149837162408,0.019928066159
2011-03-21 13:00:00,0.010007660614,0.0150138990256,113.835116432,174.180820615,74.6871227708,0.00508926890062,92.2063785261,211.968555728,0.0199973036216,189.274326346,0.0200058611862,0.0100014771138,64.1054115322,0.0123923469517,0.0162007455725,92.2063663029,0.0166649935596,171.694542945,0.0200020622401,211.967887509,0.0150020419231,0.0150101609892,0.0121510814124,0.01006436458,0.010002307761,158.976482799,0.0100143587705,92.2058875008,0.0149877568132,0.0199906705803
2011-03-21 14:00:00,0.010210919567,0.0150046555205,113.835119934,174.180911422,74.6871246671,0.00508732247512,171.694583287,211.968557075,69.1550202136,211.968537432,0.0200563513111,0.0100021820792,64.1054660147,0.0124061164636,0.0162084901806,92.2064017971,0.0167242502271,171.694870789,92.206320972,211.96815823,0.01500190422,0.015016584676,0.0121523326887,0.0102573699446,0.0149933305571,158.976531027,0.0100489895266,92.205966741,0.0150037076085,0.0200338843147
2011-03-21 15:00:00,0.0103139599789,0.0150023239019,113.83519651,215.037943536,74.6871429226,0.00508547040295,171.694604721,211.968559189,92.2062690888,233.671974382,0.0203827697173,0.010007040228,85.4738972526,0.0147108879226,0.0199973682439,92.2064605127,92.2063088892,211.968548734,92.2063297234,211.968381992,0.0150019689731,0.0150136894725,0.012184653454,0.0103692898177,0.0149980145684,158.976928624,0.0102222731212,92.2075101072,0.0150300077766,0.0245303475624
2011-03-21 16:00:00,110.386119777,0.0150014179605,261.689916193,215.038015495,171.694505081,0.00508366461695,211.968591839,282.624667002,92.2063065247,233.67199797,0.0246389845332,0.0100170857383,85.4739260279,0.0153222874211,0.0200037434393,211.968559378,211.968523645,211.968556884,211.968552518,211.968556688,0.015001899565,0.015025312821,147.151842765,211.968371784,0.0149999648251,211.968435998,171.694635434,92.2077893183,0.0150758446158,0.0255343739303
2011-03-21 17:00:00,110.38614059,0.0150011199691,261.689929395,215.038023847,171.69453816,0.00508190464158,211.968656209,282.624671422,92.20630888,233.671998968,0.0246503216793,0.0101562353227,85.473930969,0.0153329843061,0.0200046223091,211.968565361,211.96852896,211.968559216,211.968565904,332.166558955,0.0150022821638,0.0150300215854,147.151844861,211.968411701,77.2667369971,211.968641238,171.694647781,92.2078642239,0.0150989940382,0.0254797843464
2011-03-21 18:00:00,110.386140984,0.0150005369921,261.689931559,215.038023432,171.694539275,0.00508024099016,211.968659418,282.624672129,92.206309549,233.67199967,0.0246450903298,0.0139366276869,85.473931235,0.0153365751558,0.0200046371179,211.968566893,211.968530572,211.968559172,211.968565233,332.166631103,0.0150060391165,0.0150201033101,147.15184525,211.968419133,77.2667398826,211.968694941,171.694651394,92.2076042463,0.0150223072355,0.0239520513943
2011-03-21 19:00:00,110.386138801,0.0149999791699,261.689930693,215.038020543,171.694538934,0.00507829390099,211.968660286,282.62467201,92.2063092887,233.67199859,0.0246091637795,0.0139411805139,85.4739302717,0.0153371535112,0.0200041769246,211.9685674,211.96853114,211.96855833,211.96856258,332.166636398,0.0150045376083,0.0150293200615,147.151845313,211.968421372,77.2667402129,211.968695085,171.694652623,92.2062675675,0.0150345514729,0.0202997697554
2011-03-21 20:00:00,110.386136765,0.0149999240095,261.689929178,215.038016041,171.69453838,0.00507635858633,211.968659815,282.624671603,92.206308172,233.671997282,0.0203911322781,0.0139420794979,85.4739293558,0.0153374095214,0.020003343303,211.968567422,211.968531267,211.968557709,211.968560803,332.16662798,0.0150029523634,0.0150411675659,147.15184531,211.968420913,77.2667403231,211.968702416,171.694652778,92.2058825477,0.0150119655907,0.0200782807189
2011-03-21 21:00:00,110.386135703,0.0149998639284,261.689927987,215.038009688,171.694539071,0.00507431047754,211.968660432,282.624670663,92.2063067393,233.671996293,0.020357267753,0.0139422726552,85.4739284943,0.0153357580355,0.0200024380785,211.968567177,211.968531188,211.96855627,211.96855938,332.166621377,0.0150021943713,0.0150180155834,147.15184524,211.968419738,77.2667403503,211.968700844,171.694652701,92.2058092719,0.0149861662178,0.020028629344
2011-03-21 22:00:00,110.386132501,0.0149997601276,261.689926985,215.037997825,171.694539253,0.00507215718467,211.968660198,282.624666462,92.206305093,233.671993366,0.0202674848131,0.0139422109281,85.4739271623,0.0153324000041,0.0200018257186,211.968566947,211.968530866,211.968554419,211.968556906,332.166612359,0.0150014539057,0.015010958523,147.151845156,211.968417574,77.266740315,211.968688389,171.694652221,92.2047369709,0.0149707378789,0.0200115193762
2011-03-21 23:00:00,110.386129541,0.0149997364556,261.689926037,215.037983924,171.69453919,0.00507019669881,211.968658594,211.968585932,92.2063027382,233.671989,0.0200454772187,0.0139414770503,85.4739266784,0.0153286289129,0.0200012889273,211.968566781,211.968530253,211.968551916,211.968555639,332.166611484,0.0150010183747,0.0150081076097,147.151845052,211.968416157,77.2667402951,211.9686724,171.694651658,74.6873749653,0.014963844434,0.0200044202276
2011-03-22 00:00:00,110.386126789,0.0149998360029,261.689925219,215.037962457,171.694539479,0.00506822159598,211.968657342,211.968562288,92.206298958,233.671983265,0.0200282712387,0.0139409914527,85.4739261938,0.0153258752851,0.020000918393,211.96856665,211.968529544,211.968548823,211.968549761,332.166584471,0.0150013117232,0.0150041250754,147.151844991,211.968413449,77.2667402249,211.968645736,171.694650812,92.205631932,0.0149605421885,0.0199982999409
2011-03-22 01:00:00,110.386124577,0.0149999173692,261.689924843,215.037950298,171.694539473,0.00506633059974,211.968655797,211.968560708,92.2062991232,233.671978861,0.0200201692257,0.0139404171392,85.4739254806,0.015322626409,0.0200003646588,211.968566365,211.96852882,211.968544908,211.968552545,332.166529848,0.0150012482167,0.0150033744139,147.151844893,211.968411346,77.266740217,211.968638258,171.694649766,74.6869749218,0.0149594193714,0.0199917532257
2011-03-22 02:00:00,110.38612205,0.014999786404,261.689924549,215.037941045,171.694539281,0.00506450141457,211.968654958,211.968560724,92.2062984349,233.671973702,0.0200184999831,0.0139399279484,85.4739245484,0.015319165281,0.0199997888646,211.9685659,211.968528125,211.968542661,211.968555204,332.16634388,0.0150010658628,0.0150040318408,147.151844774,211.968408992,77.2667401919,211.968610342,171.694648462,74.6858513389,0.0149584849703,0.0199818696009
2011-03-22 03:00:00,110.386121441,0.0150001740151,261.689924345,215.037929519,171.694539125,0.0050627421694,211.968655358,211.968561701,92.2062965852,233.671966411,0.0200204579655,0.0139392710077,85.4739234111,0.0153165288538,0.0199991328628,211.968565423,211.968527465,211.968539602,211.968555816,332.166352871,0.0150010127974,0.0150043580142,147.151844636,211.968406348,77.2667401995,211.968604031,171.694647006,74.6866752108,0.0149681922323,0.0199825141835
2011-03-22 04:00:00,110.386122299,0.015000541978,261.68992484,215.03792076,171.694539249,0.00506100802676,211.968656303,211.968565803,92.2062931309,233.671949953,0.0200536192084,0.0139385105365,85.4739226551,0.0153134025694,0.0199977898059,211.968564827,211.968526474,211.968538153,211.968556954,332.166444918,0.0150010715671,0.0150049715673,147.151844468,211.968402604,77.2667402387,211.968607238,171.694644385,74.6868762057,0.0149800034658,0.0199980904479
2011-03-22 05:00:00,110.386120829,0.0150008679603,261.689926533,215.037881844,171.694539378,0.00505952816294,211.968657099,211.968593493,92.206288634,211.968553008,0.0202313354009,0.0139376119167,85.473921641,0.0153063506928,0.019989721317,211.968563366,211.96852396,211.9685323,211.968558134,332.166507416,0.0150013373798,0.0150057680818,147.151844115,211.968395041,77.2667402235,211.968610588,171.69463804,92.2056083634,0.0149918672731,0.0200187239383
2011-03-22 06:00:00,110.386078253,0.0150018848734,261.689928104,0.0116031032967,171.694538739,0.00505819404921,211.968656075,282.624664732,0.0200063531737,0.0100470356263,0.0200012401298,0.0139354915429,85.4739199023,0.0105934391126,0.01008067259,211.968525795,0.0101656830279,0.0108799289183,211.968552232,332.166566097,0.0150033120535,0.0150077637813,147.151833239,211.967760714,77.266740059,211.968628914,0.010290882395,92.2058375941,0.0149948778034,0.0200329256064
2011-03-22 07:00:00,0.0110187057985,0.0150000822261,261.689922964,0.0101850868681,171.694408998,0.00505648475566,211.968583208,282.624669339,0.0199981817968,0.0100285656566,0.0199940272558,0.0139322259048,85.4739025275,0.0101244315602,0.010062866751,130.40041877,0.0100653321205,0.0103063604266,92.2063297789,332.166601099,0.0150053094146,0.0150049224612,0.0150031122152,0.0106253043498,77.2667377918,211.968298115,0.0100799633826,92.2058667747,0.0150020322842,0.0200602055399
2011-03-22 08:00:00,0.0109572364012,0.014999531284,261.689905591,0.0101267976654,74.6871225727,0.00505453337376,171.694587014,282.624668736,0.0199932254045,0.0100048440772,0.0167837903619,0.010061556388,64.1055154883,0.01007288692,0.0100239415797,130.400409619,0.0100350109143,0.0102921501798,92.2063208056,332.166411382,0.015004583058,0.0150045191026,0.0150012784541,0.0105895294398,0.0150151971833,158.976618564,0.0100278833224,92.2058538262,0.0149991102489,0.0200605348121
2011-03-22 09:00:00,0.0100091799801,0.0150001424901,211.968836762,0.0100233283167,74.6870922724,0.00505262546731,171.694562495,282.624668508,0.0199528113556,0.0100022696222,0.0164691255597,0.0100352180244,64.1054253716,0.010010330301,0.0100028731591,0.0156621921808,0.0100041997729,0.0100160023513,0.0200027035105,332.165258039,0.0150033047703,0.0150041399058,0.0149721848177,0.010055342293,0.0150117182473,158.976475128,0.0100054835624,92.2057975808,0.0149894498295,0.0200262571208
2011-03-22 10:00:00,0.0100041212255,0.0150008513725,211.968729345,0.0100105540838,0.0150013267252,0.00505063677434,92.2063696697,282.624665654,0.0150057521239,0.010001841765,0.0164563670608,0.0100176299666,64.1053117013,0.0100056369774,0.0100018814623,0.0100069496974,0.0100026867318,0.0100050576416,0.0199992611177,249.124757581,0.0150030343611,0.0150038554654,0.0100014163695,0.0100203268694,0.0150022352859,158.976438118,0.0100042034238,92.2056127242,0.0149863084723,0.0200100568519
2011-03-22 11:00:00,0.010003493646,0.0150025087109,211.968465557,0.0100070320746,0.0150000199319,0.00504877248691,92.2063368298,282.624667472,0.015004470336,0.0100021406605,0.0164533658563,0.0100036687944,0.0100249501431,0.0100052731089,0.0100025846016,0.0100062256492,0.0100030288437,0.0100044508091,0.019996449567,211.968686152,0.0150027757664,0.0150036639324,0.0100010424896,0.0100147810885,0.0149925651154,158.976390564,0.0100043812218,92.200701805,0.0149867675866,0.0200088327647
2011-03-22 12:00:00,0.0100043352467,0.0150069641601,113.835139152,0.0100083958976,0.0149999352997,0.00504691696621,92.2063585999,282.624670475,0.0167874380871,0.0100042274622,0.0164551051831,0.0100019318267,0.0100426986147,0.0100085786472,0.0100075461517,0.0100117335853,0.010005169558,0.0100063804483,0.0199976143872,211.968579196,0.0150031508098,0.0150060125311,0.0100029592874,0.0100266794344,0.0149778642701,158.97639816,0.010006196942,74.6861273087,0.0149846953338,0.0200086115242
2011-03-22 13:00:00,0.0100157073564,0.0150056689495,113.835122969,0.010019849991,0.0150000672741,0.0050451287244,92.2063646523,282.624671601,0.0199868876979,0.010023368256,0.016467434677,0.0100020573377,64.1053891559,0.0100380087458,0.0100596942922,130.400380469,0.01005337733,0.0100379861675,0.0199995194695,211.968561788,0.0150031817209,0.0150054273494,0.0149886397081,0.0102338804227,0.015000584871,158.976426485,0.0100367769591,0.0154454845172,0.0149844800625,0.0200021967629
2011-03-22 14:00:00,0.0109734489963,0.0150442537281,113.835130178,0.0101265617911,0.015001114357,0.00504326464467,158.976369406,282.624671236,0.0199981876472,0.0100420928402,0.0199900227676,0.0100039179997,64.1054455251,0.0101183299689,0.0100710644791,130.400413446,0.010067649814,0.0102979233827,92.206307687,211.968561361,0.0150034358132,0.0150062656614,0.0150016874661,0.0106010568379,0.0150098975891,158.97646488,0.0100804557866,0.0153470204118,0.0149818090986,0.020001467563
2011-03-22 15:00:00,0.0111006800623,85.4731522327,211.968829831,0.0102065344378,74.6870949744,0.00504137479793,171.694573539,282.624672442,0.0200320697808,211.968449725,0.0200029330365,0.0100248422464,85.4738590511,0.0102928671391,0.0660652552574,130.400445101,0.0174659443276,0.0103804049608,92.2063292921,211.968923181,0.0150043580143,0.0150101609168,0.0150054201659,0.0106964615707,0.0150116645142,158.976751839,0.010374170654,74.6861435182,0.0149838675115,0.0200012474318
2011-03-22 16:00:00,110.386070534,85.4731585219,261.689919862,0.0129805736241,74.6871251832,0.00503958707654,211.968550787,282.624673668,92.2062856444,211.968545196,0.0203033081016,0.0100388326359,85.473905782,0.0155300460852,0.0661028075351,211.9685479,211.968515713,92.2057885467,211.968556326,332.166566539,0.0150075467982,0.0150894697877,147.152063595,211.968405164,0.0150131282751,211.96838858,74.6880284399,92.2049331589,0.0149904768689,0.0200045834484
2011-03-22 17:00:00,110.386090651,85.4731627629,261.689929722,0.0130088837066,171.694524799,0.00503786795547,211.968645581,282.624676305,92.2062926938,211.968550376,0.0203137091082,0.0105531349158,85.4739119579,0.0155539414753,0.0661058847618,211.968554296,211.968520972,92.2057967427,211.968571034,332.166618354,0.0157851515747,0.0151465829212,147.152065837,211.968445975,0.0185381892723,211.968544466,74.6880395619,92.2055571032,0.0149953337579,0.0200162363208
2011-03-22 18:00:00,110.386090079,85.4731697597,261.689934184,0.0130154542823,171.694531326,0.00503618517243,211.96865148,282.624694411,92.2062940205,211.968553011,0.0203133884885,0.0148936912535,85.4739122238,0.0155604327234,0.06610677757,211.968555746,211.968522424,92.2057987365,211.968571684,332.166637104,52.216183604,0.0151539174137,147.152066217,211.968453863,0.0185404797219,211.96857575,74.6880427323,92.205311401,0.0149892047752,0.0200172876774
2011-03-22 19:00:00,110.386087948,85.4731609095,261.689932638,0.0130167067806,171.694531404,0.00503436506936,211.968652303,282.624720212,92.2062927371,211.968553536,0.0203082531102,0.0148977254677,85.4739117361,0.0155616968045,0.0661067405515,211.968556228,211.968522907,92.2057994037,211.968571467,332.166682309,52.2161867918,0.015154396278,147.152066275,211.968455294,0.0185407982812,211.968575086,74.6880437464,92.2046985185,0.0149904169442,0.0200093825041
2011-03-22 20:00:00,110.386085669,85.4731566573,261.689930878,0.0130159657962,171.694531408,0.00503229840899,211.968651854,282.624676665,92.206286681,211.96855368,0.020298920931,0.0148984290396,85.4739108643,0.0155622081232,0.0661060520674,211.968556201,211.968522972,92.205799667,211.968571228,332.166652413,52.2161851568,0.0151515274839,147.152066243,211.968454653,0.0185408632312,211.968553834,74.6880437353,0.0164481660245,0.0149854818472,0.0200077595264
2011-03-22 21:00:00,110.386084298,85.4731381071,261.689929894,0.0130141446084,171.694533903,0.00503025544338,211.968651775,282.624673717,92.206259742,211.968553624,0.0202844285049,0.0148985189029,85.4739099523,0.0155607792173,0.0661053397623,211.96855593,211.968522852,92.2057992406,211.968571086,332.166634866,52.2161847136,0.0151490825362,147.15206615,211.968453064,0.0185408541664,211.968546347,74.6880434255,0.0150354489138,0.0149726462514,0.0200069451328
2011-03-22 22:00:00,110.386080999,0.0152179246662,261.689928999,0.0130098381395,171.694534456,0.00502818152946,211.968650957,282.624672632,92.2060405109,211.968552784,0.0202390980112,0.0148983044403,85.4739088067,0.0155577742446,0.0661045843829,211.96855562,211.968522451,92.2057984337,211.968570491,332.166624212,52.2161830851,0.0151470944839,147.15206603,211.968451047,0.018540781095,211.968521263,74.6880429104,0.0150117519648,0.0149619676117,0.0200094612775
2011-03-22 23:00:00,110.386077524,0.0150310424475,261.689928336,0.0130047815701,171.694534315,0.00502619228877,211.968648868,282.624671828,74.6871735979,211.968551574,0.0201053115004,0.014897595026,85.4739080412,0.0155541252542,0.066103744577,211.968555343,211.968521702,92.2057974668,211.968570013,332.166623375,52.216181732,0.0151492562704,147.152065898,211.968448454,0.0185407161153,211.968516695,74.6880420849,0.015005930905,0.0149476403723,0.0200092020561
2011-03-23 00:00:00,110.386074456,0.015012161418,261.689929326,0.0129998014363,171.694534117,0.00502428164012,211.968647586,282.624671875,74.6871115686,211.968550421,0.0201130745516,0.014897072792,85.4739078323,0.0155512117191,0.0661023520463,211.968555316,211.968520966,92.2057962118,211.968570567,332.166608818,52.2161761542,0.0151445571497,147.152065819,211.968446517,0.0185407447665,211.968508765,74.6880408089,0.0150113162933,0.0149476893582,0.0200195346331
2011-03-23 01:00:00,110.386071504,0.0150070240589,261.689929128,0.0129952092441,171.694534887,0.00502243049777,211.968648102,282.624671587,92.2062924895,211.968549484,0.0200674319608,0.0148965024166,85.4739075122,0.015547964997,0.0661017591311,211.968555016,211.968519954,92.2057944732,211.968570605,332.166594624,52.2161782055,0.0151548477797,147.152065706,211.968444208,0.018540618592,211.968507527,74.6880394003,0.0150044116681,0.0149487972904,0.0200303722583
2011-03-23 02:00:00,110.386068574,0.0150070516775,261.689929022,0.0129900024949,171.694535331,0.00502062429219,211.968649617,282.624671163,92.2062971002,211.968548179,0.0200461245738,0.0148959531035,85.4739069886,0.0155444087475,0.0661009578548,211.968554525,211.968519046,92.2057926939,211.968570431,332.166583905,52.2161866147,0.0151610233112,147.1520656,211.968441725,0.0185405044723,211.968528536,74.6880380153,0.0150027147834,0.01495133475,0.0200352203995
2011-03-23 03:00:00,110.386067525,0.0150163746051,261.689928773,0.0129853310531,171.694535763,0.0050188455318,211.9686502,282.624670891,92.2062992087,211.968546574,0.0200588419951,0.0148953917874,85.4739060681,0.0155409336239,0.0660999600939,211.968554044,211.968518211,92.2057910713,211.968571333,332.166573457,52.2162029776,0.0151664887284,147.152065449,211.968437846,0.0185405095194,211.968541402,74.6880364234,0.0150029414787,0.0149589526527,0.0200614901676
2011-03-23 04:00:00,110.386068181,0.0150666495004,261.689929093,0.0129793573153,171.694536502,0.00501723027507,211.96865085,282.624670356,92.2063012862,211.968543899,0.0201727797348,0.014894617377,85.4739050994,0.0155364409607,0.0660981935673,211.968553414,211.968516938,92.2057889116,211.96857216,332.166562421,52.2163126068,0.0151908649049,147.152065241,211.968434372,0.0185406013638,211.968530589,74.6880335434,0.0150038345602,0.0149719705938,0.0206212587617
2011-03-23 05:00:00,110.386066473,0.0152295795713,261.689931202,0.0129646448021,171.694537593,0.00501581172038,211.968651183,282.624670994,92.2063059186,211.968513574,0.0201534298809,0.014893678265,85.473904945,0.0155269045988,0.0660893848059,211.968551802,211.968513725,92.2057842065,211.968573522,332.166555067,52.2163410594,0.0187049534728,147.152064806,211.968426749,0.0185406671316,211.968539644,74.688026889,0.015003453616,0.0149738206534,0.020495915115
2011-03-23 06:00:00,110.385999988,0.0150118801462,261.689935462,0.0101557403737,171.694538327,0.00501452648609,211.968649581,282.624672436,92.206303295,171.694486107,0.0199954868578,0.0148919184066,85.4739030347,0.0105316365208,0.0162918944079,211.968509417,0.0102075412558,0.0100561659895,211.968572538,332.16653891,92.2058426989,0.034819416848,147.152043348,211.967849914,0.018540626126,211.968546111,0.0153992803687,0.0150000128382,0.0149448170717,0.0155899987322
2011-03-23 07:00:00,0.0105340068708,0.0150044333035,261.689928885,0.0100468478965,171.694524616,0.00501281255215,211.968552125,282.624672893,92.2062985327,171.694473059,0.0163904719094,0.0148885567362,85.4738855337,0.0100923462258,0.0162251868779,92.206600189,0.0100854152818,0.0100223953607,211.968564043,332.166563323,52.2161976455,0.0181272238526,0.0100115198658,0.0103311370129,0.0185373890473,211.968018012,0.0148816361796,0.0149969497996,0.0148497000105,0.0150357848977
2011-03-23 08:00:00,0.0104741873472,0.0150053532264,261.689923779,0.0100118755114,74.6871281778,0.00501078019605,92.2066665248,282.62467225,92.2062813754,0.0104472980776,0.0163334336189,0.0100534343794,64.1054790101,0.0100475529447,0.0162145660072,92.2065924245,0.0100601191111,0.0100046173451,211.968133432,211.968638135,52.2161707118,0.0151670684537,0.0100093396763,0.0102862742408,0.0150182974682,158.976424557,0.0148645413551,0.0149918221606,0.0146845782032,0.0149862287814
2011-03-23 09:00:00,0.0100083166362,0.0150024831175,211.968880228,0.0100042226088,74.6871240234,0.00500880777147,92.2065634325,282.624660931,0.0199895006354,0.0100144851186,0.016239227178,0.0100385388932,64.10541465,0.0100098117772,0.0100289650814,92.2065767706,0.0100042575632,0.0100022373999,92.2063646004,211.968546849,52.2160979039,0.0151500197639,0.0100009887287,0.0100408686949,0.0150174377731,158.976349874,0.0144933685775,0.0149858931604,0.014577786869,0.0149527572988
2011-03-23 10:00:00,0.0100047058115,0.0150006563336,211.968742761,0.0100023726337,74.6870969865,0.00500686646622,92.2063619718,211.968564294,0.0199697122503,0.0100353238635,0.0153573438581,0.0100116176785,64.1053530185,0.0100053105852,0.0100126699969,92.2063428074,0.0100025492615,0.0100016918667,92.2063285729,211.968503572,0.0150067434973,0.0150152378531,0.0100004639085,0.0100197764779,0.01501714698,158.976229404,0.0100229498449,0.0149806843291,0.014431971065,0.0148888762683
2011-03-23 11:00:00,0.0100040880555,0.0150001977277,113.835124728,0.01000218717,0.0150015832829,0.00500500652789,0.020003654062,211.968559986,0.0199562885312,171.694212822,0.0155410195521,0.0100047171358,64.1050672436,0.0100050048545,0.016207379864,0.0150141371909,0.0100032693892,0.0100019912211,0.0200058827401,211.968265916,0.0150048238583,0.0150048705175,0.0100003989927,0.0100144351878,0.0150164798806,158.975970797,0.0100168659814,0.0149822937403,0.014516205811,0.0149247342081
2011-03-23 12:00:00,0.0100052894286,0.0150017182963,113.835124422,0.0100037572249,0.0150003090728,0.00500312148878,0.0227870109989,211.968561191,0.0199398198185,171.694474156,0.016300911798,0.0100048852951,64.1053157071,0.0100073990292,0.0162195036228,0.0150069444396,0.0100075478063,0.0100029548324,0.0200075979415,211.968233599,0.0150043738669,0.0150047032418,0.0100005749539,0.0100258495749,0.0150160748131,158.976300061,0.0100342421363,0.0149906227331,0.0146380457305,0.0149764593847
2011-03-23 13:00:00,0.0100135750237,0.0150061134467,113.835123762,0.0100086218961,0.0150004557827,0.00500123659826,92.2063542006,211.968562592,0.0199604053849,171.69448237,0.016332926012,0.0100061928059,64.1054034919,0.0100218705241,0.0162222197651,92.2063073417,0.0100704107453,0.0100072389572,0.0200050272212,211.967844196,0.0150039953183,0.0150031889949,0.0100021450523,0.0101066615237,0.0150163750017,158.976353307,0.014844221177,0.0150043271484,0.0147577894941,0.0150272365324
2011-03-23 14:00:00,0.0104927849554,0.0150524266068,211.968458594,0.0100362475365,0.0150080109299,0.00499938118835,92.2063714374,211.968613479,0.0199754378231,171.694496156,0.0199713186483,0.010019792765,64.105442639,0.010080083235,0.0162645792282,92.2065919745,0.0100869467298,0.0100245890261,92.2063281743,211.968448555,0.015003949742,0.0150026987419,0.010009934274,0.0103052624293,0.0150173420057,158.976400243,0.0148788644053,0.0151591368053,0.0149319826252,0.0191345578037
2011-03-23 15:00:00,0.0106210012705,85.4731544377,211.968840398,0.0101110637458,74.6871231122,0.00499751042268,92.2066606372,282.624662501,0.0200033007525,211.968526166,0.0200022180865,0.0100373932122,85.4738586339,0.0101843083835,0.0200228318775,92.2066088269,0.0149204455922,0.0101049715947,92.2063779003,211.968530712,0.0150034553868,0.0150029314555,0.0100135496042,0.0103924083786,0.0150182109298,158.97661385,0.0150582794573,0.0183512548312,0.0149942745306,0.0200053936184
2011-03-23 16:00:00,110.386018957,85.4731569728,261.689922774,0.012862614117,74.6871296077,0.00499569402051,211.968534006,282.624673032,0.0246531778654,211.968541734,0.0201653795394,0.0100471737271,85.4738920167,0.0151283862001,0.0200271441041,211.968541986,211.968473757,92.2057463644,211.96854455,211.96859447,0.0150030116877,0.0150045610512,147.152045232,211.968340362,0.0150209688954,211.968337346,74.6873434716,0.0151607064615,0.0150254207017,0.0201266477722
2011-03-23 17:00:00,110.386041823,85.4731534492,261.689930621,0.0128968567846,171.694529828,0.00499389731526,211.968637763,282.62467404,0.024653866238,211.968544642,0.0201741284894,0.0150588821349,85.4738974862,0.0151561975233,0.0200280743565,211.968550225,211.968479844,92.2057548913,211.96856154,332.166557603,0.0150033405368,0.0150047405377,147.15204803,211.968380853,95.3912012632,211.96855164,74.68735622,0.0150223636259,0.0150057453657,0.0201089710992
2011-03-23 18:00:00,110.386042607,0.0150108101032,261.689938648,0.0129045533284,171.69453516,0.00499219997739,211.968648344,282.624675891,0.0246529709631,211.968546378,0.0201754551418,166.016468391,85.4738979835,0.0151629104555,0.0200275756613,211.968551974,211.968481846,92.2057571281,211.968569618,332.166624375,0.0150049825448,0.0150034603026,147.152048411,211.968389423,95.3912039775,211.968587884,74.6873599321,0.0150123052564,0.0149940322729,0.0200589828518
2011-03-23 19:00:00,110.386041184,0.0150053349133,261.689936298,0.0129050130459,171.694535177,0.00499033944077,211.968648822,282.624680389,0.0246503714366,211.968546458,0.020173002565,166.016474738,85.4738972913,0.0151643610423,0.0200265895196,211.968552664,211.968482673,92.2057577565,211.968563889,332.16663741,0.0150080899798,0.0150026364842,147.152048467,211.968390738,95.3912043371,211.968588059,74.6873614664,0.0150088587326,0.0149818447157,0.0200019697263
2011-03-23 20:00:00,110.386039166,0.0150050076855,261.689933195,0.0129043481168,171.694534788,0.00498844017785,211.968648242,282.62467641,0.0246367571073,211.968546163,0.0201684467066,166.016476201,85.4738967382,0.0151649019299,0.0200253064442,211.968552771,211.968482935,92.2057579761,211.968560402,332.166631247,0.0150098572349,0.0150020175808,147.152048444,211.968389856,95.3912044357,211.96858587,74.687361718,0.0150073706493,0.0149703342172,0.0199589175213
2011-03-23 21:00:00,110.386038374,0.0150033491096,261.689931038,0.0129019480279,171.694535966,0.00498643561953,211.968649066,282.624674471,0.0200059108954,211.968545992,0.0201635068216,166.016476695,85.4738958763,0.0151632537957,0.0200243029314,211.968552656,211.968482901,92.2057575882,211.968558802,332.166623202,0.0150097783168,0.0150016421065,147.152048347,211.96838822,95.3912044525,211.968571572,74.6873616426,0.0150069790203,0.0149582072286,0.0198607750017
2011-03-23 22:00:00,110.386035341,0.0150020010082,261.68992963,0.0128978810687,171.694536263,0.00498429620454,211.968649246,282.624673484,0.0200000755226,211.968544958,0.0201521469389,166.016476769,85.4738948183,0.0151601345388,0.0200227221697,211.968552535,211.968482589,92.2057566703,211.968556156,332.166617263,0.015006883355,0.0150013847006,147.152048227,211.968386321,95.3912043938,211.968592303,74.6873612327,0.0150049104013,0.0149419120725,0.0195523863209
2011-03-23 23:00:00,110.38603276,0.0150013235774,261.68992841,0.012893080775,171.694536019,0.0049822588697,211.96864839,282.624672785,0.01999767834,211.968543368,0.0201413312962,166.016475775,85.4738944146,0.0151565785511,0.0200213099339,211.968552411,211.968481943,92.2057554737,211.968555003,332.166618933,0.0150066969134,0.0150012620804,147.152048071,211.968383655,95.3912043014,211.968591199,74.6873606816,0.0150048802114,0.0149405035124,0.018916232031
2011-03-24 00:00:00,110.386029908,0.0150012545849,261.689925794,0.0128885782299,171.694535848,0.00498029606705,211.968646138,282.624672625,0.0199947795794,211.968542427,0.0201401418229,166.016475174,85.4738939629,0.0151532597542,0.0200212839831,211.968552219,211.968481548,92.2057538256,211.968548069,332.166608327,0.015008140659,0.0150010156435,147.152047932,211.968381123,95.3912043457,211.96859734,74.6873601958,0.015025890344,0.0149355733259,0.0197280038092
2011-03-24 01:00:00,110.386028134,0.0150021268116,261.689925625,0.0128843452882,171.694535718,0.004978426054,211.96864504,282.624672338,0.0199941701757,211.968541053,0.0201169776791,166.016474797,85.4738939991,0.0151499217658,0.0200191742998,211.968551939,211.968480783,92.2057517573,211.968546073,332.166592867,0.0150139526973,0.0150008606597,147.152047844,211.968379219,95.3912043175,211.968593684,74.6873592069,0.0150305640216,0.0149381195739,0.0198705312877
2011-03-24 02:00:00,110.386025718,0.0150040660687,261.689926172,0.0128797803857,171.694535652,0.00497663989807,211.968644281,282.624671813,0.0199946337699,211.968539516,0.0200874747199,166.016474481,85.473893439,0.0151470094461,0.0200176994831,211.968551358,211.968480031,92.2057497189,211.968552364,332.166561882,0.0154365688286,0.0150010384,147.152047746,211.968377003,95.391204292,211.968577242,74.6873579715,0.0150800767134,0.0149397258043,0.019964177331
2011-03-24 03:00:00,110.386025553,0.0150081003027,261.689927234,0.0128750259364,171.694535983,0.0049749051197,211.968644143,282.624671125,0.0199947456458,211.968537951,0.0200849287866,166.016474326,85.4738928029,0.015143572735,0.0200180653108,211.968550798,211.968479391,92.2057473659,211.968555875,332.166494409,52.2159671897,0.0150013508164,147.152047618,211.968374369,95.3912043996,211.96856223,74.6873563948,0.0152132060396,0.0149515762238,0.0199753020827
2011-03-24 04:00:00,110.386026317,0.0150134657128,261.689928436,0.012868978806,171.694536455,0.00497322406275,211.968644744,282.624670399,0.0199947920316,211.968534802,0.0201128103854,166.016474173,85.4738926813,0.015138931686,0.0200165822821,211.96855012,211.968478261,92.2057454643,211.968558207,332.166269526,52.2160845131,0.0150018998402,147.152047443,211.968369755,95.3912046736,211.968551213,74.6873536681,0.0151971526093,0.0149726767709,0.0200079680225
2011-03-24 05:00:00,110.386024522,0.0150077039332,261.68993051,0.0128545973243,171.694536987,0.00497172219177,211.968645196,282.624671186,0.0199956207897,211.968507793,0.0200399301177,166.016474307,85.4738921043,0.0151289611366,0.0200034499743,211.968548297,211.968475379,92.2057405602,211.968560122,332.165704539,52.215965565,0.0150030739373,147.152047044,211.968362436,95.391204904,211.96857004,74.6873469891,0.0150297375143,0.0149752283174,0.0200284824996
2011-03-24 06:00:00,110.385958556,0.015002348319,261.689933837,0.0101321612405,171.694535621,0.00497038988278,211.968643707,282.624673007,0.0199873346421,0.0101475059757,0.0199951686616,166.016474664,85.4738899051,0.0104280944916,0.0100477121732,211.968436311,0.0101137563816,0.0100491105913,211.968555837,269.053521025,52.2161186741,0.0150032030736,147.152016048,211.967783161,95.3912050867,211.968587875,0.0101888475358,0.0150038730121,0.0149516637884,0.019670630065
2011-03-24 07:00:00,0.0102370424467,0.0150004485414,261.689925071,0.0100386436156,171.694443316,0.00496873754579,211.968538535,282.62467354,0.0199677137412,0.0100540982178,0.0163425031858,166.016475343,85.4738697865,0.0100805163316,0.0100290939443,0.0150058169561,0.0100367863402,0.0100176832714,92.2063451006,332.16422547,0.0151466597623,0.0150034291646,0.0100081752757,0.0103532267216,95.3912041943,211.968165634,0.0100565046511,0.0149954308518,0.0148999124822,0.0152291346712
2011-03-24 08:00:00,0.0101771342455,0.0149996148704,261.688943748,0.010009990613,74.6871266301,0.00496675312487,92.2066498916,282.624673448,0.019960646348,0.0100149251791,0.016316591512,166.016464843,64.1054545212,0.0100363833415,0.010010530068,0.014996179007,0.0100151393664,0.010003890417,92.2063288533,211.968551361,0.0150074321971,0.0150030469726,0.0100060892672,0.0103075169905,77.2668778332,158.976520675,0.0100180586807,0.0149888217241,0.0148111664003,0.0150417689901
2011-03-24 09:00:00,0.0100071197157,0.0149991098685,211.968746287,0.0100037453073,74.6871238686,0.00496493977049,92.2063797338,282.624672528,0.0199578341049,0.010002841796,0.0152215332636,166.015925708,64.1054048385,0.01000894191,0.010002145995,0.0100787563162,0.010003242343,0.0100017545772,92.2063144213,211.968511503,0.0150058584679,0.0150027908386,0.0100009106405,0.0100447664054,77.266876218,158.976444113,0.0100056467605,0.0149804871269,0.0146409507157,0.0150265173978
2011-03-24 10:00:00,0.0100040498552,0.0149988934895,113.835127334,0.0100022559188,4.01494326576,0.0049630195037,92.2063475752,282.624636662,0.0199565558047,0.0100021022839,0.0100191597615,134.473350832,64.105374861,0.0100053329519,0.0100013477094,0.0100062429836,0.0100021117928,0.0100013547976,0.0199999130905,211.967888574,0.0150051777105,0.0150026215379,0.0100004676175,0.0100225002241,77.2668757247,158.976387058,0.0100046772912,0.0149731898359,0.0146459035174,0.0150505396689
2011-03-24 11:00:00,0.0100035506248,0.0149988735873,113.835125078,0.0100020792933,0.0150048380602,0.00496047276157,0.0150244012073,211.96856429,0.0199563823713,0.0100024350037,0.0100238614543,134.473347286,0.0101523299431,0.0100049611782,0.0100015473652,0.0100052576748,0.0100022141702,0.0100014041589,0.0199965958247,144.492520081,0.0150050256193,0.0150024181213,0.0100003738009,0.0100154413703,77.2668752977,158.976334158,0.0100055058649,0.0149791032448,0.0148796085754,0.015309526988
2011-03-24 12:00:00,0.0100040088042,0.0149991199813,113.835125323,0.0100034847193,0.0150030828844,0.00495929206337,0.0199500613017,211.968557825,0.0199567785749,0.0100043958718,0.0153317371657,134.473344197,64.0965990541,0.0100070520975,0.0100030194837,0.0100107160821,0.0100036075814,0.0100019565019,0.019997062589,144.492505221,0.015005265198,0.0150022883839,0.0100004476835,0.0100268258245,77.266875189,158.976383222,0.0100068608563,0.0149839993843,0.0149537471114,0.0195872094196
2011-03-24 13:00:00,0.0100090899522,0.0149994597863,113.83512714,0.010008482657,0.0199784287776,0.00495749968216,92.2063552498,211.96855829,0.0199580182546,0.0100330710965,0.0163204086256,0.01000568236,64.1053692405,0.0100198613718,0.0100182724825,0.0149800547036,0.010018437799,0.0100041987997,0.0199996337767,144.492483882,0.0150059933766,0.0150023057585,0.0100010473154,0.0101368015265,77.2668750147,158.976443107,0.0100218802504,0.0149888226154,0.0149545268148,0.019992419929
2011-03-24 14:00:00,0.0101945517579,0.0150000895483,211.968561584,0.0100318888872,74.6871194865,0.00495563407958,92.2064056177,211.968560519,0.0199612833799,0.0100594359517,0.0198657818418,0.0103424034956,64.10541818,0.0100699553872,0.0100322754766,0.0150006969662,0.010037460151,0.0100172555527,92.2063251055,144.49248139,52.2161089721,0.0150022124856,0.0100066260489,0.0103259484669,77.266875917,158.976493089,0.0100571999751,0.0149961736761,0.014966816242,0.0200895840094
2011-03-24 15:00:00,0.0102922590285,0.015001406512,211.968894817,0.0100993931072,74.6871257485,0.00495379029391,92.2066551163,211.968607306,0.0199908575684,211.967864432,0.0200032409353,134.473339392,85.4738016986,0.0101576534625,0.0199407130367,0.0150451606223,0.0101988998055,0.0100559870433,92.2063321309,144.492498554,52.2161357596,0.0150024404036,0.0100099399239,0.0104125724325,77.2668768613,158.976745214,0.0102442110586,0.0150117440142,0.0149908398221,49.8589139452
2011-03-24 16:00:00,110.385986068,0.0150037639408,261.689927002,0.0128011636329,74.6871769339,0.00495195938918,211.968550993,282.62467239,0.0199994191505,211.968475747,0.0203524987839,134.473351304,85.4738790438,0.0157912328344,0.0200111285111,211.968541049,211.968470805,0.0144885409454,211.968557932,211.968440111,52.2161371016,0.0150053885708,147.15206926,211.968302555,77.2668806341,211.968447361,74.6874622325,0.0152232477986,0.0150511939119,114.617628772
2011-03-24 17:00:00,110.386009873,0.0150046629216,261.689935556,0.012843502758,171.694538726,0.00495025663717,211.968640072,282.624674071,0.0200021507643,211.968481393,0.0203701876906,166.016383748,85.47388602,0.0158279141637,0.02001504804,211.968551527,211.968477524,0.0144979334152,211.96857188,211.968578265,52.2161355892,0.0150145027165,147.152072613,211.968352155,177.625036658,211.968646389,74.6874764098,0.0184623793617,0.0152094458766,114.617942612
2011-03-24 18:00:00,110.386010441,0.0150071359303,261.689943044,0.0128525743917,171.694541146,0.00494854987843,211.968646622,282.624675677,0.0246160083283,211.968484279,0.0203745339604,166.016513198,85.4738868563,0.0158357322455,0.0200165935809,211.968553643,211.968479606,0.0145004610624,211.968573373,332.166557032,52.2161392212,0.0150165418227,147.15207303,211.96836039,177.625038852,211.968702896,74.6874803918,92.2051431296,0.0150907867066,114.617949985
2011-03-24 19:00:00,110.386008941,0.0150131484856,261.68994118,0.0128533227681,171.694541262,0.0049465924598,211.96864849,282.624677391,0.0200072164681,211.968484991,0.0203737995871,166.016517305,85.4738863509,0.0158375652311,0.0200171311766,211.968554412,211.968480329,0.0145011419249,211.968572201,332.166574116,52.2161408266,0.0150287863764,147.152073112,211.968362255,177.625039191,211.968705405,74.687481738,0.0185505637042,0.0150535541726,114.61789592
2011-03-24 20:00:00,110.386006776,0.0150096544344,261.689936841,0.0128527837989,171.694541172,0.00494470643498,211.968649388,282.624675988,0.0200034107227,211.968485143,0.0203726646759,166.016518204,85.473885994,0.0158381580537,0.0200172243519,211.968554551,211.968480572,0.0145013140661,211.968570829,332.166573162,52.2161439602,0.0150300296649,147.152073093,211.968361142,177.625039309,211.968670861,74.6874820323,0.0154802114648,0.0150509382522,114.617731587
2011-03-24 21:00:00,110.386005928,0.0150064622077,261.689932984,0.0128505234876,171.694541581,0.00494272395607,211.968650803,282.624674921,0.0200030179932,211.96848515,0.0203716875316,166.01651849,85.4738853037,0.0158366498027,0.0200171941532,211.968554429,211.96848056,0.0145009262333,211.968569743,332.166549568,52.2161643139,0.0150090160473,147.152073015,211.968360278,177.625039329,211.968679006,74.6874820306,0.0150740158123,0.0149836011395,114.61724881
2011-03-24 22:00:00,110.38600266,0.0150049318747,261.689930873,0.0128463913459,171.694541668,0.00494061364538,211.968651015,282.624674243,0.0200032258279,211.968484303,0.0203707109899,166.016518333,85.4738844342,0.0158338777091,0.0200171452995,211.968554325,211.968480318,0.0145000715986,211.968565973,332.166451662,52.2161680513,0.0150043999169,147.152072911,211.968357548,177.625039287,211.968685305,74.6874817339,0.0150397820452,0.0149666355822,85.9634585822
2011-03-24 23:00:00,110.386000146,0.0150068617131,261.689929482,0.0128418012677,171.69454149,0.00493862422417,211.9686497,282.62467365,0.0200027226616,211.968483209,0.0203694702035,166.016517199,85.4738839115,0.0158302909187,0.0200168554604,211.968554202,211.968479789,0.0144985478837,211.96856051,332.166516053,52.2161705403,0.0150028418682,147.152072773,211.968355538,177.625039248,211.968693802,74.6874813346,0.0150446463479,0.0149545606589,85.9633544999
2011-03-25 00:00:00,110.385997232,0.0150128491226,261.689927851,0.0128374464272,171.694541567,0.00493671967943,211.968647947,282.624673769,0.0200014858039,211.96848208,0.020374535625,166.016516916,85.473884119,0.0158272363985,0.0200168129429,211.968554162,211.968479299,0.014496670301,211.968563992,332.166498528,92.2059299832,0.0150013518489,147.152072636,211.968352402,177.625039077,211.968682213,74.6874805938,0.0153424866217,0.0149551229879,114.617356676
2011-03-25 01:00:00,110.385995415,85.4731495083,261.689927336,0.0128331873062,171.694541425,0.00493484648778,211.968647505,282.624673606,0.0200014498347,211.968481126,0.020374431375,166.016515803,85.473883549,0.0158243832518,0.0200162982723,211.968553852,211.968478596,0.0144950298855,211.968560137,332.165562447,92.2059291302,0.0150013334202,147.152072508,211.968350597,177.625039138,211.968688612,74.6874796985,0.0153052470333,0.0149563951736,114.617601926
2011-03-25 02:00:00,110.385993434,85.4731665678,261.689927241,0.0128285895384,171.69454126,0.00493304434213,211.968647545,282.624673334,0.0199997871185,211.968480081,0.0203730433049,166.016515139,85.4738832702,0.0158213809641,0.0200154681146,211.968553392,211.968477942,0.0144939151487,211.968560543,211.968797875,92.205906973,0.0150014812854,147.152072358,211.968347745,177.625039218,211.968683956,74.6874787577,0.019035648142,0.0149727551521,114.617622139
2011-03-25 03:00:00,110.38599323,85.4731689461,261.689927559,0.0128237680244,171.694541302,0.00493126087947,211.968647885,282.624673253,0.0199997047374,211.968478172,0.0203711529403,166.016514952,85.4738827505,0.0158179710469,0.0200146508999,211.968552837,211.968477343,0.014492185383,211.968565163,211.968647375,92.2059279221,0.0150024362883,147.152072191,211.968344544,177.625039321,211.968681424,74.687477323,92.2057613499,0.0150379082296,114.617644745
2011-03-25 04:00:00,110.385994112,85.4731715091,261.689928056,0.0128177608844,171.694541595,0.00492962962492,211.968648643,282.624673192,0.0200002899635,211.968473974,0.0203675954252,166.016514776,85.4738824954,0.0158130873948,0.0200127270986,211.968552182,211.968476306,0.0144901007494,211.96856792,211.968618655,92.2059258181,0.0150042196544,147.15207197,211.968339871,177.62503947,211.968681821,74.6874746988,92.2058467255,0.0153319150621,114.617671847
2011-03-25 05:00:00,110.385992751,85.4731691468,261.689929359,0.0128021295594,171.694541949,0.00492816261838,211.968649555,282.624673536,0.0200053106454,211.968309389,0.0203452436592,166.016514748,85.473882285,0.0158024037345,0.0199962858669,211.968550748,211.968473514,0.0144853927426,211.968569378,211.968607302,92.205897222,0.0150075373921,147.152071508,211.968329276,177.625039593,211.96869857,74.687468388,92.2058213289,0.0152404827846,114.617576542
2011-03-25 06:00:00,110.38593737,85.4731612512,261.689930461,0.0101375266919,171.694541855,0.00492695885338,211.968649262,282.624674423,0.0200008177016,0.0100318899998,0.0116705846469,166.016515028,85.4738798571,0.0103576994774,0.0100249850428,211.96850291,0.0101161699222,0.010033611927,211.968565658,211.968556344,92.2058927348,0.0151502008986,147.152043183,211.967434118,177.625039622,211.968702064,0.0102334739919,92.2055976231,0.0149739124907,49.8599075345
2011-03-25 07:00:00,0.0103248438789,0.0150576952109,261.689913612,0.0100380112104,171.694535973,0.00492521864095,211.968570215,282.624674874,0.0199925360532,0.0100143674906,0.0103670871177,166.016515902,85.4738596125,0.0100714267777,0.010012278427,92.2063566412,0.010048572606,0.0100117904415,211.968515169,211.968544569,92.2058621109,0.0151487260593,0.010011071853,0.0103025853661,177.625038789,211.968456469,0.010080120281,0.0152089128956,0.01487841386,49.8588472818
2011-03-25 08:00:00,0.0102652683413,0.0150040755538,211.968681843,0.0100097255506,128.771072398,0.00492322364903,171.694536711,282.624674537,0.0199794055,0.0100027960039,0.010020737193,166.016509018,64.1054431559,0.0100301009648,0.0100025861572,92.206347059,0.010023150399,0.0100026706407,92.2063351941,211.964544354,69.1511665696,0.0151038102814,0.0100088509741,0.0102504906017,143.876608747,158.976848938,0.0100252252614,0.0150012789319,0.0147099817025,49.8587302758
2011-03-25 09:00:00,0.0100073160542,0.0150013091101,211.968454683,0.0100032232308,128.771057813,0.0049213767843,171.694503195,282.624673166,0.0199752850575,0.010001432014,0.0100058082377,134.47342456,64.1053830859,0.010007713094,0.0100009778541,0.0149513484312,0.0100035732535,0.0100014055765,92.2063284002,144.492563853,52.2161447865,0.015046247511,0.0100009460017,0.0100314167788,143.876281559,158.976552504,0.010005985665,0.0149915052942,0.0145833827441,0.0205789303741
2011-03-25 10:00:00,0.0100041731152,0.0150006215432,113.835124071,0.0100017820979,74.6871283341,0.00491945138334,92.2063677559,282.624673078,0.0199763582224,0.010001087975,0.0100044733194,134.473380937,64.103869795,0.0100046235289,0.0100006203524,0.010009070036,0.0100021895485,0.0100011186199,0.0200015058939,144.49250431,52.2161306004,0.0150267726685,0.010000509036,0.0100147957989,143.876280543,158.976495816,0.0100044031193,0.0149927157983,0.0145794543265,0.0191348244929
2011-03-25 11:00:00,0.0100038985228,0.0150008719894,113.835121341,0.0100015233775,74.6871261489,0.00491748869466,92.206354607,282.624672228,0.0199831024556,0.0100012666161,0.0100047979192,134.473377197,0.0100215982279,0.0100040441439,0.0100008970079,0.0100084054291,0.0100023809712,0.0100011264775,0.0200007359281,144.492497154,52.2161232661,0.0150413845405,0.0100003674286,0.0100106380043,143.876267353,158.976464389,0.010004698467,0.014994927643,0.0146000998034,0.0153969787973
2011-03-25 12:00:00,0.0100048095702,0.0150028220862,113.835124404,0.010003015008,74.6871251931,0.00491560695895,92.2063609615,282.624669767,0.0199974333813,0.0100022237897,0.01000709574,134.473366485,0.0100377575945,0.0100058055063,0.0100021720522,0.0100748082137,0.0100044002849,0.010001538221,92.2063250731,144.492488268,52.2161225007,0.0150654233161,0.0100004549336,0.0100174998494,0.0150008830288,158.97648483,0.0100077841741,0.0149970740031,0.0146671297949,0.0180932149325
2011-03-25 13:00:00,0.0100126516999,0.0150369973697,113.83512514,0.0100070607489,74.6871256681,0.00491375708361,92.2063687191,282.624669757,92.2062863428,0.0100096654474,0.0103076200434,134.473346562,64.1053494241,0.0100160130512,0.0100089204735,92.206275863,0.0100326530586,0.0100030612142,92.2063283711,144.492488001,52.2161201368,0.0150882091386,0.0100014665074,0.0101042570312,77.2668845275,158.976496573,0.0100509781944,0.0149986780478,0.0148146136666,0.0198825275442
2011-03-25 14:00:00,0.0102868467228,85.4731682204,211.968533229,0.0100285593425,74.6871277893,0.00491183131948,171.694435177,282.624669628,92.2063215056,0.0100252091715,0.01039233473,134.473377313,64.1054129741,0.0100566101353,0.0100188425788,92.2063522822,0.0100501711018,0.0100132483462,92.2063303195,144.492515968,52.2161285773,0.015123842336,0.0100095508613,0.0102718449784,143.876278658,158.976527206,0.01008406187,0.0150048080227,0.0149477117798,49.8584632922
2011-03-25 15:00:00,0.010408133828,85.4731839581,211.96869048,0.0100914692552,128.771062911,0.00491001702775,171.694532369,282.624672779,211.968520356,92.2059106495,0.0460376332484,134.473380013,85.4738109945,0.0101295822784,0.0198668269643,92.2064608259,0.0104069699966,0.0100378886795,92.2063424267,211.967954813,211.967398397,0.015151044354,0.0100143801533,0.0103717170107,143.876281139,158.976711313,0.0104626865816,0.0150911579164,0.0149875472844,49.85905795
2011-03-25 16:00:00,110.385943162,196.489896725,261.689919546,0.0126896283213,171.694528208,0.00490823810229,211.968552999,282.624674247,211.968528329,92.2072024574,0.0470044836238,134.473386671,85.4738704021,0.0143016788008,0.0199501749422,211.968543773,92.2065613531,0.012462346394,211.96854416,211.968536164,211.968532287,0.0151682214094,147.15198997,211.967693596,143.876283054,211.968385916,74.6878245586,92.2058441957,0.0153237778293,114.617867564
2011-03-25 17:00:00,110.385966902,196.490015353,261.689929409,0.0127321230116,171.694542135,0.00490652341598,211.968637013,282.624675019,211.968530505,92.2072081088,0.0470201830062,166.016443518,85.4738772966,0.0143345686662,0.0199539018091,211.968550036,92.206566752,0.012470438247,211.968558085,332.157884861,211.968529013,0.0347132999048,147.151992292,211.967734692,177.625043113,211.968656691,74.6878369154,92.2059249311,0.0175540165823,114.617970557
2011-03-25 18:00:00,110.385968043,196.490028074,261.689933331,0.0127408090073,171.694543599,0.00490485494248,211.968642404,282.624675878,211.968530152,92.2072108812,0.0470233599689,166.016626742,85.4738779851,0.0143414980296,0.0199549613539,211.968551774,92.2065687227,0.0124726072707,211.968568209,332.166583492,211.968538848,0.0348277599598,147.151992619,211.96774208,177.625044907,211.96868999,74.6878404961,92.2078683934,0.0187973468922,114.61799715
2011-03-25 19:00:00,110.385965676,196.49003237,261.689932003,0.0127407875687,171.694543695,0.00490297889259,211.968643567,282.624676511,211.968530016,92.2072115506,0.0470215816859,166.016632989,85.4738776666,0.0143427812522,0.0199551867622,211.968552305,92.2065690525,0.0124731346664,211.968560391,332.166605607,211.968544855,0.0348000708819,147.151992678,211.967743534,177.625045167,211.968699176,74.6878416666,92.207287861,0.0175055216742,114.618001158
2011-03-25 20:00:00,110.385963669,196.49004531,261.68993049,0.0127398420964,171.694543626,0.00490100875785,211.968643381,282.624675483,211.968527735,92.2072116819,0.0470187860775,166.016634425,85.4738773357,0.0143433848251,0.0199550221491,211.968552411,92.2065690203,0.0124731590934,211.968558292,332.166601862,211.968520628,0.0348120326558,147.15199266,211.967742169,177.625045223,211.968693201,74.6878418558,92.2062453635,0.0152256806777,114.617980576
2011-03-25 21:00:00,110.385963212,196.490047014,261.689929753,0.0127382452005,171.694544098,0.00489904106984,211.968643161,282.624674992,211.96852932,92.2072117803,0.0470156530374,166.016634935,85.4738768034,0.014341979028,0.0199545644978,211.968552229,92.2065687392,0.0124726593462,211.968557533,332.166595,211.968479679,0.0348293561841,147.151992601,211.96774098,177.625045211,211.968687715,74.6878417064,92.2060120727,0.0151178348387,114.617994699
2011-03-25 22:00:00,110.385960043,196.490018269,261.689929102,0.0127351460225,171.694543956,0.00489706908279,211.968642287,282.624674423,211.968528863,92.2072110745,0.0470111903082,166.016634852,85.4738763475,0.0143397181763,0.0199542531708,211.968552069,92.2065681004,0.0124719564199,211.968555186,332.16657899,211.967792951,0.0348323752048,147.151992513,211.967739428,177.625045142,211.968683165,74.6878413311,92.2061011583,0.0150800676076,114.617990261
2011-03-25 23:00:00,110.385957159,92.2064447084,261.689928174,0.0127311907522,171.69454328,0.00489509548413,211.968640099,282.624673851,211.968528732,92.2072100735,0.0470050322947,166.016633412,85.4738761975,0.0143367908254,0.0199539362976,211.968551757,92.2065671251,0.0124707750852,211.96854826,332.166579871,211.967676405,0.0348351546528,147.151992433,211.967737076,177.625045057,211.968670085,74.6878406745,92.2074398681,0.0150881205379,114.617982033
2011-03-26 00:00:00,110.385954573,85.4731793741,261.689927127,0.012726833004,171.694543106,0.00489317490637,211.968639686,282.624673966,211.968531006,92.2072089915,0.0470016479535,166.016631499,85.4738757996,0.0143345597298,0.0199535339759,211.968551163,92.2065667587,0.0124691226804,211.968542488,332.166513548,211.967678661,0.0348409101193,147.151992351,211.967734511,177.625044961,211.968647087,74.6878395882,211.967357844,0.0152238305008,114.617813748
2011-03-26 01:00:00,110.385951037,85.4731783312,261.68992583,0.0127228720371,171.694542759,0.0048912893123,211.96863778,282.624673438,211.968530214,92.2072079323,0.0469949105272,166.016628805,85.473875067,0.0143324925701,0.0199529520278,211.968550908,92.2065660415,0.012467302112,211.968542132,332.165808619,211.967667293,0.0348414072357,147.15199222,211.967732098,177.625044871,211.968653265,74.687838663,211.967285453,0.0157763368427,114.617822732
2011-03-26 02:00:00,110.385946802,85.4731787746,261.689924793,0.0127185074941,171.694542454,0.00488946856927,211.968635841,282.624672516,211.968529627,92.2072065364,0.0469842658298,166.016626811,85.4738748592,0.0143295493868,0.0199522871843,211.96855045,92.2065651289,0.0124655080084,211.96854717,269.038126618,211.967676858,0.0348384942357,147.151992085,211.967728548,177.62504478,211.968643657,74.6878375957,211.955549177,0.0169265909005,114.617913844
2011-03-26 03:00:00,110.385943125,85.4731804803,261.689924804,0.0127118274632,171.694542349,0.00488768822753,211.968635925,282.624671345,211.968530414,92.2072040904,0.0469670571208,166.016624817,85.4738745082,0.0143257195215,0.0199509520842,211.968549797,92.206564106,0.0124638451815,211.968550298,249.128693419,211.967691346,0.0348401964369,147.151991916,211.967724256,177.625044666,211.968640588,74.6878361201,92.2073546508,0.0172480209892,114.617939688
2011-03-26 04:00:00,110.385938728,85.4731797933,261.689924429,0.0127055290452,171.694542395,0.00488592441668,211.968635061,282.624668562,211.968529853,92.207198332,0.0469140538276,166.016624274,85.4738744331,0.0143193011518,0.0199481914505,211.968548642,92.2065622338,0.0124611013025,211.968551751,269.054017593,211.968218636,0.0348408880565,147.151991626,211.967717557,177.625044524,211.968609597,74.6878331229,92.205915831,0.0172555469214,114.617921929
2011-03-26 05:00:00,110.385926736,85.4731772194,261.689924494,0.0126891160173,171.694542314,0.00488415786832,211.968633392,282.624665349,211.968529281,0.0178732146936,0.0463189050098,166.016623532,85.4738736445,0.0143035215304,0.0199159027245,211.968546929,92.2065579163,0.0124555468318,211.968551437,332.165593804,211.967684739,0.0348414699902,147.151990968,211.967702686,177.625044268,211.968600945,74.687826302,92.2050414458,0.0152404900232,114.617653562
2011-03-26 06:00:00,0.0243976284395,85.4731802047,261.68992237,0.0101977149244,171.694542218,0.00488247194393,211.96862938,282.624672376,211.968520471,0.0100240963652,0.0199562139335,166.016615603,85.4738684268,0.0102712201444,0.0100455710122,211.96851827,0.0151069265982,0.0100619266076,211.968535174,332.166376734,211.967661869,0.034844973889,147.151936445,211.966579349,177.625043856,211.968590374,60.4969192535,0.0150196516245,0.0148550023055,49.8587971515
2011-03-26 07:00:00,0.0240867286393,85.4731688555,261.689870928,0.0101180678647,171.69453785,0.00488079574955,211.968514951,282.624671992,171.694519496,0.0100094420668,0.0161046553892,166.016572314,85.4738179457,0.0100938381305,0.0100347649358,171.694521412,0.0150931850667,0.0100458383949,171.694508731,332.16655235,211.967703238,0.0348482756277,0.0100126136081,0.010699923338,177.625039828,211.967617995,60.4968437549,0.0149984212934,0.0145962173931,49.8578716006
2011-03-26 08:00:00,0.0150706180003,0.0150235632929,211.968485724,0.0100642604387,139.07260082,0.00487910728087,158.976604465,282.624671939,171.694512199,0.0100026291191,0.0100975616314,166.016484939,64.1054019098,0.0100600758581,0.0100061474497,171.694516412,0.0150129501642,0.0100061191868,171.694501386,332.166277993,211.967690574,0.034853108319,0.0100105657992,0.010650979552,0.0150256736451,158.976491835,60.4968321321,0.0149941339909,0.014304802757,0.0152938262529
2011-03-26 09:00:00,0.0148965986754,0.0150072739978,113.835154273,0.0100195604781,139.072568465,0.00487728644248,158.976582481,282.62467153,171.694508652,0.0100014829865,0.010007207359,134.473519057,64.1052766057,0.0100133537544,0.0100025183061,158.977241661,0.0100067192329,0.0100026151201,158.975416525,249.124732997,211.967634796,0.0348568590259,0.0100020402519,0.0100331250891,0.0149984456249,158.97639878,60.4968113397,0.014991887504,0.0139377711194,0.0149861908932
2011-03-26 10:00:00,0.0100351366961,0.0150048482794,113.835120917,0.0100132505655,128.768638389,0.00487532896212,92.2063817664,282.624661426,171.69449294,0.0100012303061,0.0100051441002,134.473488176,0.0100137819433,0.0100080376256,0.010002026244,92.2068190094,0.0100034888289,0.0100019596862,92.2063321696,211.968653827,92.2060416742,0.0348571098299,0.0100007146286,0.0100109906241,0.0149963601881,158.976349653,56.0158036672,0.0149932294218,0.0138555526439,0.0149862050653
2011-03-26 11:00:00,0.01004640619,0.0150061705684,113.835114904,0.0100133524675,74.6871277054,0.00487334119403,92.2063970089,211.968607393,171.694437792,0.0100015112447,0.0100059642071,134.473497977,0.0100086061551,0.0100079741781,0.0100033177709,158.976856561,0.0100039272656,0.0100020421617,92.2063329509,211.968619599,92.2059154981,0.0348562004495,0.0100005460138,0.0100084071364,0.0149479887695,158.976280615,60.49652311,0.0149943787545,0.0139461560324,0.0150543597898
2011-03-26 12:00:00,0.0150263872686,85.4731815688,113.835119797,0.0100205940759,74.6871266955,0.00487142838728,158.976539152,211.968569511,171.694509401,0.010002715449,0.0100150034009,134.473487012,0.0100143533837,0.0100140648918,0.010010249684,171.694516548,0.0100101802189,0.010003083831,158.976387687,211.968592718,92.205917255,0.0348517944054,0.0100006891524,0.010015709324,0.0147443177113,158.976274096,56.0159242455,0.0149971900007,0.0144163144976,0.0201122690877
2011-03-26 13:00:00,0.0240772151947,85.4731969724,113.835121166,0.0100994818441,74.6871271014,0.0048695673564,158.976584552,211.968570073,171.694514136,0.0100099232924,0.0160826670978,134.473481904,64.1053337341,0.0100566179182,0.0100390668725,171.694519896,0.0150952516369,0.010056730407,158.976410886,211.968575399,52.2162318907,0.0348529301182,0.0100020127198,0.0105117173378,0.01493001397,158.976345063,60.4967879545,0.0149990701908,0.0145931048904,49.8577639843
2011-03-26 14:00:00,0.0241116464219,92.206725338,113.835122474,0.0101233521153,128.770624618,0.00486769734327,158.976593393,211.96856908,171.694618233,0.0100247735357,0.0161368104936,134.473484361,64.1054053777,0.0100905828902,0.0100518162666,171.69452591,0.0151045140841,0.0100728937251,171.694507924,249.124218072,52.2163561449,0.0348551059149,0.0100107476101,0.0106712502268,0.0149958857504,158.976380319,60.4968325097,0.0150120069419,0.0148657324422,49.8584640137
2011-03-26 15:00:00,110.385761036,211.968440248,113.835303104,0.0102780841042,139.072570661,0.00486590355269,158.976596046,211.968575728,211.968531588,0.0226242022156,0.0200104812511,134.473497259,85.4737982025,0.0101748962707,0.0200024289354,211.968514703,211.968468175,0.0123834232319,211.968556768,332.164593854,211.967633716,0.0348605900655,0.0100131214577,0.0108110502445,0.0149974012417,158.976466068,60.4969236302,0.0155011407258,0.0149851853043,114.616549793
2011-03-26 16:00:00,110.385940198,211.968462636,211.968553725,0.0129856302535,171.694530759,0.00486430975341,158.976612259,211.968872047,211.968547587,0.0234208157374,0.0203475701199,134.473488616,85.4738645308,0.0177525565737,0.0245518293733,211.968544021,211.968540914,0.0124462299264,211.968573962,332.166562028,211.968445269,0.0349012761053,64.0111206691,223.743915732,0.0149987368569,158.976868119,74.687464158,92.2057861277,0.0152582626587,114.617538461
2011-03-26 17:00:00,110.385954163,211.968487109,261.689921324,0.0130182968399,171.694541806,0.00486265251476,211.968511135,282.624671603,211.968550863,0.0234272932982,0.0203589015494,166.016378518,85.4738712287,0.017824700929,0.0245629891213,211.968546653,211.968548107,0.0124518177503,211.96857699,332.166604115,211.968261278,0.0349094514526,64.0111250251,223.744397386,0.0185153562962,211.968329967,74.6874705971,92.2058326382,0.0167858614891,114.617855994
2011-03-26 18:00:00,110.385955573,211.968475211,261.689928409,0.0130266084055,171.694542348,0.00486098448896,211.96852074,211.968596143,211.968551998,0.0234299541551,0.0203575613414,166.016638155,85.4738718825,0.0178350615493,0.0245663393976,211.968547431,211.968550582,0.012453521411,211.968579617,332.166623313,211.968503205,0.0349221762966,64.0111254951,223.744424656,0.0185164740004,211.968472385,74.6874722991,92.2058773738,0.016938564006,114.617868516
2011-03-26 19:00:00,110.385954772,211.968473896,261.689927861,0.0130269645466,171.694542204,0.00485902819202,211.968527334,211.96871807,211.96855152,0.0234306335934,0.0203578811099,166.016642881,85.4738713252,0.0178378990482,0.0245694470915,211.968547749,211.96855228,0.0124538066276,211.968578337,332.166646498,211.968518934,0.0348699687661,64.011125602,223.744432663,0.0185166160276,211.968491304,74.6874728311,92.2058860961,0.0153931143846,114.617724897
2011-03-26 20:00:00,110.38595352,211.968503203,261.689925981,0.0130253748717,171.694542038,0.00485701263448,211.968529347,211.968644443,211.96855031,0.0234309611799,0.0203574969183,166.01664297,85.4738713035,0.0178393813916,0.0245710319935,211.968547885,211.968552768,0.0124536689466,211.968577486,332.16663801,211.968031522,0.0348589431172,64.0111256112,223.744432792,0.0185166455786,211.968486317,74.6874726386,92.2059013048,0.0150764177741,114.617505042
2011-03-26 21:00:00,110.385954003,211.968490949,261.68992501,0.0130234596852,171.694542372,0.00485511506747,211.968531805,211.96887087,211.968548854,0.0234310919752,0.0203572773796,166.016642569,85.4738710714,0.0178390472183,0.0245717641384,211.968548002,211.96855294,0.0124533909198,211.968577192,332.166621154,211.967669445,0.0348524818161,64.0111255831,223.744427723,0.0185165685309,211.968511465,74.6874726474,92.2059067598,0.0150302493644,114.617374922
2011-03-26 22:00:00,110.385951859,211.968472936,261.689923686,0.0130200389536,171.694542317,0.00485316714265,211.968533479,211.968657934,211.968546735,0.0234306838194,0.0203552293698,166.016641631,85.4738706602,0.0178366835545,0.0245718898044,211.968547937,211.968552343,0.0124525480157,211.968575893,332.166608551,211.967641795,0.0348470738777,64.011125522,223.744418895,0.0185164042108,211.968521453,74.6874723821,92.2059116339,0.0149888775518,114.617150778
2011-03-26 23:00:00,110.385949591,211.968466915,261.689923003,0.0130158963876,171.694541919,0.00485120773083,211.968533803,211.968590841,211.968543465,0.0234298955179,0.0203525548468,166.016638591,85.4738705036,0.0178340714163,0.0245713334248,211.968547751,211.968550922,0.0124512135494,211.968575128,332.16660381,92.20598836,0.0348424305496,64.0111254584,223.744405488,0.0185161146142,211.968533083,74.6874717399,92.2059145267,0.0149592460716,114.615260927
2011-03-27 00:00:00,110.385947422,211.968462371,261.689924107,0.013012099687,171.694541653,0.00484932797103,211.968534139,282.624558581,211.968539763,0.0234292116139,0.0203486949361,166.0166275,85.4738699994,0.0178319287768,0.0245712060566,211.968547594,211.968551311,0.0124498807881,211.968574862,332.166593637,52.2161245434,0.0348423533654,64.0111253669,223.744395886,0.0185154735264,211.968544365,74.6874712683,92.2058990861,0.0149581571337,49.8588899583
2011-03-27 01:00:00,110.385946769,211.968460818,261.689922711,0.0130075139406,171.694540943,0.00484745957208,211.968532977,211.968608656,211.968537343,0.0234285749693,0.0203497569386,166.016610788,85.4738700485,0.0178303056099,0.0245694773296,211.968547343,211.968550887,0.0124476852811,211.968574798,332.16655825,52.2160946669,0.0348392849564,64.0111252715,223.744384392,0.0185153755448,211.968529061,74.6874701222,92.2058690584,0.0149474949052,49.8588309639
2011-03-27 02:00:00,110.385945373,211.968459977,261.689921064,0.0130042092814,171.694540048,0.00484561548264,211.968532465,211.96858839,211.968536122,0.0234274462663,0.0203491984159,166.01658101,85.4738693597,0.0178283239878,0.024565002375,211.968546931,211.968551238,0.0124464891882,211.968574778,332.166411622,52.2160838451,0.0348410208693,64.0111251618,223.744375201,0.0185153755482,211.968526877,74.687469073,92.2058416407,0.0149608514649,49.8588094478
2011-03-27 03:00:00,110.385945221,211.968458927,261.689921507,0.0129991327324,171.694539665,0.00484389121571,211.968532697,211.968600941,211.968536088,0.0234258839743,0.0203475220038,166.016573424,85.4738693266,0.0178273673403,0.0245643014964,211.968546006,211.968551623,0.0124451082405,211.968574709,332.166084823,52.2160779629,0.0348427945592,64.01112501,223.74438846,0.0185152462059,211.968516515,74.6874671091,92.20580405,0.0149495354103,49.858810424
2011-03-27 04:00:00,110.385944397,211.968451679,261.689922206,0.0129911777973,171.694539283,0.00484211711368,211.968532844,211.968629374,211.968534319,0.023422503708,0.020344951398,166.016569849,85.4738689238,0.0178261465688,0.0245639877055,211.968544664,211.968552031,0.0124433663315,211.968574391,332.165425856,52.2160732184,0.0348430586615,64.0111247562,223.744408341,0.0185149100329,211.968506859,74.6874636951,92.2056130784,0.014967714324,49.8587941571
2011-03-27 05:00:00,110.385944051,92.2066647735,261.689922675,0.0129754659657,171.694539322,0.00484038931103,211.968531738,282.62463393,211.968530149,0.0233945723473,0.0203157644234,166.016572078,85.4738681946,0.0178235934386,0.0244670285917,211.968541618,211.96855236,0.0124391271757,211.968574113,332.166097238,52.2160643618,0.0348423644401,64.0111240876,223.744427841,0.0185140935378,211.968497382,74.6874542758,0.0151912350935,0.0149446385709,0.0202782380916
2011-03-27 06:00:00,110.385917397,92.2062845423,261.689923511,0.0102543798637,171.694539325,0.0048386490429,211.968530081,282.624668586,92.206313647,0.01760127178,0.0199726787719,166.016570277,85.4738661229,0.0177917329216,0.0199488448907,92.2068328914,211.967757006,0.0102370279477,211.968568494,332.166506494,0.0151157807052,0.0348489846186,64.0110890485,223.744439299,0.0185147806943,211.968483064,56.0154718618,0.0150120906597,0.0147671236225,0.0163047127001
2011-03-27 07:00:00,89.41260752,92.206278531,211.968550743,0.0101574827684,171.694526088,0.00483693247344,211.965790949,282.624668174,74.6871120002,0.0175837538572,0.0164530259059,166.016523691,85.4738632038,0.0156002028024,0.0199067528796,92.2067176106,171.694536952,0.0100424354415,211.968499226,332.166563181,0.0150061367783,0.0348457024845,0.0150137788663,223.744417502,0.0150012422855,211.938260357,56.0154310764,0.014992061308,0.0145436074796,0.0152651231581
2011-03-27 08:00:00,89.4124702418,92.2062692892,113.835166494,0.0100270336356,139.072590125,0.00483517761405,92.2063729505,282.624669633,0.0200754983579,0.0175698429102,0.0164193536065,166.016122269,85.4738503847,0.0144325840401,0.0199040590338,92.2067017644,171.694533572,0.010027394748,92.20633772,332.164983893,0.0150047839405,0.0348289599608,0.0150119949524,223.744327326,0.0149989022722,158.976396256,56.0153901435,0.0149788535114,0.0141739231507,0.01497893297
2011-03-27 09:00:00,82.7895083639,0.015051132856,113.835122348,0.0100079970826,139.072578447,0.00483338129431,92.2063601936,282.624670902,0.014876711437,0.0100280731195,0.0100418289014,134.473493564,85.4737824129,0.0143953134176,0.0199024815732,0.0100119975019,171.694532961,0.0100033459977,92.2063305052,211.969485917,0.0150034301622,0.0152732209931,0.0100055605879,223.744316391,0.0149980207004,158.976334889,0.01012952997,0.0149631833708,0.0137749116482,0.0148763577951
2011-03-27 10:00:00,82.7894946013,0.0150092595672,113.835118036,0.0100059349048,139.072576709,0.00483155497235,92.2062653359,282.624668379,0.0100084899897,0.0100071046441,0.0100110982563,134.473485992,64.1054861154,0.0101114954777,0.0199021631158,0.0100047585485,171.694533764,0.0100019362378,92.2063263551,211.968583595,0.0150028176093,0.0151605005648,0.0100009462016,223.744217965,0.0149974580039,158.976281843,0.0100461599831,0.0149471333611,0.0137654459827,0.0146676352807
2011-03-27 11:00:00,82.7894966635,0.0150060407531,113.835112431,0.0100077351064,139.072573257,0.00482971596214,0.0149934874233,282.624661071,0.0100099715433,0.010007422682,0.0100082739545,134.473483583,64.1054541926,0.0100154875005,0.0199034777483,0.0100041404097,171.694535646,0.0100020339287,0.0200057774642,211.968561465,0.0150023893417,0.0151490621796,0.0100008598669,211.968426138,0.0149970572067,158.976218487,56.0148159185,0.0149550143653,0.0138377703577,0.0148079073313
2011-03-27 12:00:00,82.7895299676,0.0150079121114,113.835110826,0.0100185268503,128.770972067,0.00482787429202,0.0148951818076,282.624668889,0.0149963911103,0.0102133071717,0.0100180329598,134.473482727,64.1054493923,0.0100157141676,0.0199058745736,0.0100084719193,171.694538008,0.0100025148289,0.0199952747857,211.968793743,0.0150032573455,0.0151427297653,0.0100020158211,181.233082014,0.0149972345018,158.97620262,56.0154139012,0.0149747482415,0.0142765590475,0.0149616193336
2011-03-27 13:00:00,89.4125959367,0.0151714846396,113.835118293,0.0101523108114,128.77094644,0.00482599682792,0.0200980462553,282.624658926,74.6870872944,0.0175758204857,0.0164347790603,134.473485075,64.1054656242,0.010122608794,0.0199120974413,92.2067104025,171.69454454,0.0100066875039,0.0200668792394,211.969048676,0.015002713247,0.0150268219553,0.0150086147608,181.233059856,0.0149971601539,158.976297079,56.01542102,0.0149898891796,0.0145362549007,0.0150210024511
2011-03-27 14:00:00,89.4127905205,92.206276457,113.835122361,0.0101837172454,139.072572844,0.00482420574013,92.2063538149,282.624612963,74.6871148723,0.0175908102365,0.0165082564768,134.473487971,85.4736280464,0.014390722701,0.0199528216502,92.2067201717,211.968400705,0.0100338373719,92.2063302421,269.054635217,0.0150031664971,0.0150222174654,0.0150126814109,181.23306983,0.0149979383524,158.976356123,56.0154424306,0.0150093323697,0.0148168832253,0.0159679691989
2011-03-27 15:00:00,110.385932563,92.206283984,113.835182681,0.0103207927843,139.072577921,0.00482244256497,92.2063701268,282.624670098,92.2063150713,211.968389258,0.0204368583507,134.473491759,85.4738555044,0.0144411786848,0.0200181958351,92.207398178,211.968545694,0.0100681762174,92.2063432355,332.166575981,0.0150095884319,0.0151387415264,0.0150160404576,211.968443937,0.0149985772562,158.976457315,74.6872861702,0.0150848383535,0.0149625643383,0.0270636972222
2011-03-27 16:00:00,110.385946399,92.2062895196,261.689890373,215.037790224,171.694525617,0.00482072821406,92.2069944352,282.624673756,92.2063304357,211.968504908,0.0468226593728,134.47352393,85.4738646286,226.16591453,0.0660361957331,211.968545905,211.968559551,211.968206058,211.968553886,332.166601037,52.2160065104,0.0151546584529,147.152066884,223.744444207,0.0149999027832,211.968243823,74.6874213853,0.0178584333221,0.0150080384527,49.8588167935
2011-03-27 17:00:00,110.385952513,92.2062928698,261.689926645,215.037937876,171.694541472,0.00481888682098,211.968600074,282.624674775,92.2064773775,211.96851069,0.0468405245873,166.016547343,85.4738675522,226.166023418,0.066073520305,211.968553916,211.96856341,211.968222339,211.968566633,332.166614297,52.2159489381,0.0151559184197,147.152070594,223.744489114,0.0153556771782,211.96850028,74.6874308358,0.0152221017942,0.0150173052039,49.8588388354
2011-03-27 18:00:00,110.385952403,92.2062879448,261.689930226,215.03795427,171.694542814,0.00481727330883,211.968628032,282.624675268,92.206337196,211.968513102,0.046840742969,166.016664505,85.4738679346,226.166037828,0.0660803361322,211.968555698,211.968564688,211.968225585,211.968573023,332.166624662,52.2160350266,0.0151462351336,147.152071105,223.744493004,0.018523757931,211.968526095,74.6874338407,0.0150463012103,0.0149953630406,49.8587991572
2011-03-27 19:00:00,110.385951348,92.2062889604,261.689929611,215.037958339,171.694542722,0.00481540461331,211.968631411,282.624675501,92.2063259019,211.96851398,0.0468417369789,166.016671408,85.4738677473,226.166041167,0.0660828709124,211.96855626,211.968564259,211.968226745,211.968566987,332.16670481,52.216026276,0.0150228918593,147.152071256,223.744485352,0.0185244629131,211.968537187,74.6874348168,0.0150105659057,0.0149839699921,0.0272885593755
2011-03-27 20:00:00,110.385951827,92.2062947303,261.68992849,215.037957297,171.694543126,0.00481344615935,211.9686328,282.624675247,92.2063218992,211.968514536,0.0468411690916,166.016673022,85.4738675534,226.166042335,0.0660834070265,211.968556642,211.968563579,211.968226758,211.968560182,332.166654967,52.2160150107,0.0150063295338,147.152071288,223.744481243,0.018524709118,211.968544149,74.6874351666,0.0150056713896,0.014968280013,0.0269393760079
2011-03-27 21:00:00,110.385948679,92.2063021734,261.689926807,215.037951205,171.694543231,0.00481142459014,211.968633639,282.624674904,92.206316371,211.968514334,0.0468388990384,166.016673434,85.4738666887,226.166037718,0.066083311891,211.968556803,211.968562795,211.968226532,211.968556802,332.166621677,52.2160291682,0.0150027439789,147.152071238,223.744460543,0.0185247730011,211.968538619,74.6874351821,0.0150040164024,0.0149437191023,0.0204789974276
2011-03-27 22:00:00,110.385946447,92.2062938214,261.689924715,215.037941114,171.694542952,0.00480952028191,211.968632788,282.62467412,92.2063124635,211.968513602,0.0468358951488,166.016672063,85.4738661865,226.16602833,0.0660835728087,211.968556949,211.968561609,211.968225103,211.968550291,332.166606516,52.2160343907,0.0150014359183,147.152071138,223.744451518,0.0185247225367,211.96821904,74.687435159,0.0150034062314,0.0149284999739,0.0201276913125
2011-03-27 23:00:00,110.385944279,92.2062914983,261.68992201,215.037932072,171.694542886,0.00480755161755,211.968632147,282.624673315,92.2063110506,211.968512946,0.0468345075527,166.016668974,85.4738659172,226.166026479,0.0660841086196,211.968557214,211.968560711,211.968223359,211.968524092,332.166602431,52.2160336414,0.0150011572967,147.152071035,223.744438262,0.0185246952578,211.968535901,74.6874346499,0.0150036499701,0.0149320568033,0.0200473262829
2011-03-28 00:00:00,110.385943466,92.2062901278,261.68992393,215.037928413,171.694542315,0.00480569795395,211.968633274,282.624674209,92.2063108205,211.96851233,0.0468303750844,166.016665229,85.4738657135,226.166025676,0.0660853108981,211.968557036,211.968560131,211.968220818,171.694538801,332.166593755,52.2160409151,0.0150010482603,147.152070932,223.744430541,0.0185249659063,211.968531911,74.6874338794,0.0150043947293,0.0149220233002,0.0200223111314
2011-03-28 01:00:00,110.385942482,92.2062911303,261.689922561,215.037922258,171.694542037,0.00480390323969,211.968633111,282.624674192,92.2063105212,211.968511905,0.0468333763556,166.016662107,85.473865567,226.166020506,0.0660860858297,211.968556948,211.968559547,211.968219087,171.694533669,332.166578158,52.2160429513,0.015001787691,147.152070844,223.744426932,0.0185251445358,211.968530331,74.687433269,0.0150038852108,0.0149295839621,0.0200178557727
2011-03-28 02:00:00,110.385944132,92.2062908989,261.68992155,215.037925942,171.694542063,0.00480215166388,211.968634036,282.624674074,92.2063103936,211.968511461,0.0468351054873,166.016659196,85.4738658188,226.166018382,0.0660868036617,211.968556854,211.968560344,211.968218581,171.694533659,332.166563078,52.2160439762,0.0150068878921,147.152070845,223.744436322,0.0185254016522,211.96851897,74.6874326144,0.0150043628577,0.0149485611577,0.0200231419184
2011-03-28 03:00:00,110.385950179,92.2062936273,261.689923098,215.037939051,171.694542723,0.00480048431741,211.968635012,282.624673985,92.2063106305,211.968510789,0.0468367477672,166.016662339,85.4738666563,226.166027367,0.0660877819356,211.968557089,211.968562572,211.968220789,211.968524554,332.16654818,52.2160500416,0.0151306647683,147.152070992,223.744460652,0.0185257479761,211.968505129,74.6874318177,0.0150082185954,0.0149682398307,0.0200606049886
2011-03-28 04:00:00,110.385957042,92.2062914093,261.689925833,215.037955168,171.694543537,0.00479910677274,211.968636726,282.624674273,92.2063114404,211.968510316,0.0468370868652,166.016665739,85.4738671407,226.166038551,0.066088773272,211.968557501,211.968565582,211.968223989,211.968553297,332.166538399,52.2160905471,0.0151633725928,147.152071245,223.744496374,0.0185260387332,211.96850391,74.68743047,0.0150181155871,0.0149781362906,0.020078154566
2011-03-28 05:00:00,110.385959286,92.2062874844,261.689928312,215.037966946,171.694544058,0.00479782850893,211.968637208,282.624675381,92.2063088749,211.968504999,0.0468177191908,166.016673282,85.4738675201,226.166050822,0.066088199032,211.968557064,211.968566199,211.96822409,211.968556124,332.16653917,92.2059601241,0.015638594688,147.152071379,223.744504984,0.0185261717867,211.968517138,74.6874234687,0.0150406482147,0.0149855103304,0.0200316352401
2011-03-28 06:00:00,110.385950373,92.2062873886,261.689928372,215.037935867,171.694544064,0.00479622037395,211.968635568,282.624678371,0.0200615099092,211.968323388,0.0205500742574,166.016677596,85.4738658635,226.166032523,0.0660853832184,211.96853987,211.968550042,171.694278806,211.968549541,332.166568734,211.968541631,0.0152421079633,147.152070317,223.74448038,0.0185261383121,211.968519653,74.6862781393,0.015022014111,0.0149855815442,0.019994378881
2011-03-28 07:00:00,110.385935623,92.2062580749,261.689902186,215.037889729,171.694542489,0.00479433002622,211.96855263,282.624678152,0.0200046660785,171.694484929,0.0203314020534,166.016678078,85.4738615098,226.166036674,0.0535662191178,171.694530061,171.695412769,171.694264371,92.2063910904,332.166578191,211.968544644,0.0191151302494,119.193179197,223.744437516,0.0185252852769,211.967857831,0.0101200129613,0.015019919156,0.0149858499986,0.01995403715
2011-03-28 08:00:00,110.385824568,0.0150125492681,211.968800827,215.037725839,171.694535614,0.00479231178713,92.2065964132,282.624676469,0.0199856916213,171.69447352,0.0200648793127,166.016642346,85.4738505556,226.16601062,0.0535324140501,171.694523923,171.694545042,171.694259301,92.20635326,332.166518128,211.968545591,0.0348382682981,119.193177563,223.74447219,0.0150077377499,158.976435423,0.0100843947398,0.0150124014525,0.0149878384011,0.0199115217879
2011-03-28 09:00:00,89.4125990925,0.0150044029908,211.96858508,174.181893494,139.072585828,0.0047902810745,92.206425458,282.624675826,0.0149994853634,0.0100195366116,0.0100241133253,166.016517694,85.473581987,226.165976465,0.0535283519004,0.0151048303997,171.694541851,171.69420963,92.2063312993,249.125288803,211.968545432,0.0348408297947,119.193177142,223.744465088,0.0150057286699,158.976373697,0.0100069721496,0.0150044948734,0.0150015446275,0.0199604993949
2011-03-28 10:00:00,82.7894996547,0.015002486036,211.968513629,174.180794252,139.072579968,0.00478838337882,92.2063532014,282.624675531,0.0149956301751,0.0100049368529,0.0100098988443,166.016456735,64.1054675282,226.165853036,0.0535172806012,0.0102826265256,171.694541877,171.693872947,92.2063298622,211.968577935,211.968541532,0.0348373507914,119.193176466,223.744419469,0.0150043861666,158.976334283,0.0100049355291,0.0150006071356,0.0150174508504,0.0200310643995
2011-03-28 11:00:00,82.7894885964,0.0150021149834,211.968512803,174.180770421,139.072577823,0.00478643216676,0.015169277616,282.624674636,0.0149981998989,0.0100070814366,0.0100096164718,166.016540055,64.1054602774,226.165726823,0.029052163712,158.97641661,171.694543164,171.694260664,92.2063295318,211.968551359,211.96852234,0.0347064453521,119.193176165,223.744260463,0.0149986663954,158.976248898,0.010004847595,0.0149984373368,0.0150248833477,0.0212721357545
2011-03-28 12:00:00,82.7895126039,0.0150083937938,211.968555538,174.180763339,139.072574199,0.0047846263175,92.2062336615,282.624673983,0.0150467070936,0.0100637998648,0.0193743686397,166.016611221,64.1054688443,183.198128694,0.0535102513578,171.694522713,171.694545516,171.694268179,92.2063302263,211.968562434,211.968525748,0.0151819888675,119.193176538,211.968617617,0.0149962011463,158.976290975,0.010006531988,0.0149989145719,0.0150226916839,49.8588944086
2011-03-28 13:00:00,82.7901279537,0.0150109813577,211.968568978,174.180770708,139.072576458,0.00478284681718,92.2063565247,282.624673633,0.0200553424635,171.694473118,0.0203133257635,166.016667036,64.1055519917,183.194592746,0.0535294866395,171.694527463,171.694551431,171.69428603,92.2063306292,211.968679898,211.968516642,0.0151646615222,119.193177459,181.233184443,0.0150020680826,158.976318309,0.010033759641,0.0150006513217,0.015001905184,114.616372356
2011-03-28 14:00:00,89.4126116039,92.2062882801,211.968794671,174.181039832,139.072578977,0.00478095164604,92.2063993871,282.624674204,92.2063132699,171.694486113,0.0203428458936,166.016674908,85.4736907045,183.194642581,0.0535361900313,171.694531821,211.968467327,211.968118021,92.2063382604,332.166128026,211.968537046,0.0151630496372,119.193178062,181.233085435,0.0150055482301,158.976370887,0.0101149230065,0.0150162280949,0.0151267634893,114.617578041
2011-03-28 15:00:00,110.385895252,92.2063032155,211.96883245,215.037949928,139.072582134,0.00477908361702,92.2065937435,282.624674819,211.96852885,211.968520334,0.0464970118429,166.016674629,85.4738476656,226.165988178,0.066019827752,211.968505721,211.968550994,211.96824894,92.2074280773,332.166567666,211.968550062,0.01519702494,119.193180732,223.744281637,0.0150070060369,158.976448658,0.0103673013796,0.0173113781239,0.0166299633172,114.617907359
2011-03-28 16:00:00,110.385935702,211.967602122,261.689922516,215.037972946,171.694537596,0.00477734161967,211.968544953,282.624675381,211.968537695,211.968603824,0.04683277064,166.016677591,85.4738614912,226.166058765,0.0661066232704,211.968558953,211.968563879,211.96825895,211.968573267,332.166585937,211.968550971,0.0347931856482,147.152071618,223.744490194,0.0151126719926,211.968253808,171.693957454,92.2058714649,0.0205776174689,114.617992747
2011-03-28 17:00:00,110.385945637,211.96849916,261.689931894,215.037981264,171.694542897,0.0047755109746,211.968633901,282.624675932,211.96854272,211.968610957,0.0468476676526,166.016681041,85.4738644896,226.166067037,0.0661110891,211.968563057,211.968566981,211.968263052,211.96857794,332.166598144,211.968550007,0.0348254974991,147.152072654,223.744501569,177.625034109,211.968530395,171.693971861,92.2059090917,0.0330644149664,114.618048639
2011-03-28 18:00:00,110.38594346,211.968516008,261.689939341,215.03798143,171.694543683,0.00477381157579,211.968641198,282.624677982,211.968544014,211.968613865,0.0468451319377,166.016682951,85.4738650461,226.166068286,0.0661126078175,211.968563898,211.968567016,211.968264123,211.968582302,332.166620159,211.968551943,0.0296506759551,147.152072848,223.744498725,177.625035576,211.968564381,171.693975227,92.2063117853,0.0329601609002,114.618115562
2011-03-28 19:00:00,110.385940302,211.968522843,261.689938849,215.037978643,171.694543467,0.00477210114443,211.968642608,282.624678018,211.968541167,211.968614578,0.046843122814,166.016683316,85.4738648631,226.16606622,0.0661128597864,211.968564172,211.968566261,211.968264473,211.968580539,332.166670207,211.968551872,0.0187260701974,147.152072831,223.744490932,177.625035794,211.968581582,171.693976069,211.962870198,0.0205593498224,114.618115872
2011-03-28 20:00:00,110.385939265,211.968528729,261.689934718,215.037974071,171.694543808,0.00477006358222,211.968643145,282.624675815,211.968539029,211.968614958,0.0468421685661,166.01668263,85.4738645624,226.166064479,0.0661125910605,211.968563994,211.968565356,211.96826418,211.968579061,332.166634905,211.968546648,0.0152739850189,147.152072766,223.744482484,177.62503589,211.968596329,171.693976368,211.964298808,0.0202643350527,114.61809686
2011-03-28 21:00:00,110.385935337,211.968531435,261.689930996,215.037966711,171.694543766,0.00476788694387,211.96864301,282.624674836,211.968537139,211.968614412,0.046840281484,166.01668122,85.4738641631,226.166058989,0.0661123051424,211.968563737,211.968564682,211.968263488,211.968577156,332.166607101,211.968528693,0.0151795323998,147.152072705,223.74446768,177.625035897,211.968599727,171.693976278,211.965569284,0.0181516965996,114.618069676
2011-03-28 22:00:00,110.38593215,211.96853397,261.689928229,215.037954909,171.69454326,0.00476581683938,211.968641456,282.624673561,211.968534409,211.968612758,0.0468384353908,166.016678407,85.4738635518,226.166050155,0.0661127085963,211.968563547,211.968563288,211.968262383,211.96857617,332.166594008,211.967667304,0.0151675450549,147.152072629,223.744455884,177.625035864,211.968597171,171.693976064,211.965828975,0.016659212904,114.618054838
2011-03-28 23:00:00,110.385929222,211.968536771,261.689926653,215.037945815,171.694543426,0.00476388527688,211.96863991,282.624671583,211.96853198,211.968610985,0.0468372361115,166.01667431,85.4738636938,226.166042043,0.0661139662162,211.968563602,211.968561812,211.96826038,211.968575376,332.166590239,158.973487627,0.0151627685858,147.152072543,223.744442386,177.625035844,211.968595299,171.693975516,211.965940616,0.0166609994244,114.618037154
2011-03-29 00:00:00,110.385927262,211.968539245,261.689925458,215.037939485,171.694543084,0.00476201916448,211.968639111,282.624672382,211.968529119,211.968610304,0.0468180101873,166.016669791,85.4738636814,226.166040671,0.0661146303382,211.96856341,211.968560234,211.968258342,211.968574069,332.166579958,211.967619426,0.0151573183274,147.152072477,223.74443167,177.625035821,211.968586532,171.693974985,211.966065786,0.0167802968359,114.618026966
2011-03-29 01:00:00,110.385925768,211.968542863,261.689924328,215.037930959,171.694542817,0.00476022316501,211.968639096,282.624672443,211.968527493,211.968610075,0.0468183690383,166.016667355,85.4738635593,226.166035611,0.0661158398723,211.968563126,211.968559189,211.968256658,211.968573412,332.166565611,92.2059295134,0.015151735778,147.152072377,223.744427475,177.625035849,211.968592298,171.69397424,211.966157165,0.0170490719335,114.618014469
2011-03-29 02:00:00,110.385926311,211.968548269,261.689923519,215.037925585,171.694542794,0.00475843351703,211.968639607,282.624671761,211.968525817,211.968610145,0.0468182650883,166.01666461,85.4738632077,226.166033067,0.0661166514455,211.96856285,211.968558696,211.968256169,211.968573652,332.166547669,52.2160376992,0.0151294354035,147.152072294,223.744422038,177.625035873,211.968592882,171.693973399,211.966639524,0.0200781375355,114.618007681
2011-03-29 03:00:00,110.38593056,211.968553755,261.689924172,215.037929926,171.694543121,0.004756754122,211.968640471,282.624671076,211.968524254,211.968611679,0.0468226868435,166.016662879,85.4738633553,226.166032616,0.0661172321643,211.968562784,211.968558728,211.968256669,211.968574639,332.16652738,52.2160191443,0.0150522837396,147.152072338,223.744433336,177.625036021,211.968593898,171.693972461,211.967371505,0.0203490300293,114.618000062
2011-03-29 04:00:00,110.385933834,211.968556758,261.689925824,215.037933634,171.694543639,0.00475534907633,211.968641856,282.624671765,211.968523913,211.968614112,0.046824747627,166.016662661,85.4738637562,226.166030942,0.066117781231,211.968562697,211.968558481,211.968258395,211.968575859,332.166513385,52.216014068,0.0150611387595,147.152072429,223.744442808,177.625036188,211.968591949,171.693970916,211.967398091,0.0209362042163,114.617951422
2011-03-29 05:00:00,110.385931798,211.968554689,261.689928071,215.03792819,171.694543692,0.00475405697798,211.968642179,282.624673894,211.968516262,211.96859684,0.0468072471232,166.016663577,85.4738641288,226.16601822,0.0661152311313,211.968560933,211.968553635,211.968258023,211.968575993,332.166513691,52.2160114849,0.0150535786286,147.152072334,223.74442302,177.625036198,211.968598821,171.693963319,211.965780726,0.0201300791712,114.617318913
2011-03-29 06:00:00,110.385881697,211.968549956,261.689927283,215.037830101,171.694543534,0.00475242841321,211.968639435,282.624675469,92.2063084449,211.967969031,0.0467570915244,166.01666072,85.4738612237,0.0166043491765,0.0541410198985,211.968498544,92.2062848209,211.968245797,211.968565696,332.166547052,52.2160128124,0.0150156657486,147.152070126,211.968513384,177.625036005,211.968563941,0.0104908460333,92.2058388247,0.015087326427,49.8587923698
2011-03-29 07:00:00,0.0102470031788,211.968544193,261.689906372,174.180220569,171.694541046,0.00475047991954,211.968557769,282.624675165,0.0200002500908,171.694583554,0.037915701966,166.016622503,85.4738461136,0.0101537395666,0.0535552028444,92.2063106203,0.0102907887403,171.694296621,92.2063392173,332.166561583,52.2160089376,0.0150110031184,110.364043205,0.0117532043528,177.625034812,211.96827346,0.0101285599724,74.6876221109,0.0148987237086,0.0340802205583
2011-03-29 08:00:00,0.0101852834664,211.968541184,211.968529696,174.180157579,171.694523172,0.00474849571949,171.69449683,282.624674769,0.0199813564679,171.694580035,0.0378938859358,124.512022627,64.1054692784,0.0100959764106,0.0535509221146,92.2063016638,0.0102792990618,171.694285074,92.20632914,332.166558721,52.2160053891,0.0150098838886,110.364040525,0.0117054441311,177.625009589,158.976555809,0.0100793397057,74.6862808214,0.0146833620084,0.0200088695305
2011-03-29 09:00:00,0.0100056042387,211.968539814,113.835130016,161.28250885,139.072572041,0.00474658113452,171.694458174,282.624673767,0.0149978256784,171.69457615,0.0378892095884,124.511988761,64.1054146901,0.0100132836894,0.0535384592475,0.0100518513593,0.0100124234378,171.694280864,0.020020867857,332.166529781,52.2160051103,0.0150073465316,110.362618725,0.0100771398559,143.876275926,158.976452614,0.0100070219558,0.0150599074318,0.014591299217,0.0199110672714
2011-03-29 10:00:00,0.0100032036347,211.968540212,113.835120851,161.278610968,128.770905072,0.00474456874054,92.2063627129,282.624673836,0.0149850710935,171.694569176,0.0378825315317,124.511851721,64.1034573058,0.0100065405135,0.0534387855082,0.0100064974734,0.0100050457967,171.694272369,0.0199995002069,249.125408154,52.2160042934,0.0150062079649,0.0100030627817,0.0100577962321,143.8762747,158.97641335,0.0100053141717,0.0150423784568,0.0146031866248,0.0198402146911
2011-03-29 11:00:00,0.0100031259838,211.968541884,113.835116758,161.278717913,74.6871276533,0.00474275554783,92.2063549305,282.624670617,0.0149934927688,171.694579908,0.0378733468891,0.0100066375206,64.1043792448,0.0100058996362,0.0535368181208,0.0100048058159,0.0100046047232,171.694245332,0.0199970124498,211.968776836,52.2160038856,0.0150063616099,0.0100028004101,0.0105600570701,143.876273168,158.976334094,0.0100060764373,0.0156401356212,0.0146852724431,0.0199714768374
2011-03-29 12:00:00,0.01000427329,211.968543509,113.83511652,174.180147059,74.6871263188,0.00474091479473,92.2063514434,282.624669741,0.0150015585763,171.694587791,0.0378564321527,0.0100050605999,64.1053569885,0.0100110784646,0.0535509603716,0.0100075841968,0.0100101021689,171.694261716,0.0199986691857,332.166403556,52.2160069954,0.015005913893,0.0149960217062,0.0116464331103,143.87622532,158.97636204,0.0100103826173,92.2057208455,0.0148707120527,0.0201713695275
2011-03-29 13:00:00,0.010017583265,211.96854527,113.835120733,174.180163519,74.6871259033,0.0047390546358,92.2063608837,282.624669821,0.0199815005378,211.968537271,0.0378838475061,0.010012181428,64.1054152015,0.0100483308101,0.053556222987,92.2062794431,0.0102691861965,171.694277425,0.0200007891184,332.166441759,52.2160076374,0.0150053352648,110.364009665,0.0116887245569,143.87626,158.976417805,0.0100948373482,92.2058756817,0.014945492565,0.0340309686835
2011-03-29 14:00:00,0.0102172105199,211.968549872,113.835140159,174.180183843,74.6871270981,0.00473716616472,171.694407635,282.624671582,0.0199990247905,211.968614769,0.0378939064925,72.2171402604,64.1054559557,0.0101415680203,0.053571306595,92.2063051717,0.010287537959,171.694283904,92.2063230057,332.166537573,52.2160127769,0.0150065919481,110.364040611,0.0117300835197,143.876273141,158.976466942,0.0101264172564,92.205890502,0.0149913794268,0.0344842839606
2011-03-29 15:00:00,0.0103229382071,211.968554779,211.968548956,174.181641558,139.072569391,0.00473532378683,171.694497368,282.624673185,92.2062935535,211.968628805,0.0467411585269,124.511984938,85.4738305556,0.0102613123248,0.0661447715658,92.2063325149,0.010365685663,171.694386675,92.2063325097,332.166515944,52.2164563993,0.0150154142913,110.364042936,0.0118073223852,143.87627437,158.976689428,0.0102756459852,92.2059112827,0.0150138928715,0.0455437925529
2011-03-29 16:00:00,110.385882291,211.968557483,261.689915494,215.037236104,171.694522427,0.00473358071376,211.968553368,282.624674127,211.96844698,211.968633722,0.0467789117953,124.511994498,85.473856329,0.0168939301198,0.0661530629072,211.968539711,211.968504301,211.968249384,211.968558854,332.166522713,92.2063342087,0.0151329733175,147.152069271,211.968348325,143.876275447,211.968461743,171.69371356,92.2059007445,0.0150165821654,0.0457100562338
2011-03-29 17:00:00,110.385909504,211.968558466,261.689927172,215.037253854,171.69453995,0.0047318233024,211.968627128,282.62467468,211.968513077,211.968635662,0.046782962785,166.015946658,85.4738609435,0.0169319586989,0.0661553731167,211.968549758,211.968511357,211.968253043,211.968576663,332.16653711,211.967667233,0.0151592132764,147.15207225,211.968401318,177.625030129,211.968619796,171.693731098,92.205911642,0.0150014695407,0.0457596430179
2011-03-29 18:00:00,110.385911063,211.968557712,261.689931146,215.037256767,171.69454142,0.00473012533609,211.968633283,282.624675151,211.968517598,211.968636569,0.0467775053662,166.016077438,85.4738616497,0.0169391391647,0.0661559275168,211.968551402,211.968513036,211.968253771,211.968577893,332.166523347,211.968527812,0.0151804536879,147.152072663,211.968409035,177.625031167,211.968641551,171.69373487,92.2058962512,0.0149835575615,0.045733838717
2011-03-29 19:00:00,110.385909882,211.96855597,261.68993145,215.037255228,171.694541484,0.00472837944094,211.968633572,282.624674525,211.968517841,211.968636558,0.0467732412254,166.016081588,85.4738617098,0.0169401000983,0.0661554598247,211.968551737,211.968513435,211.968253804,211.968577989,332.166521002,211.968544995,0.0152021173454,147.152072738,211.968409419,177.625031233,211.968658783,171.693735757,92.2058900536,0.0149757240924,0.0354443802292
2011-03-29 20:00:00,110.385909253,211.968555023,261.689929051,215.037252318,171.694541799,0.00472637698453,211.968634018,282.62467314,211.968516449,211.968636079,0.0467693206696,166.016082607,85.4738616099,0.0169402397059,0.0661546615472,211.96855159,211.968513501,211.968253307,211.96857774,332.16647849,211.968544826,0.0152633669008,147.15207271,211.968409407,177.625031166,211.968656847,171.693735979,92.205854119,0.0149678976059,0.0344170879936
2011-03-29 21:00:00,110.38590657,211.968551755,261.689926977,215.037247327,171.694541723,0.0047243763098,211.968633671,282.624671542,211.968511995,211.968634895,0.0467653496542,166.016082729,85.4738610637,0.0169385953201,0.0661537810445,211.968551408,211.968513527,211.968252296,211.96857723,332.166023612,211.968539931,0.033924049211,147.152072646,211.968408748,177.625031069,211.968652516,171.693735892,92.2057996672,0.0149574892421,0.0343789713141
2011-03-29 22:00:00,110.385904668,211.968547276,261.689924773,215.037241358,171.694541235,0.00472234504442,211.9686319,282.624667096,211.968504585,211.968632669,0.0467616510814,166.016082285,85.4738604919,0.0169355929207,0.066152969053,211.968551195,211.968513169,211.9682509,211.968576976,211.968578843,211.968531089,0.0348095325492,147.152072529,211.968407131,177.625030961,211.968635307,171.69373559,0.0192259856449,0.014951854394,0.0343858498633
2011-03-29 23:00:00,110.38590231,211.968544079,261.68992298,215.037233671,171.694541102,0.00472040908657,211.968629937,282.624643142,211.968504736,211.968629705,0.0467634403879,166.01608171,85.4738602145,0.0169335543765,0.066152260337,211.968551221,211.968512703,211.968248621,211.968576998,211.968535528,211.968517183,0.03483564321,147.152072441,211.968405366,177.625030872,211.968633405,171.693735103,0.0152924977774,0.0149494947401,0.0344699260908
2011-03-30 00:00:00,110.385901476,211.968545739,261.689922305,215.037228401,171.694540277,0.00471860101274,211.968630988,282.624620065,211.968501559,211.96862895,0.0467483848514,166.016081173,85.4738600289,0.0169327466256,0.0661517150708,211.96855112,211.96851205,211.968246203,211.968576975,92.2109755619,211.968528381,0.0348385072869,147.152072353,211.968403746,177.62503082,211.96862507,171.693734425,0.0196791921852,0.0149483972462,49.8587110254
2011-03-30 01:00:00,110.385899953,211.968543967,261.689921271,215.037223755,171.69453991,0.00471683491562,211.968628442,282.623196636,211.96851906,211.968627329,0.0467564170011,166.016080899,85.4738599605,0.016931141995,0.0661515002014,211.968550795,211.968511526,211.968243741,211.968577458,92.2065030077,211.968526901,0.0348451425229,147.152072299,211.968402046,177.625030743,211.968621298,171.693733708,0.0186447830146,0.014960361875,49.8588365617
2011-03-30 02:00:00,110.385900944,211.968544765,261.689920201,215.037218939,171.694539457,0.00471506399803,211.968626513,211.96857589,211.968523348,211.968626869,0.0467612978492,166.016080549,85.4738602607,0.0169298426802,0.0661511094581,211.968550535,211.968511138,211.96824165,211.968578243,92.2064255342,211.968533408,0.0348486683118,147.152072232,211.968401121,177.625030759,211.968616523,171.693732978,0.0151155650594,0.0149722639999,49.8589986453
2011-03-30 03:00:00,110.385904088,211.968548148,261.689919847,215.037216565,171.694539604,0.00471340756056,211.968626328,211.968559883,211.968525916,211.968627874,0.046763955345,166.016080266,85.4738599737,0.0169289841961,0.0661503515734,211.968550438,211.968510871,211.968240905,211.968579966,92.206402549,211.96853968,0.0348526588939,147.152072195,211.968400339,177.625030905,211.968597492,171.693732063,0.0150585980083,0.0149932996494,66.4779921251
2011-03-30 04:00:00,110.385906009,211.968550362,261.689920411,215.037212464,171.694539768,0.00471203784684,211.968627188,211.96855863,211.968529752,211.968630411,0.0467629028663,166.016080135,85.4738603705,0.0169268199042,0.0661487847651,211.968550253,211.968510284,211.968239413,211.968583864,92.206386752,211.968547451,0.0348641185864,147.15207222,211.968400967,177.62503102,211.968593742,171.693730323,0.0150593400872,0.0150121662721,66.4782314967
2011-03-30 05:00:00,110.385904065,211.968548856,261.689920709,215.037194284,171.694539402,0.00471091067111,211.968625734,211.968561975,211.968530928,211.96862615,0.0467286760504,166.016080246,85.4738611135,0.0169191512559,0.0661349308035,211.968548468,211.96850564,211.968225714,211.96859078,92.2063704422,211.968552608,0.0351070562332,147.152072047,211.968391405,177.625030942,211.968599515,171.693720808,0.0150713858476,0.0150170198973,66.4782571897
2011-03-30 06:00:00,110.385846278,211.968546006,261.689916212,0.0103265176855,171.694538505,0.00470921831756,211.96861917,211.968563472,211.968520708,211.968573903,0.0202622891917,166.016079977,85.4738598899,0.0105299004023,0.0200157152473,211.968452601,0.0101926621947,0.0100688666519,211.96857827,92.2064219374,211.968555807,0.0355697738256,147.152068529,211.967746836,177.625030551,211.968588042,0.0102173851774,0.0150497342896,0.0149987210207,66.4780848484
2011-03-30 07:00:00,0.0101707859456,211.968542431,261.689822684,0.0101269124674,171.694529324,0.00470715932714,211.96853033,211.968554422,171.694505437,171.694614891,0.0200753510653,166.016077508,85.4738559444,0.010090978951,0.0199938073573,92.2063266952,0.0100519791526,0.0100278209977,211.968566911,92.2064340482,211.968555985,0.0361237315986,110.364042638,0.0102489149668,177.625026095,211.968553585,0.0100549335347,0.01502169423,0.0149667180499,49.8590354312
2011-03-30 08:00:00,0.0101058704989,211.968536513,113.83483708,0.0100264095642,74.6871245807,0.00470510939853,92.2063670567,92.206332014,171.694488671,171.694597755,0.0199900872591,166.016062557,85.4738441963,0.0100420377117,0.0199792077467,92.2063173645,0.010036720995,0.0100093469073,171.694538099,92.2063938723,211.968555502,0.0358905467151,110.364040358,0.0102030430065,133.218605468,211.968440918,0.0100166006937,0.0150104600299,0.0148112832483,49.8587911973
2011-03-30 09:00:00,0.0100058052849,211.968528444,113.8323531,0.0100097508275,0.0216928972684,0.00470315095323,74.6875414681,92.2063255031,92.2063156345,171.694595119,0.0100978609978,134.473017767,85.4738239017,0.0100098596856,0.0101607862369,0.0100980705253,0.0100046982203,0.0100031588646,158.975632277,92.2063756084,211.968555231,0.0355976379556,64.0111828388,0.0100368280029,133.218603048,158.976530982,0.0100053590789,0.0150032953862,0.0146213643687,49.858601763
2011-03-30 10:00:00,0.0100035345896,211.968521386,0.0200358543947,0.0100079102901,0.0200004624707,0.00470114208543,74.6871773536,92.2063127333,92.2063123666,171.694594579,0.0102333891938,134.473009981,85.4730978519,0.0100059540817,0.0100280407814,0.0100068879631,0.0100026397916,0.0100023745638,92.206331009,0.0150181378015,211.968554741,0.0352805508192,0.0100023329766,0.0100190860753,77.2668905238,158.976811344,0.0100039382805,0.0150048878576,0.0145697326702,49.8584892035
2011-03-30 11:00:00,0.0100032838321,211.968521319,0.0200027511173,0.0100108307306,0.0199878326551,0.00469924420364,69.1578202762,92.2062369422,92.2063132877,171.694595106,0.0199724592692,134.472893336,64.1055529468,0.0100056347515,0.0199147437355,0.0100052011057,0.0100026545053,0.0100024229084,92.2063293988,0.0150104617935,211.968553925,0.0351457019441,0.0100029270399,0.0100146167227,0.0149488883418,211.966951592,0.0100039703982,0.0150220403187,0.0145695555525,49.8585882487
2011-03-30 12:00:00,0.0100041300107,211.968527236,0.0200349405429,0.0100207581519,0.0199913297003,0.00469747215665,74.6871861606,92.2063214703,92.2063702117,171.694596075,0.0199976550259,72.2171770969,64.1055033541,0.0100079913981,0.0199858396745,0.0100094354373,0.0100042468596,0.0100033778082,92.2063303892,0.0150163752386,211.968554503,0.0354593936091,0.0149813100886,0.0100223398981,0.0100049599377,211.968299513,0.0100055836094,0.0159329561817,0.0147217197304,49.8587539026
2011-03-30 13:00:00,0.0100111313631,211.968535573,92.2062547888,0.0100749684428,0.0150030680866,0.00469560631944,74.687178544,92.2063222831,171.694500139,171.694597154,0.0200657939295,134.472889824,64.1055006004,0.01002340229,0.0199914515526,92.2063051376,0.0100292765925,0.0100106819638,92.2063315249,0.0150403589275,211.96855297,0.0352769542059,110.364035172,0.0100779521093,0.0149986253153,158.978015923,0.0100182327129,92.205961587,0.0150038148263,49.8588800454
2011-03-30 14:00:00,0.0101400180451,211.968543497,92.2063389833,0.0101403982986,0.0199979796034,0.00469371009241,74.6871922591,92.2063236625,171.694545435,171.694627215,0.0200893668105,134.473000407,85.4729878686,0.0100818014242,0.0199980070621,92.2063231633,0.0100511161023,0.010028908326,158.976441682,92.2063685044,211.968551301,0.0351576097451,110.364040845,0.0102250235487,133.21859894,158.976598563,0.0100546411769,211.967234498,0.0317278834491,114.616684537
2011-03-30 15:00:00,0.0102323823445,211.968547785,113.834823841,0.0103098993788,0.0216872274401,0.00469184699734,92.2063622664,92.206325847,211.968531697,211.968585183,0.020380191249,134.473008613,85.4738426783,0.010171243841,0.0246737119493,92.2063659362,0.0101372849718,0.0100883470454,211.968542364,92.2064038145,211.96855112,0.0350783695995,110.364043816,0.0103005554092,133.218603151,211.967859751,0.0101888268446,211.967958438,0.033507422311,114.617994293
2011-03-30 16:00:00,110.38586538,211.968551501,113.834835449,0.0133685636468,0.0267589493174,0.00469007525947,92.2063966648,211.968482206,211.968547394,211.968631208,0.0466616524945,134.473013084,85.473854761,0.0173335159077,0.024701742698,211.968534296,211.968492182,0.0144512130086,211.968569539,211.968526083,211.968551142,0.0348639527805,147.152064319,211.968356643,133.218605485,211.968251146,74.6883291285,211.968295031,0.0339313290207,114.618161995
2011-03-30 17:00:00,110.385894437,211.968553005,113.834988296,0.0134082125922,0.0267797622274,0.00468821330248,92.2063981019,211.968557013,211.968551983,211.968632895,0.0466773075947,166.015985414,85.4738584409,0.0173790012476,0.0247047985514,211.968543005,211.96849965,0.0144604321135,211.968575133,211.968573946,211.96854983,0.0348495380056,147.152066504,211.968412018,177.625027798,211.968323732,74.6883472744,211.968433721,0.0350153124356,114.618268713
2011-03-30 18:00:00,110.385896121,211.968552351,211.968542306,0.013416050215,0.0267813450621,0.00468663377886,92.2063961616,211.968558377,211.968552695,211.96863312,0.046677912449,166.016066661,85.4738592856,0.0173862592072,0.0247053282381,211.968544512,211.968501258,0.0144625134418,211.968576632,211.968597094,211.968553075,0.0348366826384,147.152066865,211.968420075,177.625030809,211.967145713,74.6883510107,211.968450818,0.0342933056174,114.618200827
2011-03-30 19:00:00,110.385895501,211.968551743,113.835083568,0.0134173004084,0.0267804573738,0.00468485700346,92.2063893456,211.968558739,211.968551699,211.968632469,0.0466769456033,166.016068855,85.4738591222,0.0173876645392,0.0247051122974,211.968544824,211.968501672,0.0144630719908,211.968575485,211.968541807,211.968553488,0.0151817191991,147.152066928,211.968421223,177.625031152,211.968079891,74.6883518534,211.968403457,0.0338512491373,114.618107994
2011-03-30 20:00:00,110.385895064,211.968552349,113.834982771,0.0134155735926,0.0267858599585,0.00468289984069,92.2063850431,211.968558044,211.968550287,211.968631524,0.0466757873905,166.016069163,85.4738587676,0.0173879230119,0.0247044754826,211.968544739,211.968501801,0.0144628991078,211.968574033,211.968444599,211.968551181,0.0151601611722,147.152066876,211.968420841,177.625031264,211.968232901,74.6883521843,211.96830565,0.0335572116509,114.618013817
2011-03-30 21:00:00,110.385892888,211.968551492,113.834953693,0.0134126017337,0.0267859754496,0.00468080597156,92.2063617443,211.968556949,211.968549274,211.96862985,0.0466763739545,166.016068956,85.4738581167,0.0173859780762,0.0247037034178,211.968544586,211.968501875,0.0144622147775,211.968571348,92.206376221,211.968544653,0.0151549519351,147.152066791,211.968419544,177.625031302,211.968073219,74.6883521726,211.968201414,0.0334587236375,114.617992678
2011-03-30 22:00:00,110.385891184,211.968550367,113.83483942,0.0134091849599,0.0267800728343,0.00467876954958,92.2063545746,211.968533764,211.968547809,211.968626922,0.0466741349043,166.016068147,85.4738578733,0.0173830583115,0.0247029935402,211.968544419,211.968501553,0.0144613248553,211.968567217,0.0150395362494,211.968494724,0.0151455536958,147.152066693,211.968417764,177.625031299,211.967531319,74.6883519589,211.96815782,0.0334183231901,114.617981411
2011-03-30 23:00:00,110.38588916,211.968549425,113.834837967,0.0134050091868,0.0267778812168,0.00467682353036,92.2063602661,92.2063254428,211.968546672,211.968623939,0.0466733502578,166.016067356,85.4738581272,0.0173807696572,0.0247023164978,211.968544441,211.968501108,0.0144598406192,211.968562783,0.0150094970046,211.967650706,0.0151421965175,147.152066589,211.968416933,177.625031296,92.2175347672,74.6883514599,211.968150178,0.033417254296,114.617978134
2011-03-31 00:00:00,110.385887087,211.968548657,113.834828592,0.0134015438898,0.0200619790666,0.0046750042976,92.2063517501,92.2063234754,211.968544774,211.968621295,0.0466676027829,166.016066735,85.4738577301,0.0173803169445,0.0247010454576,211.968544029,211.968500404,0.0144580565058,211.968559655,0.0150025094087,92.2060968356,0.0151564127897,147.15206643,211.968415007,177.625031328,122.939160527,74.6883507108,211.968163161,0.0333957959582,114.617995961
2011-03-31 01:00:00,110.385885974,211.968548075,113.834828048,0.0133993368483,0.020010685254,0.00467322698097,92.2063371573,92.2063178219,211.968543129,211.968618907,0.046667838511,166.016066077,85.4738576028,0.0173785601859,0.0247010454678,211.968543721,211.968499903,0.0144565293717,211.968556368,0.0150014103949,92.2059030519,0.0151539530624,147.152066348,211.96841349,177.625031323,92.2074047484,74.6883500666,211.968194147,0.0333952644238,114.61798862
2011-03-31 02:00:00,110.385886874,211.968548468,113.834825894,0.0133961971839,0.0200056454296,0.00467148477697,92.2063253571,0.0150020971947,211.968539632,211.968616362,0.0466633540384,166.016065376,85.4738573612,0.017376755108,0.0247011208604,211.968543396,211.968499516,0.0144556977238,211.968556757,0.0150009309073,52.2159857232,0.0151529909814,147.152066249,211.968412461,177.62503135,92.2068331366,74.6883494231,211.968246462,0.0334573197735,114.617986318
2011-03-31 03:00:00,110.385890791,211.968550756,113.834825813,0.0133946889872,0.0200042769101,0.00466980202336,92.2063507001,0.0150004728054,211.968537848,211.968613815,0.0466630925081,166.016064744,85.4738576089,0.0173748945879,0.0247007574388,211.968543251,211.968499193,0.0144550363562,211.968559677,0.0150005839854,52.2159667266,0.0151604590429,147.152066137,211.968411752,177.625031434,92.2065160249,74.6883483713,211.968354849,0.0336459860337,114.618002817
2011-03-31 04:00:00,110.38589299,211.968551972,113.834826429,0.0133923195809,0.0200047355751,0.00466837798084,92.2063604095,0.0150000839118,211.968537846,211.968609516,0.0466619693864,166.016063909,85.4738579855,0.0173728301317,0.0246993773781,211.968542975,211.968498574,0.0144539579192,211.968568038,0.0150004325472,52.2159624884,0.015172857671,147.152066067,211.968412204,177.625031548,92.2068392252,74.6883465697,211.968425033,0.0337543489603,114.617994242
2011-03-31 05:00:00,110.385891749,211.968549447,113.834827171,0.0133802171172,0.0200035259879,0.00466715004478,92.2063622801,0.0149999900076,211.968534962,211.968553473,0.0466348997883,166.016063273,85.4738585858,0.0173643038467,0.0246793254456,211.968540836,211.968493554,0.0144438245388,211.968567915,0.0150010244904,52.2159599785,0.017638325198,147.152065694,211.968404112,177.625031514,92.2091678371,74.6883366251,211.968198287,0.0335592074497,114.617858842
2011-03-31 06:00:00,110.385851189,211.968542935,113.834826714,0.0102021778307,0.0200075795925,0.00466557682575,92.2063494704,0.0149999706232,211.968267886,0.0105456954349,0.0215406116377,166.01606134,85.4738561934,0.0104034454079,0.0100408841218,211.96841877,0.0101033307251,0.0100642351942,211.968560523,0.0150022600796,52.2159659445,0.0344943247558,147.152051929,211.968011594,177.625031214,122.940427427,0.0102241242589,211.967999739,0.0329284276648,49.8588237563
2011-03-31 07:00:00,82.7894008133,211.968514576,113.834819191,0.0100570821164,0.0200009553513,0.00466374168411,0.0201484887222,0.0149999680739,92.206256284,0.0104319806451,0.020658442082,166.01604717,85.473849212,0.0100759229542,0.0100258264123,0.0150112258644,0.0100387217262,0.0100222132628,92.2063356432,0.0150036276496,52.2159574746,0.0185423962518,0.0100431805273,158.977164588,177.625027802,92.2066950553,0.0100851291355,211.967296614,0.0151867504212,0.0221643410725
2011-03-31 08:00:00,82.7893505106,92.2063474159,113.834714546,0.0100165863364,0.0199998282967,0.00466185404088,0.0200323304492,0.0149999682965,74.6871230136,0.0101831364387,0.0203280136007,0.0101017317136,85.4738266066,0.0100323500107,0.0100044870196,0.0150025608093,0.0100190328639,0.0100059156124,92.2063297944,0.0150026258433,52.2159516741,0.0152229659528,0.0100408914027,158.977112531,0.014976824376,0.0441041427662,0.0100271548527,171.692231742,0.0146524893985,0.0206541118181
2011-03-31 09:00:00,0.0100113076037,92.2063200971,92.2060521344,0.0100057039521,0.0199990629568,0.00465994422015,0.0200263000903,0.0149999699024,0.0200107549202,0.0100047620807,0.0203006607708,0.0100466021865,85.4733136008,0.010009033643,0.0100020731586,0.0149958616342,0.0100038883585,0.0100023999953,92.2063166008,0.0150005695816,52.2159471265,0.0151863184667,0.0100014699974,0.010087825505,0.0149734794121,0.015408392835,0.0100060543145,92.2062011422,0.0145307461917,0.0204399739677
2011-03-31 10:00:00,0.0100044035282,92.2063156347,92.206024996,0.0100034817114,0.0199979029741,0.00465802948049,0.0200209593025,0.0149999603256,0.0199396773271,0.0100044089886,0.0202885659471,0.0100277143569,64.1055348232,0.0100053691541,0.0100016874752,0.0149753252449,0.0100025867249,0.0100019317468,74.6871385649,0.0149982658129,52.215941777,0.0151774506948,0.0100005060216,0.0100296821384,0.0149669536977,0.0152561284773,0.0100045243792,92.2061455023,0.0144932019287,0.0202446514986
2011-03-31 11:00:00,0.0100042071777,92.2063138947,92.2060190384,0.0100032032619,0.0199962751176,0.00465597986705,0.020019465525,0.0149999289422,0.0151062220313,0.0100111442329,0.0202820860704,0.0100034449317,85.4737424796,0.0100046166067,0.0100020349607,0.0149158508251,0.0100026549483,0.0100019922435,74.6871368311,0.014996971759,52.2159396346,0.0151712548655,0.0100004154557,0.0100371080087,0.0100011794093,0.0152090565436,0.0100049433314,92.2061299877,0.0144842798877,0.0203245513151
2011-03-31 12:00:00,0.0100068380908,92.2063215522,92.2060151894,0.0100048267548,0.0199968461135,0.00465432397592,0.0200213603382,0.0149998770505,0.0200602534654,0.0100475095082,0.0202828650018,0.01000284853,85.4738437042,0.0100066401445,0.0100036170316,0.0149862053098,0.0100042082365,0.0100025366726,74.6871461658,0.0149957624058,52.2159445533,0.0151740305066,0.0100007062257,0.0100890898223,0.0100006912653,0.0152437294906,0.010008123652,92.2063800999,0.0145577520442,0.0204186071637
2011-03-31 13:00:00,82.7892726022,92.2063267397,92.2060089864,0.0100110289956,0.0199975130478,0.00465254798003,0.020022718586,0.0149998536408,74.6871236304,0.010420735591,0.0202877897715,0.0100029680876,85.4738526591,0.0100186151595,0.0100226215238,0.0149952702006,0.0100234969642,0.010006272238,92.2062379193,0.0149966741428,52.2159431028,0.0151535385192,0.0100271281416,158.977119656,0.01000091983,0.0152349334407,0.0100611933849,171.692117669,0.0146620188269,0.0205012680778
2011-03-31 14:00:00,82.7893927574,211.967992507,92.2060035352,0.0100463681899,0.019999305605,0.00465063040645,0.0200232650522,0.0149998529565,92.2063100126,0.0104378729968,0.0203546425116,0.0100042739385,85.4738549571,0.010066771424,0.0100338591457,0.0150012113156,0.0100397882904,0.0100221124216,92.2063279441,0.0149995062002,52.2159416946,0.0150430571556,0.0100416095752,158.977158127,0.0100109138045,0.0152752732185,0.0100895973736,211.964513938,0.0149292376626,0.0206441233734
2011-03-31 15:00:00,110.385824109,211.968533913,92.2060056895,0.010120087782,0.0200020040981,0.004648833285,0.0200245840025,0.0149999124235,92.2063262903,211.968401089,0.0250139935411,0.0100334506533,85.4738559346,0.0101518924475,0.0654547318516,0.0150811618962,0.0101355337092,0.0100600674268,92.206329318,0.0150008862786,52.2159406146,0.0150241552468,0.0100456453211,158.977304636,0.014973069149,0.0152503852712,0.0103789990619,211.96689235,0.0151603432342,0.02705960099
2011-03-31 16:00:00,110.385874894,211.968540779,92.2060047035,0.0132321005479,0.0200420955518,0.00464713600346,0.0200264155452,0.0150000481208,92.2063399823,211.968528342,0.0250321124397,0.0100477815055,85.4738565593,0.015003462235,0.065912669311,0.0185221479251,211.968532532,0.012851510077,92.2063293909,0.0150125015956,52.2159417652,0.015011001898,0.0150517542232,211.968478981,0.0149753664052,0.0152281210168,211.968440348,211.967921161,0.0170722321369,0.0273096094514
2011-03-31 17:00:00,110.385883971,211.968540111,92.2060050469,0.0132911874337,74.6871112589,0.00464525257213,0.0200292500209,0.0150004484537,92.2063968095,211.968533966,0.0250338316409,0.0102705861127,85.4738567067,0.0150516532981,0.065917093785,0.0185238393815,211.968541805,0.0128605221738,92.2063292112,92.206360598,52.2159424611,0.0150064683685,0.0150547174818,211.96851725,177.625029523,0.0152016544084,211.968461299,211.967907134,0.0155213703959,0.0273005491633
2011-03-31 18:00:00,110.385883576,211.968540698,92.2060135168,0.0133005777703,74.6871208525,0.00464348890434,0.0200271586159,0.0150026951569,92.2063448626,211.968536012,0.025021804779,0.0140339389407,85.4738567185,0.0150592035936,0.0659180194256,0.0185238478767,211.968543814,0.012862516106,92.2063280059,92.2068825143,52.2159503623,0.0150053413476,0.0150551366554,211.968524827,177.625033253,0.0151339596095,211.968465665,211.967828085,0.0151751638555,0.0272807911018
2011-03-31 19:00:00,110.385881266,211.968536041,92.2060174693,0.0133019095127,74.6871210616,0.00464156000741,0.020032024491,0.0150004892678,92.2063265171,211.968536682,0.0250012673784,0.0140388863947,85.473856396,0.0150604228444,0.0659180082914,0.018522918507,211.968544332,0.0128631501226,92.2061672369,211.968466637,52.2159477476,0.0150047869137,0.015055178813,211.968526049,177.625033562,0.015144303111,211.968466765,211.965675383,0.0150062457242,0.0219262466079
2011-03-31 20:00:00,110.3858798,211.968534667,92.2060218722,0.0132999098494,74.6871214082,0.00463956651909,0.0200578982958,0.0150005514928,92.2063168114,211.968536918,0.0250107975516,0.0140398458509,85.4738560766,0.0150606291489,0.0659176362371,0.0185213504687,211.968544515,0.0128630205026,74.6871299154,92.2064210092,52.2159434047,0.015005488915,0.0150551360449,211.96852558,177.625033638,0.0151559173412,211.968467037,92.2061901144,0.0149718192253,0.0204831760312
2011-03-31 21:00:00,110.385876238,211.968534063,92.2060140708,0.0132976364091,74.6871215097,0.00463746729697,0.0245726813459,0.0150010211201,92.2063096363,211.968536687,0.0250099889852,0.0140399170638,85.4738555303,0.0150588630817,0.0659171402493,0.0185207354465,211.968544741,0.0128621020334,74.6871254375,92.2063583302,52.2159430915,0.0150034889348,0.015055055993,211.96852464,177.625033642,0.0151855898212,211.968467154,92.2060913597,0.0149524134911,0.0203902212771
2011-03-31 22:00:00,110.385872405,211.968530953,92.2060186609,0.0132938549957,74.6871213748,0.00463536900566,0.0247229490469,0.0150007969278,92.2062879616,211.968535908,0.025009240597,0.0140394555571,85.4738552369,0.0150561146868,0.0659165726583,0.018519772218,211.968544558,0.0128613209192,74.6871229876,0.01503553743,52.2159404571,0.0150023314101,0.0150549406369,211.96852231,177.625033598,0.0151968820198,211.96846682,92.2060209996,0.0149453140288,0.0203064825323
2011-03-31 23:00:00,110.385867274,211.968526819,92.2061198629,0.0132909589516,74.6871215522,0.0046334605645,0.0201532828841,0.0150010570592,0.0203211986147,211.968535145,0.0250038320019,0.0140389435717,85.4738551723,0.0150536332668,0.0659159489468,0.0185178371876,211.968544243,0.0128597783941,74.6871224541,0.0150061229396,52.2159476541,0.015001571716,0.0150548349577,211.968525372,177.625033541,0.0151996601293,211.968466392,92.2050087509,0.0149408067552,0.020183820978
2011-04-01 00:00:00,110.385853242,211.968493713,92.2060090483,0.0132880580238,74.6871203263,0.00463158823371,0.0200474579884,0.015000258943,0.0200913557188,211.968534755,0.0203416403805,0.0140384484875,85.4738548034,0.0150517843851,0.0659161250928,0.0185051603077,211.968543288,0.0128579920771,74.6871236953,0.0150013392309,52.2159647239,0.0150007902762,0.0150547017128,211.968524091,177.625033499,0.0151203456142,211.96846513,92.2053652581,0.014938843133,0.0204810664213
2011-04-01 01:00:00,110.385850816,211.96851222,92.2060081118,0.0132856821426,74.6871179101,0.00462976410975,0.0200640364691,0.0150000523214,0.0200348302092,211.968534074,0.0203276990456,0.014038055123,85.4738545526,0.0150501665232,0.0659158019679,0.0185034086272,211.968543166,0.0128569063382,74.687120899,0.0150006347911,92.2059037508,0.0150007409952,0.0150546113378,211.968523662,177.62503345,0.0151389569661,211.968465198,0.0156336505429,0.0149492703447,0.0204185129067
2011-04-01 02:00:00,110.385861363,211.968491684,92.2060245267,0.0132833086419,74.6871163126,0.00462798870678,92.203247576,0.0149999543588,0.0200297901423,211.968533311,0.0203166416681,0.0140375517093,85.47385434,0.0150485096889,0.0659156059433,0.0185160831135,211.968543422,0.0128558267852,74.6871226674,0.0150003698229,211.967435363,0.0150009943904,0.0150545272599,211.968522159,177.625033412,0.0151808510612,211.968465521,0.0152239404654,0.0149633318831,0.0204618058648
2011-04-01 03:00:00,110.385869624,211.968506305,92.2060896031,0.0132807092799,74.6871194408,0.00462627994206,92.2063105536,0.0149999206035,0.0200188979131,211.968532457,0.020329973689,0.0140369803881,85.4738546848,0.0150482295919,0.0659152467462,0.0185202931818,211.968543997,0.0128547354216,74.6871265017,0.0150002048775,211.96852309,0.0150014062354,0.0150544567549,211.968518554,177.625033453,0.0152532377446,211.968465748,0.015169013933,0.0149774575652,0.0206212343033
2011-04-01 04:00:00,110.385874004,211.968470984,113.834798434,0.0132785251573,74.6871209105,0.00462484146749,92.206344413,0.0149999333141,0.0200169725309,211.968531602,0.0204811120822,0.0140362771173,85.4738549773,0.0150479707918,0.0659139212143,0.0185211112793,211.968544768,0.0128534828822,92.2063253931,0.0150002268634,211.968548148,0.0150024318873,0.0150544326769,211.968520721,177.625033506,0.0154289223817,211.968466509,0.015166573509,0.0149891555279,0.0221400758305
2011-04-01 05:00:00,110.385873141,92.2064368667,113.83481873,0.0132665702033,74.6871212999,0.00462359287002,92.2063484415,0.0149999754232,0.0200110753528,211.968523191,0.0203912050409,0.0140356641895,85.473855412,0.0150422509511,0.0658981298088,0.0185207843463,211.968543063,0.0128410163202,92.2063292753,0.0150009674895,211.968548848,0.015003837722,0.0150541529284,211.968516331,177.625033373,0.0157717714567,211.968464789,0.0151238333003,0.0149924214093,49.8587657149
2011-04-01 06:00:00,110.385853831,92.2063327852,113.834826922,0.0102613014369,74.6871215079,0.00462197710491,92.2063528816,0.0150000026711,0.0200041544737,171.694580717,0.0203376901451,0.0140339125415,85.4738530054,0.0147374583125,0.0199168184287,0.0185169812793,211.968525169,0.0100499622413,92.2063302504,0.0150025804365,211.968550327,0.0150054167673,0.0150420525735,211.968471277,177.625032895,0.0206754380374,211.968459153,0.0153555471462,0.0150000715004,49.8588783497
2011-04-01 07:00:00,82.7894565395,92.2063208475,113.834822912,0.010090129084,74.6871148821,0.00462012045931,92.2063378406,0.014999973593,0.0200008414455,171.694496754,0.0201067184463,0.0140204870116,85.4738407012,0.0119096619261,0.0199024251666,0.0150076362872,171.6947673,0.010025584902,92.2063277721,0.0150037032739,211.968548058,0.0150052122762,0.0100076002899,171.694457156,177.625022698,0.0200823612657,211.968403253,0.0152609171275,0.0150046226225,49.8591567396
2011-04-01 08:00:00,82.7894161441,92.2063186747,113.834818737,0.0100291140943,0.0199983919672,0.00461820576133,74.6871627704,0.0149999642579,0.019999292365,171.694465946,0.0200487233287,0.0100377192193,85.4736320196,0.0118731723466,0.0101626637012,0.015001573612,171.694523717,0.0100068373077,92.2063218958,0.0150038207391,211.968541147,0.0150077157518,0.0100054568459,171.694394203,0.010011205933,0.0192859925603,171.694460852,0.0152810119406,0.0150063906795,114.616517514
2011-04-01 09:00:00,82.7894131206,92.2063190428,113.834812422,0.010009414376,0.0161932060184,0.004616196263,74.6871610352,0.0149999549319,0.0199974158846,0.0100192728937,0.0200280148907,0.0100219195282,64.1054619028,0.0101223163755,0.010004348039,0.0149962997905,171.694518109,0.0100031314284,74.6871238802,0.015003632908,211.96852685,0.0150113745213,0.0100008638514,0.0101025215349,0.010008859587,0.0201919290975,171.694449676,0.0155238393423,0.015018414192,114.617752167
2011-04-01 10:00:00,82.7893962977,92.2063225383,113.834764582,0.0100062676465,0.0161829729407,0.00461430376866,74.6871616973,0.0149999389049,0.0199953900015,0.0100126556104,0.0200217741565,0.0100084723024,64.1054090755,0.0100171207209,0.0100036712153,0.0148442523746,171.694511645,0.0100025782742,0.0200068601646,0.0150034006903,211.968421284,0.0150253474532,0.0100003357453,0.0100384793049,0.0100023644016,0.0207598913255,171.694422974,0.0164846514215,0.0150600320736,114.617904408
2011-04-01 11:00:00,82.7894089334,92.2063553752,113.834716161,0.0100069308074,0.0150026556384,0.00461226815116,74.6871707066,0.0149999221375,0.0199956953845,0.0100809422354,0.0200154757691,0.0100034393773,64.1053629093,0.010015802029,0.0100061470713,0.0100710196087,171.69451483,0.0100027522303,0.0200008730536,0.0150032371927,211.967679013,0.0151055539786,0.0100002559222,0.0100594083985,0.0100005611488,0.0206310931202,171.694445704,92.2060406366,0.0152151912686,114.617949696
2011-04-01 12:00:00,82.7893859345,211.968537174,113.834814418,0.0100119566033,0.0150003589503,0.00461041323358,92.2063481267,0.0149999158613,0.0199946002756,171.69446663,0.020013578306,0.0100028797523,0.0100379240562,0.0100247762033,0.0198656970419,0.014971021608,171.694519399,0.0100048480912,0.0200018893003,0.0150027637416,211.967656003,0.0151512198439,0.0100003849976,171.693934975,0.0100003937684,0.0166284340913,171.694450456,92.2062238429,0.0155518046213,114.617158298
2011-04-01 13:00:00,0.0150041921571,211.968538545,113.834747374,0.010035804882,0.0150003227813,0.00460856418661,74.6872010671,0.014999889015,0.0199684700719,171.694494081,0.0200176783255,0.0100031371406,64.1052828332,0.0110962193769,0.0199031305792,0.014991922312,171.694521747,0.010020294102,74.6870435145,0.0150026924092,211.96733783,0.0151498421543,0.0100011043784,171.694411328,0.0100005227856,0.0161070155326,171.694431125,211.936082291,0.0167083816622,114.617950971
2011-04-01 14:00:00,82.7893294806,211.968541478,113.834809055,0.0100852586458,0.0150010808995,0.00460664446575,92.2062711109,0.0149998976446,0.0199979685932,171.694507245,0.0201961447,0.0100049203183,64.1054050954,0.0118890583977,0.0199177635492,0.0149994812282,171.694533379,0.0100334928216,74.6871331946,0.0150029737471,211.967733384,0.0151578359388,0.0100057576739,171.694428535,0.0100020454839,0.0164313753916,171.694449314,211.96791113,0.0328261141402,114.618018202
2011-04-01 15:00:00,82.7894379868,211.968543351,113.83481859,0.0102022912019,0.0161733265408,0.00460487981569,92.2063519731,0.0149999130715,0.0200213893367,211.968521314,0.0246565056963,0.0100155117308,85.473718039,0.0139673522513,0.0252618841102,0.0150143040131,211.968496183,0.0103922347046,92.2063310511,0.0150033688528,211.968539844,0.0151770308333,0.0100083854918,171.694535458,0.0100087549772,92.2079155236,171.69446597,211.968054999,0.0333302031532,114.618078318
2011-04-01 16:00:00,110.385839573,211.968544688,113.834820683,0.0131795516358,0.0199865856195,0.00460328861276,92.2063981802,0.0149999299008,92.2063228,211.968541263,0.0246986950774,0.0100267213484,85.4738443204,0.0147493516606,0.0252736852432,211.968488698,211.968540406,0.0124380154658,99.5819962421,0.0150042596648,211.968547758,0.0154548196871,0.0150154347951,211.968442381,0.0100110754647,211.968251012,211.968454985,211.96810151,0.0334869445814,114.618234274
2011-04-01 17:00:00,110.385864205,211.96854648,113.834822226,0.0132220181675,0.0199969702979,0.00460136262136,92.2064090751,0.0149999816558,211.968529171,211.968544865,0.0247013488471,0.0102439661879,85.4738512269,0.0147661927779,0.0252764401082,211.968500845,211.968543623,0.0124446039113,99.5827198163,0.015005124341,211.968548435,0.0152519758383,0.0150193826725,211.968462872,0.0185240427096,211.968422978,211.968460946,211.968168961,0.0337171953117,114.61852173
2011-04-01 18:00:00,110.385864812,211.968548831,113.834827919,0.0132298794708,0.0199977992282,0.00459952106983,92.2064261892,0.0150003374695,211.968536738,211.968546322,0.0246962009707,166.015986464,85.4738524249,0.0147713390141,0.0252765995679,211.968502621,211.968544312,0.0124462783377,99.5827299026,0.0150067808502,211.968544412,0.0152858143342,0.0150198219521,211.968467012,0.0185293579794,211.968473372,211.968462104,211.968277732,0.0336238888378,114.618573432
2011-04-01 19:00:00,110.385863376,211.968548065,113.834823485,0.0132308279074,0.0199930073904,0.00459762894978,92.2064087935,0.015000015952,211.968544557,211.968546733,0.0246852262744,166.015993913,85.4738524313,0.0147716028089,0.025276365449,211.968503362,211.968543985,0.0124465948844,99.5827228008,0.015013658774,211.968536868,0.015171324042,0.0150198840069,211.96846677,0.0185297127211,211.968490607,211.968461619,211.968212907,0.0334529838718,114.618213365
2011-04-01 20:00:00,110.385863641,211.968548795,113.834821728,0.0132290638209,0.0199931132122,0.00459562056378,92.2064071255,0.01499993354,211.96854756,211.968546835,0.0246667780223,166.015995403,85.4738523514,0.0147714675877,0.0252759139224,211.96850376,211.968543561,0.0124463638216,99.5827208541,0.0150216401679,211.968358127,0.0151613812951,0.0150198404538,211.968465868,0.0185298218441,211.968505285,211.96846104,211.968164867,0.0333691808661,114.618055697
2011-04-01 21:00:00,110.385860774,211.968547869,113.834821656,0.013227106722,0.0199924321704,0.00459364785012,92.2064065621,0.0149999040868,211.96854819,211.968546596,0.0246102496128,166.015996066,85.4738515895,0.0147696399297,0.0252754376954,211.968503921,211.968543188,0.0124457737099,99.5827188305,0.0150219802234,211.96759576,0.0151568341908,0.0150197688385,211.968464088,0.0185298894992,211.968504964,211.968460268,211.968145539,0.0333026771263,114.618010377
2011-04-01 22:00:00,110.385858772,211.968546227,113.834821495,0.0132225585255,0.0199909154331,0.00459168581284,92.2064044078,0.0149998841722,211.968548274,211.968545663,0.0228800341867,166.015996037,85.4738511925,0.014766651373,0.025274905308,211.968504066,211.968542259,0.0124448340704,99.5827181763,0.0150224079966,211.967506411,0.015154063476,0.0150196810588,211.968462108,0.0185298973612,211.968502992,211.96845891,211.968144125,0.0332152307933,114.617990635
2011-04-01 23:00:00,110.385856271,211.968543884,113.83482111,0.0132200770389,0.0199889686468,0.00458973997231,92.206401455,0.0149998978603,211.96854836,211.968544502,0.0204189610139,166.015995683,85.4738505366,0.0147638247226,0.0252744360447,211.968504113,211.968541185,0.0124432056959,99.5827190745,0.0150510203755,211.964717414,0.0151546506346,0.015019610011,211.968459378,0.0185298987167,211.968492377,211.968457415,211.968150713,0.0331805367855,114.617997206
2011-04-02 00:00:00,110.385854743,211.968543169,113.834819329,0.0132169098692,0.0199819245817,0.00458785199536,92.2064002794,0.0149999906936,211.968549481,211.96854396,0.0203525662328,166.015995552,85.4738500012,0.0147614138911,0.0252739474598,211.968504096,211.968539209,0.0124415968571,99.5827195553,0.0159730655742,211.965795463,0.0151586536228,0.0150195475754,211.96845753,0.0185298403488,211.968501651,211.968455911,211.96817765,0.0331795689271,114.618014623
2011-04-02 01:00:00,110.385853178,211.968539953,113.83481746,0.0132147582665,0.0161936463114,0.00458614910241,92.2063848387,0.0149998984446,211.968549779,211.968543072,0.0203349972035,166.015995353,85.4738502882,0.0147584976584,0.0252729773625,211.968503949,211.968538302,0.0124402627625,99.5827181368,92.1942458662,52.2161606033,0.015163688414,0.0150194679715,211.968459254,0.0185298606635,211.968492987,211.96845454,211.968189118,0.0331852714703,114.618023594
2011-04-02 02:00:00,110.385852796,211.968534607,113.834817002,0.0132111265859,0.0161919539845,0.00458420295388,92.2063607353,0.0149998743782,211.968550443,211.968542386,0.0203303165257,166.015995116,85.4738500824,0.0147560684957,0.025271297161,211.968503574,211.968537437,0.0124389066123,99.5827149479,92.2063451668,52.2159916246,0.0151685275969,0.0150193756835,211.968456023,0.0185298540637,211.968491453,211.968452705,211.968237895,0.0332644892142,114.618047285
2011-04-02 03:00:00,110.385853125,211.968517849,113.834815815,0.013208033421,0.0162012462423,0.00458242330139,92.2063554111,0.0149998723707,211.968550791,211.968541725,0.0203364447197,166.015995059,85.4738501531,0.0147531910895,0.0252691335706,211.968503228,211.96853624,0.0124377218558,99.5827120179,92.2063885145,52.2159417263,0.0151736016148,0.0150192740846,211.968448587,0.0185298595938,211.968478327,211.968449631,211.968258689,0.0332648114545,114.61812717
2011-04-02 04:00:00,110.38585161,92.2081726548,113.834813991,0.0132031897791,0.0199812442697,0.00458068021939,92.2063537097,0.0149999177209,211.968551067,211.968540435,0.0203376583272,166.015994901,85.4738494929,0.0147485858316,0.0252655607108,211.968502664,211.968534235,0.012435503426,99.582709017,92.20856998,52.215923828,0.0151889765234,0.0150191170553,211.968443724,0.0185298359238,211.968451455,211.968444454,211.968317028,0.0334147306175,114.618545676
2011-04-02 05:00:00,110.385846507,92.2063282418,113.834810595,0.0131894827831,0.0199856231742,0.00457899214346,92.2063509904,0.014999988557,211.968550863,211.968531293,0.0202675012456,166.015994987,85.4738483629,0.014734495784,0.0252355988851,211.968501061,211.968524891,0.0124233158745,99.5827057122,211.968460569,52.2159160569,0.0152345393389,0.0150186756482,211.968430406,0.018529758728,211.968421817,211.96842094,211.968303001,0.0336096978848,114.61879683
2011-04-02 06:00:00,110.385546184,92.2063206973,113.834805027,0.0119233748827,0.0199874420038,0.00457742019218,92.2063335181,0.015000071594,211.96854205,171.694548462,0.0200029271357,166.015994504,85.4738393162,0.0102269037201,0.0161996575405,211.968475011,0.0100990664891,0.0100333108879,92.2063367179,211.968512704,52.2159558545,0.0345880033669,0.0149872321229,211.966073063,0.0185295029741,211.968259334,0.0106099770703,211.968115046,0.03363738792,114.618853339
2011-04-02 07:00:00,0.0100626147196,92.2063140471,0.0200098677596,0.0101301655918,0.0150069859417,0.00457580817311,0.0150248280432,0.0150000804001,211.968534136,171.694513614,0.0199783030541,166.015991653,85.4736468734,0.010053276934,0.0161603248504,171.694293701,0.0100454818804,0.0100122588267,92.2063273159,211.968433116,52.2159222564,0.015306496048,0.0100035645833,0.0103642399356,0.018524535996,0.0306942585353,0.0105456767328,211.968106601,0.0335897424352,114.6188556
2011-04-02 08:00:00,0.0100142933128,0.0152268389696,0.0199982150253,0.0100714500813,0.0150008466994,0.00457410086991,0.0150024153231,0.0150001060941,211.968527519,171.694511089,0.0165528324185,166.015980081,64.105340285,0.0100206774703,0.0161450755247,171.694285193,0.0100339696773,0.0100033150173,0.0200054639414,92.2063558936,52.2159097545,0.0151713558138,0.0100016954591,0.0103186641541,0.0149960643714,0.0300270454758,0.0102468775006,211.968118636,0.0334738143632,114.618788025
2011-04-02 09:00:00,0.0100032185967,0.0150102846172,0.0199342923585,0.0100118512248,0.0150000035361,0.00457227717678,0.0149980645981,0.0150001402324,211.968506602,171.694504737,0.0165141754004,134.472998456,64.1049114017,0.0100065715858,0.0100068289693,158.97629053,0.0100056168822,0.0100017220505,0.0199993543534,0.0150161040946,52.2159023784,0.0151643853332,0.0100004308068,0.0100333058602,0.0149944031559,0.0293688295096,0.0100080084083,211.968105925,0.0333865126796,114.618118983
2011-04-02 10:00:00,0.0100021362208,0.0150033155605,0.0150011378342,0.0100054226456,0.0149995893089,0.00457043186072,0.0149903529807,0.0150001748903,211.968469853,171.694499974,0.0165054626711,134.472961924,0.0100158771629,0.0100037618143,0.0100042474956,0.0100124956663,0.0100033816977,0.0100013685895,0.0199889703433,0.0150001214128,52.2158968161,0.0151611503823,0.0100001852916,0.0100167427663,0.0149165732986,0.015041185939,0.0100057337545,211.968103212,0.0333127814723,114.617999421
2011-04-02 11:00:00,0.0100020352133,0.0150014030901,0.0149990336081,0.0100047958711,0.0149991001132,0.00456857580922,0.0149687543001,0.0150001483526,211.968501493,171.694501317,0.0165006632135,134.4729574,0.0100101918469,0.0100035646267,0.0100054591646,0.0100079909915,0.0100028968969,0.0100014130544,0.0150022036171,0.0149990856744,52.215892462,0.0151607676475,0.0100001197299,0.0100140836614,0.0100016193037,0.0150091034456,0.0100062412574,211.968097582,0.0332213792556,114.617991648
2011-04-02 12:00:00,0.0100022522152,0.0150020748747,0.0149995474361,0.0100064373398,0.0149990699364,0.00456671925342,0.0149800385603,0.0150007226577,211.968519447,171.694507326,0.0165047659502,134.47295499,0.0100109664549,0.0100052679374,0.010019149739,92.2062830174,0.0100042704575,0.0100019677557,0.0150058989571,0.0149984543105,52.2158920286,0.0151599829429,0.010000168482,0.0100242370585,0.0100009884776,0.0150123740356,0.0100204956331,211.968121349,0.0332056219713,114.618064216
2011-04-02 13:00:00,0.0100049652132,0.0150011717156,0.0150028297141,0.0100149972636,0.0149996637827,0.00456488530126,0.0149942346468,0.015001070449,211.968526585,171.694512756,0.0167564039468,134.47295452,0.0100828886805,0.0100136091415,0.0161542141804,171.69428159,0.0100262687098,0.0100042204884,0.0199916784104,0.0149994186484,52.2158923004,0.0151548050753,0.0100004445769,0.0103017123899,0.0100027848454,0.0150311267524,0.0105438743169,211.968108548,0.0333463323086,114.618618944
2011-04-02 14:00:00,0.0100367941136,0.0150008233549,0.0199936330647,0.0100781646884,0.0150020360679,0.00456308705572,0.015001022449,0.0150095681997,211.968531356,171.694520638,0.0199960641705,134.472955453,64.105329549,0.0100442630179,0.0161624604254,171.694286843,0.0100447990608,0.0100141711737,0.0199993676892,0.0149993424072,52.2158919052,0.0151569652506,0.0100019092973,0.0103469640746,0.0149930610776,0.0294100010635,0.0105546929865,211.968096038,0.033458459454,114.61882166
2011-04-02 15:00:00,0.0100848455168,0.0150004338747,0.0200356133242,0.0101494752333,0.0150119754239,0.00456137609832,0.0150237571204,92.206318603,211.968540701,211.968516011,0.0200175418147,134.47295899,64.105516925,0.0100886132835,0.0199576613896,171.694295166,0.0100953691706,0.0100387027584,0.0200073242554,0.015001076406,52.2158895606,0.0151625536379,0.0100039469295,0.0104008063351,0.014995171625,0.0300309013331,0.0107587012221,211.968095491,0.0334977480819,114.618861362
2011-04-02 16:00:00,110.385053412,0.0150000649746,113.834822799,0.0130047456043,74.6871216592,0.0045595647323,0.0200175348754,92.2063232681,211.968550269,211.968543145,0.0203545913588,166.015640019,85.4738278612,0.0126023837923,0.0199836035794,211.968260373,0.0189872233565,0.0123886895389,92.206331423,0.0150269663584,52.21588735,0.0151639245622,0.0149530537604,0.0139493485968,0.0149984482537,1.06308798871,171.694469517,211.968089886,0.0335522716206,114.618857084
2011-04-02 17:00:00,110.38512312,0.0149998743195,211.968528521,0.0130569983714,171.694510689,0.00455768980812,92.2063811324,211.968551313,211.968551847,211.968546571,0.0203698943431,166.015988152,85.4738457903,0.012636336874,0.0199867538179,211.968265411,0.0189947572583,0.0123960455109,211.968546645,92.2063936392,52.2158847443,0.0151594515631,0.01495969051,0.0140021490503,177.62503842,211.96836314,171.694488751,211.968081918,0.0335111574813,114.618811513
2011-04-02 18:00:00,110.385127452,0.0149998425201,211.968533052,0.0130664443425,171.694529168,0.00455589051523,211.96854489,211.968553328,211.968550402,211.968548033,0.0203701956301,166.015993525,85.4738477584,0.0126434984456,0.0199876283504,211.968265727,0.0189965943436,0.0123979712227,211.968556971,211.968530311,52.2158799522,0.0151260939847,0.0149601774109,0.0140113539645,177.625042346,211.968526727,171.694493017,211.968067579,0.0332353104037,114.618692148
2011-04-02 19:00:00,110.385127757,0.0149995099906,261.689044918,0.0130669619797,171.694529459,0.00455397046067,211.968564067,211.968548945,211.968546387,211.96854819,0.0203627428437,166.015994358,85.4738481428,0.0126443815174,0.0199877876955,211.968266117,0.0189971206472,0.0123983676133,211.968556648,211.968559573,52.2158293219,0.0150258518083,0.0149602793567,0.0140130958793,177.625042798,211.968549926,171.694494404,211.967972311,0.032853037809,114.618247112
2011-04-02 20:00:00,110.38512902,0.0149994610612,261.689230626,0.0130648226958,171.694531834,0.00455197389443,211.968565189,211.968546401,211.96853864,211.968548433,0.0203506473719,166.0159937,85.4738483556,0.0126446766125,0.019987639134,211.968266219,0.0189971823203,0.0123981279977,211.968556309,211.968569241,52.2155844809,0.0150290413889,0.0149603019388,0.0140130067611,177.62504292,211.968581555,171.694494948,211.967319099,0.0297397063537,114.618054224
2011-04-02 21:00:00,110.385126511,0.0149993215511,261.689240812,0.0130620795354,171.694533033,0.00455001517963,211.968588973,211.968544061,211.968533529,211.968548127,0.0203268853988,166.015993216,85.4738477101,0.0126426509434,0.0199871710132,211.96826632,0.0189969899515,0.0123973463143,211.968557591,211.968561148,0.0150141500387,0.0151585556015,0.0149602858314,0.0140120515035,177.625042941,211.968610657,171.694495003,92.2063933616,0.0155719201517,114.617995338
2011-04-02 22:00:00,110.385124659,0.01499916324,261.689242641,0.0130587117591,171.694533115,0.00454807629171,211.968593369,211.968537449,211.968529459,211.968547029,0.0203049711507,166.015992147,85.4738486377,0.0126399307471,0.0199868982431,211.968266382,0.018996645728,0.0123962090003,211.968557141,211.968555884,0.0150056143155,0.0151667561867,0.0149602264647,0.0140104266237,177.625042873,211.968625609,171.694494937,92.2061659893,0.0152159878615,114.617898647
2011-04-02 23:00:00,110.385121805,0.0149990246166,261.689243794,0.0130548958634,171.694533262,0.00454619390048,211.968595516,211.96854317,211.96852115,211.968545923,0.0202956779694,166.01599085,85.4738481207,0.0126375299458,0.019986534092,211.968266399,0.0189962124893,0.0123947817702,211.968557558,211.968556235,0.0150040146018,0.0151762270845,0.0149601597967,0.0140127214457,177.625042787,211.96863207,171.694494467,92.2061269622,0.0150939903431,114.61734345
2011-04-03 00:00:00,110.385120319,0.014999001663,261.689243589,0.0130521360975,171.694532911,0.0045443399413,211.968596389,211.968548413,211.968455907,211.968544842,0.020273289816,166.01598896,85.4738475614,0.0126353336422,0.0199862850748,211.968266111,0.0189954195108,0.0123932499527,211.968558289,211.968548168,0.0150055053028,0.0151781398875,0.0149600814268,0.0140123622853,177.625042537,211.968626522,171.694493816,92.2062156609,0.0150179874601,49.8591254388
2011-04-03 01:00:00,110.385117648,0.0149989578724,261.68924358,0.0130484487143,171.694532497,0.0045424787423,211.968597035,211.968550488,92.2063390101,211.968544033,0.0202643842562,166.01598771,85.473847197,0.0126333432201,0.0199860144263,211.968265923,0.0189947996721,0.0123920522971,211.968558283,211.968545853,0.0150033919608,0.0152189504752,0.0149600044149,0.0140104469904,177.625042588,211.968620169,171.694493445,92.2061658347,0.0149910807785,49.8589575878
2011-04-03 02:00:00,110.385116357,0.0149989989072,261.689243481,0.0130450586616,171.69453249,0.00454066072679,211.968597362,211.968552125,92.2063149538,211.968543775,0.020263329828,166.015986126,85.4738472651,0.0126310678504,0.0199856775214,211.968265578,0.0189941898226,0.0123903753899,211.968558766,211.968542144,0.0150024888463,0.03421290319,0.0149599048924,0.0140084258226,177.625042487,211.968645683,171.694493028,92.20613884,0.0149782418826,49.8588689352
2011-04-03 03:00:00,110.385114552,0.0149990591538,261.689243254,0.0130397849776,171.694533048,0.00453886440746,211.968598325,211.968552758,92.2063119018,211.968543564,0.0202721630051,166.015984627,85.4738472975,0.0126285466797,0.0199849791013,211.968265017,0.0189934381989,0.0123892205311,211.968558699,211.968543263,0.0150028715214,0.0348220300248,0.0149597548253,0.0140052376036,177.625042658,211.968641614,171.694492065,92.2061129065,0.0149449859203,49.8588510075
2011-04-03 04:00:00,110.38510992,0.0149991089135,261.689243204,0.0130318969496,171.694533284,0.00453715272026,211.968599623,211.968553131,92.2063099811,211.96854384,0.0202632134202,166.015982397,85.4738467292,0.0126240491103,0.0199840814103,211.968264107,0.0189920801041,0.0123869373073,211.968558314,211.968542989,0.0150047500368,0.0348378677285,0.0149594837302,0.0140006216721,177.625042791,211.968653442,171.694490969,92.2060852207,0.0149821314046,49.8588453499
2011-04-03 05:00:00,110.385101229,0.014999250754,261.689243291,0.0130104613902,171.694533301,0.0045355054507,211.968600091,211.96855386,92.2062987362,211.968527423,0.0200090336441,166.015979199,85.4738450566,0.012613419388,0.0199746853271,211.968261563,0.0189870485844,0.0123717442763,211.968558158,211.968542846,0.0150125203138,0.0348357383395,0.0149588100661,0.0139883794142,177.625042824,211.968640392,171.694486141,92.2060542494,0.0149953439632,49.8588276975
2011-04-03 06:00:00,0.0102282537924,0.0149995634039,261.689242827,0.0101596893008,171.694533408,0.00453380061288,211.968599606,211.968554076,0.0199971227657,171.694540124,0.0199745468911,166.015969598,85.4738343977,0.0103006062514,0.0161929932062,92.2063317229,0.0154765677361,0.0100217743785,211.968551872,211.968526874,52.2157059243,0.0348372292601,0.0100445498737,0.0105554420988,177.62504322,211.968635844,139.073063836,92.2060720717,0.014963813667,49.8586951049
2011-04-03 07:00:00,0.0100351124082,0.014999918508,261.689240817,0.0100561930952,171.694532348,0.00453221405938,211.968593019,211.968540006,0.0150465669912,171.694529217,0.0163347967147,166.015908109,85.4737064505,0.0101015403433,0.0161852879855,0.0148371447598,0.0153607051254,0.0100090749071,171.694474311,211.968387171,52.2157303498,0.0348389709371,0.0100027082615,0.0101249523668,177.625041799,211.968640321,139.072538854,0.0187277775023,0.0149050157567,0.0202994162613
2011-04-03 08:00:00,0.0100059647493,0.0150007752526,261.689238383,0.0100161384422,171.694528989,0.00453048861096,211.968313772,92.2063233126,0.0150075597794,171.694526383,0.0160630847874,0.0100734825889,64.1053386019,0.0100753155398,0.0161805355429,0.0148287696621,0.0153538334615,0.0100027327921,92.2063402452,92.2063731453,52.2158273108,0.0348361837707,0.0100010972749,0.010083703522,143.876299667,211.968480167,139.072533243,0.0153699760588,0.0145688442815,0.0199844235086
2011-04-03 09:00:00,0.0100021173524,0.0150019178733,261.689205852,0.0100062548843,171.694515954,0.00452871022363,211.968242906,92.2063189886,0.0149941546397,171.694523872,0.0100136955057,0.0100209838548,64.1051253618,0.010023165141,0.0161491515022,0.0100129890158,0.0153416927122,0.0100016518612,92.2063323391,0.0153034336651,52.2158573526,0.0347962231101,0.0100003647225,0.0100206786522,143.876286213,211.968461059,139.072529877,0.0152281810525,0.0136053622837,0.0155967189253
2011-04-03 10:00:00,0.010001576003,0.0150035190069,211.96858819,0.0100040827572,139.072573775,0.00452685117541,211.968521736,0.0150025310653,0.0100088935195,171.69452238,0.0100072551671,0.0100091616869,0.0100140675898,0.0100054192439,0.0100237177192,0.0100047324065,0.014853642814,0.010001329906,92.2063313006,0.015004203064,52.2158624339,0.0343204519704,0.0100002082302,0.0100112298197,143.876285566,211.968469511,139.072525676,0.0151451392428,0.0132920650292,0.0150064173285
2011-04-03 11:00:00,0.0100014667448,0.0150066245982,261.689222789,0.0100072283845,139.072571421,0.00452500358868,211.968546941,0.0150004261605,0.0100070623065,171.694523081,0.0100124203657,0.0100035560834,0.010008154479,0.0100052675835,0.0161416248886,0.0100051369953,0.0100617240985,0.0100014124619,92.206331508,0.0149978208067,52.2158655258,0.0293099220507,0.0100001442321,0.0100095549096,143.876285497,211.96822008,139.072522467,0.015120454929,0.0132360020559,0.0149832595549
2011-04-03 12:00:00,0.0100015766327,0.0150145453848,261.689231586,0.0100119928964,139.072570161,0.00452314411702,211.968530891,0.0150010131984,0.0149641088213,171.694525348,0.01590725713,0.0100020970989,0.0100087704733,0.0100075190774,0.0161801744744,0.010018644635,0.0150501474086,0.0100019641575,92.2063329328,0.0149989430534,52.2159172558,0.0344205478628,0.0100001934226,0.0100125400286,143.876285571,158.977355075,139.072515186,0.018674944476,0.0131816547071,0.0150048090658
2011-04-03 13:00:00,0.0100022467201,0.0150171602738,261.68923153,0.0100333590671,139.072567332,0.00452130638916,171.694565357,0.015000423886,0.0149983757304,171.6945312,0.0163284626761,0.0100026172288,0.0100212829804,0.010015689648,0.0161854603701,0.0148243226351,0.0153409768997,0.0100038647752,158.976430992,0.0149960188417,52.2159035481,0.034749115376,0.010000371531,0.0100335681766,143.876285784,211.967887559,139.072517802,0.0182499681758,0.0133094678617,0.0153997871028
2011-04-03 14:00:00,0.010008451958,0.0150306329221,261.689142918,0.0100541043366,139.072571933,0.00451949471902,171.694561105,0.0150004948977,0.0150387001357,211.968211183,0.0197388162826,0.0100037233394,64.1052981953,0.0100656295018,0.0161947513154,0.0148340208806,0.0153557818502,0.0100128831836,171.694511515,0.0149958552345,52.215892515,0.0348245928113,0.0100013013983,0.0101036341694,143.876286407,158.976575268,139.072527074,0.0164463315892,0.014708980877,0.0196308238384
2011-04-03 15:00:00,0.0100514427077,0.0150669184906,261.689236541,0.0101277148858,139.072574578,0.00451774934141,211.968551554,0.0150011137391,92.2063023566,211.96854342,0.0200039695573,0.0100085821239,64.1053844658,0.0101002073201,0.0199797782856,0.0148587611489,0.0153772970579,0.0100421115334,211.968564012,0.0149980282806,52.2159390598,0.0348485312389,0.0100031591525,0.0101635716756,143.876288004,158.976675722,139.072541455,0.0153056941372,0.0149316584819,0.0200785068424
2011-04-03 16:00:00,110.385623363,0.0153034173396,261.689242551,0.0130425176703,171.694525212,0.00451597159479,211.968595046,92.206319247,92.2063181522,211.968550754,0.0201755624775,0.010018353538,85.4738274357,0.0125326304136,0.0199954227961,211.968463341,0.0215577455378,0.0123991617073,211.968577152,0.0150045968289,69.6216600851,0.034855569997,0.014993717276,211.968322645,177.62501676,211.968369171,171.694481248,0.0152540449121,0.0149637213696,0.0206392704325
2011-04-03 17:00:00,110.385842617,92.2062697281,261.689245207,0.0131037626229,171.694533184,0.00451425367406,211.96859799,211.968484962,92.2063217838,211.96855234,0.0201866760611,0.0100381999097,85.4738455657,0.0125786986537,0.0199991421818,211.968500098,0.0215663072984,0.0124079549831,211.968578576,92.2063635279,120.036142799,0.0348587981913,0.0150160062739,211.968456019,177.625042675,211.968654561,171.694490963,0.0151459622809,0.0149793166903,0.0206289377189
2011-04-03 18:00:00,110.385850143,92.2063036653,261.689249095,0.0131123335389,171.694533949,0.00451254496662,211.968596909,211.968557058,92.2063246659,211.968552894,0.0202005941972,0.0123875094078,85.4738476786,0.0125868903361,0.0200001649256,211.968502225,0.0215682329036,0.0124103502311,211.968579283,92.2080382615,120.036156116,0.0348597956685,0.015016651043,211.968469166,177.625043943,211.968682414,171.694492846,0.0181015356783,0.0149702240236,0.020645471178
2011-04-03 19:00:00,110.385852254,92.2063100555,261.689245119,0.013112921121,171.694533645,0.00451079334206,211.968593084,211.968552932,92.2063202793,211.968552573,0.020190330391,0.0123923997011,85.4738478842,0.0125886476209,0.0200004463954,211.968504045,0.0215687716275,0.0124108457496,211.96857883,211.968436605,120.035951183,0.0348584857935,0.0150168189889,211.968472844,177.625043994,211.968649076,171.694493069,0.0150567674775,0.0149424243875,0.0202156834356
2011-04-03 20:00:00,110.385854357,92.2063173478,261.68924227,0.0131107446166,171.694533901,0.00450884436024,211.968588828,211.96854654,92.2063159128,211.968552192,0.0201848345219,0.0123933755648,85.4738477154,0.0125894463055,0.0200003884754,211.968505568,0.0215688771133,0.0124106507439,211.968578525,211.968541091,52.2161490982,0.034854235161,0.015016860397,211.968474137,177.625043884,211.968593841,171.694493054,0.0150179526268,0.014883730449,0.0200083059923
2011-04-03 21:00:00,110.385853189,92.2063181977,261.689240449,0.0131076333099,171.694533719,0.00450679937891,211.968583696,211.968542719,92.206313744,211.968551492,0.0201780473854,0.0123937853604,85.4738465278,0.0125878783996,0.0200002400669,211.968506795,0.0215687163777,0.0124102166698,211.968577969,211.968062052,52.2159634666,0.0348519323416,0.015016836807,211.968474084,177.625043738,211.968541136,171.694492643,0.0150081639855,0.0148282788149,0.0199845881798
2011-04-03 22:00:00,110.385852288,92.2063192898,261.689235124,0.0131038917324,171.694533037,0.00450485208837,211.968555114,211.968309983,92.2063120707,211.968550084,0.0201564454521,0.0123935842115,85.4738468808,0.0125852206531,0.0200002824979,211.968507495,0.0215684486249,0.0124089400783,211.968577289,92.2065910268,52.2159179789,0.0348499397327,0.0150167778032,211.9684762,177.625043583,211.968422079,171.6944924,0.0150055696536,0.0147437110044,0.0199705936617
2011-04-03 23:00:00,110.385850743,92.2063215533,261.689220639,0.0131003940786,171.694532955,0.00450296869106,211.968545375,211.968272654,92.2063120493,211.968548697,0.020106894125,0.0123931529176,85.4738467853,0.0125830909538,0.0200003879543,211.968507762,0.021568158073,0.0124074192357,211.968576867,92.2064051693,52.2158938754,0.0348482083935,0.015016733935,211.968476841,177.625043443,211.968126051,171.694491619,0.0150045591283,0.014661740665,0.019964787782
2011-04-04 00:00:00,110.385850093,92.2065579249,261.689031615,0.0130982525775,171.694531615,0.0045011392014,211.968553053,92.2063303036,92.2063154321,211.968547747,0.0201417580904,0.0123930202092,85.4738467596,0.0125814529028,0.0200013518406,211.968507798,0.0215675408932,0.0124059669984,211.968576056,92.2063536361,52.2160843535,0.0348457592486,0.0150167051984,211.968476457,177.625043264,211.968577014,171.694490621,0.0150168451921,0.0146629528127,0.0199563848795
2011-04-04 01:00:00,110.385849703,211.968166426,261.688717251,0.0130955577748,171.694530668,0.00449936432661,211.968552651,92.2063249366,92.206314955,211.968546793,0.0201131436549,0.0123928238509,85.4738467517,0.0125801768238,0.0200019560874,211.968507654,0.0215671751911,0.0124048182249,211.968575545,92.2061090642,52.2159416713,0.0348431138615,0.0150166645634,211.968475834,177.625043367,211.968607499,171.694489713,0.0150087282758,0.014738894057,0.0199790556275
2011-04-04 02:00:00,110.385852229,211.968515839,261.688884657,0.0130933100726,171.694530844,0.0044975965709,211.968535215,92.2063240424,92.2063128245,211.968545461,0.0201180378012,0.0123924502625,85.4738469329,0.0125791988272,0.0200022556997,211.96850826,0.0215668946983,0.0124038737565,211.968576395,0.0150889733652,52.2160124067,0.0348401611076,0.0150166347079,211.968475228,177.625043412,211.968572212,171.694488857,0.0150076947702,0.0148805182887,0.0199956527854
2011-04-04 03:00:00,110.385858018,211.968526959,261.689173224,0.0130913186625,171.694532793,0.00449594683902,211.968548589,92.2063237312,92.2063142152,211.968543838,0.0201522189887,0.0123921435514,85.4738477114,0.0125789553092,0.020002408005,211.968509328,0.0215666763412,0.0124034022066,211.968577796,0.0150049318349,120.036130248,0.0348457359278,0.0150166252328,211.968472928,177.625043609,211.968577635,171.694487617,0.0150096810454,0.0149366863925,0.0200152227683
2011-04-04 04:00:00,110.385861957,211.968532844,261.68923093,0.0130881970667,171.694533839,0.00449458819271,211.96856452,92.206324021,92.2063153879,211.968540699,0.0201629196801,0.0123918782955,85.4738488285,0.012578638607,0.0200026016282,211.968509407,0.0215661273359,0.012402258803,211.968579233,0.0150011371858,120.036210045,0.0348520071936,0.0150166566049,211.968476533,177.625043759,211.968562929,171.694485274,0.0150136497043,0.0149600590908,0.0200200296382
2011-04-04 05:00:00,110.385863854,211.968528622,261.689239091,0.013071576949,171.694534017,0.00449339123078,211.968567735,92.2063242429,92.2063140688,211.968493192,0.0200289059666,0.0123916539697,85.4738495292,0.0125707778523,0.0199995850614,211.968508753,0.0215600624967,0.0123915873427,211.968580112,0.015000917811,120.036127493,0.0348545515998,0.0150165004711,211.968475874,177.625043673,211.968605165,171.694467782,0.0150136071517,0.014952465035,0.0199644760789
2011-04-04 06:00:00,110.385842322,211.968518534,261.689241052,0.0102147521865,171.694533021,0.00449175294297,211.968567239,92.2063215719,92.2063103847,0.0100650892443,0.0199953703302,0.0123907200278,85.4738496275,0.0101993279197,0.0199106327351,171.694531703,0.0102076126718,0.0100277491792,211.9685801,0.0150022748208,120.036123198,0.0348580159511,0.015012194808,211.96842636,177.6250433,211.968428068,0.0121875338293,0.0150081763117,0.0148628233863,0.0153472569632
2011-04-04 07:00:00,89.4125372528,211.968415585,261.689228076,0.0100846120995,171.694517597,0.00448982745217,211.968552536,0.0150015157319,74.6871320455,0.010043720383,0.0163380551945,0.0123828743635,85.4738491183,0.0100664183456,0.0161991191545,171.694492394,0.0101627139289,0.0100110236399,211.968578034,0.0150033771625,52.2159774829,0.0348497731048,0.011275277803,171.694466121,177.625039878,211.968265344,0.0121165439609,0.015000970425,0.0132845053758,0.0150442071324
2011-04-04 08:00:00,89.412446639,92.206832028,113.834827992,0.010025430503,74.6871301684,0.00448792831812,211.968512094,0.0150002366215,74.6871141289,0.0100111816332,0.0163144759544,0.0100238971266,85.4738488744,0.0100265485036,0.0161914067328,171.69448994,0.0101001442782,0.0100029613983,211.96856988,0.0150039578359,52.2158569979,0.0348317506168,0.0112732682388,171.694432708,77.266992729,211.965036709,0.0101981757475,0.014995418983,0.0128639145821,0.015005251716
2011-04-04 09:00:00,89.4123166598,92.2066554494,0.020063311799,0.0100083422131,74.687123498,0.00448602615822,92.2063165005,0.0150000362176,74.6871099085,0.0100029627701,0.0100329249563,0.010012723299,85.473847122,0.0100082160375,0.0100097056579,171.694489942,0.0100040974409,0.010001645566,211.968532653,0.015003984438,52.215843884,0.0167239866457,0.0100034451256,171.694416352,77.2669880635,158.976555717,0.0100085996172,0.0149939846093,0.0126019823092,0.0150019894547
2011-04-04 10:00:00,82.7894790362,92.2064016605,0.0199969009353,0.0100058050393,74.6871214472,0.00448415395963,74.6871767947,0.0149999509581,69.1555962055,0.0100020773811,0.0100103070526,0.0100038088573,85.4738435865,0.0100049693603,0.0100036757107,171.694489401,0.0100024347931,0.0100012909594,92.2063318659,0.0150040303626,52.2158348547,0.0151704193497,0.0100007359424,171.694397063,77.2669845623,158.976477239,0.0100055898046,0.0149958365128,0.0128621608899,0.0150094433055
2011-04-04 11:00:00,89.4125239294,92.206348292,0.0198252569127,0.0100056204084,74.6870956583,0.00448230467947,0.0150077359642,0.014999912928,69.155690545,0.0100023591255,0.0100110703532,0.0100017055895,85.4738461209,0.0100052124899,0.0100052724205,171.694490515,0.0100027589292,0.0100013006942,92.2063228275,0.0150030442118,52.2158134206,0.0151627824042,0.010000691288,171.694410454,0.0100134658241,158.976427563,0.0100060371601,0.0150027519601,0.0130655564867,0.0150855029376
2011-04-04 12:00:00,89.4125301414,92.206336858,0.0150216417213,0.0100118431455,0.019984262215,0.00448038020067,0.0150008926351,0.0149999122265,74.6871005781,0.0100044362044,0.0149537971177,0.010001414616,85.4738422264,0.0100091033258,0.016159624253,171.694492403,0.0100087948416,0.0100017460115,85.3762632881,0.015001816142,52.2158083658,0.0151634448572,0.0100012603107,171.694369596,0.0100018843598,158.976422711,0.0100180202561,0.0150147133104,0.0138239292341,0.0155495307597
2011-04-04 13:00:00,89.4125297828,92.2063284451,0.0150660752469,0.0100410133799,0.0199519714631,0.00447847635652,0.0150012495077,0.0149999075402,74.6871171046,0.0100340785146,0.0163286713613,0.0100015800932,85.4738340007,0.01002483983,0.016195654265,171.694493467,0.0101566727566,0.0100038166744,0.0200012932769,0.0150011365138,52.2157371414,0.0151551372819,0.0112711747964,171.694392742,0.0100042936755,158.976389647,0.0121153494743,92.205983589,0.0148988032225,49.8586412101
2011-04-04 14:00:00,110.380729973,92.2063266025,0.0199972201424,0.010089296762,74.6870763006,0.00447664309061,0.0153136091832,0.0149999381808,74.6871455985,0.010053715059,0.0187737466385,0.0100023760413,85.4738329687,0.0100628027487,0.0162064792803,171.694494369,0.0101680276535,0.0100141284572,85.376256151,0.0150024510727,52.2157570896,0.0151490243008,0.0112743208286,171.694458338,77.2668937658,158.976461134,0.0121720404905,92.2061660664,0.0150290417486,49.8589211776
2011-04-04 15:00:00,110.385826597,92.2063260815,0.0200022332196,0.0102283642404,74.6871221039,0.00447483118198,74.6871770868,0.0149999657421,92.2063118973,211.968308138,0.0200090987481,0.0100076958909,85.4738403808,0.0102890870839,0.0290268324976,171.694497695,0.0149750807892,0.0100508213208,92.206330387,0.015006742072,52.2158250854,0.0151613749412,0.0112791073156,211.968457118,77.2669872401,158.976535326,0.0150087354366,92.2062894315,0.0152939311695,114.617808807
2011-04-04 16:00:00,110.385839826,92.2063246411,0.020067044588,215.037716267,74.6871298105,0.00447308967588,92.2063528512,0.0150000035314,211.968370854,211.968493603,0.0209922336633,0.0100172039272,85.4738450916,0.0147767215166,183.714960715,211.968469774,0.0150058491124,211.968498661,113.834901676,0.0150089791693,52.2158358159,0.0151811987688,0.015021160643,211.968506022,77.2669890371,211.968489929,0.0150256728735,211.959396021,0.0158015985799,114.617966151
2011-04-04 17:00:00,110.385845624,92.2063251623,0.0250862939294,215.037908176,171.69452116,0.00447136940972,92.2063946027,0.0150000727895,211.968508544,211.96849949,0.0210219717607,0.0101161477443,85.4738475434,0.0148009856719,183.714968349,211.968511871,0.0150100666967,211.968533711,113.834987062,0.0150061335837,52.2158407543,0.0152018655605,0.0150234056388,211.968516807,177.624998148,211.968611279,0.0150308751906,211.966232528,0.0159077277316,114.618010613
2011-04-04 18:00:00,110.38584551,92.2063229981,113.834812377,215.037925772,171.694525389,0.0044696352012,92.2063959301,0.0150003789189,211.968511366,211.968501748,0.0210308047055,0.0126310298039,85.4738481585,0.0148062333986,183.714970795,211.968514175,0.0150108085029,211.968538741,113.834993053,0.0150061938295,52.2158389831,0.0151745682281,0.0150237795386,211.968520629,177.625002781,211.96861185,0.0150323288598,171.694911444,0.0151047142502,114.618029132
2011-04-04 19:00:00,110.385841467,92.2063220438,113.834776027,215.037929802,171.694525358,0.00446780296061,92.2063974866,0.0150000782655,211.968516799,211.968502308,0.0210282834201,0.0126358907049,85.4738481358,0.0148069726229,183.714971423,211.968514633,0.0150108525957,211.968539947,113.834971143,0.015005198671,52.215831848,0.0151711160711,0.0150238267421,211.968520104,177.625003117,211.968608693,0.0150323035963,171.693461158,0.0151004666646,114.618017048
2011-04-04 20:00:00,110.385838816,92.206322283,0.0247235769558,215.037928562,171.694525915,0.00446580437074,92.2063990181,0.0149999739325,211.968518985,211.968502477,0.0210262052857,0.012636766586,85.4738476662,0.0148069222493,183.714971553,211.968514818,0.0150108349475,211.968539731,113.834964955,0.0150038054544,52.2158265698,0.0151662673118,0.0150237687804,211.968519197,177.625003221,211.968591599,0.015031739635,211.966733252,0.0150835916036,114.61801514
2011-04-04 21:00:00,110.385833046,92.2063219847,0.0247106771106,215.037925677,171.694525084,0.00446375516609,92.2063989473,0.0149998976679,211.96852026,211.968502061,0.0210226315,0.01263679222,85.4738469787,0.0148048999554,183.714971676,211.968514946,0.0150112256153,211.968538827,113.83490738,0.0150021291553,52.2158231013,0.015159238601,0.0150237165944,211.968517529,177.625003253,211.968625401,0.0150314606775,211.967788868,0.0148938441468,114.618031904
2011-04-04 22:00:00,110.385832638,92.2063213416,0.0201432805929,215.037918332,171.694523601,0.00446179379919,92.2063959712,0.0149998521151,211.96852076,211.968501328,0.0210197354531,0.0126363829694,85.473846619,0.0148028789805,183.714971697,211.96851517,0.0150110453584,211.968537062,92.206334656,0.0150010733517,52.2158196629,0.0151448058351,0.0150236369649,211.968515536,177.625003242,211.968612219,0.015030736479,211.967947091,0.014809205336,114.618035554
2011-04-04 23:00:00,110.385833846,92.2063213802,0.0200227867645,215.037913861,171.694523148,0.00445986934586,92.2063926452,0.0149998482462,211.968520924,211.968500306,0.0210191587378,0.0126359364013,85.4738464472,0.0148014100061,183.71497195,211.96851525,0.0150104495581,211.968533576,92.2063330302,0.015000767949,52.215817402,0.0150196937645,0.0150235592606,211.96851391,177.62500324,211.968606989,0.0150301241055,211.967997031,0.0146228617941,114.618043041
2011-04-05 00:00:00,110.385835323,92.2063174942,0.0200271309466,215.037907355,171.694521364,0.00445804616637,92.2063804526,0.0149998440914,211.968520406,211.968499636,0.0210057321631,0.0126356651447,85.4738460627,0.014799748114,183.714972046,211.968514653,0.0150089676381,211.968527284,92.2063325231,0.0150003686374,52.2158163124,0.0150054748958,0.0150235050227,211.968516382,177.625003209,211.968585844,0.015029733398,211.968061851,0.0147556729343,114.618049208
2011-04-05 01:00:00,110.385829985,92.2063188411,0.0200189610665,215.037911436,171.694517162,0.00445623236169,92.2063685589,0.0149998346,211.968520673,211.968498791,0.0210034914565,0.0126353788282,85.4738461395,0.0147982381998,183.714972231,211.968514793,0.0150083787427,211.968525009,92.2063324782,0.0150001457401,52.2158142897,0.0150056637945,0.0150234250921,211.968515133,177.625003219,211.968583366,0.0150294680333,211.968038073,0.0147015623433,114.618051832
2011-04-05 02:00:00,110.385829101,92.2063217201,0.0200139308196,215.037911747,171.694506342,0.00445448146319,92.2063686781,0.014999827576,211.968520844,211.968497733,0.0210079478883,0.0126350427645,85.4738458086,0.014797068573,183.714972331,211.968515003,0.0150086602498,211.968523853,92.2063327866,0.0150002477261,52.2158179833,0.0150081718901,0.015023359207,211.968513314,177.625003225,211.968571797,0.0150296209447,211.968030895,0.0160537234895,114.618072959
2011-04-05 03:00:00,110.385836617,92.2063293898,0.0200094686255,215.037919939,171.694359581,0.00445283195822,92.2063540441,0.0149998391313,211.968521223,211.968496139,0.0210151134656,0.0126346188892,85.4738464203,0.0147959052483,183.714972555,211.968515393,0.0150106024537,211.968530852,92.2063330136,0.0150010264942,52.2158222929,0.015011089378,0.0150233440661,211.96851213,177.625003283,211.968565349,0.0150301427948,211.968060475,0.0166528424417,114.618159922
2011-04-05 04:00:00,110.385840838,92.206375329,0.0200121496653,215.037929622,171.694452274,0.004451426182,92.2063537563,0.0149998915285,211.96852134,211.968492909,0.0210185913364,0.0126341291498,85.4738472533,0.0147956369095,183.714972767,211.968514944,0.0150127879326,211.968537554,92.2063352761,0.0150040221303,52.2158225765,0.0150304831543,0.0150233291443,211.968510155,177.625003337,211.968561149,0.0150297964763,211.968090975,0.0169400105631,114.618204069
2011-04-05 05:00:00,110.385837638,92.2063537969,0.0200191160849,215.037935563,171.694417248,0.00445011043428,92.2063418944,0.0149999660297,211.96851945,211.968406135,0.0209746940406,0.012633600614,85.4738477052,0.0147905754729,183.714967787,211.968512892,0.015012140854,211.968537745,92.206335707,0.0150130274028,52.2158156576,0.0150329625295,0.0150231099987,211.968501539,177.625003233,211.968536429,0.0150236318823,211.968085386,0.0187693772936,114.618205447
2011-04-05 06:00:00,110.385747426,92.2066331282,0.020067650484,215.03792369,74.6871236957,0.00444847937253,0.0200332862919,0.01499999562,211.968509644,0.0100907469356,0.0200049524726,0.0126321085327,85.4738442332,0.0146730897135,148.809143766,211.968467775,0.015000322915,211.968530063,92.206330888,0.0150124214161,52.2158066229,0.0150103652392,0.0150165633752,211.968141977,177.625002857,211.968395989,0.014939688695,211.967932992,0.0168427490855,114.618145714
2011-04-05 07:00:00,0.0149841229934,92.206332842,0.0200056046362,215.037278607,74.6867882491,0.00444659600828,0.0200042285745,0.0149999843027,92.2063331931,0.0100742537892,0.0170254685274,0.0126207576075,85.4738141357,0.011889574132,148.809126223,92.2062962213,0.0122253835063,211.9685297,0.0200089321254,0.0150169931012,52.2158059856,0.0150061694736,0.0113282316542,0.0108969692995,177.624996809,158.97609135,0.0121159245465,211.967388938,0.016306175527,114.618025575
2011-04-05 08:00:00,0.0149291610551,92.2063348139,0.0200035194295,174.180759478,74.6867084102,0.00444476678194,0.0199978508433,0.0149999771128,92.206276799,0.0100112362096,0.0170039435421,0.0100347893671,64.1054022004,0.0118669133125,148.80912113,92.2062872796,0.0121651873358,211.968517346,0.0199997703041,0.0150119576984,52.2157943004,0.0150048210038,0.0113263980906,0.0108525616023,0.0149948983627,158.975931741,0.0120945343955,92.2078066442,0.0144078651399,114.615984757
2011-04-05 09:00:00,0.0100125753346,92.2063736918,0.0200028495153,174.180752393,0.0150053979792,0.00444287846157,0.0199951344612,0.0149999707167,74.687122286,0.0100033695926,0.010385409667,0.0100204283103,64.105352503,0.0117691468804,148.809112638,0.0149969716391,0.0121623886821,211.968491236,0.0199990632556,0.0150065002141,52.2157534466,0.01500369108,0.0112618061486,0.0100736846537,0.014992669466,158.975708796,0.0100317120836,92.2063288016,0.0125070839852,49.8589839734
2011-04-05 10:00:00,0.0100046298907,92.2066146644,0.0200011414959,174.180752707,0.0150007332276,0.00444104351006,0.0199852134476,0.0149999612811,0.0199955587134,0.0100028905353,0.0100221799667,0.0100067063756,0.01001942118,0.0112028317693,148.8091132,0.0100088053426,0.0121576382467,211.967137699,0.019998344911,0.0150046667706,52.2156751488,0.0150031944221,0.0100014906119,0.0100237894803,0.0149798409258,0.0226617448911,0.010009975665,92.2061980853,0.0116178498582,0.0215660724364
2011-04-05 11:00:00,0.0100045982425,211.968193607,0.019999590682,174.180752229,0.0150010501287,0.00443928746837,0.0199854416596,0.0149999527804,0.0150033024689,0.0100040444672,0.0101779191129,0.0100024316437,0.0100126212648,0.0113139203407,148.809121325,0.0100064400207,0.0120207061241,171.694560184,0.0199988083244,0.0150034654473,52.215646311,0.015003210883,0.0100012524026,0.0100183572148,0.0100013011863,0.0151223171827,0.0100093455609,92.2061812772,0.0113370076421,0.0199542373658
2011-04-05 12:00:00,0.010006947519,211.968536879,0.0200020096216,174.180758753,0.0150964347784,0.00443751690942,0.0200013984355,0.0149999618134,0.015008527372,0.0100167841758,0.0170041501815,0.0100020997839,0.0100157789917,0.0113198707337,148.809125269,0.0100285035493,0.0121357742306,171.694636172,0.0199994714711,0.0150023819728,52.2157408007,0.0150032265632,0.0100072156686,0.0100272481466,0.0100009038623,92.2069925795,0.0100179206541,92.2061605799,0.0113495876974,0.0200370655462
2011-04-05 13:00:00,0.0100449730505,211.968529702,0.0200029044153,174.180739283,74.6867327666,0.00443563232658,0.0200047070802,0.0149999532712,0.0200259809618,0.0100758185917,0.0170300606706,0.0100022473338,64.1053029446,0.0118597270444,148.809129146,0.0150508718289,0.0121636378801,211.968462312,0.0200004616707,0.015002250754,52.2156681885,0.0150027779985,0.0113240512784,0.0108019235211,0.0100016167998,158.971447225,0.0120778295076,92.2061574524,0.0119761377985,49.8588003061
2011-04-05 14:00:00,0.0149456274897,211.96853097,0.0200055159271,174.18075296,74.6867837074,0.0044338044469,0.0200082428166,0.0149999779512,74.6871254179,0.0100951016923,0.0200083858145,0.0100039354832,64.1053962063,0.0118786047112,183.714931871,92.2062909013,0.0121815289419,211.968517118,0.0200126653631,0.0150023168597,52.2156289552,0.0150030005905,0.0113270072373,0.0108727288683,0.0149860007846,158.976056625,0.0121158250416,92.2064244972,0.0125456946789,85.9627660214
2011-04-05 15:00:00,0.0150284309859,211.968535622,0.0200206380197,215.036747778,74.6871217802,0.00443194864694,0.0208734197478,0.0150000035735,92.2063135481,211.968502606,0.0209723869706,0.0100161817599,85.4737230627,0.0119352004413,183.714971346,92.2063580063,0.0151852081388,211.968535766,92.2060325855,0.015003127218,0.0150158906563,0.0150045540169,0.0113297970896,0.0109588325463,0.0149927418462,158.97740439,0.0124920348799,113.835059607,0.0148992121646,114.616927664
2011-04-05 16:00:00,110.385814375,211.968540136,0.020060766687,215.037924023,171.694133165,0.00443009688391,92.2063231906,0.0150000470768,92.206325956,211.968649104,0.0210567057606,0.0100263571208,85.4738355505,0.0148541594739,183.71497465,211.968498908,0.0345131040193,211.968544544,92.2063205193,0.0150039167122,0.0150079870077,0.0150054947246,0.014998879975,211.968392311,0.014995284301,211.968337238,74.6874561801,211.967069347,0.0152244565503,114.617289802
2011-04-05 17:00:00,110.385845421,211.968544831,0.0246722799909,215.03794147,171.694530523,0.00442829937401,92.2063484654,0.0150000903969,92.2063281646,211.96865962,0.0210786653863,0.0125357301191,85.4738438917,0.0148848744441,183.714975943,211.968505183,0.0345209606525,211.968547459,92.2063277527,0.0150037832785,0.0150072431575,0.0150077680182,0.015001275216,211.968454832,177.623068785,211.968466445,74.6874764949,211.966933414,0.0152718105497,114.617568222
2011-04-05 18:00:00,110.385848477,211.968544892,0.0246914721094,215.037942636,171.694534125,0.00442652758184,92.2063546533,0.0150004408654,92.206327828,211.968663201,0.0210693280205,0.0126495300902,85.4738453917,0.014891834065,183.714975864,211.968506337,0.0345229822804,211.968547371,92.2063308728,0.0150954208812,0.0229246294636,0.0150109058517,0.015001666788,211.968464754,177.62307137,211.968514459,74.6874806146,113.834870099,0.0150815073886,114.61775856
2011-04-05 19:00:00,110.385847564,211.96854488,0.0200395869292,215.037939588,171.694534099,0.00442473733172,92.2063579799,0.015000142339,92.2063259316,211.968664226,0.021062492913,0.0126537518854,85.4738455399,0.0148927094061,183.714975095,211.968506678,0.0345237967574,211.96854643,92.206328121,0.0194978691105,0.015010719466,0.01500610447,0.0150017315613,211.968466054,177.623071638,211.968543371,74.68748176,92.2070412807,0.0149402503585,114.617376843
2011-04-05 20:00:00,110.385847527,211.968544178,0.0200099544309,215.037935221,171.694534469,0.00442273685037,92.2063558966,0.0150000785944,92.2063229853,211.968664723,0.0210582043358,0.0126545633318,85.4738452004,0.0148927416688,183.714974283,211.968506702,0.0345239947033,211.968544732,92.2063238503,0.0186895446262,0.0150070019773,0.0150045250835,0.0150016980611,211.968466404,177.623071698,211.968567559,74.6874821256,92.2062934021,0.0147009524892,114.617177821
2011-04-05 21:00:00,110.385844935,211.968535869,0.0200065560929,215.037928966,171.694534556,0.00442062134086,92.2063542562,0.0150000948939,92.2063199533,211.968664536,0.0210527461458,0.0126546045163,85.4738441941,0.0148905487476,183.714973554,211.968506657,0.0345240906585,211.968542797,92.2063198749,0.015013143493,0.0150045244287,0.015002433116,0.0150016542492,211.968465104,177.623071721,211.968574287,74.6874822363,92.2061968806,0.0137095235975,114.616873257
2011-04-05 22:00:00,110.385843202,211.968503669,0.0200049996063,215.037919907,171.694534084,0.00441864445258,92.2063510623,0.0150001418315,92.2063170628,211.968663134,0.0210455989695,0.0126541703109,85.4738444072,0.0148876846934,183.714972688,211.96850666,0.0345239034854,211.968539637,92.206298759,0.0150039586246,0.0150033178446,0.0150013974654,0.0150016000873,211.968466853,177.623071722,211.968575801,74.6874819645,92.2061754678,0.0128251440739,49.859112815
2011-04-05 23:00:00,110.385840886,211.966513759,0.0200057331328,215.037912235,171.694533936,0.00441670341884,92.2063493655,0.0150002433012,92.2063161807,211.968661699,0.0210332791688,0.012653804579,85.473844337,0.014886118094,183.714971894,211.96850652,0.0345235623433,211.968535989,92.2059154965,0.0150023552393,0.0150038641039,0.0150008645327,0.0150015875651,211.968466212,177.62307171,211.968564692,74.6874814445,92.2061623296,0.0127717265278,49.8588390599
2011-04-06 00:00:00,110.385840529,211.963561221,0.0200084062014,215.037901999,171.694534051,0.0044148570878,92.2063514752,0.0150005997574,92.2063126603,211.968660228,0.021022139367,0.0126534088742,85.473844048,0.0148854242517,183.714971705,211.968506368,0.0345234208339,211.968532549,92.2059281664,0.015005699517,0.0150416251594,0.0150009796957,0.0150015631066,211.968465075,177.623071615,211.968561432,74.6874809098,92.2062174051,0.0128497169433,49.8587232926
2011-04-06 01:00:00,110.385839842,92.2063484115,0.0200105723526,215.037894636,171.694533771,0.00441308705644,92.2063540618,0.015000267122,92.2063134245,211.968659604,0.0209897040417,0.0126530414424,85.4738438588,0.0148831941098,183.7149705,211.968506191,0.0345229514424,211.968528901,74.6871250094,0.0150027536095,0.0150115297252,0.0150009346857,0.0150015272133,211.968463973,177.623071599,211.968560485,74.6874803526,92.2061553602,0.0129732089965,49.8586235019
2011-04-06 02:00:00,110.385841661,92.2063351138,0.0200143596303,215.037888086,171.694533658,0.00441127607173,92.2063587786,0.015000231801,92.2063137422,211.968659529,0.0207850717717,0.0126527515655,85.4738436214,0.014881658606,183.714969113,211.968506272,0.0345226064787,211.968527018,74.6871258095,0.0150008161473,0.0150080555748,0.0150010299531,0.0150014439172,211.968462503,177.623071608,211.968585815,74.6874798447,92.2061315918,0.0145143318724,49.8587915687
2011-04-06 03:00:00,110.385845812,92.2063565121,0.0200321198441,215.037884804,171.694534116,0.00440960219903,92.2063618537,0.0150002658141,92.2063138319,211.968660677,0.0209353867022,0.0126523568778,85.4738440396,0.0148808969283,183.714967426,211.968506599,0.0345223390944,211.96852692,92.2062915543,0.0150003475172,0.0150175318398,0.0150013158793,0.0150013884001,211.968457751,177.623071681,211.968598924,74.687478979,92.2061221756,0.014900602167,49.8588411792
2011-04-06 04:00:00,110.3858484,92.2066757267,113.834745178,215.037875091,171.694534742,0.00440818978051,92.2063654123,0.0150004204657,92.206313817,211.968663106,0.0210166794262,0.0126518693615,85.4738450026,0.0148790383754,183.714964099,211.968505841,0.0345216906355,211.968525192,92.2063201223,0.0150004240641,0.0151629865438,0.0150021352092,0.0150013562129,211.968458913,177.623071746,211.968605111,74.6874773641,92.206125416,0.0149518347142,49.8588470576
2011-04-06 05:00:00,110.385847515,92.2070462948,113.834808357,215.037817726,171.69453488,0.0044069304251,92.206367167,0.0150007161695,92.2063089788,211.968622241,0.020327698475,0.0126514181494,85.4738454503,0.0148680559683,183.714939952,211.968502935,0.0345154668209,211.968501432,92.2063218652,0.0150017283334,0.0150323833568,0.0150038359914,0.015001107912,211.968449906,177.623071655,211.968609572,74.6874665037,92.2061237489,0.0149699981752,49.8587734116
2011-04-06 06:00:00,110.385830576,211.968532264,113.834816407,0.0102899163567,171.694534177,0.00440523894518,92.2063626592,92.2061761864,0.0200048297787,211.968494548,0.0200057261784,0.0126502419826,85.4738413002,0.0103252035623,148.8073102,211.968466133,0.0101112540873,0.0102264553622,92.2063197916,0.0150087888652,52.2156316923,0.0150054830418,0.0149963099937,211.967949321,177.623071311,211.968581289,56.0170051189,92.2062170104,0.014965845575,37.3966496217
2011-04-06 07:00:00,110.385653554,211.968524023,113.834813276,0.0100792397526,171.69452067,0.00440338718236,92.2063467255,0.0150011279945,0.0199878278147,171.694637552,0.019991785316,0.0126409415972,85.47381024,0.0100740854444,148.807294015,0.0158246899781,0.0100710767638,0.0100759695035,92.2062887094,0.0150080294783,0.0197743927607,0.0150046629455,0.0100105863259,0.0118478776596,177.623064978,211.968190912,56.0167346948,92.2061848129,0.0149632568198,37.3943267899
2011-04-06 08:00:00,82.7892992889,211.968522991,113.834805573,0.0100244766271,74.6871650253,0.00440147580628,74.6871559847,0.0150005129171,0.0162088523991,171.694630365,0.0170416115409,0.0100337022402,64.1053949898,0.0100331340386,148.807286629,0.0158143061091,0.0100591389688,0.0100561525492,69.1547261474,0.0150032615217,0.0150655955983,0.015006508714,0.0100082729198,0.0118033100362,0.0149808312226,158.976518517,56.01671759,92.2061779305,0.0149557858034,37.394024308
2011-04-06 09:00:00,82.7892180933,211.968536536,113.83469252,0.0100096492874,74.6871270513,0.00439956054377,74.6871295981,0.015000237794,0.0161749279713,171.694625263,0.017024052393,0.0100197405628,64.105347092,0.0100089921646,148.807265709,0.0150059607333,0.010006903358,0.0100053168755,69.1547070574,0.0149998315852,0.0150239176637,0.0150056633114,0.0100012582802,0.0100842491116,0.0149785097115,158.976452947,0.0100206864819,92.2062948038,0.0149534706483,37.3938456995
2011-04-06 10:00:00,0.0100706261181,211.968541312,92.2062061405,0.0100067966609,74.6871228841,0.00439768243031,0.0200065851211,0.0150000527935,0.0150953116458,171.694624636,0.0170217525811,0.0100076738093,0.0100426083898,0.0100051252353,148.807252165,0.0149872576202,0.010002715381,0.0100033133925,0.0200008697834,0.0149979931354,0.0150102312341,0.0150048682173,0.0100003472443,0.0100317446822,0.0149703324399,158.976423586,0.0100069057204,92.2069402267,0.0149592584315,37.3937962412
2011-04-06 11:00:00,0.0100153516902,211.968546355,92.2062010422,0.0100064871549,74.687120271,0.00439578560672,0.0150653877835,0.0149999966543,0.0162017847735,171.694626722,0.0170259356918,0.0100029910793,0.0100195078578,0.0100049364942,148.807266313,0.0149905481236,0.0100028756837,0.0100033723314,0.0200002452268,0.0149967406035,0.0150075402956,0.015004784965,0.0100002611246,0.0100254197642,0.0100013485486,158.976384562,0.0100083307952,211.967663557,0.0149598924595,37.3938138077
2011-04-06 12:00:00,0.0100261417697,211.968548763,113.834802347,0.0100088254014,74.6871217943,0.00439399047996,69.1550297962,0.0150001388013,0.0162067428079,171.694639554,0.0189072055432,0.0100024290373,0.0100220937393,0.0100069274684,148.807284206,0.0150042553075,0.0100055788522,0.0100055593078,0.0200003253773,0.0149963402727,0.0150080883733,0.0150057041242,0.01000033025,0.0100355734605,0.0100008368636,158.976384821,0.0100603744462,211.968059192,0.0149716764933,37.3938878101
2011-04-06 13:00:00,0.0101320433805,211.968551016,113.834798921,0.010019105529,74.6871226332,0.00439203336325,74.687148815,0.0150000160461,0.01992406286,211.96852508,0.0199933697114,0.0100025979923,64.1044268102,0.0100204610058,148.807291029,0.0157427532054,0.0100581509328,0.0100358338354,0.020000339487,0.0149960528601,0.015007137086,0.0150040466535,0.010001036167,0.011729857693,0.0100012473972,158.976445214,56.0164411122,211.968134581,0.0149644528998,37.3939021688
2011-04-06 14:00:00,82.7892064497,211.968552586,113.834807373,0.0100730781946,74.6871242736,0.00439020726416,74.6871664822,0.0150000427322,0.0199957819466,211.968600479,0.0200006498353,0.0100043196171,64.1053596922,0.0100661303945,148.807296563,0.0158165355887,0.0100732075386,0.0100733993892,0.020003196864,0.0149970722768,0.0150094263231,0.0150050867532,0.0100082968021,0.0118283123949,0.0149655246506,158.976496934,56.0167308289,211.968165467,0.0149634933611,37.3938578904
2011-04-06 15:00:00,82.7893047936,211.968553488,113.834811111,0.0101818652187,74.6871637423,0.00438839862999,92.2063505821,0.0150002423684,0.019998708382,211.968662167,0.0201120008023,0.0100146916951,64.1064059613,0.0101500591328,183.712688042,0.0158305592118,0.0108073979455,0.0101676240608,69.1547240615,0.0149993957729,52.2154707332,0.0150074814096,0.0100106875152,0.0119403269109,0.0149785279895,211.963259629,74.6871876496,211.968195489,0.0149621330646,37.3938638487
2011-04-06 16:00:00,110.385754113,211.968554339,113.834817024,0.0138009738883,171.694522215,0.00438655739736,211.968538011,0.0150009903131,0.0199999601189,211.968667993,0.020969698048,0.0100251864937,85.4738291123,0.0138378527567,183.712717408,92.2062774421,0.0162643906299,0.0142260028899,92.2062949586,0.0150054033355,52.2157496641,0.0150066839887,0.0150237204445,211.968398887,0.0149810667283,211.96852362,74.6872935727,211.968215204,0.0149674490503,37.3938748127
2011-04-06 17:00:00,110.385796285,211.968555013,113.834820887,0.0138658201344,171.694534363,0.00438487548081,211.968557076,0.0150105422706,0.0200014388699,211.968669127,0.0209985510554,0.0102606030457,85.4738416282,0.0138814170067,183.712720281,92.2062885621,0.0162712367756,0.0142361316442,92.2063199089,0.035071877054,52.2157748952,0.0150049116429,0.0150354813288,211.968452683,177.624980127,211.968614639,74.6873020447,211.968236451,0.0149721494728,37.3939133716
2011-04-06 18:00:00,110.385799883,211.96855374,113.834820856,0.0138764073469,171.694536015,0.00438317023663,211.968561821,92.2063210857,0.0200014455977,211.968668869,0.0209984298035,0.0126361462801,85.4738437204,0.0138892955881,183.712720824,92.2062908298,0.0162729118746,0.0142387269983,92.2063298377,211.967981797,52.2157781978,0.015004635185,0.0150360593917,211.968461498,177.624983864,211.968645392,74.6873045673,211.96826045,0.0149451631452,37.3940274366
2011-04-06 19:00:00,110.385799332,211.968553195,113.834820645,0.013878087207,171.694535957,0.00438133540317,211.968562764,92.2063169549,0.0200012654497,211.96866832,0.0209868843526,0.0126408220605,85.4738438805,0.0138906776697,183.71272057,92.2062911022,0.0162732346406,0.0142391266081,92.2063248339,211.968517008,52.2157754904,0.0150022017907,0.0150361936359,211.968463074,177.624984219,211.968647901,74.6873047978,211.968187252,0.0148733319274,37.3939524147
2011-04-06 20:00:00,110.385799929,211.968553691,113.83481906,0.01387656608,171.694536218,0.00437940075919,211.968560422,92.2063044954,0.0200002852388,211.968667391,0.0207596412957,0.0126416625446,85.4738434785,0.0138908210499,183.712719998,92.2062912637,0.0162732466099,0.0142388687869,92.2063019749,211.968510887,52.2157640307,0.0150014363872,0.0150362146638,211.96846272,177.624984284,211.968647182,74.6873045838,211.968167238,0.0145506201645,37.3940521694
2011-04-06 21:00:00,110.385798165,211.968553898,113.834815937,0.0138738505957,171.694536244,0.00437728112812,211.968558911,92.2063158776,0.0199993669643,211.968665582,0.0203232786739,0.0126416666489,85.4738424011,0.0138888875363,183.712719477,92.2062919912,0.0162730907463,0.0142383304047,92.2062961352,211.968484142,52.2156417823,0.0150009225106,0.0150362104646,211.968461558,177.6249843,211.968629807,74.6873039407,211.96816683,0.0126716932949,49.858291397
2011-04-06 22:00:00,110.385796619,211.968553681,113.834807822,0.0138705782398,171.694535871,0.00437533494989,211.96855635,92.2063200398,0.0199984073205,211.968662579,0.0203050129811,0.0126412500692,85.4738421878,0.0138864866189,183.712718762,92.2062925865,0.0162724945287,0.0142371633001,92.2062871243,211.968314531,0.0150126723947,0.0150006005336,0.0150361761732,211.968459422,177.624984288,211.968612381,74.6873031908,211.968173436,0.0125227972975,49.8586487438
2011-04-06 23:00:00,110.385794916,211.968553143,113.83477955,0.0138679144088,171.694535816,0.00437341454644,211.968553486,92.2063228686,0.0199977613837,211.968658292,0.0202955753576,0.012640758245,85.4738419714,0.0138854366613,183.712718207,92.2062929448,0.0162718121402,0.0142358406648,92.2061444426,211.968345736,0.0150035605337,0.0150004766032,0.0150361433044,211.968461816,177.624984282,211.968617659,74.6873022094,211.968185353,0.01251209545,49.8587711931
2011-04-07 00:00:00,110.385792758,211.968553311,92.206198236,0.0138642483708,171.694535755,0.00437153562861,211.96854261,92.2063224326,0.0199970935126,211.968655471,0.0202707136617,0.0126403655773,85.4738418303,0.0138837548963,183.7127173,92.2062932959,0.0162710316011,0.0142343782229,74.6871013822,211.968344925,0.0150017022277,0.0150004510085,0.0150361045136,211.968460936,177.624984299,211.968591222,74.6873015046,211.968186127,0.012440052282,49.8588095535
2011-04-07 01:00:00,110.38579107,211.968552651,92.2061993727,0.0138614145686,171.69453547,0.00436971787611,211.96853635,92.2063227688,0.0199967500674,211.968652104,0.020261599993,0.0126399232816,85.4738416489,0.0138821142175,183.712716719,92.2062933926,0.0162703171142,0.0142329621076,74.6871006414,211.968495641,0.01500093559,0.0150004514255,0.0150360790563,211.968459376,177.624984319,211.968591442,74.687300684,211.968195996,0.0125315786294,49.858856896
2011-04-07 02:00:00,110.385793173,211.968552821,92.2062019144,0.0138598767091,171.694535435,0.00436793541473,211.968535205,92.2063228172,0.0199956330521,211.96864906,0.0202818211521,0.012639528168,85.4738416858,0.0138805606873,183.712716133,92.2062935946,0.0162698239967,0.0142320709105,74.6871007239,211.968532421,0.015000885454,0.0150005388609,0.0150360360241,211.968458254,177.624984332,211.968571677,74.6872997902,211.968187652,0.0128392091667,49.8588379602
2011-04-07 03:00:00,110.385798325,211.968553693,92.20622355,0.0138579051619,171.694535814,0.0043663312685,211.968544257,92.2063235078,0.0199947521145,211.968644851,0.0203121442578,0.0126389495518,85.4738418544,0.0138782626111,183.712715049,92.2062939035,0.0162693684336,0.0142314002253,92.2062397863,211.96854058,0.0150016252915,0.015000917717,0.0150359635028,211.968453566,177.624984391,211.968575965,74.6872984846,211.968197029,0.0147075297229,49.8586497748
2011-04-07 04:00:00,110.385801164,211.968554321,113.834800867,0.0138546779986,171.694536292,0.00436494616001,211.968550094,122.941666954,0.0199950858754,211.968638084,0.0204029736642,0.0126384977526,85.4738431092,0.0138753021349,183.712713174,92.2062932704,0.0162682135883,0.0142295408131,92.2062914988,211.9685529,0.0150028761724,0.0150019343633,0.0150359201911,211.968453746,177.624984446,211.96855389,74.6872961541,211.968189853,0.0150354692545,49.8585027571
2011-04-07 05:00:00,110.385797538,211.968554041,113.834811168,0.0138406016423,171.694536376,0.00436364711021,211.968549629,211.968552517,0.0199941354086,211.96847969,0.0202156060431,0.0126379793177,85.4738437305,0.0138619598044,183.712695418,92.2062904063,0.0162600163535,0.0142161306146,92.2062933153,211.968582585,0.0150031986415,0.0150029514409,0.0150356371565,211.968443523,177.624984352,211.968527373,74.687283862,211.968171737,0.0150459819172,49.8577151217
2011-04-07 06:00:00,110.385686242,211.968553798,113.834805918,0.0135482835783,171.694535793,0.0043619980206,211.968544016,211.968557426,0.0199909084932,0.0100436182956,0.0199983884989,0.012636641745,85.4738391338,0.0103552861852,0.0200298463258,0.0153994713647,0.0150043882293,0.0100851673153,92.2062226845,211.968647293,0.0150029861113,0.0150072095652,0.0150204028031,211.967941178,177.624983945,211.96844327,74.6857083221,211.967996227,0.0149833729893,49.8541278369
2011-04-07 07:00:00,0.0101660714574,211.96855167,92.2061913797,0.0103585228551,171.694527477,0.00436012044922,92.2063568561,122.941862989,0.0199763304884,0.0100260315448,0.0170069806469,0.0126250109684,85.4738018693,0.0100869049193,0.0199891614612,0.0121630120599,0.0121239714887,0.0100463623047,0.0200014240423,211.968653789,0.0150024654165,0.0150043366514,0.0100080129793,0.015317029153,177.624975176,211.965724198,0.0107378088693,211.959473844,0.0149652314277,0.0207004353894
2011-04-07 08:00:00,0.010116346368,211.968549431,0.0200025418527,0.0103065566162,128.767509858,0.00435826530136,92.206259799,92.206336089,0.0150746814073,0.0100045567634,0.0169759202578,0.0100341034306,64.1053880832,0.0100440091618,0.0199822807881,0.0121466976539,0.0121108768409,0.0100238067295,0.0199987918422,211.968638122,0.0150021473735,0.0150035771834,0.0100059350314,0.0152755380183,0.0100138037996,158.97604768,0.0107006656745,92.2061584489,0.0149436122401,0.0201522484273
2011-04-07 09:00:00,0.0100090099237,211.968549766,0.0199991487592,0.0100602518752,128.76749916,0.00435637573267,92.2061616719,92.2063251022,0.0150140150749,0.0100019827379,0.0160686635423,0.010019993358,64.1053419806,0.0100109325828,0.0199757373451,0.0121332090674,0.010007823813,0.0100056895938,0.0199946441219,211.968601516,0.0150019946769,0.0150027994009,0.01000087122,0.0102159541152,0.0100116995283,158.975882735,0.0100182707458,92.2060890248,0.0149357526951,0.0200560441454
2011-04-07 10:00:00,0.0100040384487,211.968549413,0.0199949380825,0.0100143780646,74.6871245624,0.00435453185542,0.0150070191287,92.2063240184,0.0150054320153,0.0100016414831,0.0100333682219,0.0100067462236,0.0100326579151,0.0100063833179,0.0199665787703,0.0100125828416,0.0100033364426,0.0100057486424,0.0150090364196,211.968577031,0.0150018047081,0.0150024803402,0.0100003207811,0.010037464566,0.0100033256474,92.2053740906,0.0100101277257,92.2039752431,0.0149339220601,0.0200235338266
2011-04-07 11:00:00,0.0100036597048,211.968549019,0.0199967271366,0.0100114669591,74.6871233561,0.00435269391135,0.0149974207676,92.206323004,0.0150020665395,0.0100021874067,0.0100182025676,0.0100024532535,0.0100156837578,0.0100061072443,0.0199729426542,0.0100083442467,0.0100035033501,0.0100169242107,0.0199736692657,211.968564178,0.0150016925055,0.0150024319016,0.0100002494855,0.0100327865861,0.010000695997,0.0151106200292,0.0100109440494,74.6885298703,0.0149198594125,0.0200088164023
2011-04-07 12:00:00,0.0100048345026,211.968546371,92.206179911,0.0100168263431,74.6871231496,0.00435093850435,0.0149984982847,92.206323667,0.015002448361,0.0100047771958,0.0100962138405,0.010001965062,0.0100195129255,0.010009553947,0.019979960151,0.0100404134687,0.0100092814679,0.0100291858548,0.0199968927764,211.968552122,0.0150016828798,0.0150021835529,0.0100003934234,0.0100553783352,0.0100005484749,0.0155689424628,0.0100229492573,92.205984419,0.0148988121195,0.0200163505783
2011-04-07 13:00:00,0.0100127091922,211.968542019,92.2062403599,0.0100575453105,74.687123344,0.00434912632974,0.015000839117,92.2063236905,0.0150010171562,0.010026566187,0.0169783833767,0.0100021262082,64.1048956408,0.0100318745701,0.0199838302785,0.0121399247003,0.0121086520178,0.0100304895529,0.0199991850472,211.968541075,0.0150014086608,0.0150018436501,0.0100015935073,0.0152311126473,0.0100007337297,0.0152365349253,0.0107048284068,92.205501226,0.0148514821529,0.0199862036208
2011-04-07 14:00:00,0.0101265214712,211.968541816,113.834816244,0.0103110768137,74.6871248822,0.00434725612992,0.0150419344907,92.2063238811,0.0150057743466,0.0100422690557,0.0170487834097,0.010003616567,64.105355891,0.0100797949172,0.0200028581801,0.012146176765,0.0121198430941,0.010047508219,0.0200011602193,211.968547843,0.0150013659318,0.0150017143678,0.0100064502183,0.0152948029949,0.0100037308164,158.9742539,0.0107331205052,74.6870422339,0.0148176678453,0.0199716258235
2011-04-07 15:00:00,0.0101884339383,211.968545277,113.834820785,0.0103925281025,128.767504323,0.00434540261701,92.2062831502,92.2063241433,0.0150131513046,0.0182753540882,0.0200446490405,0.0100147204868,64.1054749351,0.0101608058378,0.0246651886702,0.012191927885,0.0147822616667,0.0101146101863,0.0200129719583,211.968563716,0.015001232586,0.015002063206,0.0100091083053,0.0153956624926,0.0100118174644,158.976027371,0.0109475097722,74.6869166379,0.0147709525583,0.0199749104063
2011-04-07 16:00:00,0.0149757380487,211.968544399,113.834825734,0.0135891806084,171.694513234,0.00434360570704,211.968494793,92.2064364009,0.0184943532885,0.01835233281,0.0466324873155,0.0100249529381,85.4738240709,0.0135911288756,0.024669647089,0.0149954039444,0.0149797521923,0.0132952597867,92.2063148539,211.968602637,0.0150014522335,0.0150020946602,0.0150135304798,211.968425561,0.0100142876179,211.96744419,0.0149247463442,74.6867344102,0.0147781367767,0.0199908151609
2011-04-07 17:00:00,0.015001805238,211.968540459,261.689178359,0.0136420734915,171.694534076,0.00434181875424,211.96860748,211.968556474,0.0185272835679,0.0183570413385,0.0466708142386,0.0103002046085,85.4738395735,0.0136300949367,0.024670700495,0.0149982900489,0.0149848209691,0.0133050177248,92.2063308684,211.968647672,0.0150019843543,0.015001994271,0.0150169660989,211.968487017,177.62499879,211.968410095,0.0149408776281,74.687106921,0.0148890844736,0.0200109457391
2011-04-07 18:00:00,0.0150051633836,211.968526804,261.689238639,0.0136522177629,171.694535621,0.00434012951025,211.968618369,211.968558131,0.0185282854568,0.0183589109537,0.046675777145,0.0126651817681,85.4738421578,0.0136378394133,0.0246703395109,0.0149986384954,0.0149861657951,0.0133074628545,92.2063324811,211.968655705,0.0150014906963,0.0150022117215,0.0150173695554,211.968496657,177.625005106,211.968475046,0.0149444332397,92.1970400883,0.0147899876159,0.0200441892974
2011-04-07 19:00:00,0.0150042115109,211.968508632,261.689238775,0.0136531584048,171.694535639,0.00433835830046,211.968621153,211.968557119,0.0185266930775,0.0183594279725,0.0466750484218,0.012669933436,85.4738425827,0.0136393068308,0.0246691469576,0.0149982614837,0.0149864223225,0.0133079676708,92.2063325514,211.968671984,0.0150010637891,0.0150020428007,0.0150174172624,211.968498409,177.625005532,211.968515978,0.0149450718004,92.2061056011,0.0141866903698,0.0200112183772
2011-04-07 20:00:00,0.0150042273917,211.968502929,261.689236391,0.0136518768701,171.694535983,0.004336380408,211.968622147,211.968555095,0.0185213851583,0.0183594260583,0.0466740064515,0.0126706808206,85.473842572,0.0136397352174,0.0246681138612,0.0149980161418,0.0149864624869,0.013307834501,92.2063323258,211.968676329,0.0150008005387,0.0150015176616,0.015017379793,211.96849824,177.625005624,211.96855371,0.0149450888551,92.2061417744,0.010666763529,0.0199916595225
2011-04-07 21:00:00,0.0150024016994,211.968499083,261.689225228,0.0136494277594,171.694536024,0.00433429740147,211.968622607,211.968552442,0.0184347985879,0.0183587080895,0.0466731705786,0.0126707780344,85.4738423433,0.0136382605903,0.0246661869506,0.0149981334064,0.0149864853322,0.0133071794445,92.2063314383,211.968662849,0.015000731833,0.0150010120651,0.0150173167798,211.968497542,177.625005662,211.96856162,0.0149450052646,92.2061685668,0.0104365592912,0.0199555206486
2011-04-07 22:00:00,0.0150013727903,211.968507878,261.689193395,0.0136463356848,171.694535686,0.0043323099414,211.968621912,211.968547868,0.0150756242685,0.0183577025772,0.0466727510453,0.0126703844386,85.4738424215,0.0136355139717,0.0246631577965,0.0149984542885,0.0149860635488,0.0133061339377,92.2063301257,211.968650865,0.0150010429787,0.0150007470384,0.0150172216103,211.968498969,177.62500567,211.968563425,0.0149446058907,92.2061437128,0.0103928799249,0.0198796375723
2011-04-07 23:00:00,0.0149998220869,211.968526021,261.689180429,0.0136431477923,171.694535626,0.00433044027608,211.968620888,211.968548827,0.0150350374851,0.0183565721848,0.0466735788106,0.0126699527431,85.4738424147,0.0136345204747,0.0246592100197,0.0149985235765,0.0149855441386,0.0133044918292,92.206328225,211.968642769,0.0150016874309,0.0150006069862,0.0150171404853,211.968498246,177.625005677,211.968569361,0.014943971337,92.2059081771,0.0103512544644,0.019760639152
2011-04-08 00:00:00,0.0149971277998,211.968541701,211.968586059,0.0136404757883,171.694535086,0.00432864016245,211.968620353,211.968543527,0.0150290287163,0.01835553702,0.0466698612678,0.0126695278681,85.4738420924,0.0136330810106,0.0246551840094,0.0149990319301,0.014984669187,0.0133033581498,92.2063223114,211.968627125,0.0150048885857,0.0150005369637,0.0150170510956,211.968496911,177.625005684,211.968578141,0.0149433908302,74.6869894972,0.0103391570952,0.0197224713226
2011-04-08 01:00:00,0.0149960771074,211.968546142,211.968556947,0.0136380023357,171.694534881,0.00432684620922,211.968619851,211.968541332,0.0150262789673,0.0183543909548,0.0466720683401,0.0126693028061,85.4738418601,0.0136314165357,0.0246506667971,0.0149986201735,0.0149838727428,0.0133023705287,92.2063153106,211.96862044,0.0150049160183,0.0150005260458,0.0150169631404,211.968495829,177.62500571,211.9685642,0.0149428012975,0.0150649277189,0.0103500923582,0.0197208508635
2011-04-08 02:00:00,0.0149969152252,211.968550275,211.96854611,0.0136343936667,171.694534888,0.00432507565267,211.968619679,211.968547371,0.0150305004057,0.0183530764302,0.04667367652,0.0126689723663,85.4738413408,0.0136295631289,0.0246504857599,0.0149986447775,0.014983191544,0.0133012352777,92.2063213088,211.968612563,52.2146796324,0.0150005888032,0.0150168766002,211.968494572,177.625005723,211.968582036,0.0149420870622,0.0150238615045,0.0104853935122,0.0198184037498
2011-04-08 03:00:00,0.0150006463236,211.968554037,211.968538836,0.0136321134853,171.694535332,0.00432339758853,211.968620175,211.968553174,0.0150489376061,0.0183510795296,0.0466752963542,0.0126685754686,85.473841891,0.0136273380997,0.0246529167517,0.0149988680756,0.014982794649,0.0133000850325,92.2063266328,211.968610927,52.2157024072,0.0150008295025,0.0150168077003,211.968489057,177.625005785,211.968595409,0.0149412728553,0.0150309429667,0.0114565352673,0.0199447874694
2011-04-08 04:00:00,0.0150035671329,211.968556366,211.968580998,0.0136281258099,171.694535853,0.00432200156713,211.968621169,211.96855656,0.0185114996981,0.0183477991923,0.0466759904043,0.0126680752848,85.4738424213,0.0136237408784,0.0246519209953,0.0149986220966,0.01498200052,0.0132988442279,92.206329673,211.9686161,52.2157250999,0.0150014601913,0.0150167569703,211.968490592,177.625005844,211.968605524,0.0149401204276,0.0151003067042,0.0127136103998,0.0199752740624
2011-04-08 05:00:00,0.0150016909144,211.968557153,261.689002139,0.0136043481176,171.694535852,0.00432081151969,211.968621056,211.968559094,0.018521761293,0.0182865364065,0.0466535338008,0.0126674778969,85.4738428603,0.0136112062521,0.0246310299285,0.0149975075566,0.0149762237329,0.0132918481346,92.2063291309,211.968636704,52.2156290749,0.0150023456153,0.0150164601333,211.968482786,177.625005754,211.968620687,0.0149312753165,74.6869322671,0.0128263577841,0.0199845085695
2011-04-08 06:00:00,0.0149769794127,211.968557718,261.68775798,0.0105054540887,171.694534999,0.00431908574752,211.968615813,211.968560396,0.018510490539,0.0148238451913,0.0203177758654,0.0126661440168,85.4738388757,0.0108415603319,0.0199950776861,0.014988698907,0.0106111447374,0.0108110860739,92.2062803909,211.968660505,52.2156434309,0.0150025512586,0.0150018745044,211.968373122,177.625005391,211.968588248,0.0116290040253,92.2061610509,0.0127923813738,0.0199766318335
2011-04-08 07:00:00,0.0112525477733,211.968557124,113.834822291,0.0101545868854,171.694523151,0.00431714833607,211.968557462,211.968558933,0.0150137169934,0.0148137942081,0.0200416938789,0.0126541088141,85.473804128,0.0101195624774,0.0162239250937,0.0121479017017,0.0105246589845,0.0101159477694,0.0200010417621,211.968660335,0.0150152726412,0.0150026148572,0.0100071972222,158.977343708,177.624997277,211.968403386,0.0115685999496,92.206163,0.0126248478122,0.0199356256797
2011-04-08 08:00:00,0.0111885087782,211.968555009,0.0201448483647,0.010103726114,74.6871371082,0.00431530017163,158.976479061,211.968558278,0.0150076121506,0.0148027832576,0.0199824806051,0.0100306796162,64.1053882137,0.010081345321,0.0162108210425,0.0121421322173,0.0105144675768,0.0100993879799,0.0199995181992,211.968634625,0.0150034459062,0.0150027704276,0.010005232038,158.977302547,0.0100131822995,158.976806191,0.0113398359682,92.2062327795,0.0114467615151,0.0195125795812
2011-04-08 09:00:00,0.0101195506461,211.968554914,0.0200042396798,0.010022813649,74.687127595,0.0043134211588,158.976454213,211.968558171,0.0150071266935,0.014761414367,0.0100369669295,0.010017802347,64.105341481,0.0100177760528,0.0162038023979,0.0121307043138,0.0100126339558,0.0100136959961,0.0199983018121,211.968563465,0.0150023458669,0.0150026691226,0.0100009061005,0.0104590683805,0.0100111319367,158.97650048,0.0100321271617,92.2062566382,0.010402527943,0.019284539297
2011-04-08 10:00:00,0.0100083650425,211.968554786,0.0199901741724,0.0100103331723,74.6871233663,0.00431150640692,92.206354865,211.968556729,0.0150075723337,0.0146236286811,0.0100139775361,0.0100058498016,0.0100261711854,0.0100081994256,0.0161591226651,0.010020887213,0.010006013295,0.0100074080482,0.0199936422342,211.968530246,0.0150015867064,0.0150023464435,0.0100003565121,0.0100407040182,0.0100033507642,158.976437777,0.010016643397,92.2062957666,0.0102382554607,0.0150319325358
2011-04-08 11:00:00,0.0100069429338,211.968555085,0.0150212048571,0.0100085734405,74.6871218756,0.00430960103533,92.2063439143,211.968555973,0.015010423758,0.0147463197418,0.0100726349491,0.0100024781471,0.0100148238921,0.0100089859221,0.0161955674408,0.010013033723,0.0100046262853,0.0100056504194,0.0199825393598,211.96842195,0.0150012281967,0.0150021000729,0.0100002792878,0.0100387413467,0.0100008595926,158.976418159,0.0100167813728,211.96120214,0.0101516790779,0.015010608636
2011-04-08 12:00:00,0.010007312548,211.968554527,0.0198603088416,0.0100114607768,74.6871218617,0.00430783147221,92.206342716,211.968557084,0.0150248949488,0.0147891781667,0.0199777172284,0.010002049714,0.0100166139795,0.0100116626212,0.0162057438706,0.0120570682622,0.0100084778077,0.0100074384626,0.019992617488,211.96774422,0.0150010604763,0.0150017739419,0.0100004049411,0.0101027247024,0.0100006119994,158.976406042,0.0100699995076,211.9681146,0.0101666732231,0.0150676961365
2011-04-08 13:00:00,0.0111119267316,211.968555118,0.0199602386319,0.0100278730455,74.6871223625,0.00430600786769,92.2063480778,211.96855728,0.0184950804145,0.0148136016833,0.0200077046073,0.0100023766418,0.0101488249368,0.0100320015465,0.0162105043033,0.0121405897351,0.0105157781877,0.0100359958764,0.0199961250842,158.977464243,0.0150008171613,0.0150015296349,0.010001225152,158.977278501,0.0100008086289,158.976426066,0.0115629509203,211.968161911,0.010267220201,0.0195272356679
2011-04-08 14:00:00,0.011182285005,211.968556549,0.0199964731627,0.0101229706335,74.6871232189,0.00430408391668,92.2063718056,211.968559077,0.0185247223266,0.0148242484693,0.02004445638,0.0100035805182,64.1053517316,0.0101067652879,0.0162225167185,0.0121453631479,0.010526400936,0.0101092283954,0.0199987437146,158.98008829,0.015000771651,0.0150014035485,0.0100056162751,158.977328255,0.0100038893174,158.976451778,0.0115869603583,211.968176584,0.0105708869522,49.851724349
2011-04-08 15:00:00,0.011230989793,211.968557595,0.0200243447252,0.0102098233988,74.6871269117,0.00430220379607,158.976461972,211.968559356,0.0185256753559,0.0182960396106,0.0203420285415,0.0100132523565,64.1058861336,0.0101820509208,0.0200038305957,0.0148511393366,0.0106551091614,0.0101546575623,0.0199999427027,211.967863058,0.0150009255658,0.0150016607847,0.0100081319503,158.977423194,0.0100112528876,158.97652643,0.0149357840052,211.968204702,0.0107636979172,49.8588377776
2011-04-08 16:00:00,0.0149631411284,211.968557986,113.834807854,0.0132754672327,74.687148482,0.00430042129219,211.968491324,211.968561235,0.0185262499118,0.0183087964429,0.0466632894409,0.010023630949,85.4738254778,0.013315694381,0.0200128557971,0.0149934031152,0.0149565671601,0.0127470759944,0.0200038928066,211.968493784,0.0150014287457,0.0150016339667,0.0150000666768,211.968358113,0.0100137079636,211.968418876,0.0149847888155,211.968215261,0.011426960852,49.8587687989
2011-04-08 17:00:00,0.0149905757226,211.968557658,113.834832977,0.0133282509285,171.694519997,0.00429865421121,211.968590917,211.968562346,0.0185274602307,0.0183114477176,0.0466824979434,0.0102116634956,85.4738392273,0.0133472449132,0.0200143643662,0.0149965217642,0.0149629565788,0.0127561146894,0.0264697703894,211.968540383,0.0150016583043,0.0150013843387,0.0150039181974,211.968402568,177.624811704,211.968559029,0.0149927486868,211.968222276,0.0118916203464,49.8585068557
2011-04-08 18:00:00,0.0149940474744,211.96855653,261.689082401,0.0133381050968,171.694523904,0.0042968974098,211.968603091,211.968563438,0.0185277819629,0.0183121121827,0.0466810327256,0.0125976216679,85.4738411452,0.0133542272837,0.0200129819355,0.0149970961066,0.0149644273072,0.0127581603143,0.026479282857,211.968589443,0.0150010985434,0.0150014402373,0.0150043481395,211.968411033,177.624815487,211.968564791,0.014995001222,211.968264383,0.0113516872762,49.851866744
2011-04-08 19:00:00,0.0149927130383,211.968554803,261.689086704,0.0133391980999,171.694524316,0.00429514072228,211.968607203,211.968562838,0.0185262701726,0.0183122904044,0.046682622915,0.0126026892555,85.4738416016,0.0133551763787,0.0200117777987,0.0149968628229,0.0149647409496,0.0127586790466,0.0264772416984,211.968603415,0.015000802847,0.0150013626252,0.0150044133569,211.968412346,177.624815854,211.968582788,0.0149943254629,211.968234252,0.0101985503729,49.8515833892
2011-04-08 20:00:00,0.0149927441731,211.968553029,261.689086364,0.0133371875982,171.694525349,0.00429320065058,211.968609171,211.968562037,0.018523508571,0.0183122883306,0.046683839155,0.0126035202195,85.4738411683,0.0133549187437,0.0200104305165,0.0149966667597,0.0149647564722,0.012758350768,0.0216554612126,211.968581255,0.015000880163,0.0150010904215,0.0150044005574,211.968412034,177.624815934,211.968586396,0.0149932780486,211.968205322,0.0100633715083,49.8510641383
2011-04-08 21:00:00,0.0149904317388,211.968548218,261.689086608,0.0133349640396,171.694525389,0.00429122906342,211.968609356,211.968561065,0.0185165034957,0.0183117222978,0.0466840887298,0.0126036382379,85.4738405466,0.0133532249418,0.0200097260064,0.0149965475549,0.0149647318512,0.0127577593454,0.0214559173238,211.96855659,0.0150008040029,0.0150008860105,0.0150043624157,211.968411009,177.624815948,211.968586435,0.014992644413,211.968171581,0.00996046731767,0.0229681329789
2011-04-08 22:00:00,0.0149885407282,211.968535688,261.689079683,0.013331427555,171.694524465,0.00428931042797,211.968608664,211.968559664,0.018474825774,0.0183106621353,0.0466830216287,0.012603343665,85.473840557,0.0133505716097,0.0200084453466,0.0149965112449,0.0149643287253,0.0127566226398,0.0214563118994,211.968540988,0.0150007231094,0.0150008867949,0.0150043060896,211.968409041,177.624815912,211.968589628,0.0149918261975,211.968073117,0.00986548218687,0.0203040177423
2011-04-08 23:00:00,0.0149861541289,211.968443116,261.6890705,0.0133282804583,171.694524163,0.00428738364652,211.968608011,211.968558806,0.015075960519,0.0183094526812,0.0466829008124,0.0126028680422,85.4738402024,0.0133487731372,0.0200072912329,0.01499652084,0.0149637531232,0.012755276684,0.0214618922537,211.968529083,0.0150006689979,0.0150011420097,0.0150042393339,211.968411121,177.62481586,211.968587386,0.0149910204982,211.967526919,0.00974293681962,0.0201438996464
2011-04-09 00:00:00,0.0149831904705,92.2063413721,261.689083586,0.0133250079878,171.69452223,0.0042855297902,211.968607481,211.968558576,0.0150651892873,0.0183083242023,0.0466813699883,0.0126023513506,85.4738398545,0.0133479836244,0.0200065284022,0.0149965988785,0.0149630138069,0.0127538961217,0.0264745531235,211.968497217,0.0150008389779,0.0150014833618,0.0150041597349,211.968409082,177.624815819,211.968579277,0.0149915230604,92.2062122196,0.00977726941744,0.0201519308919
2011-04-09 01:00:00,0.0149807007626,92.2063279762,261.689080556,0.0133226754039,171.694521463,0.00428376062937,211.968607003,211.968558058,0.0150843128741,0.0183068195675,0.0466826731252,0.0126018828522,85.4738394532,0.0133461369586,0.0200058914732,0.0149965675855,0.0149622648667,0.0127523922274,0.0265001867966,211.968468144,0.0150008694306,0.01500451298,0.0150040679499,211.968407516,177.624815758,211.968557142,0.0149907861357,92.2061313289,0.00971409405249,0.0200525096998
2011-04-09 02:00:00,0.0149802612668,92.2063241982,261.68908741,0.0133198180008,171.694520879,0.00428202290131,211.968606459,211.968557403,0.0150604561332,0.0183048531228,0.0466828093429,0.01260143019,85.4738390024,0.0133436142174,0.0200050885327,0.0149964919456,0.0149615006503,0.0127511489183,0.026505175758,211.968448879,0.0150012794499,0.0150396490899,0.0150039664142,211.96840462,177.624815684,211.968550421,0.0149901307169,0.0153666230885,0.00978879471428,0.0200129980656
2011-04-09 03:00:00,0.0149809297621,92.2063223706,261.689093222,0.0133163209749,171.694521101,0.00428028720338,211.968605595,211.968557256,0.0150926811112,0.0183018406183,0.0466826353015,0.0126008746708,85.4738392439,0.0133407869167,0.0200035699372,0.0149964801217,0.0149605013387,0.0127495701736,0.0266978407611,211.96838351,0.015001666636,0.0151746174053,0.015003837548,211.968401711,177.624815607,211.968539495,0.0149891289804,0.0150397738753,0.00983134107202,0.0199961086354
2011-04-09 04:00:00,0.014980389914,92.2063201989,261.689098602,0.0133089947947,171.694520938,0.00427857464173,211.968604454,211.968557257,0.0167897812871,0.0182947809348,0.0466804972606,0.012600114914,85.4738387134,0.0133343534683,0.0200011683231,0.0149964846922,0.0149587258196,0.0127468477181,92.2063323951,211.968238399,0.0150021772563,0.0151956300348,0.0150036405311,211.968393282,177.624815484,211.968526104,0.0149881384572,0.0150154878784,0.0099558479017,0.0199793149615
2011-04-09 05:00:00,0.014976221585,92.2063163895,261.689119476,0.0132763225534,171.694519919,0.00427697243617,211.968601931,211.968557833,0.0153250946805,0.0148786624009,0.0466517301535,0.0125989313732,85.4738372961,0.013310100206,0.0199842337762,0.0149959320117,0.0149503337017,0.0127290659732,92.206330104,211.967792668,0.0150014871229,0.0152506922602,0.015003167616,211.968376251,177.624815256,211.968521941,0.0149804972977,0.0150104486305,0.0100545219251,0.0199505511096
2011-04-09 06:00:00,0.0149236519714,92.2063149284,261.689084466,0.0101782731176,171.694510434,0.00427536656359,211.968593729,211.968559233,0.0150214690982,0.0101337701925,0.0203090418605,0.0125965346515,85.4738203822,0.0101356222385,0.016160896664,0.0149934718102,0.0100460532623,0.0100294033812,0.0266902483951,211.968358579,0.0150009466818,0.0152597480819,0.0149423108114,0.0137834058253,177.624814646,211.968470118,0.0145828638794,0.015017392536,0.0100874832039,0.0198732642811
2011-04-09 07:00:00,0.0100976665213,0.0154478041478,113.835422572,0.0100624101239,74.6871234949,0.00427373238734,211.968450719,211.968555534,0.0150058041156,0.010120369463,0.0201449043123,0.0125821493314,64.1067142777,0.0100386160562,0.0161472906048,0.0149486203413,0.0100240908242,0.0100138968259,0.0264990919661,92.2063765046,0.0150013990894,211.968259329,0.0100033305676,0.010175846364,177.624707282,211.967537584,0.0121413624798,0.0150098573806,0.0100329032349,0.0198594856018
2011-04-09 08:00:00,0.0100442878515,0.0150067152742,113.834825372,0.0100180326755,0.0200178926735,0.00427195006944,92.2063490839,92.2063399742,0.015003921892,0.010030407565,0.0198721836315,0.0100436851796,64.1051903635,0.0100134165017,0.0100874623372,0.0121438319781,0.0100120271945,0.01000596121,0.0214544322449,0.0150333799645,0.0150018351517,211.968414528,0.010001579993,0.0101319172432,0.0100059517491,158.976345197,0.0121330354754,0.0150058228574,0.00999394570243,0.019691809142
2011-04-09 09:00:00,0.0100054216098,0.0150030010302,113.834819637,0.0100080577139,0.0200044121078,0.00427009793182,92.206327753,92.2063238443,0.0150020975389,0.0100149988148,0.0100131455051,0.0100182219717,0.0100316398826,0.0100051666576,0.0100150323766,0.0121135967643,0.010003629272,0.0100031230216,0.0200026717386,0.0150055683539,0.0150020310242,211.968440213,0.0100004023714,0.0100288931549,0.0100039117594,158.976260016,0.0121166421296,0.0150029807123,0.00998078421974,0.0168822136165
2011-04-09 10:00:00,0.0100026446562,0.0150017082515,113.834804123,0.010007932001,0.0150086520306,0.00426818036706,0.0199683423568,0.0150074791455,0.0150011004163,0.0100185552542,0.0100079531247,0.0100072216672,0.0100085014809,0.0100033831566,0.0100145053289,0.0100049493412,0.0100024357857,0.0100024336208,0.0150558492962,0.0150003834168,0.0150022933305,211.968450875,0.0100001958783,0.0100144628684,0.0100010630804,158.976187905,0.0114067839611,0.0150011976103,0.00995867426119,0.0161069877483
2011-04-09 11:00:00,0.0100023079974,0.015001370345,0.0200303071793,0.0100108202865,0.0150000966574,0.00426630400791,0.0149713196114,0.015001093667,0.0150007289562,0.0101080816968,0.0100087726486,0.0100020712091,0.0100070827172,0.0100030956963,0.0100860438479,0.0100034962878,0.0100024334828,0.010002549929,0.0149964756238,0.0149995376988,0.0150024884672,211.968453455,0.0100001320336,0.0100111022688,0.0100003843963,158.975742661,0.0113866647989,0.0150002908447,0.00991910408206,0.0158020890663
2011-04-09 12:00:00,0.0100026102717,0.0150061144425,0.0203507704859,0.01001333064,0.0150000761501,0.00426442591803,0.0149457104426,92.2062465324,0.0150009361903,0.0101235394465,0.0191540805234,0.0100011971609,0.0100079462209,0.0100038142529,0.016142642764,0.0100071454264,0.0100041247275,0.0100035439769,0.0149991563698,0.0149998236937,0.0150032620085,211.968312941,0.0100001848734,0.0100160120879,0.0100002439052,158.976017715,0.0121141946041,0.0150021316477,0.00990398536361,0.0156816263125
2011-04-09 13:00:00,0.010004218086,0.0150011415258,113.834761058,0.0100175489136,0.0150002834017,0.00426256259139,0.0150526887241,92.2061877606,0.0150002954575,0.0101278373922,0.0201306362114,0.0100012862851,0.0100143893932,0.0100082194071,0.0161475449343,0.0121027468805,0.0100158466521,0.0100064315799,0.0199668509965,0.0150060432244,0.0150023524682,171.695621706,0.0100004364514,0.0100545312554,0.0100003005828,158.976194196,0.012126510389,0.0149982855249,0.00990298077663,0.0155960367376
2011-04-09 14:00:00,0.0100191862043,0.0150017611652,113.834819045,0.0100500359521,0.0150041765796,0.00426073702209,92.2061481146,92.206318882,0.0150032464505,0.0101415334052,0.0201752673847,0.0100021305349,64.1051489322,0.0100296082409,0.0161575490573,0.0121432531922,0.0100267004245,0.0100144752095,0.0200029667721,0.0151211457483,0.0150032750851,171.694831697,0.0100019060105,0.0101503337087,0.0100008433241,158.976280485,0.0121476932156,0.0150015137435,0.00989629588758,0.01561316224
2011-04-09 15:00:00,0.0100721036305,0.0150060756286,113.83482745,0.0101246764569,0.0200083116888,0.00425901201368,92.2063364375,92.2063247402,0.0151150830778,0.014548884902,0.0462481120827,0.0100061134225,64.1052366573,0.0100662480102,0.019971670557,0.0121573276649,0.0100729859566,0.0100349684252,92.2063215436,92.2063766914,52.2156372208,211.968436321,0.0100038364175,0.010210460856,0.0100037571614,158.976372847,0.014750361582,0.0150073504006,0.0099152852587,0.0158068460359
2011-04-09 16:00:00,0.0147777436217,0.0150417512606,211.968555713,0.0130837833518,74.6871224966,0.00425738135832,92.2063832243,92.2063849133,92.2062820497,0.0146159488666,0.0466653560777,0.0100167539554,85.4737861373,0.0124474006592,0.0199920913809,0.0150922452147,0.0148926855334,0.0124147336832,211.968513268,211.968531971,52.2157000554,211.968481542,0.0145517240399,0.0152692425572,0.0100057895772,211.967893793,0.0150010498873,0.0150089219786,0.00996072372884,0.0199232297637
2011-04-09 17:00:00,0.0148598979536,0.015146521193,261.689235769,0.0131373581975,92.2063185343,0.00425557689092,211.968514648,211.968556317,92.206287977,0.0146209739034,0.0466842703213,0.0100435390995,85.4738304108,0.0124773948831,0.0199954695109,0.0152305342226,0.0149008230251,0.0124245453594,211.968577191,211.968602912,52.2157056817,211.968493264,0.0145582106325,0.0153368287012,0.0149874396033,211.968388823,0.015013096503,0.0150100401235,0.0100792946127,0.0199649951305
2011-04-09 18:00:00,0.0148668159811,92.2062962534,261.689241733,0.0131476635533,92.2063274467,0.00425381186847,211.968528601,211.968559825,92.2062905062,0.0146229333443,0.0466779739443,0.012388461642,85.4738364688,0.0124847336425,0.0199966734193,0.0152340724267,0.0149027315326,0.0124269131061,211.968581036,211.968623175,52.2157048045,211.968497598,0.0145587205362,0.0153475480001,0.0149921579727,211.968459286,0.015017267316,0.0150566210582,0.0099868247168,0.019966382753
2011-04-09 19:00:00,0.0148674974165,0.0150530261474,261.689241816,0.0131478469144,92.2063284772,0.00425206567496,211.968530312,211.968559321,92.2062891822,0.014623433762,0.0466754834729,0.0123935664797,85.4738380683,0.0124854508333,0.0199969713102,0.0152354431679,0.0149032529961,0.0124273856168,211.968581991,211.968650928,52.2157023204,211.968498367,0.0145588212786,0.0153497120626,0.0149925914609,211.968472519,0.0150179886988,0.0150367155991,0.00992595110798,0.0199497590709
2011-04-09 20:00:00,0.0148687263927,0.0150100448073,261.689241156,0.0131460622109,92.2063293185,0.00425011649921,211.968530598,211.96855821,92.2062889587,0.0146237233458,0.0466732248255,0.0123944200556,85.4738382293,0.0124850423166,0.0199966700101,0.0152360812156,0.014903362681,0.0124271508248,211.968582507,211.968651988,52.2156990747,211.968498489,0.0145588371044,0.0153502350939,0.0149927032412,211.968474546,0.0150182178161,0.0150389083002,0.00974531490669,0.01991279503
2011-04-09 21:00:00,0.0148665253469,0.0150091313724,261.689241088,0.0131430531042,92.2063294319,0.00424820371471,211.96853241,211.968557485,92.2062879273,0.0146233894905,0.0466710530759,0.0123947672688,85.4738378108,0.0124825387652,0.0199962781197,0.0152364584,0.0149032498468,0.0124264321897,211.968582375,211.96864379,52.2156963115,211.96850092,0.0145588208147,0.0153495583331,0.0149927430934,211.96848106,0.0150181178281,0.0150245091057,0.00924484440022,0.0198583560098
2011-04-09 22:00:00,0.0148647601426,0.0150062698473,261.68924067,0.0131398237581,92.2063289653,0.00424625916115,211.968532914,211.968556902,92.2062866596,0.0146225996749,0.0466673420893,0.0123945977313,85.4738378824,0.012479129109,0.019995697055,0.0152366917123,0.0149029438428,0.0124254688542,211.968582036,211.968635324,52.2156937915,211.96850202,0.014558779646,0.0153482131201,0.0149927402587,211.968481199,0.0150179958405,0.0150182013669,0.00898504078204,0.0198423700352
2011-04-09 23:00:00,0.0148626258042,0.015004004135,261.689240252,0.0131359277174,92.2063290541,0.00424430668579,211.968533886,211.968557419,92.2062848255,0.0146216771747,0.0466621636915,0.0123942569805,85.4738380757,0.012476611145,0.019995268667,0.0152367706178,0.0149025934714,0.0124241895289,211.968581744,211.968631093,52.2156916673,211.968503177,0.0145587161022,0.0153507738758,0.0149927181815,211.968485984,0.0150176582809,0.0150156261866,0.00886912016955,0.0198730294681
2011-04-10 00:00:00,0.0148608771711,0.0150042431699,261.689239769,0.0131330282485,92.2063286699,0.00424248630523,211.968535411,211.968557857,92.2062614255,0.0146210024247,0.0466564281541,0.0123938280673,85.473837844,0.0124743817552,0.0199943687692,0.0152364987809,0.0149020725063,0.0124229701043,211.968581568,211.968613829,52.2156892364,211.968503235,0.0145586547856,0.0153493109813,0.014992676322,211.968511374,0.0150170863047,0.0150124576193,0.00879500944779,0.0199702693124
2011-04-10 01:00:00,0.0148581389668,0.0150022752998,261.689239468,0.0131297146538,92.2063281628,0.00424071906751,211.968535658,211.968558224,92.2062511936,0.0146199250712,0.046640501425,0.0123933884105,85.4738373381,0.0124723022436,0.0199932404731,0.0152361772612,0.0149015091603,0.0124215559703,211.968581843,211.968599175,52.2156885544,211.968504207,0.0145585628151,0.0153479898277,0.0149926565897,211.968501694,0.0150167938093,0.0150148149816,0.00881610364234,0.0199573280218
2011-04-10 02:00:00,0.0148564316274,0.0150028355709,261.689238982,0.0131273419845,92.2063275909,0.00423894213611,211.968535135,211.968558639,92.206222548,0.0146183593397,0.0466276531581,0.0123930094077,85.4738367699,0.0124699651858,0.0199925113677,0.0152355093168,0.0149007855262,0.0124202274632,211.968582221,211.968590354,52.2156887063,211.96850487,0.0145584473834,0.0153460079217,0.0149926217018,211.968501189,0.0150158781451,0.015015650505,0.0089570692007,0.019953526395
2011-04-10 03:00:00,0.0148547454658,0.015005135593,261.689238549,0.0131219458402,92.2063274921,0.0042372432722,211.968534522,211.968558999,92.2061649998,0.0146158660785,0.0466083596113,0.0123925594224,85.4738365827,0.0124673555736,0.0199914968534,0.0152346061657,0.0148997282266,0.012418711184,211.96858251,211.968588089,52.215689478,211.968506217,0.0145582918842,0.0153429924493,0.0149925624767,211.968503112,0.0150138035755,0.0150124165262,0.0088123366765,0.0199607664456
2011-04-10 04:00:00,0.0148499085288,0.0150071980592,261.68923807,0.0131127108536,92.2063273201,0.00423547418057,211.968533651,211.968559569,0.0204175598248,0.0146101722836,0.0465379925851,0.0123919114065,85.4738352496,0.0124620922195,0.0199895995308,0.0152329570543,0.0148978045448,0.0124156671231,211.968582408,211.968588318,52.2156903795,211.968507006,0.0145580060469,0.0153375149183,0.0149924303572,211.96849197,0.015009512955,0.0150108117819,0.00917181732347,0.019943493672
2011-04-10 05:00:00,0.014839123005,0.0150060433057,261.689237589,0.0130725356257,92.2063272342,0.00423370027352,211.968531313,211.968560996,0.0199975733714,0.0143478433829,0.0203000454264,0.0123907290572,85.4738319507,0.0124464696375,0.0199725629024,0.015225366487,0.0148872586475,0.0123959470265,211.968582355,211.968588369,52.2156880983,211.968510219,0.0145572978148,0.015324490242,0.0149922101878,211.968484724,0.014982833011,0.0150094658581,0.00980535002088,0.0189216333478
2011-04-10 06:00:00,0.0101116516819,0.0150027018871,261.689227883,0.0101157010649,92.206326073,0.0042320721168,211.968517169,211.968562654,0.0150123175282,0.0100294753406,0.0199100679778,0.0123888410156,85.4738006922,0.0100591795109,0.016185107963,0.0146707890677,0.010033414521,0.010023408005,211.968567006,211.96860503,52.2156834164,211.968513143,0.0100313215414,0.0105247244932,0.0149917405122,211.968434927,0.0101077468913,0.0150101231009,0.00984946521701,0.0153799834179
2011-04-10 07:00:00,0.0100225927306,0.0150027922037,211.968508083,0.0100368743142,74.687127358,0.00423034193633,92.206377789,211.968562592,0.0150006355677,0.0100156295239,0.0194948517349,0.0123832673449,0.0103149475429,0.0100224616841,0.0161779103352,0.0100441236459,0.0100171905936,0.0100094797608,92.2063951144,211.968610805,52.2156844666,211.968513869,0.0100022881224,0.010110762351,0.0149838822959,211.966381925,0.0100735233768,0.0150082698801,0.0098497289375,0.0151836454791
2011-04-10 08:00:00,0.0100044029495,0.0150035999184,113.834862198,0.0100095155076,74.6871243621,0.00422868583169,92.2063436662,211.968561608,0.0149990068023,0.0100037662115,0.0100423950245,0.0101673687312,0.0101779335667,0.010006964182,0.016143591818,0.0100357766974,0.0100074590885,0.0100035249473,92.2063370995,211.96859036,52.2156863196,211.968513095,0.0100008049988,0.0100679974745,0.0100133710016,158.97639516,0.0100358078177,0.0150074942669,0.00978484733516,0.0150873627958
2011-04-10 09:00:00,0.010002040158,0.0150064875498,113.834824459,0.010004274888,74.687123336,0.00422687475398,92.2063270447,211.968559746,0.0149981000863,0.0100019743925,0.0100068240961,0.0100155774794,0.0100089379906,0.0100029217761,0.0100121698132,0.0100055509293,0.0100025295046,0.0100019549007,92.2063337556,211.968555713,52.2156850072,211.968510617,0.0100002250464,0.0100199830104,0.0100112613409,158.976324851,0.0100117377755,0.0150067547754,0.00976225510821,0.0150201227324
2011-04-10 10:00:00,0.0100013210831,0.0150169612681,113.834820777,0.0100029592692,74.6871224783,0.00422500180187,0.019974653685,211.968557763,0.0149976680574,0.0100019096084,0.0100045468952,0.0100026209659,0.010005267015,0.0100018795419,0.0100130383466,0.0100027193278,0.0100017322861,0.0100016341111,92.206292705,211.968507005,52.2156849653,211.968507548,0.0100000786455,0.010011009985,0.0100058430843,158.976278948,0.0100082880124,0.0150066010041,0.00971249653849,0.0150065970875
2011-04-10 11:00:00,0.0100011294404,92.2061531526,113.834815173,0.0100029854272,74.6871192473,0.00422317613928,0.0149192213601,211.968555028,0.0149975189564,0.0100021866512,0.0100043974773,0.0100012430068,0.0100050680657,0.010001654945,0.0102121972876,0.0100023329928,0.0100016925218,0.0100015678182,0.0100169435481,211.96714005,52.2156859449,211.968503139,0.0100000445534,0.0100089137494,0.0100006649568,158.97620343,0.0100086564001,0.0150071552942,0.00972852900845,0.0150028721568
2011-04-10 12:00:00,0.0100012968393,92.2063175576,113.83481804,0.010004144647,74.6871161604,0.00422139273458,0.0149362508075,211.968554522,0.0149981932916,0.0100032498329,0.0100117594228,0.0100008990396,0.0100057721227,0.0100024335196,0.0161729824726,0.0100037416783,0.010002902251,0.0100019209206,0.0149769251854,158.976469277,52.2156802146,211.968495095,0.0100001027961,0.0100113362567,0.0100003603254,158.976246452,0.0100163562069,0.0150157616531,0.00972873753971,0.0150101011553
2011-04-10 13:00:00,0.0100021348094,92.2063208124,113.83482131,0.0100088134549,74.687118798,0.00421959486731,0.0199836086402,211.968552956,0.0149991824954,0.0100112983271,0.0194757888614,0.010001024621,0.0100081785425,0.0100054563994,0.0161805186294,0.0100214633914,0.0100101738937,0.0100041356511,92.2063286303,92.2063942987,52.2156848002,211.968496518,0.0100002757115,0.0100372973898,0.0100004304825,158.976290107,0.0100628269474,0.0149938720466,0.00963244670722,0.0150063330639
2011-04-10 14:00:00,0.0100066173543,92.2063345006,113.834824887,0.0100324228424,74.6871222593,0.00421778059652,92.2063195881,211.968549927,0.0150014667489,0.0100263782381,0.0195270133338,0.0100015777663,0.0101089928926,0.0100194503112,0.0161914495222,0.0100413917087,0.0100202601965,0.0100127526817,92.2063350748,92.2063910243,52.2156994315,211.968506201,0.0100010559863,0.0100965705325,0.0100018514553,158.976340985,0.0100843391818,0.0150043654113,0.00974269112421,0.0151202462559
2011-04-10 15:00:00,0.0100387164089,211.968509982,113.834882115,0.0100970922243,74.6871242178,0.00421602352293,92.2063482132,211.968554493,0.0150224925231,0.374409776259,0.0203310918626,0.0100042972393,0.0102487894173,0.0100552514671,0.0199872711289,0.0100691545186,0.0100635690451,0.0100555350541,92.2063710022,92.2063858654,120.035929488,211.968513592,0.0100027435397,0.0101478872976,0.010011059826,158.976431477,0.0103327395402,0.0150929185546,0.00984223147195,0.0198738895469
2011-04-10 16:00:00,0.0149308368787,211.968545151,261.689208401,0.0131904884157,74.6871328633,0.0042142865789,92.2079496393,211.968558038,211.968499691,92.2067957488,0.0466972831156,0.0100143122319,85.4737663926,0.012821460399,0.0199990354844,92.2061007309,0.0149555151258,92.2054017986,211.968574856,92.2063970458,120.035993997,211.968516658,0.0149022379587,211.96720385,0.0100132127109,211.96817772,0.0149284653308,92.2061405142,0.0099110007968,0.020145978605
2011-04-10 17:00:00,0.0150758072382,211.968550506,261.689241952,0.0132560572299,171.694523777,0.00421264407574,211.968573323,211.96856229,211.96853295,92.2068029885,0.0467145007232,0.0100370193266,85.4738290028,0.0128917281018,0.0200018754562,113.834846138,0.0149640338822,92.2054144878,211.968584877,211.968457741,120.036044195,211.968515936,0.0149464885615,211.967317624,0.0149957960398,211.968452092,0.0149485314102,92.2062156836,0.0100165712728,49.8587134636
2011-04-10 18:00:00,0.0150916458976,211.968551733,261.689245891,0.0132676077547,171.694532588,0.00421100748647,211.968607147,211.968563984,211.96853554,92.206805502,0.0467201094815,0.0124059284349,85.4738356572,0.0129016986454,0.0200025374198,113.834853806,0.014966168522,92.2054173943,211.968586402,211.96856252,120.036004935,211.96851844,0.0149472467157,211.967331522,0.015000549994,211.968504363,0.0149526943239,211.956285746,0.00993616482708,49.8588361203
2011-04-10 19:00:00,0.0150963059351,211.968553666,261.689246746,0.0132684768549,171.694533572,0.00420922668908,211.968611937,211.96856378,211.968535626,92.2068061552,0.0467170898671,0.012412332533,85.4738369867,0.0129039576006,0.020002408813,113.834856069,0.0149667622419,92.205418159,211.968587212,211.968577624,120.035945967,211.968517164,0.0149474360167,211.967334367,0.0150010961651,211.968514045,0.0149538276748,211.967599098,0.0098818142337,49.8589018376
2011-04-10 20:00:00,0.0151014262806,211.968554893,261.68924623,0.0132664989669,171.694534377,0.00420728822666,211.968613685,211.96856327,211.968535675,92.2068062199,0.0467137314033,0.0124135047491,85.4738371251,0.0129048673834,0.0200017813132,113.834857424,0.0149668155068,92.2054177646,211.968587481,211.968570323,52.2158544674,211.968514759,0.0149474838369,211.967335771,0.015001245809,211.968512988,0.0149545338339,211.968115699,0.00943655003285,49.8589562988
2011-04-10 21:00:00,0.0151004534247,211.968555043,261.689245378,0.0132632864776,171.694534606,0.00420516687543,211.968614558,211.968562317,211.968535904,92.2068058686,0.0467103163492,0.0124139202718,85.4738366099,0.0129035634123,0.0200017099887,113.834858462,0.0149667131675,92.2054172337,211.968586579,211.96855451,52.215710714,211.968512864,0.0149474691408,211.967334752,0.0150013787071,211.96851889,0.0149546923848,211.96831459,0.00890587525328,49.8590466635
2011-04-10 22:00:00,0.0151002536829,211.968554579,261.689244373,0.013259965702,171.694534238,0.00420307772112,211.968614183,211.968560702,211.968535981,92.2068049057,0.0467065856486,0.0124138410346,85.4738369834,0.0129025548175,0.020001278335,113.83485926,0.0149664941359,92.2054167563,211.96858593,211.968542038,52.2156898209,211.968510467,0.0149474366405,211.967333889,0.0150014681945,211.968514238,0.0149548774883,211.968398081,0.0087397670293,49.8592275315
2011-04-10 23:00:00,0.0151009407518,211.968554393,261.689243716,0.0132570110575,171.694534403,0.00420125622692,211.968613732,211.968560511,211.968536223,92.20680394,0.0467042712606,0.0124136296732,85.4738365183,0.012902029206,0.0200010189003,113.834859784,0.0149661505302,92.2054151745,211.968585663,211.968535457,52.2156801685,211.968507279,0.0149473960504,211.967333046,0.0150015443874,211.968514475,0.0149546215486,211.968447808,0.00869641423313,49.8596936309
2011-04-11 00:00:00,0.0151014980997,211.968554141,261.68924334,0.0132544152463,171.694533798,0.00419940883013,211.968613713,211.968558423,211.96853545,92.2068031168,0.0467035117324,0.0124133716712,85.4738363505,0.0129007981779,0.0199998112884,113.834860135,0.0149658143668,92.2054139373,211.968585407,211.968468273,52.2156819638,211.96849118,0.0149473623153,211.967336264,0.0150015199136,211.968501567,0.0149543081568,211.968477279,0.00867730352352,49.859608957
2011-04-11 01:00:00,0.0151038059845,211.968555274,261.689243104,0.0132527776997,171.694533809,0.00419766651614,211.968613273,211.968557643,211.968535821,92.2068022406,0.0467024625651,0.0124131290864,85.4738364201,0.0128994117728,0.0199994533163,113.834860317,0.0149652388997,92.2054127936,211.968585476,211.968477579,52.2156788619,211.968495989,0.0149473231364,211.967335828,0.0150015869835,211.968505886,0.014953812955,211.968502355,0.00882819556145,49.859696155
2011-04-11 02:00:00,0.015107558153,211.96855693,261.689243035,0.0132503193639,171.694533925,0.00419599546959,211.968613329,211.968557817,211.968536037,92.2068011524,0.0467003451833,0.012412858549,85.4738364661,0.0128981331308,0.0199995734541,113.834860616,0.0149647742771,92.205411904,211.968585867,211.968483085,52.2156779341,211.968504866,0.0149472798094,211.96733482,0.0150016319298,211.968493404,0.0149533123631,211.968522767,0.00904671474801,49.8607341095
2011-04-11 03:00:00,0.0151134332703,211.968559267,261.689243554,0.0132482260508,171.694534437,0.00419435233076,211.968613427,211.968558754,211.968536219,92.2067991863,0.0466968199468,0.0124125207517,85.4738380418,0.0128965430821,0.0199995263254,113.83486104,0.0149645826852,92.2054112905,211.968587091,211.968478272,52.2157062313,211.968509881,0.0149472467648,211.967335074,0.0150017205054,211.968474774,0.0149527216658,211.968547952,0.00991112007808,237.974594051
2011-04-11 04:00:00,0.0151199173839,211.96856126,261.689245183,0.0132437890217,171.694534878,0.00419310661752,211.968614081,211.968561259,211.968536813,92.2067947427,0.0466866343967,0.01241204415,85.4738390112,0.0128927104178,0.0199993860378,113.834860904,0.0149639919366,92.2054106211,211.968590438,211.968448145,64.4598864921,211.96851518,0.014947226729,211.967333078,0.015001818299,211.968480008,0.0149511909576,211.968577944,0.010023900974,237.975995986
2011-04-11 05:00:00,0.015121670183,211.968561246,261.689247323,0.0132173460065,171.694534684,0.00419180554894,211.968613625,211.968563645,211.968535901,92.2065841783,0.0207944409764,0.0124115678798,85.4738393022,0.0128796602277,0.0199933914882,113.834859511,0.0149576203475,92.2054044213,211.968594085,211.968445971,120.035937674,211.968518654,0.0149469775828,211.967324081,0.0150017942476,211.968467628,0.014937558057,211.968587318,0.0103831317904,237.976151086
2011-04-11 06:00:00,0.0150576639961,211.968561106,261.689246028,0.0101651920339,171.694531871,0.00419015517032,211.968608035,211.968559893,211.968515035,0.0100312993185,0.0199873896773,0.0124105988456,85.4738331969,0.0101580807033,0.016212482259,113.83483752,0.0100721285604,92.2053332961,211.968585851,92.2063618186,120.035931227,211.968520625,0.0149372806236,211.966483399,0.0150015155743,211.968385595,0.0102616867603,211.968573166,0.0104852920192,237.97626331
2011-04-11 07:00:00,0.0103330806633,211.96856005,261.689234545,0.0100575366395,171.69450206,0.00418826266454,211.968545711,211.968554845,171.694506581,0.0100153330057,0.0164014954004,0.0124020074465,85.4737715197,0.0100636927268,0.0161951154225,92.2062251711,0.0100384763659,0.0100459695068,211.968564749,0.0150131772201,52.2164420376,211.968516066,0.0100054554723,171.69325339,0.0149995043687,211.96760526,0.010206242685,211.968562183,0.010347264307,237.976255029
2011-04-11 08:00:00,0.0102858537893,211.96855909,211.968526041,0.0100169627752,74.6871240783,0.00418641423525,92.2063500185,92.2063275331,171.69448893,0.0100033833905,0.0160122175628,0.0100309696755,64.1053697332,0.0100204458617,0.0161883885413,92.2062164742,0.010020769531,0.0100173451856,171.694373933,0.0150021315914,52.2157239054,211.96851102,0.0100034365943,171.693200286,0.0121506648125,0.0173455852751,0.0100371644631,211.96854746,0.0101946114971,237.976225533
2011-04-11 09:00:00,0.0100077228827,211.968558866,113.834824646,0.0100077099491,74.6870703512,0.0041844438269,0.0162360530287,92.2063228885,158.976307787,0.0100017465266,0.0100128091222,0.010017498657,64.1053214664,0.0100070271695,0.010036782619,0.0150365186197,0.01000326173,0.0100029159903,92.2063415284,0.0149986668642,52.215686326,211.96850328,0.0100006457927,0.0100817512235,0.0121479963363,0.0154120025523,0.0100079664763,211.968517252,0.010142231512,237.976196097
2011-04-11 10:00:00,0.0100036411734,211.968558898,113.834818146,0.0100056891095,0.0162492932267,0.00418260266747,0.0162066562952,0.0150011652239,92.2063268304,0.0100014716269,0.0100088835674,0.0100050468531,0.0100170801949,0.0100046445044,0.0100172292674,0.0149557622813,0.0100019134062,0.0100017794912,92.2063347448,0.0149966716056,52.2156719329,211.968485379,0.0100002588217,0.0100320133758,0.0121462510341,0.015270601459,0.0100062665231,211.968483683,0.0101459700221,237.976203621
2011-04-11 11:00:00,0.0100034041892,211.968559352,113.834768826,0.0100055342473,0.0161792671141,0.00418079906083,0.0150171533646,0.0150002183995,158.976416585,0.0100023903842,0.0100092233788,0.0100021452001,0.0100119550685,0.0100069031941,0.0101016588345,0.0150123778267,0.0100021517997,0.0100017357945,92.206333827,0.0149953928229,52.2156649877,211.968006491,0.0100002090699,0.0100265994071,0.0100025131088,0.0152090689972,0.010007427878,211.968504266,0.0100737219825,237.976237067
2011-04-11 12:00:00,0.010004576438,211.968560096,113.834746938,0.0100079927888,0.0150017601789,0.00417900433484,0.0150029711009,0.0149999864758,171.694481434,0.0100053593171,0.0100438695048,0.0100018006832,0.0100149131077,0.0100148178466,0.0161846855251,92.2061924573,0.0100042527549,0.0100026347695,92.206334643,0.0149944979694,52.2156688398,211.965356805,0.0100003612364,0.010041800424,0.0100010963716,0.0151824197192,0.0100196756232,211.968548716,0.0100851032006,237.976264846
2011-04-11 13:00:00,0.0100719884597,211.968560479,113.834729976,0.0100162460605,0.0150002404646,0.00417717032595,0.0150128290826,0.0149998811538,171.694505452,0.0100204466448,0.0163829545257,0.0100020433329,0.0101006781351,0.010044453777,0.01619388697,92.2062216398,0.0100287132684,0.010007926391,92.2063356105,0.0149943951825,52.2156596411,171.693765891,0.0100009701627,171.693238058,0.0100015949781,0.0152084544299,0.0101979107266,211.9685817,0.0100632508907,237.976298131
2011-04-11 14:00:00,0.0103078172802,211.968560908,113.834748374,0.0100573812735,0.01500028503,0.00417531921616,0.0155992933104,0.0149998611725,171.69451509,0.0100340748006,0.0164186479287,0.0100032729091,64.1053492028,0.0100678114151,0.0162055856223,92.2062257011,0.010042647615,0.0100383221557,158.976296413,0.0149958384191,52.215668348,171.694524161,0.0100041124622,171.693248629,0.0121410113915,0.0152770132045,0.0102250522947,211.968593857,0.0100587759347,237.976295056
2011-04-11 15:00:00,0.0104017814161,211.968561183,113.834816635,0.0101579249146,0.0150014294044,0.00417348832561,0.0162141259351,0.0149998552041,211.968521274,211.968142765,0.019997629201,0.0100121612179,64.1055356068,0.0101499458538,183.709948635,92.2063252471,0.014797741709,0.0100863009332,171.69461035,0.0149976573248,52.2157382796,211.968457108,0.0100067412476,171.693318837,0.0121476533553,0.0159814992754,171.694106678,211.968608524,0.0100681685323,237.976411432
2011-04-11 16:00:00,110.385748964,211.968561976,113.834825885,0.0136066627276,0.0162459008619,0.00417174709298,0.0200065795916,0.0149998701083,211.968532589,211.968532146,0.0200477226581,0.010022465108,85.4738255714,0.0136054679879,183.714980923,113.834855163,0.0156995057119,92.2056902008,211.968380958,0.0149995662073,120.035985075,211.968505564,0.0345229750497,211.96883553,0.0121493668177,0.0202762659106,171.694400757,211.968617575,0.010093397727,237.977121674
2011-04-11 17:00:00,110.385779983,211.968562542,140.536724658,0.0136739884504,0.0199978028704,0.00416998034718,0.0200228477789,0.0150000626354,211.968536004,211.968539375,0.0202902615844,0.0102423608295,85.4738376275,0.0136477315914,183.714988848,113.834858771,0.0157055685347,92.2057024039,211.968551402,0.0150076065153,120.036246771,211.968508894,0.0345288712907,211.968958416,0.0149985251183,0.0203064396991,171.694412937,211.968633781,0.0102995552806,237.977431189
2011-04-11 18:00:00,110.385784343,211.968562578,211.968160229,0.0136842832385,0.020059225922,0.00416822493247,0.0202007917874,0.0150388211329,211.968534851,211.968541716,0.0203023173704,0.0128188812368,85.4738395215,0.0136557768036,183.714990602,113.834859248,0.0157070559729,92.2057052655,211.968580463,92.2063836934,120.036085813,211.968511461,0.0345294103903,211.968973268,0.0150007349398,0.0202976893203,171.694416077,211.968638045,0.0100830707523,237.977477773
2011-04-11 19:00:00,110.385780693,211.968561695,140.53670373,0.0136860573873,0.0200423360976,0.00416643683262,0.0200223373949,0.0150049135781,211.968534831,211.968542643,0.0202996813661,0.0128242109535,85.4738397769,0.0136571091479,183.714990384,113.83485924,0.015707389049,92.2057059254,211.968556216,211.968445448,120.035984914,211.968509865,0.0345294958494,211.968975999,0.0150009567635,0.0202803284627,171.69441677,211.968617065,0.00995018403419,237.977403008
2011-04-11 20:00:00,110.385778867,211.968561731,113.834825426,0.0136839498494,0.0200306171194,0.00416447910036,0.0200151303692,0.0150012513382,211.968534224,211.968543245,0.020286561762,0.0128250938095,85.4738393465,0.013657219305,183.714989704,113.834859,0.0157073299708,92.2057056301,211.968401369,211.968513158,120.03534139,211.968498641,0.0345294592951,211.968976514,0.0150009814966,0.0202438242254,171.694416862,211.968597698,0.00958724912778,237.976893018
2011-04-11 21:00:00,110.385774984,211.968560414,113.834817489,0.0136820426394,0.0200025452139,0.00416242233958,0.0200063278482,0.0150008328467,211.968535656,211.968542965,0.0202697760151,0.0128252180585,85.4738383692,0.0136552743885,183.714990849,113.834858865,0.0157070987887,92.2057048912,211.968362806,211.968503916,52.2164985963,211.96763164,0.0345294057698,211.968975398,0.0150010817634,0.0201394403411,171.694416531,211.968586867,0.00898994370007,237.976448169
2011-04-11 22:00:00,110.385771332,211.968559436,0.0200237382609,0.0136784369591,0.01999954006,0.00416035479556,0.0199838580047,0.0150005926579,211.968536376,211.968542237,0.0202719434185,0.0128247836845,85.4738385236,0.0136531694437,183.714992969,113.834858722,0.015706461716,92.2057038501,92.2063385737,211.968485656,52.2159706676,92.2063131157,0.0345293321075,211.968972049,0.01500115048,0.0160258843754,171.694415896,211.968582847,0.00882842500637,237.976364279
2011-04-11 23:00:00,110.385766636,211.968558764,0.0200012087179,0.0136759886939,0.0200019624605,0.00415843413345,0.0162699875842,0.0150006783744,211.968537759,211.968541536,0.0202876315029,0.012824347989,85.4738385315,0.0136520781288,183.714994434,113.834858517,0.0157056483536,92.2057026918,92.2063356133,211.968494115,52.2159901176,92.2063014387,0.0345292621232,211.968970507,0.0150012077347,0.0152291110069,171.694415053,211.968579788,0.00884988421158,237.976334171
2011-04-12 00:00:00,110.385762631,211.968558414,0.0200000993143,0.013673519876,0.0200636841231,0.00415657720235,0.0162262159243,0.0150007740917,211.968537974,211.968540989,0.0203006221554,0.0128239961549,85.4738387807,0.0136505474946,183.71499603,113.834858165,0.0157040498264,92.2057011263,92.2063344908,211.968499919,90.0291697535,92.2063010459,0.0345291346847,211.968970921,0.0150010860896,0.015111057685,171.694414104,211.968577574,0.008754374888,237.97630262
2011-04-12 01:00:00,110.38575483,211.968558292,0.0199998171553,0.0136708331548,0.020063806537,0.00415481969943,0.0199928103762,0.0150009299757,211.96853976,211.96854044,0.0203085746432,0.0128236895935,85.4738387394,0.0136490517186,183.714996363,113.834857516,0.015703058585,92.2056998231,92.2063328748,211.968503457,120.035932804,0.0172284254733,0.0345291079498,211.9689777,0.0150011352492,0.0150879517708,171.694413298,211.968578841,0.00883615188281,237.976304036
2011-04-12 02:00:00,110.385754366,211.968558785,0.0199997755038,0.0136679993985,0.0200646199189,0.00415311262157,0.0200054247397,0.0150017067686,211.968540582,211.968540229,0.0203134753221,0.0128233249529,85.4738387,0.0136474200114,183.714996605,113.834857352,0.0157023474008,92.2056985449,92.2063304526,211.968495642,120.0359963,0.0150101299979,0.0345290591218,211.968978834,0.0150011753421,0.0150542930315,171.694412214,211.968583478,0.009415870882,237.976350987
2011-04-12 03:00:00,110.385760899,211.968560121,0.0200000340128,0.0136656064719,0.0200657001207,0.00415148562808,0.0200073316717,0.0150054890986,211.968540854,211.968539974,0.0203176031655,0.0128229455223,85.4738388144,0.0136453069662,183.714997255,113.834856773,0.0157021017106,92.2056977266,92.2063294059,211.96849664,211.968521667,0.0150043454532,0.0345290005149,211.968980791,0.0150012474248,0.0151158472197,171.694410872,211.968597165,0.00991320056009,237.977085899
2011-04-12 04:00:00,110.385760712,211.968561607,0.0200009122609,0.0136605702699,0.0201093127798,0.00415014092201,0.0200089809914,92.2063032917,211.968541341,211.968539674,0.0203246334368,0.012822510888,85.4738398434,0.013642724543,183.714997997,113.834854638,0.0157012569738,92.2056964133,92.2063334602,211.968512764,211.968551683,0.0150039896954,0.0345289158106,211.968982547,0.0150013217367,0.0158832372218,171.694408284,211.968616997,0.0100334977459,237.977507852
2011-04-12 05:00:00,110.385746847,211.968560236,0.0200047386275,0.0136344323185,0.0201303298076,0.00414888694882,0.0200032230479,92.2063058322,211.968540243,211.968479633,0.0203130422067,0.0128217369569,85.473840916,0.0136285490683,183.714995505,113.83484532,0.0156945869646,92.2056854164,92.2063339196,211.968534828,211.968546868,0.0150041089818,0.0345285770755,211.968982091,0.0150012654029,0.0152527915249,171.694390079,211.968617547,0.0101975429226,237.977518548
2011-04-12 06:00:00,110.385480577,211.96855958,0.0200035710438,0.0102690286913,0.0200619480961,0.00414726467478,0.0199977333321,0.0150061586736,211.968531303,171.694516041,0.0200593481582,0.0128205250613,85.4738399402,0.0104726321347,183.714979725,0.0151232778388,0.0149820750034,0.0104097002651,92.2063317452,211.968537099,211.968546886,0.0150044555223,0.0345052785624,211.968295884,0.0150009279119,0.0156512137862,0.0152311129564,211.968596097,0.0100892137961,237.976981156
2011-04-12 07:00:00,33.7802004212,211.968558572,0.0199977110776,0.0101176829809,0.0199971728822,0.00414541939831,0.0150296956194,0.0150005728279,92.2063745183,171.694506489,0.0164562808342,0.0128109726137,85.4738390381,0.010332974545,148.809159812,0.015004546705,0.0121696822047,0.010150548168,0.0201138477755,211.951546071,211.96854883,0.0150036781521,0.0100193731887,171.694878465,0.0149982258428,0.0151050120446,0.0151311711043,211.968564491,0.0100155405059,237.976318869
2011-04-12 08:00:00,31.2808651168,211.968557683,0.0199182376076,0.0100294724566,0.0150945600297,0.0041436178974,0.0150107760406,0.0150005836191,92.2063048544,171.694501321,0.0164372935692,0.0100479031312,85.4738387311,0.0101385118028,148.809149237,0.0149998605329,0.0121574488493,0.010130643173,0.0200114591167,92.2063034171,211.968543355,0.0150037173809,0.0100172305703,171.694859524,0.0113904979866,0.0150448862899,0.0150386062657,211.968541489,0.00995667892474,237.976239179
2011-04-12 09:00:00,31.2808592566,211.968556778,0.0150121813019,0.0100106706116,0.0150890571175,0.00414177136432,0.0150041821836,0.0150002256227,92.2062918923,171.694503843,0.0157408295225,0.0100293711935,85.4738385853,0.0100135473438,148.809145691,0.0149980875375,0.0100167358315,0.0100045417482,0.0200019944624,0.0150342466321,211.968519547,0.0150036136055,0.0100011472763,171.694809148,0.0113878707189,0.0150317062815,0.0150401856874,211.968515939,0.0099390374954,237.97606986
2011-04-12 10:00:00,33.7801440848,211.968556453,0.0150013127588,0.0100084640169,0.0150605690176,0.00413991163525,0.0150000483475,0.0150001326236,0.0200435462982,171.694504997,0.0100731498334,0.0100115492821,85.4738371647,0.0100077764407,148.809138443,0.0149961042205,0.0100092668299,0.0100024466557,0.0199996972563,0.0150128412097,120.03606628,0.0150032938551,0.0100003563377,171.69476712,0.0113767424649,0.0150145102995,0.0151005774921,211.968517473,0.0099358372152,237.975892457
2011-04-12 11:00:00,33.7802024784,211.968556389,0.0149999894641,0.0100100320286,0.0150006405631,0.00413814888382,0.0149978907336,0.0150000764028,92.2062858116,171.69451389,0.0146773138877,0.0100030124575,85.4738380054,0.0100089511289,148.809137128,0.0149959866137,0.0121529893417,0.0100027919692,0.0199990465262,0.0150115027293,120.035985096,0.01500331124,0.0100002673693,171.694861145,0.0100012705016,0.014989982817,0.0151216501449,211.968522536,0.00992027316622,237.976049795
2011-04-12 12:00:00,33.7802110563,211.968557894,0.0150001122613,0.0100172362796,0.0150002419046,0.00413632675532,0.0149932585775,0.0150001663974,92.2062909722,171.694518395,0.0164214668602,0.0100026038718,85.4738378517,0.0100350054311,148.809139939,0.0149953154054,0.0121631806979,0.010005030356,0.0199982290263,0.0150113127164,120.036083379,0.0150027493655,0.0100004224424,171.69488049,0.0100007887225,0.0149627436252,0.0151174856626,211.968548514,0.00994367180016,237.976278934
2011-04-12 13:00:00,33.7802070933,211.968558554,0.0150022861312,0.0100750793624,0.0150001863259,0.00413463649162,0.0149949610508,0.0150001034799,92.2062932033,171.694520054,0.0164590833021,0.0100028664575,85.4738366288,0.0103071858574,148.80914671,0.0149963949758,0.0121708113138,0.0100809419688,0.0199928579077,0.0150139801956,120.035866723,0.0150023868461,0.0100062772898,171.695352993,0.0100010623469,0.0149650706456,0.0151469619163,211.968550354,0.00994737874302,237.976403003
2011-04-12 14:00:00,33.7802029181,211.968559187,0.0199073203777,0.0101252325236,0.0150007522986,0.00413286099427,0.0149988679533,0.0150001935676,92.2062941832,171.694527898,0.0199757996039,0.0100047615594,85.4738373959,0.0103572542321,148.809155292,0.0149973998985,0.0149783440692,0.0101493993059,0.0199981529751,0.0150438124999,52.2157210205,0.0150023974671,0.010017970387,211.968532457,0.011329215054,0.0149857344911,0.0151872880052,211.968571956,0.00996528318193,237.977103555
2011-04-12 15:00:00,33.7802155858,211.968559989,0.0199957911604,0.0103161887871,0.0150838691286,0.00413102346439,0.015003659764,0.0150015564223,92.2062958688,211.968521061,0.0203350547554,0.0100231709601,85.4738373459,0.0148932100478,183.714996213,0.0149985359333,0.0150021741795,92.205694514,0.0199997720399,92.2062671487,52.2157253982,0.0150030601234,0.0100228385657,211.968989094,0.0113876897519,0.015007573756,0.0185328617008,211.968586894,0.00996726136111,237.977495854
2011-04-12 16:00:00,41.7039481582,211.968560979,0.0200007792545,215.037791241,0.0200046016421,0.00412919482096,92.206315436,92.206325838,92.2062968513,211.968541685,0.0466453422439,0.0100337584036,85.4738385251,0.0149731512878,183.715021272,0.0150016434841,0.0150121541606,211.968525052,0.0200044168986,92.2063793073,52.2157139282,0.015002903987,0.0149982990743,211.969006873,0.0113898913839,0.015144468884,0.0186724192707,211.968590498,0.009966326626,237.977547445
2011-04-12 17:00:00,41.7039672211,211.96856187,113.834799879,215.037934307,171.694508377,0.00412748563823,211.968583754,211.968562774,92.2062997026,211.96854451,0.0466634866696,0.0110128440218,85.4738396423,0.0149895591286,183.715025489,0.0184987500468,0.0150153884399,211.968543913,0.0247089470825,211.968502038,52.2157462551,0.0150026355287,0.0150007500331,211.969014412,62.5860256771,211.96806486,0.0186786078519,211.968602376,0.0100870608081,237.97759551
2011-04-12 18:00:00,41.7039650228,211.968562557,113.834823286,215.037950539,171.694531427,0.00412571613921,211.968610775,211.968566227,92.2063087011,211.96854564,0.0466632228451,0.0130166372494,85.4738401278,0.0149951780266,183.715026398,0.0185063650241,0.0150159107575,211.968547895,0.0247146757909,211.968506009,52.2174931875,0.0150030802739,0.0150011742877,211.969016465,62.5860731541,211.968291237,0.018679993418,211.968621756,0.0100531112202,237.977608202
2011-04-12 19:00:00,41.7039629918,211.968561756,113.834824262,215.037954399,171.694534098,0.00412390602329,211.968615212,211.968566038,92.2063058275,211.968546074,0.0466627117519,0.0130217661035,85.4738399579,0.0149956262322,183.715026158,0.0185054273164,0.0150152987324,211.96854946,0.0247111370376,211.968504844,52.2156588448,0.0150026802493,0.0150012266448,211.969015048,62.5860737735,211.968337985,0.0186783379712,211.968610367,0.00993811556153,237.977446437
2011-04-12 20:00:00,41.703960958,211.96856178,113.834824282,215.037952238,171.694536277,0.00412202838042,211.968617129,211.968565765,92.2063049722,211.968545881,0.0466624169517,0.0130226261337,85.473839472,0.0149950948166,183.715025735,0.0185077591661,0.0150144330456,211.968548892,0.02469845617,211.96842008,52.2156251989,0.0150019013723,0.015001184527,211.96901284,62.5860739447,211.968367373,0.0186778363578,211.968595409,0.00948821394894,237.976681941
2011-04-12 21:00:00,41.7039578739,211.96856072,113.834822341,215.037949565,171.694537087,0.00411993548458,211.968617704,211.968564491,92.2063085882,211.968545236,0.0466617596802,0.0130227387892,85.4738385798,0.014993899706,183.715025886,0.0185078067433,0.0150143797866,211.968547736,0.0200205007565,92.2064536314,52.2156188174,0.0150013342461,0.0150011249216,211.969010269,62.5860740455,211.968406275,0.0186793182684,211.968585677,0.00889379304833,237.976406419
2011-04-12 22:00:00,41.7039590934,211.968559561,113.834821119,215.037944838,171.694537087,0.00411790269582,211.968616682,211.96856278,92.2063132597,211.96854414,0.0466618481149,0.0130222959324,85.4738386729,0.0149910237594,183.71502635,0.0185105474037,0.0150135437008,211.968545317,0.0200172149941,92.2063659278,52.2156147792,0.0150010422545,0.0150010266018,211.96900642,62.5860741201,211.968426031,0.0186793325899,211.968578955,0.00878888130063,237.976351233
2011-04-12 23:00:00,41.7039518451,211.968558882,113.834820716,215.037941448,171.694537383,0.00411598690463,211.968615523,211.968561476,92.2063174162,211.96854304,0.0466618564334,0.013021872991,85.4738385835,0.0149902539697,183.715026882,0.0185107555215,0.0150120137028,211.968542139,0.0200167863336,92.2048766068,52.2156122931,0.0150009763326,0.0150009316603,211.969009244,62.5860742138,211.968450107,0.0186781646213,211.9685742,0.00871405082574,237.976325041
2011-04-13 00:00:00,41.7039547561,211.968559073,113.834821429,215.037940058,171.694537236,0.00411416044652,211.968613122,211.968557285,92.2063329805,211.968542499,0.0466578396116,0.0130214665612,85.4738383924,0.0149896960946,183.715027398,0.0185086949176,0.0150115747709,211.968536996,0.0200177763031,0.0150062193906,52.2156137883,0.015000958495,0.0150006857924,211.969007576,62.586074226,211.96844023,0.0186783526057,211.968576379,0.00874889156077,237.97630297
2011-04-13 01:00:00,41.7039533331,211.968559217,113.834823039,215.037941493,171.694537133,0.00411240044042,211.96861454,211.968555675,92.2064241725,211.968541415,0.0466577795498,0.0130211159292,85.4738382538,0.0149888277559,183.715027861,0.0184927096295,0.0150114232001,211.968534419,0.0200203035559,0.0150032160002,52.2156131052,0.0150009942353,0.015000629187,211.969005549,62.5860742945,211.968464765,0.0186759963511,211.968579875,0.00884136812049,237.976301978
2011-04-13 02:00:00,41.7039492702,211.968559928,113.834824218,215.037942481,171.694537379,0.00411065952219,211.96861488,211.968552586,211.968407775,211.968540624,0.0466566373603,0.0130207102388,85.4738380174,0.0149899263286,183.715028296,0.0184502731846,0.0150112335156,211.968536437,0.0200307365406,0.0150018664863,52.2156166217,0.0150012983838,0.0150006831438,211.969003109,62.5860743395,211.96847514,0.0186736329809,211.968586573,0.00906388910926,237.97633094
2011-04-13 03:00:00,41.7039535087,211.968561507,113.834824824,215.037945997,171.694537855,0.00410895963596,211.968615604,211.968551885,211.96851878,211.96853924,0.0466551289,0.013020262447,85.4738384692,0.014991241534,183.715028941,0.0150383297424,0.0150123317017,211.96854021,0.0206864008212,0.0150016041386,52.2156658638,0.0150019566977,0.0150007949744,211.968997221,62.5860744252,211.968489099,0.0186751549907,211.968603865,0.00988248987832,237.976523732
2011-04-13 04:00:00,41.7039531965,211.968563604,113.834833786,215.037954016,171.694538274,0.0041076472365,211.968617165,211.968554807,211.968531888,211.968536958,0.0466506415721,0.0130197246094,85.4738391583,0.0149920802106,183.715029748,0.0150105679644,0.0150133601001,211.968546099,92.2063252433,0.0150017712429,120.035586572,0.0150037360441,0.0150009624112,211.968997523,62.5860745133,211.968506106,0.0186750121225,211.968630266,0.00999296623996,237.97726395
2011-04-13 05:00:00,41.7039423341,211.968563225,113.834853566,215.037957149,171.694538371,0.00410647288468,211.968617754,211.968556994,211.968533688,211.968478441,0.0465237492311,0.0130188718762,85.4738397443,0.0149907968807,183.715027695,0.0150040868967,0.0150109841332,211.968547326,92.2063302453,0.0150028447615,120.035979376,0.0150051130315,0.015000948575,211.968984755,62.5860744711,211.968506017,0.0186648566472,211.968629865,0.0101099392279,237.977239017
2011-04-13 06:00:00,0.0150761749033,211.968560318,113.834854459,215.037951884,171.694537761,0.00410481505555,211.96861388,211.968556092,211.968524397,171.694492113,0.0199983324205,0.0130172970098,85.4738355604,0.0149671296788,183.715018782,0.0150013366446,0.0149826902931,211.968542513,92.2063298624,0.0150059252929,120.036145529,0.0150053809067,0.0149994275512,211.968084336,62.5860742006,211.968482656,0.0151380256014,211.968604991,0.0100899245591,237.976753208
2011-04-13 07:00:00,0.014996162916,211.968558024,113.834824626,215.037930712,171.694524608,0.00410289855184,211.968537493,92.2063312346,211.968424072,171.694484571,0.0162151818485,0.0130035404967,85.4737944457,0.0121545862102,183.714617075,0.0150001677413,0.0121640935113,211.968500971,92.2063263653,0.0150087176008,148.173773816,0.0150072022894,0.0121513060757,171.694685649,62.5860699682,211.967714302,0.0151199414984,211.968577999,0.0100136427762,237.976273329
2011-04-13 08:00:00,0.0149712064417,211.96855582,113.834813094,215.037780381,128.77091027,0.00410095037521,171.694563101,92.2063259702,211.968408953,171.694469756,0.0160759278448,0.0100408092928,64.1053694192,0.0121275111809,148.809178524,0.0150000823542,0.0121574226494,171.694555063,92.2062427106,0.0150105213236,120.036169894,0.0150133062308,0.0121499801482,171.694516895,0.0100134983209,158.976420216,0.0150597684735,211.968546689,0.00995283193435,237.976124229
2011-04-13 09:00:00,0.0149131087231,211.968555035,92.2062340218,174.180870076,74.6871281705,0.00409911069569,92.2063532342,0.0150140804957,211.96846957,158.976213044,0.0100138905388,0.0100258633601,64.1052966241,0.0120535187758,148.809175155,0.0150000247617,0.0120391633857,171.694549157,74.6871271631,0.0151072208072,120.036032313,0.0150269103154,0.0121484064072,0.0100476273476,0.0100113573424,158.976352121,0.0101248525402,211.968502995,0.0099161905568,237.976001054
2011-04-13 10:00:00,0.0149106799985,211.968555085,92.2060501344,174.180766279,74.6871242987,0.00409717645885,0.0199326551,0.0150007150465,211.96851662,0.0102005249309,0.010007573453,0.0100099918535,0.0100156360632,0.0112208342454,148.809172899,0.0150006154709,0.010008993979,171.694550785,74.6871186855,92.2063522506,120.03600797,0.015174534936,0.0112729180183,0.0100279594638,0.0100036484485,158.976295261,0.0100230791565,211.96846902,0.00993471595206,237.976228866
2011-04-13 11:00:00,0.0149365382945,211.968556473,92.2061605707,174.180743731,74.68712346,0.00409535708463,0.0150056321934,0.0150005236728,211.968519381,92.206122894,0.0100089323663,0.0100031424145,0.0100115277359,0.0100427244553,148.809171492,0.0150010544453,0.0100952722678,171.694563435,74.6871253717,92.206385658,120.036012567,92.2062331172,0.0109685390448,0.010224323884,0.0100007567003,158.976191271,0.0147284676951,211.968434793,0.00991429934659,237.976250214
2011-04-13 12:00:00,0.0149550933208,211.968557857,92.2062234127,174.180731467,74.687124549,0.00409353025009,92.206352051,92.206279576,211.968439993,171.694469487,0.0101036768297,0.0100027395981,0.0100133047184,0.0120628014738,148.809173924,0.0150016724848,0.012152559857,171.69457301,74.6871300798,92.2068085264,120.036135267,92.2062515975,0.0113334918522,171.694657455,0.0100005732811,158.975731007,0.01510290604,211.968424584,0.00992730627046,237.976290254
2011-04-13 13:00:00,0.0149654814136,211.968558416,92.2062304969,174.180724357,74.687125436,0.00409166657363,158.976561469,92.2063010038,211.968510524,171.694495116,0.0162036763912,0.0100030190855,0.0100347228915,0.012128552754,148.809178042,0.0150027055589,0.0121584333463,171.694563416,74.6871345355,211.968503613,211.968345806,92.20629349,0.0121492546246,171.69467708,0.0100007472705,158.976198457,0.0151257515302,211.96850536,0.0098852789591,237.976223828
2011-04-13 14:00:00,0.0149846962684,211.968559192,113.83481694,174.180743048,128.770900998,0.00408987245008,171.694573953,92.2063244666,211.968539846,211.968507927,0.0199063810666,0.010004958101,64.1053376292,0.0121419635714,148.809284942,0.015005751789,0.0121703923073,171.694644739,92.2063347288,211.968542637,211.968538332,92.2063025039,0.0121506703354,171.694713623,0.0100034108328,158.976368521,0.0152293816748,211.968545205,0.00988635902435,237.976170429
2011-04-13 15:00:00,0.0150083858441,211.968560209,113.834837188,174.180771253,128.770917799,0.00408797420446,211.968519835,92.2063261823,211.968544921,211.968549217,0.0199992688005,0.0100212490718,64.1054469446,0.0122795019978,183.715009575,0.0150160369688,0.0149610707082,211.96853515,92.2063447831,211.968593895,211.968540387,92.2063140968,0.0121556205961,211.9682904,0.0100113885943,158.976603399,211.966383357,211.968586736,0.0099144203166,237.976247224
2011-04-13 16:00:00,0.0184861263791,211.968561233,261.689237354,215.037923179,171.694534348,0.00408632914674,211.968614607,92.2063276078,211.968552611,211.968558821,0.0200124739947,0.010031186107,85.4738221257,0.0212633978541,183.715022793,0.0156752125613,0.0154049061204,211.968551869,211.968582269,211.96865869,211.968550645,92.2063318131,147.151725569,211.96874733,0.0100137464904,211.96855669,211.968472888,211.968602715,0.00994066685647,237.976283474
2011-04-13 17:00:00,0.0185423576548,211.968561675,261.689247384,215.037962647,171.694538834,0.00408453275252,211.968628073,211.968527518,211.968559645,211.968562299,0.0200192408685,0.0109835259869,85.473836056,0.0213166810112,183.71502617,113.834966961,0.0154183768399,211.968557877,211.968589821,211.968667621,211.968546933,211.968500314,147.151925662,211.968770839,177.624977546,211.969005513,211.968493395,211.968615377,0.0100343100932,237.976369064
2011-04-13 18:00:00,0.0185434231784,211.968560438,261.689253242,215.037966554,171.694539434,0.00408279165031,211.968633674,211.968561417,211.968562133,211.968564308,0.020018714679,0.0131954228393,85.4738380474,0.0213264071023,183.715026137,113.835030218,0.0154209505228,211.968558648,211.968595924,211.968668149,211.968539975,211.968524905,147.151926605,211.968777637,177.62498447,211.969080281,211.968497783,211.968629603,0.0100094817192,237.976415161
2011-04-13 19:00:00,0.0185393885213,211.968559633,261.689255958,215.037965859,171.694539451,0.00408118662506,211.968637102,211.968558076,211.968559703,211.968564966,0.0200153053519,0.0132005603943,85.4738383013,0.0213289930698,183.715024293,113.835034513,0.015421356894,211.968558497,211.968595566,211.968678424,211.968495871,211.968535754,147.151926843,211.96877748,177.624984951,211.969143905,211.968498152,211.968619836,0.00984972913261,237.976318893
2011-04-13 20:00:00,0.0185409806592,211.968559541,261.689253377,215.037962,171.694539851,0.00407931831871,211.968638739,211.968556079,211.968556938,211.968565186,0.0200117114405,0.0132013777891,85.4738380502,0.0213295491307,183.715022722,113.835038349,0.0154209932918,211.968556725,211.968594564,211.968675502,120.036054842,211.968536028,147.151926907,211.968776103,177.624985059,211.969154138,211.968497595,211.968603425,0.00940649928223,237.976275383
2011-04-13 21:00:00,0.0185350159023,211.968558744,261.689250026,215.037957118,171.69454002,0.00407721100656,211.968637723,211.968555357,211.968554734,211.968564926,0.0200072219286,0.0132015120578,85.4738372743,0.0213277142784,183.715023264,113.835041504,0.0154211815792,211.968554214,211.968591222,211.968660436,120.035990794,211.968531152,147.151926916,211.968773479,177.624985091,211.969154609,211.968497778,211.968592622,0.00879137492684,237.976256849
2011-04-13 22:00:00,0.0185350711873,211.968557767,261.68924736,215.037950768,171.694539649,0.00407519711941,211.968633133,211.968555137,211.968552106,211.96856347,0.0200048315146,0.0132011440362,85.4738372436,0.0213250186886,183.715023317,113.835045781,0.0154208607438,211.968551563,211.968589975,211.968635212,120.035969703,211.968527567,147.151926895,211.96877068,177.624985091,211.969167406,211.968498043,211.968589785,0.00863259362187,237.976250529
2011-04-13 23:00:00,0.0185357173319,211.968557313,261.689245851,215.037945498,171.694539656,0.00407337635645,211.968629668,211.968556717,211.968550667,211.96856211,0.0200039201662,0.0132007604246,85.473837351,0.0213244838397,183.715023904,113.83504763,0.0154200470895,211.96854864,211.968589697,211.968602974,120.035951369,211.96852624,147.151926914,211.968772354,177.624985085,211.969153769,211.968497918,211.968588228,0.00862313404454,237.976238599
2011-04-14 00:00:00,0.0185324014346,211.968558258,261.68924432,215.037941316,171.694539494,0.00407162868174,211.968625172,211.968556708,211.968547522,211.968561018,0.0200026108981,0.0132004350834,85.4738377297,0.0213239132594,183.715025358,113.835040187,0.015419892527,211.968546446,211.968589595,211.968584154,120.035934733,211.968518412,147.151926984,211.968772114,177.624985068,211.969162682,211.968498132,211.968590404,0.00855610681137,237.976225957
2011-04-14 01:00:00,0.018532925029,211.968558326,261.689244378,215.037937927,171.694539298,0.00406988718081,211.968627393,211.968558119,211.968547363,211.968560113,0.0200022026219,0.0132000559614,85.4738377747,0.0213223303875,183.715024972,113.835042727,0.0154206907998,211.9685449,211.968590014,211.968576694,120.035981882,211.968522166,147.151927005,211.968771309,177.624985081,211.969168769,211.968498549,211.968593358,0.0087040209279,237.976200693
2011-04-14 02:00:00,0.0185422565497,211.968558775,261.689244563,215.037935184,171.694539365,0.00406817622495,211.968630661,211.968559644,211.968547072,211.968559012,0.0200023352986,0.0131996332669,85.4738377653,0.0213212155266,183.715024181,113.835050967,0.015421143066,211.968543979,211.968590681,211.968582357,120.03606653,211.968532605,147.151927003,211.968768963,177.624985085,211.969175679,211.968499135,211.968599858,0.00894497348818,237.976226655
2011-04-14 03:00:00,0.0185530130219,211.968560285,261.6892451,215.037933989,171.694539838,0.00406653269952,211.968633971,211.968562997,211.968547734,211.968559086,0.0200030772156,0.0131991703338,85.4738379044,0.0213196507237,183.71502374,113.835055864,0.0154217390595,211.968546019,211.9685947,211.968594012,211.968527405,211.968541906,147.151927021,211.968764843,177.624985147,211.969187591,211.968499516,211.968616401,0.00983471434703,237.976285626
2011-04-14 04:00:00,0.0185608804165,211.968561929,261.689246984,215.037932513,171.694540576,0.00406519606394,211.968640235,211.968566022,211.968551374,211.968560493,0.0200059606934,0.0131986823778,85.4738383691,0.021317560718,183.715022585,113.835057505,0.0154223048656,211.968549893,211.968601704,211.968610709,211.968547456,211.968549715,147.151927078,211.968768843,177.624985203,211.969207195,211.968500591,211.968643637,0.00995729827308,237.976387275
2011-04-14 05:00:00,0.0185654206459,211.968560796,261.68925142,215.037913657,171.694540834,0.00406398210219,211.968642868,211.968567475,211.96855294,211.968557971,0.0200000136097,0.0131979206939,85.4738388648,0.0213096046293,183.715015239,113.835056981,0.0154181023102,211.9685489,211.968604638,211.968638838,211.968548901,211.968557915,147.151927035,211.968764695,177.62498511,211.969216261,211.968496725,211.968615485,0.0100183584228,237.976338784
2011-04-14 06:00:00,0.0185225317662,211.968559159,261.689253473,215.021490309,171.694540324,0.00406222013953,211.968639746,211.968568304,211.968555568,211.968541446,0.0199870284541,0.0131964343822,85.4738376754,0.0211102502221,148.809190966,113.835012906,0.0149944004324,211.968538456,211.968597401,211.968663946,211.968548305,211.968566586,147.151924686,211.96858925,177.624984692,211.969148728,211.968460053,211.968554487,0.00996206457785,237.976232414
2011-04-14 07:00:00,0.0150198458766,211.968557133,261.68924353,174.180574683,171.694537565,0.00406030186211,211.968580337,211.968567888,211.968547457,171.695467448,0.0162104174995,0.0131824937572,85.4738333435,0.0169108165939,148.809152344,92.2064062518,0.0124949777924,211.968520704,211.968587582,211.968671879,211.968552584,211.96856283,119.193060786,171.694684054,177.624972891,211.968532737,171.694495136,211.968488342,0.00994251120397,211.96849972
2011-04-14 08:00:00,0.0149978131651,211.968555872,211.968550245,174.180501141,171.694498934,0.00405835890867,171.694609971,211.968567538,211.968541283,171.694544153,0.0161872199113,0.0100460979804,85.4738097454,0.016186358308,148.809147931,92.2064025767,0.0124908447682,211.968415214,211.968552361,211.968670404,211.96854394,211.968560416,119.193059979,171.694653162,0.0100148657257,158.977931298,171.694487389,211.968327132,0.0098771281918,178.482523571
2011-04-14 09:00:00,0.0149613325971,211.968554213,211.968303366,161.279110385,139.07256974,0.00405643278374,171.694601097,211.968567225,211.968484921,171.694538024,0.0153827920965,0.0100290268866,64.1054420753,0.0149198788411,148.809147982,92.2064004195,0.0124858200076,171.69456109,171.694565756,211.968670194,211.968542316,211.968559023,119.193056056,158.976295537,0.0100125891666,158.97697655,171.694484224,171.695712424,0.00987463965569,178.48231274
2011-04-14 10:00:00,0.0149181643713,211.968552437,211.957760082,161.279227035,128.770884677,0.00405465453046,171.69460027,211.968566918,171.694556301,171.694536588,0.0100425438297,0.0100117284587,64.1053919992,0.0150116340795,148.809148501,92.2064007042,0.0124799179847,171.694539751,158.976491514,211.968669121,211.96853955,211.968556429,0.018708748988,0.0100419888986,0.0100029784487,158.976949687,171.69448361,171.695330938,0.00989459197205,178.481768036
2011-04-14 11:00:00,0.0149494888118,211.968550279,211.968376787,161.28854037,74.6871266387,0.00405282964576,171.694611661,211.968566684,171.694554391,171.69453714,0.0100345161872,0.0100031256084,64.1053847455,0.0168719563171,148.809148485,92.2064023291,0.0124851014848,171.694536663,158.976303072,211.968666614,211.968531887,211.968554566,0.0184731889512,0.0104344589195,0.0100006628543,158.977412694,171.694478294,171.695295492,0.00989073478228,178.482394043
2011-04-14 12:00:00,0.0149768467436,211.968551164,211.968357004,174.180500613,74.6871260234,0.00405103296868,211.968542965,211.968567116,171.694586796,171.694537542,0.0156513436725,0.0100028460297,64.1053952603,0.0168868306389,148.809149656,92.2064061339,0.0124891229832,171.694536906,158.976487709,211.968659649,211.968464784,211.968552208,119.193040188,171.694657146,0.0100005391646,158.977287861,171.69448037,171.695371244,0.00989256874001,178.482482248
2011-04-14 13:00:00,0.0150084305399,211.968551048,211.968323713,174.180549357,74.6871263156,0.00404920595392,171.694618606,211.968567071,171.694553069,171.694536651,0.0162074218487,0.01000319391,64.1054149196,0.0168882436138,148.809152762,92.2064136918,0.0124939621762,171.694533118,171.694565439,211.968663181,120.036052332,211.968548233,119.193059809,171.694677884,0.0100007731215,158.976981806,171.694483415,211.968258434,0.0098774537411,211.966950336
2011-04-14 14:00:00,0.015038706983,211.968553962,261.688587655,174.18057627,128.770903205,0.00404739595317,211.968554772,211.968567619,211.968534624,171.694542258,0.019150889828,0.0100053906098,64.1060286464,0.0169108875336,148.80916308,92.2070082631,0.012503038458,171.694541027,211.968552725,211.968665044,120.036065689,211.968548751,119.193061306,171.69737114,0.0100052007872,211.96730623,171.694490339,211.968517823,0.00989749901233,211.971925301
2011-04-14 15:00:00,110.385128048,211.968556855,261.689242197,174.180786998,139.072570258,0.00404561217451,211.968593755,211.968568712,211.968547507,211.968525538,0.0203283084722,0.0100237704634,85.4738134685,0.0169995951968,183.71497035,211.968512188,0.0149899667674,211.968386543,211.968588114,211.968671353,120.036025998,211.968553828,147.151997816,211.968606087,0.0100126603753,211.968469206,211.962671158,211.968585972,0.00990756362664,237.976183889
2011-04-14 16:00:00,110.385806451,211.96855919,261.68924794,215.037787407,171.694528159,0.0040438593343,211.968623161,211.968570071,211.968560138,211.968558801,211.968381111,0.0100337591751,85.4738330178,0.0213069679742,183.714989877,211.968602551,0.0186375096733,211.968548277,211.968621476,211.968676947,211.968315648,211.968557588,147.152066078,211.968728714,0.0100152674718,211.968826982,211.968497841,211.968616675,0.00993514087405,237.976269634
2011-04-14 17:00:00,110.385827873,211.968560093,261.689258719,215.037816367,171.694539133,0.00404209452366,211.968639651,211.968571943,211.968570369,211.968561165,211.968447457,0.0122206311281,85.4738370543,0.0213283165317,183.714991799,211.968618603,0.0186500324424,211.968555702,211.968684584,211.968678412,211.968525734,211.96856056,147.152067422,211.968741865,62.5860472164,211.969117658,211.968504754,211.968632057,0.0100590118184,237.976313477
2011-04-14 18:00:00,110.385831719,211.968560106,261.689269245,215.037823343,171.694540221,0.00404029116311,211.968644753,211.96857484,211.968571601,211.968561315,211.968453495,0.0133204475037,85.4738381942,0.0213343529224,183.714990562,211.968621542,0.0186525748948,211.968555954,211.968699935,211.96867645,211.968424262,211.968563641,147.1520678,211.968745801,62.5860579157,211.96914058,211.968506365,211.968641053,0.00999967475818,237.976292468
2011-04-14 19:00:00,110.385831757,211.96855966,261.689268337,215.037824082,171.69454028,0.00403865199193,211.968644715,211.968571436,211.968570249,211.968560799,211.968454969,0.0133254414894,85.4738382953,0.0213354602066,183.714986645,211.968622386,0.0186534880197,211.968555587,211.968690113,211.96868184,120.03598005,211.968563875,147.152067873,211.968744507,62.5860584557,211.96909847,211.968506042,211.968629957,0.00988396760026,237.976278167
2011-04-14 20:00:00,110.385832446,211.96855958,261.689258466,215.037822092,171.694540835,0.00403670129631,211.968644897,211.968568572,211.968565988,211.968560297,211.968454287,0.0133262971184,85.4738378898,0.0213352277479,183.714980021,211.968622505,0.018654156187,211.968554348,211.968684569,211.968679519,120.035885481,211.968560173,147.152067826,211.968742122,62.5860585866,211.969051501,211.96850574,211.968610914,0.00946332438333,237.976251438
2011-04-14 21:00:00,110.385830791,211.968558151,261.689251241,215.03781838,171.694540968,0.00403461931143,211.968644208,211.968567576,211.968561867,211.968558942,211.968451873,0.013326565038,85.4738373246,0.0213328115759,183.71496964,211.96862275,0.0186548421594,211.968553075,211.968681236,211.968664355,52.2162820257,211.968556441,147.152067757,211.968738822,62.5860586838,211.969053252,211.968505138,211.96859816,0.00889362000699,237.976248083
2011-04-14 22:00:00,110.385829373,211.968556686,261.689247903,215.037814365,171.694540521,0.00403253453649,211.968641025,211.968566895,211.968559492,211.968556729,211.968449978,0.0133261273798,85.4738369303,0.0213296438689,183.714955577,211.968623435,0.0186549801613,211.96855073,211.968660492,211.968648931,52.2158160673,211.968553793,147.152067661,211.968734525,62.5860587368,211.968972814,211.968504417,211.968593581,0.0087591763685,237.976243269
2011-04-14 23:00:00,110.385827875,211.968555316,261.689246521,215.0378105,171.694540652,0.00403058735057,211.968637112,211.968566932,211.968558675,211.968554456,211.968448779,0.0133257223298,85.4738370235,0.0213281037243,183.714943153,211.968623755,0.0186548792884,211.968548162,211.968613502,211.968636901,52.2158023637,211.968551801,147.152067595,211.968730988,62.5860587742,211.968859618,211.968503244,211.968591024,0.00862470417176,237.976223044
2011-04-15 00:00:00,110.385827736,211.968553298,261.689246392,215.037806581,171.69454071,0.00402876447701,211.968634806,211.968566646,211.968558908,211.968551986,211.968445238,0.013325376573,85.4738371284,0.0213243825125,183.714932234,211.968624643,0.018654196762,211.968545758,211.96861367,211.968632523,52.2157327251,211.968552565,147.15206748,211.968735019,62.5860587832,211.968926531,211.96850141,211.968590475,0.00866633037843,237.976185184
2011-04-15 01:00:00,110.385827388,211.96855276,261.689246014,215.037804132,171.694540553,0.00402700270052,211.968632843,211.968566438,211.968559358,211.968549797,211.968445112,0.0133249908539,85.4738370056,0.0213216740597,183.714937627,211.968625005,0.0186541676684,211.968543949,211.968620473,211.968615414,52.2157298285,211.968550959,147.152067414,211.96873346,62.5860587605,211.968887526,211.968500413,211.968594992,0.00869737102209,237.97623294
2011-04-15 02:00:00,110.38582837,211.968552844,261.689246,215.037802207,171.694540602,0.00402528588882,211.968633221,211.968566237,211.968559355,211.968547432,211.968445492,0.0133246764852,85.4738363434,0.0213186887509,183.714946965,211.968625877,0.0186542228059,211.968542912,211.96865882,211.968599926,52.2158543661,211.968551552,147.15206735,211.968731126,62.5860587382,211.968931079,211.968499641,211.96860016,0.00919743815071,237.976261298
2011-04-15 03:00:00,110.385831969,211.968554004,261.68924644,215.037800606,171.694541068,0.00402368806947,211.968635471,211.968566569,211.968559672,211.968545948,211.968446524,0.0133242380283,85.4738369993,0.0213150097592,183.714964975,211.968627086,0.0186543338174,211.968544262,211.968677824,211.968593265,120.035933956,211.968554346,147.152067314,211.968729173,62.5860587752,211.968961649,211.968498692,211.96861589,0.00983108064821,237.976296061
2011-04-15 04:00:00,110.385834734,211.968554871,261.689248132,215.037799296,171.694541844,0.0040223884024,211.96863814,211.968567524,211.968563264,211.968541059,211.968446178,0.0133236808329,85.4738378363,0.0213085595381,183.714976642,211.968627462,0.0186542352212,211.968545937,211.968682242,211.968593447,211.968391719,211.968558741,147.152067274,211.968724209,62.5860587987,211.968947594,211.968496803,211.968635487,0.0100039780962,237.976347784
2011-04-15 05:00:00,110.385833164,211.968551679,261.689252275,215.037784965,171.694542122,0.00402116796449,211.968637554,211.96856874,211.968564405,211.968360891,211.968423331,0.0133227715104,85.4738383112,0.0212870615379,183.714927698,211.968626562,0.0186504251354,211.968542809,211.96868435,211.968617244,120.035969762,211.968565054,147.15206703,211.968707765,62.5860586726,211.968949534,211.968484242,211.968634031,0.01011797408,237.976324567
2011-04-15 06:00:00,110.385794922,211.968532058,261.68924962,215.036613031,171.694541466,0.00401949393151,211.9686281,211.968570883,211.968558831,158.976125566,0.0468207337047,0.013321243733,85.4738344004,0.0118017002832,148.80914581,211.968565141,0.0151145471663,211.96852593,211.968648042,211.968656974,120.035910411,211.968571332,147.152064286,211.967746936,62.5860581719,211.96881531,171.694458579,211.968609953,0.0100277045188,237.976260982
2011-04-15 07:00:00,82.789501254,92.2063502961,261.689238806,174.180539254,171.694539091,0.00401768478406,211.968561071,211.968569252,211.968549459,158.976110529,0.046729511602,0.0133062061538,85.4738099076,0.0110517638057,148.809140074,211.968312213,0.0151058760272,171.694816073,211.968587869,211.968654839,52.2156696357,211.968565128,0.0344448165707,158.980513801,62.5860444966,211.968167992,171.694421509,211.968541807,0.00995830425252,237.976034949
2011-04-15 08:00:00,82.7894030287,92.2063246017,211.968328542,174.180512818,171.694521407,0.00401587852198,171.694563926,211.968568394,211.968539671,0.0100457248933,0.0210171818185,0.0100428257923,64.1054181011,0.0109901217171,148.809137861,211.96849549,0.015079496962,171.69450835,171.694580063,211.968594392,52.2155573866,211.968562251,0.0344408821794,158.98047789,0.0100142127649,158.976657035,171.694404556,211.968179968,0.00990845766186,178.482336589
2011-04-15 09:00:00,82.7893150602,92.2063094989,211.968215278,174.180379532,139.072572013,0.0040139826737,171.694530116,211.968568113,171.694562473,0.0100077004055,0.0203113471699,0.0100264409919,64.1053749785,0.0100570146773,148.809136032,171.694597077,0.0149537302017,171.694495854,158.97649862,211.968553349,52.2155476101,211.968557741,0.0344391246343,158.976756558,0.010011896764,158.976548216,158.9765663,171.680149791,0.00987688985009,178.481973501
2011-04-15 10:00:00,0.0150077098222,0.0150420973658,113.834826989,161.278643641,128.770904978,0.00401215037489,92.2063556907,211.968567503,171.694543354,0.0100181459,0.0203165707696,0.0100094424433,64.1052712673,0.0100283527974,148.809135864,171.694592624,0.0149696214831,158.976636028,158.976355228,211.968536907,52.2155409204,211.96855018,0.0320513618423,0.0100823826905,0.010002635242,158.976497857,158.976635187,92.2063553345,0.00988143978822,178.472534188
2011-04-15 11:00:00,0.0149845420263,0.0150193829196,113.83482601,0.01052778467,74.6871320826,0.00401021543261,92.2063487663,211.968566455,171.694541952,158.971037969,0.0203312635733,0.0100030119432,64.1052997174,0.010038336132,148.809136483,171.694591628,0.015020258535,92.2049123423,158.976462474,211.968546064,52.2155331751,211.968520179,0.0320357627282,0.0100839211867,0.0100005678175,158.976453889,171.694365455,92.206263943,0.00985900706586,103.519752054
2011-04-15 12:00:00,82.7893485951,0.0150210750675,113.834827032,0.010745997483,128.770671453,0.00400828214091,92.2063490062,211.968567772,171.694540617,158.976107333,0.0465878292168,0.0100026695782,64.1053574526,0.0103668623498,148.809137202,171.694594018,0.0150996714984,171.694461891,158.976482564,211.968543972,52.2155362302,171.694666198,0.0344374647078,158.980150128,0.0100004444303,158.976329302,171.694409232,92.2062897828,0.00985368269401,103.519693796
2011-04-15 13:00:00,82.7893917576,92.2063064637,113.834827963,174.180426629,74.6871320086,0.0040063763929,92.2063652372,211.968566982,171.694542527,158.976120095,0.0467296268427,0.0100029804965,64.1053777717,0.0110234286712,148.809140404,171.69459529,0.0151116214325,171.694503075,171.694561683,211.968545886,52.2155243763,92.2063501239,0.0344396471763,158.980451998,0.0100006313519,158.976431784,171.694423014,92.2063518683,0.00982919013024,103.519893704
2011-04-15 14:00:00,82.7895010523,92.2063259527,211.9682766,174.180521487,128.770942975,0.00400455941133,171.694546758,211.968567266,211.968503304,158.976148287,0.0467574524281,0.0100047795318,64.1054157796,0.0110542360336,148.809147401,211.968523445,0.0151373051644,171.694510369,211.968242899,211.96855179,52.2155207609,92.2063496249,0.0344407623425,158.980494521,0.0100036132943,158.976509651,171.694431968,171.680025537,0.009839357193,178.48207832
2011-04-15 15:00:00,110.38565805,92.2068640027,211.969023868,174.180619379,139.072573333,0.00400280242502,171.694566382,211.968567429,211.968546696,211.96846799,211.968442566,0.0100216301858,85.473783106,0.0112457290678,183.714803863,211.968565362,0.0337066406914,211.968464878,211.968583663,211.968558487,52.215527224,171.694517681,0.0344422305151,158.980578267,0.0100119259031,158.976595339,211.968281165,211.951082454,0.00987158413224,237.975509357
2011-04-15 16:00:00,110.385817624,211.968534452,261.689241917,215.037823231,171.694530432,0.00400105599473,211.968570025,211.968567707,211.968560683,211.968515052,211.968517384,0.0100317732592,85.4738288133,0.0148313093295,183.714976812,211.968622335,0.0337309550393,211.96852461,211.968591946,211.968586357,52.2155333345,211.968519218,0.0425192418004,211.968454462,0.010014285408,211.968435506,211.968422817,211.951526993,0.00991289564166,237.976190288
2011-04-15 17:00:00,110.38583042,211.968542796,261.689247398,215.037862279,171.694539312,0.00399931800178,211.968612953,211.968568367,211.968567304,211.968520323,211.968532744,0.012526982971,85.4738350583,0.014856850121,183.714983238,211.968625982,0.0337356856691,211.968528715,211.968604646,211.968642104,52.2155339852,211.968544933,0.0425202501963,211.968497209,0.0149951975118,211.96861741,211.968429004,211.952518911,0.00997507746536,237.976248464
2011-04-15 18:00:00,110.385832767,211.968547066,261.689250658,215.037870716,171.694540342,0.00399754415513,211.968618729,211.96856936,211.968568497,211.968522128,211.96853297,0.0127901038581,85.4738365705,0.0148634632084,183.714983542,211.968626035,0.0337373451226,211.968529629,211.968614439,211.968651784,52.2155337206,211.968556504,0.0425204797461,211.968506519,0.0149983325347,211.968686408,211.968430815,211.951670989,0.00996275902565,237.976263294
2011-04-15 19:00:00,110.385831582,211.968544819,261.689250839,215.037871767,171.694540485,0.00399574155277,211.968620022,211.968568848,211.96856697,211.968523,211.968527034,0.0127949581277,85.4738368649,0.0148647579903,183.714984034,211.968625089,0.0337377253537,211.968529771,211.968606548,211.968663119,52.2155271743,211.968554892,0.0425205283148,211.968508096,0.0149987297732,211.968699896,211.968430776,211.950975629,0.00986746355674,237.976245445
2011-04-15 20:00:00,110.385831658,211.968545485,261.689248914,215.037870486,171.694540823,0.00399385577055,211.968620661,211.968567994,211.968564046,211.968523265,211.968523461,0.0127956277333,85.4738366382,0.0148644709422,183.714984439,211.968624228,0.0337379592311,211.968529039,211.968603303,211.96866665,52.2155182842,211.968547995,0.042520464796,211.968508129,0.0149988147726,211.968712391,211.968430462,171.680567464,0.00953228118159,237.976214687
2011-04-15 21:00:00,110.385829769,211.968543368,261.689247217,215.037867989,171.694540864,0.00399183366705,211.968620783,211.968567021,211.968560617,211.968523075,211.968520181,0.0127958096015,85.473835873,0.0148627657732,183.714983653,211.96862315,0.033738138438,211.968528233,211.968596355,211.96865614,52.215507574,211.968525875,0.0425203797022,211.968507642,0.0149988687218,211.968711115,211.968430176,171.680416979,0.00900067942456,237.97617824
2011-04-15 22:00:00,110.385828443,211.968537524,261.689245273,215.037864361,171.694540466,0.0039899121839,211.968619651,211.968565257,211.968557201,211.968522269,211.968515674,0.0127954180825,85.4738355974,0.0148601402588,183.714983001,211.968622371,0.0337378768773,211.968527141,211.968592183,211.968642377,52.2154940087,211.968430561,0.042520270602,211.968505296,0.0149988639024,211.96869841,211.968429554,171.680343783,0.00853663342955,237.976121399
2011-04-15 23:00:00,110.385826734,211.968526222,261.689243295,215.037860675,171.694540425,0.00398795327062,211.968618644,211.968564734,211.968554815,211.968521157,211.968512054,0.0127949870405,85.4738354543,0.0148588343307,183.714982358,211.968621883,0.0337373796446,211.968524884,211.968591254,211.968632424,52.215428715,92.2074774204,0.0425201699625,211.968507626,0.0149988398896,211.968685887,211.96842849,171.680299463,0.00856111234451,237.976014396
2011-04-16 00:00:00,110.385825522,211.96852933,261.689241172,215.037857746,171.694540218,0.00398612228638,211.968617774,211.968563423,211.968550663,211.968520601,211.968503131,0.0127945100801,85.4738352101,0.0148565549938,183.714985906,211.968621856,0.0337365923502,211.968522821,211.968590745,211.968629373,42.2944858935,92.2063941636,0.0425200977692,211.96850651,0.0149988243002,211.968677331,211.968427459,171.680774852,0.00846940699595,237.975951919
2011-04-16 01:00:00,110.385823927,211.968493539,261.689239663,215.037855512,171.694540041,0.00398435714804,211.96861723,211.968563708,211.968548637,211.968519669,211.968491882,0.0127938940244,85.4738350618,0.0148547419384,183.714986058,211.968621142,0.0337359443536,211.968521163,211.968590443,211.968613427,42.2944073974,92.2064059496,0.0425200235274,211.968504876,0.0149988035161,211.968664115,211.968426676,171.680728174,0.00851583388251,237.975754813
2011-04-16 02:00:00,110.385823379,92.2070565242,261.689238363,215.037852895,171.694539994,0.00398262671112,211.968616704,211.968563921,211.968547958,211.968518843,211.968470521,0.0127934100246,85.4738345253,0.0148524467733,183.714985864,211.968619889,0.0337352352478,211.968519194,211.968590151,211.968601473,42.2943660125,92.2064535591,0.0425199121784,211.968502981,0.0149987703764,211.968655914,211.968425245,171.680736668,0.00847597620624,237.975461435
2011-04-16 03:00:00,110.385823341,92.2066227836,261.689238272,215.03785179,171.694540072,0.00398088535364,211.968616333,211.968564679,211.968547919,211.968517164,211.968481771,0.0127926599525,85.4738344189,0.0148496165277,183.714985333,211.968618762,0.0337341385471,211.968517189,211.96859012,211.968598821,42.2944149507,92.2064105381,0.0425197376162,211.968500912,0.0149987225177,211.968653985,211.968422633,171.680632465,0.00860101520506,237.97498112
2011-04-16 04:00:00,110.385821601,92.2064598129,261.689239056,215.037851434,171.694540088,0.00397910117736,211.968615507,211.968566069,211.96854812,211.968513334,211.968467615,0.0127914603585,85.4738340119,0.0148437880036,183.71498438,211.968616858,0.033732124476,211.96851415,211.968589987,211.968598234,52.2153439784,92.2063673238,0.0425194660824,211.968494853,0.0149986464933,211.968643151,211.968417936,171.680641659,0.00968251532827,237.974543801
2011-04-16 05:00:00,110.385815316,92.2063353189,261.68924113,215.037844405,171.694540102,0.00397748085934,211.968614016,211.968567539,211.968543775,211.968458059,211.968227916,0.0127893508854,85.4738330012,0.0148289013415,183.714969511,211.968607313,0.0337204687404,211.968495591,211.968590268,211.968600388,52.2154730258,92.2063437761,0.0425188315518,211.968484408,0.0149984937683,211.968645231,211.968386087,171.680753184,0.0098008313212,103.520347917
2011-04-16 06:00:00,110.385419657,92.2063244127,261.689236026,215.037739767,171.694539635,0.00397596225765,211.968605322,211.968567818,92.2063594438,158.976379372,0.0467219012994,0.0127854288116,85.4738213683,0.0114773537448,148.809138816,92.2063314459,0.0100682556973,158.976185422,211.968572844,211.968628836,52.2155069423,211.968415294,0.0424671972374,171.694616116,0.0149980911996,211.968547909,158.973398825,171.68076236,0.00980526249032,103.51950081
2011-04-16 07:00:00,0.010128966123,92.2062984495,211.968539453,174.180667361,171.694533235,0.0039743585755,211.968523946,211.968567796,92.2063163114,158.976363875,0.0388923768863,0.0127424401317,85.473299429,0.0111178136112,148.809132715,0.0151878168005,0.0100438516234,158.976063146,92.2064051524,211.968635118,52.2154764625,113.834995356,0.0121524415317,171.694418736,0.0149920401718,211.967897566,158.973373883,171.681338773,0.00980322260536,0.0234310850883
2011-04-16 08:00:00,0.0100522032322,0.0150158279629,211.968273739,174.180633957,128.770973215,0.00397266481083,158.976447454,211.968567775,92.2063030656,92.2072315272,0.0388698238464,0.0100213960778,64.1053145835,0.011083346777,148.80912907,0.0151786684285,0.0100148636094,158.975828373,92.2063382374,211.968613887,42.294366311,92.2063578929,0.0121504584481,171.694398248,0.0100137440283,158.976554603,158.972489797,171.680915644,0.00975626108842,0.0225108973677
2011-04-16 09:00:00,0.0100068227288,0.0150034332402,113.834838106,174.179603844,128.770961978,0.00397089710634,158.976399087,211.968564238,0.0200014808229,0.0100078220718,0.038863650992,0.0100107522453,0.0100867075347,0.0107706310437,148.809122729,0.0100251831518,0.0100040261944,0.0100126512551,92.206334905,211.968600167,0.0150196857874,92.2063300422,0.0112979112717,171.694387648,0.0100117034695,158.976480243,92.2032771296,171.680766163,0.00976181458969,0.0200316560548
2011-04-16 10:00:00,0.0100070252932,0.0150010378163,113.834826605,161.278685949,74.687130533,0.00396903679341,92.2063512842,211.968560859,0.0199597574064,0.0100056723574,0.0388629290358,0.0100029021086,0.010013948181,0.0109154009805,148.80912328,0.0100160291057,0.0100040236331,0.0100082739537,0.0200046559484,211.968587964,0.0150044953341,92.2063241862,0.0100019016191,171.694394958,0.0100023753535,158.976442459,158.973345784,171.680741311,0.0097541211506,0.0200054357086
2011-04-16 11:00:00,0.0100073746343,0.0150007360735,113.834826664,161.278577955,74.6871258712,0.00396718700771,92.2063421933,211.968558991,0.0199424051937,0.0100352813281,0.038866805033,0.0100015781065,0.0100133539739,0.011029185799,148.809127762,0.0100769139854,0.0100053724586,0.0100114159456,0.0200029331029,211.968580242,0.0150024662922,92.206321366,0.0100013718704,171.694384996,0.0100006410766,158.97640981,158.973360288,171.681005079,0.00978597880742,0.0200634374767
2011-04-16 12:00:00,0.0100159960971,0.014999740257,113.834828232,161.280009487,74.6871257158,0.00396524575661,92.2063513498,211.968558786,0.0199938229095,158.976357526,0.0388748873447,0.0100011932736,0.0100202076473,0.0110614411251,148.809131707,0.0151672167874,0.0100135150206,0.0137078899122,92.2063361924,211.968582611,0.0150049823173,92.2063269209,0.0100143458958,171.694393924,0.0100004935887,158.976412796,158.973367112,211.828209455,0.00976049038754,0.0200307126866
2011-04-16 13:00:00,0.0100191630295,0.0150009096877,211.96825679,174.180624593,74.6871264217,0.00396339679259,92.2063523523,211.968559006,92.2062952388,158.976368532,0.038892026596,0.0100013583734,0.0100612651712,0.0110797337256,148.809134564,0.0151732827388,0.0100400181804,158.976055488,92.2063387048,211.968591231,0.0150040617302,92.2063271057,0.0121494177035,171.694381006,0.0100006779026,158.976439027,158.973375352,211.967867348,0.0098100283683,0.0210032532056
2011-04-16 14:00:00,0.0101169467142,0.0150196586639,211.968294193,174.180668888,128.770889645,0.00396164248765,158.976389228,211.968560598,92.2063164411,158.976388234,0.0467290836495,0.0100021446054,64.1053071066,0.0111066972157,148.80914373,0.0151851207743,0.010048510383,158.976067703,92.2063975051,211.968593746,0.0150054989991,92.2063282387,0.0121508250946,171.694409999,0.0100071025743,158.976518095,158.97338533,211.968326686,0.00982219788155,0.0233755163804
2011-04-16 15:00:00,0.0102119210912,92.2063169852,261.689222709,215.037651501,128.77096785,0.00395997737797,158.976449635,211.968564296,92.2064057831,211.96846326,0.0479744900824,0.0100075237213,64.1054123735,0.0111600008683,183.714975392,0.0152125535848,0.010170858418,211.965043992,211.968553936,211.96863286,0.015033289438,92.2063347978,0.0121522733997,171.694433037,0.0100120463348,211.963088314,158.973427962,211.96843833,0.0098383122857,103.516921045
2011-04-16 16:00:00,110.385754587,92.2063243629,261.68924399,215.037891912,171.694520065,0.00395821690123,211.968545674,211.968566931,211.968527452,211.96849966,0.0479851687165,0.0100174441344,85.473806169,0.0145304877464,183.714986046,211.968416748,0.015951780754,211.967168838,211.968589186,211.968655243,52.2154687246,92.2063622313,0.0150021421628,211.968400063,0.0100143366543,211.968463332,211.962253511,211.968482864,0.00989472791283,103.519681156
2011-04-16 17:00:00,110.385796576,92.2063249582,261.689247767,215.037914416,171.694536495,0.00395647083843,211.968600429,211.96856823,211.968535424,211.968504695,0.0479867089857,0.0102379403452,85.4738295382,0.0145521113237,183.714988392,211.968427683,0.0159595347415,211.967177425,211.968592161,211.968661872,52.2155009064,92.2063966142,0.0150043302029,211.968433556,0.0149921788864,211.968560976,211.962269608,211.968504725,0.00994569004262,103.519987996
2011-04-16 18:00:00,110.385804064,92.2063193904,261.689250532,215.037921628,171.694538346,0.00395471469479,211.968608588,211.96856932,211.968537717,211.968506427,0.0479842398164,0.012461993327,85.4738330261,0.0145582610824,183.714988736,211.968429496,0.0159617040799,211.967179494,211.96859351,211.968664738,52.2154849078,113.834649002,0.0150047368056,211.968439618,0.014995485832,211.968578632,211.962273607,211.968536939,0.00990623648689,103.520021162
2011-04-16 19:00:00,110.385804264,92.2063190796,261.689251217,215.037922485,171.69453845,0.00395296137154,211.968610787,211.968569233,211.968537751,211.968507058,0.0479770754962,0.0124671232607,85.473833926,0.0145590429841,183.7149884,211.968429961,0.015962222258,211.96718018,211.968593314,211.968667409,42.2944413033,92.2064029059,0.0150048121552,211.968440049,0.0149958923947,211.968584643,211.962274398,211.968522876,0.00981994802004,103.520084366
2011-04-16 20:00:00,110.385805449,92.2063180998,261.689250138,215.037920578,171.694538748,0.0039510687132,211.968611374,211.968568805,211.968537122,211.968507326,0.0479642012327,0.0124679271692,85.473834077,0.0145591864184,183.714987654,211.968430187,0.0159622647005,211.967180103,211.968592796,211.968667446,42.294334111,92.2063558115,0.0150048176043,211.968439645,0.014996013429,211.968576652,211.962274695,211.968502306,0.00960153747316,103.51999902
2011-04-16 21:00:00,110.38580406,92.206316111,261.689248821,215.037917719,171.694538802,0.00394911054288,211.968611778,211.968567992,211.968535872,211.968506917,0.0479432138902,0.0124682121435,85.4738334938,0.0145571678306,183.714987061,211.968430199,0.0159620936573,211.967179649,211.968591986,211.968658207,42.2943411581,92.2063391069,0.0150047888093,211.96843775,0.0149960740133,211.968579704,211.962274608,211.968490733,0.0088348776488,103.519808033
2011-04-16 22:00:00,110.385802526,92.2063114153,261.689247299,215.037912892,171.694538436,0.00394721210289,211.96861091,211.968566628,211.968534551,211.968506046,0.0478864370331,0.012468069694,85.4738336169,0.0145545259646,183.714986464,211.968430234,0.015961743028,211.967178516,211.968591339,211.968645885,42.2943492533,92.2063333337,0.0150047341037,211.968435363,0.0149960692704,211.968563978,211.962274257,211.968483504,0.00857196847199,103.51977262
2011-04-16 23:00:00,110.385800579,92.2063056364,261.689246321,215.037908953,171.694538371,0.00394528950125,211.968609949,211.968566087,211.968533387,211.968505315,0.0477805614229,0.0124676985971,85.4738336861,0.0145524991014,183.714985984,211.968430241,0.01596135265,211.96717723,211.968590885,211.968634664,42.2944314649,92.2063318736,0.01500465185,211.96843415,0.0149960497678,211.968544113,211.962273523,211.968486288,0.00849699133887,103.519762395
2011-04-17 00:00:00,110.385798977,92.2050738955,261.689245901,215.03790626,171.6945383,0.00394339696997,211.968609616,211.968564782,211.968532708,211.968504376,0.0467508076948,0.0124672071663,85.4738341976,0.0145515609501,183.71498623,211.968430132,0.0159607704311,211.96717581,211.968590783,211.968606807,52.2154905883,92.2063349373,0.0150045360583,211.968436425,0.0149960218371,211.968540055,211.962272888,211.968536826,0.00854350195521,103.519730449
2011-04-17 01:00:00,110.38579604,0.0160884234623,261.689245458,215.037903338,171.694537936,0.0039415882948,211.968608925,211.968563259,211.968532588,211.968503265,0.0467451019831,0.0124669483117,85.4738343006,0.0145495960321,183.714985487,211.968429946,0.0159601202662,211.967174596,211.968590796,211.968593271,52.2154886067,92.2063325298,0.0150044477054,211.968434509,0.0149959996064,211.968527271,211.962271944,211.968518455,0.00853867967476,103.51989246
2011-04-17 02:00:00,110.385794709,0.0151732163175,261.689245403,215.037901566,171.694537639,0.00393983718974,211.968608026,211.968562315,211.968532323,211.968501796,0.0467592056046,0.0124665208016,85.4738340427,0.0145470968803,183.714984521,211.968429475,0.0159593605639,211.967173067,211.968590968,211.968588313,52.2154857793,92.2063341599,0.015004313866,211.968431937,0.0149959546714,211.968518059,211.962270693,211.968478249,0.00849965089729,103.520383806
2011-04-17 03:00:00,110.385792729,0.0150423716194,261.68924547,215.037900523,171.694537465,0.00393812582931,211.968607188,211.968563157,211.968530775,211.968499356,0.0467765165454,0.0124659562217,85.4738339923,0.014543724021,183.714982839,211.968428852,0.0159582185061,211.96717154,211.968591084,211.968585804,52.2154846307,92.2063383226,0.0150041484568,211.968427662,0.0149958864783,211.968497572,211.962268248,211.968392092,0.00863272628459,103.520520873
2011-04-17 04:00:00,110.385788481,0.0150147995654,261.689245497,215.037899088,171.694537052,0.00393639772901,211.96860599,211.968564582,211.968528098,211.968492995,0.0467836823991,0.0124649598291,85.4738330734,0.0145366421226,183.714979248,211.968427907,0.015956206267,211.967169058,211.968590904,211.968584785,52.215481082,92.2063425332,0.0150038367956,211.968420135,0.0149957551102,211.968471648,211.962263754,211.968177273,0.00948892156197,103.520617915
2011-04-17 05:00:00,110.385776573,0.0150049177515,261.689245827,215.037890081,171.694536517,0.00393471001373,211.968603711,211.968567083,211.968512982,92.2411627717,0.0465890431049,0.0124632147649,85.4738313684,0.0145062060852,183.714616926,211.968424317,0.0159442553833,211.967155896,211.968590883,211.968579958,52.2154824447,92.2063512473,0.0150030852678,211.968399096,0.0149955375648,211.968446269,211.962235076,211.936074791,0.00977521202529,103.520643231
2011-04-17 06:00:00,0.0101654504196,0.015002762561,261.689244049,215.037578711,171.694533671,0.0039331325997,211.968587366,211.968568368,92.2063260355,0.0100391274861,0.0206095063327,0.0124602716009,85.4738193648,0.0101818436045,0.0100259926801,92.2063203871,0.0100428248641,171.693380687,211.968584421,211.968587855,52.2154887318,92.2063627365,0.0149416464653,0.010390307735,0.014995027301,211.968305059,0.0172504883871,92.2064149176,0.00982272976095,103.520626271
2011-04-17 07:00:00,0.0100283507749,0.0149994608718,261.689230207,174.180707884,74.6873957395,0.00393152628934,211.968286437,211.968568609,92.2063131677,0.010019454301,0.0205929069611,0.0124287245194,85.4735200642,0.0101189463918,0.0100146213952,0.014887413853,0.0100242281528,171.693361559,211.968538587,211.968597811,52.215485338,92.2063575262,0.0100054726173,0.0101064277587,0.0149279165486,158.976280314,0.0172163392692,92.2063078676,0.00980808554971,103.520455354
2011-04-17 08:00:00,0.0100043878707,0.0149983061558,211.968521158,174.180681956,74.6871224182,0.00392988746931,92.2063658228,211.968568898,92.2061483487,0.0100037137841,0.0205782588892,0.0100260422674,64.1053294271,0.0100327448495,0.0100028613211,0.0148780839625,0.0100079619177,171.693172948,92.2066839457,211.968583903,52.2154764975,92.2063383673,0.010003694966,0.0100558871414,0.0100055844827,158.976151685,0.010061962069,0.0153573900095,0.00975591426329,103.519721169
2011-04-17 09:00:00,0.0100021658268,0.0149976229202,211.96826107,174.180636355,74.6870812833,0.00392816147791,92.2063504456,211.968566968,0.0199807494967,0.0100022376074,0.0205777846463,0.0100155987378,0.0100549749364,0.0100091482035,0.0100020370627,0.0100127713191,0.0100029763857,0.0100097297083,92.2063389613,211.968569637,52.2152747777,92.2063310349,0.0100006714355,0.0100129457922,0.0100036611765,158.976093893,0.0100086476639,0.015018488033,0.00973312865394,103.519626527
2011-04-17 10:00:00,0.0100016324899,0.0149972464057,113.83482719,174.180673849,0.0150021748353,0.00392635778568,92.2063181685,211.968563591,0.0199750307559,0.0100024074739,0.0205807068768,0.0100047320057,0.0100128372359,0.0100097405272,0.0100019694273,0.0100055186939,0.0100020566927,0.0100056972131,92.2063369541,211.968557041,42.2942778362,92.2063266223,0.0100002563189,0.0100072429551,0.0100007170131,158.976022782,0.0100062672845,0.0149911730761,0.00973024291503,103.516654279
2011-04-17 11:00:00,0.0100015220538,0.0149974033499,113.834822662,174.180681986,0.0149996972882,0.00392451701979,0.0149486214777,211.968560699,92.2062080548,0.0100032263073,0.0205859621521,0.0100020939338,0.0100108325461,0.0100158202567,0.010002349031,0.0100051938395,0.0100021309037,171.692884375,92.2062961811,211.968547792,0.0150198159974,92.2063233895,0.0100001708313,0.0100057054144,0.0100003704068,158.975855355,0.0100106308872,0.0149817210328,0.00959034872611,77.6414199359
2011-04-17 12:00:00,0.0100016537104,0.0149979983282,113.834822756,174.180687962,0.0149993288801,0.00392261855397,0.0148235695486,211.96856074,92.2062971391,0.0100072264594,0.0205913922683,0.0100019250521,0.0100175643808,0.0100408946082,0.0100042990298,0.0100164289652,0.0100035975301,171.693355874,0.0200146639385,211.968546137,39.1728527406,92.206320168,0.0100003379501,0.0100108445937,0.0100003805196,158.975784919,0.0171290668675,0.0149871318835,0.00961541609846,77.6408010567
2011-04-17 13:00:00,0.0100023558809,0.0149984132396,113.834826432,174.180706855,0.0149997738844,0.00392086125671,0.0199761914358,211.968560297,92.2063113228,0.010027397581,0.0206025959824,0.0100018674179,64.1044575856,0.0101188976355,0.010016365982,0.0148699090059,0.0100195127804,171.693361458,92.2063360695,211.968535949,0.0150129961813,92.2063229364,0.0100008605422,0.0100334390179,0.0100006199497,158.975983232,0.0172193835224,0.0149988582143,0.00960374122821,77.64068979
2011-04-17 14:00:00,0.0100109838969,0.0149989782065,211.968269548,174.180776059,0.0150015858238,0.00391910872726,92.2063389947,211.968562108,92.206316387,0.0100501181724,0.0252561974352,0.0100034788069,64.105338578,0.0101343063499,0.0100268230799,0.0148850929365,0.0100280798716,171.693368183,92.2063395843,211.96855926,0.0150079951848,92.2063266305,0.0100042984231,0.0100960728504,0.0100024670353,158.976117554,0.0172469647305,0.0150468167063,0.00965027040015,103.518989224
2011-04-17 15:00:00,0.0100593597911,0.0149994249438,211.96855991,215.037737221,74.6870809765,0.00391731821978,92.2063613982,211.968566117,92.2063319559,211.968523298,0.0254211924978,0.010012957983,85.4734712057,0.0101981512411,183.713954171,0.0149605814981,0.0100778891973,171.693490865,92.2067195742,211.968563998,0.0150880932056,92.2063366295,0.0100064077651,0.0101735234141,0.0100045316037,158.976183916,92.2037262438,0.0181918574094,0.00974656759706,103.519686641
2011-04-17 16:00:00,110.385712051,0.0149997997152,261.689234198,215.03788605,74.6871235576,0.00391554325414,92.2067665474,211.968567865,211.968508012,211.968686901,0.0254262530054,0.0100225441874,85.4738151017,0.0133720608989,183.714860777,211.968502504,0.0172062576023,211.967128967,211.968585038,211.968571489,52.215430957,92.206625658,0.014979744921,211.968066222,0.0100066298595,158.979023686,211.962411669,0.0187059383758,0.00983985774353,103.52036012
2011-04-17 17:00:00,110.385803052,0.0149998140201,261.689243727,215.037901333,171.694499003,0.00391380299493,211.968541348,211.968568731,211.968530921,211.968701894,0.0254313766902,0.0101909325285,85.4738300988,0.0134113628355,183.714867006,211.968516544,0.0172152938071,211.967136276,211.968592893,211.968603012,52.2154719361,211.968467878,0.0149912348297,211.968181641,0.0184768656591,211.968166597,211.962434578,0.0184418022165,0.00993224368609,103.520816136
2011-04-17 18:00:00,110.385814101,0.0150001385583,261.68924644,215.037904935,171.694522377,0.00391209075079,211.968561983,211.968569354,211.968533322,211.968706108,0.0254289933571,0.0187237256537,85.4738330778,0.0134207882717,183.714868699,211.968518868,0.0172176131844,211.967138264,211.968594634,211.968634466,52.2154700976,211.968512869,0.0149919739708,211.968197587,0.0184966675662,211.968256815,211.962439922,0.0151373213371,0.00997063873347,103.520501726
2011-04-17 19:00:00,110.385815837,0.0149997883045,261.689246082,215.037903476,171.694523331,0.00391039117307,211.968565732,211.968569183,211.968534507,211.968707715,0.0254265938251,0.0187317932631,85.4738338949,0.0134227621497,183.714869001,211.968519799,0.0172182527371,211.967138853,211.968595317,211.968645396,52.2154664218,211.968505517,0.0149921669143,211.968201871,0.0184973146137,211.968291923,211.962441422,0.0150966093248,0.009844191815,103.520604358
2011-04-17 20:00:00,110.385817331,0.0149996531088,261.689244964,215.037900026,171.694524319,0.00390861630128,211.968566687,211.968568472,211.968535498,211.968708535,0.0254219321502,0.0187332589798,85.4738339092,0.0134236129817,183.714868926,211.96852024,0.0172183527918,211.967138485,211.96859549,211.968652581,52.2154601642,211.968445663,0.0149922186,211.96820356,0.0184974891914,211.968310397,211.962442094,0.0150441764412,0.00964810849636,103.520143491
2011-04-17 21:00:00,110.385816131,0.0149994137283,261.689243929,215.037894112,171.694524668,0.00390661690143,211.968567022,211.968567094,211.968535551,211.968708247,0.0254167246019,0.0187338487063,85.4738332805,0.0134222228511,183.714868649,211.96852054,0.0172181240681,211.967137888,211.968594439,211.968637426,52.2154641293,211.968283635,0.0149922170563,211.968202741,0.0184975531519,211.968310377,211.962442293,0.0150268268703,0.00895508103395,103.519752809
2011-04-17 22:00:00,110.385815478,0.0149991814032,261.689242388,215.037887505,171.694524245,0.00390462946445,211.968566124,211.968565158,211.968535386,211.968706158,0.0254052708626,0.0187338431042,85.4738341373,0.0134196526105,183.714868454,211.968520806,0.0172177592064,211.96713697,211.968593765,211.968607496,52.2154661447,211.968049613,0.0149921833023,211.968204701,0.0184975738733,211.968307624,211.962442508,0.0150217060963,0.00877680173912,103.519704337
2011-04-17 23:00:00,110.385814143,0.0149990284015,261.689241196,215.037881562,171.694524335,0.00390275840738,211.968565692,211.968565436,211.968535653,211.968703596,0.0253932819771,0.0187336340172,85.4738341591,0.0134190727155,183.714868233,211.968520843,0.0172173309356,211.967135503,211.968593553,211.968594983,52.2154685367,211.968060147,0.0149921522641,211.968204219,0.018497594791,211.968300447,211.962442045,0.0150206269745,0.00875129998384,103.519683176
2011-04-18 00:00:00,110.38581325,0.0149990431217,261.689242567,215.037875099,171.694522832,0.00390099615816,211.968567717,211.968565327,211.96853394,211.968701531,0.0253845542675,0.0187333423622,85.473834159,0.0134172315464,183.714867854,211.968520732,0.0172167651257,211.967133712,211.968593433,211.968590815,52.2154704455,171.694937738,0.0149921146875,211.968203467,0.0184975965304,211.968304601,211.962441692,0.0150127921177,0.00873668692268,103.519705935
2011-04-18 01:00:00,110.385812358,0.0149990545791,261.689242054,215.037868205,171.69452246,0.00389922496646,211.968567139,211.968563948,211.968535142,211.968701111,0.0253331909025,0.0187332412631,85.4738342749,0.0134163729745,183.714867326,211.968520609,0.0172162031227,211.967132131,211.968593662,211.968582046,52.2154716619,171.694896195,0.0149920720157,211.968202319,0.0184976386986,211.968300162,211.962441266,0.0150226391601,0.00882504366272,103.519701687
2011-04-18 02:00:00,110.385813942,0.0149990282136,261.689241583,215.037863549,171.69452346,0.00389742699208,211.968566675,211.968563242,211.968535383,211.968700366,0.0252362886239,0.0187331157303,85.4738344972,0.0134151477479,183.714866585,211.96852065,0.0172158071321,211.967130365,211.968594311,211.968576725,52.2154734735,211.968338274,0.014992026396,211.968201342,0.0184976695167,211.968300104,211.962440914,0.0150385919838,0.0091944990366,103.519849696
2011-04-18 03:00:00,110.385817428,0.0149991765796,261.689242489,215.037858467,171.694524408,0.00389577870709,211.968567131,211.968564412,211.968534996,211.968703122,0.02535039577,0.0187329472145,85.4738350208,0.0134138476091,183.714865901,211.968520848,0.0172154658791,211.967129125,211.968596279,211.968573933,52.2154816875,211.968520556,0.0149919910886,211.968200298,0.0184977719999,211.968298936,211.962440512,0.0150638973577,0.00986407972231,103.520774317
2011-04-18 04:00:00,110.38581918,0.0149993041361,261.68924437,215.037849132,171.694525033,0.00389443016758,211.968568193,211.968567548,211.968535689,211.968707177,0.0253642254256,0.0187327710582,85.4738351692,0.0134118201632,183.714864527,211.96852026,0.0172147172355,211.967127368,211.968599689,211.968574139,52.2155235951,211.96855071,0.0149919647299,211.968197779,0.0184978331308,211.968305567,211.962440144,0.0150804079413,0.00999526539232,103.520870238
2011-04-18 05:00:00,110.385817258,0.0149990508341,261.689246378,215.037783585,171.694525099,0.00389302593854,211.968568254,211.968569294,211.968531922,211.968680388,0.0253267453579,0.0187325286054,85.4738356366,0.0134014809894,183.714845366,211.968517238,0.0172066659153,211.967106161,211.968609825,211.968579727,52.2155261038,211.968563163,0.0149917042424,211.968185295,0.0184978120183,211.968300673,211.962432358,0.0150200740308,0.0103154550696,103.520892204
2011-04-18 06:00:00,110.385745433,0.0149986204421,261.689246249,0.0103066290975,171.694523494,0.00389145054997,211.968561945,211.968570321,92.206508708,211.968530668,0.0205341091887,0.0187323275688,85.4738323498,0.0102572373838,148.808997113,211.968270307,0.0100720270708,0.010072429548,211.968594115,211.968641722,52.2158159321,211.968569976,0.0149826615119,211.962783918,0.0184976246966,211.968236183,171.689583034,0.0150042754473,0.010044707083,103.520841782
2011-04-18 07:00:00,0.0136646589063,0.0149979608453,261.689232408,0.0100899665012,74.6873575767,0.00388966508444,211.968345998,211.968569947,92.2063209577,171.694680283,0.0203327174119,0.0187262940736,85.4738063872,0.0100669728203,148.808985808,0.0150125240539,0.0100425377177,0.0100397324565,211.968582607,211.968620202,52.2155121632,211.96857236,0.0100146149058,0.0102795931,0.0184925051479,158.976514413,171.689558834,0.0149947417266,0.00994597979659,103.519716391
2011-04-18 08:00:00,0.01360208434,0.0149974987504,113.834923712,0.0100279373665,74.6871246076,0.00388784818227,92.2063552044,211.968568464,92.2063026244,171.694664431,0.0202880767934,0.0151743287041,64.1054277449,0.0100250285335,0.0100570680318,0.0150036093339,0.0100167800165,0.0100066684461,171.694556746,211.968537086,52.2154970917,211.968572789,0.0100126019382,0.0102326774979,0.0149818296381,158.976158185,92.2035736488,0.0149865805278,0.00989917816518,77.640734667
2011-04-18 09:00:00,0.0100083124491,0.0149970608433,113.834825511,0.0100105908139,74.6871220681,0.00388591641902,92.2063236188,211.96855509,0.019993240776,171.694658935,0.0202741424237,0.0151688701206,64.105381272,0.010007903288,0.0100060161093,0.0100689385408,0.0100041396323,0.0100030595712,158.976424986,92.2065618764,52.2154881886,211.968570602,0.0100012255117,0.0100360231679,0.0149805466776,158.975880972,0.0100120315971,0.0149785565608,0.0098880181102,0.0202528519647
2011-04-18 10:00:00,0.0100042907437,0.0149968591548,113.834818852,0.0100094599905,74.6870887916,0.00388410464412,0.0150053707521,92.2063318654,0.0150178975774,171.694656902,0.0202686953266,0.0151635673872,64.1052994011,0.0100055018181,0.0100072104485,0.0100071206058,0.0100028356834,0.010002641531,92.2063386051,92.2063631671,52.215485036,211.968568302,0.010000568988,0.010020790301,0.0139609571318,0.0203709429562,0.0100103805145,0.0149755584981,0.00988579079451,0.0150583058577
2011-04-18 11:00:00,0.0100040599495,0.0149970042572,113.834803376,0.0100116981677,0.0150372198203,0.00388228949142,0.0149961764704,92.2063285004,0.0150768943576,171.694655584,0.0202659997606,0.0151481942567,64.10534478,0.0100061973696,79.9159152707,0.0100062470144,0.0100030951985,0.0100055954847,92.2063379045,0.0154512699084,52.2154856329,211.968567188,0.0100005924562,0.0100155547147,0.01000154034,0.0153178554496,0.0100970322405,0.0149776897609,0.00988291604112,0.015020521298
2011-04-18 12:00:00,0.0100057978238,0.0149974458865,113.83481835,0.0100151943159,0.0150179825816,0.00388040754805,0.0149994569594,92.2063283909,0.0200429427131,171.694658215,0.0202676017678,0.0151504974027,64.1053774546,0.0100117140256,148.808983012,0.0100156986131,0.0100067203161,0.0100217810699,92.2063382274,0.0150311455503,52.2154892292,211.96856618,0.0100009951084,0.0100257851429,0.0100017418998,158.975751902,171.689549603,0.0149848090755,0.00987756689435,0.0150303338514
2011-04-18 13:00:00,0.0101129520927,0.0149976952368,113.834820272,0.0100250425864,0.0200217183657,0.00387860168557,0.0199626910833,92.2063286308,92.2063163228,171.69466425,0.0202736854717,0.0151598187029,64.105392427,0.0100323939318,148.808992977,0.0149973731929,0.0100365803063,0.0100305392213,92.2063406734,0.0150078423449,52.2154821898,211.968566732,0.0100083144789,0.0101469426253,0.0149471850322,158.976025602,171.689573631,0.0149925568919,0.00987414851893,0.0164845692914
2011-04-18 14:00:00,0.0136458801852,0.0149983941878,113.834822926,0.0100862153973,74.6871201843,0.0038767700457,92.2063414665,92.2063358163,92.2063277915,211.968524847,0.0202890221472,0.0151574568502,64.1071623748,0.0100664106148,148.809014976,0.0150085933508,0.0100471967308,0.0100489579429,171.694541864,0.0150194769037,52.2154854449,211.968568541,0.010013776074,0.0102631004854,0.014980687148,158.976162585,171.689598373,0.0150019412597,0.00986038765441,77.6408449033
2011-04-18 15:00:00,0.0142778194903,0.0149993479596,113.834845383,0.0102214775216,74.6871236862,0.00387495932739,92.206358483,211.968545892,211.968535714,211.96869806,0.020359498101,0.0151695281204,85.4738111423,0.0101503310719,183.714948118,0.0150368492805,0.0101699518277,0.0108534051908,211.968553537,92.2063630525,52.2154903154,211.968572645,0.0100183961471,0.0103661517189,0.014982069455,158.976314341,211.962275049,0.0152896674407,0.00991013946536,103.519693513
2011-04-18 16:00:00,110.385798751,0.0150029395289,113.835021364,0.0163817583291,74.6871882498,0.00387314728345,211.968482517,211.968558369,211.968549606,211.968717892,0.0250099302315,0.0151782960454,85.4738292738,0.0145752373334,183.714963664,211.968516784,0.0348992069376,92.2059808494,211.968591687,92.2091024635,52.215522065,211.968574535,147.151976958,211.968413636,0.0149909075311,211.968275024,211.962512538,92.2063389761,0.0100047065158,211.968337102
2011-04-18 17:00:00,110.385822927,0.0150073190957,211.968539789,0.0164598435568,171.69452961,0.00387140539195,211.968557059,211.968567621,211.968553385,211.968721069,0.0250199678436,166.01662566,85.4738335836,0.014630200652,183.714967323,211.968529255,0.0349075587567,92.2059924775,211.968594307,211.968552868,52.2155748462,211.968573987,147.151981578,211.96847455,177.624674687,211.96847881,211.962524687,92.2064035951,0.0103530363935,211.968610141
2011-04-18 18:00:00,110.385827852,0.0150046856502,211.96855316,0.0164739952984,171.694533013,0.00386956391179,211.968562812,211.968568745,211.968555155,211.968722243,0.0250240692019,166.017179961,85.47383493,0.0146405532402,183.71496863,211.968531272,0.0349097597583,92.2059952402,211.968596316,211.96861575,52.2163653352,211.968573447,147.151982174,211.968487273,177.624678777,211.968530933,211.962528254,92.2065496113,0.0102415785948,211.968462968
2011-04-18 19:00:00,110.385827341,0.0150031039879,211.968549726,0.0164768754704,171.694533024,0.00386802528227,211.96856532,211.968568349,211.968554248,211.968722418,0.0250179205265,166.017189861,85.4738353766,0.0146421742056,183.714968516,211.968531742,0.0349102345167,92.2059958809,211.968595725,211.968652528,52.215479475,211.9685746,147.151982297,211.968489278,177.624679342,211.968553287,211.962528802,92.2066426073,0.00994513307925,211.968660656
2011-04-18 20:00:00,110.385827428,0.0150031448974,211.968542162,0.0164751435054,171.694533047,0.00386617031857,211.968566009,211.96856702,211.968552976,211.968722293,0.025008894349,166.017191792,85.4738350519,0.0146423533703,183.714967934,211.968531937,0.0349103220104,92.2059958751,211.968594043,211.968664896,52.2154627209,211.968571728,147.151982281,211.968489049,177.624679559,211.968562808,211.962528913,92.2065194871,0.00983845757555,211.968804706
2011-04-18 21:00:00,110.385825455,0.0150041131876,211.968521861,0.0164729599568,171.6945331,0.00386407522788,211.968566372,211.968564409,211.968551767,211.968721379,0.0249859302027,166.017192228,85.4738343419,0.0146403895492,183.71496737,211.968532057,0.0349103143851,92.2059954078,211.968593004,211.96865795,52.2154588807,211.968567605,147.151982231,211.968487674,177.624679619,211.968569753,211.962528551,92.2064387657,0.00969780558676,211.968868512
2011-04-18 22:00:00,110.385824399,0.0150053600796,171.694622068,0.0164697051192,171.694532422,0.00386219133646,211.968565268,211.968562089,211.968550237,211.968719742,0.0247721544054,166.017190599,85.4738343643,0.0146376196326,183.71496676,211.968532234,0.0349099230841,92.2059941883,211.96859205,211.968645428,52.2154566884,211.968564573,147.151982156,211.968486606,177.62467962,211.968562532,211.962528027,92.2064132832,0.00952921053922,211.968899582
2011-04-18 23:00:00,110.385822558,0.0150076731454,171.694539886,0.0164666010988,171.694532088,0.00386027233114,211.968564841,211.968564135,211.96854916,211.968717919,0.0204129725194,166.017187507,85.4738342053,0.0146369704259,183.714966228,211.968532219,0.034909428887,92.2059928005,211.968591346,211.96863011,52.2154554289,211.968561928,147.151982084,211.96848494,177.624679592,211.968582182,211.962527176,92.2064073491,0.00946585119679,211.968910748
2011-04-19 00:00:00,110.3858222,0.0150120224861,171.694548342,0.0164639934616,171.694531212,0.00385842041521,211.968566804,211.968565536,211.968548788,211.968716494,0.0203417175479,166.017186548,85.4738342904,0.0146350093811,183.714966643,211.968532114,0.0349086587734,92.2059915018,211.968590694,211.968594671,52.2154513016,211.968562762,147.151981978,211.968487783,177.624679643,211.968599059,211.96252625,92.2064033699,0.00941141904575,211.968900635
2011-04-19 01:00:00,110.385821313,0.0150108839451,171.694542112,0.0164610809085,171.694529772,0.00385666559253,211.968564811,211.96856484,211.968547905,211.968715387,0.0203271125007,166.017183486,85.4738342727,0.0146336753647,183.714966133,211.968531913,0.034908078083,92.2059901711,211.968589178,211.96858384,52.2154531099,211.968560462,147.151981926,211.968486749,177.624679727,211.968594459,211.962525257,92.206425386,0.0097003673194,211.968876833
2011-04-19 02:00:00,110.38582217,0.0150094124729,211.968467857,0.0164574477214,171.694528941,0.0038549440898,211.968565017,211.96856511,211.968547457,211.968714541,0.0203236543667,166.017180862,85.4738339436,0.0146320195894,183.714965374,211.968531906,0.0349075477147,92.2059890078,211.968588706,211.96857696,52.2154579296,211.968558298,147.151981869,211.968485037,177.624679761,211.968616209,211.962524092,92.2064041938,0.00981347385234,211.968844823
2011-04-19 03:00:00,110.385824786,0.0150191307405,211.968551408,0.0164539313179,171.69453048,0.00385328729446,211.968565987,211.968566931,211.968547448,211.96871451,0.0203377003524,166.01718156,85.4738343105,0.0146300985196,183.714964658,211.968531997,0.0349069156651,92.2059879076,211.968591373,211.96857554,52.2155141794,211.968559148,147.151981807,211.968483741,177.624679823,211.968630534,211.962522272,92.2063896618,0.00995000887986,211.968856604
2011-04-19 04:00:00,110.385826266,0.0150152656377,211.968563424,0.0164474859071,171.694531167,0.00385182201908,211.968566966,211.968569015,211.968547879,211.96871556,0.020499201779,166.017185703,85.4738350399,0.0146264400038,183.714962949,211.968531303,0.0349058950648,92.2059858809,211.968592749,211.968579392,97.2283263496,211.968561932,147.151981721,211.968480163,177.624679882,211.968640664,211.962519063,92.2063341457,0.0103750537355,211.968831084
2011-04-19 05:00:00,110.385823332,0.0150105054714,261.689153411,0.0164064320386,171.69453109,0.00385044458767,211.968567566,211.968570289,211.968545289,211.968703563,0.0203146096134,166.017189077,85.4738357721,0.0146086089429,183.714948176,211.968527819,0.0348970226471,92.2059671396,211.968593323,211.968599601,97.2283292537,211.968567418,147.15198134,211.968466479,177.624679874,211.968647758,211.962494609,92.2039104436,0.0101534063007,211.968493474
2011-04-19 06:00:00,110.385753317,0.0150216096621,261.689196655,0.0103421357598,171.694526691,0.00384883102692,211.968562811,211.968570743,211.968462732,211.968539232,0.020034002005,166.017194015,85.4738332984,0.0103159906748,0.0168707102516,211.967919704,0.0100830939771,0.0101163662965,211.968584954,211.968634823,52.2155578426,211.968572311,147.151923144,211.966315103,177.624679741,211.968575751,0.0102003967441,0.0154655649135,0.00999855808608,103.519679536
2011-04-19 07:00:00,0.0110780649846,0.0150034694678,211.968549693,0.010157412819,74.6871660927,0.00384714464062,211.968510194,211.96857031,92.2063155483,211.966321915,0.0200091220058,166.017194828,85.47381876,0.0100822509428,0.0167506608265,0.0149547435092,0.010040097512,0.0100905674992,92.206401342,211.968634904,52.2154609569,211.968569278,0.0100108632811,0.0103419901932,177.624678009,211.968145875,0.0100940396645,0.0150073319224,0.00994829205977,103.518498122
2011-04-19 08:00:00,0.0110259847354,0.0150008348511,171.694529744,0.0100330256914,74.6871324341,0.00384535943813,171.694512521,211.968569922,92.2062879905,171.694679585,0.0199965913315,166.017190766,85.473446952,0.0100350410619,0.0167428539669,0.0149460921031,0.0100165525449,0.01000931262,92.206340093,211.968559602,52.2154448966,211.968564597,0.0100088275029,0.0102965164241,143.875990596,158.976594363,0.0100330886027,0.0149969331485,0.00991432730523,103.517255475
2011-04-19 09:00:00,0.0100104535011,0.0150003245023,113.834846682,0.0100100654932,74.6871243092,0.00384348609209,158.976539333,211.968568483,0.0199304708764,171.694662678,0.0199914973717,166.017163935,64.1054289791,0.0100093909376,0.0167280182621,0.0100574721495,0.010003692173,0.0100039334517,92.2063376147,211.968509219,52.215437643,211.968552168,0.0100010676313,0.0100442165163,143.875989299,158.976523296,0.0100078409857,0.0149923936043,0.00991764163659,0.0151038880602
2011-04-19 10:00:00,0.010004868804,0.0150006810432,113.834825283,0.0100072830971,74.6871227862,0.00384159600141,92.2063485492,211.968565185,0.0149978840545,171.694659266,0.0199931609675,166.016679786,64.1054023202,0.0100057726242,0.0167182494021,0.0100068693125,0.0100024645127,0.0100034657204,92.2063296512,211.938453624,52.2154319193,211.968524402,0.0100005068595,0.0100242587006,143.875985805,158.976498875,0.0100055552311,0.0149929624678,0.00991454675141,0.0150220630242
2011-04-19 11:00:00,0.0100046161155,0.01500235302,113.834825193,0.0100078080393,74.6871215967,0.00383977685281,92.2063450672,211.968562602,0.0149979473347,171.694656837,0.0199969672517,134.473953669,64.1054013592,0.0100052957584,0.0167396328634,0.0100057580194,0.0100026935667,0.0100051973379,92.2062227743,92.2069204892,52.2154254215,211.968454842,0.0100004733338,0.0100185697101,0.0150182350572,158.976491526,0.0100061231377,0.0149959413361,0.00991586561817,0.0150045307702
2011-04-19 12:00:00,0.0100065356827,0.0150322259577,113.834826372,0.0100137931253,74.6871214288,0.00383805890943,92.2063505469,211.968564801,0.019982186594,171.694657004,0.0200040056279,134.473935102,64.1054154464,0.0100083376969,0.0167443606071,0.0100122866825,0.0100055346767,0.0100115094916,92.2063368893,158.976832235,52.2154358208,211.96854266,0.0100007918942,0.0100282562797,133.218543298,158.976491171,0.0100119122085,0.0150167837972,0.00991381715476,0.0150784485001
2011-04-19 13:00:00,0.0100872505573,92.2063136198,171.693761775,0.0101112580725,74.6871225322,0.00383621506287,158.976223253,211.968562316,92.2062596045,171.694663529,0.020026532916,134.47393436,64.105460175,0.0100344095222,0.0167483994571,0.0149381554599,0.0100323076018,0.0100920948604,92.206338553,158.976998169,52.2154309327,211.968529798,0.0100029903003,0.0102278484063,143.875987232,158.9765259,0.0100764200359,0.0151171169144,0.00992697407733,0.0201952058575
2011-04-19 14:00:00,0.0110557193808,92.2063535721,171.694543181,0.0101757761147,74.6871245168,0.00383438775602,171.694506255,211.968564018,92.2063051538,211.961877278,0.0200531707792,134.47393814,85.4737852099,0.0100796463916,0.0198316490379,0.0149507362046,0.0100421877245,0.0101080980472,92.206367189,211.968203371,52.2154290855,211.968545933,0.0100097487187,0.0103251663034,143.875989031,158.976585721,0.0100993830348,92.2062821481,0.00992016883724,103.518533531
2011-04-19 15:00:00,0.0112359364269,211.968547703,261.689030098,0.0104894148254,74.6871342142,0.00383261807936,171.694527102,211.968567523,92.2063264021,211.968649772,0.0203804602123,134.473943359,85.4738201961,0.0101849559419,0.0206712025615,0.0149784669763,0.0101192375928,0.011515243981,211.968549326,211.96852554,52.2154301947,211.968559678,0.0100138814099,0.010420947542,143.875989889,158.97701296,0.0103465525313,211.968304318,0.00999546279325,103.51989156
2011-04-19 16:00:00,110.385796131,211.968554953,261.689238686,0.0186243683834,171.694515759,0.00383095699114,211.968557614,211.96856969,211.96853186,211.968710763,0.0258491354197,166.016603224,85.4738302247,0.0150230490008,0.0206744716309,211.968512745,0.0153326322787,92.2061608645,211.968592714,211.96856799,52.2154336375,211.968564532,147.152037453,211.968423491,143.875991947,211.968515758,92.2038447828,211.968570477,0.0102990642106,237.975980576
2011-04-19 17:00:00,110.385821764,211.968556215,261.689245487,0.0186914350483,171.694533005,0.00382921182128,211.96860025,211.968570143,211.968542504,211.968712473,0.0258643784403,166.016945765,85.4738333669,0.0150782593462,0.0206757406536,211.96852645,0.0153403548256,92.2061718535,211.968597204,211.968640912,52.2154369022,211.968563883,147.15204246,211.968484571,177.624679881,211.968682088,92.2038676941,211.968611499,0.0109238648512,237.976167595
2011-04-19 18:00:00,110.385826977,211.968557421,261.689247805,0.0187048530143,171.694534624,0.00382741790103,211.968603848,211.968570386,211.968545548,211.968712079,0.0258776828638,166.017200266,85.4738345157,0.015088887515,0.0206755311892,211.968528571,0.0153425518304,92.2061745339,211.968599083,211.968657779,52.2154489754,211.968549152,147.152043053,211.968496469,177.624681262,211.968746329,92.203872714,211.968643057,0.0111019710835,237.976222872
2011-04-19 19:00:00,110.385826651,211.968557511,261.689248808,0.0187078779848,171.69453478,0.0038257617579,211.968606191,211.968570273,211.968546165,211.968711487,0.025871946628,166.017203251,85.47383478,0.0150907519459,0.0206745625324,211.968529202,0.0153428825237,92.2061751415,211.968599929,211.968664407,52.2154348435,211.968553715,147.152043185,211.968498619,177.624681535,211.968741276,92.203874026,211.968636881,0.0101625986769,237.976232815
2011-04-19 20:00:00,110.385826815,211.96855746,261.689246643,0.0187063815835,171.694535018,0.00382381753714,211.96860652,211.968569756,211.968546344,211.968710129,0.0258678886345,166.017203181,85.4738344905,0.0150909202081,0.0206727241081,211.968529508,0.0153428972872,92.206175186,211.968598336,211.968669739,52.2154286009,211.96855134,147.152043156,211.968497703,177.624681561,211.968752772,92.2038744303,211.96862127,0.00999815853074,237.976232214
2011-04-19 21:00:00,110.385824774,211.9685563,261.689244925,0.0187043403418,171.694535027,0.00382179063314,211.968606054,211.968568813,211.968546408,211.968707835,0.0258638879059,166.017202471,85.4738337124,0.0150889309956,0.0206705003343,211.968529685,0.0153429648522,92.2061744731,211.968595859,211.968661113,52.2154245509,211.968544538,147.152043096,211.968497248,177.624681561,211.968742811,92.2038745161,211.968616845,0.00989906631275,237.976232402
2011-04-19 22:00:00,110.38582424,211.968554873,261.689243126,0.0187011134876,171.694534602,0.00381988704183,211.968604797,211.968567782,211.968546274,211.968704238,0.0258599213836,166.0172009,85.4738335532,0.015086123773,0.0206674788474,211.968529854,0.0153426547742,92.2061732903,211.968594888,211.968647769,52.2154216226,211.968540492,147.152043006,211.968495141,177.624681516,211.968725063,92.2038740848,211.968615434,0.00989287370008,237.976230968
2011-04-19 23:00:00,110.385822839,211.968552842,261.68924199,0.0186975167322,171.694534523,0.00381800611913,211.968604512,211.968567786,211.968546341,211.968699974,0.0258558512871,166.01719895,85.4738336634,0.0150847094359,0.0206641439908,211.968529811,0.015342270786,92.2061719501,211.968594737,211.968633559,52.2154192651,211.968541837,147.152042917,211.968494501,177.624681485,211.968743242,92.2038734028,211.96861101,0.00985147378153,237.976227542
2011-04-20 00:00:00,110.385821011,211.968550714,261.68924151,0.0186951002493,171.694534191,0.00381619668202,211.968599673,211.968567271,211.968546007,211.968694118,0.025851527123,166.017197447,85.4738334269,0.0150834261804,0.0206603082304,211.968529583,0.0153416464702,92.2061704964,211.968594499,211.968609835,52.2154188833,211.968558304,147.15204284,211.968496494,177.624681457,211.968720974,92.2038727318,211.968610065,0.00983161185563,237.976216886
2011-04-20 01:00:00,110.385820694,211.968547929,261.689242048,0.0186918128114,171.694533715,0.00381444130831,211.968602721,211.968566372,211.968546283,211.968688899,0.0258473079489,166.017195928,85.4738334285,0.0150822988488,0.0206578021629,211.968529516,0.0153411306185,92.2061694515,211.968595001,211.968591974,52.2154183201,211.96856215,147.152042758,211.968495486,177.62468144,211.968747902,92.2038720585,211.96860912,0.00987598381366,237.976210983
2011-04-20 02:00:00,110.385821346,211.968545128,261.689242798,0.0186887463597,171.694533588,0.0038127096002,211.968604489,211.968565388,211.968546675,211.968682938,0.0258438204877,166.017195205,85.4738327998,0.0150805200478,0.0206565569687,211.968529576,0.015340737898,92.2061681216,211.968596178,211.968583001,52.2154189027,211.968564486,147.152042676,211.968493667,177.624681397,211.96874293,92.203871216,211.968607241,0.009938638224,237.976205019
2011-04-20 03:00:00,110.385822968,211.968545547,261.689243944,0.0186848230777,171.694533901,0.00381107194056,211.968605886,211.96856639,211.968546766,211.968676524,0.0258451019293,166.017194218,85.4738334501,0.0150776713041,0.020653594151,211.968529733,0.0153402701437,92.2061670526,211.968599433,211.968584047,52.2154240019,211.968566848,147.152042602,211.968488869,177.624681412,211.968746314,92.2038700538,211.968630798,0.0101430827049,237.976237757
2011-04-20 04:00:00,110.385824033,211.968542435,261.689245836,0.0186790453139,171.694534203,0.00380954936507,211.968607119,211.968568691,211.96854753,211.968663711,0.02584093164,166.017195114,85.4738340545,0.0150745866304,0.0206487986976,211.968529126,0.0153392557752,92.2061649157,211.968603108,211.968589518,52.2154403525,211.968570514,147.152042516,211.96848885,177.624681385,211.96875731,92.2038676323,211.968656379,0.0112810057968,237.976257957
2011-04-20 05:00:00,110.385820318,211.96851196,261.689250116,0.0186444682976,171.69453425,0.00380816600546,211.968607587,211.968570402,211.968545236,211.968548145,0.0256484786648,166.017195966,85.4738341094,0.0150580487155,0.0199990453697,211.968525947,0.0153301065898,92.2061433045,211.968614127,211.968611436,52.2154545758,211.968576987,147.152042162,211.968474134,177.624681227,211.968778546,92.2038479245,211.968622111,0.0109818850382,237.976188467
2011-04-20 06:00:00,110.385728106,211.968377228,261.689246749,0.0109218581033,171.694533245,0.0038065035948,211.96860199,211.968571433,211.968488023,0.0103681140331,0.0200027018291,166.017198262,85.4738287231,0.0103714370084,0.0100343572535,211.968246295,0.0100509274785,0.0100528883513,211.968596402,211.968649682,52.2154412836,211.96858398,147.152009153,211.967015613,177.62468072,211.968686215,0.0101462141729,211.968509875,0.0101010062932,211.96927994
2011-04-20 07:00:00,0.0101507871073,92.2065577735,261.689238968,0.0105854190961,171.694512124,0.00380486125573,211.968549056,211.968571093,92.2064052942,0.0100660460132,0.0163360604401,166.017197988,85.4737754069,0.010111608626,0.0100229418184,0.0151806579419,0.0100263564385,0.010027099126,211.968586396,211.96865584,52.2154453683,211.968583393,0.0100138078698,0.0105132968629,177.624676191,211.96834105,0.0100575011476,211.96809954,0.0100218470659,178.482053249
2011-04-20 08:00:00,0.0100921323458,92.2063524453,211.96855874,0.0103235627832,74.6871276111,0.00380305574301,171.694461894,211.968570812,92.2063263623,0.0100098144493,0.0162902572265,166.017193656,64.1053712961,0.010054226897,0.0100059923448,0.0151724238326,0.0100107644813,0.0100067095496,171.694568751,211.968626222,52.2154421981,211.968582902,0.0100116626039,0.0104702909995,50.6946961029,158.97671168,0.0100211893571,171.694868414,0.00998010265879,178.481302442
2011-04-20 09:00:00,0.0100060464192,92.2063357054,211.968277131,0.0100159599002,74.6871229892,0.00380118262763,171.694396694,211.968570164,92.2063156404,0.0100031431404,0.0162576825025,166.016651502,64.1053205211,0.0100120945635,0.0100024516681,0.011260130259,0.0100036092754,0.0100031283181,158.976459397,211.968561581,52.2154323195,211.96858067,0.0100011597248,0.010064095768,50.6946932961,158.976611323,0.0100063639771,171.694783526,0.0099790164243,103.519701488
2011-04-20 10:00:00,0.0100038429781,92.2063333227,113.834832785,0.0100097242345,74.687119427,0.00379923242181,92.2063502689,211.968569313,92.2060995367,0.0100023360556,0.0162655616444,134.473941812,0.010021132988,0.0100071914357,0.0100020828778,0.010007303849,0.0100025736943,0.0100025247123,92.206340344,211.968538473,52.2154244979,211.968578198,0.0100005517579,0.0100306449083,50.6946919166,158.976576542,0.0100048532298,171.69492486,0.00997759021824,103.519682459
2011-04-20 11:00:00,0.0100036444563,92.2063299574,113.834826606,0.0100101697913,0.015078804762,0.00379738723412,92.2063434588,211.968567931,92.2059930197,0.0100026509208,0.0162840025609,134.473934659,0.0100145366753,0.0100063583632,0.0100025035745,0.0100061739359,0.0100026532274,0.0100026986403,92.2063389957,211.968522644,52.2154205221,211.968576424,0.0100005012715,0.0100241074816,50.6946890594,158.976557835,0.0100050198354,211.967409584,0.00997513454615,103.519691374
2011-04-20 12:00:00,0.0100043099583,92.2063267982,113.834827092,0.0100214073206,0.0150923363833,0.00379554840224,92.2063444925,211.968567002,92.2063176467,0.010004883032,0.0162869327013,134.473933431,0.0100276272481,0.0100100264528,0.0100053622227,0.0100131799049,0.0100043514048,0.0100043859271,92.2063395856,211.968483433,52.2154340574,211.968574723,0.0100008423383,0.0100353230174,50.6946872231,158.976571257,0.0100071608706,211.968280751,0.00997964259294,103.520079499
2011-04-20 13:00:00,0.0100104797557,92.2063331485,113.834839225,0.0105034930086,74.6870910282,0.00379378873372,92.2063568378,211.968564888,92.2063600224,0.0100438710944,0.0162979433851,134.473933108,64.1052473076,0.0100530636128,0.0100212322561,0.0151606587592,0.0100171330072,0.0100174803827,92.2063981442,211.968490023,52.2154223202,211.968572146,0.0100061219324,0.0104179519114,0.0150094936885,158.976594724,0.0100316021428,211.968291084,0.00998313856879,178.482018882
2011-04-20 14:00:00,0.0101235513856,92.2065645666,211.968274203,0.010600741582,74.6871213343,0.00379189264283,171.694433058,211.968565665,92.2064077368,0.0100707202517,0.0199836246446,134.473933376,64.1053543217,0.0101108514725,0.0100331264734,0.0151760316186,0.0100289603671,0.0100355855287,171.6945629,211.968524916,52.2154263727,211.968570862,0.010012613806,0.0104958564325,50.6946908145,158.976639962,0.0100605510959,211.968414543,0.0100376525465,211.968539036
2011-04-20 15:00:00,0.0102126007307,211.968524738,211.96852577,0.0111666243326,74.6871246954,0.00379008089509,171.694461611,211.968568101,211.968530496,92.2067170383,0.0200026564933,134.473931397,85.4732424889,0.0102537038794,79.9159948799,0.0152019962906,0.010089343793,0.0101989988412,211.968560578,211.968547626,52.2154407189,211.968573142,0.0100165869331,0.010595292598,50.6946927454,158.980623457,0.01022818413,211.968551808,0.0101215420609,237.976196415
2011-04-20 16:00:00,110.385779335,211.968545725,261.68922924,0.0172947382163,74.6872288394,0.00378832478497,211.968537661,211.968570033,211.968549547,211.968488116,0.0201035758868,134.473935541,85.473816974,0.0172448693748,183.714910884,211.968499246,0.0348748626907,92.2057672251,211.968594538,211.968582819,52.2156054734,211.968574658,147.152024582,211.968383563,50.6946938366,211.968511889,211.961748246,211.968609208,0.0107299635645,237.976295152
2011-04-20 17:00:00,110.385815729,211.968550701,261.689240165,0.0173533476685,171.69452701,0.0037865847962,211.968591837,211.968570358,211.968554026,211.968497028,0.0201136363886,166.016700009,85.4738297464,0.0172914613313,183.714916963,211.968511667,0.0348837005343,92.2057794351,211.968605574,211.968638984,97.228195539,211.968574218,147.152030485,211.968441012,62.586040281,211.968738627,211.961770409,211.968623562,0.0115799734822,237.976350884
2011-04-20 18:00:00,110.385821496,211.968553797,261.689241336,0.0173673553885,171.694531244,0.0037848710722,211.968600833,211.96857112,211.968556182,211.968499948,0.0201154366782,166.017193066,85.473832048,0.0173016944745,183.714918949,211.968513792,0.0348860608763,92.2057826077,211.968608532,211.968657625,97.2282685545,211.968573888,147.152031126,211.968452802,62.5860424213,211.968793223,211.961775399,211.96863869,0.0116450680239,237.976395521
2011-04-20 19:00:00,110.385822437,211.968554911,261.689241892,0.0173703058404,171.694531413,0.00378313803829,211.968603671,211.96857087,211.968556401,211.968501219,0.0201112063934,166.017195907,85.4738327565,0.0173037896255,183.714918887,211.968514196,0.0348866501316,92.205783243,211.968607997,211.968665373,52.2164407218,211.968574008,147.152031243,211.968455313,62.5860427341,211.968800731,211.961776432,211.968603794,0.0104181362461,237.976354872
2011-04-20 20:00:00,110.385821671,211.968555885,261.689240631,0.0173687775025,171.694531734,0.00378120163099,211.96860447,211.968570265,211.968555868,211.968501644,0.0201055268079,166.017195249,85.4738327111,0.0173039399652,183.714918447,211.968514372,0.0348868320532,92.2057834905,211.968606073,211.968666854,52.2154333925,211.968571077,147.15203122,211.968454865,62.5860428102,211.968791964,211.961776681,211.96857545,0.0100866756079,237.976295094
2011-04-20 21:00:00,110.385820284,211.968555737,261.689239638,0.0173663870222,171.694531679,0.00377937843712,211.968604382,211.968569343,211.9685554,211.968501171,0.0200952224167,166.017194221,85.4738318328,0.0173022856468,183.714918156,211.968514628,0.0348869010665,92.2057826266,211.968602309,211.968657694,52.2154173756,211.968567382,147.152031149,211.968453563,62.5860428764,211.968770385,211.961776559,211.968560497,0.0100120149787,237.976267033
2011-04-20 22:00:00,110.385818242,211.968555235,261.689237867,0.0173623894665,171.694530885,0.00377731593422,211.968603517,211.968568173,211.968554661,211.968500296,0.020072377576,166.017192255,85.4738318318,0.0172994812501,183.71491786,211.968514848,0.034886536973,92.2057814865,211.96859778,211.968644388,52.2154130963,211.96856389,147.152031068,211.968452229,62.586042866,211.968757439,211.961776215,211.968556384,0.00994369360789,237.976256011
2011-04-20 23:00:00,110.385816255,211.968554782,261.689236444,0.0173595498704,171.69453062,0.00377542236816,211.968603121,211.968568086,211.968554208,211.968499433,0.0200472819528,166.017189771,85.4738321092,0.0172977141743,183.714917649,211.968514874,0.0348860480089,92.2057801518,211.968596714,211.968632557,52.215415129,211.968561552,147.152030986,211.968450354,62.586042824,211.968741617,211.961775571,211.968558179,0.00992992007851,237.976252149
2011-04-21 00:00:00,110.385815792,211.968553776,261.689234841,0.0173561145871,171.694530287,0.00377366741783,211.968600121,211.968568381,211.968553615,211.968498592,0.0200183601262,166.017186906,85.473831619,0.0172972657848,183.714917646,211.968514786,0.0348854046656,92.2057784542,211.968595986,211.968623876,52.2154213496,211.968561547,147.152030882,211.968449248,62.5860426696,211.968741974,211.961774789,211.968536172,0.00996027367673,237.976253893
2011-04-21 01:00:00,110.38581525,211.96855367,261.689234943,0.0173528232248,171.694529272,0.00377186062685,211.968600277,211.96856794,211.968553541,211.968497609,0.020015166395,166.017183779,85.4738315461,0.0172955861698,183.714917302,211.968514623,0.0348848159591,92.2057771706,211.968595938,211.96860695,52.2154239777,211.968560072,147.152030812,211.968447658,62.5860426614,211.968734519,211.961773887,211.96854488,0.00998275938937,237.976254422
2011-04-21 02:00:00,110.385816187,211.968553898,261.689235729,0.0173492459873,171.694528931,0.00377007692959,211.968600201,211.968567538,211.968553225,211.968496512,0.0200165808496,166.017180554,85.4738308107,0.0172933024523,183.714916869,211.968514555,0.0348843665531,92.2057757189,211.968596468,211.968596006,52.2154506137,211.968559684,147.152030726,211.968446476,62.5860427432,211.968743969,211.961772922,211.968550203,0.0100159665883,237.976264683
2011-04-21 03:00:00,110.385819443,211.968555662,261.689237323,0.0173449953793,171.694529775,0.00376838249386,211.968601713,211.96856804,211.968552479,211.968494977,0.0200249020578,166.01717823,85.473831352,0.0172898466868,183.714916216,211.968514604,0.0348836891201,92.2057747988,211.968600438,211.968592492,97.228267949,211.968561626,147.152030642,211.968444744,62.5860427617,211.968730717,211.961771243,211.968580991,0.0102519029362,237.976295721
2011-04-21 04:00:00,110.385821258,211.968556963,261.68923885,0.0173373157911,171.694530258,0.00376673925513,211.968602855,211.968569335,211.968552921,211.968491091,0.0200424496223,166.017175874,85.4738322546,0.0172859860674,183.714914628,211.968513968,0.0348826069805,92.2057729771,211.96860517,211.968595008,211.968452498,211.968563236,147.152030493,211.968444089,62.5860427577,211.968745981,211.961768009,211.968620672,0.0115362732912,237.976338645
2011-04-21 05:00:00,110.385818354,211.968555916,261.68924093,0.0172938609795,171.694530203,0.00376521450854,211.968603623,211.968570554,211.968549523,211.968086637,0.0200022717462,166.017174179,85.4738326127,0.0172653510592,183.71487825,211.968510674,0.0348728872642,92.2057501706,211.968609536,211.968608777,211.96834991,211.968567138,147.152029954,211.968429335,62.5860426906,211.96876705,211.961743628,211.968579025,0.0114101390767,237.97629268
2011-04-21 06:00:00,110.385750025,211.9685539,261.689239745,0.0103384518722,171.694529087,0.00376366026138,211.968600349,211.968571417,211.968532097,0.0100297032628,0.0199786572242,166.017173607,85.4738269109,0.0103048354867,0.0100389266085,211.967837293,0.0100527515286,0.0100418507808,211.968595155,211.968648227,211.968312296,211.968570799,147.151330723,211.965456809,62.5860425291,211.968688584,0.0101873500867,211.968493409,0.0101830184863,237.97614517
2011-04-21 07:00:00,0.0108702223673,211.968548737,261.689229936,0.0101486343693,171.694473039,0.0037620361032,211.968557809,211.968570881,158.976299652,0.0100137730424,0.0161899382953,166.017159596,85.4737796278,0.0100856940212,0.0100264894986,0.0182555780296,0.0100282250068,0.0100191199333,211.968565758,211.968647587,211.968499762,211.968571884,0.0149800810127,0.0105011910979,62.58604088,211.968382144,0.0101221079676,211.968267714,0.0100485446282,211.963554277
2011-04-21 08:00:00,0.0108147192178,211.968537082,211.968487265,0.0100372966565,74.6871269537,0.0037603230409,211.966732644,211.968570352,158.976259361,0.0100028925465,0.0153810846281,166.016711407,64.1053719465,0.0100414483657,0.0100046026458,0.0182474233207,0.0100119906329,0.0100050785949,171.694524555,211.96858241,97.324210078,211.968571345,0.0149777909836,0.0104574257531,50.6946951971,158.976701502,0.01003060097,171.694769543,0.00999925094986,178.482093216
2011-04-21 09:00:00,0.0100110656622,211.968513271,211.968187886,0.0100116247291,74.6871225365,0.00375846541573,171.694564677,211.968568421,92.2063198965,0.0100017063082,0.0100139778621,166.016573542,64.1053232637,0.0100113517927,0.0100023871896,0.0141533817461,0.0100038779295,0.0100027513932,92.2063460501,211.96852826,97.2282716361,211.968570202,0.01000175274,0.0100610522942,50.6946934316,158.976569496,0.0100075205511,92.206440986,0.00999144364747,103.519912122
2011-04-21 10:00:00,0.010004799203,211.968434883,113.834820859,0.0100078773981,74.6871202664,0.00375672694955,171.69455817,211.968560547,92.206313587,0.0100014820304,0.0100076974664,134.473561023,0.0100220920994,0.0100070398685,0.0100019810752,0.0100079407678,0.0100027992641,0.0100022232472,92.2063382902,171.695442271,97.228151869,211.968568348,0.0100006402243,0.0100290711741,50.6946925279,158.976524699,0.0100056122254,92.2064031288,0.00998506506949,103.519691428
2011-04-21 11:00:00,0.0100046553548,211.968394627,113.834819845,0.0100078885153,74.6871024364,0.00375487670688,158.976605711,211.968554651,92.2063134936,0.0100017317083,0.0100083155681,134.473550255,0.0100146857055,0.0100064045509,0.0100022807633,0.0100065839917,0.0100028987771,0.0100023336634,92.2063374579,92.2063887575,52.2154388405,211.968565674,0.0100006699855,0.0100210795375,50.6946902618,158.976503852,0.0100056798164,92.2064102114,0.00998310704781,103.519690781
2011-04-21 12:00:00,0.010007268704,211.968514772,113.83482179,0.0100123010942,0.0206078575517,0.00375302975449,92.2063663814,211.968554521,92.2063191279,0.0100030698721,0.0100344046494,134.473547114,0.0100180062055,0.0100097791083,0.0100051581086,0.0100176236299,0.0100048956364,0.0100034063264,92.2063383676,92.2063757528,52.2154247188,211.968564839,0.0100016384228,0.0100344434596,0.0150014403662,158.976515587,0.0100104135551,92.206972291,0.00998818364751,103.519846738
2011-04-21 13:00:00,0.0105391248348,211.968530506,113.834840349,0.010048525909,74.6870886748,0.00375121246142,92.2063614555,211.96854795,158.976167343,0.0100131148256,0.0161762850633,124.513237969,64.1052469809,0.0100325503306,0.0100274430235,0.0182411687312,0.0100197521837,0.0100098214505,92.2063397887,92.2063666336,52.2154088664,211.968563937,0.0149762861266,0.0104069546622,46.9401840337,158.976533623,0.0101135668472,171.694747447,0.0100024235775,178.482157089
2011-04-21 14:00:00,0.0108444986574,211.968546404,211.968256261,0.0101620930702,74.6871206436,0.00374942635267,171.69455472,211.968552778,158.976296229,0.0100273599455,0.01621401535,134.47354814,64.1053638786,0.010080723069,0.0100391018498,0.0182513473522,0.0100312269257,0.0100249521122,158.976457769,92.2063683376,52.2154116652,211.968565809,0.0149793115695,0.0104841137932,50.6946921328,158.976577443,0.0101328795469,211.968370297,0.0100660962486,178.483341621
2011-04-21 15:00:00,0.0109758667522,211.96855331,211.968586662,0.0109594531232,74.6871248682,0.00374765401503,171.694569054,211.968557145,211.968521914,0.017425098061,0.019994643458,134.473550989,85.4736082907,0.0101752624578,183.714194557,0.0182733362951,0.0100998965221,0.0100960600961,211.968536258,92.2063886411,52.2154174486,211.968569627,0.014985727992,0.0105823542504,50.6946931281,158.979335118,0.0106461241838,211.968554526,0.0102281729496,237.9761202
2011-04-21 16:00:00,110.385786322,211.968555712,261.689201996,0.0145351848567,171.694295342,0.00374599297855,211.968559523,211.968560204,211.968545212,211.968024101,0.020011772994,134.473558973,85.4738158768,0.014658646651,183.714873877,211.968479449,0.0349062982234,0.0135795968591,211.968562233,211.96834403,52.2154260334,211.968571524,0.0228079221423,211.968407936,50.6946941073,211.968492419,92.2035799246,211.968629549,0.0109683900851,237.976290269
2011-04-21 17:00:00,110.385815691,211.968556216,261.68921327,0.0145801828865,171.694527751,0.00374427664976,211.968594082,211.968566247,211.968548836,211.968032124,0.0200219608503,166.016678737,85.4738286397,0.0147062406789,183.714879777,211.968492384,0.0349150560913,0.0135897530343,211.968584474,211.968545149,52.2154303134,211.968570809,0.0228116454619,211.968464572,62.5860399375,211.968643136,92.2035971589,211.968643061,0.0116564966615,237.976361749
2011-04-21 18:00:00,110.385821325,211.968556811,261.689223239,0.0145933053181,171.694530239,0.00374254283487,211.968596198,211.968569379,211.968550782,211.968034601,0.0200264668502,166.016723531,85.473830991,0.0147169092737,183.714881135,211.968494535,0.0349174344998,0.0135925718877,211.968586349,211.968572002,52.215473884,211.968569433,0.0228122303859,211.968477293,62.5860425462,211.968629751,92.203601782,211.968653325,0.0117743579354,237.976409825
2011-04-21 19:00:00,110.385821025,211.968556673,261.689220593,0.0145960323753,171.694530276,0.00374080300016,211.968597552,211.968568978,211.968550898,211.968035713,0.0200244312672,166.016725994,85.4738317787,0.0147193720963,183.714881571,211.968495053,0.0349180069996,0.013593241784,211.968566433,211.968598888,52.2153992002,211.968569815,0.0228123346849,211.968479712,62.5860428642,211.968623958,92.2036028019,211.96864181,0.010947377975,237.976374641
2011-04-21 20:00:00,110.385820775,211.968556489,261.689215668,0.0145943319933,171.694530324,0.00373898764903,211.968597205,211.968566343,211.968550186,211.96803597,0.020022403127,166.01672557,85.4738318292,0.0147196883081,183.714881396,211.968495259,0.0349181853854,0.0135932430532,211.968561341,211.968619005,52.215383872,211.968567263,0.0228123076591,211.968480012,62.5860428882,211.968618929,92.203603019,211.968617843,0.0101721710064,237.97631074
2011-04-21 21:00:00,110.385819003,211.968555468,261.689211633,0.0145913910105,171.694530387,0.00373704584915,211.968596372,211.96856113,211.968549409,211.968035737,0.0200188517957,166.016724676,85.4738311386,0.0147180114468,183.714881201,211.968495404,0.0349182330415,0.0135924928442,211.968558196,211.968584803,52.215378997,211.968564125,0.0228122496919,211.968478337,62.5860429811,211.968586659,92.2036028732,211.968605251,0.0100521725817,237.97628085
2011-04-21 22:00:00,110.38581713,211.968554154,261.689200665,0.0145874004819,171.694529716,0.00373503793246,211.96859447,211.968558579,211.968548414,211.968034915,0.0200153447488,166.016722866,85.4738311559,0.014715322378,183.714881068,211.968495574,0.0349178912423,0.0135911509228,211.968555088,211.968559153,52.2153763126,211.968561321,0.0228121711221,211.968477071,62.5860429371,211.968565889,92.2036023839,211.968594821,0.0100324018632,237.976267645
2011-04-21 23:00:00,110.385815178,211.968553403,261.689181698,0.0145836829171,171.694529423,0.00373317847673,211.968592193,211.968558281,211.968547874,211.968034062,0.0200135521928,166.016721482,85.4738311841,0.01471350063,183.71488084,211.968495535,0.0349174020402,0.0135896787742,211.968553183,211.968548698,52.2153750986,211.968559206,0.02281209066,211.968475676,62.5860429307,211.968575978,92.2036017068,211.968587646,0.0100062892632,237.976259893
2011-04-22 00:00:00,110.385814078,211.968553213,261.689204403,0.0145800205658,171.694528549,0.00373135972144,211.96858907,211.968557833,211.968547484,211.968033241,0.0200125324261,166.016719546,85.473830692,0.014712434985,183.71488071,211.968495324,0.0349166392089,0.0135883184459,211.968558202,211.968546393,52.2153744861,211.968561255,0.0228120169371,211.968478232,62.5860430173,211.968544892,92.2036007924,211.968585106,0.00998949006322,237.97625542
2011-04-22 01:00:00,110.385812717,211.968553464,261.689200321,0.0145774285086,171.694527576,0.00372961387546,211.968587068,211.968557508,211.968547574,211.968032306,0.020012166855,166.016717528,85.4738302937,0.0147104634418,183.714880419,211.968495119,0.0349161561242,0.0135867782104,211.968556889,211.968538305,52.2153731318,211.968560472,0.0228119625347,211.968476655,62.5860430906,211.968546633,92.203599856,211.968580136,0.0100395035052,237.976255613
2011-04-22 02:00:00,110.38581298,211.968553616,261.689199335,0.0145733198639,171.694527446,0.00372784250207,211.968587385,211.968557457,211.968547384,211.968030843,0.0200116820843,166.016715953,85.4738294841,0.0147078132761,183.714879981,211.968494932,0.034915697848,0.0135853230144,211.968556402,211.968529776,52.2153713245,211.968560128,0.0228118550331,211.968474659,62.5860431107,211.968559191,92.2035984011,211.968574557,0.0100159258091,237.976263639
2011-04-22 03:00:00,110.385815075,211.968553717,261.689199806,0.0145690884309,171.694527949,0.00372610207434,211.96858954,211.96855735,211.96854683,211.968028647,0.0200096186815,166.016714669,85.4738292747,0.0147038027076,183.714878888,211.96849486,0.0349149999383,0.0135834524784,211.968555354,211.968518177,52.2153711955,211.96856076,0.0228117585639,211.968469974,62.5860432142,211.968564727,92.2035955852,211.968580851,0.0100669572983,237.976296513
2011-04-22 04:00:00,110.385816407,211.968553933,261.68919994,0.014559709279,171.694528179,0.00372444938161,211.968590835,211.9685579,211.968547022,211.968022934,0.0200072225789,166.016712912,85.4738269564,0.0146998555804,183.714876854,211.96849401,0.0349138201912,0.0135802357003,211.968552637,211.96850406,52.2153731139,211.968561244,0.0228116972176,211.968468644,62.5860432119,211.968543783,92.2035902402,211.968599101,0.0103302339638,237.976344166
2011-04-22 05:00:00,110.3858122,211.96855232,261.689198624,0.0145087924317,171.694527732,0.00372284735029,211.968590928,211.968559933,211.968543734,0.0104202236367,0.0199926987837,166.016709287,85.4738223598,0.014678498926,183.714851179,211.968490089,0.0349043299085,0.0135563064618,211.968551208,211.968458503,52.2153755781,211.968564268,0.0228115548068,211.968453494,62.5860432129,211.968547713,92.2035533662,211.968571339,0.0103511053962,237.976255673
2011-04-22 06:00:00,110.385675298,211.968547343,261.68918579,0.0102703054487,171.694524889,0.00372131078925,211.968583657,211.968561934,211.968462861,0.0100207862039,0.0143809024598,166.016706294,85.4737794963,0.0102557960543,0.0200846544776,92.2063251395,0.0100599790749,0.0100398736618,92.2063385017,211.968315678,52.2153784091,211.968567075,0.0228081085706,211.963525706,62.5860430238,211.968468593,0.0100795938804,211.968516665,0.0101051443835,237.975570495
2011-04-22 07:00:00,0.0101471041094,211.96853113,211.968530759,0.0101192128849,74.6871403634,0.00371966238422,211.968525014,211.968558153,92.2063161371,0.0100070977184,0.0142505867656,166.016679083,0.0102788500182,0.0100826584688,0.0200730368781,0.0149238309527,0.010033158041,0.0100170622032,0.020010378942,92.2064329393,52.215380573,211.96856494,0.0184763532867,0.0104282735323,62.5860354841,158.977513787,0.0100391955898,211.968324755,0.0100490427857,178.482321463
2011-04-22 08:00:00,0.0100910115688,211.968431614,92.2063488213,0.0100307124127,74.6871236801,0.00371790229214,171.694495381,211.968554536,92.2062986887,0.0100019750995,0.0100140781276,134.473570984,0.0101636708462,0.0100385057184,0.0200578290502,0.0149157654955,0.0100161662142,0.0100052610534,0.01999940704,92.2063572049,52.2153762598,211.968554086,0.0184750589771,0.0103853469599,50.6946958226,158.97642961,0.0100126516392,171.694742334,0.00999731467427,178.482112114
2011-04-22 09:00:00,0.010007705135,92.2063658805,92.2063286959,0.0100103152942,74.6871213352,0.00371614559694,158.976456848,158.976280946,92.2058188544,0.0100012295903,0.0100042127051,134.473514915,0.0100100968568,0.0100106441888,0.0100151975985,0.0101138215327,0.0100044198456,0.0100025877168,0.0199919615483,0.0150190942066,52.2153729444,211.968510017,0.0171349727838,0.0100583176651,50.6946949694,158.976362567,0.0100051657166,92.2067482965,0.00997784277295,103.519956633
2011-04-22 10:00:00,0.0100041609887,92.2063314193,0.0200038374854,0.0100072819307,74.6871188175,0.00371423152252,92.2063404488,92.2063280819,0.0150007417408,0.0100011461313,0.0100032496482,134.473509684,0.0100054438782,0.0100064388166,0.0100083017731,0.0100072506475,0.0100030289629,0.0100020535783,0.0150019227783,0.0150029547867,52.2153682677,211.964553496,0.0100102846057,0.0100278425591,50.6946944186,158.97630404,0.0100039673275,92.206507536,0.00997252710362,103.519753549
2011-04-22 11:00:00,0.0100036719875,92.2063314724,0.019999429753,0.0100079772613,74.6870839782,0.00371235162857,92.2063021463,92.2063270973,0.015006303123,0.0100014062963,0.0100039674076,134.473507945,0.0100045336062,0.0100058820932,0.0100146122468,0.0100057282454,0.0100031851335,0.0100023148351,0.0149937252042,0.0150003266978,52.215363492,92.2063508853,0.0149899312245,0.0100216153933,50.6946933302,158.976256424,0.0100040010799,171.694621156,0.00997124021584,178.482116963
2011-04-22 12:00:00,0.0100046520011,92.2064058182,0.0200285427396,0.0100160095411,0.0150479437115,0.00371048431068,92.2063315048,92.2063272334,0.0199843668822,0.0100025694009,0.0100115779442,134.473508029,0.0100046054398,0.0100089391587,0.0200053842432,0.0100136325556,0.0100054518995,0.0100038106036,0.014999351971,0.0150035058754,52.2153591715,92.2063341649,0.0171446131697,0.0100312655887,50.6946932766,158.976277439,0.0100055666401,211.967936894,0.0100023378583,178.482451868
2011-04-22 13:00:00,0.0100106267913,211.968466125,92.2062582536,0.0100777684316,74.6871100641,0.00370869608961,92.2063438801,92.2063240464,0.0200240014778,0.0100095480857,0.0142465486485,134.473506391,0.0100084558578,0.0100308984435,0.0200723967766,0.0149087435498,0.010024632699,0.0100098464594,0.0199787868072,0.0150045170124,52.2153544822,92.2063286507,0.0184747434266,0.0103234989974,50.6946938391,158.976338183,0.0100180643891,211.968431692,0.0100371024484,237.975889456
2011-04-22 14:00:00,0.0101152292858,211.968536986,92.2063246152,0.0101308670451,74.6871210739,0.00370689439959,171.694479155,92.2063267519,92.2062970724,0.0100218226189,0.0143041377807,134.473508184,0.010108101122,0.0100788749909,0.0200828585997,0.0149198377021,0.0100359962904,0.0100200735662,0.0199985857964,0.0150121758142,52.2153518147,92.2063284132,0.0184762446835,0.0104111352086,50.6946946225,158.976392556,0.0100452948012,211.968424959,0.0100934759675,237.976140777
2011-04-22 15:00:00,0.0102057571758,211.968548525,92.206335808,0.0103115460489,74.6871249472,0.00370516028377,171.694507321,92.2063296447,92.2063159105,0.0106939949242,0.0199855869066,134.47350961,0.0102322098447,0.010175757955,2.42397618064,0.0149402398838,0.0101185193998,0.0100497354324,0.020005688694,92.2063325816,52.2153504717,92.2063355853,0.0184843566123,0.0105145817743,50.6946955348,158.976670426,0.0101564518005,211.968505002,0.010266212889,237.97618905
2011-04-22 16:00:00,110.385666603,211.968552717,92.2063409832,0.0137359843129,171.694501251,0.00370349128812,211.968553882,211.968546392,211.968234219,0.0162688200831,0.0200024524788,134.473517954,85.4737551811,0.0138126023013,2.42399598023,92.2062475536,0.0153726991644,0.0124217182709,92.2063316462,92.2065010763,52.215350859,113.834191036,0.0425119456231,211.968388343,50.6946980593,211.968327547,0.0134834813755,211.968567267,0.0112355879352,237.976220842
2011-04-22 17:00:00,110.385737414,211.968553284,92.2063602699,0.0137953135394,171.694529112,0.00370181415535,211.968583364,211.968557746,211.968475684,0.0162773607215,0.0200096587633,166.016650447,85.4738195156,0.0138510261584,2.42399972216,92.2062641871,0.0153801292583,0.0124313986112,92.2063372805,211.968533737,52.2153502766,113.834321313,0.0425137583892,211.96844177,62.5860668093,211.968476296,0.0135005023173,211.968582395,0.0116178905053,237.976236863
2011-04-22 18:00:00,110.385747724,211.968553031,211.967889397,0.0138095598454,171.694530894,0.00370006895324,211.968588466,211.968567224,211.968483283,0.0162800872198,0.0200126553792,166.016673215,85.4738266567,0.0138604957812,2.42400118728,92.2062668869,0.0153823097109,0.0124342393832,92.2063378832,211.968548696,52.215349555,113.834683827,0.0425142290368,211.9684534,62.5860698338,211.968494525,0.0135051287973,211.968603711,0.0117687783959,237.976254384
2011-04-22 19:00:00,110.385747475,211.968553416,211.967889922,0.0138123612094,171.694531376,0.00369840598283,211.968590604,211.96856819,211.968485534,0.0162814012469,0.0200132723877,166.016675605,85.4738288475,0.0138624850025,2.42400126187,92.2062675862,0.0153828552729,0.012435042003,92.2063373971,211.968560291,52.2153468881,92.2064838831,0.0425143246186,211.968455966,62.5860703613,211.968497528,0.0135062882153,211.968593551,0.0109373122854,237.976215371
2011-04-22 20:00:00,110.385748411,211.968554002,171.694243552,0.0138112045012,171.694531735,0.00369663394236,211.968591269,211.968567045,211.968485966,0.0162817389799,0.0200124430695,166.016675234,85.4738294925,0.0138627260035,2.42400076452,92.2062680185,0.0153830112628,0.0124348869394,92.2063371497,211.968570303,52.2153441141,92.2063495004,0.0425143134455,211.968455563,62.5860705279,211.968503902,0.0135067792199,211.968572255,0.0103199528351,237.976171034
2011-04-22 21:00:00,110.385746159,211.968553559,211.967733256,0.0138094732306,171.69453184,0.00369470878323,211.968590814,211.968565587,211.968485097,0.0162815777759,0.020010134132,166.01667454,85.4738292449,0.0138612490693,2.42400005018,92.2062681918,0.0153830232509,0.0124342339517,92.2063370839,211.968556058,52.2153414607,92.2063393185,0.0425142853948,211.968454612,62.5860705901,211.968473965,0.0135066717206,211.968554993,0.0101268875865,237.976154273
2011-04-22 22:00:00,110.385744766,211.968552865,211.96784465,0.0138060726466,171.694531512,0.00369266957083,211.968589378,211.968563206,211.968484185,0.0162808659232,0.0200077138513,166.016673365,85.4738293978,0.0138584719289,2.42399916501,92.2062682866,0.015382621322,0.01243333779,92.2063370843,211.968535255,52.2153393978,92.2063344992,0.0425141978542,211.968452724,62.5860706088,211.968439805,0.0135062074547,211.968547704,0.0100919763071,237.976126539
2011-04-22 23:00:00,110.385742406,211.968552418,211.967909497,0.0138035983492,171.694531451,0.00369082520306,211.968587806,211.96856375,211.968483363,0.016279994585,0.0200068925302,166.01667164,85.4738296596,0.0138557534556,2.42399837154,92.2062682624,0.0153820977517,0.0124320033885,92.2063374164,211.968498605,52.2153376783,92.2063318006,0.0425141315646,211.968451143,62.5860706132,211.968453231,0.0135054834023,211.968546642,0.0100846975939,237.976111389
2011-04-23 00:00:00,110.385740978,211.968551449,211.967925785,0.0138001732111,171.694530732,0.00368903664292,211.968586826,211.968562601,211.968482894,0.0162792552097,0.0200069188098,166.016669491,85.4738299726,0.013855033544,2.42399796322,92.2062681406,0.015381036289,0.0124304819709,92.2063384065,211.965985267,52.2153376305,92.2063242667,0.0425140245676,211.968453287,62.5860705817,211.968450628,0.0135048181428,211.968549185,0.0100645346495,237.976133746
2011-04-23 01:00:00,110.385737665,211.968551898,211.967934368,0.0137971828426,171.694530482,0.00368727634827,211.968585837,211.968562002,211.968483696,0.0162782598293,0.0200064416,166.016668183,85.4738301529,0.0138531519523,2.42399691959,92.206267688,0.0153806213881,0.0124292903742,92.2063382797,171.694885071,52.2153372186,92.2063153016,0.0425139782037,211.968451814,62.5860705905,211.968488029,0.013503949238,211.968550589,0.0100740034085,237.976119689
2011-04-23 02:00:00,110.385736629,211.968551308,211.967935203,0.0137945776195,171.69453057,0.0036855133652,211.968585406,211.968561763,211.968483256,0.016276880291,0.0200063445356,166.016666983,85.4738299711,0.0138508292331,2.42399544041,92.2062670389,0.0153798650752,0.0124281523167,92.2063380578,171.69642815,52.2153370118,92.2062798739,0.0425138755466,211.968449519,62.5860705955,211.968500284,0.0135026721435,211.968544335,0.0100856394923,237.976071727
2011-04-23 03:00:00,110.385736614,211.96855133,211.967930916,0.013790530817,171.694530817,0.00368379915834,211.968584548,211.968562162,211.968480052,0.0162744501165,0.0200055381139,166.016665546,85.4738300496,0.0138468022456,2.42399324596,92.2062664413,0.0153785490928,0.0124266235193,92.2063381822,211.968445057,52.2153363881,92.2062750159,0.042513731377,211.96844258,62.5860705826,211.968499279,0.0135003346733,211.968548748,0.0101119875224,237.976062706
2011-04-23 04:00:00,110.385734925,211.968551642,211.96792856,0.0137841780139,171.69453079,0.00368205814404,211.968583246,211.968563634,211.96847424,0.016268860063,0.0200044098478,166.016664084,85.4738299392,0.013840997368,2.42398854235,92.2062654589,0.0153764246359,0.0124240238387,92.2063382384,211.968511874,52.2153359613,92.206170185,0.0425134771293,211.968439669,62.5860704896,211.968489808,0.0134960430108,211.968561748,0.010337033921,237.97607885
2011-04-23 05:00:00,110.385724655,211.968546683,211.967931224,0.0137556114046,171.694530817,0.00368057434287,211.968581654,211.968566531,211.968365585,0.0105198679637,0.0199946477463,166.016660705,85.4738282162,0.0138214067707,0.0199917130441,92.2062608117,0.0153632299734,0.0124053188912,92.206338269,211.968534021,52.215335905,0.0152908670781,0.0425128796452,211.968429116,62.5860703938,211.968486918,0.0134695685304,211.968520929,0.010718301193,237.97588324
2011-04-23 06:00:00,0.0149507660836,211.968458931,211.967945859,0.0105891384614,171.694530327,0.00367905466285,211.968573405,211.96856801,92.2063065485,0.0100204566062,0.0167168895624,166.016655717,85.4738197834,0.0107630539491,0.0100195343488,0.0147892050776,0.0100417474775,0.0100271341501,92.206335446,211.968554699,52.2153352237,0.0152125568811,0.0425022900348,211.968109898,62.5860702413,211.968424806,0.0100859829193,211.968449249,0.0102789140535,178.482223487
2011-04-23 07:00:00,0.0101348250047,92.2063327463,92.2068508538,0.010309827376,171.694525352,0.00367750573506,211.968497139,211.968567641,0.020016996788,0.0100073834999,0.0161557667537,166.016631126,85.4737288792,0.0105651948835,0.0100084977059,0.0101713408287,0.010020407735,0.0100117965147,0.0200022706977,211.968542596,52.2153337049,0.0150685421496,0.0160595336095,171.69436275,62.5860688702,158.976746726,0.0100530911361,211.967567516,0.0100871464775,178.481542808
2011-04-23 08:00:00,0.0100355541342,92.2063258509,92.2063398033,0.01024645355,139.072557679,0.00367592567759,92.2065309163,211.968565386,0.0199990299112,0.0100019943884,0.0100880506012,72.2172680428,64.1053708808,0.0105041308505,0.0100021125133,0.010162861224,0.0100081807567,0.010003305998,0.0199964719656,211.968376041,52.2153317476,0.0150193096721,0.0160562860573,171.694334399,50.6947183444,158.976377675,0.0100292196585,171.694262619,0.0100175452925,103.519705216
2011-04-23 09:00:00,0.0100054159098,92.2063234431,92.206331555,0.0100331019459,139.072544084,0.00367403744054,92.2064218912,211.968560508,0.0150298493223,0.0100011988798,0.0100079554098,0.0157996956723,64.1053217268,0.0100310524873,0.0100011678077,0.0100134524987,0.0100030517757,0.0100017495571,0.0199262744913,92.2065762055,52.2153301927,0.0150114319425,0.0160548764348,171.694243253,50.6947148452,158.976318266,0.0100124923702,92.2064755886,0.00998307267306,103.519657577
2011-04-23 10:00:00,0.0100032424663,92.2063210179,92.2062954832,0.0100165331689,128.770721294,0.00367208807808,92.2063288839,211.968556844,0.0149974206614,0.0100010922352,0.0100063065261,0.0157872612549,0.0102213338421,0.0100129602034,0.0100009481185,0.0100048756636,0.0100021365851,0.0100013698251,0.014999636385,92.2063706865,52.2153287026,0.0150092483776,0.0149879291278,0.0101661701764,50.6947140295,158.976232045,0.0100092588501,92.2064432187,0.00997556323757,103.519636914
2011-04-23 11:00:00,0.0100030078522,92.2063227618,0.0200166395913,0.0100139098327,74.6871217464,0.00367023354985,0.015055014149,211.96855034,0.0150119476906,0.0100013191435,0.010009026991,0.0156935298424,64.1052647666,0.0100126698776,0.0100012542444,0.010004289031,0.010002257028,0.0100015796108,0.0149976253528,92.2063629861,52.2153271147,0.0150088807325,0.014945412616,0.0101008209189,50.6947136125,158.976175676,0.0100107159463,92.2064498095,0.0099759684013,103.519704219
2011-04-23 12:00:00,0.010004641496,92.2063231447,92.2063162243,0.010020814482,74.687121741,0.00366834077908,92.2062954889,211.968554255,0.0199927988675,0.0100022989718,0.0148735555856,0.0157310039241,64.1053345671,0.0100307394499,0.0100024689519,0.0100103287051,0.0100036408037,0.0100025406033,0.0149992404687,92.2063790644,52.2153253961,0.0150160170824,0.0150019691329,171.694126821,50.6947131543,158.97629591,0.0100230638372,92.206634552,0.00999510585115,178.481118515
2011-04-23 13:00:00,0.0100170102617,92.2063263237,92.206324612,0.0101926506395,74.6871226195,0.00366656616948,92.2063332443,211.968552946,0.0200032482085,0.010007638269,0.0161553797115,0.0157580419285,64.1053512115,0.0105357297286,0.0100090050272,0.010159882399,0.0100117285277,0.0100069817444,0.0150089015773,92.2063753026,52.2153235573,0.0150140414715,0.0160546341524,171.694337089,50.6947132666,158.976333842,0.0100426069901,171.694460761,0.0100066709372,178.481588019
2011-04-23 14:00:00,0.0101292485126,92.2065425528,92.206331861,0.0103057864498,128.77087292,0.00366482354797,92.2064233618,211.968553439,0.0200136622251,0.010020155722,0.0162772583878,0.0157695251497,64.105392342,0.0105698956505,0.0100185986116,0.0101689212445,0.0100224952529,0.0100181720974,0.0199944946972,92.2063951063,52.2153219296,0.0150195839894,0.0160558651838,171.694375221,50.6947137472,158.976379293,0.0100604769459,211.968050827,0.0100682790616,178.481941587
2011-04-23 15:00:00,0.0103014381184,211.968543945,92.2063396471,0.0106076291182,139.072544727,0.00366320026583,92.2065277989,211.968555988,0.0201605775961,0.01047467723,0.0199964659888,0.0157840781818,85.4737594146,0.0125782765799,0.014276964129,0.01018869392,0.01005866891,0.0100766420735,0.0199996661966,92.2129756443,52.2153211093,92.2061655746,0.0160581933279,211.968275847,50.6947141551,158.977028329,0.0101816542809,211.968495233,0.0102060222935,237.975785336
2011-04-23 16:00:00,110.385585564,211.968552258,211.968266029,93.5396273412,171.69438871,0.00366148260169,211.968341522,211.968556273,92.206315816,0.0132785831938,0.0200128138185,0.0157900238104,85.4738186707,0.0132851704587,0.0199348035168,0.0150216876002,0.0148208526898,0.0128082001615,0.0200202217469,211.968332227,52.2153220693,92.2063260764,0.019821860029,211.968330416,50.6947150519,211.968399513,0.0133526320306,211.968578868,0.0113806813127,237.976100578
2011-04-23 17:00:00,110.38563359,211.968553484,211.968561931,93.5396838277,171.694523184,0.00365970524402,211.96854629,211.968558118,92.2063275462,0.0132853693624,0.0200225949618,0.0158184906071,85.4738259648,0.0133046492208,0.0199400767431,0.0150361940274,0.0148289283476,0.0128175797943,92.2063322159,211.968541861,52.2153218007,92.2063371841,0.0198226695918,211.968342047,62.5860647194,211.968485273,0.0133675712538,211.968595136,0.0118932526442,237.976149582
2011-04-23 18:00:00,110.38564299,211.968554273,211.968573111,93.5396978127,171.694525704,0.00365793496804,211.968555588,211.968564329,92.2063460165,0.0132874787705,0.0200266994559,0.0194961186974,85.4738286651,0.0133122462232,0.019941732892,0.0150383705619,0.0148313156182,0.0128203964762,92.2063369757,211.968563788,52.2153214543,113.831255922,0.0198229347273,211.96834686,62.5860670736,211.968493433,0.0133718517479,211.968622715,0.0120183206136,237.976181457
2011-04-23 19:00:00,110.385645107,211.968555047,211.968574765,93.5397002485,171.694526181,0.00365620610924,211.968560311,211.968565083,92.2063510831,0.0132883730368,0.0200231269985,0.0194993711902,85.4738293357,0.0133134746098,0.0199421530035,0.0150394849238,0.0148319518637,0.0128211389925,92.2063367671,211.968596744,52.2153192987,92.206693163,0.019822971656,211.968347288,62.5860672736,211.968501688,0.0133729972206,211.968619624,0.0117885482845,237.976149005
2011-04-23 20:00:00,110.38564628,211.968555376,211.968573522,93.5396988402,171.69452691,0.00365450487128,211.968562064,211.96856403,92.2063538196,0.0132883152953,0.0200201951929,0.0194998164633,85.4738295089,0.013313580119,0.0199419774423,0.0150400027503,0.0148320123528,0.0128207084528,92.2063367317,211.968621373,52.2153172964,92.2063559952,0.0198229337857,211.968346181,62.5860672383,211.968503599,0.0133734092627,211.968598353,0.0108951996111,237.976087694
2011-04-23 21:00:00,110.385644421,211.968554524,211.968571726,93.5396965792,171.694527147,0.00365264315036,211.968562934,211.968560457,92.2063551315,0.0132879785487,0.0200181580548,0.01949997509,85.4738290362,0.0133112849766,0.0199415422733,0.015040425577,0.0148318821708,0.0128197872492,92.2063368348,211.968603503,52.2153163135,92.2063415518,0.0198228610304,211.968343899,62.5860671495,211.968494435,0.0133732778461,211.96858389,0.0102562357356,237.976006847
2011-04-23 22:00:00,110.385643103,211.968553689,211.968569268,93.5396924966,171.694526673,0.00365076525209,211.96856266,211.968558289,92.2063557386,0.0132872001612,0.0200152576108,0.0194996986598,85.4738300074,0.0133082439917,0.0199412997593,0.0150407293448,0.0148315763791,0.0128185315674,92.2063368681,211.968579335,52.2153154874,92.2063356047,0.0198227431773,211.968341517,62.5860670217,211.968483,0.0133730544148,211.968574788,0.0101533085629,237.975888971
2011-04-23 23:00:00,110.38564125,211.968553066,211.968568477,93.5396888728,171.694526777,0.00364885891952,211.968562499,211.968557495,92.2063560298,0.0132864871251,0.0200121968661,0.0194992700823,85.4738295354,0.0133055904495,0.0199409292355,0.0150409497246,0.0148312209481,0.0128171709479,92.2063372769,211.968564827,52.2153144875,92.2063327993,0.0198226081933,211.968339642,62.5860668954,211.968480403,0.013372427209,211.968569339,0.0101763141512,237.975836787
2011-04-24 00:00:00,110.385640267,211.968552506,211.968572583,93.5396855471,171.694526653,0.00364698010671,211.968562968,211.968557847,92.2063565366,0.0132854592829,0.0200095871611,0.0194986729114,85.4738293672,0.0133032097558,0.0199404801352,0.0150408696647,0.0148306225586,0.0128157473605,92.2063385208,211.968544695,52.2153138585,92.2063270346,0.0198224590499,211.968341612,62.586066709,211.968475217,0.0133716599787,211.968565028,0.0101401563685,237.975933617
2011-04-24 01:00:00,110.385638122,211.96855225,211.968574033,93.5396824673,171.694526488,0.00364524986564,211.968562483,211.968556792,92.2063567351,0.0132845018174,0.0200076378191,0.0194982252623,85.4738292067,0.0133006417838,0.0199398887969,0.0150407993819,0.0148300682223,0.0128144088886,92.2063396383,211.968540493,52.2153133873,92.2063293362,0.0198222970564,211.968339189,62.5860666274,211.968462918,0.013370693284,211.968564322,0.0101571684644,237.97593939
2011-04-24 02:00:00,110.385637002,211.968551688,211.96857405,93.5396789135,171.694526316,0.00364354804649,211.968561929,211.968555357,92.2063566061,0.0132830760948,0.0200064124958,0.0194976496731,85.473829096,0.013297603213,0.0199388524911,0.0150403708127,0.0148294283473,0.012812845592,92.2063403602,211.968537548,52.215312325,92.2063308221,0.0198221253933,211.968335857,62.5860665066,211.968461045,0.0133693464013,211.968558214,0.0101380575655,237.975947413
2011-04-24 03:00:00,110.385634931,211.968552386,211.968572929,93.5396739484,171.694526284,0.0036417766523,211.968561598,211.968555543,92.2063560041,0.0132808311534,0.0200047102804,0.0194968692281,85.4738295085,0.0132934818332,0.0199369662988,0.01503988217,0.0148283379019,0.0128108157417,92.2063405103,211.968540078,52.2153111144,92.2063333433,0.0198219314163,211.968330992,62.5860663272,211.968447119,0.013366897064,211.968561132,0.010183512664,237.97595461
2011-04-24 04:00:00,110.385631648,211.968553304,211.968571158,93.5396659088,171.694525789,0.00364004392161,211.968560203,211.968556209,92.2063542818,0.0132752918754,0.0200024776446,0.0194957033172,85.4738293834,0.0132860018266,0.019932643454,0.0150391977957,0.0148268373388,0.0128075635859,92.2063405489,211.968540609,52.2153107128,92.2063343267,0.0198215034447,211.968322132,62.5860660129,211.968425859,0.0133624618421,211.968568081,0.0103099857329,237.97594898
2011-04-24 05:00:00,110.385619676,211.968549632,211.968569874,93.5396364072,171.694525286,0.00363836753984,211.968557781,211.968557599,92.2063478389,0.0101291976551,0.0199898850571,0.019493196771,85.473829148,0.0132656687795,0.0102138290038,0.0150360068735,0.0148198443018,0.0127898427296,92.2063413328,211.968541466,52.2153108832,92.2063362592,0.0198204436964,211.968294237,62.5860656024,211.968398941,0.0133345985241,211.968489712,0.0102526414105,237.975453745
2011-04-24 06:00:00,0.0113010045727,211.968539368,211.968564384,70.1721247113,171.694522868,0.00363668618749,211.968547791,211.96856014,92.2063140686,0.0100157662804,0.0108658165775,0.0194891608551,85.4738250497,0.0104060029438,0.0100135103641,0.0138349270867,0.0120095374999,0.0100535066762,92.2063376469,211.968540854,52.2153130757,92.2063660151,0.0149747266651,0.0103146040555,62.5860646351,211.96825245,0.0100648985913,211.968162015,0.0101141532981,103.520052527
2011-04-24 07:00:00,0.0111425089878,211.968408434,211.968368104,70.1720393668,171.694491738,0.0036351236302,92.2077865909,211.968558851,0.0200449717072,0.0100050278307,0.0104824717907,0.0193893775686,85.4738101485,0.0101323442178,0.0100047288888,0.0101225353028,0.0119949836578,0.0100267752129,92.2062510076,211.968554718,52.2153127416,92.2063398831,0.0100060816015,0.010141259916,62.5858801747,158.976602273,0.0100375103254,171.694003357,0.0100469952479,103.519647572
2011-04-24 08:00:00,0.0100313242363,92.2063466853,92.2063387907,70.1719474489,74.6871271195,0.00363341128781,92.2063225756,211.968557017,0.020008222924,0.0100016349901,0.0100123062606,0.010021591324,64.1066949847,0.01010474849,0.0100015089945,0.010115944464,0.0119876713471,0.0100153106474,0.0200110806947,211.968562906,52.2153106753,92.2063298716,0.0100041437198,0.0100810220088,0.0149994370752,158.976089326,0.0100215452419,92.2065770976,0.0100061293557,103.51947734
2011-04-24 09:00:00,0.0100048506952,92.2063287725,92.2063289788,70.1546461916,74.6871202872,0.00363162411868,92.2062941485,211.968555696,0.0150038206268,0.0100010548783,0.0100035977273,0.0100097039612,64.1053926501,0.0100663968149,0.0100007368691,0.010024364067,0.0102320395981,0.010004484571,0.0199872987698,211.968566389,52.2153082401,92.2063247654,0.0100011799993,0.0100176498624,0.0149974904728,158.976009907,0.0100057594494,92.2064250974,0.00998358480478,0.0410452993335
2011-04-24 10:00:00,0.0100034847665,92.2063269405,92.2063169925,0.0101510908759,74.6871177752,0.00362984442572,92.1202122387,211.968550664,0.0149994635724,0.0100009082965,0.0100024033003,0.0100030162945,64.1053761931,0.0100237465751,0.0100005559836,0.0100058589861,0.0100120889575,0.0100029156524,0.0149981544594,211.968563775,52.2153058747,92.2063231357,0.0100004710078,0.0100088278573,0.0149962135844,158.975950141,0.0100045716181,92.206391655,0.0099770167124,0.0142715945623
2011-04-24 11:00:00,0.0100051101429,92.2063264274,92.2061785157,0.010863141244,74.6871157942,0.00362813425839,0.0149863248353,211.968521413,0.0150005084423,0.0100011534681,0.0100027165481,0.0100017720605,64.1053800287,0.0100201591645,0.0100007753995,0.0100053620456,0.0100127437232,0.0100033139476,0.0100111369872,211.968568372,52.2153034279,92.2063274757,0.0100004171712,0.0100099268287,0.0149937543588,158.975891701,0.0100051659441,92.2063982925,0.00998155222885,0.0180921329481
2011-04-24 12:00:00,0.0100138140595,92.2063235066,92.2063131431,70.1713472886,74.6871092475,0.00362626534704,0.015072813725,211.968525154,0.0199773925715,0.0100020523803,0.0100068672466,0.0100013164923,64.1053905294,0.0100244737754,0.0100017565486,0.0100103347017,0.0119257594546,0.0100074236886,0.0149655141823,211.968571831,52.2153021228,92.2063591146,0.0100005870051,0.0100160270485,0.0149914603633,158.975904212,0.0100073443494,92.2064249341,0.00997933518671,103.519203584
2011-04-24 13:00:00,0.011119132273,92.2063275842,92.2063142608,70.1720258105,74.6870970063,0.0036244957608,0.0199902197474,158.976510744,0.0200018879624,0.0100067109706,0.0104707241959,0.0100014410108,64.1053960049,0.010046178846,0.0100061681973,0.0101065524033,0.0119902924402,0.0100197121603,0.0198880196707,211.968564436,52.215299973,211.966139051,0.0100010699026,0.0100587136192,0.014993918224,158.975962244,0.0100188408412,92.2069618442,0.0100097475805,103.519420215
2011-04-24 14:00:00,0.0111636912127,92.2064810342,92.2063239456,70.1720600425,74.687113917,0.0036227660269,0.0200191997953,158.976496196,0.0200372762646,0.0100167938992,0.0105221104731,0.0100027158528,64.1054497953,0.0101029031854,0.0100136380598,0.0101193256464,0.0119973158078,0.0100289212702,69.1547302833,211.968552595,52.2152989514,211.968474976,0.0100039465,0.0101394666303,0.0149966286752,158.975994525,0.0100393912252,171.704982336,0.0100902572342,103.51958165
2011-04-24 15:00:00,0.0154396681579,211.96853614,92.2063301697,93.5385844556,74.6871169732,0.0036210956894,92.2062944557,158.976506837,0.0205263568794,0.0101336253313,0.0199823699579,0.0100065142044,85.4737908008,0.0101321519943,0.0101527230117,0.0101369940676,0.0120389644109,0.0100838594024,92.2063367545,211.968542726,52.2152987199,211.968535951,0.0100054461978,0.0103598089601,0.0149973648047,158.976070168,0.0100879544505,211.968462429,0.0102380807033,103.519730011
2011-04-24 16:00:00,110.385725166,211.968548861,92.2063642811,93.5396187282,74.6871226592,0.00361949334668,92.2063215149,211.968487091,92.2063180626,0.0124905196848,0.0200105125065,0.010013185764,85.4738202445,0.012486580972,0.0123953740592,92.2062330348,0.0151992245882,0.0123829529192,211.968535009,211.968547325,52.2152992136,211.968558175,0.012375277366,211.968273892,0.014998350893,211.967420893,0.0132192528665,211.96857086,0.0114113289731,103.520973302
2011-04-24 17:00:00,110.385755263,211.96855032,211.968538191,93.5396538013,171.694472765,0.00361784019277,92.2065651401,211.96855507,92.2063369102,0.0124977625078,0.0200236510147,0.0100363801287,85.4738267862,0.0125181629893,0.0124004685024,92.2062530678,0.0152099800809,0.0123899811997,211.96855928,211.968563823,52.2152982731,211.968562603,0.0123866851018,211.968368831,0.0150654582121,211.96795236,0.0132377765696,211.968591459,0.0119019039431,211.968255872
2011-04-24 18:00:00,110.385761909,211.968551047,211.968558671,93.5396659125,171.694508014,0.00361627036286,211.96845484,211.968560741,92.2063434425,0.0125001001689,0.0200270524011,0.0123784329755,85.4738292207,0.0125275788484,0.012402160009,92.2062559218,0.0152131662109,0.0123921727265,211.968561195,211.96860034,52.215299695,211.968564033,0.0123874542836,211.968386008,0.0185167303701,211.967991502,0.0132426928718,211.968607529,0.0121561084829,237.97255647
2011-04-24 19:00:00,110.385763469,211.968552608,211.968561665,93.5396677655,171.694509795,0.0036144943085,211.968481338,211.968561736,92.2063446854,0.0125011040851,0.0200301898944,0.0123840343875,85.4738298077,0.0125297862515,0.012402615076,92.2062568604,0.015214224566,0.0123927353833,211.968560998,211.968612246,52.2152966759,211.968566008,0.0123876742928,211.968391232,0.018517138855,211.968002664,0.013244114694,211.96860303,0.0118233287485,237.973104472
2011-04-24 20:00:00,110.385764395,211.968553993,211.968561547,93.5396663191,171.694510759,0.00361270412696,211.968486493,211.968561465,92.2063453455,0.0125013086901,0.0200315537961,0.012385189988,85.4738297685,0.01253071675,0.0124025744931,92.2062574907,0.0152144894293,0.0123925539867,211.968560584,211.968624131,52.2152932091,211.968563828,0.0123877499967,211.968393993,0.0185172323008,211.96798999,0.0132446873888,211.968584429,0.0107377932345,237.973236874
2011-04-24 21:00:00,110.385762905,211.968553432,211.968562093,93.5396632093,171.694511138,0.00361079229181,211.968488693,211.968560303,92.2063451084,0.0125011430529,0.020027892162,0.0123856746679,85.4738294466,0.0125298240077,0.0124023711474,92.2062579563,0.0152143907906,0.0123920016997,211.968560348,211.968607822,52.2152910986,211.96856065,0.0123877642872,211.968394121,0.0185172485143,211.967962428,0.0132446972141,211.968569268,0.0103639646751,237.973308859
2011-04-24 22:00:00,110.385761606,211.968552655,211.968561726,93.5396598519,171.694510831,0.00360886782364,211.96848996,211.968559175,92.2063443219,0.0125005335138,0.0200239168012,0.0123856441991,85.4738294569,0.0125277369072,0.0124021647863,92.2062581979,0.0152139891357,0.0123911645464,211.96855985,211.968590748,52.2152897552,211.968557127,0.0123877502778,211.968393128,0.0185172309323,211.967838739,0.0132446154401,211.968559733,0.0103070623227,237.973332584
2011-04-24 23:00:00,110.385759733,211.968552307,211.968561389,93.539657678,171.694510957,0.00360692932802,211.968491134,211.968558873,92.2063435174,0.0124998316887,0.0200198142566,0.0123855116984,85.4738295539,0.0125259432122,0.0124019085483,92.20625828,0.0152136641009,0.0123900125532,211.968559896,211.96858254,52.215288701,211.968554229,0.0123877129089,211.9683933,0.0185172220407,211.967821846,0.0132440045034,211.968554537,0.0102871340877,237.973340797
2011-04-25 00:00:00,110.385758569,211.96855212,211.968560854,93.5396546983,171.694510636,0.00360510202161,211.968490929,211.968558351,92.2063424989,0.0124989523911,0.0200209155788,0.0123852408994,85.4738291836,0.0125246850911,0.0124015308434,92.2062583236,0.0152135675226,0.012389098037,211.968561811,211.968584139,52.2152874471,211.968554708,0.0123876724007,211.968392981,0.0185172376139,211.967934346,0.0132433328751,211.968554145,0.0103053744738,237.973318027
2011-04-25 01:00:00,110.385755932,211.968552504,211.968560955,93.5396520782,171.69451034,0.00360336102885,211.968491823,211.968557333,92.2063416377,0.0124982479252,0.0200154339988,0.0123848318061,85.4738289659,0.0125232452551,0.0124010853069,92.2062580653,0.0152131787612,0.0123877774618,211.968561633,211.968572234,52.2152867385,211.968554936,0.0123876207853,211.968398593,0.0185172580395,211.967969238,0.0132425787266,211.968552903,0.0102632446621,237.973304527
2011-04-25 02:00:00,110.385754437,211.968552192,211.968560228,93.5396491289,171.694510107,0.00360162939301,211.968492183,211.968556617,92.2063405487,0.0124968128567,0.0200126567259,0.0123845402051,85.4738288277,0.0125215906899,0.0124003748373,92.2062576001,0.0152127929229,0.0123865747056,211.968561573,211.968563862,52.2152856289,211.968555994,0.012387554745,211.968398336,0.018517256978,211.967962298,0.0132415539925,211.968551861,0.0102604120107,237.973267318
2011-04-25 03:00:00,110.385752839,211.968552768,211.968559722,93.5396458485,171.694509652,0.00359995189608,211.968492416,211.968556344,92.2063380768,0.0124953623624,0.0200094310549,0.0123840839591,85.4738290591,0.0125193865646,0.01239895091,92.2062571091,0.0152122485595,0.0123851728876,211.968561685,211.968558533,52.2152853592,211.968556583,0.0123874590041,211.968398352,0.0185172914204,211.967943667,0.0132396744465,211.968579512,0.0104071149742,237.973248138
2011-04-25 04:00:00,110.385749129,211.968553455,211.96855864,93.5396403773,171.694508485,0.00359830231592,211.968491646,211.96855623,92.2063351686,0.0124910731871,0.0200061256355,0.0123834329644,85.4738286063,0.0125154786042,0.0123965091384,92.2062565059,0.0152116851793,0.0123833302881,211.968561106,211.968554127,52.2152855712,211.968558365,0.0123872633521,211.968398098,0.018517286967,211.967912826,0.013236822092,211.968616853,0.0115916576009,237.973258822
2011-04-25 05:00:00,110.385736729,211.968550411,211.968558083,93.5396196939,171.694506445,0.00359681540296,211.968490067,211.968556607,92.2063238288,0.0101566644955,0.0199924201458,0.0123820080597,85.4738272886,0.0125057961427,0.0122974398132,92.2062534648,0.015208354812,0.0123724949964,211.968560765,211.968548415,52.2152868454,211.968562785,0.0123869130686,211.968396748,0.0185172416747,211.967872635,0.013224285291,211.968556898,0.0105961218344,237.972974648
2011-04-25 06:00:00,0.0106819515188,211.968544177,211.968550457,93.538944351,171.694496404,0.00359526000048,211.96847789,211.968557493,92.2063136998,0.0100298264243,0.0149791176434,0.0123803721728,85.4738160981,0.0102397824248,0.0100157177872,69.1548286333,0.0151849886771,0.0100277764286,211.968550396,211.968541551,52.2152891907,211.968566857,0.0123784745166,211.968355763,0.018517038029,211.967718356,0.0102130613293,211.968432685,0.0102538067068,178.480301375
2011-04-25 07:00:00,0.0101042882418,211.96852118,211.968133263,70.1549965919,74.6871152466,0.00359373543253,92.2063249489,211.968554627,69.1548036799,0.0100121908894,0.0147676810377,0.0123601595824,85.473587044,0.0101083080672,0.0100072746234,69.1547779705,0.0123228414103,0.0100137719226,92.206341852,211.968517515,52.2152889463,211.968567619,0.0100322403575,171.694439294,0.0185138379441,158.975821651,0.0101402390229,211.962884847,0.0101244151184,178.479813207
2011-04-25 08:00:00,0.0100532149919,211.968359736,92.2063284221,70.154933358,0.0150863621332,0.00359210402079,0.0199732190503,211.968543309,69.1547815012,0.0100029535139,0.0100175366138,0.0100186339296,64.1053498388,0.0100836822165,0.0100019956233,69.1547701484,0.0123167017759,0.0100065716698,92.2063367308,211.968450617,52.2152846395,211.968566169,0.0100310108883,171.694408057,0.0149992171968,158.975615517,0.0101207782055,171.694175397,0.0100654421359,178.479117401
2011-04-25 09:00:00,0.0100052020318,92.2063797513,92.2063191274,70.1505912988,0.0150376757331,0.00359034984867,0.0198159520442,92.2063301686,0.0200195612868,0.0100020738423,0.0100051944382,0.0100100985044,64.105261493,0.0100201813185,0.0100008818286,0.0150413668395,0.0123102853989,0.0100025312416,92.2063266374,211.96837576,52.2152808676,211.968564551,0.0100135174128,171.694396977,0.0149980104321,92.2054876973,0.0100299253212,92.2064751051,0.0100317223018,103.519655726
2011-04-25 10:00:00,0.010003113101,92.2063375787,92.2063125842,0.0100293921744,0.0150006516356,0.0035885620368,0.0149904514708,92.2063219909,0.0199855340734,0.0100023602747,0.0100040048062,0.0100028885174,0.0100281694702,0.0100126747883,0.0100006249761,0.010061050179,0.0123010609779,0.0100018151047,0.0150223010748,211.967256287,52.2152775483,211.968563224,0.0100044790021,171.694384132,0.0149970603645,0.0150690617092,0.0100154512983,92.2064470341,0.010024509442,103.519600993
2011-04-25 11:00:00,0.0100027898743,92.2063384682,92.2062904729,0.0100241654483,0.0149995361478,0.00358677220217,0.0149080417458,92.2063193004,0.0199751891372,0.0100043170107,0.01000473633,0.0100020084856,0.0100152567644,0.0100124539559,0.0100007485218,69.1546471927,0.0122928821862,0.0100021929429,0.0149969675132,211.967288715,52.2152743364,211.96856243,0.0100051288429,171.694345246,0.0149952694681,0.0151282125225,0.0100247428832,92.206455329,0.0100274405739,103.519641989
2011-04-25 12:00:00,0.0100039672912,92.2063491778,92.2063082252,0.0100543020038,0.0149993835538,0.0035849586946,0.0102546046623,92.2063183035,0.0199958349932,0.0100145479482,0.0100133839099,0.0100016277881,0.0100406475473,0.0100142739614,0.0100014902346,69.1547630224,0.0122940908919,0.0100022147339,0.0150032028928,211.968417148,52.2152730545,211.968559194,0.0100265258689,171.694358241,0.0149945329213,158.975383059,0.0100804902816,92.2065885295,0.0100498957883,103.526330531
2011-04-25 13:00:00,0.0100133529123,92.2065554589,92.2063108439,70.1546997287,0.0149995599201,0.00358325730015,0.0150004640154,92.2063023683,0.0199991517766,0.0100262129554,0.0147635661827,0.0100019496953,64.1052735943,0.0100491319891,0.0100058691962,69.1547728476,0.0123102964369,0.0100053358882,0.0199889486468,211.968510251,52.2152710489,211.968557904,0.0100312623911,171.694366844,0.0149954113053,158.975588394,0.0101141885506,171.694477156,0.0101242855038,178.479848519
2011-04-25 14:00:00,0.010093273159,211.968522211,92.2063150092,70.1549444243,0.0149999730693,0.00358152212235,0.0199292212038,92.2063015367,69.1547763174,0.0100378620348,0.0148166026759,0.0100032011267,64.1053437005,0.0101006338411,0.0100148198748,69.1547785484,0.0123196119584,0.0100155197703,92.2063336318,211.968536569,52.2152695111,211.968557358,0.0100323839477,171.694404327,0.014997261964,158.975661135,0.0101396105713,211.968274596,0.0102567460386,178.480997076
2011-04-25 15:00:00,0.0101640519879,211.968547097,92.2063196288,70.1550516744,0.0150045246953,0.00357972178647,0.0199719451969,92.2063161852,69.1548618348,0.0132147445859,0.019999541122,0.0100077126368,64.1063789824,0.0101956517817,0.0101519969411,69.1547979977,0.0123437516417,0.0100444564119,92.2063388113,211.968544013,52.2152692738,211.968563203,0.0100389302042,171.694441759,0.014998151697,158.975773398,0.0102289930818,211.968538156,0.0108657590329,237.974435841
2011-04-25 16:00:00,110.38575231,211.96855224,92.2063615728,215.037789034,0.0150654599726,0.00357801849154,0.0201111186026,92.206319973,92.2063350246,0.0139842072125,0.0204419755731,0.0100149013691,85.4738054686,0.0611124431979,0.0163892161477,211.968518172,0.0189566475138,0.0127255237588,211.968554429,211.968556696,52.2152697459,211.968566256,0.0184106561882,211.968423656,0.0149994984552,158.976369873,211.968404333,211.968618363,0.0132028621098,237.975927334
2011-04-25 17:00:00,110.385806082,211.968552001,211.968483334,215.037940676,74.6871112762,0.00357633138224,92.2063256491,92.2063225149,211.968506049,0.0139920901802,0.0251892904701,0.0100740943691,85.4738230985,0.061209763257,0.0163954375752,211.968551701,0.0189697231022,0.0127360208734,211.968586604,211.9685694,52.215269186,211.968567891,0.0185132536046,211.968471814,0.0185151889618,211.968125989,211.968473839,211.968630904,0.013497383821,237.976053573
2011-04-25 18:00:00,110.385814336,211.968551855,211.968493045,215.037965228,74.6871143933,0.00357469482113,92.2063455899,211.968473106,211.968526297,0.0139946694071,0.0252035820431,0.0134125466374,85.4738264876,0.0612252145541,0.016397222006,211.968556919,0.0189730940629,0.0127391037877,211.968589389,211.96860266,52.2152693185,211.968566845,0.0185146112009,211.968483609,0.0185243252837,211.968277534,211.968483436,211.968645486,0.0138122951239,237.976114004
2011-04-25 19:00:00,110.385815953,211.968551786,211.968495857,215.037971016,74.6871147539,0.00357298572428,92.206353897,122.941782788,211.968529212,0.0139956584083,0.0252069455922,0.0134197409812,85.4738279316,0.0612292329489,0.016397737666,211.968558467,0.0189740983517,0.0127398214786,211.968589698,211.968607566,52.2152661694,211.968568231,0.0185149607031,211.968486289,0.0185248707014,211.968325244,211.968486404,211.968638814,0.0133599553796,237.976124061
2011-04-25 20:00:00,110.385817052,211.9685522,211.968492252,215.037970716,74.6871151229,0.00357114157855,92.2063562871,92.2063429982,211.968530221,0.0139958668671,0.0252073648941,0.0134211215398,85.4738281087,0.0612312784489,0.0163977664167,211.968559155,0.018974362792,0.0127398902523,211.968589076,211.968621632,52.2152624865,211.968566964,0.0185150435999,211.968487501,0.0185249902354,211.968346364,211.96848808,211.968615217,0.0130190136189,237.976098799
2011-04-25 21:00:00,110.385815985,211.968550724,211.968489503,215.037967774,74.6871152514,0.00356914269061,92.2063571397,92.2063315309,211.968530677,0.0139954501045,0.0252005537843,0.013421576717,85.4738275461,0.0612301698566,0.0163976246069,211.968559633,0.0189743028976,0.0127390514536,211.968588064,211.96860099,52.2152599729,211.968564163,0.0185151749974,211.968487377,0.0185250637783,211.968361617,211.968488708,211.968600198,0.0110909244445,237.976081867
2011-04-25 22:00:00,110.385815002,211.968548856,211.968484984,215.037962391,74.6871150649,0.00356709924217,92.2063566936,92.2063322371,211.968530866,0.0139945183002,0.0251842506633,0.0134214990105,85.4738284363,0.0612273969548,0.0163973725202,211.968560246,0.0189740589566,0.0127380927753,211.968586962,211.96857265,52.2152584786,211.968561583,0.0185151928564,211.968486455,0.0185250863258,211.96835289,211.968488884,211.968593006,0.0110303796494,237.976069859
2011-04-25 23:00:00,110.3858141,211.968546726,211.968482474,215.037957677,74.6871152289,0.00356526176067,92.2063567275,92.2064153577,211.968531118,0.0139935885457,0.025178983963,0.0134213127437,85.4738283185,0.0612269238063,0.0163971177435,211.968560542,0.0189739542217,0.0127369204947,211.968586811,211.96855774,52.2152574529,211.968560404,0.0185152243194,211.968485729,0.018525115772,211.968369062,211.968488823,211.968587145,0.0110736971564,237.976076062
2011-04-26 00:00:00,110.385812694,211.968542346,211.968486971,215.037956052,74.687115297,0.00356348848586,92.2063568814,92.2063330326,211.968530978,0.0139929256888,0.025194997415,0.0134209725612,85.4738282089,0.0612268801576,0.0163968314701,211.968560827,0.0189733852417,0.0127360431249,211.968586331,211.968541148,52.2152564916,211.968559107,0.0185152143694,211.968490415,0.0185250394349,211.968387331,211.968488733,211.968583774,0.0110757630293,237.976045326
2011-04-26 01:00:00,110.385812705,211.968538635,211.9684847,215.037955542,74.6871152443,0.00356177248261,92.2063581363,92.2063287243,211.968531252,0.0139921233952,0.0252058022782,0.0134208002642,85.4738280289,0.0612271441428,0.016396391114,211.96856125,0.0189734749756,0.0127350710456,211.968586175,211.968532377,52.2152554389,211.968557995,0.0185151966372,211.968490251,0.0185251183338,211.968403803,211.968489336,211.968581716,0.0112589319388,237.976094868
2011-04-26 02:00:00,110.385814476,211.968530599,211.968482241,215.037956947,74.6871153206,0.00356010692006,92.2063587055,92.2063384125,211.968531018,0.0139908336446,0.0252148617881,0.013420568401,85.4738278831,0.0612279135367,0.0163958139465,211.968562114,0.0189736292084,0.0127340504326,211.968586764,211.968532008,52.2152550904,211.968558258,0.0185152694581,211.968490353,0.018525122202,211.968405692,211.968489795,211.968579278,0.0113794912823,237.976121247
2011-04-26 03:00:00,110.385818383,211.96854033,211.968476555,215.037961458,74.6871155569,0.00355854999364,92.2063606713,92.2063610958,211.968530399,0.0139892208776,0.0252204302103,0.0134202565997,85.4738285501,0.0612266618743,0.0163948120666,211.968563541,0.018973898832,0.0127330897976,211.968587002,211.968538851,52.2152591536,211.968560649,0.0185154795195,211.968486344,0.0185251925348,211.968404255,211.968490651,211.968606855,0.0134162527982,237.976173004
2011-04-26 04:00:00,110.385820932,211.968542103,211.968472378,215.037970641,74.6871157506,0.00355735751282,92.206363136,122.941939755,211.968531073,0.0139856714411,0.0252239551703,0.013419885837,85.4738296568,0.0612276480444,0.0163925668277,211.968564119,0.0189744917864,0.0127320029286,211.968587833,211.968546754,52.2152682943,211.968566043,0.018515717908,211.968489143,0.018525235721,211.968401129,211.968492193,211.968637573,0.0205838466457,237.976208295
2011-04-26 05:00:00,110.385821646,211.968496193,211.968472672,215.037969578,74.6871157016,0.00355615023319,92.2063690726,211.968539445,211.968526902,0.0138777200307,0.025220278475,0.0134191239292,85.4738290246,0.0612246285117,0.0163420304353,211.96856385,0.0189713049874,0.0127235919341,211.968587065,211.968555105,52.2152711345,211.968571439,0.0185158810756,211.968487128,0.0185251923456,211.968405971,211.96848815,211.968576736,0.013622571478,237.976168033
2011-04-26 06:00:00,110.385804215,92.2079611236,211.968375122,215.037945006,74.6871146058,0.00355455124774,92.2063569884,211.96854781,211.968051418,0.0103459356172,0.0213171002198,0.0134182253327,85.4738216772,0.0612010438888,0.0100310264332,211.968559925,0.0154183081602,0.0101845777563,211.96855177,211.968581609,52.2152714115,211.96857564,0.0185149481626,211.968393284,0.0185248606115,211.968364059,211.968425427,211.968461145,0.0119661767335,237.975320704
2011-04-26 07:00:00,82.7895966851,92.2063250194,92.2063112198,215.037712908,74.6871065957,0.00355277845048,92.2063151159,122.94201791,92.2063242424,0.0103260159654,0.0204354912693,0.0134062040901,85.4737570047,0.0597545721685,0.010019678482,211.968541701,0.0153705375487,0.0101300686437,92.2063370298,211.968601137,52.2152644988,211.96857461,0.015000491519,171.694516396,0.0185210211322,158.976540436,171.694495527,211.966312376,0.0107363805255,178.48219228
2011-04-26 08:00:00,82.7893877308,92.2057405245,0.0200047128254,174.180845643,0.0199952226649,0.00355096111251,0.020010355019,92.2063401587,92.2063151758,0.0100083038365,0.0204264187439,0.0100881476596,64.1053593168,0.049604102324,0.0100035248918,211.96852149,0.015366179118,0.0101057233966,0.0278279207319,211.96857942,52.21525807,211.96857343,0.0149982294092,171.694472912,0.0149945228717,158.976280722,171.694480739,171.694024081,0.0104274925986,178.481965358
2011-04-26 09:00:00,82.7892444782,0.0150306964691,0.0199977254074,174.180792942,0.0199746871495,0.00354915325841,0.019981032937,92.2063217273,92.2062269853,0.0100041994118,0.0204221082711,0.0100733733983,64.1053101404,0.0495894164538,0.0100017250634,171.69454461,0.0153615376039,0.0100083688468,0.0200005931964,211.968553102,52.2152546323,211.968569579,0.0149977399003,171.6943278,0.0149925599756,158.976227207,171.69447703,92.2064568543,0.0103547830516,103.519928228
2011-04-26 10:00:00,0.010019431478,0.0150098538843,0.019988903593,174.180783182,0.015000473587,0.00354740534829,0.0150037594155,92.2063201957,0.0199771844553,0.0100042210741,0.0204241646067,0.0100294471491,0.0100230740637,0.0495844871275,0.0100015337435,171.694537847,0.0153484360881,0.0100048477604,0.019999266556,211.968533002,52.2152514753,211.968564879,0.0149971805115,0.010037726468,0.0149893980093,158.97610507,171.694475334,92.2064312337,0.0103446664568,103.519770811
2011-04-26 11:00:00,0.0100173957083,0.0150107322166,0.0199810045902,174.180783816,0.0149997944933,0.00354562875896,0.014996421913,92.2063194201,0.0199765019735,0.0100077216607,0.0204280128559,0.0100041819395,0.0100183003454,0.0495830441216,0.0100020532032,171.694534558,0.0153296951755,0.0100051009943,0.0199989968268,211.968501411,52.2152484979,211.968556599,0.0149969457346,0.0101283840717,0.0100059925982,158.975365276,171.694475919,92.2064391472,0.0103797980289,178.481932772
2011-04-26 12:00:00,0.0149797021142,0.0150150950226,0.0199794440643,174.180788005,0.0149998371539,0.00354382318374,0.0149990916846,92.2063197069,0.0200071783225,0.0102803530289,0.0204308298949,0.0100038088796,0.0100218602945,0.0495801401509,0.0100050677303,171.694532225,0.0153588151414,0.0100111721606,0.0200000137175,211.968270523,52.2152452489,211.968550993,0.0149973613024,171.694463152,0.010002392088,158.976047362,171.694476285,92.206991795,0.0104597443844,178.482188472
2011-04-26 13:00:00,82.7894674431,92.2062852048,0.0199821012893,174.180786169,0.0150000095994,0.00354203632706,0.0150092176972,92.2063192251,92.2063106975,0.0103412651868,0.0204482221491,0.0100043859924,64.1029886626,0.0495826424288,0.0100240737308,171.694536082,0.0153672503062,0.0101192830679,0.0200005569659,211.968517214,52.2152407694,211.96853665,0.0149984088442,171.694487145,0.01000468633,158.976139275,171.694478441,171.694449585,0.0106145487214,211.964082642
2011-04-26 14:00:00,82.7895745019,92.2063246538,0.0199897661119,174.180805729,0.0150008624656,0.00354020969531,0.0199775521473,92.2063193163,92.2063207844,0.0104054991823,0.0206253757264,0.0100168511838,64.1053402008,0.0495926738153,0.0100366871932,171.694539677,0.0153773145457,0.0101338337528,0.0278086178259,211.968556336,52.2152381076,211.968524348,0.0149997464979,171.694515466,0.0149899695055,158.977368551,171.694486988,211.968241019,0.0112023051589,237.975370324
2011-04-26 15:00:00,110.385678935,92.2063928715,0.0199980187848,215.03780755,0.0199753847094,0.00353840744097,0.0200087345205,92.2063196286,92.2066582039,211.968559834,117.923361328,0.0100724254699,64.1055137727,0.0601880975385,183.714814661,171.694582741,171.692951783,0.0109769386585,0.0278599023856,211.968572748,52.2152378419,211.968547842,0.015040946967,211.968363242,0.0149924785162,211.968350409,211.968355543,211.968533985,0.0213954587452,237.976125717
2011-04-26 16:00:00,110.385813974,211.968503773,0.0200014408733,215.037970884,74.6870049614,0.00353660327367,92.2062868063,92.2063200813,211.968529508,211.970374573,117.923414781,0.0100835128802,85.4738112418,0.0612085591979,183.714866572,211.9685577,171.693846687,211.968198839,92.2063382055,211.968607092,52.2152382553,211.968557472,147.152064171,211.968527208,0.0149942299167,211.96845174,211.968492939,211.968612443,0.0231840819032,237.976203978
2011-04-26 17:00:00,110.385826644,211.968524856,0.0200129603059,215.037993618,74.6871137593,0.00353490294823,92.2063188662,92.2063501253,211.968536529,211.970391941,117.923426635,72.2172059222,85.4738263651,0.0612169654824,183.714871411,211.968564043,171.693854668,211.968213486,92.2063704452,211.96862066,52.21524003,211.968562474,147.15206687,211.968548747,0.0184917673631,211.968491353,211.968498697,211.968624938,0.0234135255279,237.976229228
2011-04-26 18:00:00,110.385831458,211.968532239,0.0201776792912,215.038000994,74.6871149938,0.00353320577929,92.2063212516,211.968548898,211.968539769,211.970396466,117.92342659,72.2173561432,85.4738287389,0.0612201109683,183.714872839,211.968565271,171.69385745,211.968217036,92.2063871044,211.96863249,52.215242597,211.968563192,147.152067451,211.968555803,0.0185340104284,211.968531569,211.968500991,211.968633846,0.0236253707001,237.976296406
2011-04-26 19:00:00,110.385830609,211.968526203,0.0200616039405,215.038000376,74.6871153345,0.0035315641151,92.2063210147,211.968544396,211.968540287,211.97039858,117.923425089,72.2173613951,85.4738295511,0.0612184388248,183.714873037,211.968565118,171.693858021,211.968217908,92.2063896975,211.968634807,52.2152372139,211.96856534,147.152067589,211.968557212,0.0185346465341,211.968542854,211.968500913,211.968629601,0.0233569269082,237.976264468
2011-04-26 20:00:00,110.385830031,211.968523486,0.0200136668687,215.037995453,74.687116065,0.00352970924075,92.2063211334,211.968451758,211.968539953,211.970399256,117.923422572,72.2173624015,85.4738293126,0.0612170367888,183.714872673,211.968565051,171.693858208,211.96821831,92.2063842312,211.968639382,52.2152322769,211.968563355,147.152067584,211.96855692,0.0185347767431,211.968536827,211.968500568,211.968602739,0.022930184971,237.976216268
2011-04-26 21:00:00,110.385827189,211.968515616,0.0200086121607,215.037989068,74.687116184,0.00352766847812,92.2063209507,158.976406892,211.968539609,211.970398798,117.923420551,72.217362463,85.4738284021,0.0612130914354,183.714872166,211.968564986,171.693858455,211.968217842,92.2063438343,211.968629957,52.2152294498,211.968559426,147.152067557,211.968555848,0.0185348464628,211.968505603,211.96849987,211.968581823,0.0204736844198,237.976194502
2011-04-26 22:00:00,110.385825648,211.968463943,0.0200057727368,215.037980697,74.6871157194,0.00352560926965,92.2063203194,158.976337998,211.968539078,211.970397439,117.923415765,72.2173621107,85.473828268,0.0612068490201,183.714871801,211.968565027,171.693858232,211.968216817,92.206340758,211.968615761,52.2152265394,211.968555578,147.1520675,211.968553627,0.0185348781073,211.968487221,211.968498904,211.96857396,0.0194675699112,237.97618455
2011-04-26 23:00:00,110.385823853,211.968318345,0.0200050685331,215.037974812,74.6871155029,0.00352373961331,92.2063202902,158.976378808,211.968538662,211.970395571,117.92340928,72.2173616547,85.4738282265,0.0612001139472,183.714871549,211.968564841,171.693857953,211.968215346,92.2063403305,211.968601353,52.215223056,211.96855374,147.152067439,211.968552297,0.0185349066742,211.96845397,211.968497623,211.968572645,0.0194049484529,237.97617919
2011-04-27 00:00:00,110.385823004,211.968509819,0.0200108474528,215.037971828,74.6871145886,0.00352196440899,92.2063192132,211.968425287,211.968538178,211.970394158,117.923380626,72.2173614165,85.4738280515,0.0611877889775,183.714871553,211.968564488,171.693857521,211.968214808,92.2063405218,211.9685849,52.2152254189,211.968557033,147.152067413,211.968556914,0.0185348564975,211.968523211,211.968496783,211.968579351,0.0192530835999,237.976174648
2011-04-27 01:00:00,110.385821988,211.968511484,0.0200103949475,215.037968928,74.6871142188,0.00352024979816,92.2063199151,211.968521604,211.9685377,211.970393892,117.923392202,72.2173609653,85.4738280188,0.0611813928387,183.714871037,211.968564364,171.693857104,211.968213951,92.2063406888,211.968578307,52.2152214991,211.968553636,147.152067397,211.968555536,0.0185349200294,211.968515039,211.968495676,211.968583575,0.0196161934085,237.976174755
2011-04-27 02:00:00,110.38582331,211.968519414,0.0200099833464,215.037968953,74.6871141515,0.00351855476097,92.2063197782,211.968542633,211.968537315,211.970394332,117.923379768,72.2173603973,85.4738274953,0.0611779865915,183.714870538,211.96856445,171.693856779,211.968213442,92.2063429517,211.968577044,52.2152197052,211.968548961,147.15206737,211.968555978,0.018534972971,211.96849328,211.968494689,211.968581977,0.0203843653064,237.976175805
2011-04-27 03:00:00,110.385828053,211.96853606,0.0200138913944,215.037972391,74.6871144968,0.00351690152008,92.2063210084,211.968546826,211.968537031,211.970395553,117.923388734,72.2173599138,85.4738280676,0.0611726420109,183.714870125,211.968565119,171.693856498,211.968213668,92.2063975395,211.96857852,52.2152220313,211.968547404,147.152067391,211.968549185,0.0185350518091,211.968493276,211.96849286,211.968601426,0.023315110845,237.976208759
2011-04-27 04:00:00,110.385832062,211.968539734,0.0200470637796,215.03798047,74.6871146855,0.00351562652682,92.2063215599,211.968548945,211.968537749,211.970399114,117.92340747,72.2173593309,85.4738292421,0.0611649031969,183.714869343,211.968564917,171.693856426,211.968213926,92.206413611,211.968582317,52.2152222061,211.968552702,147.152067455,211.968549871,0.018535085052,211.968487766,211.968489729,211.968619499,0.0237542404484,237.976250271
2011-04-27 05:00:00,110.385831951,211.968522252,0.0246603830956,215.037970958,74.6871143722,0.00351448453227,92.2063186855,211.968549494,211.968534965,211.968571122,117.923401231,72.2173582184,85.4738300819,0.0611175264424,183.71484948,211.968563266,171.693852637,211.968208889,211.968545334,211.968592584,52.2152181776,211.968560807,147.152067475,211.968547688,0.0185350118725,211.968441853,211.968467221,211.968542371,0.0240618039769,237.976200902
2011-04-27 06:00:00,110.385814303,211.968437582,0.0246787358295,215.037571461,74.6871135856,0.00351288797138,92.2063149389,211.968549004,211.968481459,171.69604229,95.5180492849,72.2173569993,85.4738269955,0.0211092789228,148.809037597,211.968553985,139.072032078,171.694286197,92.2064347071,211.968619592,52.2152218098,211.968557649,147.152066471,211.96807712,0.0185345368622,211.968352223,0.0153754178407,211.968404567,0.0233097168721,237.976077437
2011-04-27 07:00:00,89.4125584854,92.2063276302,0.0200046426785,174.18081559,74.6870663571,0.00351105154785,0.0203706442242,211.968547679,92.2063032085,171.696031352,95.5179720088,72.2173406074,85.4738166744,0.0209992477616,148.809029788,171.694569366,139.072017028,171.694254023,92.2063631577,211.968623552,52.2152176157,211.968550848,119.193176647,171.694536696,0.0185168191959,158.978208084,0.0152205302343,211.964338368,0.0177639532457,211.968278584
2011-04-27 08:00:00,89.4124706295,92.206314419,0.0199993629579,174.180781574,0.0150224719375,0.0035092437573,0.0199869468335,211.968527587,74.6870962662,171.69602864,95.5179647472,54.163516994,85.4737782577,0.020945987131,0.0198818553954,171.694532692,139.072006001,171.694248661,92.2063383344,211.968602015,52.2152112706,211.968523738,119.193174123,171.694504782,0.0100513992079,158.976566764,0.0151916222973,92.2079035965,0.0139313639485,178.482069318
2011-04-27 09:00:00,82.789384125,0.015054189347,0.0199975501973,174.180753619,0.0150028316253,0.00350745094989,0.0198994894412,92.2064309396,0.0199961791863,171.696028404,95.5179612219,54.1635062146,64.1054348681,0.0149508246167,0.0100074006981,171.694528098,0.0149519111968,171.694221271,92.2061536122,211.968567405,52.2151950922,211.968487263,119.193173218,0.010509484811,0.0100495023234,158.976676778,0.0103359901156,92.2064094575,0.0116977890001,178.481979161
2011-04-27 10:00:00,0.01621462098,0.0150129660713,0.0199955534837,174.180729128,0.014999952115,0.00350567109008,0.0150036379529,92.2063206771,0.019943932648,171.696028405,95.5179531196,0.016796244511,64.1053831277,0.010057299601,0.0100064271411,171.694504357,0.0100088621202,158.976671063,74.6871789628,211.968556418,39.1651055093,211.968401506,119.193137758,0.0100266269737,0.0100057942369,158.977021723,0.0100402515978,92.2063783045,0.0110892675874,178.482014377
2011-04-27 11:00:00,82.7889858871,0.0150095525617,0.0199962021814,174.180766433,0.0149995693025,0.00350392384191,0.0150028332697,92.2063192279,0.0199879465991,171.696030363,95.5179345893,0.0100056283378,64.1047729056,0.0100706893045,0.0100669035446,92.2063890676,0.0100361913725,171.693955198,69.1549617709,211.968569699,22.7146746985,211.968379257,110.364074051,0.0100851064283,0.0100009071805,158.97654353,0.0100426094789,92.20637158,0.0135288032081,178.482026373
2011-04-27 12:00:00,82.789380095,0.0150190484342,0.0199982349513,174.180781079,0.0149995753259,0.00350210476309,0.0199166429986,92.2063232904,0.0199990798494,171.696035948,95.517956265,0.0100049821758,0.0101830273956,0.0150250084732,148.809024171,171.694468212,139.072012514,171.694240119,74.6871782036,211.968590208,52.2151862193,211.962721404,110.36408532,171.694498841,0.0100007934708,158.976509156,0.0102235618397,92.2063891888,0.0139617346886,178.482015833
2011-04-27 13:00:00,82.7894733155,0.0150569907483,0.019996752506,174.180904442,0.0149996724021,0.00350029807539,0.019968133249,92.2063194743,69.1546670885,171.696053346,95.5179728884,0.0100081226254,64.1053837577,0.0209841274117,148.809038861,171.69452694,139.072017562,171.694252415,74.6871790711,211.968572556,22.7146737909,92.2064499624,119.19317004,211.968419187,0.0100011291329,158.97643062,0.0151987364353,92.2064007002,0.0140627813729,178.482047245
2011-04-27 14:00:00,89.4124944721,92.2063187073,0.0199985009662,215.037601303,0.0149999066436,0.00349845966696,0.0199731384719,92.2063191882,74.6871039503,211.968550421,95.5181356908,54.163490311,64.1054101703,0.0210080640043,148.809105234,171.694530729,139.07202626,171.6942647,74.6871853636,211.968579529,22.7146491389,92.2064083532,119.193173825,211.968455244,0.0100460145877,158.976376681,0.0152260953165,92.2064610313,0.0148686627677,178.482277587
2011-04-27 15:00:00,110.38579209,92.2063603232,0.0200023951662,215.037883148,0.0150003149973,0.00349668101569,0.0199843680087,92.206319646,92.2062776317,211.977899121,117.923428664,54.1635110306,85.4737485403,0.0211334735851,183.714987731,171.694568533,171.696527283,211.968369347,92.2063381604,211.968590594,52.2090906106,211.968428719,119.19317548,211.9688293,0.0100500473796,158.976436171,92.2036031218,92.2088892293,0.0153393795331,211.968358164
2011-04-27 16:00:00,110.385822086,211.968540494,0.0200210633825,215.03796829,0.0150056201617,0.00349485722624,0.0200051733374,92.206321937,92.2063124235,211.9779287,117.923453202,54.1635263755,85.4738224243,0.0259935258578,183.71500143,211.968551241,211.968470176,211.968522779,92.2063807993,211.968610217,52.2151965135,211.968524068,147.152070858,211.969200744,0.0100531286248,158.976515653,211.962547803,211.968244475,0.0173130063033,237.974489416
2011-04-27 17:00:00,110.385830772,211.968545355,92.2062815237,215.037991874,74.687062948,0.00349314760349,92.2063183813,211.968545168,92.2063151654,211.977935456,117.923462352,166.01650407,85.4738283281,0.0260145666295,183.715005598,211.968555783,211.968478864,211.968533168,92.2064040872,211.968618075,52.2152062487,211.968546494,147.152073439,211.969247607,143.875743662,211.968283326,211.96256685,211.968416895,0.017541694867,237.975324285
2011-04-27 18:00:00,110.385833733,211.968547023,92.2063091299,215.037999622,74.687114585,0.00349141223692,211.968438985,211.968548597,92.2063175421,211.977937316,117.923462351,166.016632511,85.4738296098,0.0260212581957,183.7150069,211.968557265,211.968481535,211.968536278,92.206474961,211.968625689,52.2152091904,211.968534193,147.152073977,211.969262138,143.87575204,211.968537159,211.962572067,211.968543995,0.0182565140063,237.975817357
2011-04-27 19:00:00,110.385831763,211.968546546,92.2063087913,215.037998769,74.6871157688,0.00348972474747,211.968496945,211.968547965,92.2063176278,211.977938412,117.923461575,166.016638671,85.4738299999,0.0260236270887,183.715007111,211.968557276,211.96848227,211.96853717,92.2064348302,211.968627615,52.2152023954,211.968520975,147.152074089,211.969267547,143.875752627,211.968593869,211.962573244,211.968540588,0.0174510521019,237.975787499
2011-04-27 20:00:00,110.38583116,211.968547805,92.2063081587,215.03799443,74.6871263679,0.0034879304802,211.968503487,211.968546969,92.2063170202,211.977938757,117.923460964,166.016639858,85.4738296545,0.0260240027793,183.715006868,211.968557084,211.968482497,211.968537161,92.2064006538,211.968634265,52.2151898751,211.968477627,147.152074064,211.969267521,143.875752782,211.968605863,211.962573589,211.968510309,0.0173211350046,237.975698885
2011-04-27 21:00:00,110.385827762,211.968546462,92.2063085855,215.037988106,74.6871906387,0.00348595510463,211.968505181,211.96854592,92.2063165231,211.977938387,117.923459321,166.016640029,85.4738287018,0.0260220526214,183.715006425,211.968556978,211.968482876,211.968536636,92.2063968554,211.968625683,52.2151684855,211.968281903,147.152074005,211.96926649,143.875752847,211.968579328,211.962573516,211.968488253,0.0160319317374,237.975724073
2011-04-27 22:00:00,110.385825523,211.968545351,92.2063081955,215.037979652,74.6871198055,0.00348391474587,211.968504203,211.968544629,92.2063159601,211.977936931,117.923457622,166.016639683,85.4738286754,0.0260186982005,183.715006314,211.968556905,211.968482681,211.968535361,92.2063660206,211.968614267,52.215160616,92.2064733859,147.15207392,211.969265321,143.875752877,211.968567891,211.962572984,211.968475005,0.0150504902938,237.975762343
2011-04-27 23:00:00,110.385823275,211.968545547,92.2063089864,215.037972159,74.6871318563,0.00348194695183,211.968504042,211.968544204,92.2063154288,211.977934493,117.923456905,166.016639432,85.4738285699,0.0260162851301,183.715006383,211.968556679,211.968482442,211.968533893,92.2063463743,211.968603827,52.2151725099,92.2063662501,147.152073854,211.969264647,143.875752904,211.968567959,211.962572343,211.968464467,0.0147495956823,237.9757816
2011-04-28 00:00:00,110.385822467,211.968545993,92.2063099775,215.03796828,74.6871156859,0.0034801503984,211.968499353,211.968543192,92.206315735,211.977933173,117.923449939,166.016639011,85.473828415,0.0260166402556,183.715006624,211.968556575,211.968482066,211.968532021,92.206340751,211.96859059,52.2151916924,92.2063406447,147.152073832,211.969273049,143.875752911,211.968570873,211.962571727,211.968490733,0.0149130340693,237.975822646
2011-04-28 01:00:00,110.38582199,211.968548457,92.2063098606,215.037966821,74.6871166605,0.00347851076541,211.968502851,211.968539824,92.2063153435,211.977931868,117.923449467,166.016638698,85.4738280655,0.0260151415081,183.715006549,211.968556369,211.968481829,211.968530882,92.2063399079,211.968580939,52.2151914783,92.2063360458,147.152073801,211.969275391,143.875752937,211.968596605,211.962571179,211.968511883,0.0147838037029,237.975736865
2011-04-28 02:00:00,110.385822984,211.968550212,92.2063094018,215.037966485,74.6871244595,0.00347686555748,211.968502808,211.968531764,92.2063148548,211.977931309,117.92344925,166.016638416,85.4738275373,0.0260137347319,183.715006415,211.96855644,211.96848196,211.968530943,92.206339839,211.968576312,52.2151928521,92.2063313458,147.152073758,211.969275448,143.875752953,211.968614982,211.962570486,211.968523723,0.0150919299617,237.975641457
2011-04-28 03:00:00,110.385826929,211.968553732,92.2063094768,215.037967991,92.2062928144,0.00347522965059,211.968509074,211.968514049,92.2063142252,211.977934279,117.923449906,166.016638231,85.4738282481,0.0260128089791,183.715006355,211.968556885,211.968482214,211.968531687,92.2063412066,211.968574855,52.215197974,92.2063309165,147.152073789,211.969270996,143.875753025,211.96860213,211.962569333,211.968544427,0.0170112673609,237.975820927
2011-04-28 04:00:00,110.385830751,211.968555338,92.2063100411,215.037974389,92.2062996022,0.00347399295826,211.968514255,211.968532374,92.2063145948,211.977935622,117.923452015,166.016638075,85.4738294422,0.0260119558959,183.715006782,211.968556511,211.968482898,211.968533678,92.2063677655,211.968575372,52.2152004373,92.2063307735,147.152073869,211.969279928,143.87575307,211.968616141,211.962567777,211.968564547,0.017401167242,237.975864253
2011-04-28 05:00:00,110.385829948,211.96855196,92.2063112326,215.037964377,92.2063009183,0.00347287084309,211.968516998,211.968534911,92.2063125778,211.977913015,117.923444502,166.016637819,85.4738301861,0.0260042926059,183.715000402,211.968554628,211.96848064,211.968530418,92.2063824549,211.968583618,52.2151992166,92.2063314455,147.152073928,211.969280705,143.875753023,211.968635908,211.962555423,211.968475102,0.0170438343797,237.975674356
2011-04-28 06:00:00,110.38580587,211.968541683,92.2063142253,215.037542165,92.2063013071,0.00347120811573,211.968518565,211.968523368,92.2062920448,211.968558807,117.923404938,166.016638241,85.4738289371,0.021154877573,148.809192829,211.968525458,211.968392496,211.968503156,92.2063403162,211.968606146,52.2151961595,92.2063411815,147.152072672,211.969184268,143.875752675,211.968650395,171.689518877,211.967944427,0.0147368882763,103.558322598
2011-04-28 07:00:00,82.7896156367,211.967691683,92.2063100957,174.180779104,74.6871183737,0.00346939257488,211.968517794,211.968341366,0.0200812781173,211.968449798,95.5179938873,166.016629467,85.473825046,0.0210552426989,148.809156377,171.694523831,171.694472086,171.694526211,92.2063358064,211.968604914,52.2151916167,92.2063315321,119.193182073,211.968507289,143.875745366,211.968622858,171.689478565,92.2068446467,0.0123547500198,103.519661514
2011-04-28 08:00:00,82.7894797404,92.2063399126,92.2063006033,174.18076275,74.6871148414,0.00346759585035,211.968515816,0.0150353612652,0.0200003736421,171.70216273,95.5179775904,134.473479638,85.4738131223,0.0208161060822,148.809152633,171.694518479,171.69446696,171.694518671,69.1549971999,211.968575172,52.215186315,92.2063249162,119.193179682,171.695141711,62.5863303724,211.968541092,158.97152123,92.2064080577,0.0111829171743,103.519548579
2011-04-28 09:00:00,82.7893221267,92.2063291062,74.6871228271,174.180753699,74.6871134299,0.00346579403995,211.968509703,0.0150078357003,0.0199852492553,171.702149336,95.5179013061,134.473472959,85.4737928585,0.0150056757457,148.809149821,158.976721003,171.694463616,171.694514598,0.0200066026759,211.968540749,52.2151822034,92.2063150904,119.193179017,171.695121837,62.5863284732,211.967736532,0.0100636629073,92.2063651217,0.0108613414162,103.519391306
2011-04-28 10:00:00,0.01497851589,92.2063275775,74.6871005898,174.180747974,74.6871076957,0.00346401742239,171.694501546,0.0150044034853,0.019814836929,171.702149859,88.4424622311,124.512676998,85.4737397281,0.0147618713393,148.809150033,0.0150154837092,171.694460268,171.694513023,0.0200000573691,211.968493843,52.2151793885,92.2062961468,119.193178,171.69510833,0.0150163929179,158.976560465,0.0150971627392,92.2063344234,0.0108102188064,103.518948158
2011-04-28 11:00:00,0.0149460681517,92.2063275694,0.0201893258615,174.180746067,74.6871064932,0.00346226801918,171.694459275,0.0150030087517,0.0199993685062,171.702146542,51.2967973993,0.0100145997062,85.4737825645,0.0208948860305,148.809152301,171.694484453,171.694465949,171.69451315,0.019999403965,211.967656943,52.2151793599,92.2061926481,119.193177353,171.695101293,0.0100035485145,158.976515432,171.689461256,92.2063173102,0.01093647508,0.0226781925616
2011-04-28 12:00:00,0.0150096410524,92.2063349724,74.6870956936,174.180747596,74.687107914,0.00346047475629,158.976491159,0.0150033034696,0.0200038041623,171.702149763,95.5179686337,134.473429985,85.4738029967,0.0210234117369,148.809154609,171.694518847,171.694467781,171.694512145,0.0199997322881,158.979267382,52.2151860269,92.2062142075,119.193178607,171.695112292,0.0100584326891,158.976521188,171.689473753,92.2062607325,0.0117908473917,103.519361242
2011-04-28 13:00:00,82.7893556828,92.2065686759,74.6866390892,174.180784505,74.6871105017,0.00345861991787,158.976512645,0.0150021272246,0.0200565538188,171.702183751,95.5179798349,134.473471094,85.473817849,0.0210544714145,148.809157243,171.694525066,171.694468907,171.69451915,0.0200004498995,158.980735313,52.2151833956,74.6889675674,119.193179158,171.695122887,0.0149961293681,158.976513035,171.689467364,92.2063527464,0.0121554672996,103.519472717
2011-04-28 14:00:00,82.7894895297,211.968529877,74.6864731046,174.181703341,74.6871138905,0.00345691792897,171.694496888,0.0150016569005,0.0200796747632,211.9685349,95.5180090097,134.473476501,85.4738209021,0.0210745638697,148.809173612,171.694524598,171.694475306,171.694583097,69.1546231615,211.968290253,52.215183286,0.0521284292028,119.193179755,171.695150592,62.5863280448,158.976556462,171.689494014,92.2064255611,0.0134912286836,103.519569523
2011-04-28 15:00:00,110.385648139,211.968549061,74.687114382,215.037870241,74.6871157809,0.0034551231413,171.694502104,0.0150015743749,92.2059698906,211.977837571,117.923425035,134.473481234,85.4738238135,0.0215748258736,183.714997001,211.968306154,211.968460211,211.968512831,69.1550226808,211.968508212,52.2151837119,92.2062865265,119.193181379,171.695291544,62.5863292731,158.978092235,211.962337243,211.967386363,0.0148634004722,103.51963867
2011-04-28 16:00:00,110.385811144,211.968553621,92.206306744,215.037961433,171.694486169,0.00345335009042,171.694535515,0.0150017225463,92.2063079011,211.977937366,117.923439082,134.473493411,85.4738267688,211.968767899,183.715005897,211.968539292,211.968480884,211.968534601,92.2063348068,211.968546287,52.2151866366,92.2063213281,147.152072885,223.743616901,62.5863314986,211.968478773,211.9626463,211.968481483,0.0150362920916,103.520798831
2011-04-28 17:00:00,110.385822522,211.968553963,92.2063129663,215.037979802,171.69451464,0.00345157461556,211.96854052,0.0150029903471,92.2063133194,211.977940778,117.923446055,166.016635257,85.4738283924,211.968810696,183.715008053,211.968544263,211.968483972,211.968538716,92.2063375873,211.968578466,52.2151876774,92.2063281555,147.152074228,223.743895183,177.625015713,211.968600087,211.962659175,211.968526495,0.0150662950608,138.024123979
2011-04-28 18:00:00,110.385826323,211.968553743,92.2063156501,215.037985516,171.694516502,0.0034498531064,211.968550034,0.0344819634429,92.2063169784,211.977940896,117.923446192,166.01665703,85.4738294671,211.968819655,183.71500862,211.968545484,211.968485064,211.9685401,92.206337967,211.968594704,52.2151871217,92.206339321,147.152074568,223.743924358,177.625023133,211.968609167,211.96266392,211.968559384,0.015106353169,138.025836506
2011-04-28 19:00:00,110.385825332,211.968554352,92.2063142683,215.037984656,171.694516556,0.00344813966056,211.968553392,0.0199698252379,92.2063169201,211.977940412,117.923442634,166.016660635,85.4738296145,211.968822422,183.715008142,211.968545575,211.968485049,211.968539845,92.2063373951,211.968594683,52.2151829202,92.2063341249,147.152074603,223.743932129,177.62502377,211.968598288,211.962664826,211.968583727,0.0150621595994,138.025834317
2011-04-28 20:00:00,110.385824658,211.968554679,92.2063127893,215.037980642,171.694517014,0.00344645001529,211.968555211,0.0150167096853,92.2063159122,211.977939452,117.923438832,166.016661311,85.4738292641,211.968823131,183.715007345,211.968545444,211.968484915,211.968539321,92.2063362734,211.968598626,52.2151790597,92.2063285232,147.152074527,223.743933917,177.625023934,211.968600491,211.96266491,211.968573442,0.0150239125661,138.025898098
2011-04-28 21:00:00,110.385822167,211.968553824,92.2063124266,215.037975793,171.694517354,0.00344444844436,211.968555578,0.0150069699666,92.2063153213,211.977937499,117.923433494,166.016661377,85.4738283695,211.968821593,183.715006514,211.968545294,211.968484804,211.968538024,92.2063343962,211.968593327,52.2151769133,92.2063253833,147.152074412,223.743933622,177.625024005,211.968573978,211.962664823,211.968560347,0.0148636204934,138.025926991
2011-04-28 22:00:00,110.385821123,211.968553053,92.2063113429,215.03796757,171.694517177,0.00344246039666,211.968555093,0.0150043960706,92.2063147569,211.977933871,117.923426344,166.016660835,85.4738283758,211.968818859,183.715005904,211.96854533,211.968484206,211.968536342,92.2063313689,211.96858301,52.2151757144,92.206323144,147.152074278,223.743929123,177.625024036,211.968561792,211.962664402,211.968557424,0.0147551475831,138.025958012
2011-04-28 23:00:00,110.385819548,211.968552565,92.2063105047,215.037961911,171.694517293,0.00344056237566,211.968554938,0.015004244705,92.2063144581,211.977930276,117.923419379,166.016660469,85.4738284213,211.96881688,183.715005013,211.968545205,211.968483542,211.968533718,92.2063272043,211.968574181,52.2151747253,92.2063218984,147.152074162,223.743938749,177.625024057,211.968534542,211.962663769,211.968553899,0.0147688355597,138.025950091
2011-04-29 00:00:00,110.385818953,211.968551699,92.2063097864,215.037957541,171.694517282,0.00343879084938,211.968554343,0.0150045488506,92.2063153158,211.977925761,117.923418396,166.016659895,85.4738282379,211.968816412,183.715004114,211.968545032,211.968482586,211.968531003,92.206328404,211.968559753,52.2151737025,92.206322,147.152074097,223.743939737,177.625024072,211.968529409,211.962663514,211.968545506,0.0147762982025,138.026126275
2011-04-29 01:00:00,110.385818278,211.968551997,92.2063086311,215.037954667,171.694517231,0.00343707290031,211.968554784,0.0150050275648,92.2063145455,211.977921144,117.923412576,166.016659515,85.4738280273,211.968814847,183.71500305,211.968544732,211.968481971,211.968528596,92.2063182616,211.968555757,52.2151719467,92.2063267157,147.152074019,223.743941154,177.625024105,211.968515097,211.962662892,211.96854807,0.0148745858872,138.026102601
2011-04-29 02:00:00,110.385818809,211.968552217,92.2063071133,215.037952851,171.69451724,0.0034354140797,211.968554766,0.0150075360433,92.2063135357,211.977917931,117.923408143,166.016659148,85.4738278311,211.968813753,183.715001539,211.968544491,211.968481365,211.968527119,92.2063246629,211.968552554,52.2151709339,92.2063286336,147.152073925,223.743941985,177.625024162,211.968491455,211.962662017,211.968550173,0.0148967402196,138.02609256
2011-04-29 03:00:00,110.385822281,211.968554186,92.2063063154,215.037953837,171.694517496,0.00343375119944,211.968554536,0.0150086964616,92.2063127079,211.977912593,117.923407063,166.016658792,85.4738280626,211.968814606,183.714999562,211.96854448,211.968480602,211.968525475,92.2063315287,211.968551367,52.2151736608,92.2063290618,147.152073834,223.743935682,177.625024289,211.968457985,211.96266075,211.96858287,0.0152391396744,138.026117765
2011-04-29 04:00:00,110.38582454,211.968555372,92.2063064808,215.037955882,171.694517728,0.00343247000496,211.968554526,0.0150127113396,92.2063125909,211.977902263,117.923402934,166.01665841,85.4738290141,211.968816532,183.714996667,211.968543417,211.968479693,211.968522757,92.2063339528,211.968549987,52.215175803,92.2063288128,147.152073738,223.743946582,177.625024408,211.96840708,211.962658931,211.968612887,0.0153940685522,138.026130661
2011-04-29 05:00:00,110.385822822,211.968552586,92.2063077324,215.037947688,171.694518013,0.00343137161559,211.968553804,0.0150091751318,92.2063074877,211.977722421,117.923294729,166.016657884,85.4738299093,211.968814223,183.714956616,211.968538257,211.968471812,211.968501968,92.206334185,211.968551512,52.2151720637,92.2063271165,147.152073381,223.743945435,177.625024462,211.968248911,211.962645372,211.968557075,0.0152516394991,138.025855451
2011-04-29 06:00:00,110.385796238,211.968546114,92.2063090674,215.037879785,171.694517437,0.00342971675412,211.968550332,0.0202843312363,0.0200124750751,211.968536242,0.020553767886,166.016658313,85.4738277537,211.968778413,148.80913117,92.2062756812,171.694288506,74.6879292407,92.2063189789,211.968553635,52.2151708082,92.2063240338,147.152064601,223.743913299,177.625024371,211.967848235,171.689709278,211.968429476,0.0147857504801,103.519580939
2011-04-29 07:00:00,82.7894620195,211.968459666,92.2062828182,174.18077774,171.694516102,0.00342786111955,211.968471546,0.015007465092,0.0199977354912,171.694568904,0.0202382449141,166.016652574,85.4738197091,171.694822005,148.809122305,0.0150132499402,171.694258897,74.6878858849,0.0199999116288,211.968543079,52.2151656275,92.2061163514,0.01495498787,223.743919685,177.625022929,69.1543906416,171.689684573,211.955691031,0.0121153367863,0.0219464958456
2011-04-29 08:00:00,82.7893662086,92.2063299519,0.0200007773629,174.180725882,171.694510293,0.0034260097981,92.2060701701,0.0150020468622,0.0199774775255,171.694555901,0.0200592363574,134.473506,85.4737818728,171.694738732,79.9152586065,0.0150041371755,171.694246709,74.6878514164,0.0199978831675,211.968468726,52.2151615243,0.0150379634104,0.0149529782201,223.743907472,143.876271886,69.1540838457,92.2039482087,171.693441052,0.0113423091197,0.0215525990319
2011-04-29 09:00:00,82.7892084279,92.2063228993,0.0199880036917,174.180707891,139.072554047,0.00342414727741,69.1548414785,0.0150007763286,0.0185430605473,171.694548608,0.0199894670532,134.473490062,64.1055954596,171.694725376,0.0101773838522,0.0149777676287,0.0100206657611,0.0100105253378,0.0162135128831,92.2063305399,52.2151565369,0.0150222756299,0.0139363906241,211.969015906,143.876269392,0.0150133302078,0.0100151070138,92.206453026,0.0110788979874,0.0200745482702
2011-04-29 10:00:00,0.0149856951452,92.2063172816,0.0162092213978,174.180693326,139.072493976,0.00342235141293,0.0150012336048,0.0150002854713,0.018977367701,171.694549289,0.0199762950001,134.473485282,64.1054742085,171.694652769,0.020043243242,0.0100332584646,0.0100085417634,0.0100065118139,0.0150171507373,92.2062658938,52.2151495761,0.01501732147,0.0100020497929,211.96829673,143.876268702,0.0149954263326,0.0100106576399,92.2064300162,0.0110765783105,0.0199767752028
2011-04-29 11:00:00,0.0148903617289,92.2063126754,0.0150094448121,161.280098246,74.6871332421,0.00342057806608,0.0149979077154,0.014999998695,0.019991532765,171.694550979,0.0199893916199,124.512722884,64.1054796718,158.976474807,148.809117759,0.0100295944748,0.0100256049817,0.0100115414226,0.0150046480088,0.015030817702,52.2151379578,0.0150209613324,0.0100021878035,181.232628934,143.876268206,0.0149899037097,0.0151022691014,92.206433896,0.0111081188709,0.0199418533383
2011-04-29 12:00:00,0.0149912901635,92.2063185488,0.0150064009584,174.18050276,74.6871229725,0.00341884533755,0.0149973542905,0.0149999801137,0.0199952586722,171.69455214,0.0200148867396,0.0196902881796,64.1054799286,171.694700414,148.809123752,0.0149641658296,171.694237096,69.1556147316,0.0162080056188,0.0150191553605,52.2151474232,92.2062772071,0.0139963394959,181.232620699,143.876268418,0.0150059519424,171.689662806,92.2064508837,0.0114498946781,0.0199301000513
2011-04-29 13:00:00,82.7893217411,92.2063219725,0.0150138452191,174.180697362,74.6871171473,0.00341697794738,0.0150005269726,0.014999743632,0.0199955014745,171.694554991,0.0202101773557,0.0100594301215,64.1059254564,171.694728102,148.809128472,0.0150042678297,171.694257763,74.6878824162,0.0162114888283,0.0150071783362,52.2151377854,74.6885467996,0.0149523532993,181.232622882,143.876268236,0.0150276130478,171.689697152,171.693697006,0.0118720231753,0.019995057622
2011-04-29 14:00:00,82.7893625181,92.2063265061,0.0162057382889,174.180715136,128.770890915,0.00341516536042,69.1548020493,0.0149997133126,0.0199989816309,171.694562035,0.0202489025428,134.473485987,85.4737349569,171.694739484,148.80914314,0.01500920063,171.694262767,74.6878902314,0.019997460667,0.0150088996246,52.2151404106,74.687789726,0.0149536876569,181.23268542,143.876268838,69.1542024627,171.68970184,171.694304441,0.0124475159031,0.021279139075
2011-04-29 15:00:00,82.7894349162,211.965973005,0.0199900252958,174.180801801,139.072551298,0.00341336142063,74.6871094949,0.0149997390166,0.0200054066116,211.968540504,51.2967487092,134.473491382,85.4738126792,171.694791574,183.714965636,0.0150224112101,211.968130949,74.6906130368,0.0199994106037,0.0151220308049,52.2151497893,92.2062873259,0.0149565521641,211.968561489,143.876269459,92.2056190138,211.962391975,211.9683404,0.0148576136354,0.0220214033847
2011-04-29 16:00:00,110.385791119,211.968545294,0.019999081082,215.037895101,139.072558332,0.0034116692375,92.206299304,0.0149997949939,0.0246915601238,211.968580579,117.923445439,134.473591127,85.4738240373,211.968810279,183.714972513,92.2062803894,211.968223315,92.2073105468,0.0200004958707,92.2062994407,52.2151575714,92.2063245561,0.0184619451233,223.743926402,143.876272162,92.205687782,211.962596236,211.968516656,0.015149394464,103.519251398
2011-04-29 17:00:00,110.385809383,211.968549552,0.0200014317297,215.037920076,171.694512843,0.00340994663284,92.2063087289,0.014999958662,0.0246987633295,211.968584377,117.923460692,166.016649071,85.4738273776,211.968824098,183.714974855,92.20629359,211.968227373,92.2073182377,0.0200120617387,211.967832924,52.215156911,92.2063508131,0.0184630471195,223.74394646,177.625022736,92.2057171088,211.962604084,211.968537886,0.0152136408979,103.519420015
2011-04-29 18:00:00,110.385813906,211.968550917,0.0200023469873,215.037927177,171.694515458,0.00340817605286,92.206314442,0.015000478171,0.024702493782,211.968584573,117.923465238,166.016655023,85.4738285275,211.968830001,183.714975453,92.206296029,211.968229041,92.2073209851,0.0200155493467,211.968511925,52.2151546368,92.2063448773,0.0184634217675,223.743948852,177.625024015,92.2057541058,211.962607112,211.968552184,0.0153255721859,103.519504181
2011-04-29 19:00:00,110.38581331,211.968551329,0.0200015737671,215.037927315,171.694515769,0.00340614747252,92.2063130086,0.0150001466089,0.0247020946545,211.968584454,117.923462749,166.016657125,85.4738287951,211.968830687,183.714975057,92.206296777,211.968229421,92.207321674,0.0200136853943,211.968513452,52.2151526415,92.2063393417,0.0184634529165,223.743945209,177.625024194,92.2057609291,211.962607757,211.968552935,0.0152481350376,103.519527386
2011-04-29 20:00:00,110.385813277,211.968551838,0.0200007394078,215.037924491,171.694515999,0.00340468942305,92.2063142248,0.0149999391239,0.02470074142,211.968583936,117.923460339,166.01665729,85.4738285036,211.968829978,183.714974359,92.2062972744,211.968229441,92.2073214364,0.0200107083137,211.968515712,52.2151506093,92.2063479203,0.0184633807257,223.743941807,177.625024182,92.2057464237,211.962607969,211.968532203,0.0152253429709,103.519535482
2011-04-29 21:00:00,110.385811777,211.968550508,0.0200001639272,215.037921175,171.694515968,0.0034028146844,92.2063143619,0.0149998484095,0.0246995225262,211.968582645,117.923458433,166.016657062,85.4738279804,211.968827881,183.714973793,92.2062975956,211.968229341,92.2073207978,0.0200047072783,211.96850535,52.2151492175,211.966577287,0.0184632599304,223.743934037,177.625024156,92.2057008814,211.962607717,211.96852401,0.0150680795989,103.519559979
2011-04-29 22:00:00,110.385810421,211.968548759,0.0199995589789,215.037915453,171.694515337,0.00340074440638,92.2063119784,0.0149997689825,0.0246982898852,211.968580603,117.92345571,166.01665643,85.4738276347,211.96882466,183.714972999,92.2062977842,211.968228786,92.2073198407,0.0200026488942,211.968491784,52.2151474598,211.968232081,0.0184630976381,223.743926001,177.625024085,92.205543631,211.962606974,211.968524504,0.0150533654672,103.519569766
2011-04-29 23:00:00,110.385808535,211.968547754,0.0199991472327,215.037910028,171.694515201,0.00339890392186,92.2063074926,0.0149997519382,0.0246983192225,211.968578259,117.92345536,166.016655739,85.4738274959,211.968821297,183.714972388,92.2062978091,211.968228143,92.2073184108,0.0200022060769,211.968472588,52.2151459073,211.968374461,0.0184629162288,223.743918232,177.625024008,92.1924109625,211.962606116,211.968528366,0.0149768989875,103.519572372
2011-04-30 00:00:00,110.385807081,211.968548166,0.0200006659743,215.037905139,171.694511821,0.00339711781732,92.2063109465,0.0149998819331,0.0246966211525,211.968576508,117.923453554,166.016655185,85.4738271163,211.968817971,183.714971799,92.2062975742,211.968227326,92.2073168898,0.0200026889019,211.968442961,52.2151468777,211.967847821,0.0184626645015,223.743925619,177.625023974,92.2056492238,211.96260516,211.968530866,0.0147850882054,103.519515047
2011-04-30 01:00:00,110.385805638,211.968546939,0.019999595113,215.037901317,171.69451298,0.00339534274282,92.2063020107,0.0149998214657,0.02469786238,211.968574513,117.923453927,166.016654586,85.4738268081,211.968814781,183.714970825,92.2062972699,211.968226601,92.2073156939,0.0200020613938,211.968394572,52.2151453051,211.9684363,0.0184624406132,223.743920588,177.625023924,92.2056448353,211.962603965,211.968539334,0.014929889525,103.519527961
2011-04-30 02:00:00,110.385805113,211.968543824,0.019999216453,215.037897464,171.6945137,0.00339362174376,92.2062921849,0.0149997781494,0.0246974912987,211.968572465,117.92345474,166.016653814,85.4738263627,211.968811336,183.714969611,92.2062967136,211.968225921,92.2073143098,0.0200023829774,211.968184537,52.2151430647,211.96848299,0.0184621247171,223.743913158,177.62502385,92.2056134246,211.962602268,211.968534664,0.0149177364847,103.519540319
2011-04-30 03:00:00,110.385805082,211.968540722,0.0199993027462,215.037891519,171.694514084,0.003391866394,92.2062874532,0.0149997471507,0.0246954400215,211.968569416,117.923453441,166.016652919,85.4738267657,211.968807039,183.714967258,92.2062961263,211.96822475,92.207312368,0.020003056661,0.0433732233429,52.2151415568,211.968496034,0.0184617753021,223.743895439,177.625023783,92.2055615259,211.962599486,211.968537622,0.0150473323249,103.519563816
2011-04-30 04:00:00,110.385804222,211.968533302,0.01999923449,215.037883856,171.694513921,0.00339021680328,92.2062719567,0.0149997562667,0.0246905466001,211.968563235,117.923450481,166.016651653,85.4738267424,211.968800823,183.714963248,92.2062949862,211.968223557,92.2073091882,0.0200022903779,0.0152818091906,52.2151400163,211.968508626,0.0184613855546,223.743888006,177.625023644,92.2054263536,211.962594992,211.968540113,0.0151301974421,103.519578532
2011-04-30 05:00:00,110.38579845,92.2065099081,0.0199991505967,215.037846255,171.694513287,0.00338864314679,92.2061557022,0.0149997595108,0.0246160738552,211.968466931,117.923417161,166.016649552,85.4738260807,211.968776107,183.71479815,92.2062896653,211.968215605,92.2072784425,0.0200021955497,0.0150783616328,52.2151372608,211.968516547,0.0184608210251,223.743864591,177.625023503,92.2048304421,211.962562838,211.968419348,0.0149611656915,103.519499524
2011-04-30 06:00:00,110.385682462,92.2063092322,0.0199973201688,174.178898538,171.694508008,0.00338713171381,0.019998617173,0.0149997759968,0.0200002673994,0.0101323956701,51.2968170887,166.016647689,85.4738202152,158.978102744,0.0200246473005,0.0150241428514,171.694255779,69.1563155915,0.0199998719694,0.0150573722432,52.2149000637,211.968508193,0.0150060103377,223.743787679,177.625023116,0.015135082173,92.2040155051,211.967938388,0.0136841839393,103.518832741
2011-04-30 07:00:00,0.0149784013549,0.0150223871555,0.0199546481872,174.178822173,74.6871159905,0.00338562595313,0.0150270711265,0.0149996646982,0.0162119396822,0.010111476659,51.2967750175,166.016638352,85.4737490775,158.977872049,0.0200147289215,0.0149968001954,171.694245235,69.1562971841,0.0199953116917,0.0150188092081,22.7138231172,171.693704205,0.0149537219717,211.968807052,177.625020405,0.0150005435393,92.2039906724,92.2064440446,0.0119974354076,0.065070306665
2011-04-30 08:00:00,0.0149386536951,0.0150058484128,0.0150226418986,161.278231193,74.6871124622,0.00338398918231,0.0150033488221,0.0149995648134,0.0150092553183,0.0100661623766,0.0205959125396,166.016042532,64.1053993477,158.977836971,0.0199239130767,0.0149869995339,171.694016876,0.0100132807992,0.0154379066342,0.0150030398923,22.7137959033,92.206335434,0.0149508863993,171.694525977,143.876226803,0.0149294056914,92.2038182411,92.2063578117,0.0115481186162,0.0216153438134
2011-04-30 09:00:00,0.0100964277839,0.0150025031,0.0150012568631,0.0100982907524,60.496565211,0.0033821832781,0.0149975913865,0.0149994766091,0.0149951159808,0.0100050320766,0.0103114769201,134.473453757,64.1053637931,0.0240577572042,0.0100050180712,0.0100232335905,0.0100074548181,0.0100045096122,0.0150005943402,0.0149978714126,22.7137767011,92.2063315884,0.0149500226815,171.694434485,143.876217682,0.0148445942137,0.0104677679454,92.206328473,0.0114195000543,0.0200708987633
2011-04-30 10:00:00,0.0100167690605,0.0150020958755,0.0149987667149,161.278204865,56.015364941,0.00338027385199,0.0149902633296,0.0149993993775,0.014987227406,0.0100034033801,0.0100345419221,134.473446652,64.1053515082,0.0100189419295,0.0100042381535,0.010005983912,0.0100048827122,0.0100036516908,0.0149989545674,0.0149945362031,22.7137718494,92.2063312842,0.0149493776675,158.983606207,143.876216592,0.0147901723478,92.2019094222,92.2063059394,0.011476613005,0.0200638229011
2011-04-30 11:00:00,0.010013854358,0.0150025680247,0.014997253573,174.178758932,0.0150039745943,0.00337852405421,0.014965041764,0.0149993270358,0.0149955436411,0.0100060115238,0.0199540676459,134.473439948,64.1053504736,0.0100442379821,0.0100060146427,0.0149199097569,0.0100228815081,0.0100070373533,0.0149989019969,0.0149925070387,22.713737064,92.2063348615,0.014949223808,171.683997148,143.876215939,0.0147591456373,92.2035780925,92.2062370223,0.0115339072098,0.0200037437358
2011-04-30 12:00:00,0.0100281130035,0.0150038244596,0.0149973590843,174.178818456,0.0150010344407,0.00337677070399,0.0149805425909,0.0149992716148,0.0150077535245,0.0100465843477,51.2966874772,134.473436865,64.1053595009,158.976050647,0.0199682362357,0.0149793907517,171.694242198,69.156285071,0.0149997168459,0.014990054067,0.0150578446026,92.206353186,0.0149496561321,158.984496848,143.876215437,0.0147607899307,92.2039635298,74.6873465579,0.0119806592411,0.0200357776853
2011-04-30 13:00:00,0.0148592622095,0.0150068374541,0.0149990484465,174.178840268,0.0150061009252,0.00337499220941,0.0149951610798,0.0149992820692,0.0162007069498,0.010106606695,51.2967910298,124.51296853,64.1053851505,158.977836538,0.0200174681481,0.0149945900236,171.694247004,69.1563074971,0.0150012553937,0.0149886802413,0.016920614834,92.2063674373,0.0149500028347,171.694412454,143.876214784,0.0147814011029,92.2039925624,74.6875447261,0.0124336906723,0.0329454155492
2011-04-30 14:00:00,0.0149561661452,0.0150340330393,0.0150022015847,174.178871357,56.0153665779,0.00337325536263,0.0150055420795,0.0149993577294,0.0162120628817,0.0101180417332,51.2969854079,134.473444163,64.1055862537,158.97786583,0.0200277670906,0.0149969736204,171.694254225,69.1563302951,0.0154480158171,0.0149908612997,0.0151571292305,171.693094195,0.0149505083509,171.694437138,143.876216127,0.0148894685339,92.2040049063,74.6878079816,0.0146006056714,0.0652368317964
2011-04-30 15:00:00,0.0150280120127,92.2063139628,0.015029166888,215.037449247,60.4965656535,0.00337155388825,0.015088120038,0.0149994583679,0.0199956991508,92.2041631099,117.923680498,134.473446993,85.4737873757,158.977999237,183.714585753,0.0150055389018,171.694354451,211.966988357,0.019996204791,0.0149944455693,0.015011800283,211.968481015,0.0149567713567,171.694457278,143.876216685,0.0149610102459,92.2041023804,92.2063100057,0.014892542059,103.51927741
2011-04-30 16:00:00,110.385737548,92.2063580681,0.0199833308911,215.037930379,74.6871147424,0.00336983994488,0.0198164106506,0.0149995401488,0.0200471440536,92.2047153216,117.923744052,134.473453764,85.4738180707,211.968667551,183.714632519,0.0198437357036,211.968486554,211.968395968,0.0200009902468,0.0149993138353,0.015017037323,211.968541365,0.0184467660275,211.968405649,143.876217694,0.0150292481584,122.93528875,92.2064145395,0.0150245376793,103.519549566
2011-04-30 17:00:00,110.385782163,211.968429628,0.0199985648314,215.037971267,74.687117882,0.00336817038299,0.0198278043195,0.0149996365064,0.0200529331587,92.204723652,117.923757495,166.016582639,85.4738239311,211.968700128,183.714637156,0.0198690564918,211.968498293,211.968412188,92.2063352359,0.0150184427279,0.0150187085836,211.968544355,0.0184565646371,211.968438549,177.62495671,0.0195968583453,122.935302599,92.2064696895,0.0151362465587,103.519584185
2011-04-30 18:00:00,110.385791671,211.968531851,0.0199996699704,215.037984888,74.6871178515,0.00336640551861,0.0198312708611,0.0149998297368,0.0200711619749,92.204726115,117.923763588,166.016600647,85.4738252766,211.968710609,183.714638834,0.0198731596701,211.968501822,211.968416106,92.2063379183,0.0183747109877,0.0150208366822,211.968543969,0.0184568542882,211.968445328,177.62495911,0.0196704259075,122.935307277,92.2070183934,0.0151727947234,103.51960901
2011-04-30 19:00:00,110.385792707,211.968535488,0.0200002420761,215.03798769,74.6871180749,0.00336474706388,0.0198302660382,0.0149998079547,0.0200661865766,92.204727066,117.923758487,166.016603021,85.4738259046,211.968712889,183.71463909,0.0198740360383,211.968502974,211.968417381,92.2063378479,0.0151267531917,0.0150119934962,211.968542432,0.0184568431417,211.968444794,177.624959374,0.0196340052789,122.935308312,92.2067099388,0.0150819613078,103.519631131
2011-04-30 20:00:00,110.385793899,211.968540099,0.0200005586006,215.037985447,74.6871182035,0.00336300976203,0.0198234298707,0.0149997542417,0.0200538466304,92.2047274294,117.923754969,166.016603076,85.4738257657,211.968713551,183.714638841,0.019874497827,211.968503272,211.968417489,92.2063379522,0.0150513826167,22.7122646719,211.968526291,0.0184567773848,211.968443853,177.624959366,0.0150332656095,122.935308482,92.2064382484,0.0150447154292,103.519657664
2011-04-30 21:00:00,110.385792278,211.968539336,0.0200007102457,215.037982583,74.6871184703,0.00336121908043,0.0198122558937,0.0149996913133,0.0200512337035,92.2047271238,117.923752033,166.016602756,85.4738256512,211.968711957,183.714638477,0.0198747881148,211.968503333,211.968417095,92.2063383052,0.015038221108,22.713717459,211.968469114,0.0184566990477,211.968442238,177.624959327,0.0150254034768,122.935308348,92.2064407986,0.0149365688398,103.519695076
2011-04-30 22:00:00,110.38579096,211.968536508,0.0200006693942,215.037976153,74.6871177439,0.00335927093389,0.0195254421377,0.0149996875248,0.020048418246,92.2047264391,117.923748267,166.016602169,85.4738258836,211.968709236,183.714638158,0.019874949758,211.968502967,211.968416307,92.2063383678,0.0150292835083,22.714010112,171.694549769,0.0184566687045,211.968440002,177.624959238,0.0150227058997,122.935307884,92.2064395507,0.0148866400802,103.519707885
2011-04-30 23:00:00,110.385789022,211.968530617,0.0200005989994,215.037970888,74.6871177118,0.00335743958907,0.0196613318376,0.0149996368782,0.0200451600759,92.2047257115,117.923743585,166.016601359,85.4738253228,211.968706796,183.714637875,0.0198749265764,211.968502604,211.968414971,92.206338718,0.0150272040533,52.2148488928,92.2063476067,0.0184566152458,211.968441883,177.62495913,0.0150322592968,122.935307109,92.2064428765,0.0148286739016,103.519689148
2011-05-01 00:00:00,110.385787813,211.968516419,0.0199998471667,215.037967562,74.6871162018,0.00335572080798,0.0198304966596,0.0149996465079,0.0200436000741,92.2047248057,117.923734793,166.01660044,85.4738248622,211.968704877,183.714637408,0.0198747613448,211.968502033,211.968413608,92.206339244,0.0150211120301,52.215091483,92.2066913684,0.0184564498872,211.968439732,177.624958965,0.0150489735316,122.935306122,92.2064259557,0.0148129558219,103.519634921
2011-05-01 01:00:00,110.385785675,211.968485285,0.0200005260714,215.037965112,74.6871160591,0.00335388301995,0.0198338404006,0.0149996107847,0.020044402176,92.2047239185,117.923717529,166.016599538,85.4738244171,211.968703848,183.714636962,0.0198745242343,211.968501731,211.968412779,92.2063395579,0.0150141956297,52.2150853672,211.968450336,0.0184563093764,211.968437352,177.624958868,0.0152208499057,122.935305245,92.2064201539,0.0148023220682,103.519592152
2011-05-01 02:00:00,110.385784302,92.2068889973,0.0200010157148,215.037965379,74.6871158392,0.00335218524295,0.0198361687935,0.0149995845657,0.020044067123,92.204722574,117.923666685,166.016598511,85.4738238419,211.968702957,183.714636085,0.0198739440737,211.968501538,211.968412116,92.2063397649,0.0150080936872,52.2150395368,211.968512887,0.018456101612,211.968433584,177.624958775,0.0192790348497,122.935303921,92.2063987189,0.0147499612161,103.519542008
2011-05-01 03:00:00,110.385781641,92.2063338051,0.0200008918816,215.037964734,74.6871158641,0.00335045795516,0.0198372929775,0.0149995743763,0.0200366805548,92.204720227,117.92351446,166.016597356,85.4738236991,211.968701602,183.714634483,0.0198732004561,211.968500933,211.968411078,92.206339472,0.0150059142919,52.2150041077,211.968500152,0.0184558319978,211.968427623,177.624958639,0.0195197638726,122.935301265,92.2063629291,0.0148435124335,103.519528651
2011-05-01 04:00:00,110.385778122,92.2063232603,0.0200000750417,215.037968453,74.6871154292,0.00334873766744,0.0198360552729,0.0149995595083,0.0200130128469,92.2047147791,117.923462454,166.016595693,85.4738228168,211.968699917,183.714631061,0.0198720115367,211.968501213,211.968411286,92.2063386232,0.0150046155865,22.7137095809,211.968469372,0.018455233464,211.968418949,177.62495839,0.0195144302156,122.935296685,92.2062503322,0.0149014126591,103.519527016
2011-05-01 05:00:00,110.38576484,0.0151747333628,0.019998821991,215.037960182,74.6871149119,0.00334715020436,0.0198323269728,0.0149995454305,0.0200014313134,92.2046641652,51.2968735994,166.016592661,85.4738208063,211.968694671,183.714593697,0.0198679793302,211.968494881,211.968407899,92.2063376371,0.0150023275407,22.7137065403,211.9684245,0.0184538241191,211.968393804,177.624958075,0.0194564450003,122.935272908,0.0158529539614,0.0148923694281,103.519480959
2011-05-01 06:00:00,0.0104156832037,0.015001615344,0.0199954635174,215.03791252,74.6871132129,0.00334554295042,0.0198308911116,0.0149995658579,0.0199955456027,69.1537497102,0.0200526782803,166.016588107,85.4737921848,211.968505986,0.0203248502312,0.015124548857,171.695531349,211.968338974,92.2063327127,0.0150000450668,22.7136517935,211.968312924,0.0149929842568,0.0113082715316,177.624957273,0.0195231429761,92.2034691207,0.0161473460606,0.0147010001605,103.519481526
2011-05-01 07:00:00,0.0100995819471,0.0149998798845,0.0150910487684,215.037466729,74.6868975013,0.00334416340146,0.0150461150554,0.0149994921549,0.0151804562685,69.1537339702,0.0199999430441,166.016556546,64.1053372948,171.694660965,0.020310716805,0.0150005739977,171.694506773,171.694420709,0.019996772782,0.0149984455009,0.0150098885964,211.968314879,0.0100120208806,0.0107679359662,177.62491651,0.0150360909027,92.2034395537,0.0150226003506,0.0123331112537,77.6398903538
2011-05-01 08:00:00,0.0100530870078,0.0149991844558,0.0150081051341,174.180838496,56.0153923782,0.00334250520411,0.015000440492,0.0149994376974,0.0151612511877,69.1535258879,0.0199864571468,72.2172297527,64.1052467159,171.694648956,0.0203054825502,0.0149941844804,171.694501029,171.694413478,0.019757951921,0.0149969417946,0.0150023457308,92.2064046024,0.0100103454737,0.0106996917672,0.0150073554668,0.014770178951,92.2034002472,0.0150026166909,0.0120932281661,77.6397488138
2011-05-01 09:00:00,0.0100087025125,0.0149985109367,0.0150002690461,174.180828901,56.015339766,0.00334068768137,0.0149932882556,0.0149993804734,0.0150014085005,0.0100311158336,0.0199163661483,72.2171634638,0.010044010414,171.694641453,0.020291266941,0.0149878381851,171.694495333,171.694406623,0.0149997946308,0.0149952188508,0.0150013174849,92.2063331068,0.0100085355722,0.0100325596688,0.0150050020939,0.0147217698301,85.3737963718,0.0149899646195,0.0119382164117,77.6397743299
2011-05-01 10:00:00,0.0100058056603,0.014998478958,0.0149981100343,174.180848694,0.0199766216097,0.00333893613924,0.014978890545,0.0149993187123,0.0149982979722,0.0100193523472,0.0100275300447,72.2171505286,0.0100114601963,171.694635046,0.020061835722,0.0148298513608,171.694494079,171.694403519,0.0149956904957,0.0149937034353,0.0150009859447,92.2063242551,0.0100024369735,0.0100158096473,0.0149968623506,0.0146877226659,0.0153406204116,0.0149870032981,0.0118488406861,77.6398002894
2011-05-01 11:00:00,0.0100134455669,0.0149984228333,0.0149965738169,174.181414367,0.015001351489,0.00333714940736,0.0149096029222,0.0149992843034,0.0149976178223,0.0149408245916,0.0100130387714,0.0170511061717,0.010009268618,171.694632266,0.0201991718514,0.0100142965606,171.694493226,171.694407222,0.0100272293796,0.0149931577887,0.0150007231898,92.2063206435,0.0100012019531,0.0100420559152,0.0100025864612,0.0146529720934,92.2011503879,0.0149902593436,0.0119023926819,77.6398971835
2011-05-01 12:00:00,0.0100302967803,0.0149989213751,0.0149966944685,215.03356923,0.0150030355654,0.00333539838353,0.0148937937753,0.0149992489878,0.0150021278261,69.1537096195,0.0102409497055,0.0100174882591,0.010011885152,171.694633984,0.0202697783899,0.010007947438,171.694492877,171.694408455,0.010033697902,0.0149919682731,0.0150031080001,92.2063196748,0.0100012152993,0.0106755224555,0.0100022049386,0.0146706626738,92.2034295252,0.0150076676637,0.0120185768767,103.518011749
2011-05-01 13:00:00,0.0100177559951,0.0149992834202,0.014998636041,215.034519108,0.0199903905436,0.00333370667726,0.0149783294247,0.0149992551403,0.0151346029634,69.1537380457,0.0199934485441,72.2170642543,0.0100334314325,171.69464072,0.0203031784877,0.0148412730557,171.694496745,171.694449978,0.0149979549241,0.0149887259816,0.0150012640546,92.2063173986,0.0100029340921,0.0107394110232,0.0149916709417,0.0147082457837,92.2034377644,0.0150287417115,0.0123380610783,103.519505643
2011-05-01 14:00:00,0.0100941821653,0.0150001172283,0.0150019827557,215.03738836,56.0153518634,0.00333198892373,0.0149942073425,0.0149993170282,0.015173789127,69.1537499267,0.0200039612636,72.2171530384,64.1052465309,171.694652281,0.0203119813633,0.0149916355037,171.694504077,171.694649392,0.0150160989033,0.0149897294883,0.0150010211119,92.2063156985,0.0100101883986,0.0107707216782,0.015003074357,0.0147627524876,92.2034507074,0.0160927159555,0.0140212041312,103.519557759
2011-05-01 15:00:00,0.0101685474347,0.015002950554,0.0150292950404,215.037902227,56.0153971108,0.00333034921438,0.0149997176352,0.0149994076313,0.0199445741035,211.968295182,0.0200400569588,72.2171581004,64.105337213,171.694699742,0.0203689577619,0.0150001557186,211.96843471,211.96840623,0.0199878670504,0.0149930658041,0.0150018416747,92.2063215264,0.0100118910854,0.0108467653889,0.0150048792242,0.0148783387432,113.831362793,92.2063752236,0.0149228225473,103.519610971
2011-05-01 16:00:00,110.385743988,92.2063152579,0.0199983656045,215.037961654,74.6871144606,0.00332867164163,0.0150100429772,0.01499950381,0.020003434366,211.968405702,51.2966169928,72.2171617887,85.4737884511,211.968683578,183.714966936,211.968249421,211.968499034,211.968415651,92.2063359358,0.0149961043808,0.0150101648044,92.2063258234,0.0150041398519,211.96803396,0.0150064524444,0.018730543309,113.831418129,211.968422158,0.0150163239283,103.519717295
2011-05-01 17:00:00,110.385797548,92.2063231986,92.2061548522,215.037980043,74.6871169559,0.00332698383178,0.0198847168046,0.0149995969041,92.2062864568,211.968412456,51.2967118896,72.2172442198,85.4738202573,211.968699699,183.714986728,211.968321256,211.968503047,211.968418942,92.2063425179,0.0150000228408,52.2150475712,113.834713294,0.0185145896734,211.968159098,177.624818334,0.0197990352973,113.831424471,211.968521705,0.0150857087844,103.51977175
2011-05-01 18:00:00,110.385806514,92.2063267533,92.2061797121,215.037987828,74.6871179482,0.00332537852025,0.0199622912838,0.0149997227165,92.2063058226,211.968414559,51.2967257537,89.1569909259,85.4738240054,211.968705237,183.714991314,211.968324936,211.968504047,211.968420288,92.206341815,0.0150204580513,52.2150956376,113.834925765,0.0185158615285,211.968181423,177.624918934,0.0198194478447,113.83142741,211.968559913,0.0150669037431,103.519623193
2011-05-01 19:00:00,110.385807696,92.206325181,92.2061717637,215.037985747,74.6871181844,0.00332379728852,0.0199638653202,0.0149997377456,92.2063087778,211.968415441,51.2967300757,89.1569950222,85.4738253969,211.968705403,183.714992052,211.968326134,211.968503454,211.968420363,92.206340734,0.0150211912597,52.2150910888,92.2063895097,0.0185162173332,211.968186747,177.624919874,0.0197513741722,113.831427897,211.968575736,0.0150459549727,103.519554655
2011-05-01 20:00:00,110.385808926,92.2063255681,92.2061673402,215.037980314,74.6871184401,0.00332218453134,0.0199671844954,0.0149997624315,92.2063104155,211.96841578,51.2967316546,89.156995756,85.4738252658,211.968705079,183.714991216,211.968326648,211.9685024,211.968419771,92.2063399953,0.0150144392128,52.2150854634,92.2063288036,0.0185163344571,211.968189336,177.624920108,0.0198250966537,113.831428061,211.968567264,0.0150015050985,103.519210357
2011-05-01 21:00:00,110.385807639,92.2063255862,92.2061670383,215.037970949,74.68711822,0.00332013257265,0.0199704644612,0.0149997436375,92.2063111394,211.968415242,51.2967308196,89.1569959266,85.4738244497,211.968702163,183.714990943,211.96832723,211.968500964,211.96841873,92.2063395949,0.0150061413096,52.2150822463,92.2063260916,0.018516361943,211.968189262,177.624920185,0.0198288645321,113.831427823,211.968554444,0.0149929424794,77.64015937
2011-05-01 22:00:00,110.385807138,92.2063250662,92.2061646044,215.037961856,74.6871172609,0.00331822922438,0.0199723207275,0.0149996948798,92.2063110572,211.968414575,51.2967297261,89.1569956107,85.4738253475,211.968697803,183.714991524,211.968327646,211.968499061,211.968417325,92.2063391603,0.0150023745214,52.2150800638,92.2063239646,0.0185163314236,211.968188757,177.624920192,0.0198831295384,113.831427448,211.968544095,0.0149845173925,77.6399853114
2011-05-01 23:00:00,110.385806262,92.2063245059,92.2061661834,215.037952715,74.6871169866,0.00331633633429,0.0199749793342,0.0149996527629,92.2063106373,211.968413792,51.2967296577,89.1569952777,85.4738252241,211.968696086,183.714992625,211.96832786,211.968496883,211.968415398,92.2063391886,0.0150008763434,52.2150763471,92.2063265576,0.0185162980897,211.968192851,177.624920207,0.0199240690026,113.831426535,211.968536981,0.015031235719,77.6399824568
2011-05-02 00:00:00,110.385806526,92.206323317,92.2061828052,215.037945879,74.6871166129,0.00331462200223,0.0199787567819,0.014999669798,92.2063106707,211.968413307,51.2967264756,89.1569949251,85.473825008,211.968694362,183.714993324,211.968328055,211.968493046,211.968413435,92.2063390537,0.0150030793926,52.2150830218,92.206331068,0.0185162569472,211.968192662,177.624919968,0.0199467200301,113.831425221,211.968559864,0.0150940154633,77.6399301816
2011-05-02 01:00:00,110.385806181,92.206322329,92.2061911352,215.037938187,74.6871163443,0.00331293774552,0.0199800184129,0.0149996589342,92.2063106398,211.968412786,51.2967308754,89.1569945251,85.4738251205,211.96869241,183.714994361,211.968327981,211.968491126,211.968411661,92.20633878,0.0150014941471,52.2150761984,92.2063378885,0.0185162290096,211.968191538,177.624920059,0.0199630499376,113.831424015,211.968568294,0.0151706655764,77.6402429813
2011-05-02 02:00:00,110.385807337,92.206317017,92.2061733305,215.037931839,74.6871163934,0.00331128659148,0.0199824974095,0.0149996496589,92.2063101917,211.968412099,51.2967335101,89.1569941725,85.4738251216,211.968690266,183.714994926,211.968328004,211.96849163,211.968409595,92.2063376909,0.0150007862673,52.2150721297,92.2063389386,0.0185161989679,211.968186048,177.62492021,0.0199788795341,113.831422809,211.968569884,0.0154631614367,103.518477365
2011-05-02 03:00:00,110.385810338,92.2056626123,92.2061493361,215.03792258,74.6871169073,0.00330968565894,0.0199842519103,0.0149996385496,92.2063091791,211.96841104,51.2967358576,89.1569938457,85.4738259033,211.968686033,183.714995374,211.968328297,211.968492361,211.96840757,92.2063385624,0.0150009186508,52.2150801315,92.2063321211,0.0185162223183,211.96818575,177.624920432,0.0199801634867,113.831421114,211.968592491,0.0177789229132,103.5194303
2011-05-02 04:00:00,110.385812916,0.015024399645,0.0203119475655,215.037908462,74.6871173783,0.00330849242089,0.0199848616058,0.0149996188725,92.2063077136,211.968409274,51.296739513,89.1569933921,85.4738267191,211.968683277,183.714996193,211.968327875,211.968491618,211.968404732,92.2063389582,0.015000843254,52.2150695281,92.2063277192,0.018516279462,211.968186229,177.624920533,0.0199766112259,113.831418085,211.968611583,0.0187575297056,103.519506161
2011-05-02 05:00:00,110.385810772,0.0150072349998,0.0200156995685,215.037832527,74.6871172912,0.00330733199422,0.0199792216695,0.0149996098814,92.2063051561,211.968394019,51.2967276265,89.1569924799,85.4738275272,211.968664218,183.714994611,211.968324943,211.968477601,211.968395049,92.2063382228,0.0149997352599,52.2150481959,92.2063174759,0.0185162409051,211.968180601,177.624920603,0.0199662086856,113.831399462,211.968528762,0.0180690702629,103.519396042
2011-05-02 06:00:00,110.385776894,0.0150021059642,0.0200009533518,161.278328579,74.6871159286,0.00330572056387,0.0199689326234,0.0149996102102,92.2063060408,171.694402293,51.2966309833,89.1569915936,85.4738239274,211.964826736,183.714984551,211.967516227,0.01505590401,211.968294784,0.0201595821573,0.0149984657817,52.2150743885,92.2063077654,0.018511832734,171.694267401,177.624920614,0.0199266744497,0.0104568447546,211.968482244,0.0155755008373,103.519169121
2011-05-02 07:00:00,82.7893771935,0.0150016321019,0.0199946041746,161.278003001,74.6871132512,0.00330387967326,0.015010648283,0.0149995498875,74.6870503389,171.694386318,38.4728881193,89.1569815036,85.4738046461,0.0116205896749,148.809281662,168.408893517,0.0147883057707,171.694264352,0.0200011869446,0.0149975121243,52.2150324592,92.2059537595,0.0149981494626,171.694233744,177.624919348,0.0179891274609,0.0102276789771,211.968374577,0.0151631054152,103.519083187
2011-05-02 08:00:00,82.7893169637,0.01500110538,0.0153422774406,161.277925517,56.0153856973,0.00330204289175,0.014999457254,0.0149994792365,74.6870149821,171.694375787,38.4727374691,54.1634520112,64.1055899001,0.0115809749527,148.809153638,168.408882801,0.0147752709029,171.694244761,0.0199996285606,0.0149965533698,52.2148983367,92.2060128019,0.0149972143678,171.694215972,143.8761871,0.0149158459052,0.0101416631953,211.968261963,0.0146948478805,77.6420984044
2011-05-02 09:00:00,0.0149863075004,0.0150008290044,0.0150075281712,0.0100879176984,56.0153765519,0.0033003024001,0.0149955006729,0.0149993984238,0.0200123666278,158.977459152,0.0100523839188,54.1634073023,64.1054304757,0.0101421682755,148.809150666,92.2063363921,0.0100174182154,158.976797263,0.019998690487,0.0149955427714,52.2150305511,92.2060868049,0.0149846026438,171.694196516,143.876185646,0.0148343640366,0.0100090323753,211.967807444,0.0145094920395,77.6399343048
2011-05-02 10:00:00,0.0100245823141,0.0150013076236,0.0150011500022,0.0100137525824,0.0200036682623,0.00329859706229,0.0149874213401,0.0149993194929,0.0199996555176,158.976458667,0.0100192150251,54.1633970988,64.1054119245,0.0100151725135,148.8091493,92.2062944519,0.0100069150449,0.0100216191077,0.019997102546,0.0149946601,52.2150514582,92.2062032565,0.010019186179,171.694216247,143.876184962,0.0147914786252,0.0100064738997,211.968045618,0.0144588302924,77.6398358355
2011-05-02 11:00:00,0.0101772864339,0.0150033317038,0.0150001412998,0.0100215312826,0.0150164177829,0.00329684940072,0.0149699540805,0.0149992690399,0.0199985201197,171.694335531,0.0100436124375,0.0100981393609,64.1054214255,0.0100106497606,148.80914932,168.4088714,0.0100079837542,0.0100105901766,0.0199964999867,0.0149941814289,52.2150593725,92.2062908445,0.0139117237374,171.694233055,143.876183952,0.014764203077,0.0100071261164,211.968038581,0.0144807645059,0.0214096689858
2011-05-02 12:00:00,0.0151229009337,86.8055780813,0.0150002715172,93.545004566,0.0150016275391,0.00329508639492,0.0149627820034,0.0149992280739,0.0200077376733,171.694373274,0.0199737403933,0.0100158746982,64.1054425711,0.0100227914914,148.809150449,168.408878744,0.0100546004833,0.0100282536377,0.0199975166396,0.0149935805561,52.2150606218,92.206317605,0.0149959192546,171.694235522,143.876183177,0.0147687012942,0.0100151934258,211.967518176,0.0148015216559,0.0204625063102
2011-05-02 13:00:00,82.7893448065,92.206304839,0.0150018122322,161.27796024,0.0150353837642,0.00329320329675,0.014988123211,0.0149992173645,74.6869952089,171.694384588,38.4728453728,0.010013562603,64.1055444975,0.0114649350354,148.809152281,168.408889404,0.0147742481498,171.694226026,0.019998227221,0.0149929580707,52.2150604386,92.2063199758,0.0149975635598,171.694238983,143.876182086,0.0147915685738,0.0102102471665,211.967862045,0.0151606923152,77.6399471183
2011-05-02 14:00:00,82.7893765641,92.2063218262,0.015020184515,161.277998445,0.0200016020764,0.00329148139023,0.0149959561082,0.0149992796227,74.6870169158,171.694392693,38.4729115265,0.0150245164343,85.4737837626,0.0115907623503,148.809158251,168.408893191,0.0147862569545,171.694245256,0.0199995698328,0.0149939560602,52.2150651325,92.206324951,0.0149988825444,171.694261479,143.876185286,0.014835193798,0.0102334233968,211.968253562,0.015301252104,77.6408549864
2011-05-02 15:00:00,110.38567847,92.2063280015,0.0153584440706,161.278149779,56.0153782347,0.00328969843895,0.0149994822536,0.0149993987874,74.6870303488,211.968361899,117.923465004,54.1633978827,85.4738151292,0.0116798347019,183.714981417,168.408900547,0.014830196379,171.694261716,0.0200020658175,0.0149959671703,52.2150666586,92.20634214,0.0150062507554,171.694365969,143.876186388,0.0149834409387,0.0105923563637,211.968482775,0.0162166967458,103.519525044
2011-05-02 16:00:00,110.385808974,211.966763523,0.019996903298,215.037218157,74.6871022197,0.00328793113594,0.0150025451718,0.0149995161666,92.2063163736,211.968539881,211.968329862,54.1634079593,85.473823141,0.0151588209458,183.71500498,211.968505773,0.0199293705245,211.96824335,92.2063278734,0.0149988816035,52.2150721655,211.967808171,0.0185581651255,211.96846658,143.876190617,0.015393697555,211.962663105,211.968568286,0.0211669367662,103.519614783
2011-05-02 17:00:00,110.385820303,211.968525922,0.0200122183171,215.037275538,74.6871140613,0.0032863436434,0.0150742937167,0.0149996086046,122.941433954,211.968547293,211.968347712,72.1822997375,85.4738260208,0.0151803769824,183.715008151,211.968537231,0.0199367379516,211.968254965,92.2063424129,0.0150044789891,52.2150788847,211.968548885,0.0185603341304,211.968526193,177.624953307,0.0195063636613,211.962684758,211.968564468,0.0213143938413,211.968288095
2011-05-02 18:00:00,110.385825798,211.968527421,0.0245199554123,215.037292289,74.6871149476,0.00328469037913,0.0185729395754,0.0149997708618,122.941460064,211.968549544,211.968354749,72.2174303674,85.4738268977,0.0151883279563,183.71500902,211.968538775,0.0199391349099,211.968258905,92.2063740055,0.015027704363,52.2150834964,211.968547663,0.0185607642102,211.968544633,177.624955706,0.0194569294948,211.96269077,211.968574803,0.0212505202808,237.97417068
2011-05-02 19:00:00,110.385825513,211.968530055,0.0245172554035,215.03729641,74.6871149487,0.00328290813909,0.0185671818836,0.0149997952199,122.94146188,211.968550803,211.968350231,72.2174363869,85.4738273869,0.0151901583027,183.71500924,211.968543315,0.0199396685705,211.968259688,92.2063749397,0.015024463327,52.215077699,211.968553216,0.0185609180263,211.968549274,177.624956167,0.0150575803553,211.962692199,211.968561745,0.0195734665722,237.97458379
2011-05-02 20:00:00,110.385826016,211.968538899,0.0200460613135,215.037295163,74.6871149253,0.00328126868982,0.0150673347651,0.0149997905345,122.941462771,211.968551504,211.968345415,72.2174377067,85.4738269498,0.0151901937253,183.715009223,211.968545211,0.0199396723158,211.968259823,92.2063496159,0.0150105590301,52.2150730215,211.968554444,0.0185609424006,211.968550677,177.624956273,0.0150160510841,211.962692529,211.968533525,0.0175817803777,237.974933124
2011-05-02 21:00:00,110.385823203,211.96853995,0.0200196283078,215.037293115,74.6871148065,0.00327918786585,0.0150709421644,0.0149997683075,122.941463752,211.968551251,211.968340535,72.2174380409,85.4738261516,0.0151881486859,183.715009033,211.968545196,0.0199396531786,211.968259371,211.968478335,0.0150030366115,52.2150704021,211.968553114,0.0185609300216,211.968549463,177.624956302,0.0150174974345,211.962692324,211.968519475,0.0174881849318,237.975223126
2011-05-02 22:00:00,110.385820997,211.968539811,0.0200177687554,215.037289597,74.6871143071,0.0032771834617,0.015094708784,0.0149997180905,122.9414641,211.968550338,211.968334096,72.2174376876,85.4738262651,0.0151852731208,183.715008761,211.96854609,0.0199392074059,211.96825852,211.968551943,0.0149999635554,52.2150686262,211.968552068,0.0185609066628,211.968548202,177.624956303,0.015016531423,211.962691815,211.968511891,0.0174814612959,237.975349084
2011-05-02 23:00:00,110.385818731,211.968539707,0.02019294062,215.037286085,74.6871142907,0.00327532857155,0.0185741171975,0.0149997013067,122.941464141,211.968549731,211.968332153,72.2174374588,85.4738262242,0.0151829201906,183.715008869,211.968547395,0.0199386531888,211.968257282,211.96855914,0.0149987223875,52.2150669343,211.968551324,0.0185608838692,211.968547454,177.624956307,0.0150222484804,211.962691156,211.96849891,0.0175096475396,237.975397827
2011-05-03 00:00:00,110.385817927,211.968541611,92.2063039213,215.037284147,74.6871140464,0.00327354953815,0.0185924505111,0.0149998508426,122.941463701,211.968549139,211.968329849,72.217437252,85.4738259437,0.0151805551005,183.715008654,211.968548756,0.0199379266633,211.968255839,211.968584992,0.0149986294281,52.2150657363,211.968552135,0.0185608064267,211.968552921,177.624956281,0.019637709768,211.962690537,211.968429095,0.0174529329425,237.975466501
2011-05-03 01:00:00,110.385816928,211.968541843,92.2063095615,215.037282755,74.6871141567,0.00327191577102,0.018595279433,0.0149999143616,122.94146313,211.968548779,211.968328292,72.2174369344,85.4738258564,0.0151786740021,183.715008459,211.968549813,0.0199374980632,211.968254733,211.96858904,0.0149983579332,52.2150643834,211.968552845,0.0185608443174,211.968553134,177.624956276,0.0196889613898,211.962689847,211.968244819,0.0174812119342,237.975522482
2011-05-03 02:00:00,110.385818634,211.968541215,92.2063125681,215.037281024,74.6871145755,0.00327023682566,0.0185949684352,0.0149999636801,122.941461604,211.968548681,211.968326711,72.2174365919,85.4738256204,0.0151768047307,183.715008238,211.968550443,0.0199371096198,211.968253932,211.968591529,0.0149985145289,52.2150635663,211.968553572,0.0185608445901,211.968553417,177.624956272,0.0155235384395,211.962688981,211.962708338,0.0176856120229,237.975552566
2011-05-03 03:00:00,110.385825281,211.96854539,92.2063178513,215.037279686,74.6871150654,0.00326864734805,0.0185998682676,0.0150001576053,122.941459164,211.96854852,211.968326549,72.2174361335,85.4738260312,0.0151750483816,183.715008023,211.968551221,0.0199360974609,211.968253515,211.968595545,0.014998886677,52.215066465,211.968554692,0.0185608299514,211.968551231,177.624956341,0.019571110355,211.96268769,92.2067759571,0.0200939558573,237.975585251
2011-05-03 04:00:00,110.385831708,211.968547638,92.2063329682,215.037278928,74.6871154319,0.0032673396856,0.0186162742956,0.0150005214774,122.941453501,211.96854838,211.968321375,72.2174355009,85.4738270315,0.0151732053577,183.715008232,211.968550835,0.019934565797,211.968253238,211.968596163,0.0149990298849,52.2150696197,211.968558448,0.0185607820379,211.968557362,177.624956371,0.0196569249219,211.962685642,92.2064183045,211.965713333,237.975579238
2011-05-03 05:00:00,110.385830984,211.968538549,92.2063404073,215.03727077,74.687115184,0.00326635569155,0.0185960813571,0.0150005275124,122.941416297,211.968540099,211.968249225,72.2174345086,85.4738278302,0.0151597871921,183.714997606,211.968547298,0.019924302427,211.96824987,211.968598037,0.0149991977502,52.2150676697,211.96856282,0.0185605944078,211.968555596,177.624956316,0.0195453432844,211.962676348,92.2063017594,211.966357089,237.975500061
2011-05-03 06:00:00,110.38580903,211.968458545,92.2063426177,174.181584134,74.6871153435,0.0032647626229,0.0185917163407,0.0150003167793,92.2063521712,171.694719464,51.2967181478,72.2174331796,85.4738270655,0.0120922811333,148.809176305,211.968548131,0.0122782696425,211.968175386,211.968596936,0.015000199725,52.2150601379,211.968564848,0.0185583861666,211.968150738,177.62495595,0.0153286266299,211.962613392,0.0158754145366,211.966642706,237.97548747
2011-05-03 07:00:00,110.385663377,92.2064471378,92.2063133041,174.180178209,74.6871137847,0.00326296700334,0.0150300806296,0.0150001806504,92.2063362337,171.694526523,38.4725141051,72.2174245193,85.4738260574,0.0108114970806,148.809158619,211.96854098,0.0121606137522,171.694285073,211.968585386,0.0150000608833,52.2150597587,211.968565015,0.0150051350974,171.694527758,177.624953759,0.0149962897314,171.689637427,0.0151082835605,211.966505392,211.968878775
2011-05-03 08:00:00,89.4125348239,92.2063427484,92.2063019208,174.180158556,60.4965729305,0.00326112382969,0.0150040511087,0.0149999859369,92.2063160978,171.694520172,38.4724694892,0.0154554610392,85.473825513,0.010765817863,148.809156007,211.968503986,0.0121453120571,171.694280119,211.968547194,0.014998985732,52.2150591511,211.968565825,0.0150031533934,171.694486306,143.876184403,0.0149405893882,171.689607659,0.0151362353417,211.966167723,178.481724089
2011-05-03 09:00:00,89.4125458322,92.2063385494,74.6871439413,174.180140373,60.4965633482,0.00325934497214,0.0149986621184,0.0149998331904,92.2063112933,158.977425168,0.0200150392515,0.0151438794315,85.4738239287,0.0101142594269,148.809154584,211.968414387,0.0100060353005,171.694274634,171.694533119,0.0149977345307,52.2150583911,211.968563603,0.0149990982423,0.0101831451372,143.876175637,0.0148717009517,171.689071078,0.0152887779894,211.966169512,178.481457239
2011-05-03 10:00:00,89.4125189664,92.206342818,74.6871319764,174.18012444,60.4965599289,0.00325759682231,0.0149915300781,0.0149997503364,92.2063114694,92.2068822817,0.0199964342039,0.0151021859727,85.4738162547,0.01002825487,148.809153754,171.694536865,0.0100029709976,171.694246356,158.976422315,0.0149965930532,52.2150572666,211.968558553,0.0139328485913,0.0100407688703,143.87617387,0.0148525087233,0.0151265020486,92.2056625084,211.96357121,103.519641474
2011-05-03 11:00:00,89.4125193796,92.2063715807,74.687125856,174.180122907,56.0155867413,0.0032558875418,0.0149788109751,0.01499971479,92.2063162317,158.976832718,0.0199949002577,0.010005743344,85.4737463725,0.0100255437626,148.809154641,171.694532022,0.0100049066673,158.976844621,92.2063416203,0.014995960608,52.2150559605,211.968552813,0.0139060128208,0.0101750747229,0.0150074280732,0.0148470546933,171.689583206,92.2061671175,211.964757555,103.519570656
2011-05-03 12:00:00,89.4125240499,211.967859388,74.6871420344,174.180131139,56.015590472,0.00325415696558,0.0149831456805,0.0149998675164,92.2063220106,171.694516342,0.0199954499078,0.0100046552566,64.1055062804,0.010067244341,148.809155899,171.694530442,0.0121131944917,158.976804037,92.2063404199,0.0149960164184,52.2150480196,211.968522579,0.0149736036579,171.694530157,0.0149890643887,0.0148671234105,171.689607126,92.2063684307,211.965338749,103.519684351
2011-05-03 13:00:00,89.4125182202,211.96848779,74.6871477525,174.180165341,60.496559822,0.00325241769667,0.0150003539928,0.0149999184498,92.206339571,171.694533189,0.0200157107967,0.0100056161624,64.1056073006,0.0107644901985,148.809158555,171.694531167,0.0121546391646,171.694269756,92.2063401551,0.0149971177582,52.2150471013,211.968511914,0.0150021726199,211.968346014,0.0149836483705,0.0149133411681,171.68961555,92.2064880195,211.967166159,178.481464069
2011-05-03 14:00:00,89.4125224666,211.968531328,74.6872189274,174.180178838,60.4965645939,0.0032506643575,0.0150195402351,0.0150001239181,92.2063478949,171.702745481,38.4724734988,0.0100203852168,85.4737085738,0.0108118709106,148.809214574,171.694533773,0.0121639063959,171.694282432,92.2063415143,0.0149982820726,52.2150494609,211.968525116,0.0150033043001,211.968625779,0.0150042232393,0.0150795135585,211.962063819,211.966717003,211.967453283,178.481760149
2011-05-03 15:00:00,110.385210246,211.968545156,92.2063087331,174.180263349,60.4965797743,0.00324889739607,0.0150612787039,0.015000860072,211.9671566,211.968631612,38.4725971026,0.0151343911435,85.473808775,0.0140323371385,183.714998101,171.694543504,0.0149934816388,171.694328228,171.694526497,0.0150007275556,52.2150509076,211.968548479,0.0150046651706,211.968650376,143.876173211,92.2061177484,211.962469231,211.968431199,211.967670477,237.975480335
2011-05-03 16:00:00,110.385796498,211.968551526,92.2063134497,215.037265117,74.6871154638,0.00324718643566,92.2062546571,0.0150046336687,211.968528981,211.968721589,51.2967058311,0.0151443970194,85.4738216336,0.0145679779903,183.71500649,211.968534827,0.015007646284,211.968499701,211.968550919,0.0150050291535,52.2150554481,211.968551864,0.018522545826,211.968663242,143.876175526,211.968361934,211.962474405,211.968527942,211.967823381,237.975901766
2011-05-03 17:00:00,110.385812984,211.968553061,211.968484238,215.037289232,171.694504722,0.00324553188392,211.96847032,0.0344783031315,211.968538311,211.968730544,51.2967230461,0.0154493418087,85.4738252361,0.0145876620807,183.715008781,211.968554554,0.0150116648654,211.968511539,211.968588658,0.0150099481961,52.2150611788,211.968553853,0.0185243200079,211.968668233,177.624907595,211.968551687,211.96247542,211.968546606,211.968031455,237.975982116
2011-05-03 18:00:00,110.385818306,211.968552286,211.968515958,215.037298177,171.694513447,0.00324381224843,211.968519703,0.0344802159943,211.968540577,211.968733402,51.2967275917,72.2172910601,85.4738262694,0.0145948267652,183.715009098,211.968556565,0.0150138810414,211.968515384,211.968593381,0.0150219322243,52.2150632127,211.968555652,0.0185247177623,211.968670991,177.624912776,211.968605844,211.962474856,211.968609681,211.968140542,237.97602133
2011-05-03 19:00:00,110.385815317,211.968552507,211.96851972,215.037298614,171.694515269,0.00324212227629,211.968529514,0.0344797805535,211.968541586,211.968734509,51.2967274888,72.2172976125,85.4738269083,0.0145958660464,183.715008593,211.968556685,0.0150138669789,211.968516199,211.968590969,0.0150295302625,52.2150535195,211.968552625,0.0185247932259,211.968670554,177.624913295,211.968646892,211.962472371,211.968610363,211.96788635,237.975990117
2011-05-03 20:00:00,110.385814656,211.968552979,211.968520252,215.037295751,171.694516044,0.00324036901012,211.968532556,0.0344797909699,211.96854164,211.968735348,51.2967258767,72.2172990588,85.4738265066,0.0145954936459,183.715007897,211.968556453,0.0150131916536,211.968516065,211.968565457,0.0150356981937,52.2150470355,211.968546026,0.0185247506834,211.968668981,177.624913416,211.96865665,211.962470744,211.968585462,211.967756484,237.975946648
2011-05-03 21:00:00,110.385811925,211.968552648,211.968523864,215.037292398,171.694516059,0.00323845194527,211.968534375,0.0344791953897,211.968541259,211.968734926,51.2967227751,72.2172993989,85.4738257685,0.0145930790497,183.715007209,211.96855639,0.0150129115273,211.968515451,211.968563706,0.0150279512351,52.2150436007,211.968541949,0.0185246589554,211.968666687,177.624913469,211.968665256,211.962469248,211.968575375,211.967705468,237.975932917
2011-05-03 22:00:00,110.385811481,211.968552083,211.9685244,215.037287313,171.694515328,0.00323645700863,211.968535379,0.0344779744713,211.968540325,211.968733489,51.2967181133,72.2172991492,85.4738257844,0.0145902094784,183.715006712,211.96855639,0.015012029357,211.96851416,211.968570547,0.0150177376252,52.2150411372,211.968538749,0.0185245189578,211.968663969,177.624913482,211.968671704,211.96246723,211.968573474,211.967626581,237.975911775
2011-05-03 23:00:00,110.385809996,211.968551806,211.968525244,215.037283573,171.694515623,0.00323462901104,211.968537522,0.034477161832,211.968539347,211.968731975,51.2967167368,72.217298903,85.4738256968,0.0145879956585,183.715006362,211.968556263,0.015011271994,211.968512356,211.968591233,0.0150124242877,52.2150392864,211.96854078,0.0185243952015,211.968660279,177.624913489,211.968668047,211.962465208,211.968570131,211.967564888,237.97588722
2011-05-04 00:00:00,110.385809462,211.968551721,211.968520227,215.037280321,171.694515417,0.00323289939622,211.968536586,0.0344766494892,211.968539297,211.968731335,51.2967149328,72.2172985724,85.4738255389,0.0145862432624,183.715004904,211.968555996,0.0150106131764,211.968510535,211.968594457,0.0150113416127,52.2150387999,211.968544307,0.0185242697732,211.968664186,177.624913471,211.968668343,211.96246409,211.96855506,211.967417367,237.975955312
2011-05-04 01:00:00,110.385809928,211.968551673,211.968517124,215.037276337,171.694515969,0.00323120367087,211.968538053,0.0344778247202,211.968538906,211.968730556,51.2967183236,72.2172983086,85.4738253678,0.0145845081288,183.715003559,211.96855581,0.0150114971427,211.968509465,211.968596682,0.0150066922171,52.2150372844,211.968544404,0.0185242354063,211.968662892,177.624913501,211.968677301,211.962462716,211.968550956,211.967575715,237.97594996
2011-05-04 02:00:00,110.385812036,211.968551495,211.968520115,215.037272555,171.69451641,0.00322951558256,211.968540206,0.0344781591374,211.968538013,211.968730779,51.2967214574,72.2172979388,85.4738252618,0.0145826501823,183.715001852,211.968555673,0.0150133797949,211.968509292,211.968598077,0.0150033672659,52.2150365095,211.968547464,0.0185242039869,211.968661889,177.624913528,211.968677743,211.962461537,211.968534771,211.967412411,237.97594547
2011-05-04 03:00:00,110.385814989,211.968552995,211.968526911,215.037267692,171.694516887,0.00322790201236,211.968542355,0.0344783794282,211.968539006,211.968732033,51.2967243112,72.2172975418,85.4738257031,0.0145803142726,183.715001459,211.968555817,0.0150146301417,211.968509846,211.968599113,0.0150010310632,52.2150393562,211.968549551,0.0185241448396,211.968655835,177.6249136,211.968678444,211.962458734,211.968566792,211.967587997,237.975971047
2011-05-04 04:00:00,110.385816359,211.968553521,211.968530348,215.037259224,171.694517273,0.00322655948108,211.968544713,0.0344785497292,211.968540731,211.968733024,51.2967271449,72.2172969195,85.4738262732,0.0145777682459,183.715001917,211.968554888,0.0150151170957,211.96851133,211.96860052,0.0149993093687,52.2150406907,211.96855541,0.0185240574941,211.968656593,177.624913649,211.968684132,211.962451443,211.968601187,211.967725022,237.975975509
2011-05-04 05:00:00,110.385810178,211.968550505,211.968532585,215.037215748,171.694517643,0.00322551787652,211.96854791,0.0344792883622,211.968539896,211.968706309,51.2967194628,72.2172958564,85.4738266412,0.0145623952851,183.714996107,211.968550666,0.0150126211206,211.968509039,211.968602812,0.0149987623589,52.215034916,211.968560198,0.01852381945,211.968646586,177.624913618,211.968677519,211.962374047,211.968616611,211.967801687,237.9759229
2011-05-04 06:00:00,110.385624878,211.968546477,211.968531345,70.1591540228,171.694517058,0.00322398413438,211.968539397,0.034479810031,211.968527597,211.968540889,51.2966137152,72.2172945197,85.4738215064,0.0134714117332,183.714984793,211.965991732,0.0149981713185,211.968434377,211.968598418,0.0149993962658,52.2150283822,211.968560231,0.0185207753269,211.968487624,177.624913285,211.968606855,0.0102244192802,211.968616927,211.967750589,237.975578529
2011-05-04 07:00:00,0.0104028888289,211.968538854,211.968522916,70.1570185627,171.694511692,0.00322197478188,211.968442581,0.034478873023,158.976481511,171.694698944,41.5503408421,72.2172775282,85.4737783524,0.0106310322401,183.714841434,92.2063188641,0.0121942624042,171.694500519,211.968561675,0.0150000339069,52.2150168088,211.96856042,0.0150015753095,171.694118377,177.624909501,211.968309846,0.0100760311569,211.968581249,211.967595554,178.481927976
2011-05-04 08:00:00,0.0103488226735,211.968522274,171.694517705,70.1568825011,128.770859874,0.00322011289415,92.2063744339,0.0344680979427,158.976395883,171.69468533,41.550316823,0.0153043508515,64.1053736308,0.0105901857469,148.809153285,92.2062972607,0.0121661671882,171.694494625,171.694565495,0.0149996048575,52.2150168596,211.96856043,0.0150001478692,171.694086105,143.876176666,158.976622038,0.0100337050807,211.968543191,211.950452279,178.481576666
2011-05-04 09:00:00,0.0100089185729,211.96850611,171.694490443,70.1555106233,128.770849625,0.00321825919389,92.2063557553,0.0150092116692,92.2063151164,171.694681976,0.0200338326048,0.0152881258965,64.1053237576,0.0101472085006,148.809145589,0.0102330673252,0.0121617541458,171.694490369,158.976471648,0.0149985721311,52.2150228587,211.968557371,0.0149992446361,171.694026854,143.876174951,158.976524586,0.0100092798669,211.968520765,171.694221264,103.519671518
2011-05-04 10:00:00,0.010004790751,211.968505543,92.2063232091,0.0115733619522,74.6871168914,0.0032166173702,92.2063183483,0.0150016931274,92.2062918867,171.694681175,0.0199965302333,0.0151608437284,0.0100240629955,0.0100307286336,148.809143442,0.0100354299762,0.0121551969188,171.694486061,92.2063442902,0.0149977632894,52.2150245914,211.968552575,0.0149901343625,0.0119290325573,0.0150179549477,158.97648697,0.010006998412,211.968520455,171.694117653,103.519558864
2011-05-04 11:00:00,0.0100046157432,211.968525055,92.2063438532,70.1567528726,74.6871161346,0.00321482458374,92.2061916573,0.0150005233225,92.2063123553,171.694681423,0.0199980094116,0.0100070378581,0.0100178046493,0.01002445958,148.809143064,0.0150990516077,0.0121483393245,171.694481041,92.2063418133,0.0149974097342,52.2150252191,211.968546502,0.0139189174812,0.0100969752052,0.0100030681834,158.976472856,0.0100072498099,211.968500035,171.693411527,103.519512075
2011-05-04 12:00:00,0.0100058786377,211.968537666,171.694373619,70.1569248814,74.6871158822,0.0032131405145,92.206302024,0.0150002641456,92.2063168285,171.694682908,38.4730109429,0.0100088248642,0.010021258517,0.0100476430533,148.809143314,92.2063083288,0.0121560859003,171.694485801,92.2063424347,0.014997366133,52.215028067,211.968487769,0.0139370039291,0.010228241399,0.0100095212546,158.976471292,0.0100104235125,211.968480077,171.693873979,103.519550234
2011-05-04 13:00:00,0.0100203127383,211.968541117,92.2064448573,70.1569714169,74.6871161888,0.00321135802753,92.2063099324,0.0150000589913,158.97644381,171.694715189,41.5503476897,0.0100135983905,64.1040672015,0.0105813758093,148.80914881,92.2063138516,0.0121632819593,171.694492708,158.97634882,0.0149983045872,52.2150249707,92.2066778721,0.0149963297463,171.693972531,133.218615033,158.976494304,0.0100415886097,211.96850129,171.694205075,103.520144375
2011-05-04 14:00:00,0.0103769090168,211.968546351,171.694508265,70.1570212426,74.6871214349,0.00320963336706,92.2063240015,0.0150000931514,158.976473811,211.968537539,41.5504686607,0.0152681699726,64.1053438697,0.010628191815,183.714966106,92.2063191597,0.0121712432379,171.694500241,171.694563277,0.014999624021,52.2150221671,92.2063425786,0.0149996415952,171.69408512,143.876174858,158.976536017,0.0100772709466,211.968552171,211.965381081,178.481656249
2011-05-04 15:00:00,0.0105081484345,211.968549603,211.968482052,93.541801505,128.770853478,0.00320784774491,92.2063664305,0.015000466334,211.968166631,211.968710864,117.92343016,0.0152878457203,64.1055014831,0.0107634802262,183.714985527,92.2063333151,0.0148751595722,211.968465517,211.968559328,0.0150012267385,52.2150214987,92.2063421914,0.015000807909,171.694135613,143.876176146,158.976869639,0.0102501796193,211.968606731,211.967690025,211.968333727
2011-05-04 16:00:00,110.385769614,211.968552629,211.968527124,93.5424009056,171.694389187,0.00320612506343,92.2064748461,0.0150013839238,211.968539428,211.968738877,117.923570413,0.0152977343798,85.4738058652,0.0143799697741,183.714987904,211.968514966,0.016001319882,211.96851738,211.968599629,0.0150029311053,52.2150248408,92.2063447156,0.0185163618314,211.968426508,143.876179306,211.968415215,92.2038427926,211.968632386,211.967866604,237.97574093
2011-05-04 17:00:00,110.385805595,211.968552751,211.968534416,93.5424296143,171.69451652,0.00320449832839,211.96853402,0.0198817359415,211.96854482,211.968741972,117.923587347,72.2170514142,85.4738216873,0.0144174660034,183.714988356,211.968525565,0.0160085829326,211.968521595,211.968617178,0.0150044841153,52.2150313579,211.968402586,0.0185208738773,211.968475617,177.62499091,211.968599062,92.2038761854,211.968636532,211.967943716,237.975872506
2011-05-04 18:00:00,110.385811394,211.968552368,211.96853894,93.5424404623,171.69451773,0.00320283862147,211.968546171,0.0199717151745,211.968547509,211.968742181,117.923593634,72.2173562458,85.4738238403,0.0144276975066,183.714986726,211.968527859,0.0160108876919,211.968523331,211.968620338,0.0150074029443,52.2150489456,211.968520482,0.0185213216224,211.968489163,177.624993897,211.968611812,92.2038837014,211.96864257,211.968051714,237.975954155
2011-05-04 19:00:00,110.385811571,211.968552069,211.968542366,93.5424421471,171.694518281,0.00320117289621,211.968549996,0.0150267465651,211.968548519,211.968742219,117.923589419,72.2173623698,85.4738249899,0.0144301523398,183.714982332,211.968528606,0.0160115117057,211.968523654,211.968622404,0.0150087063781,52.2150364748,211.968522485,0.0185214187358,211.968492196,177.624994378,211.968611726,92.2038858773,211.968634923,211.967943781,237.975967897
2011-05-04 20:00:00,110.385811581,211.968552499,211.968541022,93.5424400919,171.694518687,0.00319935658618,211.968550583,0.0150144101553,211.968548455,211.968741894,117.923587156,72.2173637357,85.473824797,0.0144303973408,183.714972119,211.968528862,0.0160115897304,211.968523045,211.968620211,0.0150100592239,52.2150266622,211.968513258,0.0185213716564,211.968491966,177.624994469,211.968608205,92.2038867087,211.968608984,211.967857112,237.975944562
2011-05-04 21:00:00,110.385810144,211.968551686,211.968538389,93.5424375666,171.694518906,0.00319732496369,211.968549889,0.0150114939927,211.9685481,211.968740796,117.923584197,72.2173640701,85.4738239118,0.014428613949,183.714959662,211.968528935,0.0160118066119,211.968522052,211.968617532,0.015010265793,52.2150217806,211.968508149,0.0185212929435,211.968491018,177.624994503,211.96860141,92.2038869808,211.968586597,211.967757133,237.975911614
2011-05-04 22:00:00,110.385808984,211.968550793,211.968535085,93.5424332835,171.694518696,0.00319527039908,211.968548533,0.0150040302362,211.968547424,211.968738265,117.923579448,72.2173637289,85.4738238998,0.0144261643155,183.714944882,211.968529014,0.0160115487495,211.968520948,211.968612407,0.0150093908313,52.2150193117,211.968500298,0.0185211880032,211.968489369,177.624994497,211.968604892,92.2038869558,211.968573759,211.967644631,237.975881169
2011-05-04 23:00:00,110.385807458,211.968549904,211.968533565,93.5424292854,171.694518745,0.00319344195127,211.968548097,0.0150032027939,211.968546969,211.968735774,117.923576196,72.2173634266,85.4738238842,0.0144239195791,183.714936178,211.968528975,0.0160111620861,211.968519234,211.968605577,0.0150110423218,52.2150182048,211.968487111,0.0185210911647,211.968488351,177.624994485,211.968617242,92.2038864626,211.968568094,211.967563164,237.975844882
2011-05-05 00:00:00,110.38580624,211.968550126,211.96853319,93.542426426,171.694518539,0.00319164281368,211.968546393,0.0150023191367,211.968546871,211.968732591,117.923568802,72.2173631792,85.4738236868,0.0144233782499,183.71492447,211.968528687,0.0160108933488,211.96851748,211.968602764,0.0150061558083,52.2150174016,211.966216104,0.0185209517204,211.968490226,177.624994481,211.968593772,92.2038859324,211.968582977,211.967715897,237.975777217
2011-05-05 01:00:00,110.385805638,211.968550079,211.968532887,93.5424223948,171.694518323,0.00318995166489,211.968546548,0.0150030058173,211.968546319,211.96873254,117.923566054,72.2173628469,85.473823586,0.0144223810705,183.714922734,211.968528596,0.0160105463773,211.968515862,211.968602633,0.0150098668121,52.2150168763,92.2064771628,0.0185208803684,211.968488833,177.624994478,211.968605581,92.2038853403,211.968581155,211.967743012,237.975766593
2011-05-05 02:00:00,110.385806339,211.968550373,211.968532483,93.5424178296,171.694518305,0.00318827384259,211.968546657,0.0150030982292,211.968545752,211.968732147,117.923566611,72.2173624836,85.4738231921,0.0144206252783,183.714930493,211.968528551,0.0160101115724,211.968514475,211.968603687,0.015009181991,52.2150176944,92.2063441814,0.0185208122419,211.96848706,177.624994471,211.968635834,92.2038844269,211.968582488,211.967827894,237.9758011
2011-05-05 03:00:00,110.385808667,211.968552365,211.968532612,93.5424119133,171.694518502,0.00318665986702,211.968547167,0.0150039877176,211.968545288,211.968733105,117.923571137,72.2173620698,85.4738237489,0.0144183394546,183.714933579,211.968528668,0.0160095010831,211.968512796,211.96860908,0.0150082331102,52.2150317934,92.2063524659,0.0185207410025,211.968482565,177.62499452,211.968650454,92.2038826561,211.968605468,211.968038137,237.975919935
2011-05-05 04:00:00,110.385810281,211.96855383,211.968533418,93.5424023982,171.694518644,0.00318549663708,211.968547807,0.0150050652714,211.968545715,211.96873371,117.923573527,72.2173614172,85.4738246159,0.0144149867225,183.71492695,211.968527916,0.016008387724,211.968510472,211.968616005,0.0150083015293,52.2152817077,92.2063965791,0.0185205985181,211.968481443,177.624994533,211.968634246,92.2038795566,211.968630546,211.968192448,237.975958411
2011-05-05 05:00:00,110.385804433,211.968552028,211.968535556,93.5423298318,171.694518749,0.00318432558342,211.968548423,0.0150043895494,211.9685433,211.968579242,117.923564842,72.2173604513,85.4738249434,0.0143939389902,0.0223649651491,211.968523673,0.0159971670623,211.968490576,211.968617504,0.0150065040893,52.2152745128,92.2063600798,0.0185201441726,211.968464818,177.624994461,211.968647319,92.2038522255,211.968587185,211.968036979,237.97581156
2011-05-05 06:00:00,110.385668729,211.968547387,211.968535226,0.0102246967963,171.694517717,0.00318273525393,211.968542907,0.0198408832651,211.968508068,171.694698609,117.923532978,72.2173592774,85.4738181639,0.0101678859767,0.0199596131778,92.2063438125,0.0100439095961,158.975860497,211.968600826,0.0150205178142,52.2150853533,113.835002104,0.0183375872261,158.978419743,177.624994001,211.968555142,0.010141772001,211.968435717,211.967667266,211.967480896
2011-05-05 07:00:00,0.01030381492,211.968535184,211.968526775,0.0100867245896,171.694476706,0.00318091967891,211.968409963,0.0150029924145,171.694501748,171.694680865,117.923443123,72.2173405515,85.4737616597,0.0100564901539,0.0196927096336,92.2059350024,0.010025844991,158.975831523,211.968560879,0.0150123750409,52.2150601126,92.2063642038,0.0100299574247,158.976022521,177.624986843,211.967569169,0.0100601738973,211.967519496,171.69410296,178.481747482
2011-05-05 08:00:00,0.0102623842882,211.968510636,171.694520439,0.0100238342557,74.6871331077,0.00317909615115,158.97639204,0.0150005901545,171.694493518,171.694680168,117.923272437,0.0101013953898,64.1053667737,0.0100214057758,0.0196845600433,92.205927238,0.0100088921388,158.97575574,171.694560823,0.015006631713,52.2150286103,92.206326013,0.0100280579255,158.975966064,57.9501212779,158.976544437,0.0100253989809,171.695198899,171.693321022,178.481592423
2011-05-05 09:00:00,0.0100136437747,211.968510666,171.694439234,0.0100100141228,74.6871169932,0.00317731713867,158.976358259,0.0150000520028,92.2063282079,171.694679108,95.5180114191,0.0100834318196,64.1053221471,0.010007754059,0.0196802723164,0.0102171776535,0.0100032274795,0.0100079408866,92.2063523397,0.0150038805368,52.2150141317,92.2063166492,0.0100022481188,0.0101087590603,57.9501187608,158.97647321,0.0100083400475,171.693961517,92.2063688827,103.519620957
2011-05-05 10:00:00,0.0100054887095,211.968519515,92.2063158452,0.0100075141328,74.6871154917,0.00317560652751,92.2063262784,0.0149998760451,92.2063246425,171.694678775,95.5179534085,0.0100499871003,0.0100277167329,0.0100053232918,0.0196783826382,0.0100091921638,0.0100025565771,0.0100043280199,92.2063415668,0.0150017266933,52.2150059188,92.206276046,0.0100005611052,0.0100499245199,0.0150023853442,158.976428666,0.0100067744841,92.2065220284,92.2061398953,103.519559586
2011-05-05 11:00:00,0.0100046404091,211.968517502,92.206314764,0.0100078116602,74.6871149354,0.00317386592954,92.2063193741,0.0149998399056,92.2063218121,171.694679762,95.5179356242,0.0100046613638,0.010017331146,0.0100054144175,0.0196791470714,0.0100105992805,0.0100034240263,0.0100047620372,92.2063410128,0.0150009725952,52.2150009094,92.2061223809,0.0100004002974,158.975543156,0.0100018205627,158.97640852,0.0100068340118,92.206402457,92.2061184309,103.519535172
2011-05-05 12:00:00,0.010005318264,211.968509363,92.2063154994,0.0100107237042,74.6871150728,0.00317216728306,92.2063088129,0.0149999033971,158.976450493,171.694687462,95.5179286151,0.010004025467,0.0100243395512,0.0100080229288,0.0196821449371,0.0148718913877,0.0100075061963,0.0100115175438,92.206341644,0.0150018383683,52.2150035276,92.2062991889,0.0100007105215,158.975914017,0.0100015343304,158.976393607,0.0100087760655,92.2064087123,92.2064475325,103.519595619
2011-05-05 13:00:00,0.0100182571329,211.968520609,92.2063184621,0.0100324983196,74.6871159619,0.00317038916872,92.2063238002,0.0149998580544,171.694496816,211.968357828,95.5179323318,0.0100046571,64.1052357327,0.0100315783725,0.0196873707103,92.2059265362,0.0100215544769,158.975830146,92.2063469624,0.0149989801084,52.2149987691,92.2063013765,0.0100079197258,158.975998876,0.0100043961447,158.976432527,0.0100355244803,92.2067157774,171.693000844,178.481421632
2011-05-05 14:00:00,0.0102735830947,211.968536102,171.694478121,0.0100964600366,74.687123071,0.00316864452165,158.976363405,0.0149999031472,171.694504749,211.96857332,95.51795325,0.0100128241257,64.1053494916,0.0100560290941,0.0199464095715,92.2059333805,0.0100304103199,158.975839073,171.69455894,0.0150004237848,52.2149965374,92.2063164206,0.0100286437622,158.97600924,57.9501151923,158.976474405,0.0100638955245,171.694413441,171.693990672,178.481752372
2011-05-05 15:00:00,0.0103659810375,211.968545791,171.69454304,0.0102911026266,74.6871349016,0.00316682099544,158.976396656,0.015000185737,211.96852269,211.968725033,117.923315896,0.0100802220171,85.473279423,0.0101268577531,0.0242830056223,92.205956951,0.0100834923339,158.976113723,211.968557634,0.015001257307,52.2149958461,92.2063357154,0.0100321572309,158.97607513,57.9501189987,158.976580098,0.0102307087047,211.968235649,211.96768785,237.974144286
2011-05-05 16:00:00,110.385775478,211.968551057,211.968524668,93.5243053284,171.694506296,0.00316509818843,211.968523548,0.0150014870587,211.96854621,211.968732791,117.923357936,0.0100906959682,85.4738098424,0.0139144881283,0.0242978247378,211.968505305,0.0390437980225,211.968317058,211.968599608,0.0150039488358,52.2149982352,211.968263795,0.0183637036456,211.968414237,57.9501212873,211.968439711,211.962407675,211.968531397,211.967969419,237.975973925
2011-05-05 17:00:00,110.385807131,211.968552147,211.968533201,93.5243842188,171.694518041,0.0031633900333,211.968549929,0.0150572062259,211.968549471,211.968734335,117.923361474,72.2173142564,85.4738219579,0.0139684103844,0.024298710281,211.968517513,0.0390536608233,211.968327511,211.968603483,0.0150110731705,52.2150009488,211.968535432,0.0183689192386,211.968472841,77.2668363391,211.968592735,211.962434748,211.96855409,211.968036138,237.976023103
2011-05-05 18:00:00,110.385812504,211.968551667,211.968533762,93.5244025666,171.69451876,0.00316173535484,211.96855268,0.0344781385725,211.968551877,211.968734407,117.923361082,166.016604578,85.4738237985,0.0139804603598,0.0242985780678,211.968519266,0.0390567976335,211.968331131,211.968605124,0.0150268621336,52.2150025987,211.968548036,0.0183695186566,211.968486376,77.2668391414,211.968617614,211.962441717,211.968581929,211.968049076,237.97605103
2011-05-05 19:00:00,110.385811997,211.968551756,211.968533235,93.5244069825,171.694519014,0.00316009628164,211.968554127,0.0344769935348,211.968551448,211.968733915,117.923352953,166.016611039,85.4738249235,0.0139833407044,0.0242976993332,211.968519685,0.0390577077962,211.968332073,211.968605044,0.015026141924,52.2149967535,211.968547673,0.0183696831458,211.968489073,77.2668395566,211.968644863,211.962443546,211.968583024,211.967970852,237.976052358
2011-05-05 20:00:00,110.385811992,211.968552075,211.968531797,93.5244060176,171.694519172,0.0031583407569,211.968554271,0.0199771603693,211.968549817,211.968732835,117.923331514,166.01661248,85.4738247708,0.013983831154,0.0242961228207,211.968519838,0.0390580902258,211.968331921,211.968602947,0.0150735192258,52.2149914206,211.968545457,0.0183696672673,211.968489161,77.2668396142,211.96864277,211.962444156,211.968563459,211.967919507,237.976030306
2011-05-05 21:00:00,110.385809938,211.968551765,211.968530271,93.5244039206,171.6945191,0.00315636418626,211.968553808,0.0150231370237,211.968548096,211.968730774,117.923051138,166.016612852,85.4738241679,0.0139821213136,0.0242942855431,211.968519898,0.0390584196032,211.96833127,211.968600963,0.0150698188589,52.2149888339,211.968541542,0.018369602187,211.968488118,77.2668396294,211.968636881,211.962444204,211.968547811,211.967836089,237.976015219
2011-05-05 22:00:00,110.385808286,211.968551184,211.968527584,93.5244009495,171.69451862,0.00315439093575,211.968552272,0.0150038772204,211.96854607,211.968727224,51.2967233709,166.016612649,85.4738242583,0.0139795418413,0.024291970953,211.968519978,0.0390582432152,211.968330352,211.968599958,0.0150371189759,52.2149869615,211.968539786,0.0183695109742,211.96848688,77.266839593,211.968620202,211.962444014,211.968542242,211.967781046,237.976003003
2011-05-05 23:00:00,110.385806395,211.968550565,211.968525734,93.5243978331,171.694518393,0.00315253291665,211.968550696,0.0150018692286,211.968544574,211.968721864,51.2966744922,166.016612379,85.4738240541,0.0139774096766,0.0242879549772,211.968519921,0.0390579259173,211.968328875,211.96859928,0.0150322566064,52.2149856811,211.968540644,0.0183694406403,211.96848544,77.2668395568,211.968616556,211.962443479,211.968539198,211.967726611,237.975993014
2011-05-06 00:00:00,110.385805564,211.968549233,211.968529381,93.5243945932,171.694518375,0.00315078748477,211.96854989,0.0150027615349,211.968543214,211.968718016,0.110906083472,166.016612037,85.4738242845,0.0139760707655,0.0242851221437,211.968519532,0.0390572040887,211.96832742,211.968599483,0.0150261191551,52.2149843332,211.968542145,0.0183693619348,211.968488193,77.2668394888,211.968629844,211.962442876,211.968528686,211.967836572,237.976001666
2011-05-06 01:00:00,110.385804905,211.968548629,211.968527544,93.5243915797,171.694517822,0.0031490960015,211.968548749,0.0150016825881,211.968542609,211.968713031,0.110805279619,166.016611789,85.4738239837,0.0139745008222,0.0242832896629,211.968519267,0.0390568934546,211.968326046,211.968599095,0.01504435798,52.2149840111,211.968541876,0.0183693555613,211.968486653,77.2668394698,211.968609706,211.962442076,211.96853824,211.967770899,237.97600395
2011-05-06 02:00:00,110.385805334,211.968548477,211.96852622,93.5243878134,171.694517511,0.00314747834441,211.968548255,0.015001688908,211.968543131,211.968705661,0.110745651844,166.0166115,85.4738236886,0.0139726158613,0.0242816247916,211.96851907,0.0390564740701,211.968324568,211.968598962,0.0154663463986,52.2149842004,211.96854301,0.0183693110645,211.968485176,77.2668394414,211.968610513,211.962441156,211.968544816,211.967883147,237.976006277
2011-05-06 03:00:00,110.385807644,211.968551569,211.968527703,93.5243827485,171.694517674,0.00314585100775,211.968549077,0.0150024045181,211.968543543,211.968696887,0.111144033975,166.016611272,85.4738241294,0.0139700560643,0.0242792026579,211.968519275,0.0390558302452,211.968322971,211.968599614,0.0190699510988,52.2149884827,211.968544811,0.0183692243301,211.968482969,77.2668394655,211.968602316,211.962439563,211.968566815,211.968012859,237.976032359
2011-05-06 04:00:00,110.385809705,211.968553023,211.968529614,93.5243749849,171.694517764,0.00314465353482,211.968550264,0.0150033813199,211.968544679,211.968675806,0.136505614199,166.016610878,85.4738245941,0.0139673890234,0.0242742738709,211.968518418,0.039055000443,211.968320827,211.968600678,0.0190355629895,52.2149960168,211.968549754,0.0183690795296,211.968478489,77.2668394158,211.968613833,211.962436881,211.968582261,211.968107156,237.97604906
2011-05-06 05:00:00,110.385804554,211.968550643,211.968532145,93.5243145471,171.694517594,0.00314352402498,211.968551152,0.0150051562573,211.968540814,211.968422286,0.0200099146551,166.016610282,85.4738249178,0.0139451048768,0.0199936496003,211.968513444,0.0390448655815,211.968283898,211.968601388,0.0174436836517,52.2149906493,211.968555319,0.0183686395648,211.968460537,77.2668391979,211.968617158,211.962410434,211.968522755,211.967993827,237.975968552
2011-05-06 06:00:00,110.385706538,211.968545423,211.968532998,0.0102043687916,171.694515677,0.00314194820625,211.968548972,0.0152788139889,92.2081882121,0.0100401463435,0.0199954230834,166.016609938,85.4738206603,0.0101824461032,0.010030279005,0.0156842356453,0.0100419039377,0.0100368856322,211.968598549,0.0150188738027,52.21498537,211.968561855,0.018308224998,0.0344276926758,77.2668383441,211.968557941,0.0101231333141,211.96834369,211.967642831,237.973892812
2011-05-06 07:00:00,0.0103312548755,211.96852635,211.968515335,0.0100673484457,74.6871234734,0.00314011512729,211.968522769,0.015005662416,92.2072293365,0.0100224358555,0.0163120914247,166.016606021,85.4737990843,0.0100574962887,0.0100200662942,0.0106595464252,0.0100215581949,0.0100159123052,211.968548281,0.0150020056934,52.2149784659,211.968559416,0.0100206783526,0.0103414713549,77.2667419912,211.968103458,0.0100524744302,171.693836145,92.2072284574,178.481816134
2011-05-06 08:00:00,0.010278527487,211.968400365,171.694496864,0.0100178209183,74.6871140272,0.00313833806424,171.694516227,0.0150018937075,92.2063224837,0.0100050126396,0.0162413934391,166.016559353,64.1054802066,0.0100225004503,0.0100047800639,0.0106516943981,0.0100078795584,0.0100045332049,158.976437209,0.0149976979985,52.2149739733,211.968557315,0.01001900043,0.0102949362896,0.014996692368,158.976518391,0.0100171638121,92.2064101692,92.2060960201,178.481612924
2011-05-06 09:00:00,0.0100087352474,92.2063740904,92.2063230903,0.0100073340557,60.4965610425,0.0031365285983,171.694501961,0.015000915468,92.2063169751,0.0100020330916,0.01622620436,134.473436137,64.1053649293,0.0100081870704,0.0100021495245,0.0100265653405,0.0100031322088,0.0100025415707,92.2063424188,0.0149955141911,52.2149704982,211.96855527,0.0100021784066,0.0100467700508,0.0149947483285,158.976422999,0.0100060096741,92.2063826999,92.205970554,103.519951508
2011-05-06 10:00:00,0.0100048535176,92.2063304724,92.2063147418,0.010005249364,0.015083013548,0.00313481214354,92.2064167844,0.0150006378029,92.2063157384,0.0100018129192,0.0162113607368,134.473427693,64.105288643,0.0100053893842,0.0100018755171,0.0100061142361,0.010002331197,0.010002146762,92.2063410274,0.0149941136874,52.2149662707,211.968552449,0.0100007476978,0.0100240445455,0.0149914169251,158.976372242,0.0100048224045,92.2063594877,92.2058451319,103.520134213
2011-05-06 11:00:00,0.0100046177037,92.2063254269,92.2063142759,0.0100053145094,0.0150001617737,0.00313300484234,92.2063268425,0.0150008149021,92.20631927,0.0100023250496,0.0161991592258,134.473418356,0.0104940896089,0.0100052333819,0.0100025259775,0.0100054217453,0.0100024374099,0.0100022057822,92.2063405203,0.0149952876698,52.2149635356,211.968550236,0.0100006819495,0.0100211036746,0.0100148202793,158.976344472,0.0100048557954,92.2063785787,92.2058134852,103.519822649
2011-05-06 12:00:00,0.0100053769614,92.2063277899,92.2063173559,0.0100081970614,0.0150000038831,0.00313127193911,92.2063271121,0.0150004614061,92.2063758705,0.0100036281479,0.0162197068508,124.512860589,64.1052858344,0.0100074598932,0.0100062228945,0.0100099574095,0.0100037968744,0.0100029193932,92.2063413613,0.0149955725962,52.2149607195,211.968551617,0.0100012348091,0.0100321442239,0.0100036798261,158.976370642,0.0100069899963,92.2082141466,92.2059442485,178.481575007
2011-05-06 13:00:00,0.0100174483098,92.2063484808,92.2065001905,0.0100198819371,0.0150002848044,0.00312948459916,158.955659863,0.0150001186817,92.2072274815,0.0100153780004,0.0162345307712,134.473384725,64.1053298912,0.0100198231174,0.0100222212377,0.0106446845611,0.0100131738629,0.0100067519474,92.2063428452,0.0149950694951,52.2149529201,211.968550582,0.0100155296111,0.0102555042848,0.014250821355,158.976386594,0.0100289187242,171.693357459,92.2060062426,178.48170079
2011-05-06 14:00:00,0.0103067035314,211.968433086,171.694498569,0.0100664861684,0.0199865123367,0.00312769065342,171.694506205,0.0150001535654,92.207246002,0.0100303918126,0.0199157981032,134.47342256,64.1053761143,0.010054044388,0.0100332537453,0.0106564689793,0.0100243507884,0.0100199895998,158.976439272,0.0149965814582,52.2149588803,211.968550432,0.0100197594475,0.0103261763066,0.0149937111481,158.976429874,0.0100563521008,211.966625807,92.2061259161,178.481936317
2011-05-06 15:00:00,0.0104181099054,211.96853563,211.968502981,0.0101579185581,60.4965607963,0.00312592340978,171.694523215,0.0150005195442,211.96853214,0.0102499768597,0.0199990525186,134.473429,85.4737420519,0.0101182143694,183.714649484,0.0106816401002,0.0100667454781,0.0100655272289,211.968552547,0.0149974381552,52.2149646161,211.968550737,0.010023156545,0.0104143645772,0.0149949469094,158.976820771,0.0102126299664,211.968316851,92.2064771088,237.97531303
2011-05-06 16:00:00,110.385754862,211.968547964,211.968527466,0.0135555805465,74.6871124938,0.00312431353858,211.968536439,0.0150047219155,211.968546551,0.0133924658228,0.0200323155906,134.473434204,85.4738140649,0.0136172824106,183.714935008,211.968326504,0.019925719578,92.2062560237,211.968588012,0.01499911984,52.214967466,211.968549795,0.018344734139,211.968100539,0.0149965229369,211.968418584,92.2038925368,211.968455924,113.83458138,237.975789571
2011-05-06 17:00:00,110.385795362,211.968549607,211.96853345,0.0136371656154,74.6871153747,0.00312264352191,211.968547831,0.0344778973018,211.968549251,0.0133987909907,0.0200457324711,166.016560389,85.4738218266,0.013663971502,183.714940026,211.968343154,0.0199340603246,92.2062697847,211.968600035,0.015001043199,52.2149683142,211.968546967,0.0183497943847,211.968154753,0.0150177874106,211.968508561,92.2039125967,211.968463938,113.834750991,237.975827705
2011-05-06 18:00:00,110.385801448,211.968548751,211.968532797,0.0136562802658,74.6871155584,0.00312092939958,211.968550465,0.0344643678427,211.968549827,0.0134007836461,0.0200476182483,166.01658168,85.4738232324,0.0136762889711,183.714942288,211.968345162,0.0199370035127,92.2062743056,211.968596658,0.0150081110571,52.2149712289,211.968538779,0.0183503664777,211.968166598,0.0185144511684,211.96851141,92.2039185751,211.968533851,211.967668696,237.97585736
2011-05-06 19:00:00,110.385802015,211.968549087,211.968532004,0.0136605968134,74.6871151998,0.00311911259843,211.968552033,0.0150323186141,211.96854979,0.0134019386238,0.0200446644712,166.01658439,85.4738242109,0.0136792957611,183.714942427,211.968345785,0.0199377703507,92.2062754395,211.968594098,0.0150341566945,52.2149693519,211.96853269,0.0183505341242,211.968169488,0.0185151524715,211.968527415,92.2039201721,211.968533245,113.835251238,237.975824057
2011-05-06 20:00:00,110.385802396,211.968550055,211.968529514,0.0136600894447,74.687114725,0.00311735678901,211.968551932,0.0150319561258,211.968548744,0.0134022916855,0.0200426078827,166.016584835,85.4738241654,0.0136798868335,183.714941993,211.968346175,0.0199379534655,92.2062753974,211.968590028,0.0153491907166,52.2149667209,211.968521659,0.0183505314266,211.968169446,0.0185153176876,211.968529247,92.2039205272,211.968514547,113.83436109,237.975765663
2011-05-06 21:00:00,110.385801188,211.968549486,211.968525316,0.0136586061251,74.6871146669,0.00311544433483,211.968549519,0.0150299394697,211.968548331,0.0134022130614,0.0200385402026,166.016584597,85.4738237492,0.0136783358048,183.714941795,211.968346333,0.0199380003121,92.2062750213,211.968587477,0.0168333436349,52.2149643281,211.968491537,0.0183504906471,211.968168511,0.0185154067832,211.968523152,92.2039204525,211.968498862,113.827798102,237.975701257
2011-05-06 22:00:00,110.385800182,211.968548634,211.968517317,0.0136556801519,74.6871137091,0.00311352845489,211.968546386,0.0150063326891,211.968547638,0.0134016867706,0.0200318969387,166.016583914,85.4738233718,0.0136759010752,183.714941459,211.968346525,0.0199376082647,92.2062742473,211.968583988,0.0181807897116,52.2149626981,211.968222094,0.0183504343606,211.968166686,0.018515431596,211.968505286,92.2039199252,211.968489544,92.2062668909,237.975609829
2011-05-06 23:00:00,110.385798367,211.968548529,211.968502095,0.013652792065,74.6871127044,0.0031116291055,211.96854309,0.0150034653896,211.968547433,0.013400949789,0.0200252157018,166.01658316,85.4738229031,0.0136735480551,183.714941279,211.968346627,0.0199370784346,92.2062730954,211.968578263,0.0171422920016,52.2149613468,92.2064397326,0.0183503691868,211.968164448,0.0185154297499,211.968477385,92.2039191123,211.968475026,92.2061523578,237.975424518
2011-05-07 00:00:00,110.385797442,211.968547875,211.968509725,0.0136502358223,74.6871136196,0.00310987456591,211.968538336,0.0150022273437,211.968547478,0.0134003920295,0.0200195115785,166.016582472,85.4738229424,0.0136717179468,183.714941112,211.968346574,0.0199362582395,92.2062717611,211.968571716,0.0198872697157,52.2149600963,92.2063734936,0.0183502837784,211.968163069,0.0185154677542,211.968425017,92.2039181713,211.968433908,92.2055781661,211.968488206
2011-05-07 01:00:00,110.385795732,211.968547679,211.968496482,0.0136472041196,74.6871124009,0.0031081392962,211.968528213,0.0150007110174,211.968547393,0.013399674486,0.020017471414,166.016581826,85.473822622,0.013669737228,183.714940728,211.968346359,0.019935621282,92.2062706829,211.96856681,0.0159344871081,52.214958651,92.2063374088,0.0183501966593,211.968160584,0.0185155615724,211.968397978,92.2039171136,211.968426773,0.0181911612599,211.968528005
2011-05-07 02:00:00,110.385795196,211.968547202,211.968461368,0.0136443876866,74.6871087035,0.00310640999293,211.968519195,0.0150002513119,211.968546906,0.0133984831774,0.0200177585517,166.016581192,85.4738219148,0.0136674193257,183.714939847,211.968345835,0.0199349474359,92.2062693499,211.968563298,0.0156786690732,52.2149569252,92.2063291809,0.0183500974232,211.968158291,0.0185156225485,211.968374622,92.2039152792,211.968406793,0.0158474813532,103.52228536
2011-05-07 03:00:00,110.385794486,211.968548394,211.968298266,0.0136389045563,74.6870738333,0.00310465132568,211.968520352,0.0150001921266,211.968545944,0.0133964120787,0.0200161270326,166.016580352,85.473821775,0.0136638240346,183.714938009,211.968345395,0.0199336626428,92.2062672657,211.968559,0.0200813656191,52.2149562352,92.2063237453,0.0183499531702,211.968154121,0.0185155449723,211.968298437,92.2039118201,211.968384006,0.015572159044,103.519644725
2011-05-07 04:00:00,110.385793882,211.968548092,92.2063500675,0.0136311045837,0.0200041022277,0.00310301483057,211.96851092,0.0150000999899,211.968545121,0.0133913283593,0.0200172321516,166.016579141,85.4738215912,0.0136593731909,183.714934117,211.968344388,0.0199316653589,92.2062639743,211.968556947,0.034262687594,52.2149560947,92.2063196215,0.0183497060552,211.968148753,0.0185154915034,211.968260845,92.2039042858,211.96827121,0.0153486635633,103.519587621
2011-05-07 05:00:00,110.385784956,211.968540113,92.2063295654,0.013578183725,0.0199950002008,0.00310161264719,211.968485698,0.0150000841752,211.968538438,0.0101646374887,0.0199998792426,166.016576871,85.4738202228,0.01363109183,183.714827155,211.968339648,0.0199151481483,92.2062116061,211.968553854,0.0204221054401,52.2149567046,92.2063155494,0.0183490413825,211.968126788,0.0185155594653,211.968091123,92.2038133631,92.2067404704,0.0151172977186,103.519433723
2011-05-07 06:00:00,110.385095346,92.2064405876,92.2063186588,0.0101859710534,0.0200368985884,0.00310025336537,92.2063845537,0.0150012842753,92.2063182351,0.0100195197726,0.0199274103201,166.016572781,85.4738055645,0.0101424441355,0.0198984311578,0.0106300009016,0.0100399682222,0.0100336591567,92.2063418907,0.015477254803,52.2149563789,92.2063095543,0.0101075804765,0.0109170068976,0.0185154486522,0.0274448725311,0.0101131554423,92.2063215236,0.0150257646648,0.0200129902613
2011-05-07 07:00:00,0.0100655333981,92.2063246273,92.206300746,0.0100787942795,0.0150023256704,0.00309871490265,0.0150468985489,0.0150009484254,0.0200068431226,0.0100062634591,0.0161947490825,166.016551487,85.4729688536,0.0100561834291,0.0198864398378,0.0100446905923,0.0100226210072,0.0100151558122,0.0199999665938,0.0150285626591,52.2149533502,0.0155932487439,0.0100044931894,0.010196464802,0.0185143652865,0.0153050602127,0.0100728138588,92.2002708531,0.0150026994066,0.0198036356814
2011-05-07 08:00:00,0.0100167922467,92.2063213636,0.0200010496013,0.0100240868628,0.0149999413588,0.00309711608712,0.0150027044571,0.0150003659606,0.0199870906197,0.010001802035,0.0158897287234,134.472936982,64.1053249269,0.0100234930723,0.0198795504993,0.0100368433562,0.0100073085813,0.0100040644658,0.019982779582,0.0150108088496,52.2149503754,0.0150074663614,0.0100026440939,0.0101548096493,0.0150075546001,0.0151251424175,0.0100274553701,0.0150825489893,0.0149899459862,0.0197246354064
2011-05-07 09:00:00,0.0100040971969,92.2063188925,0.0199895031289,0.0100090796561,0.0149997333,0.00309542994051,0.0149986921118,0.0150000143881,0.0150096960434,0.0100009844921,0.0100121754296,134.472899443,64.1050835478,0.0100082856422,0.0198686852817,0.0100075383251,0.0100027265957,0.0100022867806,0.0153277385668,0.0150021592171,52.2149470967,0.0150043641302,0.01000068073,0.0100381098449,0.0149996567606,0.0150109142441,0.010010032272,0.015025280596,0.0149783353116,0.0196907911324
2011-05-07 10:00:00,0.0100029428844,92.2063153465,0.0151067101925,0.0100064229936,0.014999563881,0.00309354207568,0.0149952881949,0.0149997700009,0.0149997390101,0.0100009812106,0.0100076596947,134.472893146,0.0100165287216,0.0100053867432,0.0198618084975,0.0100038182092,0.010002069691,0.0100018501145,0.0150021181377,0.0149989846745,52.2149440514,0.0150034487873,0.0100004075039,0.0100216308713,0.0149984428136,0.0149912850794,0.0100077075177,0.0150190160284,0.0149727500477,0.0196986270496
2011-05-07 11:00:00,0.0100028572743,92.2063147853,0.0150048909015,0.0100067615188,0.0149994331803,0.00309162608911,0.0149899783464,0.0149996547877,0.0149999110718,0.0100013473248,0.0100082102256,134.472876014,0.0100132756076,0.0100050733198,0.0198748866667,0.0100034618535,0.0100024294229,0.0100020151803,0.0149997985965,0.0149975878377,52.2149414429,0.0150030497374,0.010000377922,0.0100163784175,0.0149979341173,0.0149787922327,0.0100077979548,0.0150194929975,0.0149732630196,0.0196383339954
2011-05-07 12:00:00,0.0100032085466,92.2063173217,0.015006821082,0.0100100962866,0.0149995061854,0.0030898312666,0.0149906976065,0.0149996720166,0.0150055384238,0.0100025496852,0.0100243242494,0.0154428731893,0.010020143472,0.010007247745,0.0198824167101,0.0100051283271,0.0100045169071,0.0100029895118,0.0150009933864,0.0149969360953,52.2149409066,0.0150033029306,0.0100005664254,0.0100220899349,0.0149975203397,0.0149769639808,0.0100142468043,0.0151719540173,0.0149806318202,0.0196705145291
2011-05-07 13:00:00,0.0100053084818,92.2063217358,0.015008389347,0.0100279417419,0.0149999499796,0.00308802126188,0.0149967709547,0.0149996128644,0.0199646038061,0.0100098002007,0.0161837379655,0.0100517226684,64.105206306,0.010019453631,0.0198876333558,0.010027303662,0.0100169756838,0.010007148435,0.0150410282017,0.0149987248046,52.2149377724,0.0150025648735,0.0100013648277,0.010093672017,0.0149974363743,0.0149885252194,0.0100631319371,92.2000107117,0.0149888200418,0.0193990027813
2011-05-07 14:00:00,0.0100414827423,92.2063301569,0.0199799995434,0.0100812960532,0.01500205957,0.00308628228445,0.0149991212892,0.0149995996706,0.0199905974939,0.0100232077779,0.0162501752602,0.0149612256287,64.1053237626,0.0100531070441,0.01991410173,0.0100410586182,0.0100278932596,0.0100191451905,0.016203812865,0.0149991088696,52.2149338577,0.0150023088021,0.0100036987223,0.0101825504823,0.0149976642576,0.0150084670729,0.0100848382958,92.2062602449,0.0150107341501,0.019807415708
2011-05-07 15:00:00,0.0101023719352,211.968516259,0.020001307985,0.010219004522,0.0150120463993,0.0030846283728,0.0150191795388,0.0149996708979,0.0200028893097,0.0148104864402,0.0200042279337,124.512384088,64.1054448894,0.0101165193041,0.0200233535464,0.0100564616327,0.0101320884991,0.0100670619321,0.0199987131491,0.0149987277288,52.2149313481,0.0150029176405,0.0100060712326,0.0102404264604,0.0149981017429,0.0152790274927,0.0104801032154,92.2067478691,0.015303099707,0.0199785878339
2011-05-07 16:00:00,110.38568322,211.968547066,0.0246885805211,215.037568046,0.0199881477311,0.00308295662658,92.2060723033,0.0149998112572,92.2063016538,211.968520367,117.923315296,134.472895305,85.4737958882,0.0157526564886,0.0245475314829,0.0201838221167,0.0452100497999,211.968504232,0.0200002600565,0.0149992062349,52.214932196,0.0150047377652,0.0133554630813,211.968414097,0.0149995668623,0.0202604079719,92.204127995,211.968353426,92.2049960304,0.0201692300861
2011-05-07 17:00:00,110.385761068,211.968548799,92.2062877133,215.037727168,0.890360600441,0.00308130974975,92.2062979437,0.0150000536714,92.2063149241,211.968533628,117.923446199,134.472916995,85.4738177404,0.0158460361428,0.024552233327,0.0202040895259,0.0452349115814,211.968536591,0.0200052415721,0.0150004469602,52.2149320706,0.0150125685805,0.0133601301252,211.968556915,0.0185126476924,0.020446904829,92.2041710687,211.968423543,92.2056281629,0.0207975432811
2011-05-07 18:00:00,110.385770795,211.968548716,92.2062982915,215.037753499,0.89049210209,0.00307965404254,92.2063286488,0.0150014026431,92.2063183815,211.968537202,117.923459758,166.015999286,85.4738202085,0.015862700388,0.0245527058428,0.0202062663917,0.0452411999394,211.968543609,0.0200051616007,0.0150011031802,52.2149335712,0.0150131549091,0.0133607039782,211.968578022,0.0185157408829,0.0204870537191,92.2041808827,211.968485977,92.2060035105,103.51945247
2011-05-07 19:00:00,110.385771913,211.968549758,92.2061284171,215.037759277,0.890491888269,0.00307786001883,92.2063254751,0.0150027603018,92.2063189912,211.968539335,117.923461064,166.016006641,85.4738218723,0.0158671263815,0.0245521103141,0.0202069717972,0.0452431924298,211.968545437,0.0200049773573,0.0150011241658,52.2149319265,0.0150067343985,0.0133608640333,211.96858413,0.018515986132,0.0204775579603,92.204183344,211.968502954,92.2059276716,103.519296095
2011-05-07 20:00:00,110.385772927,211.968550796,0.0246910974108,215.037759244,0.890488893952,0.00307611130387,92.2062470597,0.015003119476,92.2063191627,211.968539942,117.923460986,166.016008384,85.4738220332,0.0158686786243,0.0245500484776,0.0202072769251,0.0452438580443,211.968546033,0.0200035986154,0.0150016659672,52.214929386,0.0150040243611,0.0133608926099,211.968585598,0.0185159531809,0.0203962637467,92.2041842474,211.968494248,92.2057991501,103.518255194
2011-05-07 21:00:00,110.385770387,211.968550139,0.0246324624254,215.037757573,0.890490718183,0.00307430334811,92.2060790391,0.0150010107188,92.2063189007,211.968540381,117.923459344,166.016009097,85.4738217372,0.0158675293916,0.0245485144455,0.0202075116871,0.0452441679335,211.968545708,0.0200024224417,0.0150036389271,52.2149278177,0.0150033124242,0.0133608709062,211.968584236,0.0185158899654,0.0159551729825,92.2041845298,211.968481515,92.205390217,77.6826521406
2011-05-07 22:00:00,110.385769294,211.968548993,0.0200030633273,215.037754647,0.89048569827,0.00307250854303,74.6870537275,0.01500016772,92.2063184091,211.968539796,117.923457715,166.016009139,85.4738218274,0.0158655664823,0.0245461445756,0.0202076358965,0.0452440930937,211.968544997,0.0200014326703,0.0150062488917,52.2149266231,0.0150026283262,0.0133607956862,211.968583319,0.0185157543216,0.0156692666019,92.2041844377,211.968469468,92.2037635443,103.516742083
2011-05-07 23:00:00,110.385766237,211.968548473,0.0200008753368,215.037751786,0.89049125954,0.00307065218138,74.6869173728,0.0149998740754,92.2063179874,211.968539201,117.923455864,166.016008908,85.4738217644,0.0158640506212,0.0245438001952,0.0202076971143,0.0452439205945,211.968543547,0.0200011314097,0.015009649404,52.2149259049,0.0150026989573,0.013360725899,211.968587729,0.0185156641915,0.0162386929403,92.2041841079,211.968463572,74.6895151173,103.519312089
2011-05-08 00:00:00,110.385764256,211.968547302,0.020001417785,215.03774975,0.890493018829,0.00306883244025,74.6869051075,0.0149999413988,92.2063170902,211.968539048,117.923452237,166.016008679,85.4738215358,0.0158633230941,0.0245510743104,0.0202074600614,0.0452433706636,211.968541927,0.0200010524446,0.0150002571275,52.2149259859,0.0150031586322,0.0133606490618,211.968587182,0.0185154919718,0.0170417635876,92.2041835247,211.968443565,92.2058791851,103.519500611
2011-05-08 01:00:00,110.385761967,211.968546545,0.0200011309526,215.037748294,0.890492834937,0.00306711530033,74.6869094352,0.0149998686675,92.2063167403,211.968539458,117.923450703,166.016008654,85.4738211495,0.0158622983288,0.0245541619839,0.0202071437654,0.0452429982009,211.968541025,0.0200011321302,0.0150001796113,52.2149233608,0.0150043682606,0.0133605664406,211.968587612,0.0185154453301,0.0203458096032,92.2041832625,211.968440324,92.2058472315,103.519545122
2011-05-08 02:00:00,110.385759754,211.968546338,0.0200007287812,215.03774725,0.890492583446,0.00306540397652,74.6869160193,0.0149997347537,92.2063151953,211.968539616,117.923449379,166.016008648,85.4738205058,0.0158608507247,0.0245551287386,0.0202065013405,0.045242767732,211.96854058,0.0200012171889,0.0150003035749,52.2149195351,0.0150042024147,0.0133604523737,211.96858689,0.018515397649,0.0204808990975,92.204182613,211.968435994,92.205782517,103.519570237
2011-05-08 03:00:00,110.385756008,211.968547464,0.020000690163,215.037745571,0.890493035187,0.00306363704119,92.2060321759,0.0149997144097,92.2063119153,211.968540037,117.923446813,166.016008432,85.4738204287,0.0158583085845,0.024555276598,0.0202058336012,0.0452423721267,211.968540154,0.0200010727238,0.0150008588438,52.2149173092,0.0150032442898,0.01336027919,211.968585978,0.0185153157412,0.0205220873527,92.2041814463,211.968453273,92.2058025549,103.519601488
2011-05-08 04:00:00,110.385751915,211.968548028,0.020000660222,215.037744461,0.890492854426,0.00306193971982,92.2060654794,0.0149997009932,92.2063025323,211.968538823,117.923441831,166.016008206,85.4738203264,0.0158544142406,0.0245549098839,0.0202045085725,0.0452418552102,211.968540614,0.0200008663429,0.015001315482,52.2149140175,0.0150026344178,0.0133599324737,211.968586093,0.0185150784641,0.0205304306783,92.2041796703,211.968452487,92.2058356359,103.519659
2011-05-08 05:00:00,110.385732177,211.968543338,0.020000921919,215.037706633,0.89049192601,0.00306032686753,92.2060679889,0.014999683337,92.2062614494,211.968513196,117.923288046,166.016007338,85.4738195089,0.0158392602629,0.024546068745,0.020199223231,0.0452376326916,211.968536672,0.020000798062,0.0150000201036,52.2149075401,0.0150026116922,0.0133590788541,211.968578165,0.0185147460039,0.0205379886825,92.204174053,211.968097437,92.205641187,103.520493513
2011-05-08 06:00:00,0.01507909857,211.968525593,0.0200002333884,174.180585052,0.890489638942,0.00305885454858,92.2060682243,0.0149996216003,92.2060554955,171.694530485,51.2966636138,166.016006698,85.4738077686,0.0128699545623,0.0199018670999,0.0150126319427,0.0366642739132,211.968527095,0.0199995635237,0.0150002077005,22.7179294151,0.0150030259873,0.0100141123237,171.694614309,0.0185136715853,0.0205075942625,92.2040997205,92.2068887061,74.6871097125,211.968121949
2011-05-08 07:00:00,0.0150161911703,211.960131023,0.0199962093535,174.180557794,0.0199995451204,0.00305745064122,92.2060500048,0.0149995989265,0.02003082743,171.694523683,51.296621554,166.015999957,85.4737252668,0.0128247443822,0.0198907469279,0.0149893400237,0.0366490488408,211.968232266,0.019994554081,0.0149969432168,22.7135826903,0.0150021560146,0.0100027624977,171.694552127,0.0149863513911,0.0198072563061,92.2038190367,92.2063623468,74.6864127159,211.96833009
2011-05-08 08:00:00,0.0150017985606,92.2063413798,0.019970734455,174.180203711,0.0150274052368,0.00305590800071,74.6869160126,0.014999578557,0.0200178071677,171.694520488,0.0199794571702,134.47298198,64.1053765033,0.0128141704785,0.0198878335399,0.0149844474174,0.0366466464586,171.694530121,0.0151144207784,0.0149942942127,0.0150372007561,0.0150017645338,0.0100011560897,171.694522319,0.0100069989519,0.015430831737,74.6853784514,92.2062762039,0.0152710882129,211.968361848
2011-05-08 09:00:00,0.0149756974479,92.2063268633,0.0198645150413,161.278809723,0.015017550268,0.00305420545056,74.6868641476,0.01499953106,0.0199990660361,171.694518334,0.0100134356738,134.472967834,64.105339597,0.012812127994,0.0198839928585,0.0149786371937,0.0366474322508,171.694527917,0.0150012364295,0.0149918533192,0.0150079958452,0.0150017105806,0.0100003551886,171.694532845,0.0100054346219,0.0153441976449,74.6853649143,92.204631625,0.0152423114777,211.968200356
2011-05-08 10:00:00,0.0149435405848,92.206323639,0.0150058246369,161.278870518,0.0150003706321,0.00305243428953,0.0150005504434,0.0149994832903,0.0199849185196,171.694518408,0.0100098712547,134.472964974,64.1052044159,0.0128107026869,0.0198844222157,0.0149183808321,0.0366455117413,171.694529736,0.0149986341711,0.0149904571387,0.015004860491,0.0150016208337,0.0100001857762,171.694542836,0.0100022388356,0.0151557535272,74.6853435023,0.0152007670104,0.0157630550318,211.968168397
2011-05-08 11:00:00,0.0149805675732,92.2063233596,0.0150024054361,174.180548845,0.0149997312125,0.00305064741515,0.014996503233,0.0149994656924,0.0199610959915,171.694520205,0.0100165991828,134.472963012,64.1052742618,0.0128157375544,0.0198869496981,0.0149324573556,0.0366444336463,171.694534926,0.0149956838131,0.0149905657913,0.015003608865,0.0150014982135,0.0100001490262,171.69456136,0.0100007442852,0.0150199903534,0.0149845479065,0.0151034832816,74.686505018,211.968056344
2011-05-08 12:00:00,0.0149933137617,92.2063270113,0.015034928025,174.180602406,0.0149996796734,0.00304886271241,0.0150018261292,0.0149994211189,0.0199937239064,171.694520528,51.2948588658,134.472961407,64.1053350196,0.0128188062161,0.019889540701,0.0149647745999,0.036643134175,171.694536894,0.0149969691163,0.0149899392942,0.0150202199073,0.0150017161944,0.0100002342486,171.694632589,0.0100005355597,0.015034601717,0.0100178059213,92.206074499,74.6884094695,211.96853521
2011-05-08 13:00:00,0.0149924892401,92.2063421768,0.0199726308409,215.037447825,0.0149998143079,0.0030471432224,69.1550395172,0.0149993813226,0.0199981354478,171.694523411,51.2966267214,134.472960748,64.1053509693,0.0151626163743,0.0198919831682,0.0149444516571,0.0366431214165,211.96846847,0.0149997936779,0.0149870935278,0.0150082163028,0.0150013343663,0.0100005826301,211.968550203,0.0100006677635,0.0150773393111,0.0149880404325,92.2063260833,92.2059995504,237.974715
2011-05-08 14:00:00,0.0150077018037,211.968414279,0.0200074278759,215.037862159,0.0150004030596,0.00304547301254,74.6869198879,0.01499942945,0.0200252420235,211.964695802,51.2966799828,134.472962724,64.1053787162,0.0151374835072,0.0199036814625,0.0149847076666,0.0366458480969,211.9685389,0.0151000666738,0.0149896115718,0.0150056897852,0.015001400813,0.0100018912505,211.968556426,0.010002029269,0.0153658306619,74.6853581313,92.2064569881,92.206278817,237.975866749
2011-05-08 15:00:00,0.0150357762148,211.968539093,92.2063124626,215.037899182,0.0150229649606,0.00304380311569,92.2063238355,0.014999510418,92.2049191506,211.96853832,117.923392942,134.472964782,85.473641304,0.0152137946608,183.71488586,0.0149947577573,0.0366712779977,211.96854556,0.0199969350737,0.014992907482,0.0150067241345,0.0150020417796,0.0100037059831,211.968521553,0.0100056270145,0.0156879609672,74.6853750692,211.968028918,211.967531823,237.975979427
2011-05-08 16:00:00,110.385482616,211.968547565,92.2064119171,215.037915605,74.6871127095,0.00304208628077,211.968532085,0.0149996451946,211.96844736,211.96854676,117.923498495,134.472968629,85.473808471,0.0153321470974,183.714993223,92.2063132118,0.0452364273067,211.968548993,0.0199999418862,0.0149957522623,0.0162596394536,0.0150029153607,0.0149725265694,211.968574229,0.0100077135693,211.966723158,92.2041560726,211.968472501,211.96803156,237.976015039
2011-05-08 17:00:00,110.385775553,211.968548282,211.968521795,215.037924755,171.694508265,0.00304049257784,211.968557952,0.0150000731173,211.968536017,211.968549431,117.92351151,134.473196598,85.4738189556,0.0157824923354,183.715000096,92.206489821,0.0452400552267,211.968550962,92.2063000783,0.0149974001781,22.7135876939,0.0150050830379,0.0149902077938,211.968591557,77.2668450398,211.968408647,92.2041687557,211.968501972,211.968137229,237.976038286
2011-05-08 18:00:00,110.385789384,211.968547663,211.968532618,215.037929415,171.694517561,0.0030388988517,211.968563789,0.0150018771055,211.968542738,211.968550034,117.923516471,166.016005648,85.4738205535,0.0157942607155,183.715002237,92.2064941148,0.0452420772565,211.96855199,92.2063289738,0.014998156179,52.2147593745,0.0150046548955,0.0149909859632,211.96859919,77.2671615958,211.968506395,92.2041739999,211.968507871,211.968151244,237.976065884
2011-05-08 19:00:00,110.385792422,211.968547956,211.96853475,215.03792931,171.694519128,0.003037244823,211.968567345,0.0150019242465,211.968545007,211.968550264,117.923513923,166.016008835,85.4738219667,0.0157925675831,183.715002453,92.2064955115,0.0452420072687,211.968551789,92.206333772,0.0149983490424,22.71366156,0.0150034520364,0.014991226067,211.968599321,77.2671624274,211.96856869,92.2041750767,211.968525148,211.968092438,237.976057007
2011-05-08 20:00:00,110.385794027,211.96854814,211.968535648,215.037926882,171.69451967,0.00303562165561,211.96857032,0.015001459955,211.968545442,211.968550162,117.923511735,166.016009554,85.4738217923,0.0157913354935,183.715001863,92.2064962632,0.0452415409619,211.968551117,92.2063363681,0.0149988321324,22.7137665248,0.015002296465,0.0149912921484,211.968598615,77.2671626215,211.968580599,92.204175282,211.968515814,211.968001565,237.976019147
2011-05-08 21:00:00,110.385793064,211.968546583,211.968536094,215.037922151,171.694519789,0.00303378817786,211.968571032,0.0150010499572,211.968545492,211.968549332,117.923508806,166.0160095,85.4738210738,0.0157864090383,183.715001721,92.2064968788,0.045240830022,211.96854963,92.2063380792,0.0149983819729,52.2148400673,0.0150023419255,0.0149912835683,211.968595728,77.2671626856,211.968601959,92.2041751023,211.968507212,211.967825544,237.975997886
2011-05-08 22:00:00,110.385792472,211.968544178,211.968535773,215.037916999,171.694519516,0.00303182354982,211.968568554,0.015000614892,211.968545461,211.968547869,117.923505726,166.016009111,85.4738215595,0.0157778623647,183.715001531,92.2064973257,0.0452398931516,211.968547592,92.206338966,0.0149977996119,52.2148785722,0.015003058185,0.0149912686804,211.968597233,77.2671627059,211.968592274,92.2041747235,211.968506992,211.967760213,237.975985688
2011-05-08 23:00:00,110.385791236,211.968541075,211.968535318,215.037913331,171.694519503,0.00302995770252,211.96856782,0.0150005152826,211.968545614,211.968546488,117.923503018,166.01600869,85.4738212136,0.0157721491287,183.715001287,92.2064975056,0.04523900473,211.968545092,92.2063395829,0.0149973958439,52.2148869485,0.0150053907604,0.0149912267327,211.968594842,77.267162715,211.968611127,92.2041740224,211.968512459,211.967686704,237.975981201
2011-05-09 00:00:00,110.385790906,211.968535723,211.968532774,215.037909521,171.694518889,0.00302819064826,211.9685675,0.015001870035,211.968545473,211.968545498,117.923499823,166.016008606,85.4738210169,0.0157728243784,183.715001184,92.2064975081,0.0452378146941,211.968541635,92.2063389202,0.0149968162364,52.2148929576,0.0150211083744,0.0149912138985,211.968592596,77.2671627363,211.968623647,92.2041732877,211.968499263,211.967937564,237.975975194
2011-05-09 01:00:00,110.385790212,211.968533535,211.968533555,215.037908226,171.694518469,0.00302649586268,211.968567286,0.0150013884167,211.968546088,211.968544549,117.923496631,166.016007971,85.4738208355,0.0157636123935,183.715001029,92.2064974506,0.0452368606009,211.968539893,92.206339266,0.0149964906337,52.2148914876,0.0150530034026,0.0149911803132,211.968590719,77.2671627538,211.968615764,92.204172342,211.96850603,211.967941606,237.975971676
2011-05-09 02:00:00,110.385791585,211.968531917,211.968535398,215.037906444,171.694518347,0.00302481493001,211.968568012,0.0150010527274,211.96854642,211.968543346,117.923493448,166.016007411,85.4738206532,0.0157504101795,183.715001133,92.2064973799,0.0452354703121,211.968539106,92.2063406918,0.0149963230435,52.2148934297,0.0150265521075,0.0149911490288,211.968588132,77.2671627752,211.968616067,92.2041712828,211.968516719,211.968062205,237.975961946
2011-05-09 03:00:00,110.385793949,211.968536825,211.968536941,215.037905607,171.694518934,0.00302324652764,211.968571486,0.0150008993534,211.968546511,211.968542384,117.923491174,166.016006993,85.4738214956,0.0157326425025,183.715002107,92.2064975991,0.0452336809037,211.968538704,92.2063422302,0.0149963540211,52.2148979239,0.0150157330072,0.014991119815,211.968580901,77.2671628486,211.968608638,92.2041692974,211.968549745,211.968233406,237.975994298
2011-05-09 04:00:00,110.385796522,211.968533488,211.968538792,215.037908193,171.694519445,0.00302218869131,211.968578735,0.0150006351208,211.968547626,211.968540039,117.92348953,166.016006362,85.4738222092,0.015716216864,183.715003026,92.2064970361,0.0452307143125,211.968538355,92.2063453363,0.014996512166,52.214900506,0.0150167036656,0.0149911001145,211.968580349,77.2671628797,211.968608843,92.2041660688,211.968574,211.968343636,237.976011795
2011-05-09 05:00:00,110.3857922,92.2064771763,211.968543548,215.037902312,171.694519716,0.00302116691286,211.968583658,0.0150002351889,211.968545735,211.968482377,117.923467617,166.016005168,85.4738229054,0.0154602001918,183.714998118,92.2064935127,0.0451974912374,211.968528407,92.2063704251,0.0149972003353,52.2149003909,0.0150765400452,0.0149909615521,211.968555237,77.2671628334,211.968849408,92.2041344064,211.968534399,211.968262784,237.975990966
2011-05-09 06:00:00,110.385688583,92.2063149984,211.968550998,215.037858022,171.694518767,0.0030196220454,211.968577319,0.0150003561144,211.968527669,171.69449593,117.923272287,166.016003765,85.4738190923,0.012265191442,183.71493662,92.2054285914,0.0149881476811,171.694596143,92.2063447716,0.014998500019,52.2149039159,92.2062945342,0.0149892125834,0.0400284686403,77.2671624298,211.968741859,0.0147201867802,211.968431162,211.968051603,237.975817314
2011-05-09 07:00:00,0.010448452275,0.0150347773214,211.968549572,174.180920383,171.694499787,0.00301787806623,211.968564588,0.014999902305,92.2064450115,171.694480976,51.296778432,166.015977607,85.4738009504,0.0121682006538,148.809163582,0.0149413921261,0.0149725848012,171.694491109,92.2063405629,0.0149986741843,52.214898757,0.0197424417389,0.0121394349062,0.0108188671667,77.2671521319,211.968481788,0.0146779368799,211.966108355,171.694235371,178.492978762
2011-05-09 08:00:00,0.0104011006366,0.0150023568334,211.968555133,174.1806998,74.6871406797,0.00301610336003,211.96856528,0.0149997317001,92.2064225903,158.97641619,51.2967302685,0.0100750386649,64.1054788652,0.0116058213956,148.809159014,0.0149339804961,0.0149101795892,171.694465779,74.6871390792,0.0149972114353,52.214894182,0.0150147881751,0.0121376857638,0.0107714273472,0.0100447298677,211.968365992,0.0141132514913,171.694357145,92.2065689463,178.481675517
2011-05-09 09:00:00,0.0100127855303,0.0149997250404,211.968549007,174.180674288,74.6871261684,0.00301438324119,211.968558033,0.0149996358555,92.2063186336,0.0104254391241,51.2967156127,0.0100584130846,64.1053657939,0.0100318405273,148.809156788,0.0102260151796,0.010006902653,0.0101284570866,69.1547979957,0.0149953640829,52.2148902111,0.0150073419091,0.012134516381,0.0100583012669,0.0100428023685,158.976888778,0.0100119928205,92.2065516146,92.2063385068,103.520041669
2011-05-09 10:00:00,0.0100058514795,0.0149985876213,211.968540045,174.180602749,74.6871168141,0.00301268834467,211.968532327,0.0149995802942,92.2057171781,171.694370794,51.2967088856,0.0100307893609,64.1052260082,0.0100165721019,148.809155664,0.0100079529879,0.0100042527179,0.0100290077173,0.0200059444984,0.0149939917691,52.2148855445,0.0150055224975,0.0100027092393,0.0100220902225,0.0100210071909,158.976803706,0.0100079176693,92.2065063265,92.206285712,103.519646757
2011-05-09 11:00:00,0.010005624087,0.0149981863325,211.968537182,174.180667681,74.6871158845,0.0030110241788,211.968155016,0.0149995445545,0.0200135523405,171.694483403,51.2967075669,0.0100041073789,0.0100678012273,0.0100527305438,148.809155328,0.0100065920063,0.0100137934445,158.976577805,0.0200045750707,0.0149935644718,52.2148824343,0.015005606475,0.0100012042346,0.0100193135373,0.0100010676914,158.976821359,0.0100090028127,92.2067148924,92.206367156,103.519590589
2011-05-09 12:00:00,0.0100076347865,0.0149983503858,211.968535781,174.180665823,74.6871163172,0.00300928272398,171.694587577,0.0149995187499,92.206315122,171.694488732,51.2967104627,0.0100037470445,0.0102783079341,0.0120062421398,148.809155564,0.0100169675195,0.0149546823423,171.694451572,69.1548129271,0.014993241202,52.2148853376,0.0150099935797,0.0100024608479,0.010038945803,0.010000844935,158.976884283,0.0100294394955,171.694451194,171.692280639,103.519695314
2011-05-09 13:00:00,0.0100442804901,0.0149990356957,211.968535336,174.1806934,74.6871170849,0.00300751777898,171.694634693,0.0149995240043,92.2063236146,171.694491774,51.296713491,0.0100044138836,64.1053384865,0.0121838921098,148.80916574,0.0149285024379,0.01497333594,171.694495103,74.6871388964,0.014993658299,52.2148819604,0.0150523437532,0.0112641531916,0.0107634661242,0.010001451727,158.977365212,0.014679529813,211.96449753,171.693846338,178.481380116
2011-05-09 14:00:00,0.0104228664162,0.0150015105521,211.968538765,174.180715575,74.6871200071,0.00300573447304,211.968464686,0.014999581486,92.2064352603,171.694500899,51.296725106,0.0100128081865,64.1053756164,0.0121883624986,148.809177045,0.0149384437719,0.0149820015847,171.694500186,92.2063405292,0.0149951247207,52.2148812614,92.2063001328,0.012137506898,0.0108077440063,0.0100397630023,211.9685605,0.0146962423721,211.96836308,171.694612968,178.48175043
2011-05-09 15:00:00,0.0105313524839,92.206298002,211.968543091,215.037787338,74.6871394142,0.00300393752153,211.968545415,0.0149996677129,211.967972374,211.96849443,63.329175211,0.0100552350019,85.4735998568,0.0132178520616,183.714981442,0.0149589178372,0.0151270326596,211.968385909,211.968526114,0.0149959137825,52.2148829387,92.2063105674,0.0121394281539,0.0108943848564,0.0100431267586,211.96914348,0.0152723520522,211.968514495,211.96810318,211.968522919
2011-05-09 16:00:00,110.385756191,92.2063237673,211.968547903,215.037887773,171.694444313,0.0030022597584,211.968558094,0.014999803722,211.968543327,211.968514295,63.3292614316,0.010064344317,85.473811446,0.0150307148486,183.715004122,211.968406983,0.0197796573687,211.968508718,211.968601592,0.0149975625698,52.2148857716,92.2063187577,0.0149973712745,211.968329504,0.0100456910946,211.969340458,92.2039382935,211.968563823,211.968301097,237.975815958
2011-05-09 17:00:00,110.385796892,92.2064269638,211.968556365,215.03790265,171.694519719,0.00300059182287,211.968572861,0.0150003042977,211.968548401,211.968517176,63.329266658,0.0150647260315,85.4738208282,0.0150558418806,183.71500628,211.968434741,0.0197875327962,211.968513508,211.968605332,0.0149992625601,52.2148856193,92.2063319661,0.0150004600546,211.968406741,77.2668534124,211.969402938,92.2039577353,211.968569873,211.968346423,237.975898779
2011-05-09 18:00:00,110.385802255,92.2065318021,211.968565843,215.037908034,171.694521087,0.00299890416329,211.968581131,0.0150051615168,211.968550935,211.968518313,63.3292657519,72.2172556431,85.4738218594,0.0150635709718,183.715007328,211.96843726,0.0197908993607,211.968515947,211.968609419,0.0150012781946,52.214885539,113.808142462,0.0150009975616,211.968419652,77.2668598588,211.969433017,92.203964374,211.968570551,211.968402058,237.975957302
2011-05-09 19:00:00,110.385802826,211.966209875,211.968565778,215.037908495,171.694521599,0.00299717933143,211.968585202,0.0344230121907,211.968551839,211.96851862,63.32925893,72.2172615831,85.4738230866,0.015064945965,183.715006349,211.968438072,0.0197916660915,211.968516388,211.968610207,0.0150046730869,52.2148824273,92.2063330061,0.0150011152688,211.968423293,77.2668603646,211.969478859,92.2039659077,211.968570347,211.968348313,237.97596972
2011-05-09 20:00:00,110.385802596,211.968504694,211.968557798,215.037905867,171.694521976,0.00299546002151,211.96858503,0.0344694821532,211.968551538,211.968518648,63.3292492792,72.217263164,85.4738229631,0.0150648298528,183.71500488,211.968438363,0.0197917191129,211.968515994,211.968606359,0.0150045982926,52.2148787683,92.2063196016,0.0150010827173,211.968423406,77.266860462,211.969473744,92.2039663565,211.968556101,211.968282477,237.975956592
2011-05-09 21:00:00,110.38580096,211.968521606,211.968549908,215.037901234,171.694522042,0.00299344010938,211.968581531,0.0198828692325,211.968550976,211.968518066,63.3292211796,72.2172635363,85.4738222024,0.0150625992264,183.715004541,211.968438596,0.0197916927651,211.968514987,211.968605041,0.015000998501,52.2148759847,92.2063186604,0.0150010078669,211.968422525,77.2668605165,211.969487604,92.2039662002,211.968544478,211.96823349,237.975948957
2011-05-09 22:00:00,110.385799614,211.968523639,211.968542838,215.037895329,171.694521608,0.00299151426413,211.968575739,0.0150066816022,211.968550457,211.968516869,63.3290046037,72.2172633234,85.4738225563,0.0150596253199,183.715004554,211.968438917,0.0197913046109,211.968513579,211.96860448,0.0149988865147,52.214874135,92.206317139,0.0150009078334,211.968421266,77.2668605238,211.96943788,92.2039656831,211.968536203,211.968224964,237.975938535
2011-05-09 23:00:00,110.385797886,211.968526025,211.96854087,215.037890177,171.694521533,0.00298959290933,211.968574185,0.0150028383031,211.968550376,211.968515766,51.2967515655,72.2172631818,85.4738223646,0.0150579362458,183.71500478,211.968438966,0.0197908464964,211.968511723,211.96860445,0.0149977522717,52.2148724348,92.2063173544,0.0150008286786,211.968419583,77.2668605316,211.969462933,92.20396492,211.968530669,211.968202322,237.975939103
2011-05-10 00:00:00,110.385797483,211.968507911,211.968540816,215.037885607,171.694521187,0.00298785970432,211.968572473,0.0150018778286,211.968550569,211.968514562,51.2967245825,72.217263162,85.4738219322,0.0150564514523,183.715004984,211.968438915,0.0197904682614,211.968509647,211.968604769,0.014997041157,52.2148695233,92.2063381776,0.0150007550364,211.968422535,77.2668605184,211.969457157,92.2039643929,211.968524515,211.968207594,237.975949634
2011-05-10 01:00:00,110.38579679,211.968517646,211.968540552,215.037880712,171.694520962,0.00298614995535,211.968572204,0.0150007934786,211.968550592,211.968513424,51.2967197124,72.2172629284,85.4738216968,0.015053974908,183.71500462,211.968438777,0.0197898918952,211.968508042,211.968604961,0.0149967154437,52.2148684906,92.2063391231,0.0150006608478,211.968421371,77.2668605108,211.969461693,92.2039636486,211.968517588,211.968206467,237.97594965
2011-05-10 02:00:00,110.385797928,211.968515966,211.968540037,215.037876352,171.694520932,0.00298445435643,211.968571471,0.0150004848698,211.96855026,211.968512391,51.2967223495,72.2172625289,85.4738214248,0.0150511223868,183.715004135,211.968438666,0.019789408647,211.968506472,211.968605452,0.0149966155447,52.2148690251,92.2063363595,0.0150005901297,211.968419335,77.2668605038,211.969475968,92.2039625551,211.96851711,211.96825171,237.975948541
2011-05-10 03:00:00,110.385799965,211.968530105,211.968540728,215.037869881,171.694521385,0.00298284885032,211.968574104,0.0150002617754,211.968550027,211.968510183,51.2967316372,72.2172620409,85.4738220767,0.0150480916485,183.715003507,211.968438908,0.0197886417285,211.968504517,211.968607873,0.0149967799968,52.2148722848,92.2064959892,0.0150005626339,211.968414319,77.266860548,211.969495612,92.2039607933,211.968540968,211.96836994,237.97597484
2011-05-10 04:00:00,110.385802522,211.96853448,211.968544274,215.037863103,171.694521907,0.00298174431528,211.968577777,0.0150001044425,211.968550846,211.968505336,63.3272676257,72.2172613796,85.4738224229,0.015044278687,183.715002487,211.968438326,0.0197877908859,211.968501964,211.96861546,0.0149969724989,52.2148766363,211.968487022,0.0150004469405,211.968412564,77.2668605579,211.969502082,92.2039580527,211.968560302,211.968467758,237.975992813
2011-05-10 05:00:00,110.385798748,211.96853338,211.968554871,215.037816908,171.694522308,0.00298069105576,211.968581044,0.0150000560333,211.968548243,211.968299799,51.2967080263,72.217260227,85.4738230586,0.0150191443964,183.714985414,211.96843468,0.0197783908009,211.968465201,211.968623142,0.0149978695675,52.214877786,211.968526297,0.0150000097419,211.96839571,77.2668604681,211.969545824,92.2039346277,211.968514533,211.968392256,237.975886531
2011-05-10 06:00:00,110.385717552,211.968524425,211.968553189,0.0220409411573,171.694521423,0.0029792183837,211.968576139,0.0150000077461,211.968523025,0.0107663348201,38.4731272346,72.2172585292,85.4738200397,0.010259074367,148.809149067,92.2063021201,0.0102278201684,0.0100725952719,211.968606203,0.0149988751347,52.2148761354,211.968534371,0.0149916375792,211.963243354,77.2668599585,211.969497216,0.010714319504,211.968327534,211.968232313,211.969144573
2011-05-10 07:00:00,0.0146669558445,92.2065211517,211.968537693,0.0109553560698,171.694519454,0.00297750330037,211.968560261,0.0149998854432,92.2063683612,0.0107461203201,38.4730806646,72.2172406757,85.4738105258,0.0100839014868,148.809141504,92.2053566325,0.0102049077946,0.0100438184951,211.968599997,0.0149999059024,52.2148742948,211.968535344,0.0100217915422,0.0111783948393,77.2668442867,211.968675933,0.0106488378359,171.694166231,211.967446546,136.853693593
2011-05-10 08:00:00,0.0146205226205,92.2063239126,211.968492432,0.0103101697688,171.694415661,0.00297574547955,211.96851193,0.0149998074128,92.2063458601,0.0100090646922,38.4730726529,0.0101488733884,85.4737055928,0.0100441296997,148.809137909,92.2053482327,0.010177529828,0.0100104933713,211.96854971,0.0149998215911,52.2148714027,211.96853405,0.0100200006385,0.0111370645334,0.0149767157071,211.968465207,0.010530390341,92.2068461724,171.694206057,103.520432411
2011-05-10 09:00:00,0.0100203155044,92.2063186997,171.694518668,0.0100189094075,139.072557678,0.00297409491075,171.694531676,0.0149997633411,92.206318538,0.010005001702,38.4730458584,0.0101315572981,64.1054307359,0.0100122164857,148.809130751,0.0149477140111,0.0100069646479,0.0100043125923,171.694577497,0.0149992801541,52.2148679554,211.968532269,0.0100046078423,0.010113060926,0.0149747403902,158.977293601,0.010012482506,92.2063794059,92.2069575638,103.519573353
2011-05-10 10:00:00,0.0100063897072,92.206316288,92.2063403169,0.0100126099362,128.770920016,0.00297236384019,92.2067484735,0.0149997485031,92.2062888559,0.0100059635901,38.4728068158,0.0101092482929,64.105391472,0.0100074247293,148.809121812,0.0100106402422,0.01000415774,0.0100039533488,158.976495876,0.0149993939003,52.2148647816,211.968529757,0.0100006756855,0.0100362037911,0.0149552473005,158.97720806,0.0100081857778,92.2063684037,92.2064164712,103.519555846
2011-05-10 11:00:00,0.0100059242231,92.2063166951,92.2063208905,0.0100132772998,74.6871364037,0.00297064196848,92.2063331154,0.0149997616368,92.2053809661,0.0100324122164,0.0200260888825,0.0100059367035,64.1053897002,0.0100071332298,148.809129688,0.0100087147151,0.0100046622312,0.0100051742756,158.976484678,0.0149997180458,52.2148621896,211.96852904,0.0100005035592,0.010032729599,0.0100013098466,158.977189822,0.0100088268021,92.2063671227,92.2063955755,103.519557528
2011-05-10 12:00:00,0.010008169117,92.2063191617,92.2063581794,0.0100260432248,128.770313762,0.00296894847012,92.2064083955,0.0149998042985,92.2063122048,0.0107437495903,0.0200203314455,0.0100047625737,64.1053995333,0.0100111570813,148.809135023,0.0100487865491,0.0100150499862,0.0100082154265,158.976506145,0.0149994373103,52.2148625524,211.968528701,0.0100008424176,0.0100598520551,0.010000987441,158.977206205,0.0100220590447,92.2063774833,92.2073002725,103.519567902
2011-05-10 13:00:00,0.0142142412079,92.206322874,171.694466581,0.0108939061108,128.770974651,0.00296720976185,171.694466635,0.0149997934432,92.2063221716,0.0107599663701,38.4727990976,0.0100056570553,64.1054101484,0.0100405666517,148.809139195,92.2053480876,0.0102024104714,0.010039060408,171.694577089,0.0149990002713,52.2148593953,211.968529028,0.0100117707696,0.0111149776199,0.010001911295,158.977248855,0.0106427461956,92.2065959627,171.694125542,136.753247517
2011-05-10 14:00:00,0.0146415740949,92.2063996483,171.69452076,0.0109548130982,139.072552885,0.0029654857321,171.694530104,0.0149998779579,92.2063614254,0.0107890335181,38.4730787361,0.010036659812,64.1055467808,0.0100815238377,148.809145598,92.2053554307,0.0102102704895,0.0100511392827,171.69480876,0.0150009115627,52.214858006,211.968528599,0.0100203842416,0.0111652961037,0.0149715293462,158.977426026,0.0106598627534,171.694502871,211.958247561,136.853712553
2011-05-10 15:00:00,0.0147823847355,211.968520067,211.968519648,0.0110952911307,139.072557979,0.00296367883809,171.694647316,0.0150000973091,211.968216461,211.968300199,51.2964788019,0.0101289380702,85.4737999748,0.010170735828,183.714976843,92.2053867309,0.0182481852579,0.0103848121965,211.96858602,0.0150032280974,52.214857479,211.968533002,0.0100231100824,0.0112585904699,0.0149750616155,211.968382404,0.0111317411011,211.968405193,211.968109808,237.96719617
2011-05-10 16:00:00,110.385777043,211.968540691,211.968535283,0.0156008176075,171.694444805,0.00296201177321,211.968550661,0.0150007455285,211.968542831,211.968354371,51.2967186298,0.0101380674096,85.473817862,0.0139262781639,183.714990811,211.968486602,0.019628970359,92.2086767416,211.968604802,0.0150069893022,52.2148582382,211.968534462,0.0150128822731,211.968448705,0.01497763827,211.96906255,92.2037970084,211.968519735,211.968364871,237.975820975
2011-05-10 17:00:00,110.385804019,211.968542296,211.968540964,0.0156780235343,171.694519684,0.00296030160684,211.96855975,0.0150074620947,211.968547794,211.968360178,51.2967310869,72.2172478859,85.4738213898,0.0139777419619,183.71499264,211.968499469,0.0196355080485,92.2086881316,211.968645824,0.0150164815181,52.2148575612,211.968535289,0.0150198261976,211.968520512,177.62471391,211.969508157,92.2038162255,211.968535817,211.96838996,237.975910291
2011-05-10 18:00:00,110.385808869,211.968541116,211.968546082,0.0156976653188,171.694521365,0.0029586373421,211.968561047,0.0344799069882,211.968549427,211.968362134,51.2967353667,166.015998038,85.4738222755,0.0139901976148,183.714993386,211.968501166,0.0196383016725,92.2086921791,211.968647611,0.0150191660657,52.214856839,211.968535077,0.0150203825566,211.968530916,177.624725131,211.969530934,92.2038228437,211.968540127,211.968440111,237.975924662
2011-05-10 19:00:00,110.385808815,211.968541433,211.968547052,0.0157029646824,171.694521778,0.00295688382977,211.968561123,0.0344808978638,211.968550126,211.968363181,51.2967320218,166.016004053,85.4738230691,0.0139937252263,183.71499314,211.968501795,0.0196389788982,92.2086932737,211.968649333,0.0150238710655,52.2148543197,211.968535641,0.0150205534139,211.96853428,177.624725758,211.969443418,92.2038245205,211.968542313,211.968388748,237.975950406
2011-05-10 20:00:00,110.385808526,211.968542049,211.968545564,0.015701629611,171.694522055,0.00295523654589,211.968559811,0.0344812165342,211.968549838,211.968363407,51.2967304101,166.016005716,85.4738228067,0.013994480444,183.714992384,211.968501983,0.0196389877325,92.2086931853,211.968648216,0.0151159832888,52.2148509417,211.968534966,0.0150205501526,211.968534311,177.624725905,211.969421808,92.203825092,211.968531855,211.968323183,237.975940386
2011-05-10 21:00:00,110.385806665,211.968541211,211.968543693,0.0157001163553,171.694522336,0.00295331232335,211.968558519,0.0344806745435,211.968549813,211.968362983,51.2967284646,166.016006108,85.4738217377,0.013992780962,183.714991371,211.96850212,0.0196390416902,92.2086922767,211.968637273,0.015088091332,52.2148483293,211.96853181,0.0150205281881,211.96853348,177.624725973,211.969228985,92.2038251767,211.968524015,211.968285589,237.975935107
2011-05-10 22:00:00,110.385805746,211.968540149,211.968541734,0.0156965625508,171.694521954,0.00295133221732,211.968556723,0.0344798010405,211.968549483,211.968362038,51.2967268144,166.016005833,85.4738215665,0.0139902480737,183.714990003,211.968502205,0.0196386450435,92.2086912475,211.968610832,0.0150531186241,52.2148465211,211.968529297,0.0150204901733,211.968534322,177.624726003,211.969334681,92.2038250925,211.968521057,211.968276579,237.975927139
2011-05-10 23:00:00,110.385803981,211.968539463,211.968540822,0.0156936435237,171.694521977,0.0029494563319,211.968557209,0.0344784309187,211.968549281,211.968361184,51.2967256774,166.016005476,85.4738214242,0.0139893359538,183.71498873,211.968502218,0.0196380802663,92.2086899425,211.968608472,0.0150389869102,52.2148452564,211.968527334,0.0150204453235,211.968533519,177.624726023,211.969443406,92.2038246497,211.968520036,211.968281983,237.975925073
2011-05-11 00:00:00,110.385803072,211.968539382,211.968540641,0.0156912916486,171.694521922,0.00294765002206,211.968556462,0.0344783131733,211.968549789,211.968360416,51.2967228562,166.016005269,85.4738211712,0.0139881740264,183.71498913,211.968502026,0.0196376248512,92.2086887956,211.968608931,0.015029498275,52.2148444825,211.968527219,0.0150203543337,211.968532582,177.624726027,211.969340479,92.2038239858,211.96851563,211.968260242,237.975939319
2011-05-11 01:00:00,110.385801935,211.968539091,211.968539509,0.0156885526922,171.694521816,0.00294597485901,211.968555318,0.034477731601,211.968549471,211.968359497,51.2967222415,166.016004919,85.4738209344,0.0139864413511,183.714988651,211.968501842,0.0196370538906,92.2086876702,211.968611356,0.015024759139,52.2148437089,211.968528279,0.0150202984422,211.968531326,177.624726059,211.969282944,92.2038233985,211.96851033,211.968248577,237.975939399
2011-05-11 02:00:00,110.385803043,211.96853991,211.968538499,0.0156854532353,171.69452199,0.00294428930838,211.968555917,0.0344776170535,211.968549095,211.968358371,51.2967186018,166.016004603,85.473820649,0.0139845397217,183.714987868,211.968501658,0.0196365323024,92.2086864032,211.968615981,0.0150250299928,52.2148433993,211.968529505,0.0150202231872,211.968530502,177.624726058,211.969325633,92.2038224712,211.968511132,211.968301652,237.975938633
2011-05-11 03:00:00,110.385805421,211.968543001,211.96853935,0.0156811223262,171.694522327,0.00294272856942,211.968558442,0.0344789989838,211.968549123,211.968356724,51.2967126306,166.016004253,85.4738211183,0.0139815409413,183.714986706,211.968501828,0.0196358159189,92.2086853309,211.96864373,0.0150219561025,52.2148468442,211.968531183,0.0150201207178,211.968528368,177.624726085,211.969441587,92.2038208539,211.968531471,211.96841002,237.975971968
2011-05-11 04:00:00,110.385808213,211.968545474,211.968541325,0.0156755104373,171.694522811,0.00294162056043,211.968560151,0.034479353047,211.968550023,211.968352802,51.2967074083,166.016003691,85.4738220329,0.0139773781843,183.714984327,211.968501207,0.0196346999876,92.2086836186,211.968650974,0.0150199934123,52.2148537212,211.968536877,0.0150199817918,211.968526263,177.624726097,211.969412018,92.2038183599,211.968546763,211.968529119,237.975996584
2011-05-11 05:00:00,110.38580592,211.968542183,211.968546616,0.0156424357787,171.694523206,0.00294059479066,211.968561283,0.034479777979,211.96854772,211.968322185,51.2966217786,166.016002819,85.4738224474,0.0139558837653,183.714959125,211.968497876,0.0196239706622,92.2086743838,211.968655085,0.0150171706602,52.214856422,211.968541583,0.0150195479127,211.968512767,177.624726031,211.969511924,92.203796296,211.968508002,211.968461706,237.975926226
2011-05-11 06:00:00,110.385772137,211.968537307,211.968542128,0.0108306538941,171.694522646,0.0029390092671,211.968556621,0.0344806537875,211.96852498,158.975971998,0.0200153970927,166.016001882,85.4738212951,0.0102568733197,148.809115783,211.967867031,0.0100638125108,92.2074365438,211.968644343,0.0150144720321,52.2148528361,211.968537677,0.0150014953433,211.967951941,177.624725625,211.969511019,0.0101981684603,211.968364356,211.968311542,237.974597914
2011-05-11 07:00:00,82.7893832926,211.96852796,211.968534117,0.0104040590491,171.694520866,0.00293723206014,211.968537352,0.0344743920322,158.976401092,158.975919566,0.0199884418222,166.015990414,85.4738149721,0.0100888785767,148.809104325,158.976218335,0.0100399656145,69.1546142355,211.968603679,0.0150104270921,52.2148489418,211.968530818,0.010070448625,171.694393704,177.624718502,211.969500906,0.0101191954826,211.951698878,211.96763172,178.481926562
2011-05-11 08:00:00,82.789341672,211.968508561,211.968440682,0.0101209707681,171.694514182,0.00293548873527,171.694520943,0.0151037087049,158.975970416,158.975900521,0.0199767060774,124.51228508,85.4737574384,0.0100481519227,148.80907664,158.976209922,0.0100233269007,69.1545980165,211.968554754,0.0150035269272,52.2148437779,211.968526311,0.0100686308384,171.69435795,133.218832838,211.969449012,0.0100678549635,171.694259656,171.694617463,178.48166367
2011-05-11 09:00:00,82.7889584591,211.968372007,171.69449737,0.010018999222,139.072559396,0.00293371586122,171.6945032,0.0150042463746,92.2063210626,0.0100154430162,0.0199640265266,124.512274316,64.105406246,0.0100126915463,0.0100126975574,92.2062796554,0.0100052092087,0.0100417171092,171.694603772,0.0150004263255,52.2148391487,211.968532638,0.010005756276,158.97596601,133.218831172,211.968194913,0.0100102549031,92.2064734536,171.694383652,103.519662532
2011-05-11 10:00:00,0.0100105780408,92.206404139,92.2063263689,0.0100152473412,139.072553106,0.0029320301165,92.2063386269,0.0150017801504,92.2063146964,0.0100049148662,0.0199531133302,124.512222543,64.1053189471,0.010007740598,0.0100075668505,0.0100137166397,0.0100033191321,0.0100068988042,92.2063480405,0.0149993993747,52.2148358778,211.968533015,0.0100007198273,0.0100529954987,77.2668646593,158.977228327,0.0100070906446,92.2064069599,171.693269728,103.519591572
2011-05-11 11:00:00,0.0100089033575,92.2063625997,92.2063189076,0.0100181041808,128.770876386,0.00293029697816,92.2063262002,0.015000943689,92.2063167742,0.0100049913563,0.019955505928,0.0100250658638,64.1052549577,0.010007724479,0.0200749973546,0.0100113491031,0.0100036985623,0.0100050379116,92.2063451667,0.0149992401928,52.2148316754,211.968534073,0.0100005500393,0.0100440290388,0.0100078736824,158.977275049,0.0100075384083,92.2064001265,171.694147565,103.519645942
2011-05-11 12:00:00,0.0100258667518,92.2063929078,92.206316003,0.0100626573601,128.770872478,0.00292865338159,92.2063269826,0.0150007483184,92.2063231654,0.0100166848814,0.0199683302942,0.0100109807937,64.1053665344,0.0100114303873,148.809083639,0.0156940882884,0.0100073509705,0.0100071441012,158.976492129,0.0149992408519,52.2148320584,211.968521839,0.0100010457021,0.0101873700864,0.0100092004287,211.968407773,0.0100137398009,171.691739694,171.6946065,178.481452005
2011-05-11 13:00:00,82.7893065429,211.968440402,92.2063167592,0.0103842826789,128.77083194,0.00292700036828,92.2064312711,0.0150001316854,158.976386802,158.975901767,0.0199840435188,124.512174826,64.105398078,0.0100435182014,148.809105126,158.976210753,0.0100328074078,69.1543151535,171.69460741,0.014997261927,52.2148274603,211.968477794,0.0100630921842,171.694363943,0.0150110105252,158.97728117,0.0100984393366,171.694642797,171.695073429,178.48183238
2011-05-11 14:00:00,82.7893569325,211.96851882,92.2063205777,0.0104076532071,128.77089659,0.00292528842836,171.694506616,0.0150000707242,158.976402225,158.975922284,0.0199956515465,124.512267362,64.1054307137,0.0100840446941,148.809114253,158.976217298,0.0100432512529,69.1546017516,211.968552218,0.0149980798861,52.214825552,211.968482866,0.0100690869156,171.694393146,133.218829995,158.977281773,0.0101263910203,211.968189897,211.967651553,178.485031825
2011-05-11 15:00:00,82.7900364443,211.968529714,171.694505704,0.0105280732422,139.072557283,0.00292357266712,171.694520483,0.0150001040816,211.968525383,211.967721084,0.0200293385518,124.512274745,85.4737921105,0.0101606168154,183.714959607,158.976246153,0.0101385855037,69.1546430333,211.968602222,0.0149993773411,52.2148253351,211.96852144,0.0100722661402,171.69457909,133.218832057,211.965824585,0.0104871175035,211.968473044,211.968298637,237.975814969
2011-05-11 16:00:00,110.385792076,211.968535223,211.968524283,0.0139768764584,139.072567594,0.00292188107768,211.968532728,0.0150002435629,211.96854817,211.968494721,0.0246662310254,124.512283131,85.4738173268,0.013596901801,183.714983193,211.968498782,0.0203092049211,92.2062671861,211.968608388,0.0150015192473,52.214825768,211.968528348,0.0184477201906,223.74202529,133.218835313,211.968577229,92.2042057593,211.968523574,211.968450246,237.975971082
2011-05-11 17:00:00,110.385809511,211.968535454,211.968537998,0.0140345836674,171.694518421,0.002920091051,211.968554169,0.0150007275691,211.968551481,211.96850199,0.0246730712263,166.016209922,85.4738210389,0.0136366604858,183.714986609,211.9685087,0.0203167815196,92.206277651,211.968659647,0.0150035257187,52.214823932,211.968534131,0.0184560336651,223.742118728,177.62490476,211.969423837,92.2042262899,211.968531287,211.968456666,237.976006029
2011-05-11 18:00:00,110.385813865,211.968533839,211.968541315,0.0140530100659,171.694519733,0.00291844999179,211.968556315,0.0150170009379,211.968552942,211.968504239,0.0246781985078,166.016330643,85.4738218265,0.0136476826077,183.71498827,211.968510397,0.0203198627875,92.2062819738,211.968658938,0.0150046972005,52.2148259575,211.968535671,0.0184567003497,223.742133286,177.624907223,211.969500324,92.2042330688,211.968536775,211.968484254,237.976038211
2011-05-11 19:00:00,110.385813517,211.968533675,211.96854425,0.014056979233,171.694520304,0.00291674079821,211.968557691,0.0198609715435,211.96855379,211.968505423,0.0246708666889,166.016335601,85.4738224128,0.0136509827628,183.714988382,211.968510903,0.0203206011948,92.2062830865,211.968659216,0.0150067049853,52.2148244196,211.968536146,0.0184568416452,223.742138848,177.624907705,211.969510656,92.2042347972,211.968537758,211.968430353,237.976039095
2011-05-11 20:00:00,110.385812675,211.968533646,211.968543666,0.014055956014,171.69452074,0.00291500496132,211.968557924,0.0200468021604,211.968553082,211.968505966,0.0246648054923,166.016337056,85.4738221596,0.0136511349678,183.714988048,211.968511057,0.0203207148217,92.2062828086,211.968657118,0.0150064087656,52.214821496,211.968536073,0.0184568140054,223.742138892,177.624907819,211.969418052,92.2042352348,211.968525905,211.968339627,237.975995141
2011-05-11 21:00:00,110.385810367,211.968531385,211.968542045,0.0140536744736,171.694520896,0.00291301082633,211.968558593,0.0199500231976,211.968552869,211.968505709,0.0246563305496,166.016337335,85.4738213931,0.0136491951026,183.714987695,211.968511184,0.0203207307942,92.2062821001,211.968648872,0.0150042957172,52.2148191215,211.968532457,0.0184567752626,223.742137358,177.62490794,211.969400467,92.2042351507,211.968513864,211.96828222,237.9759684
2011-05-11 22:00:00,110.385808283,211.968528628,211.968539618,0.0140498835402,171.694520436,0.00291114751622,211.968558355,0.0150084506228,211.968552202,211.968504938,0.0246318737606,166.016336935,85.4738212757,0.0136466825183,183.714987424,211.9685113,0.020320374642,92.2062810022,211.968613933,0.0150023175877,52.2148165466,211.968529622,0.0184567218432,223.742140844,177.624907933,211.969450347,92.2042346436,211.968506456,211.968225287,237.975946353
2011-05-11 23:00:00,110.385806287,211.968526787,211.96853828,0.0140469527439,171.694520237,0.00290923054457,211.968557875,0.0150028065752,211.968551742,211.968504084,0.0244929569881,166.016336573,85.473821452,0.013644497432,183.714987132,211.968511265,0.0203198931556,92.2062796439,211.968609709,0.0150016873686,52.2148139969,211.968527386,0.0184566795705,223.74214001,177.624907929,211.969422045,92.2042339953,211.968500165,211.968214503,237.975924606
2011-05-12 00:00:00,110.385805286,211.968523627,211.968537068,0.0140445186748,171.694520146,0.00290747376792,211.968557115,0.0150018668896,211.968551657,211.968503228,0.0202590709134,166.016336221,85.4738210939,0.0136425258432,183.71498693,211.968511122,0.0203192648654,92.206278099,211.968610018,0.0150035967181,52.214808515,211.968523912,0.0184566357251,223.742139955,177.624907934,211.969359895,92.2042333927,211.968502067,211.968218885,237.975920273
2011-05-12 01:00:00,110.385804259,211.968516791,211.968536793,0.0140411704943,171.694520132,0.0029057305566,211.968557856,0.0150013780762,211.968551312,211.968502546,0.0200618415805,166.016335842,85.47382074,0.0136411965632,183.714986502,211.968510934,0.0203187661164,92.2062770616,211.968609735,0.0150054825335,52.2148050141,211.968523417,0.018456624298,223.742139614,177.624908006,211.969421348,92.2042326265,211.968499412,211.968224833,237.975909177
2011-05-12 02:00:00,110.385805639,211.968507263,211.968536525,0.0140384628821,171.694519886,0.00290406762857,211.968557876,0.0150009886978,211.968550594,211.968501632,0.0200779342273,166.016335374,85.4738201615,0.0136395625403,183.714985716,211.968510743,0.0203182597339,92.2062757149,211.968611602,0.0150044826701,52.2148066941,211.968524114,0.0184565867511,223.742139359,177.624908072,211.96935403,92.2042316905,211.968497115,211.968307178,237.975903879
2011-05-12 03:00:00,110.385809209,211.96850896,211.968536669,0.0140330767501,171.694520123,0.00290244318605,211.968557718,0.0150008437301,211.96855092,211.968500728,0.0202508874189,166.016334978,85.4738210702,0.0136368204304,183.714984784,211.968510969,0.0203175607819,92.20627415,211.968640856,0.0150018697457,52.2148127988,211.968525037,0.018456513165,223.742139922,177.624908165,211.969378428,92.2042299338,211.968511893,211.968457961,237.97595489
2011-05-12 04:00:00,110.385813308,211.968504127,211.968537004,0.0140267642086,171.694520384,0.00290130656655,211.968557602,0.0150005990171,211.968552536,211.968498739,0.0246267652815,166.016334357,85.4738213314,0.0136347129841,183.714983178,211.968510394,0.0203167223396,92.2062719756,211.96865665,0.0150005289359,52.2148150903,211.968529088,0.0184564208325,223.742141071,177.624908218,211.969369666,92.2042273586,211.968527589,211.968548257,237.975987139
2011-05-12 05:00:00,110.38581258,211.968462698,211.968537873,0.0139790095166,171.69452019,0.00290033986876,211.968557484,0.015000371403,211.968550856,211.968490895,0.020012226541,166.016333231,85.4738223035,0.0136150790907,183.714970936,211.968507391,0.0203063616027,92.2062411394,211.968664328,0.0150003221153,52.2148146559,211.968535796,0.018456084785,223.742136257,177.624908203,211.969361013,92.2042027133,211.968504027,211.968525026,237.975908978
2011-05-12 06:00:00,110.385786086,0.0151036845549,211.968539034,0.0102751346305,171.694517898,0.00289879911765,211.968554338,0.0150001951999,211.968539459,211.968421596,0.0199956571048,166.016331894,85.473820795,0.0102336521793,148.809130684,211.968285269,0.0100655459404,0.0100478458344,211.968651971,0.0150003577964,52.214813488,211.968540519,0.0184416926607,211.968332778,177.62490795,211.969273202,69.1526437628,211.968437574,211.968367861,237.975165242
2011-05-12 07:00:00,89.4124811917,0.0150425756851,211.968532895,0.0101415757366,171.694474183,0.00289716789552,211.968525154,0.0149999618556,171.694526862,171.694469285,0.0199678858472,166.016314483,85.4738158125,0.0101166112507,148.809112868,171.694357597,0.0100427237042,0.0100267141944,211.96860538,0.0150003413373,52.2148112626,211.968537183,0.0138616828049,181.231134509,177.624905155,211.968587622,69.1525997367,211.968095335,211.968197755,178.481942315
2011-05-12 08:00:00,82.7894009669,0.0150308079883,211.967547296,0.0100370899302,74.6871187795,0.00289545949274,92.2063496391,0.0149998376214,171.694500183,171.694462332,0.0199555013287,72.217285915,85.4738066111,0.0100661837312,148.809092271,171.69435081,0.0100254059491,0.010007023559,211.968599702,0.014999799089,52.214808319,211.96853127,0.01386004443,181.231108598,143.876175122,158.976599716,69.1523926568,171.694553554,171.695603879,178.481657335
2011-05-12 09:00:00,82.7893704597,0.0150244614407,92.2063188586,0.0100122784329,74.6871159212,0.00289368331575,92.2063276636,0.014999747353,92.2063258348,171.694443512,0.0198115661749,72.2172694806,85.4738043092,0.0100152503725,0.0100087646341,158.976412523,0.0100055044211,0.0100035474097,211.968549323,0.0149999218265,52.2148045991,211.968527025,0.01381030786,181.230872824,143.876174052,158.976375237,0.0100146789699,92.2065954691,171.694872082,103.519622751
2011-05-12 10:00:00,82.7893654376,0.0150189221059,92.2063141162,0.0100087027262,74.6871105074,0.00289205090585,92.2063222825,0.0149997167767,92.2063229756,0.0154394709336,0.0193783594012,72.2172490567,85.4737949153,0.0100090340769,0.010006626066,0.014961490622,0.0100037907288,0.0100030445976,171.694570586,0.0150004378658,52.2147991864,211.968522022,0.0100011765709,181.231064848,143.876171497,158.976217931,0.0100095380524,92.2064085777,171.69480054,103.519537815
2011-05-12 11:00:00,82.7893960678,0.015017421937,92.2063103462,0.0100089901772,0.0199610790522,0.00289032083863,92.2063009859,0.0149996990681,171.694515805,0.010023835378,0.0198972481878,0.0100140734924,85.4737999536,0.0100084347283,0.0100170721548,158.976605661,0.0100040695314,0.0100039674327,171.694567517,0.0150016987618,52.2147916095,211.968518388,0.0100009360192,181.231113029,0.0156847678939,0.0155295139125,0.010010448688,171.693815415,171.694875909,103.51954409
2011-05-12 12:00:00,82.7895789368,0.0150231337207,92.2061905562,0.0100145576758,0.0150037205209,0.0028886906707,0.020006962936,0.014999679212,171.69452523,0.0140080792664,0.0199614118786,0.0100075741133,85.4738041221,0.0100143546219,148.809065108,171.694352558,0.0100084598655,0.0100066532687,171.694568244,0.0150035996722,52.2147899286,211.968514634,0.0100018716529,181.231115378,77.2668246226,0.0150139705796,0.0100457456812,211.966930731,171.697473276,103.519608144
2011-05-12 13:00:00,89.4124721682,0.0150262575793,0.0199893108139,0.0101103543874,0.0150024570784,0.00288694717302,0.0150055494947,0.0149996838016,211.968511463,171.694448857,0.0199778127957,0.0100149018114,85.4738148922,0.0100847996245,148.809111136,171.694354414,0.0100368487432,0.0100213349695,171.694570969,0.015004682377,52.2147861809,211.968508739,0.0138544898633,181.231153673,143.876172823,0.015041833254,69.1525987822,211.968318584,211.968127858,178.481798425
2011-05-12 14:00:00,89.4125170758,0.0150291317019,0.0199975532744,0.0101590228709,0.0199926141757,0.00288524405323,92.2061488005,0.0149997040567,211.968541395,171.694464277,0.0199978533711,72.2172238441,85.4738174541,0.0101188399031,148.809117861,171.694359569,0.0100463071978,0.0100338353155,171.69458945,0.0150071964712,52.2147844683,211.968506798,0.0138607724422,181.231187234,143.876173945,0.0152451238753,69.1526179328,211.968404983,211.968370643,211.968473286
2011-05-12 15:00:00,110.385789412,0.0150347329989,0.0200420260481,0.0103229663152,74.6871087652,0.00288350485227,92.2063253623,0.0149997598571,211.968548318,211.968007999,0.0200807666404,72.217267774,85.4738189818,0.0102741244981,183.714942606,211.968332272,0.0101408203223,0.0101364944066,211.968555297,0.0150083736633,52.2147875809,211.968515088,0.0138649776468,211.968532837,143.876174673,158.976263439,92.2034692867,211.968456012,211.968484151,237.975835342
2011-05-12 16:00:00,110.385803158,0.015082227724,92.2063064431,93.5407023418,74.6871166923,0.00288181212505,92.2063431582,0.0149998434267,211.968551106,211.968483327,0.0246894039682,72.2172769142,85.4738198626,0.0161423183795,183.714972013,211.968338857,0.0200893443791,92.2040964386,211.968588376,0.0150167213101,52.21479373,211.968517972,0.0422447045582,223.742229052,143.876176357,158.976519304,92.204376411,211.968485019,211.968560867,237.975935365
2011-05-12 17:00:00,110.385807982,0.0151022449235,92.206324974,93.5407957019,171.694269411,0.00288011105183,211.968520868,0.0150000943032,211.968552334,211.968486861,0.024699695751,166.016095304,85.473820979,0.0161927007194,183.714975087,211.968340401,0.0200968310179,92.2041077318,211.968602924,0.0150741881685,52.2147977043,211.968521404,0.0422483536551,223.742265353,177.62490815,211.968501128,92.2043918157,211.968481529,211.968548372,237.975954563
2011-05-12 18:00:00,110.385810663,0.015195665302,113.834947339,93.5408181045,171.694518957,0.0028784246467,211.968542255,0.0150007479715,211.968553112,211.968488257,0.0247189592442,166.016345128,85.4738213689,0.016206218284,183.714976744,211.968341168,0.0200998153842,92.2041121688,211.968602574,0.0344259950293,52.2147979397,211.968521194,0.042248876395,223.742278871,177.624910731,211.968578118,92.2043977959,211.968476404,211.968589191,237.976008802
2011-05-12 19:00:00,110.385807782,0.0150424873441,113.834942794,93.5408240892,171.694520912,0.00287674926205,211.968547942,0.0150029516083,211.968552432,211.968489198,0.024702316724,166.016350129,85.4738219632,0.0162102103625,183.714976782,211.968340923,0.0201006448783,92.2041134389,211.968601604,0.0344697349832,52.2147958789,211.968514911,0.0422490109718,223.742281756,177.624911237,211.968649647,92.2043991082,211.968471517,211.968524782,237.975994727
2011-05-12 20:00:00,110.385806484,0.0150310496718,113.834940784,93.540823169,171.694521644,0.00287502490197,211.968551556,0.0150235130026,211.968550835,211.968489275,0.0246975759137,166.01635171,85.4738216112,0.0162112738796,183.714976397,211.968340561,0.0201009534025,92.2041127717,211.968595718,0.0344741109231,52.2147924307,211.968504914,0.0422489816169,223.742281832,177.624911349,211.968678249,92.204399437,211.968446088,211.968404696,237.975943541
2011-05-12 21:00:00,110.385804506,0.0150256439449,113.834927914,93.5408214493,171.69452192,0.00287312861768,211.968553316,0.0151701668279,211.96855004,211.968488697,0.0246923721223,166.016351926,85.4738209445,0.0162102418662,183.714975953,211.968340155,0.0201010348731,92.2041121768,211.968560259,0.0344646823721,52.214790459,211.968490101,0.0422489387865,223.742280782,177.624911429,211.968682429,92.2043992576,211.968423269,211.96836465,237.975924251
2011-05-12 22:00:00,110.38580229,0.0150219646492,92.2063514707,93.5408184126,171.694521815,0.00287116706916,211.968553326,0.0150368484384,211.968547855,211.968487607,0.0246843469185,166.016351507,85.4738213386,0.016207852581,183.714975548,211.968339568,0.0201005528909,92.2041113888,211.968551393,0.034426850636,52.2147890978,211.968456807,0.0422488613728,223.742282718,177.624911466,211.968683104,92.2043986555,211.968402208,211.968305269,237.975911252
2011-05-12 23:00:00,110.385798864,0.0150195627616,92.2063265682,93.5408158352,171.694522004,0.00286925802816,211.96855371,0.0150395276981,211.968545805,211.968486667,0.0246714078593,166.016351211,85.4738213685,0.0162055604539,183.714975275,211.968338685,0.0200998335365,92.2041102328,211.968392016,0.0341673968985,52.2147874942,211.968407352,0.0422488260555,223.742281458,177.624911495,211.96868392,92.2043979278,211.968383253,211.968251622,237.975901886
2011-05-13 00:00:00,110.38579377,0.015015090286,92.2063199872,93.5408138513,171.694521903,0.00286759715773,211.968553549,0.0150092608018,211.968542223,211.968485572,0.0246725723718,166.016350845,85.4738209653,0.0162013131309,183.714975032,211.968337196,0.0200982191905,92.2041090269,92.206358467,0.0344107464477,52.2147818769,211.967084607,0.0422488148832,223.742281261,177.624911505,211.968680341,92.204397167,211.96834216,211.968272332,237.975899484
2011-05-13 01:00:00,110.385791022,0.0150123108162,92.2063213139,93.5408118336,171.694522007,0.0028661619734,211.96855422,0.0150313379205,211.968536867,211.968484474,0.0246729176237,166.016350451,85.4738208377,0.0162007900532,183.714974371,211.96833577,0.0200979210264,92.2041077694,92.2063496792,0.0342783601342,52.2147776626,92.2063715728,0.0422487677735,223.742280955,177.624911509,211.968698924,92.2043965067,211.96821367,211.968261005,237.975897725
2011-05-13 02:00:00,110.385793442,0.0150083505981,92.2063240354,93.5408099495,171.694522112,0.00286428070349,211.968555043,0.0341530899075,211.968512216,211.968482836,0.0246737876295,166.016349975,85.4738204067,0.016201369396,183.714973414,211.968335916,0.02009776093,92.2041066209,92.2063485316,0.0339173243434,52.2147810041,92.2063341388,0.0422487049678,223.742280393,177.624911513,211.968699688,92.2043955825,211.967946086,211.96827721,237.975895307
2011-05-13 03:00:00,110.385797195,0.0150105896014,92.2063313222,93.5408066104,171.694522359,0.00286257613397,211.968555578,0.0344703298198,92.2065221251,211.968480398,0.0246711787442,166.016349426,85.473820859,0.0162004785292,183.71497218,211.968335704,0.020097340519,92.2041051921,92.2063501856,0.0332486674895,52.2147863311,92.206306544,0.0422486322093,223.742280575,177.624911572,211.968699254,92.2043935715,211.967927451,211.968412976,237.975930288
2011-05-13 04:00:00,110.385798624,0.0150137069583,113.834848333,93.5408033792,171.694522744,0.00286138873917,211.968556272,0.0344768706416,92.2063189633,211.968474769,0.0246709275264,166.016348826,85.4738209494,0.0162007311189,183.714969677,211.968332274,0.0200964324475,92.2041030634,92.2065717502,0.0275435131382,52.2147879226,92.20628102,0.0422485490432,223.742281324,177.624911616,211.968710328,92.2043893395,211.967702126,211.968500953,237.975948197
2011-05-13 05:00:00,110.385791754,0.0150104540316,113.834957743,93.540779687,171.694523029,0.00286037353955,211.968557433,0.0344787312333,92.2062917357,211.967933336,0.0200254837354,166.016347706,85.4738213178,0.0161931560845,183.714920236,211.968310411,0.0200893745679,92.2040791274,113.834989147,0.0260446793039,52.2147858514,92.206264859,0.0422482711081,223.742277461,177.624911581,211.968720222,92.2043672666,92.2082767498,211.968527267,237.975909163
2011-05-13 06:00:00,110.385731265,0.0150068851914,113.834967107,75.7680072667,171.694522388,0.00285890815899,211.968552629,0.0344811424828,0.0199952330731,0.0100415490418,0.019992272723,166.016346188,85.4738185076,0.0146962732183,59.9440603622,0.0150038689746,0.0196119701638,0.0101551421344,92.2063528344,0.0344308844478,52.2147839218,92.2062395261,0.0422397331689,223.742245823,177.624911261,211.96865506,0.0157857092041,92.2066301115,211.968492133,237.975830978
2011-05-13 07:00:00,82.7893129841,0.0150013305143,92.2063525937,75.7679065166,171.694519093,0.00285710952164,211.968512681,0.0344773216891,0.0199739230931,0.0100258607428,0.0199542836451,166.0163322,85.4737930511,0.0131095731733,59.944049481,0.0149440665225,0.0158829159793,0.0101352985315,92.2063426677,0.0326406844386,52.2147785735,0.015512306058,0.0316848021236,211.966394069,177.624907573,211.96840717,0.0152453526441,92.2061373357,211.968455012,237.975576064
2011-05-13 08:00:00,82.7892760183,0.0150002744785,92.2063160078,75.7678885338,139.072549394,0.00285543906942,171.694502793,0.0150558189238,0.0199114188646,0.0100045669728,0.019848591046,72.2172988505,64.1053930437,0.0130835521477,0.0195272822263,0.0149360022228,0.0158722266151,0.0100746035201,92.2063206777,0.0150846642042,52.2147721458,0.0150289388494,0.0316830101098,181.231233772,62.5861399291,158.976733113,0.0150209746762,0.0169291496451,211.968371841,92.2102063195
2011-05-13 09:00:00,0.0150186710597,0.0149999781729,92.2063135568,75.7678605353,139.072540264,0.0028537394712,158.976571405,0.0150024295278,0.0150023388432,0.0100023843505,0.0100379863658,72.2172809455,64.1053548768,0.012765707703,0.0100083171892,0.0139611089784,0.0149930355913,0.0100055545997,0.0200008322694,0.0150192334545,52.2147468709,0.0150131733871,0.0150067321301,181.231219252,62.5861373492,158.976572263,0.0148907747211,0.0151382966125,211.968346169,92.2099509849
2011-05-13 10:00:00,0.01002985705,0.0149997264979,92.2063125541,0.0120879134193,128.770885243,0.00285202023719,92.2063261767,0.0150009905134,0.0150005353084,0.0100021263208,0.0100187817074,72.217255626,0.010056524335,0.0100198791316,0.0100081850116,0.0100089018782,0.0100057070954,0.010003690878,0.0200001611229,0.0150105814444,22.7134809222,0.0150079814019,0.0100012605854,181.231184377,62.5861349526,158.976524376,0.0148622406454,0.0150223264609,211.968336581,92.209540719
2011-05-13 11:00:00,0.0100184197871,0.0149999163664,92.2063140828,0.0100601663826,74.6871197964,0.00285036026688,92.206320936,0.0150004962014,0.0150003003381,0.0100027370294,0.0100270413303,0.0100196499733,0.0100373463549,0.0100155909767,0.010027989293,0.0100067733978,0.0100057241042,0.0100042474104,0.0200024550852,0.0150078428302,22.7115334552,0.0150063878364,0.0100010633058,181.231218144,0.0149779496582,158.976509219,0.0150042305822,0.0150153867709,211.968125253,0.0216236544834
2011-05-13 12:00:00,0.0149647416115,0.0150004339413,92.2063192411,0.0100970908734,74.6871196232,0.00284859043739,92.2063230829,0.0150003291918,0.0150019242257,0.0100070211349,0.0194583081251,0.0100086925567,64.1048743107,0.0100434066,59.9440420136,0.0100161523386,0.0100262902399,0.0100078328856,92.206316455,0.0149999262116,0.0150234423036,0.0150068475839,0.0100022423853,181.231227693,0.0100227763093,158.976513267,0.0151868545414,0.0151335354513,211.967824116,0.0219534609693
2011-05-13 13:00:00,82.7891261142,0.0150020157866,211.968314132,75.7676521865,74.6871325842,0.00284686015407,158.975802797,0.0150001985639,0.0199716256543,0.0100266224344,0.0199536220747,0.0138295070201,64.105345524,0.0130765650457,59.9440530757,0.0149315752022,0.0158570195079,0.0101356892689,92.2063374335,0.0149959616924,0.0150075952157,0.0150080902794,0.0316815447907,181.231218573,57.9502368986,158.97652735,0.0152307681905,0.0157125633051,92.2064251268,0.020040558245
2011-05-13 14:00:00,82.7892924808,0.0150032959554,211.968489992,75.7678823099,128.770928831,0.00284518274989,171.694498194,0.0150002194228,0.0199804150183,0.0100396764298,0.0199891862431,72.2172396166,64.1053943561,0.0130895199858,59.9440649851,0.0149417953093,0.0158746732997,0.0101559689694,92.2063440046,0.0149955831228,0.0150027427665,0.0150085951587,0.0316839036133,181.231239676,62.5861360688,158.976576676,0.0152455384304,0.0191502817337,92.206211938,0.0199829715423
2011-05-13 15:00:00,82.789506788,0.0150068373004,211.968528653,75.7679386646,139.07254113,0.00284343647744,171.694518384,0.0150002272205,0.0200035498545,0.0126751254775,0.0201049250332,72.2172798102,85.4737588106,0.0131298790377,79.9249771335,0.0149652430019,0.0159003360147,0.0103821234935,211.968540087,0.0149969121253,0.0150018868268,0.0150196551702,0.0316867413992,181.231307089,62.5861373072,158.976776717,0.0153368487424,0.0191935277287,92.2061002596,0.0200127991739
2011-05-13 16:00:00,110.385780568,0.0150189784483,211.968534486,93.540718553,139.072565038,0.00284172259529,211.968539935,0.0150006389903,92.2063710912,0.0135040363331,51.2967461461,72.217288067,85.4738114272,0.0161663618592,79.924998425,211.967956285,0.019660635497,0.0134854795632,211.96860055,0.0150007957088,0.0150043897634,92.2044340568,0.0422457454828,223.742242573,62.5861386922,211.968486797,211.96178964,0.0189186709679,92.2046439832,0.020040898078
2011-05-13 17:00:00,110.38580101,0.0150205642903,211.968536864,93.5407564645,171.694500965,0.0028400311746,211.968551768,0.0150044799804,211.968526357,0.0135094057078,51.2967729167,96.2893636005,85.4738184114,0.0161863207832,79.9250014869,211.967967362,0.0196689124949,0.0134944762635,211.9686059,0.0150187785874,22.7134519982,92.2062599824,0.0422483807217,223.742285398,77.2668362807,211.968616669,211.961816351,0.0155461678019,74.6854444504,0.0201011364733
2011-05-13 18:00:00,110.385804764,0.0150221772048,211.968537596,93.5407729205,171.694503242,0.002838317028,211.968553639,0.034481617631,211.96853049,0.0135114189282,51.29678186,96.2894277089,85.4738192102,0.0161946808402,79.9250032517,211.967968606,0.0196721875227,0.0134983367237,211.968606323,0.0344493277241,52.2147278543,211.968280506,0.0422488464976,223.742290771,77.2668377904,211.968632589,211.961822912,0.0192887180483,92.204168446,0.025985228588
2011-05-13 19:00:00,110.385804586,0.0150162375789,211.968537086,93.5407763783,171.694503511,0.00283653704628,211.968555447,0.0344818346562,211.968532938,0.0135124877078,51.2967816952,96.2894320581,85.473820341,0.0161969945632,79.9250031478,211.967969239,0.0196731692711,0.0134994379542,211.968606523,0.0344759290946,52.2146268312,211.968381724,0.0422489862943,223.742292841,77.2668381219,211.968664956,211.961824885,0.0153880063501,0.0158315630148,0.0200854102692
2011-05-13 20:00:00,110.385804598,0.0150133542842,211.968535573,93.5407747994,171.694504542,0.00283494369324,211.968555172,0.0344817969971,211.968533788,0.013512785071,51.2967810452,96.289433549,85.4738201723,0.0161968113628,79.9250025248,211.967969415,0.0196734847081,0.0134991719648,211.968605969,0.0344788774816,22.7134921845,211.968396074,0.0422489689448,223.742292372,77.2668381492,211.968669789,211.96182547,0.015022710369,0.0152051429061,0.0200185781684
2011-05-13 21:00:00,110.385802846,0.0150091461506,211.968533327,93.5407728242,171.694504522,0.00283312315777,211.968554066,0.0344812722888,211.968534304,0.0135124318929,51.296779545,96.2894338224,85.4738198517,0.016194850896,79.9250019712,211.967969374,0.0196736502324,0.013498511209,211.968605128,0.0344649535603,22.7134574056,211.968396169,0.0422489349058,223.742290281,77.2668381456,211.968657837,211.961825558,0.015014671056,0.0151225520611,0.0200079490946
2011-05-13 22:00:00,110.385801896,0.0150052422089,211.968528638,93.5407687985,171.69450313,0.00283119169427,211.968552315,0.0344780669001,211.968534935,0.0135117245539,51.2967778375,96.289433406,85.4738191257,0.0161919885634,79.9250014136,211.96796937,0.0196734032896,0.0134974590351,211.968603707,0.0344247505892,22.7134415476,211.968394708,0.0422488757487,223.742286471,77.266838099,211.968639512,211.961825275,0.0150173447963,0.0150877347521,0.0200063310457
2011-05-13 23:00:00,110.385799171,0.0150040463717,211.968520708,93.5407654401,171.694502542,0.00282938991116,211.968550722,0.0151165968917,211.968535647,0.0135107109723,51.2967768113,96.2894330095,85.4738199651,0.0161889126493,79.925000917,211.96796931,0.0196729810353,0.0134961888714,211.968601297,0.0330406882216,22.713438516,211.968393023,0.0422488049599,223.742284125,77.2668380465,211.968640544,211.961824737,0.0150322003273,0.0150682450923,0.0200081086411
2011-05-14 00:00:00,110.385798102,0.0150038903985,211.968514027,93.5407623797,171.694501015,0.002827624763,211.968548675,0.0150028481824,211.968535346,0.0135099606809,51.2967749614,96.2894325349,85.473819795,0.0161863731811,79.9250002331,211.967968869,0.0196724200174,0.0134948240499,211.968596294,0.015131648031,22.7134833876,211.968392284,0.0422487250117,223.742281376,77.2668379903,211.968624682,211.961824125,0.0209803184018,0.0154824867115,0.0200520452002
2011-05-14 01:00:00,110.385797164,0.0150033092604,211.968518322,93.5407593115,171.694497064,0.0028258841952,211.968548035,0.0150021554777,211.968536777,0.0135087610889,51.2967744824,96.2894321213,85.4738193431,0.0161839610153,79.9249990151,211.967968646,0.0196719136539,0.0134937061603,211.968585591,0.0151556385048,22.7485986239,211.968389215,0.0422486347878,223.742286007,77.2668379217,211.968606615,211.9618235,0.0208252589364,0.0151634572179,0.020478454717
2011-05-14 02:00:00,110.385797299,0.0150017954293,211.968514034,93.5407551848,171.694492235,0.0028241715672,211.96854518,0.0150016531465,211.968537339,0.0135075111214,51.2967728456,96.2894315934,85.4738187557,0.0161807221615,79.9249975705,211.967968245,0.0196711411219,0.0134922198339,211.968571459,0.0153097964956,30.2732500364,211.9683891,0.0422485138455,223.742286198,77.266837817,211.968596694,211.961822483,0.0172742730452,0.0150842881461,0.0255256364776
2011-05-14 03:00:00,110.385798384,0.0150013731973,211.9684905,93.5407476852,171.69449679,0.0028224375627,211.968540995,0.0150012928643,211.968536895,0.0135050906664,51.2967698383,96.2894308582,85.4738189809,0.0161751629606,79.9249957899,211.967967941,0.0196699164894,0.0134903282365,211.96858443,0.0151005149599,30.2860511123,211.968384428,0.0422483517631,223.742284533,77.2668376975,211.968593144,211.961820353,0.0175597274174,0.0151019642073,0.0255746513832
2011-05-14 04:00:00,110.385799784,0.0150012905802,211.966352123,93.5407360934,171.694495283,0.00282085868195,211.968530681,0.0150007062146,211.968537135,0.0134995641953,51.2967666342,96.2894298009,85.4738191748,0.0161681712069,79.9249916533,211.967967213,0.0196680455321,0.0134869077609,211.968587778,0.0150786508701,22.7134632557,211.968372448,0.0422480724406,223.742280504,77.2668375186,211.968571293,211.96181658,92.2054671217,0.0151255909985,0.0254556386533
2011-05-14 05:00:00,110.385798081,0.0150007962355,92.20631905,93.5406604879,171.694488235,0.00281942308957,211.96851552,0.0150001047693,211.968533476,0.0102677427691,51.2967190795,96.2894278064,85.4738193865,0.0161309340701,79.9240460455,211.967964058,0.0196571835336,0.013442579512,211.968589843,0.0150572118471,22.7134691672,211.968336026,0.0422473889864,223.742275546,77.2668372756,211.96855252,211.961796583,92.2059994265,0.0151086917854,0.0199798067759
2011-05-14 06:00:00,110.385773116,0.0150011783438,92.2063122081,0.0104111600767,74.6871188613,0.00281811821383,211.968320575,0.0149999071559,171.694719838,0.0100232733803,0.0201751365834,96.2894246803,85.4738106595,0.0104253445586,0.0101375271581,171.69405303,0.0151568779616,0.0100346452522,211.968558185,0.0150144331194,52.2145839368,211.968243077,0.0421331275241,223.742173015,77.266836469,211.968474312,158.971941592,92.206151244,0.0150685166268,0.0189980510019
2011-05-14 07:00:00,89.4124780219,0.0150006114272,0.0200047614615,0.0102683360311,74.6871161703,0.00281677882886,92.2063226124,0.0149997840044,171.694500241,0.0100121803579,0.0201369174789,96.2893812628,85.4735112721,0.01014487699,0.0101252526811,171.694026876,0.0151269235756,0.0100171862188,92.2063441606,0.0150105705806,52.2147196264,92.2063612968,0.0100092823963,181.231264033,77.2657929891,158.97644293,158.97191194,92.2060987698,0.0150302186939,0.0150452644433
2011-05-14 08:00:00,89.4123912025,0.0149998163751,0.019994162993,0.0100830226264,0.0150460786922,0.00281524074326,0.0198758499631,0.0149997203414,158.97645664,0.0100040609136,0.0200009199472,0.0101239123906,64.1053877668,0.0100952332442,0.0101041649356,171.694020522,0.0151083832259,0.010005229858,69.154783389,0.0150045529844,52.214732706,92.2062602513,0.0100073542895,181.231246472,0.0121497409434,158.976346436,158.97176735,92.2060898727,0.0150242692283,0.0150044853623
2011-05-14 09:00:00,82.7894172983,0.0149995907946,0.0199036177518,0.0100177019606,0.0150134237132,0.00281351991999,0.0150730088877,0.0149996761383,92.2063280909,0.0100021075024,0.0199042337204,0.0101023247731,64.1053488335,0.0100157010687,0.0100062227021,171.693916439,0.0100129925893,0.0100028587149,0.0200019268101,0.0150011223425,52.2147348557,92.2062540587,0.0100014911045,181.23123871,0.0121475228347,158.976241048,92.204093622,92.2061030763,0.0150335051522,0.0149988342741
2011-05-14 10:00:00,82.7893915459,0.0149998189698,0.0150014201641,0.0100113892749,0.0150094246036,0.00281180880544,0.0150001460629,0.014999656692,158.976354263,0.0100018641798,0.0198173991771,0.0100884488663,64.1052811998,0.0100083161184,0.0100044959014,158.974805035,0.0100047397041,0.0100024997896,0.0199992272337,0.0150000561471,52.2147328791,92.2062472537,0.0100005428201,0.0101640521428,0.0121460542958,158.976226859,0.0144737555645,92.2061095138,0.0150572050337,0.0150034950702
2011-05-14 11:00:00,82.7893871452,0.0150011059287,0.0149990916675,0.0100163991891,0.0150016256891,0.00281003986365,0.0149920315955,0.0149996381232,158.976839333,0.0100022049812,0.0199880926231,0.0100074005049,64.1053762972,0.010008782486,0.0100059979069,158.976514207,0.0100057933975,0.0100026122899,0.019998700251,0.01499994227,52.2147199224,92.2062391557,0.0100004130666,0.0100918528754,0.0114818028702,158.97611149,158.970790424,92.206329874,0.015150125576,0.0150152524973
2011-05-14 12:00:00,82.7894536327,0.0150053054655,0.0149990658389,0.0101094687202,0.0150006100787,0.00280837219394,0.014986152773,0.0149995942703,171.694497794,0.0100037538321,0.0200495211807,0.0100042776759,64.1054317929,0.0100146798965,0.0100656047062,171.694020283,0.0100212291454,0.0100034651992,0.0199985552329,0.0149998551966,52.2147354877,92.2062444177,0.010000539648,167.810294563,0.0100127499807,158.976055125,158.971893087,211.967650025,0.022393175997,0.0175858416547
2011-05-14 13:00:00,89.412467057,0.0150150438878,0.0150007620621,0.0102500682939,0.0150002744398,0.0028067486645,0.0149939986469,0.0149995625983,171.694501354,0.0100129366303,0.020140836381,0.0100092494759,85.4737911373,0.0100931087491,0.0101237390529,171.694024282,0.0151194442185,0.0100095055205,0.02000010052,0.0149978434653,52.2147254255,92.2062401968,0.0100019221539,181.231219787,0.0121427702193,92.2067331192,158.971911842,211.967937402,92.2061861482,0.0280820324213
2011-05-14 14:00:00,89.4124814076,0.015021296804,0.0150231082682,0.010284599017,0.0150001693414,0.0028050070102,0.0150000740596,0.0149995753304,171.694518147,0.0100248538613,0.020174365102,0.0100510776294,85.4738120135,0.0101378484298,0.0101332760293,171.694027318,0.015129948279,0.0100221895891,0.0200041401314,0.0149979369612,52.2147316129,92.2062448033,0.0100075094816,181.231241931,0.0121467012085,0.0151184009291,158.971927204,211.968000476,92.2065573722,92.2098658452
2011-05-14 15:00:00,110.385717396,0.015044142662,0.019977480277,0.0104921411649,0.0150004754838,0.00280336912172,0.0150068270814,0.0149996133807,211.968519531,0.0104102675553,51.2969936512,0.0100979824119,85.473817325,0.0102284639493,183.714654421,171.694035604,0.0177918776769,0.0100741098293,69.1547848526,0.0149977148932,52.2147349323,92.2062506245,0.0100099898914,181.231288302,0.0121475856883,158.975489105,211.963200001,211.968029124,211.967759833,211.97584638
2011-05-14 16:00:00,110.385787359,0.0345169696755,0.0200009992286,215.037661765,0.0150106552738,0.00280189196639,0.0150895856756,0.0149996845488,211.968525492,0.0128191071055,211.968525849,0.0101061647564,85.4738190906,0.0360106620037,183.714751826,211.967933826,0.0190998953651,211.968372266,92.2063367268,0.0149986657787,52.2147356746,92.2062542568,0.0149960784032,223.741729022,0.0121498285357,158.976111999,211.968362032,211.968052579,211.968338957,211.97654739
2011-05-14 17:00:00,110.385798698,0.034517369296,92.2063008046,215.037805047,0.0200074835558,0.00280027078871,92.2063197315,0.0149997911523,211.968525893,0.0128246172599,211.96855861,0.0127817994668,85.4738193772,0.0361399185775,183.714755925,211.96793988,0.0191062182606,211.968392734,92.2063438319,0.0150018064514,52.2147367984,92.2063517638,0.0150004377386,223.744283925,0.0149962901483,211.968020234,211.968385322,211.968063253,211.968412121,211.976604223
2011-05-14 18:00:00,110.385800949,0.0345201262025,92.2063142978,215.037830341,74.6871151881,0.0027985770375,92.2063368146,0.0150002431657,211.968523811,0.0128268611439,211.968569532,0.0135038655506,85.4738191336,0.0361570491029,183.714757815,211.96794106,0.0191090694019,211.968398771,92.2063443086,0.0150454814725,52.214736941,92.206523694,0.0150009706662,223.744311414,0.0149975794522,211.968079314,211.968392197,211.968061448,211.968465142,211.976624894
2011-05-14 19:00:00,110.385800091,0.0345188602116,92.2063161114,215.03783667,74.6871166598,0.00279684403104,92.2063413265,0.0150003354564,211.968521977,0.012828051443,211.968569363,0.0135086959601,85.473819332,0.0361616908737,183.714758217,211.967941239,0.0191098879407,211.968400091,92.2063445786,0.0206473903926,52.2147348419,211.937339693,0.0150011158328,223.744322729,0.0149978247697,211.968141946,211.968394325,211.968047192,211.968448722,211.97663371
2011-05-14 20:00:00,110.385799604,0.0345180145678,92.2063170079,215.037836197,74.6871173451,0.00279511505438,92.2063430641,0.0150002546647,211.968524243,0.0128282603213,211.968568597,0.0135102593533,85.4738189148,0.0361630475776,183.714757847,211.967941066,0.0191100860582,211.968400331,92.206344362,0.0344283696919,52.2147295707,211.968350875,0.0150011327841,223.744325261,0.0149978453589,211.968165108,211.968395041,211.96802559,211.968412293,211.976613617
2011-05-14 21:00:00,110.385796225,0.0345163969159,92.2063158056,215.037834919,74.6871177354,0.00279329802713,92.2063425533,0.0150002950295,211.968527712,0.0128279565519,211.968567356,0.0135105851687,85.4738182053,0.0361623785136,183.714757472,211.967940882,0.0191101125372,211.968399946,92.2063440442,0.034457552617,52.2147301859,211.96834925,0.0150011144847,223.744324209,0.0149978261928,211.968166689,211.968395273,211.968006524,211.968373039,211.976582302
2011-05-14 22:00:00,110.385791629,0.0345117279874,92.2063140923,215.037832207,74.6871176992,0.00279149934988,92.2063396128,0.0150002466886,211.968526824,0.0128272948236,211.968565839,0.0135104488217,85.4738186317,0.0361593908557,183.714757122,211.967939824,0.019109874456,211.968399404,92.2063435871,0.0344597737739,52.2147283174,211.968351931,0.0150010576418,223.744321773,0.0149977751202,211.968163453,211.968395149,211.967982568,211.968332246,211.976544427
2011-05-14 23:00:00,110.385783356,0.0345056570832,92.2063125428,215.037829535,74.6871178034,0.00278970477636,92.2063362674,0.0150001838855,211.968526112,0.012826444875,211.96856361,0.0135100720361,85.4738184301,0.0361556848372,183.714756807,211.96793828,0.0191094431316,211.968398206,92.2063429883,0.0344525159597,52.2147263828,211.968341167,0.0150009864208,223.74433132,0.0149977265535,211.968164469,211.968394638,211.967954601,211.968300575,211.97650096
2011-05-15 00:00:00,110.385752872,0.0344973339924,92.206308317,215.037826937,74.6871173821,0.00278793435831,92.206333714,0.0150001883324,211.968523787,0.0128256098493,211.968560885,0.0135097671291,85.4738185053,0.0361539697646,183.714756297,211.967937106,0.0191090293603,211.968396962,92.2063416625,0.0154753387248,52.2147150625,211.967143508,0.0150008949004,223.744329863,0.01499765371,211.968157823,211.96839455,211.967895641,211.968247581,211.976413759
2011-05-15 01:00:00,89.4157457571,0.0344650201571,92.2063087082,215.037824802,74.6871174076,0.00278621594275,92.206333382,0.0150001847808,211.968524248,0.0128247439653,211.96856057,0.0135092463888,85.4738182895,0.0361534429295,183.714755734,211.967938922,0.0191084896778,211.968395999,92.2063409192,0.0161733543153,52.2147002576,211.966957675,0.0150008075468,223.744327012,0.0149975876703,211.968147491,211.96839422,211.967893026,211.96819866,211.976360786
2011-05-15 02:00:00,89.4125964254,0.020604624701,92.2063093929,215.037824233,74.6871173959,0.00278449354234,92.2063333508,0.0150003403093,211.968523348,0.0128235799573,211.968559737,0.013508804774,85.4738179392,0.0361524918781,183.714754786,211.967933923,0.0191074793502,211.968395481,92.2063401592,0.0155171652105,52.2147036213,211.966382814,0.0150006983175,223.744330379,0.0149975017515,211.968133853,211.968393096,211.967858311,211.968186014,211.9762283
2011-05-15 03:00:00,110.385509022,0.0154658962736,92.2063085825,215.037822225,74.6871171557,0.00278276993125,92.2063325738,0.0150006593523,211.968521694,0.0128214355258,211.968556148,0.013508066421,85.4738178554,0.0361505622064,183.714753125,211.96793179,0.0191062051961,211.968394905,92.2063378542,0.0151052207788,52.2147164116,92.2062812691,0.0150005346323,223.744331796,0.0149973890169,211.968116699,211.968391644,211.967789066,211.968242095,211.976443417
2011-05-15 04:00:00,110.385706026,0.0151402261803,92.2063068918,215.037822083,74.6871168355,0.00278111532213,92.2063307892,0.015000623114,211.968516791,0.0128163866343,211.968550294,0.0135070166397,85.4738173538,0.0361508449081,183.714749746,211.967930439,0.0191033719812,211.968395184,92.2063303194,0.0150349174675,52.2147158274,92.2062556079,0.0150002470297,223.744335541,0.0149971871469,211.968078516,211.968388643,211.9676203,211.968288779,211.976486696
2011-05-15 05:00:00,110.385741295,0.0150496485038,92.2062980167,215.037801025,74.6871158076,0.00277960018728,92.2063273838,0.0150000834496,211.968498214,0.0101346361641,211.968400356,0.013504826387,85.4738162463,0.0361354017857,183.714598045,211.967923613,0.0190905759407,211.968366238,92.2063120409,0.0150106691121,52.2147127464,92.2062459242,0.0149996231927,223.744338896,0.0149969036268,211.968000313,211.968379711,211.963072097,211.968269001,211.976273066
2011-05-15 06:00:00,110.385761307,0.015027877435,92.2062187637,174.180687142,74.68710517,0.0027782574794,92.2063114929,0.0149999599565,211.968374649,0.0100229273523,92.206320868,0.0135011911985,85.4738128739,0.0293362512275,0.0197225702365,211.967935291,0.0154818972361,171.694406255,0.0200110416413,0.0150030341023,52.2147203652,92.2060107976,0.0149567851493,223.744331171,0.0149961732558,211.966794953,211.968332462,92.2061523998,211.968135494,158.983519086
2011-05-15 07:00:00,110.385644358,0.0150184707853,0.0200035929772,174.180644108,0.0199873960673,0.00277678919982,0.019999647826,0.0149999377482,92.2063482865,0.0100108533256,92.2062737229,0.0134001439435,85.4737856478,0.0293090048001,0.0197131436671,171.694038641,0.0154723005648,171.694426383,0.0200002163577,0.0150009888804,52.2147189213,0.0151596853472,0.0121488540754,223.74433991,0.0149263222523,92.2045676987,171.694403603,92.2060775176,211.967650931,158.982294359
2011-05-15 08:00:00,89.4125116539,0.0150136515884,0.0199981462606,174.180628731,0.0150097003261,0.00277528891102,0.0151208228912,0.0150000133493,92.2063395385,0.0100026812654,92.2020686186,0.0100260583978,64.1053879899,0.0292972982676,0.0195953338809,171.694032763,0.0154673587191,171.69440619,0.0199990056544,0.0150003350353,52.2147162167,0.0150176896706,0.0121478238986,223.744339313,0.0100073294487,92.2043572026,171.694397507,92.2060598404,171.695238761,158.981564968
2011-05-15 09:00:00,89.4124939253,0.015011959236,0.0199874803894,174.180605089,0.0150022332966,0.00277376080024,0.0150911119505,0.0149999663715,92.2063312695,0.0100014504257,0.0100228260531,0.0100163785797,64.1053262923,0.0293095712819,0.010007659169,171.694030018,0.0154669817678,171.694402041,0.019997441645,0.0149998408088,52.2147120563,0.0150070577352,0.0121468224558,223.744335398,0.0100057377251,92.2043257782,171.694396615,92.206048604,171.694449368,92.2102652066
2011-05-15 10:00:00,89.4124844436,0.0150112036368,0.0199837896248,161.27912364,0.0150002697992,0.00277221485311,0.0150050169277,0.0149998851926,92.2063200807,0.0100012133295,0.0100121167215,0.0100067911956,64.1049368527,0.0293015219269,0.0100062662753,171.694023207,0.0154657360539,171.694399544,0.0199981644663,0.0149998405496,52.2147014892,0.0150043503358,0.0121434792526,223.744321981,0.0100020683384,92.2042902859,171.694394893,92.2060371225,171.694411941,92.2102823805
2011-05-15 11:00:00,89.4124785479,0.0150127959823,0.0199876684973,174.179635013,0.0149997685323,0.00277006742083,0.015008318719,0.0149998266839,92.2063200526,0.0100015288737,0.0100138854457,0.0100034414851,64.1053283258,0.0292911916458,0.0100151013176,171.694024344,0.0154660585387,171.694385308,0.0199983907254,0.0150000382549,52.2146834805,0.0150030556667,0.0121455714304,223.743458944,0.0100006078404,92.204236559,171.69439723,92.2060271987,171.694494626,158.982125244
2011-05-15 12:00:00,89.4124853334,0.015018225502,0.0199892883144,174.180629538,0.014999707205,0.00276817934413,0.0150085322734,0.0149997905551,92.2063340635,0.0100028589425,0.0198113674538,0.0100026045932,64.105376545,0.0292843455734,0.0197053398134,171.694031349,0.0154664421529,171.69431016,0.0199976009031,0.0149998752252,52.2146948403,0.015002427665,0.0121471189393,211.968831095,0.0100004366389,0.0153940212237,171.69440158,92.206060481,171.697169468,158.98230297
2011-05-15 13:00:00,89.4124990662,0.0150237593366,0.0199919803468,174.18065547,0.0149998564349,0.00276663964585,0.0150039667108,0.0149997907469,92.2063398397,0.0100136320286,92.2062717862,0.0100030302723,64.1053963935,0.0292900318615,0.0197154848164,171.694034311,0.0154637021446,171.694395729,0.0199964947774,0.0149995108075,52.2146448094,0.0150021770946,0.0121478853762,223.74432084,0.0100006376193,0.0150831333803,171.694402172,92.2060827256,211.967935366,211.966094166
2011-05-15 14:00:00,89.4124983143,0.0150553505013,0.0199970073035,174.18071541,0.0150000436895,0.00276524500336,0.0150122399637,0.014999818601,92.2063561003,0.0100284738961,92.2063436068,0.0100056181372,85.4737670105,0.0293089103667,0.0197268000763,171.694040236,0.0154647532941,171.694408914,0.0199987265591,0.0149989741232,52.2144047236,0.0150023738776,0.0121482494371,223.744339932,0.010002674816,0.0154610826977,171.694405128,92.2063808916,211.968192779,211.976256949
2011-05-15 15:00:00,110.385603584,0.0345045071681,0.0199990747337,215.037842692,0.0150012613339,0.00276362009382,0.0151141058887,0.0149999325942,113.834986005,0.0129358276187,211.968571683,0.0100145969145,85.4738044396,0.0360412937462,0.0199975004876,211.967766449,0.0154742000366,211.968341417,0.0199998939881,0.0149989452084,52.2146840695,0.0150035384808,0.0121495349549,223.744341614,0.0100059925897,92.2043201044,171.694446398,211.967403607,211.96830364,211.976469028
2011-05-15 16:00:00,110.385769134,0.0345205613187,0.0200072963547,215.037959993,0.0150109437886,0.0027619790274,0.0199858717588,0.0150001008176,113.834989377,0.0130148782164,238.106420582,0.0100232877084,85.4738138155,0.0361395348393,0.0246557822284,211.967957258,0.0190587370797,211.968529047,0.020009691532,0.0149994418173,52.2147070035,0.0150051865901,0.0149955893127,223.74433707,0.0100078813057,92.2044842736,211.96829539,211.967842279,211.968388676,211.97652162
2011-05-15 17:00:00,110.385786213,0.0345211388148,92.2063111248,215.037988388,74.6871164725,0.0027605150617,92.2063351674,0.0150003942054,113.834991383,0.0130203873677,238.106446663,0.0101831747341,85.4738163479,0.036149027393,0.0246761578267,211.967961878,0.0190856974608,211.96854277,92.2063422567,0.015000012028,52.2147126532,0.0150102972561,0.0149979011041,223.744344659,0.0149897338471,122.942362212,211.968376051,211.967878845,211.968373707,211.976531206
2011-05-15 18:00:00,110.38579374,0.0345218016625,92.2063952676,215.038001107,74.6871187365,0.00275895032239,92.2063511934,0.0150004862165,113.834992509,0.0130224710709,238.106455981,0.014968595431,85.4738172595,0.0361530426295,0.0246825740281,211.96796436,0.0190896154834,211.968548507,92.2063439589,0.0150012609683,52.2147123917,0.0150068480683,0.0149982952712,223.744347881,0.014998101829,122.942712781,211.968382974,211.967882572,211.9683407,211.976536111
2011-05-15 19:00:00,110.385791952,0.0345215560936,92.2064360504,215.038003944,99.5827738959,0.00275725914901,92.206354509,0.0150004889629,113.834990688,0.013023696456,238.106455153,0.0149753383423,85.4738182661,0.0361526578086,0.0246844723601,211.967964946,0.0190891758881,211.968550016,92.2063450986,0.0150018267468,52.2147057739,0.0150094331552,0.0149984465986,223.744343453,0.014998791309,122.942792158,211.968381988,211.967839835,211.968206731,211.976502656
2011-05-15 20:00:00,110.385790477,0.0345214243817,92.2064030352,215.038000453,99.5828024464,0.00275564297969,92.2063540164,0.0150003714787,113.83498737,0.0130240022515,238.106454238,0.0149773440615,85.4738181076,0.0361531872759,0.0246853326384,211.967965033,0.0190876940764,211.968550204,92.2063469026,0.0150030635885,52.2146671946,0.0150103449331,0.014998468464,223.744338252,0.0149989792687,122.94282611,211.968380368,211.967735584,211.967034214,211.976399393
2011-05-15 21:00:00,110.38578645,0.0345198200184,92.2063657119,215.037990254,99.582804991,0.00275378514691,92.2063519637,0.0150001297578,113.834982005,0.0130236162523,238.106452062,0.0149777992543,85.4738172034,0.0361505262712,0.0246855302131,211.967965054,0.0190866616927,211.968548631,92.2063481409,0.0150030316519,22.7134628055,0.0150105679509,0.0149984465106,223.744327761,0.0149990731637,122.942836334,211.968378469,211.967751077,211.966207523,211.976285296
2011-05-15 22:00:00,110.385782625,0.0345169966333,92.2063147654,215.037979543,99.5828055127,0.00275188171154,92.2063492677,0.0149999451932,113.834959368,0.0130227074879,238.106449682,0.0149778637687,85.4738177469,0.036143229886,0.0246856916681,211.967965028,0.0190844378135,211.96854509,92.2063486815,0.0150018003159,22.713393534,0.0150114035448,0.0149983800882,223.744316234,0.0149991219047,122.942841202,211.968376595,211.967718745,171.695123968,211.975914154
2011-05-15 23:00:00,110.385776701,0.0345141257487,92.2063114479,215.037972016,99.5828061125,0.00275007630448,92.2063464421,0.0149998488556,92.2063887585,0.0130218619385,238.10644806,0.0149776704247,85.4738182045,0.0361395894389,0.024685610507,211.967964903,0.0190823961014,211.968542289,92.2063482259,0.015001477329,0.0157400388404,0.0150117826504,0.0149983305471,223.744306972,0.0149991775488,122.942843551,211.968374294,211.967579491,171.694679116,211.975480674
2011-05-16 00:00:00,110.385765408,0.0345009761316,92.2063068941,215.037967189,99.5828057724,0.00274833559942,92.2063412835,0.0149998007241,113.834209654,0.01302120865,238.10644502,0.0149775018949,85.4738182001,0.0361234908561,0.0246855432966,211.967964056,0.0190840855768,211.968539983,92.2063446695,0.015001822614,22.7134092358,0.0150054070983,0.0149982440627,223.744320508,0.0149992152826,122.942840373,211.968372724,211.958171946,211.960900476,211.97559394
2011-05-16 01:00:00,110.385775887,0.0344608929843,74.6872754769,215.037964311,99.5828057519,0.00274663148691,92.2063357827,0.0149997797507,92.2063852421,0.0130202811519,238.106444562,0.0149772003334,85.4738181335,0.0361152823323,0.024685412187,211.967964191,0.0190673828331,211.968539657,92.2063445459,0.0150011238763,22.7133778957,0.0150081000989,0.0149982054386,223.744315165,0.0149992797666,122.942840147,211.968370422,171.693871958,171.695934311,211.975810582
2011-05-16 02:00:00,110.385780417,0.0154665199061,74.6871859629,215.037966094,99.5828059533,0.00274498366621,92.206332362,0.0149997651865,92.2063487647,0.0130191813832,238.10644439,0.0149769031803,85.4738176539,0.0361279569746,0.0246846608704,211.967964372,0.019069527797,211.968539216,92.2063447179,0.0150000386504,22.7133923427,0.0150327757923,0.0149981573549,223.744311507,0.0149993336182,122.942837672,211.96836626,171.693526064,211.966724163,211.975852184
2011-05-16 03:00:00,110.385783486,0.0151497531776,74.6871794028,215.037970179,99.5828062915,0.0027433914989,92.2063312693,0.0149997732616,92.2063260087,0.0130173848778,238.106443241,0.0149765886604,85.4738188565,0.0361306839307,0.0246843014768,211.967964514,0.019084291183,211.968542068,92.2063447464,0.0149996100909,30.2863636754,92.2062153832,0.0149981087135,223.744293695,0.014999409048,122.942831653,211.968360795,171.693898456,211.968145199,211.9759738
2011-05-16 04:00:00,110.385785382,0.0150444205909,74.6871771852,215.037984205,99.5828068937,0.00274216695803,92.2063266471,0.0149997829472,92.2063282466,0.0130133258385,238.106440808,0.014976105599,85.4738192475,0.0361301031495,0.0246845260467,211.967963393,0.0190872428117,211.968545124,92.2063447066,0.014999382853,52.2146636763,92.2062401286,0.0149980512255,223.744300137,0.0149994512085,122.942819506,211.968354169,171.694856484,211.968326626,211.97590295
2011-05-16 05:00:00,110.385778649,0.0150233280848,74.6871833222,215.037997251,99.582806432,0.00274106520506,92.2063231521,0.0149998415871,92.2063212182,0.0122736859345,238.106374369,0.0149752570653,85.4738196141,0.0361158578646,0.0218482073121,211.967958503,0.0190857379884,211.968547161,92.2063441021,0.0149998254523,52.2146616052,92.2062459794,0.0149977666469,223.744265562,0.0149994257518,122.942783028,211.968314424,211.967606916,211.968397816,211.975302183
2011-05-16 06:00:00,110.385710298,0.0150233634205,92.1751775878,215.037999618,99.5828005675,0.00273968528705,74.6875445218,0.0149999296875,92.2063045374,0.0103787630087,171.694321286,0.0149741013638,85.4738166341,0.0343069304463,0.0200021491087,0.0152434917216,0.0190756224569,211.968544051,92.2063423348,0.0149994843237,52.2146834165,92.2062532245,0.0149941045794,211.968444429,0.0149991425298,92.2071794823,211.96293712,211.967768298,211.968406813,211.967223074
2011-05-16 07:00:00,82.7893917215,0.0150154142024,74.6872092735,215.037993569,74.6871222504,0.00273802140753,74.6871293135,0.0149998936983,74.6871109529,0.0103648819266,171.694247554,0.014961757527,85.4738007591,0.0292965477687,0.0199974006,0.0150099852251,0.0159915037542,211.968533832,74.6871319005,0.0149999328033,28.0910747011,92.2063980672,0.011308110219,171.694803461,0.0149964239214,92.2069932635,171.690573092,211.96779722,211.968324218,92.2097552951
2011-05-16 08:00:00,82.7893563067,0.0150112202321,74.6872130415,215.037981156,74.6871183792,0.00273630381636,0.020009983236,0.0149998410948,0.0200003253781,0.0100115991952,171.693994138,0.0113119565269,85.4726792461,0.0292784067496,0.0199953697432,0.0150027886093,0.0154656826752,211.968344193,69.1548380728,0.0149998875838,22.7134102311,211.96728003,0.0113063747698,171.694776097,0.0121357683563,0.0152042022278,171.69054672,211.967803578,211.967928477,69.1635678277
2011-05-16 09:00:00,0.0151935766188,0.0150097621717,74.6872369205,215.037968654,74.6871173975,0.00273453211084,69.1548513672,0.0149997956904,0.0199911740099,0.010004103175,103.576351051,0.0112997481888,64.1053792694,0.029265393326,0.0199926618372,0.014992877845,0.0154611223162,171.694719986,0.0200175191881,0.0149990828282,22.7133982773,211.967331724,0.0112812688746,171.69474888,0.0121339795548,0.015020075106,171.690518343,211.967802545,92.3111685781,0.0203499921701
2011-05-16 10:00:00,0.0149855284575,0.0150093680416,74.6872363946,215.037959096,74.6871167375,0.00273285371662,74.6871133487,0.0149997709086,0.0199228188364,0.0100036906171,103.57619486,0.011265177524,64.1053493788,0.0292521784988,0.0199910775207,0.0149855720291,0.0154517836535,171.694664193,0.0200138202595,0.0149982162202,22.7133927001,211.96705546,0.0100018215345,171.694643449,0.0121260814576,0.0150128901671,0.0154182283315,211.967790501,92.2077929416,0.0200267351095
2011-05-16 11:00:00,0.0149959766352,0.0150110994604,74.6875286026,215.037931222,74.6871154461,0.0027311341376,74.6871331974,0.0149997555304,0.0199855359396,0.0100081525419,103.576283291,0.0100102566511,64.1047182888,0.0292696620604,0.0199931300176,0.0149901263744,0.0154432898458,211.968250413,69.1548016703,0.0149975944105,22.7133696137,211.967220417,0.0100018825294,0.0101756597646,0.0100027236586,92.2067213713,0.0149667028783,211.967735632,92.2085047389,0.022493100453
2011-05-16 12:00:00,82.7892866028,0.0150142093893,92.2063026633,215.037767254,74.6871051923,0.00272960682355,74.6871473538,0.014999751042,0.0199998282471,0.0103550933005,103.576398968,0.0100069214584,0.0100762473463,0.0292749938901,0.0199971504745,0.0149968391189,0.0154555390023,211.968460386,74.6871246349,0.0149974793018,22.7134106835,211.968329944,0.0112519830487,171.6924722,0.0100017510344,92.2070436789,0.0150377531817,211.965778859,92.2077351338,69.1633733384
2011-05-16 13:00:00,82.7893542528,0.0150185618427,92.206304373,215.037693382,74.6871055536,0.00272787074188,92.206222251,0.0149997391575,74.6871131976,0.0103767258742,171.694245293,0.0100108688998,64.1053212498,0.0292872901892,0.0200014273827,0.0149992894046,0.0154635201272,211.968526706,74.687127701,0.0149982166938,22.713345053,211.968344667,0.0113029386316,171.694752571,0.0100024756441,92.2070942713,171.690440717,171.693472123,92.207194322,69.1634502014
2011-05-16 14:00:00,82.7893765417,0.015026617475,92.2063043273,215.037888678,74.6871133357,0.00272611894492,92.2063174025,0.0149997508855,92.2062846857,0.0104207845051,171.694269433,0.0112039516529,64.1053743156,0.0292972859368,0.0200163104618,0.0150074104973,0.0154659015067,211.968544486,74.6871334818,0.0149989621111,22.7133416782,211.968235248,0.0113067829608,171.694776099,0.0121309159945,92.2072027831,171.69054092,171.693449374,92.2068904044,69.163471451
2011-05-16 15:00:00,82.789464439,0.0151566814683,92.2063101201,215.037959788,74.6871169258,0.00272436272654,92.2063246315,0.0149997884344,92.2063150848,0.0143874759223,211.968495391,0.0112997432288,85.4732785789,0.0293816440947,183.714801652,0.0150181927486,0.0154798007282,211.968549172,92.2063330329,0.0150002473522,22.7134532702,211.967125263,0.011309023256,171.69483291,0.0121342966303,92.2075255886,171.690556532,171.693580966,92.2070784954,92.2096799815
2011-05-16 16:00:00,110.385771321,0.0345003092236,92.2063117322,215.037997818,74.6871193221,0.00272273375099,92.2063300256,0.0149998458989,92.2063205805,0.0144297503154,211.968525635,0.0113112889618,85.4738053238,0.0361361022723,183.714934071,211.968441684,0.0190950283496,211.968554327,92.2063421832,0.0150016922812,52.2146677968,92.2062593804,0.0150022684272,211.968805242,0.0121367241291,211.967382605,211.963637115,211.967303463,113.835714066,92.2178350474
2011-05-16 17:00:00,110.38579074,0.034509436367,92.206313537,215.038020134,74.6872580326,0.00272111667208,92.2063328823,0.014999943193,92.2063228084,0.0144352600015,211.968535858,166.016853664,85.4738166219,0.0361529321113,183.714942904,211.968463377,0.0190995671778,211.968558562,92.2063430132,0.0150037519219,52.214684456,92.2062472086,0.0150093970594,211.968862117,177.624930581,211.968182221,211.963649458,211.967437481,113.835851033,92.2180304256
2011-05-16 18:00:00,110.385795265,0.0155061752723,92.2063147163,215.038031664,171.694511485,0.0027194388076,92.206337539,0.0150002101545,92.2063205504,0.0144378204478,211.968540256,166.016926043,85.4738178019,0.0361574130861,183.714947254,211.968465856,0.0191017338006,211.968561435,92.2063433928,0.0150049427966,52.21468594,92.2062483761,0.0150098583293,211.96886559,177.624949048,211.968177879,211.963654027,211.967109539,113.835715102,92.2182287064
2011-05-16 19:00:00,110.385795156,0.0344903030458,92.2063139449,215.038027054,171.694514838,0.00271779697159,92.2063379324,0.0150003326796,92.2063183176,0.0144388730184,211.968531218,166.016932106,85.4738191227,0.0361582478014,183.714948263,211.968466273,0.0191019537819,211.968560197,92.2063431577,0.0150097254746,52.2146835758,92.206247364,0.015010079923,211.96886725,177.624949727,211.968351122,211.963654881,211.966779036,113.834792888,92.2183130007
2011-05-16 20:00:00,110.385795058,0.0344974570745,92.2063118711,215.038016436,171.694516123,0.00271609628953,92.2063401776,0.0150003239985,92.2063158744,0.0144392538863,211.968526857,166.01693405,85.473818726,0.0361571418694,183.714949066,211.968466604,0.0191015660643,211.968557721,92.2063421137,0.0150277030459,52.2146787881,92.2062472579,0.015010123352,211.968864868,177.624949894,211.968402437,211.963654897,211.962730843,92.2065982295,92.2180213248
2011-05-16 21:00:00,110.385792099,0.0344856454343,92.2063072396,215.038002499,171.694516774,0.00271412585248,92.2063399589,0.0150003144822,92.206313143,0.0144390145147,211.96852221,166.016934677,85.4738179328,0.0361536896322,183.71494958,211.968467358,0.0191010689919,211.968554399,92.2063395792,0.0150331038681,52.2146744751,92.2062442732,0.0150101351754,211.968862933,177.624949987,211.968437834,211.963654429,92.2060583923,92.2064353789,92.2178807918
2011-05-16 22:00:00,110.385790606,0.0344192480862,92.2060235774,215.037985409,171.694516649,0.00271219082685,92.2063368883,0.01500028491,92.2063069332,0.014438317881,211.968516385,166.016934358,85.473818449,0.0361498114315,183.714949755,211.968467892,0.0191004061074,211.968550961,92.2063322001,0.0150332374299,52.2146709983,92.20624098,0.0150101151918,211.968857968,177.624950022,211.968462296,211.963653702,92.2059481553,92.2064091433,92.2171590403
2011-05-16 23:00:00,110.385788839,0.0189542512185,74.6873166771,215.037976257,171.694517144,0.0027103188173,92.2063320687,0.0150004659121,92.2062851258,0.0144376622797,211.968512625,166.016933947,85.4738183495,0.0361474269688,183.714949902,211.968468154,0.0190998065672,211.968548233,74.687284513,0.0150331375234,52.2146680536,92.2062321153,0.0150100865728,211.968861196,177.624950039,211.968464421,211.963652781,92.2059104054,92.2064529859,92.2098453396
2011-05-17 00:00:00,110.385788963,0.0150446184721,74.6874027333,215.037970506,171.694513624,0.0027085101069,92.2063243154,0.0150006303659,92.2061942306,0.0144370840901,211.968500631,166.016933561,85.4738178649,0.0361438412,183.714950331,211.968468231,0.0190995548304,211.968546358,74.6872500427,0.0150292148408,52.214666399,92.2061965847,0.0150100122869,211.968859387,177.624950049,211.968410899,211.963652119,92.2055058641,92.2064338986,92.2097544861
2011-05-17 01:00:00,110.385788371,0.0150339349361,74.6873835227,215.037969076,171.694515685,0.0027068694186,92.206325656,0.015000970539,92.2062888405,0.0144362456595,211.968503775,166.016933734,85.4738174373,0.0361385192172,183.714950359,211.968468588,0.0190988613605,211.968545724,74.6871696271,0.0150594742661,52.2146605438,92.2062254783,0.0150100029647,211.968857767,177.624950071,211.968410967,211.963651123,92.205093946,92.2069483775,92.2097438862
2011-05-17 02:00:00,110.385790272,0.0150234279891,74.6874841267,215.037968946,171.694517119,0.00270515141536,92.2063330365,0.0150014271326,92.2062978204,0.0144352477243,211.968507033,166.016933785,85.4738168559,0.0361321251271,183.714950312,211.968469071,0.0190979812241,211.968545623,74.6871700923,0.0152532338277,52.2146646164,92.2062306644,0.0150099662178,211.968855466,177.624950113,211.968451086,211.963650035,92.2049569935,113.834691907,92.2097055166
2011-05-17 03:00:00,110.38579305,0.0150201148414,74.6874974309,215.037971169,171.694517757,0.0027034906339,92.2063405307,0.0150030607828,92.2062988239,0.0144336960068,211.968508749,166.016933813,85.4738174615,0.0361283251988,183.714950182,211.968469958,0.0190967555005,211.968546336,92.2062346715,0.0327078267533,52.2146702013,92.2062371821,0.0150099227204,211.968853577,177.624950189,211.968486027,211.963648308,92.205071587,113.835154903,92.2097100498
2011-05-17 04:00:00,110.385795784,0.0150169460671,92.2062955847,215.037978749,171.694518681,0.00270208842348,92.2063431934,0.015006585976,92.2062990529,0.0144300954197,211.968508377,166.016933869,85.4738187035,0.0361214793213,183.714949732,211.968469905,0.0190943273292,211.968547545,92.2063408221,0.0342057413292,52.2146730985,92.2062431235,0.0150098626453,211.968850329,177.624950247,211.968484711,211.963645479,92.2057375439,113.835487364,92.2097044068
2011-05-17 05:00:00,110.385793162,0.0150134562092,92.2063110216,215.037979725,171.694518954,0.00270080505587,92.2063448727,0.0150200936201,92.2062779854,0.0143767218522,211.968462745,166.016934053,85.4738196283,0.0360760831769,183.714946156,211.968468611,0.0190741281443,211.968548265,92.2063431628,0.0344223564277,52.2146711967,92.2062497792,0.0150096234981,211.96883818,177.624950256,211.968480864,211.963619761,92.205868292,113.835119442,92.2096964863
2011-05-17 06:00:00,110.385756323,0.0150116206255,92.20631815,215.0379475,171.694514871,0.00269952471675,92.2063459213,0.0344797337489,69.1546750453,0.0110994718358,103.576409191,166.016935067,85.4738149435,0.0166522035252,183.714836929,211.967834356,0.0101248379139,211.968544284,92.2063443206,0.0344685349956,52.2146640707,92.2062488248,0.0150038162847,211.968494126,177.624950067,211.968496427,0.0102743416285,92.2059140102,92.2063687977,92.2097210167
2011-05-17 07:00:00,82.7893843159,0.0150044702684,92.2063199656,215.037441891,74.6872761399,0.00269806935911,92.2063284183,0.0344791850263,69.1546659738,0.011085572871,103.576346865,166.016930183,85.4737869646,0.0165028202383,148.809108278,171.694460472,0.0101024397392,211.968527769,92.2063433525,0.0344763364638,52.2146455325,92.2062438297,0.0121552829021,171.694501163,177.624947822,211.968473396,0.0101863261075,92.2058972323,92.2064674246,92.2097515839
2011-05-17 08:00:00,82.7893361556,0.0150009036569,92.2063189499,174.180810668,74.6871252653,0.00269637537663,74.687136485,0.0198412817769,69.1546199812,0.0110444304187,103.57630388,166.016765734,64.1054209676,0.0164709209645,148.809103892,171.694457207,0.0100890022207,211.968447674,92.2063433463,0.034476172051,52.2140364369,92.2062365853,0.0121540264313,171.694460221,143.876209156,211.968326659,0.0101125205104,92.2059029968,92.2063359607,92.209748068
2011-05-17 09:00:00,82.7892752908,0.0149999089329,92.2063198634,174.18078617,74.6871194711,0.00269465547688,69.1550770211,0.0150184684088,0.0200021811409,0.0100197052633,0.0200216226155,134.473722902,64.1053838732,0.0164532266657,148.80909737,171.69445632,0.0100096410838,211.968290121,92.2063381558,0.0344619354399,22.7128697165,0.0151754282992,0.0121208351234,171.69436893,143.876207909,158.976534682,0.0100107567774,92.2058893894,92.2063135188,92.2096814121
2011-05-17 10:00:00,82.7892397449,0.0149996183031,92.2063187031,174.180776243,74.6871174686,0.00269293453382,0.0150029876712,0.0150056937677,0.0200010324224,0.010007535397,0.0199851035134,134.473719038,64.1053570983,0.0164471494654,148.809084068,171.694457068,0.0100054308547,211.966753218,74.6871823034,0.0343119211309,0.0150059025791,0.0150125911766,0.0100045125432,171.694412178,143.876194885,158.976398995,0.0100073055486,92.205898954,92.2062780602,92.2086345526
2011-05-17 11:00:00,82.787433289,0.0149996932724,92.2063216392,174.180778481,74.6871142899,0.00269111867631,0.0149983098212,0.0150036286048,0.0200006612057,0.0100177997449,0.020021960715,134.473717387,64.105379092,0.0164398178458,148.809085506,171.694456941,0.0100067157666,211.968232157,74.6871851452,0.0151159844998,0.0150016781242,0.015007426774,0.0100029817626,0.0165450823717,0.0149834425199,158.976180497,0.0100079069465,92.205934036,92.2061694935,69.160498815
2011-05-17 12:00:00,82.7892297717,0.0149996387926,92.2063254983,174.180785077,74.6871146114,0.00268940709358,69.1550165733,0.0150034539337,69.1546616556,0.0110462016854,103.57630994,134.473715651,64.1053922337,0.016389614398,148.809099016,171.694457595,0.0100387854465,211.966415819,74.6871944347,0.0150214077797,0.0150017789774,0.0150039898308,0.0112992478449,158.978078283,0.0100245142956,158.976383251,0.0100207176001,113.832781223,92.2062210598,92.2097431881
2011-05-17 13:00:00,82.7893455413,0.0149994385529,92.2063740722,174.180779217,74.6871159657,0.00268770136302,74.6871178341,0.0150014096659,69.1546686467,0.0110844202531,103.576336104,134.473702456,64.1054108148,0.016440173483,148.809104056,171.694460155,0.01009768773,171.694556675,74.687228279,0.015024272731,0.0150004120562,0.0150034695602,0.0121519554008,171.694459215,143.87620661,158.976404788,0.0101747365459,113.830664699,92.2062663033,92.2097820481
2011-05-17 14:00:00,82.7893806635,0.0150004776928,211.968432884,174.180792786,74.6871177836,0.00268598194135,74.6871397889,0.015001031058,69.1546759877,0.0110992910184,103.576365694,134.473707785,85.4731545704,0.0164932367705,148.809110053,171.694462228,0.0101062256836,171.694590865,92.2063435695,0.015031065436,0.0149999177762,0.0150030875274,0.0121547325152,171.694483454,143.876207939,158.97645877,0.0101938282419,113.832608157,92.206724338,92.2097718955
2011-05-17 15:00:00,110.385528826,0.0150054901851,211.96845271,215.037334342,74.68712269,0.00268429379934,92.2061688901,0.0150013779408,69.155925749,0.0146895997392,211.968569587,134.473717705,85.4737976182,0.0165433510008,183.714918764,171.694471338,0.0102215531522,211.96852833,211.968479702,0.0150461684775,0.0149997898342,0.0150037902536,0.0121578710044,171.694533457,143.876208684,158.976590076,0.0105338871995,113.83274921,92.2065215089,92.2097382119
2011-05-17 16:00:00,110.385782163,0.0150150344743,211.968453108,215.037950565,74.6871533338,0.00268268921509,92.206328566,0.0150018080968,92.2063199559,0.0147491432121,238.106527745,134.473724434,85.473813969,0.0337528962888,183.714956014,211.968488359,0.0450961188911,211.968549808,211.96858127,0.0151082369603,0.014999811637,0.0150042176933,0.0425543292525,211.96852169,143.876210437,211.968422614,211.96284818,113.832818746,92.2063053778,92.2096667297
2011-05-17 17:00:00,110.385797753,0.0150250576838,211.968465615,215.037976403,171.694519612,0.0026810554376,211.968524532,0.0150025103797,92.206386588,0.0147541728822,238.106546142,166.016761742,85.473817556,0.0338149476979,183.7149585,211.968496835,0.0451041141961,211.968555136,211.968602623,0.0151759810137,0.0149999854774,0.0150099247687,0.0425667483498,211.968562148,177.624950041,211.968791076,211.962868842,113.832675084,92.206218213,92.2092643332
2011-05-17 18:00:00,110.38580063,0.0150309174535,211.968456802,215.037987191,171.694522764,0.00267950737747,211.968536956,0.015017214372,113.833950265,0.0147560423946,238.106552606,166.017074668,85.4738182267,0.0338248260217,183.714960109,211.968497918,0.0451072226609,211.968558004,211.968599215,0.0150630285038,0.0150019231074,0.015576013031,0.0425673992319,211.968568454,177.624952365,211.968900239,211.962875327,92.2058974672,0.0151451600167,0.021503064419
2011-05-17 19:00:00,110.385800485,0.015033201176,211.968457331,215.037986125,171.694523494,0.00267790504669,211.968542383,0.0150047069639,113.833958618,0.0147569894342,238.106551121,166.017083067,85.473819204,0.0338278737271,183.71496011,211.968498463,0.045108159495,211.96855741,211.968602687,0.015116993225,0.0150005475791,92.2062196395,0.0425676188054,211.968571244,177.624952753,211.968996708,211.962877074,92.2058394306,0.0150495797085,0.0203578256427
2011-05-17 20:00:00,110.38579948,0.0150467414652,211.968455209,215.037980616,171.694524024,0.00267632879005,211.968543844,0.0150024729083,113.833957482,0.0147570629688,238.106549462,166.01708567,85.4738189434,0.0338288014516,183.714959468,211.968498621,0.0451082934774,211.968555252,211.968598571,0.0151317769025,0.0149996296974,92.2062314587,0.0425676400474,211.96857098,177.624952812,211.969005641,211.962877476,0.0205629868809,0.0150112727284,0.0200929426325
2011-05-17 21:00:00,110.385797519,0.0150700140546,211.968449825,215.037972351,171.694524281,0.00267458464817,211.96854408,0.0150015296536,92.2063358675,0.0147567466838,238.106546116,166.017086216,85.4738184002,0.0338269115101,183.714959007,211.968498722,0.0451083214146,211.968552546,211.968594063,0.0150477066977,0.0149992752027,92.206238919,0.0425676323397,211.968569157,177.624952819,211.969005274,211.962877461,0.0152367295673,0.014999081013,0.0200329746063
2011-05-17 22:00:00,110.385797258,0.0151011143506,211.968440059,215.037963133,171.694524127,0.00267271389576,211.96854356,0.0150009219091,92.2063232549,0.0147558719774,238.106542443,166.017085876,85.4738186296,0.0338238814756,183.714958644,211.968498888,0.0451079513602,211.968549968,211.968589549,0.0150243331088,0.0149991589086,92.2062434128,0.0425675852297,211.968570569,177.624952784,211.968998415,211.96287717,0.0150891632632,0.0149940501197,0.0200130813862
2011-05-17 23:00:00,110.385795942,0.0152645850344,211.968415087,215.037955351,171.694524194,0.00267099065048,211.968543262,0.0150006590706,92.2063214601,0.0147551132444,238.106539504,166.017085357,85.4738183891,0.0338222807481,183.714958119,211.968498893,0.0451074612005,211.968546,211.968571506,0.0150178365269,0.0149992177056,92.2062507948,0.0425675567493,211.968569192,177.62495275,211.969001107,211.96287656,0.0150564634615,0.0149923163415,0.0200061231849
2011-05-18 00:00:00,110.385794315,0.0150396004155,171.694474578,215.03795001,171.694523712,0.00266939926271,211.968541479,0.0150005174087,92.2063205071,0.0147544019461,238.106539646,166.017084617,85.4738179422,0.0338214474728,183.714958277,211.968498669,0.0451068339135,211.968542815,211.968555137,0.0150077576155,0.0149997106906,92.2063773036,0.0425674947705,211.968567856,177.624952733,211.969031797,211.962875885,0.0150923304468,0.0149910558318,0.0200259916203
2011-05-18 01:00:00,110.385793785,0.015034768286,211.967859286,215.037947096,171.694523622,0.0026678287745,211.968541376,0.0150004322683,92.2063218334,0.0147535431717,238.106541863,166.01708427,85.4738176667,0.0338204259575,183.714957869,211.968498531,0.0451063700215,211.968541889,211.968557566,0.0150126604862,0.0149997597105,211.968336709,0.0425674643107,211.968566471,177.624952695,211.969031498,211.962875159,0.0150259580084,0.0149902709213,0.0200135055489
2011-05-18 02:00:00,110.385794446,0.0150290734063,211.968404314,215.037945224,171.694523729,0.00266618952728,211.968540291,0.0150004652353,92.2063241794,0.0147522257361,238.106543137,166.017084432,85.4738174029,0.0338190787716,183.7149569,211.968498378,0.0451058479105,211.968540041,211.968566713,0.0150145364133,0.0150009691528,211.968358714,0.0425674039309,211.968564775,177.624952682,211.969062427,211.962874121,0.0150124474398,0.0149941004708,0.0200111662682
2011-05-18 03:00:00,110.385796093,0.0150490569302,211.968384369,215.037943251,171.694523968,0.00266466730733,211.968540152,0.0150004792548,92.2063316794,0.014750199427,238.10654294,166.01708425,85.4738178933,0.0338178637566,183.714955454,211.96849857,0.0451051822512,211.968538966,211.968576155,0.0150095009079,0.015006810304,211.968358632,0.0425673398153,211.968562904,177.624952708,211.969060347,211.962872379,0.0150149735391,0.0150015238106,0.0200341665069
2011-05-18 04:00:00,110.385797418,0.0150543511689,211.968413943,215.037943796,171.694524327,0.00266357595851,211.968540638,0.0150004503298,113.83398221,0.0147459050766,238.106543643,166.017084759,85.4738184155,0.0338174861669,183.714952442,211.968497863,0.0451044774485,211.968536874,211.968587024,0.0150068686354,0.0150065916649,211.968357001,0.0425672570106,211.968559119,177.6249527,211.969091202,211.96286977,0.0150169656461,0.0150090191627,0.020055196947
2011-05-18 05:00:00,110.385792749,0.0150286903839,211.968423474,215.037930607,171.694524586,0.00266242924457,211.968540519,0.0150004389887,113.833986363,0.0146852786066,238.106530298,166.017085448,85.473819487,0.0338152663547,183.714870305,211.968494728,0.0450959162559,211.968522568,211.968587029,0.0150069658782,0.0150124298387,211.968346734,0.0425669275487,211.968546485,177.624952572,211.969108308,211.962848351,0.0150207658205,0.0150172457702,0.0200650747889
2011-05-18 06:00:00,110.385723203,0.0150168767398,211.968397064,215.037873174,171.694524039,0.00266097169931,211.968534739,0.0150006594234,113.833959601,0.0103243759808,211.968535978,166.017087365,85.4738153227,0.0337927782205,0.0102092709967,211.968075853,0.0101048377754,211.967687938,211.968555067,0.0150157495501,22.7132420393,211.967249209,0.0425548504369,211.968363481,177.624952023,211.96897747,0.0102577436831,0.015023166457,0.0150131342316,0.0202560875275
2011-05-18 07:00:00,82.7881751492,0.0150068598215,92.2063302544,174.180797686,171.694520514,0.00265932653917,211.968400694,0.0150003607611,92.2063220419,0.0103059519167,192.866288341,166.017085958,85.47379528,0.0275388758433,0.0101961609344,92.2062615272,0.0100783906681,0.0120472601053,92.2063478502,0.0150092702954,22.7132068531,92.2083783537,0.0150111736589,158.978122098,177.624945533,211.967725874,0.010160387496,0.0150137973759,0.0150089068913,0.0200546049386
2011-05-18 08:00:00,82.7881297183,0.0150008704303,92.2063150309,174.180674138,139.072555848,0.00265764806824,92.2065811533,0.0150001931488,92.2063153317,0.0102822524486,192.866270867,166.017062028,85.4721251966,0.0273921596612,0.010163490162,92.2062544329,0.010063585688,0.0120323205704,92.2063421397,0.0150037768081,22.7125759396,92.206257794,0.0150092244755,158.978080937,77.2668769589,158.976927195,0.0101187404025,0.0150067519531,0.0150004759972,0.0199606772575
2011-05-18 09:00:00,0.0100261721867,0.0149995834953,92.2063128691,174.18065206,139.072545187,0.00265595009709,92.2063265357,0.0150000720646,92.2055451162,0.0100083174826,192.86437777,166.016921819,64.1054162146,0.0273776362691,0.0100079680355,92.2061396304,0.0100080731502,0.0120168460674,0.0200020132265,0.0150014225516,0.0150350277804,92.206246848,0.0149341627903,158.97620401,77.2668745605,158.976870701,0.0100120981579,0.0149988016441,0.0149981911383,0.0197463394746
2011-05-18 10:00:00,0.0100102779109,0.0149990221418,92.2063134309,174.180636784,128.77085674,0.00265436616703,92.2063105462,0.0150000206495,92.2055422426,0.0100047007896,178.580204375,134.473900596,64.10539134,0.0273573461861,0.0100061100082,0.010016384463,0.0100052349202,0.0100696434875,0.0200000857447,0.0150005194177,0.0150101029098,92.2062422437,0.0100015806001,0.0100558359882,77.2668726291,158.976844611,0.0100078435133,0.0149936244204,0.0149958112062,0.0151443274532
2011-05-18 11:00:00,0.0100130931213,0.0149991271456,92.2063141433,174.180603191,74.6871190233,0.00265268617422,92.2062542328,0.0150000080391,92.2055521588,0.0100064713895,178.58021515,134.473854078,64.1053939408,0.0252291581742,0.0100081936127,0.0100131265679,0.0100057138012,0.010013535995,0.02000058006,0.0150003593631,0.0150053504869,92.206239102,0.0100012947844,0.0100463114043,0.015006884226,158.976828031,0.0100084618003,0.0149913956625,0.0149996154148,0.015030845357
2011-05-18 12:00:00,0.0102043809838,0.0149991417047,92.2063143699,174.180592469,74.6871185538,0.00265111823116,92.2063149958,0.0150005123539,92.2062883565,0.0100344599644,178.580211182,134.473855759,64.1054032474,0.0144890088633,0.0101594882218,0.0149411587211,0.0100136111628,0.0100130960853,0.0200059976049,0.015000508676,22.7131578832,92.2062227541,0.0100048907362,0.0102072964876,0.0150005961653,158.976881705,0.0100189234291,0.0149924041752,0.0150501371365,0.0193329844166
2011-05-18 13:00:00,82.7881027163,0.0149994322118,92.2063142233,174.180629793,74.687119004,0.00264940393459,92.2063270899,0.0150004074753,211.965257709,0.0103000117245,192.866280821,134.473841709,64.1054285416,0.0254773861855,0.0101962931941,92.2062487862,0.0100730234717,0.0120092125939,92.2063438855,0.0149998844453,0.0150285353055,0.0151188219008,0.0150053095742,158.978051957,0.0150015839382,158.976928921,0.01014389488,0.0149943625203,0.0151816178273,0.0199520684585
2011-05-18 14:00:00,82.7881515061,0.0150008373948,92.2063276187,174.180648438,74.687122134,0.00264767128273,92.206566612,0.0150002503641,211.968522283,0.0103145684733,192.866316004,134.473843671,85.4736834648,0.0273727020993,0.0102067312893,92.2062579485,0.0100815277266,0.0120329192215,92.2063458882,0.0150001112885,0.0150161785531,0.0150188489358,0.015010015703,158.978101245,77.2668681444,158.977130823,0.0101648970417,0.0150012822586,0.0164936390134,92.2094726773
2011-05-18 15:00:00,82.7882272326,0.0150080968482,92.2063461464,174.180677724,139.072545366,0.00264602462156,92.2065884303,0.0150003359272,211.968543519,0.0135649285208,238.106506754,134.473847666,85.4737949854,0.0273994463575,79.9159162859,92.2062731583,0.0101728103279,0.012051267397,92.2063619372,0.0150004768607,0.0150150447433,0.0150741499893,0.0150136191865,158.978176263,77.2668738451,211.968402372,0.0103941634513,0.0150331026015,92.2063617053,92.2104325192
2011-05-18 16:00:00,110.385750498,0.0150271062598,92.2064565925,215.037808395,171.694472433,0.00264435318262,211.968441857,0.0150003648208,211.968549126,0.0136178027849,238.106574775,166.016682297,85.4738124827,0.0338156071429,79.9159805417,211.968326362,0.045157673635,0.0148640128359,211.968558083,0.0150018447198,0.0150122867934,92.2053487799,147.152010455,211.96847368,77.2668752867,211.96908309,211.963023607,92.2058395857,211.968139796,211.97624003
2011-05-18 17:00:00,110.385784345,0.0344730066801,211.968485508,215.037842406,171.69452206,0.0026427134342,211.968545763,0.0150007148071,211.968551088,0.0136226681688,238.106586284,166.017070335,85.4738170376,0.0338400631703,79.915983947,211.968338267,0.0451655261031,0.014869939492,211.968607339,0.0150035628656,0.0150114912936,92.2061524422,147.152014962,211.968530951,77.2680910416,211.969305552,211.963045896,92.2062286399,211.968338114,211.97636582
2011-05-18 18:00:00,110.385788533,0.0344916957799,211.968495335,215.037852898,171.69452308,0.0026410894043,211.968550029,0.0150024787546,211.968551963,0.0136246885634,238.106591295,166.017086486,85.4738176237,0.0338472348646,79.9159863705,211.968339547,0.0451685383974,0.0148734724867,211.968607324,0.0150109884175,0.0151070045149,92.2062198895,147.152015498,211.968539549,177.624962652,211.969312175,211.963051507,92.206506317,211.968398611,211.976416621
2011-05-18 19:00:00,110.385790439,0.0344918744048,211.968522151,215.037854626,171.694523833,0.00263942196383,211.968557493,0.0150057616204,211.968551821,0.0136256927404,238.106589898,166.017088321,85.4738188629,0.0338497322741,79.9159866509,211.968340105,0.0451694135475,0.0148743221763,211.96860742,0.0324363829118,0.0150030402898,92.2062332235,147.152015717,211.968542879,177.624963643,211.969361032,211.963053229,92.2067577588,211.96835494,211.976414615
2011-05-18 20:00:00,110.385789792,0.0345038175227,211.968531774,215.037851272,171.694524306,0.00263760181648,211.968560415,0.0150118178422,211.968550609,0.0136259952161,238.106588533,166.017088715,85.4738186574,0.033849594138,79.9159863883,211.968340389,0.0451695280325,0.0148739775387,211.968606907,0.0344618331916,0.0149998416886,92.2062377996,147.15201572,211.968543171,177.624963893,211.969389861,211.96305364,92.2068272778,211.968287022,211.976384325
2011-05-18 21:00:00,110.385788623,0.0345036780814,211.968534724,215.037847103,171.694524409,0.00263562108466,211.968561619,0.0150155744919,211.968549423,0.0136256939406,238.106584702,166.017088187,85.4738177374,0.0338473381833,79.9159860107,211.968340745,0.0451695787556,0.0148732343248,211.968606506,0.034453499621,0.0149990368924,92.2062427646,147.15201566,211.968541791,177.624964066,211.969384926,211.963053547,92.2066064109,211.968049119,211.976334724
2011-05-18 22:00:00,110.385786185,0.0344994145814,211.968534834,215.037840838,171.694524074,0.00263367689938,211.968562627,0.0150114653682,211.968547967,0.0136248199098,238.106579906,166.017086735,85.4738182177,0.0338441999788,79.9159854947,211.968341005,0.0451692745411,0.0148721491957,211.968606439,0.0344147618647,0.0149986537234,92.2062465898,147.152015585,211.968543326,177.624964178,211.96937505,211.963053237,92.2065387237,211.967972868,211.976266311
2011-05-18 23:00:00,110.38578419,0.0344832389074,211.968534853,215.037835821,171.694524054,0.00263190788183,211.968563901,0.0150144463964,211.968546499,0.013623887651,238.106574886,166.017085346,85.4738180021,0.033843302967,79.9159846489,211.968341039,0.0451688328223,0.0148706922758,211.968607526,0.0344063767923,0.0149985281105,92.2062550473,147.152015511,211.968541912,177.624964296,211.969328419,211.963052549,92.2064583083,211.967898273,211.976155557
2011-05-19 00:00:00,110.385783913,0.0153025970741,211.96853363,215.03783049,171.694523804,0.00263020439657,211.968564868,0.015004307845,211.968546133,0.0136228347396,238.106564504,166.017083942,85.4738178607,0.0338421373177,79.9159835537,211.968340884,0.0451682139915,0.0148691823065,211.96860376,0.0342676234274,0.0149987895031,92.206266388,147.152015432,211.968540936,177.624964351,211.969359232,211.963051763,92.2061151847,211.96799514,211.976199836
2011-05-19 01:00:00,110.385783071,0.0150448905248,211.968534699,215.037825802,171.694523879,0.0026285818844,211.968564368,0.0150049987742,211.968544448,0.0136219451365,238.106563895,166.017082566,85.4738175754,0.033840221236,79.9159823982,211.968340689,0.0451677099365,0.0148679021306,211.968606685,0.0344562003453,0.0149990156792,92.2063482231,147.152015356,211.96853944,177.624964439,211.969277279,211.963050974,92.2059970039,211.967654899,211.976130589
2011-05-19 02:00:00,110.385783827,0.0150178961952,211.968535701,215.037821655,171.694524119,0.00262693653202,211.968562788,0.0150079661057,211.968541807,0.0136207128814,238.106565656,166.017081241,85.4738169998,0.0338376891633,79.9159814484,211.968340457,0.0451671930129,0.0148665017163,211.968608395,0.034471672568,0.0149999767622,92.2091412,147.152015263,211.96853807,177.624964533,211.969274607,211.963049954,92.205908682,211.968017841,211.975963037
2011-05-19 03:00:00,110.385786226,0.0150127407058,211.968536862,215.037814891,171.694524421,0.00262537246167,211.968564086,0.0150435273831,211.968542533,0.0136187541338,238.106568622,166.01708007,85.4738174176,0.0338342992791,79.9159804466,211.968340662,0.0451665217621,0.0148650724437,211.968609519,0.0344752712511,0.0150030003147,113.834988529,147.152015155,211.968535973,177.62496468,211.969349853,211.96304821,92.2058732973,211.968155805,211.975895446
2011-05-19 04:00:00,110.38578881,0.0150069938577,211.968539214,215.037806889,171.694524822,0.00262419494374,211.968568324,0.0343662802154,211.968544605,0.0136143029349,238.106575224,166.017079249,85.4738179321,0.0338310107103,79.9159776843,211.968339969,0.045165736705,0.0148628102411,211.9686137,0.03447697614,0.0150073258672,211.968279856,147.152015034,211.968532379,177.624964796,211.969357854,211.963045473,92.2058588939,211.968188821,211.975740858
2011-05-19 05:00:00,110.385784605,0.0150014765865,211.96854822,215.037756911,171.694525004,0.00262315485533,211.968572836,0.0344796907313,211.968542613,0.0134958282766,238.106561068,166.017077825,85.4738187713,0.0338083864035,79.9158810573,211.968336344,0.045157104218,0.0148412558665,211.968621234,0.0344801624892,0.0150043360698,211.968221988,147.152014626,211.968517391,177.624964872,211.969397132,211.963024071,92.2056105451,211.967647196,158.982270389
2011-05-19 06:00:00,110.385710306,0.0150000661809,211.968555995,0.0112981681712,171.694524241,0.00262165619155,211.968574116,0.0344842050033,211.968504108,0.0100839773049,238.106377631,166.017076364,85.4738147941,0.0104103107614,0.0199968681877,92.2065076667,0.0186527866322,0.0100568043763,211.968610684,0.0344835592919,0.0150062577037,92.2062627512,147.151977517,211.967916972,177.624964787,211.969370239,0.010375478461,0.0150237019694,92.2062237326,158.981755985
2011-05-19 07:00:00,0.0154114488564,0.0149994781591,211.968546678,0.0103264180433,171.6945218,0.00261994187306,211.968563436,0.0344842258215,171.694515914,0.0100725598841,211.968532577,166.017068384,85.4737878437,0.0101706902431,0.0199876272603,92.2063076351,0.0186321018041,0.010026230899,211.968605208,0.0344749429217,0.0150037734412,92.2062539978,64.0111325829,171.688407212,177.624963894,211.96867764,0.0102725200209,0.0150141963972,0.0632126029318,92.2098032592
2011-05-19 08:00:00,0.0153557759884,0.0149992298066,211.968537726,0.0102030070484,171.694392648,0.00261826082106,211.968548412,0.0344839749468,92.2063239633,0.0100393307611,192.866341563,166.01699647,64.1054548039,0.010129382371,0.0199726237808,92.2062990977,0.0186086156112,0.0100094564093,211.968553978,0.0344658565062,0.0150019183437,92.2062528779,64.0111306606,171.688369147,143.876222936,211.964129602,0.0102278053671,0.0150205528597,0.0150444613385,92.2097611689
2011-05-19 09:00:00,0.0104405883478,0.0149991004153,211.968534196,0.0100199371071,139.072559457,0.00261657859141,211.96852592,0.0344833798666,92.2063097037,0.0100077030331,192.8663297,134.47374638,64.1053910343,0.0100240606591,0.0100137991996,0.0151336378148,0.010011796958,0.0100039543905,171.694585094,0.0344283574481,0.0150009260066,92.2062469424,0.0100078069327,158.976893821,143.876221124,158.977180101,0.0100163668667,0.0150375670379,0.0150131976259,92.2099218484
2011-05-19 10:00:00,0.0100151796489,0.0149989736163,211.968523204,0.0100118931566,128.770903716,0.00261498508079,171.694562202,0.0344833443719,0.0200358234701,0.010006540686,192.8663276,134.473717669,64.1053625763,0.0100123949513,0.0100073597425,0.0100260707445,0.0100066380399,0.0100034674318,171.694551566,0.033841949068,0.0150001232174,92.2062446892,0.0100010866405,0.0100763765843,143.876220118,158.977116103,0.010010410902,0.0151091234747,0.0150062583342,92.2235870298
2011-05-19 11:00:00,0.0100254429284,0.0149988933112,211.968519307,0.0100122731289,74.6871206543,0.00261327327576,171.694548042,0.0344838439059,92.2063221353,0.0100105663414,192.866324203,134.473700923,64.105351031,0.0100120337597,0.0100134294765,0.0100716451362,0.0100073968347,0.0100035792654,171.694581223,0.0154246287604,0.0149998298334,92.20624473,0.010001078971,0.0100529197227,143.876216839,158.977097552,0.01001269711,0.0232606545879,0.0150226663752,158.981924048
2011-05-19 12:00:00,0.0146906817472,0.014998816143,211.968532911,0.0100275113342,74.6871209323,0.00261161754672,171.694547544,0.0344851388228,171.694511699,0.0100503151725,192.866315342,72.2173293064,64.1053745811,0.0100209291106,0.0199510241245,92.2062203911,0.0185114868911,0.0100050181822,171.694587751,0.0150932826302,0.0149999301125,92.2062430483,0.010003907418,158.977074996,143.876217836,158.97711802,0.0100346949115,74.7095816292,0.0150965203145,158.982087721
2011-05-19 13:00:00,0.0152782193298,0.0149987738859,211.968523578,0.0102695754375,128.77089387,0.00260989736682,211.968481401,0.0344845835017,171.694520052,0.0100733481403,192.866320874,0.0100220971761,64.1053952773,0.0101272303845,0.0199881958098,92.2063006135,0.0186303453208,0.0100162475354,211.968549364,0.0150727281175,0.0149996858253,92.2062430846,64.0111293201,171.688352639,143.876220743,211.968499396,0.0102618038875,92.2055657043,0.0154492032744,158.982034246
2011-05-19 14:00:00,0.01539774089,0.01499899695,211.968529115,0.010315694001,139.07251997,0.00260833263868,211.968541507,0.034484906289,211.967738708,0.0100871927056,192.866331553,124.512847072,64.1055431358,0.0101673232989,0.0199998638375,92.2063074513,0.0186390765402,0.0100294022076,211.968595974,0.015043030238,0.0149996409719,92.20624865,64.0111320529,171.688394508,143.876220853,211.968814483,0.010276694438,92.2055147483,92.2060332601,158.982152878
2011-05-19 15:00:00,0.0155376313871,0.0149998054102,211.968534887,0.0104325415918,139.072559824,0.00260667826766,211.968553019,0.0344844524427,211.968545404,0.0133476753683,211.968565798,134.473710702,85.4737880752,0.010281259957,183.714773836,92.2063342142,0.019679847337,0.0100800057626,211.968609425,0.015054737009,0.0149997241325,92.2066475909,64.0111362713,171.68847177,143.876221412,211.969098592,0.0104950612021,92.2058643371,92.2068425831,211.975933782
2011-05-19 16:00:00,110.385758316,0.0150024932136,211.968538164,0.0138375683915,171.6944952,0.00260502321375,211.968558398,0.0344841805301,211.968552466,0.0134498816137,238.106559125,134.473716862,85.4738121138,0.0178920419747,183.714803813,211.968417958,0.0453349524977,0.0124485677565,211.968618206,0.0150569437467,0.0150008796123,211.968340484,147.152052178,211.9684767,143.876222764,211.969289801,211.963085795,92.2061914289,211.96787184,211.976382587
2011-05-19 17:00:00,110.385786881,0.0150094373112,211.968550405,0.0138920923269,171.694522714,0.00260334994265,211.96856426,0.0344844625884,211.968555533,0.0134548635606,238.106569351,134.474317992,85.4738167532,0.0179466953525,183.714807076,211.968428697,0.0453424971294,0.0124569414254,211.968652149,0.0150910236214,0.0151422649278,211.968366259,147.152056628,211.968530684,177.624965046,211.969358938,211.963107985,211.966092573,211.968131618,211.976436558
2011-05-19 18:00:00,110.385790836,0.015013463304,211.968559806,0.0139099632009,171.694524066,0.00260165040993,211.96857206,0.034486343358,211.968556713,0.0134567539751,238.106574686,166.016933736,85.4738174037,0.0179568278873,183.714808862,211.968430187,0.0453453768324,0.0124611428471,211.9686535,0.0201508842502,52.2141847474,211.968367055,147.152057165,211.968539411,177.62496793,211.969363329,211.963113114,211.966380663,211.967810003,211.976460556
2011-05-19 19:00:00,110.385791528,0.0150182775491,211.968557078,0.013914918707,171.694524632,0.0025999364976,211.968573577,0.0344858733564,211.968557375,0.0134578043024,238.106569518,166.016936376,85.4738183467,0.0179608667069,183.714808934,211.968430773,0.0453462475343,0.0124622988405,211.96865413,0.0205107616361,52.213793707,211.968367141,147.152057382,211.96854254,177.624968352,211.969349987,211.963114782,211.966080688,211.967708707,211.97646826
2011-05-19 20:00:00,110.385791388,0.0150356289615,211.968557718,0.0139131208251,171.694525244,0.00259836229108,211.968573981,0.0344853823005,211.968556334,0.0134579902073,238.106563861,166.016937473,85.4738180187,0.0179616701027,183.714808447,211.968430876,0.0453464209315,0.012462163032,211.968651055,0.0195653707282,22.7132046116,211.968368166,147.152057387,211.968543036,177.624968412,211.969334042,211.96311513,211.959420751,211.966333415,211.976440489
2011-05-19 21:00:00,110.385789449,0.0150550072785,211.968552784,0.0139104762667,171.694525536,0.00259648315248,211.968572151,0.0344839831241,211.968555673,0.0134574573032,238.106555729,166.016937327,85.4738170823,0.017959997796,183.714807839,211.968431093,0.0453464492344,0.0124614731399,211.968648611,0.0150901694931,22.7132056027,211.968368412,147.152057348,211.968541354,177.624968416,211.969323744,211.963115063,211.965853117,211.967155609,211.976415646
2011-05-19 22:00:00,110.385788286,0.0150870776768,211.968545233,0.0139072244892,171.694525299,0.0025945443501,211.96856824,0.0337077525524,211.968554156,0.0134565330298,238.106542,166.016936725,85.4738172378,0.0179581176599,183.71480741,211.968431309,0.0453461012958,0.0124601940697,211.968643231,0.0150270968806,22.7132471696,211.968367643,147.15205728,211.968543355,177.6249684,211.969306578,211.963114697,211.966236195,211.967134292,211.97640042
2011-05-19 23:00:00,110.385786894,0.0152825263127,211.968541618,0.0139038384262,171.694525383,0.00259274248378,211.968566322,0.0150074706634,211.968553588,0.0134556836701,238.106529931,166.016936128,85.473817111,0.017957072811,183.714806917,211.968431295,0.0453456607087,0.0124588344898,211.968634022,0.0150143672652,52.2141563813,211.968366677,147.152057206,211.968542261,177.624968389,211.969371761,211.963114058,211.966368045,211.967362971,211.976382063
2011-05-20 00:00:00,110.385786758,0.034405911346,211.968541011,0.0139014135258,171.69452535,0.00259106254944,211.968563082,0.0150033559283,211.968553223,0.0134549064407,238.106535411,166.016935548,85.473816873,0.0179556150123,183.71480648,211.968431089,0.0453450201318,0.0124573902709,211.968623308,0.0150064723945,52.2142166122,211.968367697,147.152057143,211.96854148,177.624968381,211.969374859,211.963113209,211.966703922,211.967495488,211.976411286
2011-05-20 01:00:00,110.385786048,0.0344856720422,211.968539659,0.0138987446723,171.694525067,0.00258943298616,211.968564303,0.0150025182039,211.96855383,0.0134541556171,238.106537852,166.016934984,85.4738162852,0.0179539849356,183.714806077,211.968430775,0.0453445609829,0.0124565199574,211.968621087,0.0150045096836,52.214247865,211.968367496,147.152057074,211.968539801,177.624968399,211.969342882,211.963112361,211.966546994,211.967816725,211.976422824
2011-05-20 02:00:00,110.385786509,0.0344781361481,211.968538162,0.0138953625477,171.694525019,0.00258782699897,211.968564668,0.0150022952144,211.968553856,0.0134529708455,238.106534643,166.016934398,85.4738158199,0.0179520621751,183.714805302,211.96843052,0.0453440811955,0.012455324303,211.968617647,0.0150030765403,52.2145181539,211.96836756,147.152056988,211.968538535,177.624968394,211.9692839,211.96311139,211.966544925,211.968098963,211.976431465
2011-05-20 03:00:00,110.385788951,0.0344925652105,211.968537866,0.0138909356202,171.694525162,0.00258629283882,211.968565823,0.0150024219458,211.968554113,0.0134511643525,238.106534735,166.016933772,85.4738165451,0.0179490226206,183.714804325,211.968430813,0.0453435461383,0.0124543049184,211.968622596,0.0150026694327,52.2145839504,211.968367431,147.152056877,211.968536434,177.624968432,211.96928234,211.96310979,211.966776828,211.968352054,211.976468719
2011-05-20 04:00:00,110.385791952,0.0344971678233,211.96853867,0.0138853901715,171.694525511,0.00258518568732,211.968567895,0.0150022211129,211.968555679,0.0134473438108,238.106533159,166.016932902,85.4738173287,0.017945265126,183.714801993,211.96843032,0.0453430148892,0.0124529987155,211.968645421,0.0150043932534,52.2145887497,211.968368141,147.152056758,211.968533636,177.624968444,211.969258904,211.963107353,211.967304342,211.968473496,211.976506383
2011-05-20 05:00:00,110.385789973,0.0154520954554,211.96854107,0.0138472999015,171.694525786,0.00258412731623,211.968569247,0.0150018584515,211.968554361,0.0132387201626,238.106319227,166.016931662,85.473818365,0.017925293146,183.714756741,211.968427518,0.0453365059723,0.0124392495272,211.9686471,0.0150125546405,52.2145903492,211.968369766,147.152056372,211.96852009,177.624968369,211.969261838,211.963087884,211.967073102,211.968485988,211.976447498
2011-05-20 06:00:00,110.385750061,0.0150257118535,211.968538986,0.0104477474888,171.694524753,0.00258264225416,211.968565015,0.0150017793582,211.968544726,0.0100435352628,103.576477267,166.016929958,85.4738138098,0.0119277568115,79.9152013983,211.968195026,0.0367153012415,0.0100507981303,211.968632532,0.0150890500551,52.2145921734,211.968372222,147.152035211,211.968168664,177.624967937,211.969257063,158.971906376,211.963935195,211.968385451,211.976290909
2011-05-20 07:00:00,82.7893480417,0.015009782478,211.968533279,0.0103051335766,171.694520209,0.00258099379564,211.968552746,0.0150011175944,171.694535333,0.010032767263,103.576377243,166.016902816,85.4737789663,0.0117248921029,79.9151903361,171.694359826,0.0367010617821,0.010036137349,211.968609795,0.0150592234846,52.2145886161,211.968371507,110.364018922,171.694338839,177.624960814,211.96922602,158.971856928,92.2058379676,211.968279584,211.968350327
2011-05-20 08:00:00,82.7893056388,0.0150012598149,211.968433121,0.0101646453433,74.6871543936,0.00257932938213,211.968430124,0.0150007700089,171.694525223,0.0100072679521,103.576350406,0.0166592080182,64.1054293908,0.0117063271241,79.9151671296,171.694352148,0.0366828547389,0.0100177147936,211.968563374,0.0150155035239,52.2145840453,211.968369495,110.364016867,171.694305338,143.876176085,211.969072614,158.97176334,0.015626774132,211.967029942,158.982350844
2011-05-20 09:00:00,0.0101843263657,0.0149986303775,171.694480321,0.0100202536247,74.6871283516,0.00257761065216,171.694514013,0.015000274274,158.97646043,0.0100029707735,0.020202664668,0.0166383028854,64.1053870226,0.0108274272538,0.0100158629563,92.2062911269,0.0100211771107,0.010004317147,171.694583279,0.0150079468332,52.2145753649,211.968367378,0.0149612631614,158.977309406,143.876174427,211.968569887,0.010024456886,0.0150481882032,171.69482757,158.982134385
2011-05-20 10:00:00,0.0100119478807,0.0149976526688,92.2063154241,0.0100129514235,74.6871188845,0.00257592658181,92.2063513268,0.0150001064372,92.2063352109,0.0100024911218,0.0100483845581,0.0166210860362,64.1053584015,0.0100212908758,0.0100087106926,0.0100663525649,0.0100088683783,0.0100033910888,92.2063543277,0.0150032884032,52.2145388929,211.968362729,0.0100013396734,0.0101013053448,133.219011859,158.97703602,0.0100123669522,0.0150388921555,171.694669779,92.2171939449
2011-05-20 11:00:00,0.0100090718207,0.0149975559822,92.2063140472,0.0100133260519,74.6871174034,0.00257422481321,92.2063209882,0.0150000492234,171.69452713,0.010003088021,0.020022860077,0.0100133028299,64.1053619254,0.0100202192882,0.0100184888443,0.0105550001711,0.0100123665873,0.0100039138904,92.2063467594,0.0150019082379,52.2142532496,211.968358642,0.0100013951705,0.0100959975085,0.0149855979481,158.976969595,0.0100777083061,0.0150494800817,171.694634993,92.21027449
2011-05-20 12:00:00,0.010152164263,0.0149979846554,92.2063129255,0.0100281156772,74.6871180968,0.00257246876908,92.2063262215,0.0150002417659,171.694531401,0.0100068132704,103.576208598,0.0100069490312,64.1053810437,0.0100479114994,79.9151660269,158.97624773,0.0366856972518,0.0100076104615,92.2063494324,0.0149994503586,52.214256439,211.968355489,0.0149691933277,158.976737455,0.0149914793358,158.976986386,158.971840276,0.015412580102,171.69474364,158.982048721
2011-05-20 13:00:00,82.7893006915,0.0149991353462,92.2063166001,0.0102805701544,74.6871177887,0.00257086598986,92.206369051,0.0150001265274,171.694533653,0.0100340039189,103.576364492,0.0100111021359,64.1054102707,0.0116497423998,79.9151903096,171.694353978,0.0367019087073,0.0100305083606,158.976488336,0.0149988231892,52.2141398484,211.968277179,110.364016826,171.69430133,143.876164798,158.976984312,158.971851624,92.2056557539,171.695165319,158.982255976
2011-05-20 14:00:00,82.78933731,0.015003582237,92.2063293591,0.0103229205523,74.6871179889,0.00256921514349,158.976369541,0.0150000391741,211.968517648,0.0100481130179,103.576385982,0.0165222633093,85.473389696,0.0117131377344,79.9152005796,171.694359502,0.0367103892384,0.0100395814336,171.694585668,0.0150015529169,52.2140903185,211.968247225,110.364018377,171.694331016,143.87617393,158.977037322,158.971865656,92.2058580906,211.96802816,158.983091014
2011-05-20 15:00:00,110.385185524,0.0150164777439,171.694498715,0.0105428267178,74.6871209838,0.00256759836491,171.694513999,0.0150001027877,211.968547698,0.0126950858137,211.966489802,0.0166350498253,85.4737963535,0.0117889636759,183.714737232,171.69437729,0.0452873509456,0.010095063771,211.968599301,0.0150040496479,52.2142081911,211.968350268,110.364022238,171.694408002,143.876175006,211.964001267,158.972097985,211.966804195,211.968371101,211.976285906
2011-05-20 16:00:00,110.385770585,0.0344846919042,211.968518832,0.0140485132909,74.6871318676,0.00256589361364,211.968447008,0.0150003330066,211.968554469,0.0127697713805,211.968610784,0.016644039253,85.4738121378,0.0158425687873,183.714766187,211.968375286,0.0453258768825,0.0124078219626,211.968610853,0.0150138393037,52.2143108922,211.968360725,147.152038958,211.968426067,143.876176629,211.968560158,211.962887387,211.967446418,211.968502629,211.976439326
2011-05-20 17:00:00,110.385787575,0.0345064990909,211.968535713,0.0140975281233,171.694511446,0.0025642689082,211.96854499,0.0150018993701,211.968557416,0.0127747623328,211.968628198,72.2171461056,85.4738162005,0.0158830631644,183.714769234,211.968382304,0.045330141271,0.012414103318,211.968619103,0.0150757905123,52.2145612828,211.968366942,147.152041664,211.968464927,177.624911563,211.969153779,211.962905537,211.967488216,211.968528877,211.976489761
2011-05-20 18:00:00,110.385790225,0.0345079456073,211.968537274,0.0141153630015,171.694522471,0.00256258091756,211.968548886,0.0344852570607,211.968558176,0.0127765657433,211.968637362,72.2174099517,85.4738166133,0.0158929658488,183.714770841,211.968383481,0.0453321711917,0.0124178997124,211.968618784,0.0336506908603,52.214564019,211.968367581,147.152042164,211.968472274,177.624914811,211.969200439,211.962910094,211.967513606,211.96854512,211.976503049
2011-05-20 19:00:00,110.385790565,0.0345105210548,211.96853677,0.014119935572,171.694523557,0.00256082719425,211.968550366,0.0344859427819,211.968558271,0.012777684664,211.968634757,72.2174151911,85.4738174541,0.0158965531281,183.714770814,211.968383931,0.0453328115694,0.0124190298938,211.96861875,0.0344564098781,52.2145616197,211.968363504,147.152042348,211.968474976,177.624915287,211.969206271,211.962911599,211.967528079,211.968546454,211.976500872
2011-05-20 20:00:00,110.385790281,0.0345132593299,211.96853652,0.0141190866448,171.694524237,0.00255922472133,211.968552881,0.0344856801762,211.968557356,0.0127777278085,211.968632861,72.2174172147,85.4738172129,0.0158969065421,183.714770204,211.968383973,0.0453328477174,0.0124187084134,211.968617564,0.0344674246761,52.2145507025,211.968360935,147.152042344,211.96847483,177.624915419,211.969180493,211.962911817,211.96750787,211.968464185,211.976470533
2011-05-20 21:00:00,110.385788467,0.0345124725518,211.968536129,0.0141167966609,171.694524498,0.00255736258222,211.968554136,0.03448526421,211.968556543,0.0127774173845,211.968630059,72.2174176462,85.4738168145,0.0158954359181,183.714769578,211.968383833,0.0453328002241,0.012417881495,211.968613297,0.034471707004,52.2145261436,211.968356762,147.152042295,211.968473831,177.624915501,211.969133321,211.962911741,211.967481438,211.968424948,211.976439265
2011-05-20 22:00:00,110.38578722,0.0345107747378,211.968534815,0.0141136167334,171.694524316,0.00255551465683,211.968553722,0.0344821471396,211.96855553,0.0127766378464,211.968627249,72.2174175116,85.4738167403,0.0158932095693,183.714769004,211.968383792,0.0453323077487,0.0124167342122,211.968611172,0.0344645677112,52.2143004583,211.96834801,147.152042218,211.96847232,177.624915521,211.96906126,211.962911289,211.96746646,211.968405563,211.97642396
2011-05-20 23:00:00,110.385785756,0.0345091504721,211.968534024,0.01411057356,171.694524432,0.00255366406047,211.968553288,0.0343808546144,211.968554652,0.0127758790612,211.968624056,72.2174172385,85.4738163242,0.0158908198706,183.714768387,211.968383714,0.0453316696077,0.0124152288031,211.968610356,0.0344424434564,52.2142422956,211.968341903,147.152042144,211.968470772,177.624915505,211.969068091,211.96291064,211.967456783,211.968375583,211.976413017
2011-05-21 00:00:00,110.385783219,0.034508186182,211.968534657,0.0141078959703,171.694524465,0.00255201166355,211.968553696,0.03432925119,211.968553139,0.0127749106452,211.968619242,72.2174169303,85.4738157572,0.0158888972079,183.714768532,211.968383464,0.0453308721522,0.0124138316975,211.96860981,0.0155213065247,52.2141713111,171.694416496,147.152042077,211.96847261,177.624915474,211.96908427,211.962910039,211.967455004,211.968347036,211.976406986
2011-05-21 01:00:00,110.385781913,0.0345059573153,211.968534969,0.0141049602188,171.694524371,0.0025503543869,211.968553334,0.0152244209378,211.968551835,0.0127739954643,211.968617392,72.2174165185,85.4738151747,0.0158886004125,183.714768001,211.968383227,0.0453301972427,0.0124125712885,211.968609644,0.0150346522308,22.7132394195,211.967413455,147.152041987,211.968470815,177.624915461,211.969094853,211.962909205,211.967442386,211.968328674,211.976395507
2011-05-21 02:00:00,110.385780936,0.0345036130137,211.96853555,0.0141014394381,171.694524281,0.00254871675666,211.968553093,0.0150592278807,211.968550754,0.0127727195266,211.968614017,72.217416093,85.4738142521,0.0158863326338,183.714767013,211.968382627,0.045329362279,0.012411468371,211.968609894,0.0150075200202,22.7131922603,171.694275078,147.15204187,211.968468293,177.624915423,211.96896817,211.96290787,211.96743874,211.968334998,211.976383997
2011-05-21 03:00:00,110.385780776,0.0345011261574,211.968536585,0.0140964044101,171.694524218,0.00254707555301,211.968552704,0.0150090296235,211.968550166,0.0127705637862,211.968612635,72.2174155633,85.473814512,0.0158823870315,183.714765401,211.968382206,0.0453280419438,0.0124099155721,211.968610098,0.0150024513298,0.0169074275645,171.695217189,147.152041684,211.968464611,177.624915346,211.969045985,211.962905759,211.967441474,211.968378835,211.976386391
2011-05-21 04:00:00,110.385780486,0.0344772258117,211.96853719,0.0140892310807,171.694524184,0.00254558257462,211.96855248,0.0150034130503,211.968550352,0.0127658020311,211.968610228,72.2174146093,85.473814573,0.0158771851339,183.714762396,211.968381253,0.0453262375363,0.0124081826051,211.968610655,0.0149995070824,0.0150050674279,171.694346905,147.152041394,211.968457068,177.624915232,211.96898331,211.962902429,211.967437056,211.968425903,211.976389455
2011-05-21 05:00:00,110.385775753,0.0150250141928,211.968538111,0.0140546780909,171.694524268,0.00254412737667,211.968552071,0.015001689423,211.968547113,0.0102692245148,211.968533984,72.2174127874,85.4738136276,0.015854695931,183.714672638,211.968378081,0.0453156265365,0.0123902116498,211.968611425,0.0149979199836,0.0150021046037,171.694214606,147.152040738,211.968440069,177.624915089,211.968986386,211.962882651,211.967270508,211.968313186,211.976272454
2011-05-21 06:00:00,110.385707175,0.0150048621565,211.968535318,0.0108442829666,171.69452378,0.00254277958385,211.968544209,0.0150010105657,211.968522156,0.0100229513187,103.576436126,72.2174098305,85.473804086,0.0120825294097,0.0104300262493,211.968303029,0.0162624056131,0.0100333929293,211.968609207,0.0149979008269,0.0150035487936,211.968122271,147.15170912,211.965750493,177.624914597,211.968652798,171.689770567,92.2064084793,211.967366929,211.968525834
2011-05-21 07:00:00,82.7893031245,0.0149992033476,211.968520807,0.0107327168044,171.694520895,0.00254138175831,211.968364016,0.0150001285547,158.976615929,0.010011021614,103.576385253,72.2173751434,85.4727268511,0.0119876160062,0.010419597618,69.1549174236,0.0162395164531,0.0100194426616,211.968562452,0.0149983450422,0.0150014293035,211.967134742,0.0148891416385,171.693716235,177.624894482,211.968291921,171.689748194,92.2058354164,92.2066194186,92.2123823382
2011-05-21 08:00:00,82.7892669877,0.0149975418794,92.2064912957,0.0104647613447,139.072566998,0.00253982150332,158.976325388,0.0149999389788,158.976595316,0.0100030067987,103.576367674,0.0101260544617,64.1053664422,0.0117719172096,0.0100700090018,69.1549088555,0.0162249471988,0.010007220159,171.694305885,0.0149988175043,0.0150005178679,211.966040873,0.0148873741024,171.693679731,0.0150008104623,158.976776803,158.972125984,92.2034735505,92.206195364,92.209996289
2011-05-21 09:00:00,0.0100246754327,0.0149965141154,92.2063243952,0.0100280677283,139.072557051,0.00253818160612,158.976295594,0.0149998578498,92.206322344,0.0100019389355,103.576332981,0.0101075165161,64.1053230496,0.0100454500955,0.0100046436076,69.1548345484,0.0100117856538,0.0100034264684,158.976226698,0.0149992193248,0.0150000255079,171.693998989,0.0147551033011,158.975908862,0.0149989446085,158.976618,0.0100591399138,0.0150739462039,92.2049577253,92.2097129353
2011-05-21 10:00:00,0.0100065261431,0.0149957594862,92.2063141902,0.0100212179107,128.770912699,0.00253654358851,92.2063252053,0.0149998038176,92.2063184935,0.0100018543482,103.576148467,0.0100568580489,64.1053109784,0.0100185538392,0.0100043573002,0.0100104428228,0.0100063346511,0.0100029980131,92.2063463528,0.0149994667243,0.0149998172513,92.2065092166,0.01000165484,0.0100698199675,0.0149275290082,158.976565741,0.0100407448008,0.0150072906559,0.0151570451419,92.209609896
2011-05-21 11:00:00,0.0100076224613,0.0149962540194,92.2063114618,0.0100534600763,74.6871243018,0.00253486770237,92.2063174952,0.0149997734805,92.2063205346,0.0100023108328,0.0202679335285,0.0100052184101,64.105312822,0.0100239736186,0.0100057273907,0.0100102828299,0.0100076203751,0.0100044064884,92.2063456402,0.014999513561,0.0149995795386,92.2062791219,0.0100013976556,0.0100528207232,0.010002051801,158.976536444,171.689729385,0.014997849399,0.0150779641052,92.2096003343
2011-05-21 12:00:00,0.0100082113167,0.0149969766272,92.206312513,0.0105288410524,74.6871198812,0.00253323721458,92.2063168763,0.0149997475625,92.2063224155,0.0100044512728,103.576159943,0.0100042587919,64.105336644,0.0109789960102,0.0104022959339,0.010432116418,0.016218077339,0.0100137024471,92.2063460852,0.0149992647913,0.0149993671183,92.2062462974,0.0100041649645,0.0103371665761,0.010001771183,158.976540254,171.689740876,0.0150027161383,0.0150279400169,92.2097066783
2011-05-21 13:00:00,82.789242458,0.0149977279707,92.2063137251,0.0107168048663,74.6871358807,0.00253150608124,92.2063243211,0.0149997403827,158.976587716,0.01001385112,103.576360764,0.0100049173311,64.1053731332,0.0119836179656,0.0104214118153,69.1549011338,0.0162380180314,0.010016231619,92.2063493959,0.0149991572633,0.014999388651,92.2062539181,0.0148871440134,171.693669198,0.0100037828985,158.976549096,171.689754553,0.0150069022882,0.0151187745048,92.2098806168
2011-05-21 14:00:00,82.7892889655,0.0149986979994,92.2063180124,0.0107670587694,128.771015955,0.00252984779339,158.976299943,0.0149997467068,158.976612563,0.0100247043437,103.576390541,0.0100334252851,85.4690310165,0.0120134420758,0.0104315763535,69.1549101588,0.0162459006463,0.0100242191918,158.976310873,0.0149992884334,0.0149996918051,171.69396471,0.0148884449853,171.693707032,0.0149974179966,158.97659252,171.689773711,0.0150233868402,92.2059720198,92.2123061616
2011-05-21 15:00:00,82.7894894562,0.0150002570679,92.2064719388,0.011720089206,139.072558948,0.00252829010812,158.976327873,0.0149997839383,211.968502884,0.0109361494762,211.967184519,0.010106102221,85.4737861116,0.0146971900707,183.714450195,69.15491943,0.0200237973041,0.0100964846572,171.694303449,0.0149990546566,0.015001440437,211.968326194,0.0148905203532,171.693783085,0.0149995167815,158.976937948,211.962613179,92.2037050213,92.2072209025,211.968388672
2011-05-21 16:00:00,110.385731997,0.0150078876862,211.96832069,0.0141841773672,171.694514153,0.0025266791668,211.968465767,0.0149998443148,211.968544121,0.0124408141145,211.968471619,0.0101150026565,85.4738075607,0.0148595649769,183.714533547,92.2062705791,0.0200546087762,0.012387584798,211.968280219,0.014999105058,22.7131634703,211.968357466,0.0197738759306,211.967702398,0.015001935003,211.968343878,211.96267652,92.2063294343,211.968230419,211.976148996
2011-05-21 17:00:00,110.385756796,0.0150181938721,211.968484884,0.014219180246,171.694519836,0.00252505709131,211.968533205,0.0149999708863,211.968547834,0.0124454977792,211.968482316,0.0126225639918,85.4738131761,0.014874649791,183.714537633,92.2062843543,0.0200581015423,0.0123940644291,211.968553443,0.0149996855994,52.2145240444,211.968364549,0.01977723448,211.9677393,77.2667861529,211.968573666,211.962683684,211.967201948,211.968366097,211.976269921
2011-05-21 18:00:00,110.385761929,0.015036605349,211.968529424,0.0142337614335,171.694520993,0.00252343302278,211.968539497,0.0150000737055,211.968548861,0.0124474724385,211.968487555,0.013502837418,85.4738141969,0.0148818594327,183.714539765,92.206286016,0.0200600121641,0.0123975155699,211.968553548,0.0149992130374,52.2145372277,211.968365521,0.0197777181012,211.967747243,77.2667902256,211.96863259,211.962687546,211.96732905,211.968382046,211.97628029
2011-05-21 19:00:00,110.385763667,0.0150463270609,211.968512291,0.0142371719906,171.694521545,0.00252173404415,211.968541069,0.0149999402555,211.968549651,0.012448545052,211.968485436,0.0135079620347,85.4738156666,0.0148842094098,183.714540243,92.2062869837,0.0200605992254,0.0123986296414,211.968515777,0.0150000762919,52.2145387839,211.968362998,0.0197779145243,211.967750507,77.2667907413,211.968638633,211.962688502,211.967356339,211.968393833,211.976302462
2011-05-21 20:00:00,110.385764219,0.0151003416472,211.968460962,0.0142360273688,171.694521767,0.0025200932496,211.968541837,0.0149999008398,211.968549379,0.0124488118325,211.968482937,0.0135098992408,85.4738157829,0.0148844561577,183.714540225,92.2062873437,0.0200605063783,0.0123982195777,211.968280525,0.0150027418387,52.2145323241,211.968360468,0.0197779286166,211.967750915,77.2667908753,211.968637755,211.962688569,211.967340323,211.968361881,211.976297203
2011-05-21 21:00:00,110.38576212,0.0151608784859,211.968350026,0.0142337125317,171.694521359,0.0025183166901,211.9685405,0.0149998813684,211.968548663,0.0124486160487,211.968480914,0.0135102977095,85.4738154877,0.0148825713092,183.7145399,92.2062874877,0.020060209627,0.0123975700941,211.968264162,0.0150011680897,52.2145245443,211.968352219,0.0197778984112,211.967749956,77.2667909276,211.968626084,211.962688163,211.967338383,211.96831271,211.976289919
2011-05-21 22:00:00,110.38576043,0.0152509858758,211.968330262,0.0142309615064,171.694520444,0.00251656878366,211.968538366,0.0149998398462,211.968547643,0.0124481074477,211.968477761,0.0135102443636,85.4738159229,0.0148797744768,183.714539359,92.2062875884,0.0200597160509,0.012396551856,92.206352317,0.014999318547,52.2145123623,211.968262231,0.0197778449787,211.967748965,77.2667909148,211.968611971,211.962687643,211.967342434,211.968296174,211.976275938
2011-05-21 23:00:00,110.385757933,0.0158266786525,211.968077208,0.0142281507371,171.694519601,0.00251477111767,211.968535457,0.0149998021698,211.968546631,0.0124473609087,211.968474527,0.0135099464414,85.473815814,0.014877174247,183.714539054,92.2062876116,0.0200591379114,0.0123952611841,92.2063474014,0.0149983866179,52.2144960857,92.2062616009,0.019777768829,211.967747769,77.2667908942,211.968591974,211.962686842,211.967360413,211.968288593,211.976260141
2011-05-22 00:00:00,110.385756472,0.0153454875976,92.2063170451,0.0142254163037,171.694518123,0.00251301818225,211.968531334,0.0149997775478,211.968546747,0.0124466240291,211.968476565,0.0135096235437,85.4738152846,0.0148748458194,183.714538734,92.2062874737,0.0200583029885,0.0123938492821,92.2063475541,0.0149977930009,52.2145104594,92.2062419577,0.0197776843852,211.967749826,77.2667908353,211.968561596,211.962686009,211.967389691,211.968297153,211.976241935
2011-05-22 01:00:00,110.385753559,0.0151042950071,92.2063135194,0.0142224762159,171.694515136,0.00251136071524,211.96852643,0.014999776619,211.968546147,0.0124457772708,211.968472956,0.0135093170851,85.4738149107,0.0148725716858,183.714538097,92.2062872141,0.0200575907375,0.0123928054025,92.2063466759,0.0149973875104,52.2144851447,92.2062352592,0.0197775996986,211.967748216,77.266790792,211.96851482,211.962684972,211.967384317,211.968274198,211.976219564
2011-05-22 02:00:00,110.385751572,0.0150659692379,92.206313345,0.0142190362347,171.694507387,0.00250969869772,211.968520521,0.0149997986602,211.96854521,0.0124447262661,211.968468043,0.0135088742926,85.4738140679,0.0148695531704,183.714537151,92.206286619,0.0200566947271,0.0123918729157,92.2063463528,0.0149970767737,52.2142799751,92.2062232384,0.0197774915184,211.967745955,77.2667907233,211.968520674,211.962683222,211.967385454,211.96828352,211.976180493
2011-05-22 03:00:00,110.385748769,0.0150400163403,92.2063133962,0.0142128580655,171.694467719,0.00250801071715,211.968508262,0.0149997998905,211.968544246,0.0124427512485,211.968459381,0.0135083759641,85.4738139453,0.0148637603825,183.71453563,92.2062861536,0.0200551900762,0.0123903662238,92.2063461923,0.014996857156,52.2142093642,92.206107534,0.0197772986719,211.967741893,77.266790619,211.968482131,211.962680267,211.967391129,211.968303056,211.976174769
2011-05-22 04:00:00,110.385745762,0.0150280385388,92.2063131534,0.0142040214352,73.9871029597,0.00250640296494,211.968463031,0.0149997683872,211.968543196,0.0124387160867,211.968444752,0.013507445597,85.4738137965,0.0148558240124,183.714532551,92.2062853404,0.0200531134974,0.0123895497996,92.2063460196,0.0149965025927,22.71360162,0.0150304842354,0.0197769795362,211.96773636,77.2667904242,211.9684277,211.962675425,211.967391645,211.968354989,211.976159033
2011-05-22 05:00:00,110.385732454,0.0150145987112,92.2063126237,0.0141675121185,73.9870900971,0.00250490179892,211.965161171,0.014999721045,211.968537603,0.0101278915753,103.577369763,0.0135057091109,85.4738137584,0.0148236532731,183.714378919,92.2062820755,0.0200399917838,0.0123740919022,92.2063462696,0.0149964528991,22.71301993,0.0150102033266,0.0197762953787,211.967713035,77.2667901482,211.968337268,211.962642639,211.967237749,211.968230985,211.975791887
2011-05-22 06:00:00,0.0103091354534,0.0150074479446,92.2063096465,0.0111538376444,73.9870859939,0.00250340094565,0.0200061621269,0.0149997192466,211.968214465,0.0100233454423,0.0201840774165,0.0135032380499,85.4738080504,0.0102938516122,0.0100500189415,69.1551984161,0.0100592205936,0.010038803942,92.2063444535,0.0149966692522,0.0150467891689,0.0150067917366,0.0150032048834,211.966641677,77.2667893902,0.0152918353849,0.0103166529094,92.2069733021,211.967616493,92.2114871978
2011-05-22 07:00:00,0.0100766494115,0.0150013267392,0.0200137202609,0.0110369570197,0.0150349958743,0.00250200755492,0.015056061765,0.0149997183595,92.206311705,0.0100121150864,0.0201580862751,0.0134746861202,85.4737522534,0.0101452915358,0.0100401893171,69.1547236052,0.0100401743546,0.0100276746863,0.0200164005321,0.0149965760133,0.0150026900106,0.0150033617449,0.0148563956042,158.977527883,77.2666948267,0.0150553531582,0.0102666908978,92.2059503852,171.693822276,92.2100765318
2011-05-22 08:00:00,0.010019849472,0.0149985623468,0.0199998587204,0.0109293593923,0.0150039652895,0.00250060172948,0.0150033162351,0.0149997270643,74.6873200036,0.0100037567584,0.0200275895126,0.0100422026505,64.1054041173,0.0101069211146,0.0100095490296,69.1547171407,0.0100264544665,0.010012466947,0.0200025893901,0.0149950575255,0.0149999463526,0.0150033801789,0.0148550141704,158.977472534,0.0150021155358,0.0150089188527,0.0102213467771,92.2058419555,171.69292219,92.2097509817
2011-05-22 09:00:00,0.0100051702221,0.0149973354316,0.0199986763379,0.0105469651394,0.0150004235073,0.00249906777755,0.0150002684757,0.0149997187543,74.6872967326,0.0100023192036,0.0196852468711,0.0100299522173,64.1053649205,0.0100225197316,0.01000355139,0.0150103952193,0.0100063269893,0.0100044106211,0.0199992404374,0.0149929994279,0.0149993021094,0.0150058936412,0.014845277891,0.0101746181006,0.0150003133361,0.0149865051485,0.0100168484559,92.2058111616,92.2067163498,92.2096756266
2011-05-22 10:00:00,0.0100038206134,0.0149968248854,0.0199950336035,0.01025362532,0.014999887338,0.00249742478,0.0149998347203,0.0149997069761,0.0199927187517,0.0100023151989,0.010027351033,0.0100120448695,64.1053500905,0.0100122370435,0.0100034406834,0.0100116180643,0.0100044691843,0.0100034998294,0.0199964170461,0.0149904627385,0.0149989075608,0.0150151578295,0.0100040007721,0.0100383874251,0.0149893570825,0.0149704539817,0.0100098398143,92.2058013005,92.2064756832,92.2096456159
2011-05-22 11:00:00,0.0100034863392,0.0149971793029,0.0199783737391,0.0103517810684,0.0149996605255,0.00249587143391,0.0150001926659,0.0149996882721,69.1552001004,0.0100027571033,0.0100299009828,0.0100036631781,64.1053529585,0.0100117358941,0.0100036865176,0.0100100528492,0.0100045612547,0.0100037905587,0.0199988335391,0.0149892096462,0.0149987024223,92.2061968824,0.01000203592,0.0100693065989,0.0100019791624,0.0149765104688,0.010036454402,92.2058135418,92.2064847686,92.2096591646
2011-05-22 12:00:00,0.0100041783474,0.0149991354827,0.0150082162012,0.0107673955225,0.0149996801022,0.00249426360802,0.0149997126072,0.0149996607232,74.6873146775,0.0100053090646,0.0199660731312,0.0100033604845,64.1053638952,0.0100206295513,0.0100192707903,0.0147478341544,0.0100083631355,0.0100082320129,0.0199991869273,0.0149895342309,0.0149988666077,92.2062225287,0.0100081434529,158.976138122,0.0100013077075,0.0150000914506,0.0102405485627,92.2058562958,171.692756566,92.2097149623
2011-05-22 13:00:00,0.010012379577,0.0150017842308,0.0150003568119,0.0110220317009,0.0149997520572,0.00249268848777,0.0149975931959,0.0149996463563,74.687316996,0.0100149912151,0.0201611987524,0.0100040886961,64.1053705623,0.0101023110481,0.0100427393876,69.1547146112,0.010034585144,0.0100272497868,0.0199994633395,0.0149913045863,0.0149985984734,92.2062347399,0.0148538740653,158.977458391,0.0100181291065,0.0150969633033,0.0102575456218,92.2061869009,171.693260023,92.2099662102
2011-05-22 14:00:00,0.0100708127139,0.0150067342694,0.0150042721429,0.0110586118173,0.0149999293815,0.00249105642851,0.0149982623585,0.0149996585199,92.2062412028,0.0100272845735,0.0202435394168,0.0100130722496,64.105393695,0.010142703733,0.010054875175,69.1547209766,0.0100437684142,0.0100459033285,0.0200001221176,0.014993295393,0.0149985965699,92.2062354899,0.0148555567552,158.977504987,0.0149992192121,0.0150004848488,0.0102731353358,92.2095274243,211.966417449,92.210334382
2011-05-22 15:00:00,0.0101446459714,0.0150146245834,0.019983876626,0.0115064292334,0.0150005544568,0.00248941529516,0.014999981614,0.0149996938271,92.2063244668,0.012350890489,211.968330678,0.010028513295,85.4737677121,0.010229557492,183.714776894,69.1547379071,0.0100886493406,0.0107003831511,0.0200055505184,0.0149960717672,0.0149987511657,92.2062322189,0.0148579385724,158.977574442,0.0150006652561,0.0150114565843,0.0104104492674,211.966757404,211.967172954,122.946757604
2011-05-22 16:00:00,110.385714626,0.0344410000662,0.0199974391586,0.0143000831838,0.015005523252,0.00248788869959,0.015003078493,0.0149997386928,92.2065637146,0.0124750232314,211.968545068,0.0100366187361,85.4738075107,0.0139059012734,183.71492257,92.2062817391,0.0454440925574,0.0227483434238,0.0200408702395,0.0150000041368,0.0149988594419,92.206227295,147.150653404,211.968331719,0.0150023774511,0.0151173204656,211.962534462,211.967381321,211.968156313,122.947045237
2011-05-22 17:00:00,110.385770421,0.0344999764711,0.0200059872231,0.0143405441227,73.987086373,0.00248628699035,0.019996071116,0.0149998499515,92.2065663833,0.0124799756693,211.968555766,0.010214135429,85.4738130024,0.0139699205177,183.714927468,92.206291381,0.0454556211154,0.0227621408207,92.206341346,0.0150136762669,0.0149990836428,92.2062297208,147.150675674,211.968439859,77.2668064418,92.2067586011,211.962562579,211.967383384,211.968041761,122.947159346
2011-05-22 18:00:00,110.385776884,0.0344965716208,92.2062957275,0.0143558386114,170.08477587,0.00248472377975,92.2061210135,0.0150004723991,92.2065680018,0.0124821474224,211.968571208,166.01221644,85.4738134777,0.0139813397504,183.714930007,92.2062926346,0.0454592534658,0.0227672071331,92.2063460947,0.0150353260769,0.0150078944709,92.2062392402,147.150676434,211.968452199,77.2668880298,69.1559059525,211.96256814,211.967329906,211.967707129,122.953565595
2011-05-22 19:00:00,110.385779048,0.0344962429166,92.2063105443,0.0143601408334,170.085251746,0.00248301737235,92.2062947048,0.0150017365404,92.2065692918,0.0124833186466,211.968562635,166.0122252,85.4738157885,0.0139857126142,183.714930666,92.2062932555,0.0454604884415,0.0227687054599,92.2063461437,0.0150395970984,0.0150258552646,92.2062351791,147.15067674,211.968457176,77.2668890145,69.1555324445,211.962570182,211.96721546,211.967007743,122.946998607
2011-05-22 20:00:00,110.385779639,0.034495462508,92.2063131404,0.0143587881757,170.085255765,0.00248130056753,92.2063153859,0.0150023197924,92.2065627969,0.012483660508,211.968558417,166.012228077,85.4738154485,0.0139876023312,183.714930587,92.2062933944,0.0454606386329,0.0227686807519,92.2063464986,0.0150132471961,0.0150239279816,92.2062037368,147.150676821,211.968458635,77.2668892679,211.963619418,211.962570876,211.966600183,211.966026576,122.946659242
2011-05-22 21:00:00,110.38577822,0.0344500995185,92.2063163455,0.0143552422807,170.085256783,0.00247949931613,92.2063223834,0.0150027030516,92.2065362702,0.0124833736148,211.968554335,166.012228725,85.4738147735,0.0139861938641,183.714930405,92.2062935286,0.0454604730869,0.0227682472314,92.2063474689,0.015001685161,0.0150073305212,92.2061934578,147.150676814,211.968457857,77.2668893911,211.965120292,211.962570944,211.965994837,92.2064779606,122.944508332
2011-05-22 22:00:00,110.385777294,0.0151094400211,92.2063205539,0.0143520351946,170.085256852,0.00247767416565,92.2063261383,0.0150022714593,92.2063151048,0.0124826412922,211.968549872,166.012228872,85.4738154535,0.0139840265757,183.714930212,92.2062935464,0.0454602039582,0.0227673153711,92.206348667,0.0149988675559,0.0150008826162,92.2061674208,147.150676775,211.96845674,77.2668894457,211.965207791,211.962570901,92.2059929179,92.2062758073,92.2097092171
2011-05-22 23:00:00,110.385774967,0.0150397955658,92.2063243473,0.0143493167318,170.085257152,0.00247598388106,92.2063282559,0.0150015791652,92.2063105637,0.0124819197619,211.968545388,166.012228826,85.4738154885,0.0139826343524,183.714930069,92.2062932857,0.0454599104922,0.0227659940534,92.2063549435,0.0149980113118,0.0149997387944,92.2062080321,147.150676742,211.968459401,77.2668895013,211.965246874,211.962570426,92.2058437287,92.206198596,92.2096709283
2011-05-23 00:00:00,110.385766221,0.0150367651104,92.2063234666,0.014346798554,170.085257025,0.00247428042234,92.2063287473,0.0150010638195,92.2063178866,0.012481136508,211.968532524,166.012228748,85.4738151688,0.0139823968225,183.714929947,92.2062915972,0.0454594536243,0.0227650331494,92.2063474413,0.0149973916152,0.0150008080583,0.0158962903114,147.150676694,211.968458821,77.2668895241,211.965257148,211.962569734,92.205763865,92.2060978432,92.2099088304
2011-05-23 01:00:00,110.38576933,0.0150182053954,92.2063273483,0.0143440085474,170.085256866,0.00247254080639,92.2063285756,0.0150002918071,92.2063293816,0.0124804181006,211.96853252,166.012228655,85.4738149883,0.0139811829426,183.714929753,92.2062918974,0.045459178769,0.0227642966173,92.2063570093,0.0149970991542,0.0150019485951,0.0150766840846,147.150676673,211.968457918,77.2668895646,211.965260457,211.96256908,92.2054888414,92.2035304611,92.2097077771
2011-05-23 02:00:00,110.3857724,0.0150129789894,92.2063322468,0.0143413689157,170.085256852,0.00247088504368,92.2063290129,0.0149999655892,92.2063203375,0.012479233326,211.968534045,166.01222849,85.4738147425,0.0139797556781,183.714929298,92.2062921228,0.0454590095168,0.0227636416071,92.206363457,0.014996971339,0.0150014770302,92.206194673,147.150676657,211.968456814,77.2668896057,211.965268444,211.962568248,0.0154442947649,74.6870450683,92.2095687611
2011-05-23 03:00:00,110.385777427,0.0150108917608,92.2063311721,0.0143374295739,170.085256944,0.00246945207324,92.2063283814,0.0149998319637,92.2063147412,0.0124773739984,211.968534138,166.012228243,85.4738158625,0.013976425245,183.714929052,92.2062928237,0.0454589936264,0.0227636977339,92.2063897678,0.0149969545511,0.0150010314616,92.206229035,147.150676648,211.968452426,77.2668896913,211.965276087,211.962567069,0.0151129187022,92.1980759729,92.2096595373
2011-05-23 04:00:00,110.385780502,0.0150074787403,92.2063255737,0.0143324307979,170.085257153,0.00246839669018,92.2063275633,0.014999764099,92.2063006891,0.0124726796927,211.968532557,166.01222795,85.4738156295,0.0139731843783,183.714928591,92.2062919193,0.0454594699291,0.022764480341,211.968553928,0.0149969905746,0.0149999557099,92.2062316502,147.150676688,211.968454114,77.2668897498,211.96529295,211.962565241,0.0150466814308,92.2042345723,92.2096357355
2011-05-23 05:00:00,110.385777564,0.0150018407448,92.2063174991,0.0143015146393,170.085257102,0.00246739913589,92.2063254797,0.0149997745116,0.0201702244155,0.0102592764052,211.968467588,166.012227618,85.4738163478,0.013956898038,183.714917527,92.2062891309,0.0454553248856,0.0227624962058,211.968557349,0.0149974948,0.0149993519148,92.2062294283,147.150676645,211.968446348,77.2668897595,211.965298134,211.962549779,0.0150168992436,92.202995892,92.2096319478
2011-05-23 06:00:00,110.38574931,0.0149998166698,92.2063110309,0.0111411831089,170.085255111,0.00246587444985,92.2063145147,0.0149998299672,0.0200201978446,0.0100296391913,103.576405585,166.012227492,85.4738146306,0.011168196133,148.809089601,92.2062508777,0.0368278294808,0.0227519602103,92.2063603758,0.014998956885,0.0149994016958,92.2060513826,147.1506752,211.968066956,77.2668895056,211.965249275,158.972323797,0.0150080850143,0.0156176774863,92.2095817367
2011-05-23 07:00:00,82.7985519986,0.0149990429532,0.0200037497102,0.0109992028677,73.9871367735,0.00246423280392,0.0199955031234,0.014999844506,0.0200105797598,0.0100171256026,103.576349611,166.012222501,85.4738052551,0.011044260337,148.809082285,74.6870909001,0.0368193977193,0.018458597801,92.2063375127,0.014999526424,0.0149993412697,0.0150133853909,119.19204773,171.694416169,77.2668868371,158.974337488,158.972293006,0.0150017279789,0.0151306323693,0.0205013216174
2011-05-23 08:00:00,82.7985055016,0.0149988619571,0.0199966518267,0.0107979356771,73.9870873929,0.00246255292053,0.0150479402659,0.014999836793,0.0200023866707,0.0100045239114,103.576275137,134.469907328,85.4736913956,0.0109308369491,148.809072785,74.6870866634,0.0368142618812,0.0184393924033,0.0200038092014,0.0149990385637,0.0149992475625,0.0150070264881,119.19204652,171.694395194,62.5861753255,158.973976158,158.972271863,0.0150074384312,0.0150712192143,0.0201718856646
2011-05-23 09:00:00,82.7893654272,0.0149991305025,0.0199847179107,0.0101623561084,73.9870850102,0.00246087339586,0.0150068364782,0.0149998180094,0.0199941237169,0.0100024533086,0.0199952722737,134.469895871,64.1053775811,0.010054245714,0.0100813774601,74.6870734539,0.0367962416782,0.0184342698393,0.0199997022988,0.0149983730702,0.014999267069,0.0150059044009,110.363086172,171.694346573,62.586173507,158.973917682,158.972014789,0.0150049052835,0.0150138682761,0.0201022950815
2011-05-23 10:00:00,82.7892850039,0.0149989243712,0.0150454256528,0.0107169595124,73.9870816404,0.00245924630145,0.0149988138136,0.0149998163014,0.0199648320209,0.0100024324484,0.0199323271833,134.469873104,64.1052770155,0.0100183948793,0.0100266120456,0.0148902147453,0.031537262711,0.0184300666536,0.0199983320638,0.014997615811,0.0149992782548,0.0150050656164,0.0150005641046,158.976632528,62.5861499323,158.97385595,158.971845752,0.0150013916391,0.0149981227415,0.0151284981611
2011-05-23 11:00:00,82.7885928555,0.0149989798084,0.0150073565983,0.0108449989971,73.987026959,0.00245768373438,0.0149955877362,0.0149998102089,0.0199575806432,0.0100037310551,0.0199718142991,0.0100313459204,64.1050850366,0.0100278411254,0.0101185522256,0.0100480058969,0.0367861168625,0.018392804108,0.0199973924425,0.0149973641445,0.0149992503184,0.0150049467505,0.0150034732482,0.0108769631442,0.0100030495165,158.973766028,158.972057968,0.0150075210126,0.014996067221,0.015054438901
2011-05-23 12:00:00,82.7892940381,0.0149988486356,0.0150199416982,0.0109715980679,73.9870502089,0.00245605009988,0.0149970880087,0.0149998078871,0.0200018412733,0.0100078782125,0.0200231635142,0.0100110293382,64.1053096295,0.0105850006129,148.809076973,69.1552075092,0.0368180312167,0.0170197723764,0.0199987378086,0.0149962230037,0.0149993499712,0.0150072717434,110.36322401,171.694303257,0.0100018403088,158.973786735,158.972279342,0.015008528191,0.0150046472292,0.0150549382788
2011-05-23 13:00:00,82.7893265402,0.0149995167989,0.019973060145,0.01097898586,0.0199942953972,0.002454497933,0.0150013342576,0.0149998151522,0.0200249094404,0.0100208305173,103.576328712,0.0147909199178,64.1053531441,0.0110295495048,148.809084667,74.6870837806,0.0368236148406,0.0184261761374,0.0199996834237,0.0149908591382,0.0149992055255,0.0150040703907,119.192046301,171.694395408,0.0100057813629,158.973916773,158.972291363,0.0150059011569,0.0150013434135,0.0150351007155
2011-05-23 14:00:00,82.7984695596,0.0150000488548,0.0199909631986,0.0110089032994,0.0200073851846,0.00245292093455,0.0150061720436,0.0149998242368,92.206313206,0.0100354216606,103.576359273,134.469887061,64.1053815039,0.0110488386224,148.809096121,74.6870901489,0.0368291188162,0.018437432362,0.0200016374334,0.0149922237028,0.0149992192115,0.0150028281853,119.192047545,171.694415625,62.5861715088,158.973986407,158.972298964,0.0150049292599,0.0150071562742,0.0197789158768
2011-05-23 15:00:00,82.7985861642,0.0150016902336,0.0199977760017,0.0112188025106,73.9870832303,0.00245130368073,0.015046859864,0.0149998486856,211.96850782,0.0124501703688,211.967796658,134.469896349,85.4736538459,0.0112170923774,183.71494193,74.6871157778,0.0452791860661,0.0185218070958,0.0200312359283,0.014994680757,0.0149991621458,0.015002964988,119.192052287,171.694492581,62.5861738221,158.974152984,158.972343505,0.0150423134236,0.0152753646182,0.021013580036
2011-05-23 16:00:00,110.385771789,0.0150042184719,0.0200027699471,0.0145133355981,73.9870868569,0.00244966298305,0.0200025377549,0.0149998428289,211.96853349,0.0125139789523,211.968515732,134.469906468,85.473804105,0.0149166753868,183.714960652,211.968374408,0.0454654548831,0.0227608784674,92.2063448012,0.01499676406,0.0149999771477,0.0150031300548,147.152068405,211.968503868,62.5861759819,211.967748278,211.962936636,0.022414336635,92.2064173224,211.956988599
2011-05-23 17:00:00,110.385789396,0.0150066953145,92.2060530882,0.0145583973851,73.9871355853,0.00244799456904,92.206310198,0.0149998629984,211.968540848,0.0125185759153,211.968526877,166.016574619,85.4738137499,0.0149553523528,183.714963453,211.968386401,0.0454694144175,0.0227650833943,92.2063481109,0.0149981811558,0.015017593351,0.0150046416729,147.152071766,211.968549143,177.624839883,211.968238712,211.96295675,92.205800634,92.2073638007,211.957693916
2011-05-23 18:00:00,110.385791666,0.0150065748047,92.2062931188,0.0145728525836,98.6494669321,0.00244634382323,92.2063146024,0.0149999128035,211.96854115,0.0125205228809,211.968534711,166.016643643,85.4738143384,0.0149644873463,183.71496522,211.968387754,0.0454719808158,0.0227678583192,92.2063486511,0.0149992375503,22.713163634,0.0150143553345,147.152072288,211.968556618,177.624844091,211.968297053,211.962961906,0.0189053573292,211.963767725,211.958206947
2011-05-23 19:00:00,110.385792366,0.015006152735,92.2060991222,0.01457709615,98.6494778147,0.00244468939347,92.2063146748,0.0149999660575,211.968540836,0.0125216503423,211.968530736,166.016648048,85.4738163962,0.0149679295076,183.714965388,211.968388474,0.0454726968377,0.0227683214896,92.2063479636,0.0150004927548,0.0150075953179,0.0150091947642,147.152072519,211.968559703,177.624844582,211.968328211,211.962963684,0.0153195735306,92.2073257431,211.963596489
2011-05-23 20:00:00,110.385791652,0.0150073523595,92.2060823715,0.0145756359946,98.6494801547,0.00244296148372,92.2063158857,0.0150000026548,211.968535952,0.0125219412009,211.968528391,166.016649996,85.4738163081,0.0149686213847,183.714964942,211.96838858,0.0454726494658,0.022767699865,92.2063469919,0.0150026385843,0.0149999546292,0.0150048086966,147.152072537,211.9685594,177.62484469,211.968343366,211.962964145,0.0151329788551,92.2068977429,211.95729356
2011-05-23 21:00:00,110.385788815,0.0150087959199,92.2060673506,0.0145729844029,98.6494812622,0.00244103902168,92.2063170416,0.0150000117859,211.96853123,0.0125216897058,211.968524859,166.016650344,85.4738155132,0.0149669023366,183.714964578,211.968388602,0.0454725429225,0.0227666732598,92.2063461518,0.0150026923321,0.0149986822472,0.0150020787106,147.152072506,211.96855729,177.624844728,211.96834339,211.962964044,0.0157339223443,92.2066563595,211.957172253
2011-05-23 22:00:00,110.385787331,0.0150089330024,92.2060604818,0.0145697453632,98.6494811346,0.00243924282917,92.2063168797,0.0149999622205,211.968526559,0.0125208594483,211.968520838,166.016650046,85.4738157813,0.0149646103483,183.714964307,211.968388658,0.0454720415313,0.0227653102516,92.2063455653,0.0150025517163,0.0149981438996,0.0150014419023,147.152072449,211.968555988,177.624844727,211.968335201,211.962963741,0.0187763451415,92.2063854644,211.957051897
2011-05-23 23:00:00,110.385785451,0.0150089544374,92.206056146,0.0145664583724,98.6494814011,0.00243742918195,92.206317192,0.0149999151354,211.968515446,0.012520023205,211.968515959,166.016649854,85.4738160719,0.0149631102006,183.714963971,211.968388543,0.0454714361147,0.0227635259541,92.2063450697,0.0150025101117,0.014997910101,0.0150015279002,147.152072404,211.968557925,177.624844726,211.968338187,211.962963196,0.0188649651262,92.2063578928,211.956763932
2011-05-24 00:00:00,110.38578446,0.015005987797,92.2060457023,0.0145643992861,98.6494795912,0.00243563908124,92.2063168748,0.0149999152093,211.968427002,0.0125192000209,211.968509223,166.016649705,85.4738156411,0.014963035963,183.714963787,211.968388375,0.0454708293609,0.0227618756683,92.2063439028,0.0149993514821,0.0149977883274,0.0150006823513,147.152072363,211.968557161,177.624844693,211.968335679,211.962962567,0.0188193405962,92.2062612597,92.2101650152
2011-05-24 01:00:00,110.38578347,0.0150054176896,92.2060398834,0.0145620564844,98.6494803363,0.00243402988661,92.2063162753,0.0149998772673,92.2074106506,0.0125184355943,211.968502706,166.016649457,85.4738152539,0.0149616468732,183.714963278,211.968388173,0.0454702437462,0.0227603519126,92.2063444188,0.0150018348069,0.0149976149529,0.0150017984628,147.152072303,211.968556162,177.624844693,211.968326004,211.962962053,0.0185753328175,92.2062531413,92.2096706388
2011-05-24 02:00:00,110.385784472,0.0150040721996,92.2060464544,0.0145589615955,98.6494805837,0.00243239770953,92.2063164121,0.0149998731893,92.2063236434,0.0125170604897,211.968499818,166.016649068,85.473814759,0.0149599426253,183.714962535,211.968387972,0.0454696699167,0.0227589675556,92.2063449958,0.0150049865644,0.0149977750223,0.015002885407,147.152072255,211.968554422,177.624844675,211.968311256,211.962960869,0.0153714311098,92.206246852,92.2096248489
2011-05-24 03:00:00,110.385786921,0.0150018737494,92.2060310953,0.0145544888274,98.6494805302,0.00243088423526,92.2063157014,0.0149999243945,92.2063191228,0.0125150842491,211.96850264,166.016648658,85.4738154816,0.0149567538247,183.714961927,211.968388182,0.0454690812391,0.0227571276182,92.2063454975,0.0150101485422,0.0149985185072,0.0150037044851,147.152072209,211.96855325,177.624844685,211.968289834,211.962959197,0.015289395037,92.2063418686,92.2096319483
2011-05-24 04:00:00,110.385789715,0.0150004070517,92.2058958058,0.0145493602508,98.6494809299,0.00242986595604,92.2063121375,0.0149999410962,92.2063236677,0.0125103241836,211.968504274,166.016647971,85.4738151549,0.0149545222851,183.714960611,211.968387558,0.0454683694875,0.0227547306771,92.2063459752,0.0150124072175,0.014999040509,0.0150037881033,147.152072217,211.96855085,177.624844693,211.968239197,211.9629569,0.0171622063129,92.2064289007,92.2096428823
2011-05-24 05:00:00,110.385786992,0.0149991472593,0.0200275496432,0.0145214750771,98.649479207,0.00242887005276,92.2062974927,0.0149998667897,92.2063153738,0.0101666065547,211.968460317,166.016647022,85.4738160416,0.0149396140937,183.714940917,211.968384034,0.0454602621651,0.0227363821556,92.2063452724,0.0150074648815,0.0149992347822,0.015002742696,147.152072194,211.968538392,177.624844626,211.967969777,211.962938441,0.0151580048117,92.2061882334,92.2094130179
2011-05-24 06:00:00,110.385745996,0.0149983222469,0.0200069247594,0.011386997895,98.6494655044,0.00242744777684,92.206226575,0.0149998869636,0.0199986696013,0.0100229824706,103.576472607,166.016646145,85.4738100401,0.0113547155046,148.809054137,211.965846715,0.016952438822,0.0101165220091,92.206306697,0.0150004750429,0.014999427809,0.0150025805851,147.152070104,211.968307941,177.624844187,92.2094194922,0.0168468534295,0.0150290562674,0.0157709658824,0.0200041706508
2011-05-24 07:00:00,82.789347104,0.0149977957838,0.0199986968871,0.0110161710833,73.987087529,0.00242581756403,0.0152491684878,0.0149998591792,0.0162199562852,0.0100111355161,103.576431619,166.016632497,85.4737655116,0.0111559525457,148.809043995,0.0151131724962,0.0169186238834,0.0100543636326,0.0200023467023,0.014999690158,0.0149995761594,0.0150027962914,119.193178567,171.694443308,177.624835905,92.2074047249,0.0167478532775,0.0149991324766,0.0150657806281,0.0159420396303
2011-05-24 08:00:00,82.7893063058,0.014997306322,0.0199809596836,0.0108694673853,73.9870840037,0.00242418932989,0.0151525427089,0.0149998292878,0.0161734006982,0.0100032908325,103.57639016,124.512533463,64.1053837033,0.0111244281779,148.80887485,0.0151049889839,0.0169078768775,0.0100410070629,0.0199997998025,0.0149978000399,0.0149996367136,0.0150027105072,119.193177454,171.694412997,77.2668663776,92.2072228168,0.0167152109921,0.0149899045449,0.0150078458899,0.0153743601134
2011-05-24 09:00:00,0.0148473607185,0.0149970433847,0.0154150739774,0.0100387086268,73.9870771087,0.00242249313741,0.0150031511792,0.0149997990433,0.0150007249717,0.0100020551463,103.576351192,124.512519756,64.1053468384,0.0104831612778,0.0100111189219,0.0149910646625,0.0100294986442,0.0100086737459,0.0199989189476,0.014995955373,0.0149995248573,0.0150024993676,119.193176388,171.694203522,77.266864531,0.0172763682624,0.0100281252285,0.0149807786736,0.0149872961011,0.0150144434929
2011-05-24 10:00:00,0.0100095174585,0.0149967980471,0.0150030502127,0.0100220613564,73.9866774175,0.00242081970587,0.0149978048647,0.0149997754245,0.0149979772421,0.0100019345501,103.576308596,124.512493833,0.0345664897209,0.0100501743271,0.0100072583375,0.0100276436103,0.0100102335837,0.0100054152168,0.0199959790859,0.0149944022073,0.014999363985,0.015002305926,110.364122734,0.0101899512991,77.2668419646,0.0150423290156,0.0100139606338,0.014978620469,0.0149826852874,0.0149979633641
2011-05-24 11:00:00,0.0100097064867,0.0149971606924,0.0150015277742,0.0100588249019,0.0150045267053,0.00241921195708,0.0149952495407,0.0149997631349,0.0149983820001,0.0100023933825,103.576338643,0.0100400862196,0.0100821456481,0.0100334544707,0.0100269583171,0.0100184510401,0.0100205349082,0.010005180616,0.0199945919827,0.0149936659513,0.0149992899654,0.0150022699315,110.364092636,0.0101140964657,0.0100067422112,0.0150277937694,0.0100772465515,0.0149804027781,0.0149808290247,0.0150079528121
2011-05-24 12:00:00,0.0100582311737,0.0149974424843,0.01500281209,0.0107947407433,0.0150179976323,0.00241753127029,0.0149971342432,0.0149997684275,0.0152282540429,0.0100045855823,103.576353998,0.0100118154098,64.1049477479,0.0100874707576,148.809032188,0.0149401930166,0.0169072511971,0.0100090071304,0.0199955336748,0.0149928371597,0.0149992431595,0.0150020570844,119.193175834,158.981547911,0.0100035212283,0.0151184325509,0.0166729020052,0.0149852389434,0.0149904436386,0.0155315667371
2011-05-24 13:00:00,82.7892814754,0.0149978094629,0.0150285570205,0.0109880138043,0.015010180089,0.0024159360005,0.0150081502051,0.0149997884561,0.0162123872172,0.0100126848486,103.576422269,0.0100264083986,64.1053302682,0.0111288110348,148.809046266,0.0150853472667,0.0169135731704,0.0100384480214,0.0199986324789,0.0149944441522,0.014999145999,0.0150017644396,119.193176951,171.694404553,0.0149962488916,92.2069429916,0.0167360167198,0.0149916846277,0.0150124587076,0.0158999290382
2011-05-24 14:00:00,82.7893292121,0.0149978712953,0.0199717474471,0.0110172078281,0.0199994136782,0.00241428542564,0.0151531007833,0.0149998239209,0.0199710877043,0.0100241554318,103.576454128,124.512483615,64.1053726039,0.0111545415103,148.809058112,0.0151083304196,0.0169201908501,0.0100525714341,0.0199996373952,0.0149963588732,0.0149990991504,0.015001691922,119.19317791,171.694433762,77.2668631623,92.2072918093,0.016751697824,0.0150045946147,0.0157329888179,0.0199905030649
2011-05-24 15:00:00,82.7897847429,0.014998099202,0.0199975723481,0.0111346466046,73.9870774778,0.00241270593733,0.0151809812983,0.0149999213869,0.0199998828873,0.0110082781228,211.9689069,124.512519231,85.4736727311,0.0112681891618,183.714938871,0.0152279400609,0.0170975387806,0.0100941376679,0.0200005781521,0.0150002815816,0.0149989729256,0.015002062115,119.193179812,171.694528391,77.2668649009,92.2074435599,0.0169877567967,0.0151159867689,92.2056212632,0.0201539923991
2011-05-24 16:00:00,110.385760793,0.0149983744692,0.0200178564692,0.0144224050645,73.9870861161,0.0024110466213,92.2062321286,0.0150001945547,0.020014127331,0.0124659634423,238.106603008,124.512529034,85.473803286,0.0154248800987,183.714960262,0.0202860918481,0.0209004762434,0.0124361289741,0.0200108412127,0.0150147233833,0.0149988722481,0.0150020361188,147.152071603,211.968508533,77.2668669131,211.967770764,92.2032123015,92.2035166909,92.2061574884,0.0212625641293
2011-05-24 17:00:00,110.385779272,0.0149985946953,92.2063149211,0.0144679776429,170.085241315,0.00240942288277,211.968506289,0.0150021003304,0.0200206046183,0.012470840437,238.106616351,166.016945472,85.4738134194,0.0154664069608,183.714963292,0.0202947330383,0.0209052355521,0.0124434568377,92.2063444424,0.0159459488589,0.014998853116,0.0150027049134,147.152073418,211.968541973,177.624985269,211.968467714,92.2032290731,92.2056649236,92.2058947855,0.0213272174485
2011-05-24 18:00:00,110.38578212,0.0149986495564,211.968321422,0.0144844088006,170.085253666,0.0024077252448,211.968534828,0.0150115680215,0.0200222009904,0.0124731265993,238.106625339,166.017063099,85.4738143436,0.0154754086922,183.714965055,0.0202964792676,0.0209071670489,0.0124474111118,92.2063466015,0.0344900032171,0.0149990030741,0.0150035597459,147.152073751,211.968548324,177.624994526,211.968526219,92.2032330671,0.0175179879956,92.2058072093,0.0215205123219
2011-05-24 19:00:00,110.385782333,0.0149989591309,211.968317986,0.0144890027132,170.085254721,0.00240607986492,211.968537823,0.0344879586909,0.0200221904891,0.0124743531515,238.106621813,166.017069799,85.4738161076,0.0154791751986,183.71496525,0.0202970556378,0.0209077720635,0.0124484601813,92.2063470819,0.0345416697874,0.0149989934662,0.0150064186883,147.152073896,211.968550762,177.624995147,211.968575087,92.2032343144,0.0178213118732,92.2055526833,0.0213129598741
2011-05-24 20:00:00,110.385780362,0.0149994224354,211.968308755,0.0144881793677,170.085255403,0.00240440653806,211.968539798,0.034489164994,0.0200208402494,0.0124747012141,238.106620172,166.017072432,85.4738160662,0.0154797996793,183.714964813,0.0202968589837,0.0209076561852,0.0124482968521,92.2063468722,0.0345900023744,0.0149985579144,0.0150067911011,147.152073849,211.968550585,177.624995312,211.968586858,92.2032344707,0.0221609238465,74.6865730255,0.0210488125331
2011-05-24 21:00:00,110.385777972,0.0149994753482,211.968299506,0.0144853728301,170.085255652,0.0024024328591,211.968541752,0.0344892782376,0.0200196899722,0.0124744385277,238.106618276,166.017072937,85.4738152782,0.0154774424566,183.714964486,0.020297587287,0.0209073960766,0.0124474665731,92.206346359,0.0345065581712,0.0149982212091,0.0150046280445,147.152073768,211.968548025,177.624995399,211.968593393,92.2032341483,0.022060789929,92.2018499626,0.0212868771182
2011-05-24 22:00:00,110.38577512,0.0149994804486,211.967712216,0.0144820442169,170.085255484,0.00240064521275,211.968542922,0.0344889742964,0.0200199504866,0.0124737072558,238.106616039,166.017072543,85.4738152598,0.0154748390231,183.714964246,0.0202975107955,0.0209068375856,0.0124463742705,92.2063460093,0.034449132022,0.0149980858951,0.0150037125776,147.152073653,211.968545801,177.624995436,211.968603271,92.2032334282,0.0209567576952,92.205520646,0.0212297829634
2011-05-24 23:00:00,110.38577252,0.0149992960982,171.695979922,0.0144796925651,170.085255588,0.00239886845886,211.968543809,0.0344888205791,0.0200202371841,0.012472798254,238.106613417,166.017072271,85.4738150858,0.0154737155894,183.714963975,0.0202981307122,0.0209061129318,0.0124450677325,92.2063458393,0.0150873347436,0.0149980212494,0.0150032891048,147.152073557,211.968544739,177.624995471,211.968606003,92.2032318464,0.0220904225807,92.2055790429,0.0211999049035
2011-05-25 00:00:00,110.385764354,0.0149997836926,211.968288738,0.0144772365532,170.085255523,0.00239719923447,211.968543232,0.0344888454025,0.0200203226517,0.0124721038792,238.106612839,166.017071843,85.4738148387,0.0154716619427,183.714963665,0.0202983364935,0.0209051302934,0.0124438663669,92.206345858,0.0150064397381,0.0149979774998,0.0150022226521,147.152073482,211.968543104,177.624995479,211.968608398,92.203229586,0.0222643428759,92.205723456,0.0210813053024
2011-05-25 01:00:00,110.385767014,0.0149998934588,211.968328892,0.0144741728613,170.085255402,0.0023955589576,211.968543651,0.0344893634229,0.02002032762,0.0124713302679,238.106609162,166.017071586,85.4738145491,0.0154695628532,183.714963216,0.0202990886001,0.0209037822332,0.0124428509712,92.2063459938,0.0150015650702,0.0149978666104,0.0150024266899,147.152073392,211.968542175,177.624995518,211.968620146,92.2032276743,0.0222172340795,92.205519527,0.0210921483085
2011-05-25 02:00:00,110.385768662,0.0150005074224,211.968345692,0.014471505689,170.085255363,0.00239398764951,211.968544432,0.0344895586181,0.0200193926923,0.0124702741347,238.106606903,166.017071411,85.4738141029,0.0154665181195,183.714962431,0.020299276906,0.0209019938642,0.012441984119,92.2063464621,0.0149995937083,0.0149981054609,0.0150020010806,147.152073283,211.968540012,177.624995547,211.968622483,92.2032245136,0.0227745329573,92.20554598,0.0210617954539
2011-05-25 03:00:00,110.385772265,0.0150014564466,211.968352606,0.0144677834022,170.085255437,0.00239245164803,211.968544777,0.0344890992576,0.0200173471427,0.012468638443,238.106605572,166.017071597,85.4738145436,0.0154619824497,183.714961613,0.0202995728042,0.020899483349,0.0124410545438,92.2063469529,0.0149985899572,0.0149987338534,0.0150018111717,147.152073149,211.968538431,177.624995609,211.968619196,92.2032200961,0.0220126669038,92.2054286592,0.0210300828936
2011-05-25 04:00:00,110.38577513,0.0150015954359,211.968480472,0.0144620076916,170.085255647,0.00239136472431,211.968545303,0.0344882275661,0.0200135455887,0.0124650549954,238.106604332,166.017071704,85.4738150177,0.0154567469693,183.714959994,0.0202989794293,0.0208949064088,0.0124401855283,92.206348263,0.0149979223666,0.0149990746697,0.0150014847937,147.152073022,211.968538017,177.624995658,211.968621644,92.20321312,0.0158963373212,92.2040926053,0.0202823698323
2011-05-25 05:00:00,110.385771814,0.015000761215,211.968528859,0.0144343552045,170.085255674,0.00239039126891,211.968546048,0.0344876109396,0.0200020679912,0.0123358964615,238.106563883,166.017071842,85.4738157045,0.0154261087312,183.71493746,0.0202956791295,0.020857826713,0.0124307352355,92.2063500671,0.0149981494096,0.0149991707011,0.0150018556895,147.152072677,211.968525911,177.624995661,211.968622137,92.2031751124,0.0150260519938,0.0152509207733,0.0199703772799
2011-05-25 06:00:00,110.385743853,0.0150016312816,211.96851772,0.0115246475708,170.085254317,0.00238892001298,211.968539449,0.034451625959,0.0199745635795,0.0100319264827,192.865953826,166.017072945,85.4738128933,0.0115211165518,0.0200098782851,0.0199678645814,0.0119124867125,0.0100751205283,92.206345381,0.014999429407,0.0149991026167,0.0150027076871,147.152063024,211.96826824,177.624995417,211.968546356,0.0150384445353,0.0150022947605,0.0150066125303,0.0153251243792
2011-05-25 07:00:00,82.7893563524,0.0149997895842,211.96833158,0.0111056463586,170.085237338,0.00238723121269,211.968281977,0.0150035968515,0.0151904715345,0.0100184977193,192.865868803,166.017067492,85.4737905593,0.0112931977057,0.0199934948989,0.0150316088485,0.0118874761282,0.0100588359013,74.6871377988,0.0149997529912,0.0149991315838,0.015002975087,110.364080436,171.694409523,177.62499223,211.968102736,0.0148482306811,0.0149984652358,0.0149894765939,0.0150333227169
2011-05-25 08:00:00,82.7893062705,0.0149985876283,92.2063487352,0.0108520345779,73.9871055383,0.00238555872068,92.2063726765,0.0150021552427,0.0150000906089,0.0100049393296,103.576721141,134.473840823,64.1054086207,0.0112702134318,0.0199728731736,0.0150247113003,0.0118797556148,0.0100159922158,0.0200014469911,0.0149998187232,0.0149991727565,0.0150030528689,110.364078704,171.694377189,143.876244038,158.976538713,0.0148354251955,0.0149992225238,0.0149721129176,0.0149905375365
2011-05-25 09:00:00,0.0150407163796,0.0149978285431,92.2063239005,0.0100311465293,73.9870992155,0.00238393541036,92.2063530743,0.0150011039888,0.0149978495627,0.0100026717056,103.576375442,134.473830349,64.1053801754,0.0110116943527,0.0100097103059,0.0147802053674,0.0100397744017,0.0100047688959,0.0200000923314,0.014999622442,0.0149991906479,0.0150033365419,110.363751166,171.694221271,143.876242536,158.976460628,0.0100756444376,0.0149970193134,0.0149622671671,0.0149645951532
2011-05-25 10:00:00,0.0100139899518,0.0149970701159,92.2063158266,0.0100174021904,73.9870868779,0.00238231078054,92.2063178756,0.0150002922742,0.0149967571782,0.0100025254645,103.576382297,134.47382635,64.1053439569,0.0100243400303,0.0100068877047,0.0100094407265,0.0100066350832,0.010003736094,0.0199993283734,0.0149997627368,0.0149991776985,0.0150035577533,0.0149924118638,158.977720704,143.876232231,158.976429731,0.0100137552451,0.0149956021509,0.0149580278978,0.0149509673393
2011-05-25 11:00:00,0.0100318869134,0.0149968681795,92.2063150848,0.0100297866597,73.987085894,0.00238064179003,92.2063064491,0.0150000414567,0.0149990336406,0.0100033783428,103.576416785,134.473823717,64.1053562622,0.0100208740977,0.010054986163,0.0100080263156,0.0100101573197,0.0100053663106,0.0199995287902,0.0150001845315,0.014999145812,0.0150038936235,0.0149804867251,158.975782533,0.014901996851,158.976414649,0.010014413449,0.0149930515089,0.0149634079842,0.0149573731888
2011-05-25 12:00:00,0.0151544332038,0.0149972959482,92.206316321,0.01098550279,73.9870858897,0.00237897946315,92.2063083451,0.0150000077031,0.0150015448613,0.0100075606423,178.579885224,134.473827542,64.1053721577,0.0111091341181,0.0199885888474,0.0100250551279,0.010090741599,0.0100361973825,69.1548071449,0.0150001121592,0.0149991998156,0.0150037651303,64.011121735,171.693887514,0.0100148902785,158.976410128,0.0100269333142,0.014992101477,0.0149677777791,0.014978686448
2011-05-25 13:00:00,82.7892934456,0.014998070478,92.2063197615,0.0110773157752,73.9870862185,0.00237733871396,92.2063152322,0.0149999935934,0.0151908086667,0.0100214360172,192.865867366,134.473830135,64.1053927211,0.0112625685401,0.0199939068327,0.015019811515,0.011881894897,0.0100625037974,74.687155672,0.0150002645203,0.0149991608556,0.015003509357,110.364077926,171.694369799,133.218731117,158.976424804,0.0148014457186,0.0149943297507,0.0149827347902,0.0149996899192
2011-05-25 14:00:00,82.7893346348,0.0149994136554,92.2063353288,0.0111076320919,73.9870892561,0.0023757742472,92.206324931,0.0150000410551,0.0152175089983,0.0100351537692,192.865897541,134.473831826,64.1054769504,0.0112825377165,0.0200045517518,0.0150287075402,0.011889950572,0.0100778906785,92.2063469349,0.0150004423652,0.0149991268885,0.0150051970825,110.364079851,171.694402664,143.876241625,158.976456354,0.0148433391054,0.0149980576691,0.0149979368198,0.0150657064593
2011-05-25 15:00:00,82.7904598193,0.0150032981302,113.834957522,0.0112396111564,73.9871036561,0.00237412007818,92.2063676995,0.0150000893038,0.0200000882008,211.966393398,238.106529736,134.473835519,85.4737775816,0.0113303129395,0.0246839477022,0.0150466169952,0.0119581599843,0.0123922014554,211.968517865,0.0150017838402,0.0149990872522,0.0150547930069,110.364083635,171.694484683,143.876243024,158.976561919,0.014914584058,0.0150053072652,0.015073920831,0.0179734603004
2011-05-25 16:00:00,110.385762553,0.015014818044,113.835021349,0.0142971531765,98.6402239664,0.00237246695743,122.941230778,0.0150002480467,92.2063358118,211.968462872,238.106619282,134.47384857,85.4738090003,0.014784349956,0.0246897292305,92.2063315214,0.0152129529093,0.0124365295861,211.968556795,0.0150029543801,0.0149991960691,92.2062313401,147.152069373,211.968523859,143.876245197,211.968386481,92.2042478367,0.0152709548651,0.020223504656,0.0203208602351
2011-05-25 17:00:00,110.385779953,0.0150405355239,211.968533368,0.0143442179784,98.6493310451,0.00237078729949,122.941270187,0.0150015014132,211.968529114,211.968469726,238.106628401,166.017048492,85.4738143306,0.0148122989146,0.0246912259082,92.2063428571,0.0152248199811,0.012441023637,211.968612253,0.0150053988443,0.0149994420585,92.2063004469,147.152071761,211.968566417,177.624998312,211.9685394,92.2042834919,92.2057694634,92.2058125986,92.2094227981
2011-05-25 18:00:00,110.385782838,0.0150519674024,211.968533808,0.0143564750283,170.085252067,0.0023691275731,122.941593255,0.0150033991185,211.968531769,211.968472331,238.106633461,166.017080529,85.4738146485,0.014818190857,0.0246925679407,92.206343959,0.0152282460185,0.0124441852239,211.96860828,0.0150120088607,0.0149999896707,211.96834496,147.152072184,211.968574506,177.625001261,211.968561812,92.2042886846,92.2058103792,92.2061349364,92.2095517435
2011-05-25 19:00:00,110.385784249,0.0150365343521,211.968451577,0.0143612808255,170.085248487,0.00236759240759,122.941305814,0.0150030042827,211.968535318,211.9684738,238.106629641,166.017083502,85.473816025,0.0148213040729,0.0246921341563,92.2063447034,0.0152294404011,0.0124451720276,211.968573744,0.0150141955924,0.0150010670204,211.968352484,147.152072368,211.968578189,177.62500177,211.968582087,92.2042907273,92.2057906767,92.2051833199,92.2095762697
2011-05-25 20:00:00,110.385782727,0.0150344610431,113.834967227,0.0143599185693,98.6494683585,0.00236592353471,122.941278243,0.0150020240775,211.968537029,211.968474264,238.106626841,166.017085039,85.4738160219,0.0148215730817,0.0246908092818,92.2063448219,0.0152296877178,0.012444766323,211.968552588,0.0150113438147,0.015000770758,211.968355933,147.152072336,211.968578276,177.625001901,211.968558355,92.2042914254,92.2057931953,0.0208999583289,92.2095796388
2011-05-25 21:00:00,110.385780464,0.0150283691857,92.2063186681,0.0143574237232,98.6402360204,0.002364091249,122.941264401,0.0150018235602,211.968537792,211.968473853,238.106623507,166.01708504,85.4738152938,0.0148194547411,0.024689240504,92.2063448462,0.0152297914945,0.0124438031849,211.968523736,0.0150081196593,0.0150018153829,211.968358263,147.152072293,211.968576697,177.625001971,211.968563758,92.2042915845,92.2057918236,0.0203876748689,92.209579705
2011-05-25 22:00:00,110.385778352,0.015022567095,92.206313085,0.0143540224786,98.6402281776,0.00236218911159,122.941258117,0.0150013735181,211.968538185,211.968472663,238.106619527,166.017084461,85.4738155113,0.0148163628537,0.0246864989131,92.2063448214,0.0152295495055,0.0124427988993,92.2063619748,0.0150043608089,0.0150058037518,211.96835765,147.152072198,211.968574187,177.625001971,211.968559309,92.2042914483,92.2057864128,0.0198096374024,92.209598573
2011-05-25 23:00:00,110.38577625,0.0150212497345,92.2063113812,0.0143510276972,73.9871043451,0.00236038687744,122.941250588,0.0150010678171,211.968538479,211.968471752,238.106616244,166.017083852,85.4738155411,0.0148144369581,0.0246829565781,92.2063446471,0.015229317084,0.0124413290164,92.2063488413,0.0150022822255,0.0150319832921,211.96835631,147.152072112,211.96857677,177.625002009,211.968558632,92.2042909866,92.205774371,0.0168362813364,92.2096323129
2011-05-26 00:00:00,110.385774661,0.015013969113,92.2063097122,0.0143486390244,73.9870849933,0.00235876682906,122.941246578,0.0150030393602,211.968538668,211.968470728,238.106608395,166.017083386,85.4738153446,0.0148130250545,0.024681129276,92.2063443481,0.0152293517469,0.012439810053,92.2063480164,0.0150006881898,22.7131498782,211.968355634,147.152072022,211.968575441,177.625001974,211.968554378,92.2042904797,92.2057975308,0.0173772487685,92.209575121
2011-05-26 01:00:00,110.385773946,0.0150133261291,92.2063075435,0.0143460094389,73.9870842837,0.00235718356949,122.941225936,0.0150031503164,211.968538523,211.968470253,238.106605457,166.017082947,85.4738148942,0.0148113052573,0.0246792504766,92.2063439676,0.0152290628149,0.0124385593571,92.2063476773,0.0149996451373,22.7132011883,211.968353586,147.152071981,211.968574519,177.62500196,211.968552089,92.204289684,92.2057488521,0.0186268008658,92.2096434077
2011-05-26 02:00:00,110.385774628,0.01501084883,92.2063064121,0.0143426129659,73.9870834803,0.00235555704816,122.940774081,0.0150030942314,211.968537445,211.968470011,238.106604392,166.017082573,85.4738145631,0.0148092062271,0.0246780793135,92.2063436669,0.0152285498346,0.0124375707467,92.2063474755,0.0149988603675,52.214153764,211.968340203,147.152071942,211.968572719,177.625001955,211.96854207,92.2042885482,92.2056709991,0.0180191935405,92.2098101741
2011-05-26 03:00:00,110.385776779,0.0150081653905,92.2063053228,0.0143377333621,73.9870833099,0.00235411123274,92.2063901118,0.015002434783,211.968536429,211.968469486,238.106604731,166.017082395,85.4738151518,0.0148055721996,0.0246782694092,92.2063434666,0.0152278784306,0.0124364789615,92.2063476194,0.0149983939861,52.2144168198,211.968112738,147.152071878,211.968570219,177.625001994,211.968526339,92.2042868659,92.2055333732,0.0166493394187,92.2099913296
2011-05-26 04:00:00,110.385778223,0.0150054105402,92.2063073321,0.014331294366,73.9870815,0.00235305366795,92.2063255092,0.0150012712676,211.968536345,211.96846847,238.106603677,166.01708208,85.4738152791,0.0148030824155,0.0246786967287,92.2063418346,0.0152268466023,0.0124348710149,92.2063491124,0.0149980851122,52.2144256532,92.2062711456,147.152071842,211.968567167,177.625002046,211.968498595,92.2042840338,92.2053366849,0.0184083058372,92.2100648613
2011-05-26 05:00:00,110.385772876,0.015001443002,92.206309163,0.0142942765478,0.019997428993,0.00235209460972,92.2062803268,0.015000506765,211.968531032,211.968442573,238.106566013,166.017081913,85.473816463,0.0147806816006,0.0200272383754,92.2063330075,0.0152172343037,0.0124201508411,92.2063521111,0.014998418061,52.2144272303,92.2062449267,147.152071661,211.968550421,177.625002029,211.968443389,92.2042571728,0.0151496630495,0.0164468855654,92.2098067603
2011-05-26 06:00:00,110.385673465,0.0150000793831,92.2063096577,0.0103608605056,0.0150098441989,0.00235068486573,0.015212500614,0.0150012238667,92.2063259052,171.694469562,171.695235228,166.017082588,85.4738141364,0.0103081563541,0.0199909975442,0.0150245443872,0.0100624890962,0.0100425492099,92.206346155,0.0149994347449,52.2144258778,92.2062387515,147.152068088,211.96798596,177.625001732,92.2073856437,0.010156345484,0.0150364196251,0.0151113993891,92.2094525845
2011-05-26 07:00:00,82.7892351588,0.0149983380257,0.0200118284862,0.0101443267815,0.0150013522108,0.00234901982562,0.0150046218013,0.0150008916427,0.0200502241601,171.694461276,171.694953266,166.017078335,85.4738035047,0.0101490624337,0.0199851251802,0.0149865428433,0.0100414490012,0.0100224748329,0.0200027640231,0.0150000848837,52.2144252247,92.206174504,119.193175274,158.98680456,177.624998965,0.0150741098466,0.0100850380729,0.014998859335,0.0150218226249,69.1575333437
2011-05-26 08:00:00,82.7891906171,0.0149974314466,0.0199988100626,0.0100610710524,0.0150002618658,0.00234723216901,0.0150020004579,0.0150006118824,0.0199847239085,171.694458148,171.69493792,166.016950977,85.4737200162,0.0101078253669,0.019979372451,0.0149797139532,0.0100260019313,0.0100120391157,0.0199993546979,0.0150001936626,52.2144240787,0.0150093088034,119.193173772,158.986764537,143.876249193,0.0150414458346,0.0100442670742,0.0149911037247,0.0150007128298,69.1573825292
2011-05-26 09:00:00,0.0149670021603,0.0149969330078,0.0199951578864,0.0100171873632,0.014999993986,0.00234566688717,0.015000663498,0.0150003640526,0.0150033645061,171.694455753,158.977358525,134.473841106,64.1054580704,0.0100229003196,0.0199570660446,0.0149256791403,0.0100057815795,0.0100045078439,0.0199976329251,0.0150000855222,52.2144207345,0.0150046639819,119.193100577,158.977835803,143.876247204,0.0150072302862,0.0100095690047,0.0149857212287,0.0149968630759,69.1573861644
2011-05-26 10:00:00,0.0100154773732,0.0149967714037,0.0199907195032,0.0100113735357,0.014999830533,0.00234401771968,0.0149995122226,0.0150001935599,0.0149966478897,171.694453775,103.57636403,134.473836,64.1054235265,0.0100125232283,0.01989672099,0.0100174181629,0.0100039810762,0.0100033220315,0.0199701127044,0.0149999566883,52.2144130864,0.0150037489145,0.0100168145584,0.0101015835319,143.876245917,0.0149916542407,0.010006885712,0.0149852113525,0.0150038452688,69.157484001
2011-05-26 11:00:00,0.0100148999517,0.0149969971457,0.019995918965,0.0100107499951,0.0149997676231,0.00234236632601,0.015000342754,0.0150000894507,0.0149970161847,171.694453465,103.576346513,134.473832357,64.1054245205,0.0100115292765,0.0199451228308,0.0100146048597,0.01000427889,0.0100034356262,0.0199803241831,0.0149998253499,52.2143571366,0.0150037844009,0.0100066106467,0.0100715059263,133.219307975,0.0149989547586,0.0100073283234,0.0149865466105,0.0150180834028,69.1575923187
2011-05-26 12:00:00,0.0149970049024,0.0149972739463,0.0199996048815,0.0100190704708,0.0149997757493,0.00234077281933,0.0150019356158,0.0150000294188,0.0150004517607,171.694456219,103.576399212,134.473828192,64.1054394513,0.0100217615303,0.0199770603166,0.0148920072884,0.0100091011664,0.0100052696762,0.0199959179666,0.0149995573428,52.2143491396,0.0150031655047,64.0111840386,158.977472922,143.875918514,0.0149918288578,0.0100134905391,0.0149912682584,0.0154957799502,69.1578754314
2011-05-26 13:00:00,82.7891953108,0.014998091861,0.0200002054006,0.0100959487219,0.0149998697297,0.00233919622861,0.0150020824374,0.0149999628289,0.0150301255732,171.694460304,171.694898618,134.473826848,64.1055223186,0.0101147394762,0.0199853380765,0.0149784242383,0.0100356171238,0.0100141431748,0.0199994013163,0.01499891397,22.7131923484,0.0150065079098,119.193172914,158.986753655,143.876245034,0.0149898962876,0.0100680998408,0.0149975190823,92.206169622,92.2095333537
2011-05-26 14:00:00,82.7892270949,0.0149993298105,0.0200007480638,0.01014670265,0.0150000453938,0.00233758180443,0.0150046584332,0.0149999269412,0.0199839575304,171.69446964,171.694953615,134.473831702,85.4737808296,0.0101486893044,0.0199948849646,0.0149849677829,0.0100448328535,0.0100233257733,0.0200003113929,0.014998754587,0.0152409400889,0.0150173469003,119.193174225,158.986791746,143.876246654,0.0149983096055,0.0100895246145,0.0150074860055,211.873554693,92.2097975487
2011-05-26 15:00:00,82.7893416612,0.0150035247421,0.0200032905146,0.0102820867424,0.0150004516224,0.00233599819678,0.0150081438198,0.014999941651,0.0199990342026,211.96845273,211.968598826,134.473835364,85.4738080818,0.0102604539182,0.0223173301027,0.0149976705171,0.0101158740531,0.0100529410612,0.0200254796719,0.0149995761592,0.0150264656762,92.2062243468,119.193176221,158.986881953,143.876247539,0.0150394701097,0.0102695954723,0.0156353609836,211.968158259,122.945989538
2011-05-26 16:00:00,110.385768105,0.0150207262163,0.0200083352427,0.0136798357828,0.0150023605164,0.00233436113543,0.0150129269207,0.0149999667858,92.2063146986,211.968469507,211.969152352,134.473841828,85.4738141388,0.015895282502,0.0251541950104,92.2062607542,0.0198202343027,0.0123874346031,92.2063076484,0.0150002574356,0.0172952751768,92.206229821,147.15206984,211.968515242,143.876251041,0.015139701072,92.2040898016,211.96653295,211.968434948,211.968431442
2011-05-26 17:00:00,110.385792452,0.0344971771318,0.0200430654105,0.0137475385182,0.0150367265071,0.00233274223533,0.0150199757914,0.0149999923933,92.2063347536,211.968471708,211.96916268,166.017055295,85.4738157401,0.0159528633682,0.0251587070894,211.96848505,0.0198282848214,0.0123943873002,92.2063448498,0.0150004974963,0.0187176741417,92.2062334974,147.152071898,211.968572254,177.624994892,0.0171742060332,92.2041143297,211.967315151,211.968457353,211.968331751
2011-05-26 18:00:00,110.385796158,0.0345079419734,0.0246634653776,0.0137603432345,0.0200042360734,0.00233114828016,0.0150317212197,0.0150000056349,92.2063402145,211.968472557,211.969165075,166.017079404,85.4738158647,0.0159601657451,0.0251615185565,211.96839704,0.0198300094104,0.0123981950383,92.206346538,0.015001194628,0.0150490567058,74.6874669333,147.152072273,211.968579904,177.624996231,211.966886753,92.2041178873,211.967361527,211.968442599,122.94624046
2011-05-26 19:00:00,110.385797577,0.034508836828,0.0246596240214,0.0137660808317,73.9870740903,0.00232947080402,0.0150457221212,0.0150000100311,92.2063146662,211.968473042,211.96916408,166.017081592,85.4738166616,0.0159645866107,0.0251623222802,211.968477054,0.0198308385764,0.0123993790075,92.2063469575,0.0150016862192,0.0150070780531,92.2062353027,147.152072442,211.968583669,177.624996608,211.967278301,92.2041196178,211.967371963,211.968412968,122.946035664
2011-05-26 20:00:00,110.385796124,0.034510920615,0.0202882181485,0.0137645237872,73.9870828849,0.00232775785184,0.0150296062169,0.0150000036368,92.2063095863,211.968473027,211.969162161,166.01708245,85.4738163593,0.0159653566235,0.025162093558,211.968529794,0.0198309176021,0.0123991115724,92.2063466013,0.0150039065421,0.0150042435083,92.2062472944,147.152072391,211.968583869,177.624996599,211.967339314,92.2041200387,211.967374299,211.968293354,122.945297668
2011-05-26 21:00:00,110.385790397,0.0345115042926,0.020034966354,0.0137618373686,73.9870839953,0.00232591289156,0.0150318295118,0.0149999982634,92.2063104882,211.968472364,211.96916002,166.01708221,85.4738154473,0.015963495215,0.0251614750078,211.968538128,0.0198308507201,0.0123982367569,92.2063462078,0.015008109231,0.0150154935788,92.2062914655,147.152072304,211.968583226,177.624996578,211.967250428,92.2041200826,211.967369445,211.968048189,92.2096593686
2011-05-26 22:00:00,110.385789045,0.0345114306232,0.0200087696763,0.0137584217005,73.987084346,0.00232416603831,0.0150427856269,0.0149999754373,92.2063064959,211.96847124,211.969156763,166.017081305,85.4738160076,0.0159608193149,0.0251608898647,211.968541596,0.019830407147,0.0123970947123,92.2063457368,0.0150116975852,0.01502776238,92.2062611162,147.152072186,211.968581111,177.62499652,211.967181098,92.204119891,211.967365216,211.967793938,92.2095943199
2011-05-26 23:00:00,110.385787283,0.034511412902,0.0200044993081,0.0137553083924,73.9870848136,0.00232240847462,0.0151076663309,0.0149999866588,92.2063127272,211.968469965,211.969153127,166.017080628,85.4738158274,0.0159602558833,0.0251601385894,211.968543209,0.0198299222261,0.0123957575046,92.2063454022,0.0150133693028,0.0150677033354,92.2062439829,147.152072081,211.96858006,177.624996478,211.9669452,92.2041191808,211.967357414,211.967136012,92.2095643362
2011-05-27 00:00:00,110.385788735,0.0345090914962,0.0200017763133,0.0137527754117,73.9870847722,0.00232074734637,0.0199905769487,0.0150001776513,92.2063185523,211.96846887,211.969154726,166.017079746,85.4738154346,0.0159587179736,0.0251608197493,211.968543788,0.019829374681,0.0123944011574,92.2063440405,0.015015737983,22.7131086732,92.2062409709,147.152071995,211.968578256,177.624996458,211.96740969,92.2041185034,211.967354166,211.966057237,92.2095793389
2011-05-27 01:00:00,110.385789171,0.0345087511938,0.0200027571777,0.0137501275079,73.987085199,0.00231917252133,92.2062660796,0.015000267515,113.834939817,211.968467681,211.969153448,166.017079065,85.4738150048,0.0159569347243,0.0251606668934,211.968544436,0.0198288847285,0.0123933188867,92.206341623,0.0150306421645,22.7128905111,92.2062372516,147.152071882,211.968577782,177.624996439,211.967419455,92.2041176113,211.967323686,92.2090884984,92.2095524781
2011-05-27 02:00:00,110.385792046,0.0345088704693,0.0200045444115,0.0137470886377,73.9870856398,0.00231767424209,92.2063104864,0.0150003413273,113.834950245,211.968465829,211.969150663,166.017078233,85.4738145442,0.0159546342706,0.0251603386859,211.968544494,0.0198283917387,0.0123921761428,92.2063367793,0.0151118217833,22.7131488707,92.2062336658,147.152071793,211.968576451,177.624996416,211.967550737,92.2041168069,211.967274643,92.2084302947,92.2095264889
2011-05-27 03:00:00,110.38580505,0.0345108894949,0.0200067428476,0.0137423241538,73.9870860207,0.00231624130121,92.2063152446,0.0150006212115,113.834951919,211.96846317,211.969147979,166.017077927,85.4738152635,0.0159502715092,0.0251596903951,211.968547944,0.0198276837876,0.0123910891771,92.2063353222,0.0330275799242,52.2141109469,92.2062292851,147.152071668,211.96857505,177.624996522,211.967593324,92.2041152072,211.967183573,113.834800437,92.2095596584
2011-05-27 04:00:00,110.385817484,0.0345092175029,0.0200212524063,0.0137365828599,73.9870866053,0.00231504959933,92.2063164232,0.0150008391561,113.834953669,211.968455857,211.969146183,166.017077244,85.4738155404,0.015945403522,0.0251581141405,211.968548865,0.0198261433851,0.0123895002331,92.2063384773,0.0344696833284,52.2141341923,92.2062248485,147.152071541,211.968576537,177.624996612,211.967615252,92.2041124321,211.966443132,92.2091680299,92.2095593305
2011-05-27 05:00:00,110.385819755,0.034494533188,0.0246749130693,0.0136956777104,73.9870863348,0.0023140507816,92.2063157003,0.0150007096361,113.834951274,0.0139242590359,211.969113476,166.017076554,85.4738160548,0.0159150676119,0.0251390272573,211.968548138,0.0198150042969,0.0123789448898,92.2063377099,0.0344652941597,22.7132945199,92.2062235661,147.152071134,211.96856823,177.624996607,211.967631811,92.2040902923,92.2058429786,92.2071986179,92.2094902769
2011-05-27 06:00:00,110.385809784,0.0151859823456,0.0246660662423,0.0103337891139,73.9870843155,0.00231264102609,92.2063110764,0.0150028904742,113.83494501,0.0100329442533,171.695025536,166.017076259,85.4738166177,0.0104638541314,0.0102200707068,211.968542409,0.0101753905474,0.0100318684169,92.2063020886,0.0330918812742,22.7131677004,92.2062390716,147.15205991,211.968282509,177.624996341,211.96757807,0.0104410634512,92.2056261983,92.2060549177,92.209445719
2011-05-27 07:00:00,110.385787881,0.0150215147367,0.0200770831393,0.010193099714,73.9870802249,0.00231102000611,74.6874781635,0.0150026944225,92.2063166707,0.0100194161628,171.694981847,166.017071745,85.473816343,0.0102121863178,0.0102058228679,211.968409078,0.010144967976,0.0100141922309,0.020012782585,0.0343647623181,22.7130790498,92.2062343126,51.8490987846,171.694518635,177.624995092,211.967004922,0.0103449699361,0.0150278380257,0.0157383142449,92.2093969508
2011-05-27 08:00:00,110.385774684,0.0150136360146,0.0200119644085,0.0100993815444,59.9295432353,0.00230934422328,74.6872060055,0.0150027200609,92.2063119666,0.0100047131231,171.694973294,166.017024428,85.4738165622,0.0101749057167,0.0101613210595,211.968322672,0.0101322388571,0.0100059689894,0.0200081479554,0.0342594216209,22.712998013,92.2062349622,51.8490970121,171.694497007,177.624779983,158.975899663,0.0103093838205,0.0150040707367,0.0152050371473,92.2093800808
2011-05-27 09:00:00,110.385754578,0.0150119501529,0.0200017512519,0.0100216394795,59.929538521,0.00230772419574,92.2063068337,0.0150027816035,92.2063089095,0.0100024454385,171.694966123,134.47382811,85.4738164868,0.0100324725496,0.0100068286301,211.968467284,0.010012086579,0.0100028218179,0.0200028950608,0.0151370508443,17.0772997145,92.2062331753,51.8490839316,171.694455279,143.876246045,158.97579905,0.0100218974643,0.0150041178197,0.0153315524374,92.2095300589
2011-05-27 10:00:00,110.385481033,0.0150100652857,0.0200001891708,0.0100132032261,59.929535866,0.00230611289627,92.2063182568,0.0150029421058,92.2063020767,0.0100022557891,171.694960278,134.473816881,85.4738143946,0.010014076174,0.0100054296448,211.968469018,0.0100058801704,0.0100021203525,0.0200007987805,0.0150261499877,0.0150832912052,92.2062331169,0.0149975164581,158.983676935,143.876244921,158.975822571,0.0100134725194,0.0150159954517,92.2061524394,92.2095874083
2011-05-27 11:00:00,89.4126570251,0.0150099943704,0.0199980968634,0.0100153531572,59.9295318392,0.00230445586677,92.2063148941,0.015003058791,92.2063070036,0.0100029349058,171.694963378,134.473808947,85.4738128557,0.0100139263494,0.0100086032901,211.968351431,0.0100067184931,0.0100021788272,0.0200003499163,0.0150212817222,0.0150175350975,92.206227881,0.0149967237667,158.984291935,143.876243287,158.976126552,0.0100154909092,0.0157607188863,92.2071302055,92.2095962109
2011-05-27 12:00:00,110.385690693,0.0150098527122,0.0200002899993,0.0100379891405,59.9295382085,0.00230283999021,92.2063198924,0.0150037214612,92.2063122792,0.0100057230001,171.694966876,134.473789243,85.4738118466,0.0100253149887,0.0101742840145,211.968139421,0.0100253665818,0.0100031989183,0.0200002676566,0.0150073488211,22.713124661,92.2061715446,48.0084752333,171.694405239,143.876228739,211.967282566,0.0100332178871,92.2057828955,92.2113606638,92.2097080791
2011-05-27 13:00:00,110.385763838,0.0150089219788,0.0199994679939,0.0101486580019,59.9295389389,0.00230112370185,74.6871304891,0.015002177587,92.2063219722,0.0100197586088,171.694975453,124.513794747,85.4738132652,0.0101650449521,0.0102050003329,211.968437745,0.0101386527437,0.0100071005074,0.0200010384363,0.0150100489319,0.0150141179587,0.0150356305382,51.849096096,171.694477594,143.876241633,158.975727042,0.0103294707447,92.2059320381,211.967262388,211.970695755
2011-05-27 14:00:00,110.385759491,0.0150081719881,0.0200077805846,0.0102003597389,59.9295365593,0.0022994421339,74.6871389593,0.0150008734592,211.968302089,0.0100324518837,211.967853927,134.473812021,85.4738133412,0.0102057038737,0.0102152292177,211.968536422,0.0101475785024,0.0100152517051,0.0200023366481,0.0150102719977,0.0150094542908,0.0150116364146,51.8490973838,171.694510705,143.876244283,158.9757022,0.0103506128781,92.2162915494,211.968262396,211.975884344
2011-05-27 15:00:00,110.385779189,0.0150085328918,0.0200369812802,0.0104648923784,59.9295403136,0.00229781353478,74.6871765618,0.0150007743891,211.96835964,0.0128343139297,211.969074444,134.473816723,85.4738130493,0.0103331893479,183.711669121,211.968544276,0.0102432858961,0.0100391047228,0.0200124381954,0.0150059770679,0.0150180149034,0.0150070535295,51.8490994183,171.694678733,143.876244927,158.975797126,0.0105547220507,211.967094689,211.968424977,211.976020738
2011-05-27 16:00:00,110.385783878,0.0150078369566,92.2063014753,0.0145065880528,73.987080935,0.00229624803177,92.206329167,0.015000998972,211.968365368,0.0131974368485,211.969104384,134.473822502,85.473813893,0.015552106162,183.714801095,211.968545839,0.0151484671787,0.0123708597031,92.2063209546,0.015004076734,22.7129649405,0.0150043039232,64.0112371409,223.743811177,143.8762457,158.976071295,211.968445331,211.967313688,211.968469998,211.976026423
2011-05-27 17:00:00,110.385784932,0.0150087615055,92.2063165393,0.0145732265269,73.9870857906,0.00229467169356,211.968520285,0.0150020071741,211.968368522,0.0132029419799,211.969108061,166.017023407,85.4738146547,0.0156255684744,183.714805366,211.96854429,0.0151553932481,0.0123768653498,92.2063466715,0.0150037435856,52.2134580905,0.0150025081144,64.0112389881,223.743934461,177.624981281,211.968367618,211.96848935,211.967344156,211.968485844,211.976021956
2011-05-27 18:00:00,110.385779549,0.0150097723383,92.206361209,0.0145873762658,170.085248761,0.00229291600001,211.968534198,0.0150043823365,211.968371569,0.013205326165,211.969114108,166.017056201,85.4738149643,0.015635553738,183.714807815,211.968546087,0.0151575864011,0.0123810571974,92.2063474954,0.0150028802741,52.2143141967,0.0150016378662,64.0112393568,223.743949503,177.624994237,211.968466893,211.968495315,211.967337052,211.968473624,211.976028671
2011-05-27 19:00:00,110.385771936,0.01500701774,211.968436322,0.0145934138065,170.085250622,0.00229119286592,211.968536932,0.0150042155164,211.968365181,0.0132065236408,211.969109019,166.017057708,85.4738157675,0.0156400088822,183.714808373,211.968545508,0.0151581606175,0.0123822912269,92.2063481811,0.0150041808461,52.2141686053,0.0150016251799,64.0112395125,223.743955371,177.62499457,211.968498712,211.968497032,211.967343824,211.96844143,211.976010288
2011-05-27 20:00:00,110.385776095,0.0150059854619,211.968511456,0.0145924440856,170.085251384,0.00228957149108,211.968537056,0.0150035492989,211.968360931,0.0132068930683,211.969103682,166.017058588,85.4738152535,0.0156415451869,183.714808164,211.968542618,0.0151576710807,0.0123820345299,92.2063487819,0.0150070192935,22.7131699076,0.0150023787072,64.0112395258,223.743957395,177.624994666,211.968499245,211.968495815,211.967346527,211.968362329,211.97596221
2011-05-27 21:00:00,110.385778314,0.0150049715572,92.2065742609,0.0145905232309,170.085251587,0.00228788881536,211.968533389,0.0150027086358,211.968325927,0.0132065695505,211.969095433,166.017058243,85.4738147055,0.0156407787479,183.714808008,211.968547021,0.0151570642722,0.0123810603324,92.2063490425,0.0150102346777,0.0156018557436,0.0150036554867,64.0112394833,223.743956236,177.624994721,211.968502249,211.968495019,211.967330401,211.96827956,211.975920794
2011-05-27 22:00:00,110.385777118,0.0150036669136,92.2063497855,0.0145875066263,170.08525139,0.00228602695127,211.968529428,0.0150012055809,171.694384175,0.0132059196445,211.9690795,166.017057412,85.4738143335,0.0156365967128,183.71480779,211.968548099,0.0151554743367,0.0123803413039,92.2063489441,0.0150132384297,0.0150119421507,0.0150050636269,64.0112394051,223.743953642,177.624994714,211.968509268,211.968493715,211.967317241,211.968167947,211.975836787
2011-05-27 23:00:00,110.38577384,0.015003229936,92.2063274202,0.0145844033073,170.085251381,0.00228422854302,211.968526361,0.0150006698467,171.694380013,0.0132051262433,211.969042016,166.017056373,85.4738142487,0.0156341327717,183.714807556,211.968548365,0.0151543865349,0.012379017212,92.2063487031,0.015014861601,0.015004698686,0.0150061263471,64.0112393398,223.743952858,177.624994706,211.968512208,211.968494419,211.967308755,211.968026984,211.975595393
2011-05-28 00:00:00,110.385769553,0.0150020336429,92.2063177614,0.0145816663532,170.085250886,0.00228252358192,211.968519537,0.015000246837,171.694379749,0.0132044013284,211.969084556,166.017055676,85.4738140808,0.0156240954354,183.714807235,211.968547407,0.0151549276461,0.0123776485879,92.2063476138,0.0150088086797,0.0150014622509,0.0150087776246,64.0112392669,223.743947753,177.624994645,211.968519853,211.968496712,211.967244964,211.967745762,211.967631344
2011-05-28 01:00:00,110.38576353,0.0150026364325,92.2063147237,0.0145789972222,170.085250649,0.00228089555615,211.968508292,0.0150000900176,171.694422084,0.0132034849396,211.969084035,166.017054853,85.473813597,0.0156198721455,183.714806624,211.968546953,0.0151557989952,0.0123767478213,92.2063475809,0.015006911787,0.0150000878132,0.0150194696492,64.0112391808,223.74394897,177.624994631,211.968510744,211.968497203,211.967182491,211.967228061,92.2097003937
2011-05-28 02:00:00,110.385770987,0.0150027988238,92.2063115119,0.0145755082985,170.08525067,0.00227924714816,211.968485155,0.0150000396712,211.967865528,0.0132023710875,211.969074805,166.017053877,85.4738132682,0.0156228349194,183.714805301,211.968546868,0.0151553976187,0.0123759722905,92.206347476,0.0150075891447,0.0149998632563,0.0150378658332,64.0112390811,223.743955111,177.624994571,211.968508371,211.968496504,211.967007247,211.966216599,92.2096362087
2011-05-28 03:00:00,110.385773391,0.015001663929,92.2062873559,0.0145705171057,170.085250599,0.00227784511308,211.968438736,0.0150000229516,211.968282437,0.0132001996032,211.969052178,166.017052906,85.4738127684,0.0156253154868,183.714803392,211.968546891,0.0151549671324,0.0123749022599,92.206347008,0.0150068148349,0.0149999705285,0.0150438926434,64.0112388873,223.743956939,177.624994468,211.968497423,211.968497295,211.966413705,211.95618178,92.2096322165
2011-05-28 04:00:00,110.38577363,0.015000988539,0.0200763069845,0.0145632888243,170.085250359,0.00227639381558,211.968236588,0.0149999551148,211.968334117,0.0131963468378,211.969028958,166.017051441,85.4738126639,0.0156274611668,183.714799777,211.968546498,0.0151543411175,0.012373556934,92.2063463877,0.0150067353663,0.0150000048937,0.0150056566438,64.011238593,223.743959848,177.624994333,211.968473962,211.968496829,92.2058892026,92.2064020149,92.2096116889
2011-05-28 05:00:00,110.385773615,0.0150003831498,0.0200188496023,0.0145222013404,170.085249489,0.00227501221412,92.2063738568,0.0149998979541,211.968289235,0.0114671325737,211.968339831,166.017049147,85.4738109979,0.0156257462426,183.713895574,211.968544056,0.0151501165121,0.0123603257508,92.206345971,0.0150063434224,0.0150001506596,0.0150022249765,64.0112378646,223.743962131,177.624994179,211.968462264,211.968488542,92.2057806245,92.2063630746,92.2095742292
2011-05-28 06:00:00,110.385770861,0.0150013412375,0.0200106195837,0.0113997255137,170.085237278,0.00227352667713,92.2063114665,0.014999882232,171.694378157,0.0100242039119,103.576394972,166.017046115,85.4737946419,0.0153614649364,0.0100507170139,211.968357426,0.0123058612875,0.0100232213674,92.2063296627,0.0150086161847,0.0150006800283,0.0150034480276,0.0149996335661,223.743958962,177.624993724,211.968330875,211.968298375,0.0150905584858,0.179018820822,92.2091128149
2011-05-28 07:00:00,110.385759369,0.0150007273283,0.0199988657985,0.0113015898041,73.9870838647,0.00227222949603,0.0150491167713,0.0149998559005,171.694373145,0.0100118989121,103.57635096,166.01700319,64.1054244795,0.0126900004636,0.0100408896397,171.694525472,0.0122765686115,0.0100115989224,0.0200037715531,0.0150127479562,0.0150002956578,0.0150051003549,0.010022084732,223.743953749,177.624979993,92.2071188582,171.694499621,0.0149995743042,0.0154744768568,92.2087122929
2011-05-28 08:00:00,89.4125490246,0.0150003237807,0.0199882591998,0.0112149378021,0.019996274441,0.00227081520449,0.0150037106992,0.0149998643857,171.694370673,0.0100032595307,103.576317507,134.47353524,64.1052040081,0.0126681762062,0.0100291570534,171.694522851,0.0122729790353,0.0100045846615,0.0199998351615,0.0150136595516,0.0150000238158,0.0150039299875,0.0100203753269,223.743948056,0.0150564496574,92.2067107371,171.694490223,0.0149882694417,0.0150122291591,92.2060667163
2011-05-28 09:00:00,89.4124709558,0.0150004191364,0.0150206798113,0.0108523886564,0.0199841421409,0.00226924203641,0.0149985502952,0.0149998721628,171.694369425,0.0100020131846,0.0201204768177,134.473524699,0.0100324294309,0.0126605896199,0.010005477248,171.694522037,0.0122712478993,0.0100024056968,0.0199982871868,0.0150146214899,0.0149997117763,0.0150033668781,0.0100023160372,223.743917198,0.0150544471236,92.2065922827,171.694490639,0.0149849914106,0.0149981810959,0.0199965955965
2011-05-28 10:00:00,89.4124505163,0.0150009659733,0.0150014158707,0.0100677129966,0.0192920334979,0.00226754904378,0.0149939993542,0.014999873039,171.694370456,0.0100019116566,0.0200271961164,124.513035851,0.0100082256746,0.0126560756202,0.0100040178192,171.694522546,0.0122677244802,0.010001964969,0.0199961828704,0.0150138546827,0.0149994664962,0.0150027235161,0.0100008577706,211.968504309,0.01503479318,92.206212567,171.694491607,0.01498739693,0.0149942703801,0.0199230835794
2011-05-28 11:00:00,82.7964753002,0.0150021253467,0.0150010930857,0.0106765853812,0.0150007273241,0.002265927836,0.0149925575446,0.0149998605683,171.694372543,0.0100025334909,0.0199980314398,0.0101422854931,0.0100073693886,0.0126462927127,0.0100039729878,171.694522864,0.0122689667473,0.0100022531379,0.0199957124562,0.0150155964186,0.0149993044579,0.0150030918788,0.0100007129676,181.232614249,0.0100023711619,0.0157667176169,171.694498219,0.0149916225094,0.0149988032476,0.0200400824783
2011-05-28 12:00:00,82.790092151,0.0150040351593,0.0150233350341,0.0112602853194,0.0150003080078,0.0022642583472,0.0149966297552,0.0149999049806,171.694375256,0.0100040900622,103.57600963,134.47349999,0.0100095695715,0.0118822309956,0.0100101007211,171.694524259,0.0122730638553,0.0100033115818,0.0199975670404,0.0150097140343,0.0149999099311,0.0150043581254,0.01000140345,181.23261184,0.0100021137159,0.0153568377294,171.694498995,0.0150001565243,0.0150108347455,0.0227393005917
2011-05-28 13:00:00,82.7894089737,0.0150067012304,0.0199841240605,0.0112863851251,0.015000468306,0.00226264979736,0.014998856654,0.01499981358,171.694390792,0.0100128424893,103.576335643,134.473522912,0.0100273881157,0.0122777948574,0.0100395254861,171.694524935,0.0122768333664,0.0100076923365,0.0199997603821,0.0150228953726,0.0149999489839,0.0150082439948,0.0100185670875,181.232601102,0.0100091072245,0.0343372506714,171.694521484,0.0150108001478,0.0151877582641,92.2087171887
2011-05-28 14:00:00,82.7894075459,0.0150085247644,0.0199972090678,0.0113134442121,0.0150022449561,0.00226109184786,0.0150010762524,0.0149998260123,211.968485163,0.0100247485579,103.576367125,134.473525564,64.1051842459,0.0126570776819,0.0100492810993,171.69464549,0.0122876928108,0.0100149580092,0.0200001507856,0.0150416971952,0.0150002825869,0.0150152212533,0.0100211399334,181.232597394,0.0150525376781,92.2065640845,211.968217778,0.0150371614397,0.0174848988903,92.2092911446
2011-05-28 15:00:00,89.4124587759,0.0150107714464,0.0200021921255,0.0115816907204,0.0199828714954,0.00225967288153,0.0150051845596,0.014999895177,211.968495358,0.0104718230302,211.968111522,134.473527774,64.1052486528,0.0142098601756,0.0214890411067,211.968493451,0.0149884083184,0.0100389161306,0.0200025961332,0.0150621848453,0.0150004893383,0.0150153172788,0.0100238801196,181.232624121,0.0150547435457,92.2066894015,211.968465846,92.2042804074,92.2062396455,92.2098734776
2011-05-28 16:00:00,110.385693877,0.0150144848869,0.0200632841342,0.0148165290366,0.0199973205341,0.00225812067855,0.0150259609519,0.0150000288035,211.968501584,0.0127852111786,211.968632386,134.473531347,85.4737404264,0.0156311806454,0.021668773619,211.968536721,0.0151491137348,0.0123796718971,0.0241313190253,0.0152709364441,0.0150010369025,0.0150114391232,0.0149747433636,223.741998871,0.0150565946942,92.2069007257,211.968491163,92.2058141992,92.2155959949,211.975747042
2011-05-28 17:00:00,110.385763432,0.0150242033242,92.2062552331,0.0148580714856,73.9870845241,0.00225654085051,0.020021163764,0.0150002979687,211.968513372,0.0127904516467,211.968645097,166.015949064,85.4738001264,0.0156432099614,0.021672285042,211.968541397,0.0151564712876,0.0123873958021,92.2063467827,0.0197081064397,0.0150016355689,0.0150077794424,0.0149804772675,223.743936596,77.2668307349,211.964382576,211.968498969,92.2059257638,211.967786685,211.975982154
2011-05-28 18:00:00,110.385765771,0.015048146509,92.2062792165,0.0148708358455,73.9871162211,0.00225490811887,0.0200418755165,0.015001355565,211.968509964,0.0127928299643,211.968659156,166.016703082,85.4738061967,0.0156481362688,0.0216746929729,211.968541696,0.0151589742127,0.0123915621248,92.2063485356,0.0198781661214,0.0150037315627,0.0150086398962,0.0149810061288,223.743939814,77.2668373299,211.964478603,211.968502655,92.2058414045,211.9681675,211.976030394
2011-05-28 19:00:00,110.38576703,0.015044388385,92.2062804206,0.0148744667538,73.9871232214,0.00225318078674,0.0200482466938,0.0150027727157,211.968502631,0.0127940217974,211.968652621,166.016705368,85.4738101754,0.0156499468392,0.0216751076375,211.968541742,0.0151595725556,0.0123926221682,92.2063493997,0.0155278237969,0.0150011700189,0.0150141886553,0.0149812602069,223.74393997,77.2668379296,211.964511703,211.968502416,92.2058526346,211.968251007,211.976045419
2011-05-28 20:00:00,110.385766702,0.0150359579735,92.2062720604,0.0148733903872,73.9871251849,0.00225145433025,0.0200507545461,0.0150038532212,211.968496279,0.0127943004431,211.968648723,166.016706801,85.4738108898,0.0156499315855,0.0216747785961,211.968541102,0.0151596079864,0.0123925892639,92.2063492939,0.0150562148742,0.0149996495511,92.1986268289,0.014981306094,223.743935387,77.2668381294,211.964522795,211.968501134,92.2058783563,211.968232768,211.976029113
2011-05-28 21:00:00,110.385763868,0.0150295988357,92.2062774402,0.0148716544923,73.9871253583,0.00224980345011,0.0200521003948,0.0150039725835,211.968491372,0.0127941721678,211.968645757,166.016706841,85.4738104122,0.0156482828354,0.0216742785506,211.968540156,0.0151594303657,0.0123921662,92.2063487759,0.0150370410857,0.0149990938846,92.2062048877,0.0149812967435,223.743930168,77.2668381923,211.964524789,211.968499563,92.2059082873,211.968099642,211.975992393
2011-05-28 22:00:00,110.385761557,0.0150240516427,92.2062842784,0.0148688917208,73.9871246795,0.00224808756473,0.0200522480173,0.0150024896593,211.968476179,0.0127935375882,211.968642244,166.016706458,85.4738114986,0.0156456846518,0.0216737191151,211.968539225,0.0151589609132,0.0123911918387,92.2063483921,0.0150224365972,0.0149987565726,92.2062281408,0.0149812490172,223.743921857,77.2668382068,211.964530451,211.968497844,92.2059132842,211.968040381,211.975932899
2011-05-28 23:00:00,110.385758652,0.0150214614527,92.2062938096,0.0148656974497,73.9871246837,0.00224639668979,0.0200522230239,0.0150007515739,211.968427255,0.0127927007781,211.968638807,166.016706042,85.4738120984,0.0156440601066,0.0216730394545,211.968538446,0.0151583819654,0.0123901254143,92.2063482797,0.0150103067282,0.0149986695862,92.2062353959,0.0149811890183,223.743924867,77.26683819,211.964528536,211.96849561,92.2059137275,211.967959735,211.975845613
2011-05-29 00:00:00,110.385756742,0.0150186137741,92.2063114912,0.0148631768971,73.9871239657,0.00224467764979,0.0200486724181,0.0150001971748,211.968373805,0.0127917766672,211.96863556,166.016705371,85.4738117291,0.0156413244409,0.0216721880118,211.968537096,0.0151577581025,0.0123893943038,92.2063480511,0.01500043342,0.0149985566741,92.206238285,0.0149811150737,223.74391972,77.2668381823,211.964515833,211.968495391,92.2059294362,211.967882631,211.975863021
2011-05-29 01:00:00,110.385753415,0.015015555278,92.2063131213,0.0148608239389,73.9871238449,0.0022429636242,0.0200468748091,0.0149999871645,211.968319063,0.012790826264,211.968631581,166.016704799,85.4738111162,0.0156382830486,0.0216711159143,211.968535595,0.0151573946027,0.0123886145803,92.2063484787,0.0149996410398,0.0149986278028,92.2062392852,0.0149810397069,223.743913504,77.2668381507,211.964492788,211.968493211,92.2058903392,211.96774841,211.975735462
2011-05-29 02:00:00,110.385750936,0.0150119279295,92.206300784,0.0148579908539,73.9871234912,0.00224131979971,0.0200447201419,0.0149998941505,211.967873087,0.01278965589,211.968627279,166.016704225,85.4738100108,0.0156347196956,0.0216693654665,211.968532928,0.0151567156699,0.0123878248766,92.2063491853,0.0149992463015,0.0149988677036,92.2062406382,0.0149809298101,223.743904953,77.2668380943,211.964477436,211.96849022,92.2058644362,211.967625291,211.975505615
2011-05-29 03:00:00,110.385747587,0.0150089660044,92.2062830448,0.0148526395768,73.9871230749,0.00223973654752,0.0200385301858,0.014999854271,211.967369747,0.0127875323853,211.968621438,166.016703418,85.4738093128,0.015629265761,0.0216674359308,211.968530947,0.0151552407027,0.0123870862912,92.2063490215,0.0149993207169,0.0149991067072,92.2062417003,0.0149807358118,223.743893468,77.2668380133,211.964447025,211.968485253,92.2058278703,211.967441329,211.970625014
2011-05-29 04:00:00,110.385743473,0.0150053270746,58.5697246981,0.0148441904035,73.9871224934,0.00223817566799,0.0200115583706,0.0149998040649,92.2064486694,0.0127823947651,211.968613193,166.01670216,85.4738083747,0.0156197138703,0.0216624896704,211.968526866,0.0151522436607,0.0123855635812,92.2063483706,0.0149992383414,0.0149992150512,92.2062411098,0.0149804042078,223.743876103,77.2668378521,211.964384503,211.968474647,92.2058059519,211.967041165,211.968464601
2011-05-29 05:00:00,110.38572255,0.0150024755462,0.0200151950749,0.0148260074054,73.9871217745,0.00223670554383,0.019998272612,0.014999774154,92.2063210474,0.0101336388848,211.968439099,166.016699628,85.4738057071,0.0155648940044,0.0202037262048,211.968501931,0.0151374261059,0.0123823974853,92.2063471417,0.014999437644,0.0149991143554,92.2062362952,0.014979605207,223.743785856,77.266837646,211.964120507,211.968422621,92.2056676002,92.2078340079,211.96713317
2011-05-29 06:00:00,0.0101481364291,0.0150030590158,0.0200140444042,0.0146754864704,73.9870872108,0.00223535395712,0.0199770640233,0.0149997946241,92.2063144145,0.0100232722052,103.576331493,166.016695008,85.4737632025,0.0101390510014,0.0100705509909,0.0149103101203,0.0100897877284,0.0123291732882,92.2062775842,0.0150001083503,0.0149992353717,0.0150585937572,0.010035784723,0.0103424388765,77.2668370184,92.2067932368,69.1535786388,0.0150430910501,92.2062823993,158.98566803
2011-05-29 07:00:00,0.0100353086218,0.0150006331463,0.020010295466,0.0119524482383,73.9870836849,0.00223397768522,0.0162612948159,0.0149998003934,92.206297407,0.0100115151994,103.576260586,166.016631253,0.0152597636468,0.0100563757521,0.0100589414219,0.0146823364622,0.0100660541612,0.010049199515,0.0200009976126,0.0150007827078,0.0149992032965,0.0150086412744,0.0100039557177,0.0101641389993,77.2668076482,92.2065868883,69.153342601,0.0150075547395,92.2061930961,211.968628114
2011-05-29 08:00:00,0.0100079889519,0.0149997595973,0.0200066754924,0.011887744435,59.9295624835,0.00223260655758,0.0162387949255,0.0149998265503,0.0200258705509,0.0100033598644,103.576083789,0.0149749523831,0.0151571346602,0.0100305550708,0.0100476000876,0.0146754752087,0.0100576407951,0.0100318763318,0.0199995065453,0.0150019242944,0.0149991443749,0.0150065899101,0.0100021930939,0.0101272057528,0.0150016284188,92.2064932626,69.1533280087,0.0149926411233,92.206345381,211.968553919
2011-05-29 09:00:00,0.0100030582454,0.0149994876914,0.0200026389757,0.0118433610915,59.929557408,0.00223105831166,0.0162377814147,0.0149998486902,0.0198716827933,0.0100020733085,0.0112455511483,0.0149562881484,0.0100216413119,0.0100101184794,0.0100056899342,0.0100454027861,0.0100170713959,0.0100263495547,0.0199982481318,0.0150033799867,0.0149989224327,0.0150059955761,0.0100007696825,0.0100418102156,0.0149997712958,92.2064903032,69.1532874062,0.0149929819365,92.2063141249,211.96813514
2011-05-29 10:00:00,0.0100021665831,0.0149992343393,0.0200016091725,0.0109541761978,55.490349146,0.00222950220053,0.0162347707143,0.0149998511649,0.0150022863567,0.0100018630327,0.0100180545446,0.0149422895793,0.0100079767358,0.0100057292754,0.0100041855557,0.0100069933673,0.0100083907256,0.0100182907526,0.0199927303263,0.0150035972742,0.0149988271306,0.0150132418965,0.010000524035,0.0100234517964,0.0149932341116,92.2065151037,0.0148416512071,0.0149956585418,92.2063520578,211.968383954
2011-05-29 11:00:00,0.0100020778751,0.0149991380402,0.0200015540898,0.0100327690293,0.0199932207214,0.00222788295208,0.0162325623687,0.0149998519773,0.0150089234167,0.0100023198761,0.0100190700445,0.0145258737175,0.0100092378053,0.0100048890178,0.0100045997788,0.0100063521348,0.0100117710742,0.0100132918539,0.0199631932258,0.0150041145915,0.0149987430715,0.0150086579162,0.0100005320603,0.0100181656067,0.010006571289,92.2064852492,0.0100197331823,0.0150001139234,92.2064749989,211.975780602
2011-05-29 12:00:00,0.0100021845936,0.0149994621755,0.0200025274329,0.0100345542944,0.0199885646296,0.00222629059326,0.0161710954951,0.0149998491244,0.0199991238469,0.0100048801606,0.0199848851217,0.0100175597442,0.0100117634206,0.0100068336066,0.0100141367514,0.0100160556654,0.0100241631219,0.0100149159875,0.0199894779036,0.0150043100019,0.0149989118626,0.0150070954469,0.0100006515259,0.0100241080839,0.0100028844333,92.2064635603,0.0100447584709,0.0150108955877,92.2080189151,211.974769863
2011-05-29 13:00:00,0.0100035350906,0.0149996941823,0.0200016704542,0.0111724444566,0.0199939262942,0.00222465661259,0.0149993655518,0.0149998124114,92.206295366,0.0100163827873,103.576250224,0.0100197299703,0.0100370638804,0.0100205950858,0.0100559130332,0.0146735848501,0.0100579185278,0.0100233359329,0.0199985036291,0.015005270791,0.0149988487005,0.0150060753338,0.0100012453144,0.0100859797314,0.0148970647045,92.2063408611,69.1532813426,0.0150539655529,113.834692417,211.968063289
2011-05-29 14:00:00,0.0100178482414,0.0150000935815,0.0200006410295,0.0118714253436,55.4903621047,0.00222315019506,0.0150020651046,0.0149998322738,92.2063099074,0.010029451303,103.576297838,0.0149379681094,0.0151621157583,0.0100509934313,0.0100653600191,0.0146806436714,0.0100661385501,0.0100314150928,0.0199993910266,0.0150096788065,0.0149989155355,0.0150092977937,0.0100030648197,0.0101517105038,0.0149978618165,92.2065168496,69.1533327496,0.0151378540188,113.834874092,211.965788357
2011-05-29 15:00:00,0.0100603744601,0.0150004327085,0.0200010950044,0.0119152164561,59.9295626167,0.00222163859841,0.0155693512698,0.0149999093789,92.2063760964,0.0122399187242,211.968521814,0.0149535693162,0.0152277402277,0.010091900095,0.024511231157,0.01469946718,0.0100916658712,0.0100505735536,0.020000715665,0.0150313169601,0.0149991242416,0.0150177797791,0.0100049921168,0.0102119396884,0.0150000044654,92.2066377422,69.1533655032,92.2039735098,113.834573115,211.969731046
2011-05-29 16:00:00,110.38559274,0.0150009418083,0.0200033718718,0.0146815442207,73.9870847123,0.00222015604053,0.0162941323643,0.0150000717447,211.968473207,0.014728083052,238.106538888,0.0149612674243,85.4737336645,0.0132087904172,0.0247483587793,0.0538922936266,0.0197504786206,0.0123822494376,0.0200271293573,0.0150728573218,0.0149995681728,0.0150160361464,0.0150213576929,211.967954921,0.015001864354,92.2073914801,92.2042690769,92.2055351092,113.834716465,211.975704215
2011-05-29 17:00:00,110.385740257,0.0150016003013,0.0200465377626,0.0147255556989,170.085247222,0.00221854975579,92.2063283039,0.0150006546556,211.968488311,0.0147348388174,238.106563584,0.0151098830987,85.4738016734,0.013281817906,0.0247522493653,0.0539144695457,0.0197609768576,0.0123891451484,92.20634822,0.0342624526621,0.0150002905442,0.0150073606245,64.0110592856,211.968098973,177.624850024,211.967579461,92.2042923394,92.2057299399,113.834947501,211.975827203
2011-05-29 18:00:00,110.385748542,0.0150007005676,92.2063104683,0.0147349839773,170.085251568,0.00221707837593,211.968491685,0.0150123632011,211.968498728,0.014737682379,238.106572799,166.016925226,85.4738079151,0.0132903445494,0.0247545556291,0.0539162581369,0.0197637668677,0.0123928153996,92.2063500915,0.0345298166152,0.015001731419,0.0150044469818,64.0110601842,211.968110811,177.624931456,211.967692738,92.2042968,92.2056382002,113.834920437,211.975864454
2011-05-29 19:00:00,110.385754076,0.0150009006167,92.2063130828,0.0147393467675,170.085252303,0.0022154495443,211.968521919,211.968260091,211.968490755,0.0147390431917,238.106574069,166.016935694,85.4738110943,0.0132949857019,0.0247550546696,0.0539176872668,0.0197650672487,0.0123939815625,92.2063503018,0.0345787881452,0.0149997105158,0.0150035019169,64.0110605703,211.968117041,177.624932352,211.967734426,92.204298713,92.2055863233,113.834602483,211.975871021
2011-05-29 20:00:00,110.385755083,0.0150015283374,92.2063166261,0.0147382043948,170.085253258,0.00221377813347,211.968531552,211.968491612,211.968476782,0.0147394644436,238.106573621,166.016938992,85.4738116657,0.0132967586881,0.0247546644903,0.0539181380099,0.0197652711236,0.0123938873477,92.2063577806,0.0345908489344,0.0149989107022,0.0150066803533,64.0110606701,211.968118867,177.624932596,211.967759066,92.2042992445,92.2056263756,113.828278025,211.975786177
2011-05-29 21:00:00,110.385754058,0.0150013963932,211.96846208,0.0147347470869,170.085253551,0.00221206371137,211.968536288,211.968496112,211.96847393,0.0147392035459,238.106571368,166.016939801,85.4738105806,0.0132951835402,0.0247540187965,0.0539184315978,0.0197651070336,0.0123931476193,211.968502654,0.0345996922298,0.0149985320622,0.0150130118705,64.0110606737,211.968118505,177.62493273,211.967765223,92.2042992018,92.2056485078,92.206390316,211.975553798
2011-05-29 22:00:00,110.385752312,0.0150012479556,211.968528042,0.0147311028933,170.085253185,0.00221020071676,211.968538144,211.968497511,211.968467827,0.0147383585911,238.106568567,166.016939885,85.4738108414,0.0132928134994,0.0247532388254,0.0539187092239,0.0197648349876,0.0123919999586,211.968554473,0.0345946861381,0.0149983969294,0.0153555689517,64.0110606503,211.968119649,177.624932793,211.967764631,92.2042990481,92.2056411542,92.2062934452,211.974543284
2011-05-29 23:00:00,110.385750665,0.0150014562282,211.96853575,0.0147276250083,170.085253134,0.00220849599152,211.968539478,211.968498107,211.968430325,0.0147376278167,238.106565853,166.016939813,85.4738117412,0.0132924019683,0.0247523809667,0.0539187611917,0.0197645597446,0.01239049275,211.968574705,0.0345948869998,0.0149985066218,92.2062251401,64.0110606139,211.968118931,177.624932851,211.967765448,92.2042985083,92.2055787989,92.2062411357,211.968506651
2011-05-30 00:00:00,110.38574971,0.0150024173446,211.968536979,0.014724710071,170.085252907,0.00220693617472,211.968539179,211.968498036,171.694488392,0.0147367155693,238.1065609,166.016939735,85.4738117241,0.013291531384,0.0247520643246,0.0539186999457,0.019764084954,0.0123890559751,211.968606494,0.0345852905298,0.014998587634,92.2062268383,64.0110605929,211.9681183,177.624932849,211.967759462,92.204297881,92.2056292747,92.2062451947,92.2111492151
2011-05-30 01:00:00,110.385748429,0.0150023679982,211.968537822,0.0147215394159,170.085252598,0.00220531721503,211.968540595,211.968498469,171.694623844,0.014735969816,238.106560471,166.01693953,85.4738116905,0.0132904528411,0.0247513577199,0.0539184758017,0.0197636450206,0.0123880347064,211.968611024,0.0345861868151,0.0149986179302,92.2062373739,64.0110605641,211.968117298,177.624932913,211.967744175,92.2042971462,92.192751096,92.206198642,92.209853784
2011-05-30 02:00:00,110.385748519,0.0150014833225,211.968538456,0.0147176364032,170.085252582,0.00220365037991,211.968541022,211.968499231,211.968327302,0.0147349158663,238.106560739,166.016939332,85.4738115392,0.0132891563312,0.0247507475302,0.0539183204883,0.019763161129,0.0123870245528,211.968613738,0.0345867625914,0.014998951605,92.2062446971,64.011060533,211.968115699,177.624932938,211.967737202,92.2042960686,0.0150882207787,92.2059730976,92.2096956561
2011-05-30 03:00:00,110.385751514,0.0150009892069,211.968538238,0.0147123813122,170.085252675,0.00220225904191,211.968540615,211.968499588,211.968456919,0.0147340436917,238.106561054,166.016939227,85.4738117841,0.0132865851986,0.0247501425725,0.053918504168,0.0197626658625,0.0123864396438,211.968615676,0.0345866001802,0.0149996571623,92.2062685073,64.0110604826,211.968110779,177.624933003,211.967726229,92.2042947238,0.015034805559,92.2058045133,92.2097125118
2011-05-30 04:00:00,110.385754516,0.0150007998858,211.968538143,0.0147048408285,170.08525306,0.00220115606674,211.96854056,211.968499154,211.968465932,0.0147312905797,238.106560985,166.01693893,85.4738126765,0.0132847908586,0.0247488430717,0.0539178686003,0.0197621090101,0.0123858925248,211.968617278,0.0345852282195,0.0150001342086,211.968312678,64.0110604688,211.968110732,177.624933043,211.967722173,92.2042924492,0.0150248720305,0.019914928344,92.2097144411
2011-05-30 05:00:00,110.385748407,0.0150007367107,211.968538009,0.0146546467656,170.085253309,0.00220015123728,211.968540751,211.968497161,211.968462538,0.0147078494963,238.106526868,166.016938778,85.4738136558,0.0132690513407,0.0247331187248,0.0539144012241,0.0197545347504,0.0123760548768,211.968618019,0.0345852828858,0.0150001081199,211.968359035,64.0110602768,211.96809581,177.624933016,211.967693713,92.2042745197,0.0150143467672,0.0162981390778,92.2095948947
2011-05-30 06:00:00,110.385583175,0.0150004569659,211.96853563,0.0103895184706,170.085252173,0.00219875064492,211.968530283,211.968499599,92.20632929,0.0119184666908,178.580214834,166.016938661,85.4738099296,0.0102022657858,0.020045055261,0.0235219386534,0.0101112333695,0.0100341068952,211.968614653,0.0345833964409,0.015000643086,211.968373288,64.0110562405,211.967362275,177.624932648,211.967440278,0.0102847554506,0.0150092880105,0.0150306481293,92.2095262233
2011-05-30 07:00:00,0.0149775280778,0.0150000431742,211.968475175,0.0102444194541,170.08524863,0.00219712701554,92.2066270043,211.968493837,92.2061026785,0.0119061859951,178.580116509,166.016935682,85.4737767401,0.0101014545419,0.0200372866237,0.0142664410181,0.0100859326742,0.0100188159306,211.968558701,0.0345735216186,0.0150006659625,211.968370864,48.0083259467,158.976406545,177.62492992,92.2071633622,0.0101755109934,0.0150108527152,0.0150300123678,92.2093802537
2011-05-30 08:00:00,0.014941075578,0.014999688968,92.2064063011,0.0100969208509,73.9870876619,0.00219552494845,92.2064967402,158.976585042,74.6871179061,0.011897746821,103.576647737,166.015094164,64.105404904,0.0100643651803,0.0199929200779,0.0142584784615,0.0100732575653,0.0100107057031,158.976463263,0.0343180498341,0.0150010873869,211.968368425,48.0083242884,158.976369774,143.876156542,92.2068809991,0.0101431129078,0.0150099556085,0.0150312818299,92.2087303822
2011-05-30 09:00:00,0.0100475651156,0.0149996381565,92.20631713,0.0100189264597,73.9870838856,0.00219394913193,92.2063226155,158.976439862,74.6871017954,0.0116103347526,103.576375528,134.473718007,64.1053666232,0.010017894496,0.0100176783248,0.014239953681,0.0100100800631,0.0100041920737,92.2063520881,0.0150650916815,0.0150014045812,211.968366685,48.0081959552,158.97572979,143.876153924,92.2067353112,0.0100152946951,0.0150090046389,0.0150282848304,92.2092319454
2011-05-30 10:00:00,0.0100091457183,0.0149992163715,92.2063132553,0.0100119889576,59.929547912,0.00219234832213,92.2062987987,92.2063013315,69.1546490258,0.0102834733812,103.576369826,134.473711631,64.1052232096,0.0100105220933,0.0100125304815,0.0100249252693,0.0100059579893,0.0100028772326,92.2063486352,0.0150255432381,0.0150019840782,211.968363374,0.0100018347513,0.0100725947069,143.876146957,0.0153738171934,0.0100092749629,0.0150093787881,0.0150811002096,92.2094654858
2011-05-30 11:00:00,0.010007829005,0.0149988564838,92.2063070919,0.0100125420408,59.9295416965,0.00219071559219,0.0150238923178,92.2063024317,0.0200658479638,0.0112321674912,103.5764397,134.473697202,64.1052497589,0.0100100506827,0.0199703241554,0.0100169954041,0.0100065046538,0.0100029430496,92.2063478876,0.0150054744734,0.0150030119439,211.968362768,0.0100020470829,0.0100490162602,77.2668237627,0.0150397645661,0.010009877529,0.0150110791196,0.0164972318499,92.2095395781
2011-05-30 12:00:00,0.0100177428643,0.0149986262596,92.2063036055,0.0100226936945,55.490544944,0.00218917519678,92.2062191183,211.968499757,69.1549237611,0.0117720138983,178.579933327,134.473452429,64.1053395058,0.0100170187099,0.0200340421148,0.0140459685529,0.0100192413963,0.0100040797868,92.2063476242,0.0149997817768,0.01515338219,211.96835963,0.0150168519383,0.0105133581681,143.876095637,92.2061337089,0.0100223025188,0.015008803474,0.0168602227157,92.2096077454
2011-05-30 13:00:00,0.0149148648655,0.014998447936,92.2063151188,0.0102105288753,59.9295362876,0.00218759677427,92.2062672845,211.968499512,74.6871103065,0.0119035031014,178.580115831,134.473711352,64.1053593725,0.0100669812737,0.0200398293358,0.0142550602011,0.0100797395437,0.0100105058929,92.2063485225,0.0150005424789,22.7131593607,211.968355952,48.0083231575,158.976351752,143.876152303,0.0202746086689,0.0101582780547,0.0150041460439,0.0231349326373,92.2097688657
2011-05-30 14:00:00,0.0149587013487,0.0149989486036,92.2063232538,0.0102631755695,59.9295420118,0.00218600734346,92.2063102253,211.968482259,74.6871165159,0.011918101962,178.580148657,134.473700604,64.1054028617,0.0101023123749,0.0200545901847,0.0142605147591,0.0100887752319,0.0100205703492,158.971946561,0.0150010018844,52.2141741512,92.2098682191,48.0083251545,158.976392,143.876153291,92.206546405,0.0101782001183,0.0150109393468,92.206414955,211.967556176
2011-05-30 15:00:00,0.0150074222954,0.0150003518958,92.2064301718,0.0105125704301,59.9295435543,0.0021843729301,92.2067194392,211.968476726,92.2062909194,0.0150767388594,238.106529733,134.473714664,85.4737184903,0.0102112587311,183.71491453,0.0142718540356,0.0101766562262,0.0100519591592,211.968473857,0.0150040848612,52.2142892733,92.2062637969,48.0083283999,158.976473567,143.876153898,92.20689659,0.0103534982476,0.0152710599516,211.968119863,211.968599959
2011-05-30 16:00:00,110.385633135,0.0150081771767,211.968525003,0.013749320191,73.9870307164,0.00218277632782,211.968468519,211.96849224,92.2063178446,0.0151324369848,238.106685491,134.473721444,85.4738050182,0.017203026372,183.714949203,0.0176050482101,209.507394542,0.0123815388961,211.968612422,0.0150155657075,52.2143019393,92.2062470285,147.152070475,211.968482283,143.87615486,211.966882631,92.205146344,211.96646992,211.968491349,211.974214996
2011-05-30 17:00:00,110.385705902,0.0150168766215,211.968538908,0.0138068793928,73.9870843144,0.00218117532495,211.968514478,211.968498987,92.2063214438,0.0151373765231,238.106697091,166.015280578,85.4738128565,0.0172621958206,183.71495296,0.0176147739712,209.507404077,0.0123888960453,211.968617588,0.0150534103741,52.2143043962,92.2062492499,147.15207593,211.968546098,177.624879579,211.968341356,92.2051710046,211.967345169,211.968550485,211.975874809
2011-05-30 18:00:00,110.385711908,0.015028660324,211.968539439,0.013818354462,73.9870895851,0.00217961515458,211.968426897,211.968503896,92.2063220526,0.0151393359896,238.106705179,166.01697696,85.4738135113,0.0172696416535,183.714955221,0.0176154083096,209.507406331,0.0123929482505,211.968617335,0.0345171916426,52.2143035143,92.2062477032,147.152076478,211.968554062,177.624882518,211.968461918,92.2051749848,211.967357773,211.96855358,211.970745496
2011-05-30 19:00:00,110.385714968,0.0150338884699,211.968538349,0.0138245264907,73.9870897118,0.00217800489235,211.968517614,211.968504774,92.2063226078,0.0151402398819,238.106702831,166.016981838,85.4738147674,0.0172742842136,183.714955744,0.0176152957636,209.507407428,0.0123944634743,211.968617267,0.0346072071379,52.214299699,92.2062435154,147.152076733,211.968558839,177.624882875,211.968503504,92.205176916,211.967373023,211.968555643,211.968773418
2011-05-30 20:00:00,110.385714724,0.015117717143,211.968537681,0.0138229863324,73.9870894543,0.00217631903392,211.968534142,211.968504787,92.2063206659,0.0151406597907,238.106701181,166.016984039,85.4738145882,0.0172751514764,183.714955464,0.0176148382681,209.507407621,0.0123943342022,211.968616901,0.034611864413,52.2142903417,92.2062431524,147.152076749,211.96855947,177.624882949,211.968530247,92.2051773464,211.967383228,211.968507991,211.96859229
2011-05-30 21:00:00,110.385713211,0.0165843211745,211.968538918,0.0138203107139,73.9870892407,0.00217446495363,211.968536595,211.968504712,92.2063179708,0.015140295935,238.106699106,166.016984517,85.4738137913,0.0172734247785,183.714955163,0.0176153370336,209.507407633,0.012393471747,211.968616175,0.0346117353271,52.2142500031,92.2062432862,147.152076719,211.968558238,177.624882919,211.968539465,92.2051772163,211.967377363,211.968443451,211.968385623
2011-05-30 22:00:00,110.385711847,0.0344347294748,211.968537732,0.0138163724062,73.9870872778,0.00217264845259,211.968535755,211.968504023,92.2063154143,0.0151392641778,238.106696387,166.016984415,85.4738142434,0.0172708821255,183.714954766,0.0176159077551,209.507407403,0.0123922684094,211.968613742,0.034604694363,52.2141279817,92.2062428637,147.15207665,211.968555968,177.624882835,211.968541709,92.2051768022,211.967377397,211.968376769,211.967791741
2011-05-30 23:00:00,110.385710543,0.0344870456668,211.968536909,0.0138135125825,73.9870858637,0.0021708546439,211.968534281,211.968503274,92.2063150667,0.0151384552755,238.106694102,166.016984211,85.4738142553,0.0172701998551,183.714954338,0.0176162315761,209.507407056,0.0123910098028,211.9685995,0.0345984000738,52.2090579507,92.2062424284,147.152076599,211.968558642,177.624882775,211.968550623,92.2051761612,211.967369144,211.968292843,211.966821537
2011-05-31 00:00:00,110.385706805,0.0344960466309,211.968537256,0.0138106476649,73.9870846666,0.00216921798243,211.968535095,211.968500204,92.2063158337,0.015137670556,238.106690442,166.016984219,85.4738139521,0.0172687544106,183.714954211,0.0176161327678,209.507406406,0.0123897608523,211.968556991,0.0345847335454,22.7131686687,92.2062412378,147.152076551,211.96855778,177.624882768,211.968548798,92.2051751797,211.967342885,211.96813164,158.972953435
2011-05-31 01:00:00,110.385704251,0.0344947569033,211.968514047,0.0138082760145,73.9870847658,0.0021676205472,211.968533826,211.968501591,92.2063154678,0.0151366713232,238.106688768,166.016983912,85.4738136419,0.0172672211845,183.714953812,0.017615553209,209.507405968,0.0123887730107,211.968558736,0.0345440949506,22.7131501666,92.2062431947,147.152076523,211.968556798,177.624882849,211.968527409,92.2051743663,211.967310867,211.96793676,211.961739505
2011-05-31 02:00:00,110.385706954,0.0344987187434,171.694616676,0.0138051421056,73.9870852932,0.00216604387123,211.968532349,211.96850197,92.2063137103,0.015135555247,238.10668796,166.016983597,85.4738132452,0.0172650961562,183.714953106,0.0176155704589,209.507405431,0.0123878862305,211.968560677,0.0342833461131,22.7131301887,92.2062413754,147.152076477,211.968555692,177.624882867,211.968508415,92.2051731273,211.967301148,211.968150019,211.957406862
2011-05-31 03:00:00,110.385711534,0.0345043132313,211.968492462,0.0138002897906,73.9870863496,0.00216456645339,211.968534593,211.968501904,92.2063113412,0.0151337434729,238.106688457,166.016983216,85.473813782,0.0172617081115,183.714952446,0.0176163247914,209.507404779,0.012387177022,211.968611084,0.0326874297474,22.7131510939,92.2062653017,147.152076425,211.968554063,177.624882853,211.968513581,92.2051713006,211.967306544,211.968275534,92.2098623785
2011-05-31 04:00:00,110.385714182,0.0345040648066,211.968525879,0.0137937293778,73.9870867482,0.00216369517211,211.968535611,211.968501296,92.2063097457,0.0151296982901,238.106689551,166.016982698,85.4738140794,0.0172578474314,183.714951232,0.0176157882678,209.507403885,0.0123867736531,211.968615767,0.0270569079491,22.713080361,113.834988539,147.15207646,211.96855182,177.624882822,211.968523281,92.2051683894,211.967267341,211.968252956,92.2096457917
2011-05-31 05:00:00,110.385706565,0.0151128669779,211.968536541,0.0137527729894,73.987084937,0.00216270560775,211.968534881,211.968470725,92.2062981494,0.0150216690177,238.10666989,166.016982204,85.4738151754,0.0172379045639,183.714936651,0.017611610498,209.507395462,0.0123768917575,211.968617203,0.026013469756,0.0150141166583,211.968362143,147.1520764,211.968541498,177.624882659,211.968475411,92.2051460137,211.965169922,211.967541604,92.2094331221
2011-05-31 06:00:00,110.385350222,0.0150162108807,211.968535613,0.0103510046743,73.9870812005,0.00216136046372,211.968533661,211.968343051,0.0199964571322,0.0100598324231,211.968519487,166.016982209,85.4738141411,0.0105711549295,148.809105339,0.0149936746504,0.0154696516405,0.0100324795815,211.968598697,0.0329700206605,0.0150337245672,211.968369259,147.152072661,211.968264056,177.624882161,211.968469963,0.0150824450372,92.2057865883,92.2062292446,0.0199787612933
2011-05-31 07:00:00,0.0150986264353,0.0150063665483,211.968534892,0.010211882901,0.0200038023602,0.00215975057659,211.968531988,92.2063031552,0.0157368890993,0.010044073607,192.866350473,166.016980123,85.4738111057,0.0103095118034,148.809095839,0.01426797837,0.0154417674525,0.0100192543934,171.694574279,0.0151591787463,0.0150047562524,211.968367477,119.193181644,171.694478118,177.624878152,211.968432583,0.0150031645529,0.0160908292055,0.0164162013895,0.0196855540477
2011-05-31 08:00:00,0.0150348523414,0.0150000402038,211.968530476,0.0101144237065,0.0150405915929,0.00215814188916,211.968525159,92.2063001362,0.0150044819999,0.0100117886363,192.866224962,166.016971767,85.4738035598,0.0102749245533,148.80909004,0.0142639147787,0.0154260857791,0.010007970953,158.976493213,0.0150683493411,0.0150012620531,211.968358577,119.193180397,171.6944504,0.014993368042,211.968111077,0.0149413317113,0.0150835623578,0.015060735154,0.0150513550069
2011-05-31 09:00:00,0.0149361299917,0.0149979581605,171.694913244,0.0100250621965,0.0150182033752,0.00215646675045,171.694527517,92.2062992974,0.0149991098661,0.0100041445526,103.576432889,134.473752883,85.4737964562,0.010046569514,0.0202073023789,0.0142519464575,0.0100277402938,0.0100035799465,158.976454521,0.0150538539194,0.0150005059697,92.2063053884,110.364064472,171.694254386,0.0149387208345,159.002495899,0.0100325962679,0.0150176025656,0.0150138053486,0.0150048478694
2011-05-31 10:00:00,0.0100227380987,0.0149967828608,171.694498698,0.010020735323,0.0150017246683,0.00215494866678,171.694505056,92.2062984353,0.0149978793016,0.0100036283443,103.576408042,134.473738966,85.473769207,0.0100183178738,0.0100144646127,0.0100621336214,0.0100093754724,0.010003002598,92.2063529663,0.015042476506,0.0150002887997,92.2062444014,0.010003886033,0.0102090670641,0.0149372402369,158.976584881,0.0100153249681,0.0150054917228,0.015006215532,0.0149995544362
2011-05-31 11:00:00,0.0100211386841,0.0149966460282,171.694428858,0.0100345791094,0.0150004688885,0.00215330292018,158.976470738,92.206297859,0.014998280887,0.0100050733841,103.577321546,124.512855593,85.4737929355,0.0100175789245,0.0100246770554,0.0100487553775,0.0100112008325,0.0100032070681,92.2063532143,0.0150271146201,0.015000293686,92.2062417954,0.0149897269736,0.0101154974639,0.0149365327701,158.976512328,0.0100188112177,0.015000133832,0.0150103994899,0.0150103516989
2011-05-31 12:00:00,0.013564573216,0.0149973218067,171.694516293,0.0100828351731,0.0150012530255,0.00215178281486,92.2063514465,92.2062993057,0.0150001483725,0.0100179577429,178.58133934,0.0100373075017,85.4738025417,0.0100365886772,148.809057019,0.0142427131677,0.014932048,0.0100061832961,171.694543002,0.0150074048419,0.0150009661858,92.2062287711,119.193176234,171.694293366,0.0149363720448,158.976309117,0.0132364056641,0.015005722075,0.0150259886291,0.0155908484971
2011-05-31 13:00:00,0.0150264071437,0.014998271733,171.694536048,0.0101737645709,0.015000532968,0.00215012018859,92.2063168694,92.2062985125,0.0155903001989,0.0100439663833,192.866338898,124.513032412,85.4738089087,0.0102663827415,148.809095299,0.0142668924231,0.0154363176568,0.0100187803308,171.694572005,0.0150089740674,0.0150011239843,92.2062070644,119.193180979,171.694446008,0.0149369473576,158.976216416,0.0149940588237,0.0150210422159,0.0150507843756,0.0197287957982
2011-05-31 14:00:00,0.0150910828832,0.0149989257987,211.968414076,0.0102199862778,0.0150009303134,0.00214854615383,92.2063308199,92.2062979636,0.015746750915,0.0100571742728,192.866368722,134.473727719,85.4738104296,0.0103046383871,148.809103368,0.0142743811582,0.0154473021547,0.0100264231959,171.694571914,0.0150103212957,0.015001523197,92.2062183802,119.193182212,171.694473656,0.0149372046565,158.976201954,0.0150141820087,0.015054720506,0.0163444740704,0.019990769294
2011-05-31 15:00:00,0.0152568500429,0.0149996782926,171.694547818,0.0104092303779,0.0150094705869,0.00214685880186,171.694502564,92.2062982731,92.2063235169,0.0132361015971,238.106636254,134.473736092,85.4738135456,0.0104326347106,183.714936436,0.014949241787,171.696150506,0.0100734817198,211.968510122,0.0150118562611,0.0150028546833,92.2062293024,147.15205263,171.69456781,0.014937867442,158.976265221,0.0164196599776,0.0163498116287,92.2063596589,0.0718368473241
2011-05-31 16:00:00,110.38574499,0.0150007685349,171.694698794,0.0208867931204,0.0150215012722,0.0021452150969,171.694514148,92.2062998636,211.96852526,0.0134059564786,238.106727315,134.473740234,85.4738146022,200.017333384,183.714955463,0.0235371706703,209.507634449,0.0124036371633,211.96855396,0.0150282571767,0.0150059906118,92.2062217559,147.152076426,223.743937139,0.0149926878124,158.97652476,211.963036041,92.2057490617,113.834102984,92.2095991038
2011-05-31 17:00:00,110.385770889,0.0150010485851,211.968531955,0.0209966392612,73.9867917282,0.00214363164074,211.968531952,92.2063036747,211.9685301,0.0134108447561,238.106737572,134.474044805,85.4738146913,200.017391283,183.714958175,0.0235496455542,209.507641503,0.0124118079657,211.96855861,0.0150544402163,0.0150407620775,92.2061439732,147.152077704,223.744166866,0.0150015346064,158.976399104,211.963058021,92.2057909661,113.834245324,92.2096176689
2011-05-31 18:00:00,110.385774288,0.015001361448,211.968542653,0.0210110172476,170.085008251,0.00214204736953,211.968547654,211.96850588,211.968532376,0.0134130558599,238.106745238,166.016963053,85.4738144659,200.017398238,183.714959953,0.0235513663298,209.507643518,0.0124161839199,211.968609578,0.0150708059257,30.2797212154,0.0151466162563,147.152078039,223.744179962,0.0184400696083,211.968234883,211.963062621,92.2057930587,113.833769636,92.209568207
2011-05-31 19:00:00,110.38577536,0.0150004647849,211.968543139,0.0210170913058,170.085240616,0.00214048141491,211.968548904,211.968506308,211.968532323,0.0134140868921,238.106741369,166.016965498,85.4738146521,200.017402749,183.714960317,0.0235519258412,209.507644384,0.0124175067087,211.968610843,0.0150747429306,52.2141665712,0.0151532915803,147.152078211,223.74418752,0.0184403839656,211.968286004,211.963064738,92.2057623997,92.2068081544,92.2095681255
2011-05-31 20:00:00,110.385774755,0.0150000078738,211.968542725,0.0210163352008,170.085245221,0.00213875741601,211.968549666,211.968506398,211.96853173,0.0134144330204,238.106738656,166.01696695,85.4738142688,200.017403113,183.714959977,0.0235519889943,209.507644737,0.012417391099,211.968606262,0.0150689264873,52.2141364885,0.0150676594614,147.152078168,223.744188734,0.018440230415,211.968307723,211.963065319,92.2057587417,92.2064245588,92.209565809
2011-05-31 21:00:00,110.385772993,0.0149996199292,211.968541055,0.0210142499537,170.085246694,0.00213687769479,211.968549155,211.968506381,211.968530201,0.0134141615083,238.106735479,166.016966913,85.4738133966,200.017401348,183.714959708,0.0235519155886,209.507644825,0.0124165877653,211.968561579,0.0150622238822,22.7139283116,0.0150297858753,147.152078104,223.744187885,0.0184400413936,211.968296274,211.963065233,92.2057660144,92.2063552557,92.2095777563
2011-05-31 22:00:00,110.385772079,0.0149994474424,211.968539508,0.0210106887916,170.085246828,0.00213514652639,211.968547918,211.967956786,211.968528088,0.0134132464108,238.106731896,166.016966306,85.4738134513,200.017398665,183.714959367,0.0235517532192,209.507644435,0.0124153348528,211.968556274,0.0150419048852,22.7131638978,0.0150278926233,147.152077988,223.74418937,0.0184398210914,211.968268248,211.963064923,92.20577608,92.2063767354,92.2095934484
2011-05-31 23:00:00,110.385769926,0.014999479771,211.968539482,0.0210079415419,170.085247277,0.00213336758559,211.968547734,92.2063025652,211.968525515,0.0134125406783,238.106728902,166.016965719,85.4738135229,200.01739661,183.71495905,0.0235517546203,209.507644003,0.0124138319578,211.968554937,0.0150185563581,22.7131700017,0.0150574906325,147.152077864,223.744189102,0.018439610974,211.968237808,211.963064148,92.2057877878,92.2064110372,92.2096116492
2011-06-01 00:00:00,110.38577026,0.0149991195136,211.968540718,0.021005545179,170.085247159,0.00213177210434,211.968547576,92.2063013287,211.968518739,0.0134118119298,238.106721911,166.016965036,85.4738131184,200.017394283,183.71495869,0.0235520987481,209.507643505,0.0124128286985,211.968552772,0.0150152885224,22.7131800501,0.0150369741633,147.152077743,223.744188979,0.0184388427273,211.968203362,211.963063408,92.2057767946,92.2064557148,122.944657406
2011-06-01 01:00:00,110.385768715,0.014999290129,211.968541569,0.021003433411,170.085247289,0.00213019526301,211.968548007,92.2063006361,211.968501928,0.0134109436779,238.106720393,166.016964439,85.4738130411,200.017393012,183.714958286,0.0235523446618,209.507642969,0.01241202353,211.968557864,0.0150186904667,52.2134324591,0.015317570839,147.152077615,223.744190358,0.0184389830265,211.968142548,211.963062616,92.2057816409,92.2066463867,122.944952967
2011-06-01 02:00:00,110.385769272,0.0149994388239,211.96854188,0.0210008656058,170.085247328,0.00212859666798,211.968547982,92.2063001818,211.968467614,0.0134098930692,238.10671882,166.016963775,85.4738126519,200.0173915,183.714957595,0.0235519652444,209.507642388,0.0124111303328,211.968577068,0.0150230817889,52.2140836569,92.2062013102,147.152077556,223.744190055,0.0184390164865,211.968138385,211.963061511,92.2057617959,92.2078088662,122.945433687
2011-06-01 03:00:00,110.38577391,0.0149998199483,211.968541564,0.0209974453945,170.08524733,0.00212722550061,211.968547276,92.2062997898,211.968463256,0.0134082092435,238.106718641,166.016962946,85.4738128412,200.017389278,183.714956875,0.0235521405461,209.507641763,0.0124106363988,211.968607231,0.0150276801194,22.7132336212,92.206222284,147.152077475,223.744191894,0.0184392447339,211.968111826,211.9630599,92.2057459652,113.834989581,122.945886791
2011-06-01 04:00:00,110.38577892,0.0150002949906,211.968542601,0.0209934472048,170.085247553,0.00212619891167,211.968546685,92.2062990846,211.968467015,0.0134042661397,238.106718625,166.016961582,85.4738132,200.017390047,183.714955403,0.0235515505671,209.507640966,0.012410654463,211.968614826,0.0150275245606,22.7131488414,92.2062186401,147.152077507,223.744193385,0.0184392963902,211.967806304,211.963057304,92.2057633392,113.835493845,122.946048658
2011-06-01 05:00:00,110.385778302,0.0150000413078,211.968543824,0.0209652230521,170.085246368,0.00212524746771,211.968544896,92.2062975064,211.967911154,0.0132905002042,238.106680815,166.016959699,85.4738140466,200.017381643,183.714938686,0.0235493060207,209.507634309,0.0124014936146,211.968616176,0.0150289872037,22.7131611967,92.206235834,147.152077445,223.744191566,0.018438887395,0.0177515530616,211.963042845,92.2056754074,113.835588869,122.946003567
2011-06-01 06:00:00,110.385766511,0.0150001960343,211.968541294,0.0169351686207,170.085239961,0.0021238488395,211.96852986,92.2062992573,92.2063172294,0.0100554320921,211.96847894,166.01695744,85.473814521,162.014098193,148.809084053,0.0235311978093,169.701147564,0.0100537256261,211.968615637,0.0150124996557,52.2141772856,92.2062405341,147.152076145,211.968549057,0.0184378385131,0.0151760288581,92.2064918803,0.0256186323376,113.83534838,122.94589953
2011-06-01 07:00:00,110.385725361,0.0149994656079,211.968525002,0.0168730304662,73.9870848494,0.00212215594185,92.2063141427,92.2062972862,92.2063074367,0.0100400723482,178.580028272,166.016916241,85.4738141043,162.014056932,148.80907295,0.0190665319512,169.701125464,0.010042371987,211.96860633,0.0150407017086,52.2141528129,92.206251706,119.193190594,181.232807357,0.0150011553643,0.0150361741639,92.2041054538,0.0150652498823,92.2089418998,92.2097519474
2011-06-01 08:00:00,89.4124856373,0.0149989462447,92.2064845707,0.0160807819517,0.0199625617196,0.00212053347503,0.0153020160296,92.206087958,92.2062143713,0.010009560711,178.579934237,0.0116475639214,85.4738134188,162.01404276,148.809025499,0.0190503585015,169.701118434,0.0100118657258,211.968557867,0.0150416608651,52.2141258937,92.2063719569,119.193182326,181.232800029,0.0149108373067,0.0150044151799,92.2040864232,0.0150222671014,92.2065085385,92.209585464
2011-06-01 09:00:00,89.4124617369,0.0149989339868,92.2063296037,0.0100929360842,0.0150352715548,0.00211892275487,0.0152460370236,0.0150056030865,92.2035459328,0.0100038091769,103.576402375,0.0116296121071,85.4738138776,150.013982355,0.0100145558304,0.0190447711741,169.701100129,0.0100047425494,211.968545183,0.0150194483618,52.2141261664,92.2062966453,119.193181514,181.232795024,0.0149072798597,0.0149926785766,85.374700758,0.0150109355978,92.2063847083,92.2095357216
2011-06-01 10:00:00,82.7893904077,0.0149989598217,92.2063180792,0.0101320137426,0.0150215768412,0.00211738381975,0.0150009965604,0.0150042446492,92.2061838639,0.0100033950274,103.57623611,0.0116099106419,85.4738129019,87.018615743,0.0100101867321,0.0190402612322,169.700736485,0.0100038428139,171.694580027,0.0150189852024,52.214047517,92.2062700161,119.193179432,181.232789593,0.0149060531039,0.0149792433334,0.0100324543302,0.0150116817056,92.2063658789,92.2094990983
2011-06-01 11:00:00,82.7893744419,0.0149996504631,92.2063166317,0.0167883717677,0.0150010821428,0.00211584468792,0.0149983291276,0.0150084769066,92.2063087466,0.0100050113477,103.576408426,0.0100138194413,85.4738125718,0.0102359890031,0.0103639426338,0.0190327396717,169.701118889,0.0100340089582,171.694576842,0.0150324102035,52.2131587393,92.206255707,119.193178104,181.232778634,0.0148818877367,0.0149756016646,85.3746153114,0.0150236656997,92.2064125606,92.209490795
2011-06-01 12:00:00,82.7894139997,0.015000992281,92.2063168742,0.0168604092336,0.0150004767664,0.00211427192151,0.0149983115243,92.205966279,92.2063088691,0.0100131884052,178.578904966,0.0100079469455,85.4738118153,162.014026789,148.809063625,0.0190415889945,169.701124081,0.010046849591,171.694579055,0.0150502775341,52.2139284624,92.2062542562,119.193180674,181.232763221,0.0143139879581,0.01498263099,92.2040176343,0.0150277811173,92.2066295514,92.209573616
2011-06-01 13:00:00,89.412462518,0.0150102535678,92.2063175476,0.0168759706631,0.0150004300027,0.0021125240146,0.0150038802508,92.2061785943,92.2063122653,0.0100381674434,178.580007334,0.0100116516889,85.4738103133,162.014044828,148.809073811,0.0190433413512,169.701121894,0.0100481844419,171.694578873,0.0151240454834,52.213889851,92.20624934,119.193181265,181.232791145,0.0149021350676,0.0149892056316,92.2040743428,0.0254999121454,92.2152829977,92.2098232301
2011-06-01 14:00:00,89.4124792633,0.0150221292227,92.2063201359,0.0169300295536,0.0150007852961,0.00211088418157,0.0152344032877,92.2062964709,92.2063166066,0.0100514635012,178.580035166,0.0115532133905,85.4738108423,162.014070401,148.809083583,0.0190450396252,169.701125126,0.0100568674511,171.694583447,0.0152022968518,39.16057398,92.2062522301,119.193181919,181.23281379,0.0149061099172,0.0150008241548,92.204097634,92.2058373995,211.968134699,92.2328937517
2011-06-01 15:00:00,110.385739853,0.0152151773229,92.2064737083,0.052745813865,0.0150032948274,0.00210933224884,0.0153006218839,92.2062995196,92.2063287928,0.0131911521999,238.102256488,0.0116272675334,85.4738116724,162.01426495,183.714925636,0.0190485001194,169.701143899,0.0103616170421,211.968556087,211.966704694,22.7131720882,92.206258883,119.193184201,181.233057282,0.0149069337237,0.0150267749628,92.2041333502,211.967200084,211.968458554,211.969264914
2011-06-01 16:00:00,110.385764776,0.0345026053279,211.968501696,0.284230995226,0.0150355791711,0.00210771718191,92.2063127533,92.2063028585,113.834941745,0.0134901505852,238.10667402,0.0116360503289,85.473812308,200.017447516,183.714948551,0.0234634838113,209.507559737,0.012413601837,211.968615991,211.968379878,42.297988118,92.2062710383,147.152075043,223.744230975,0.0149084307931,0.0151193612718,113.832299639,211.967360136,211.968541035,211.969607462
2011-06-01 17:00:00,110.385770145,0.0345099740477,211.968539859,0.284282389286,73.9870774804,0.00210612839135,211.968530722,92.2063050426,113.834948889,0.0134953599139,238.106685187,0.0153147361898,85.4738128146,200.017468678,183.714951479,0.023508006613,209.507563386,0.0124187893134,211.968619731,211.96844823,52.2141736429,211.968005825,147.152076592,223.744308826,0.0149990646319,0.0203204232303,113.832312506,211.96737925,211.968559243,211.969766508
2011-06-01 18:00:00,110.385769696,0.0345132057103,211.968543083,0.284299131849,73.987084421,0.00210457656452,211.968543764,211.968515256,113.83494663,0.013497715526,238.106690629,0.0154839433841,85.473813007,200.01747434,183.714953326,0.0235114506139,209.507564439,0.0124223359966,211.968620008,211.968467592,52.2142282851,211.968330247,147.152076876,223.744318856,0.0184031898814,0.0204458868369,113.832315749,211.967360088,211.968545272,211.969717541
2011-06-01 19:00:00,110.385769265,0.0345141624086,211.968541908,0.284304440863,73.9870849312,0.002102998699,211.968544456,211.968517669,113.834944751,0.0134990913031,238.106689121,0.0154878370918,85.4738133524,200.017477049,183.71495354,0.0235112563109,209.507564946,0.0124235360212,211.968619549,211.968487128,52.2142076408,211.968334921,147.152076954,223.744324604,0.0184039944397,0.0204670845519,113.832317192,211.96734522,211.968515273,211.969571628
2011-06-01 20:00:00,110.38576774,0.0345168053026,211.968541792,0.284303609141,73.9870856808,0.00210132611129,211.968546486,211.968519099,113.834948509,0.0134994846123,238.106687501,0.015489804336,85.4738132455,200.017476891,183.714953,0.0235095532422,209.50756471,0.0124232442529,211.968619232,211.968503302,52.2141700663,211.968350807,147.152076907,223.744325544,0.0184041181335,0.0204622169973,113.832317217,211.967322255,211.968443109,211.969466323
2011-06-01 21:00:00,110.38576397,0.0345170135711,211.968541968,0.284301750531,73.9870861506,0.00209962561642,211.968546749,211.968519709,113.834945823,0.0134990761048,238.10668509,0.0154899241564,85.473812848,200.017474929,183.714952652,0.0235100044012,209.507564301,0.0124223172842,211.968618791,211.968514702,52.2141682431,113.834891152,147.152076817,223.744321583,0.0184042028717,0.0204415716319,113.832316597,211.967313872,211.968379886,211.969511988
2011-06-01 22:00:00,110.385760507,0.0345168898064,211.968541092,0.284298665339,73.9870860079,0.00209773535831,211.968545987,211.968519719,113.834917196,0.0134982014833,238.106682189,0.0154894137959,85.4738126709,200.017471907,183.714952254,0.023510232635,209.507563457,0.0124209950173,211.96861803,211.968511158,52.2141045235,92.2063614211,147.152076702,223.744316435,0.0184042357754,0.0204222325625,113.832315831,211.967305393,211.968320707,211.96949395
2011-06-01 23:00:00,110.385756834,0.0345167781787,211.968540678,0.284295551028,73.9870861501,0.00209592907438,211.968545095,211.968519779,92.2064315545,0.0134972343879,238.106680228,0.0154889003867,85.4738125327,200.017470212,183.714951781,0.0235099072772,209.507562433,0.0124194178423,211.968617519,211.968507818,22.7131668309,92.2062829183,147.152076579,223.744311916,0.0184043210946,0.0203864736593,113.83231505,211.967298248,211.968318904,211.969411349
2011-06-02 00:00:00,110.38575478,0.0345175434705,211.968541025,0.284293557343,73.987085132,0.0020942181768,211.968544386,211.968519832,113.834928962,0.0134966152912,238.106678751,0.0154881886072,85.473811881,200.017468183,183.714951349,0.0235100987159,209.50756069,0.0124180807117,211.968616812,211.968502703,0.0152045933076,92.2062514816,147.152076456,223.744313001,0.0184041537852,0.0204129901502,113.832313293,211.967270734,211.96824811,211.969245062
2011-06-02 01:00:00,110.38575014,0.0345158136712,211.968541553,0.284291373081,73.9870850151,0.00209258156916,211.968543124,211.968520641,113.834944538,0.013495683763,238.106677976,0.0154877824143,85.4738114918,200.017465697,183.714950843,0.0235094710975,209.507559835,0.0124170973257,211.968616717,211.968504747,0.0150085261833,92.2062541241,147.152076297,223.744323702,0.0184044098924,0.0203964496092,113.83231234,211.967262475,211.968302573,211.969247038
2011-06-02 02:00:00,110.385745065,0.0345139761878,211.968541688,0.284288930098,73.9870848955,0.00209099979675,211.96854194,211.968521316,113.834947716,0.0134946450562,238.106676242,0.015487228629,85.4738108084,200.017462692,183.714949969,0.0235088544931,209.507558633,0.0124160137506,211.968616517,211.968507709,0.0150044824994,92.2062556669,147.152076084,223.744325786,0.0184045565469,0.0203671926984,113.832310841,211.967244071,211.968377022,211.96930197
2011-06-02 03:00:00,110.385735437,0.0345129610987,211.968541477,0.284284993471,73.9870847727,0.00208948414618,211.968541355,211.968521687,113.834947658,0.0134928941295,238.106674608,0.0154866277956,85.4738108139,200.017458521,183.714949051,0.0235088753276,209.507556521,0.0124151080109,211.968616038,211.968511026,0.0150025334146,92.2062541345,147.152075752,223.744329912,0.018404715293,0.0203446418563,113.832308672,211.967257538,211.968454325,211.96941093
2011-06-02 04:00:00,110.385730751,0.0345099726381,211.968541697,0.28427945057,73.9870845085,0.00208817158539,211.968540187,211.968522005,113.8349488,0.0134889298162,238.106672441,0.0154855549368,85.4738110774,200.017453622,183.714947319,0.0235072400992,209.507553396,0.0124139125983,211.968616043,211.968512991,0.0150007906461,92.2062499904,147.152075255,223.744338075,0.0184048736487,0.0202628792906,113.832304536,211.967252156,211.968511192,211.969411442
2011-06-02 05:00:00,110.385722718,0.0344307484425,211.9685423,0.284256109235,73.9870834301,0.00208682462448,211.968536851,211.968522761,113.834948033,0.0133969829679,238.106620208,0.0154839999418,85.4738101668,200.017440933,183.71492812,0.0235034220325,209.507539573,0.0124036131391,211.968616059,211.968521803,0.0150005877139,92.2062523537,147.152074275,223.744331952,0.0184048593226,0.0155996092448,113.832282927,211.96682706,211.96851926,211.969132888
2011-06-02 06:00:00,110.38551912,0.0150441554027,211.968539394,0.214765661458,73.9870810302,0.00208554086608,211.968514536,211.968524903,92.2064899015,0.0100840887501,103.576795767,0.0154815954869,85.4738044378,200.017330174,148.808974528,0.0234756843099,91.1359614055,0.0100545601464,211.968582713,211.968539474,0.0150022976112,92.2062515608,147.150473164,223.744071117,0.0184045526096,0.0151229619077,69.1538803956,92.2067649639,211.968400502,211.967177221
2011-06-02 07:00:00,89.4124491607,0.0150220454858,211.968499849,0.214192411082,0.0150577718183,0.00208418260291,0.0175376050264,211.968525148,92.2063127423,0.0100686580849,103.576573816,0.0154428731328,85.4737808379,162.014887166,148.808961567,0.0189802165651,91.1359296931,0.0100322451404,92.2064929442,211.968546568,0.0150008144185,92.2062683956,119.193120559,223.744013256,0.0150017721777,0.0150084998603,69.1537375922,92.2058185542,211.967796142,92.2112352912
2011-06-02 08:00:00,89.4124258999,0.0150135305457,92.2063200542,0.214157955144,0.0150015000263,0.00208279983321,0.0150055981777,211.968523891,92.2063047518,0.0100161598319,103.576487254,0.0102772242949,85.4737500438,162.014031245,148.808956271,0.018972581807,91.1359199506,0.0100250076263,92.206355869,211.968533086,0.015000081144,92.2063261142,119.193119311,211.968519266,0.0149095070989,0.0149675552711,69.1537185042,74.6870494666,92.2102570262,92.2109679807
2011-06-02 09:00:00,89.4124106994,0.0150050870009,92.2063149244,0.21386651117,0.0149999422863,0.00208130355049,0.0149971717576,211.968523067,92.2062967903,0.010004224626,103.576317035,0.0102606020634,64.1056976359,162.014002483,148.808883674,0.0189640050461,91.1359135775,0.0100104602576,92.2063498936,211.968516649,0.0149997908701,92.2062607452,119.193116968,181.232941763,0.0149078066043,0.0149267387914,69.1531404002,0.0151508875852,92.206439359,92.2096122652
2011-06-02 10:00:00,82.7894331226,0.0150007484221,74.6941525892,0.213538469616,0.0149996758406,0.00207971148471,0.0149884703176,211.968522718,92.2062419244,0.010003604186,0.0200510133254,0.0102392754098,64.1055260688,162.013991368,0.0100169749931,0.015010693372,91.1359082483,0.0100051283072,92.206347187,211.968507318,0.0149996136985,92.2062517039,110.364054548,181.23292485,0.0149071046587,0.0149027845572,0.0149082711903,0.0150301278905,92.2062829433,92.2095695558
2011-06-02 11:00:00,82.7893366667,0.0150014089175,74.6872148328,0.12849742281,0.0149995429868,0.00207812329358,0.0149657478095,211.968522521,92.2062801228,0.0100050655137,0.0201172213468,0.0100099324592,64.1056068699,162.013941629,0.0100142903886,0.0150023861833,0.014998266581,0.0100041150781,92.2062165728,211.968505066,0.0149994347892,92.2062470474,64.0111453581,181.232926168,0.0149050959774,0.0148889712962,0.015009530013,0.015016451334,92.205461585,92.2095402586
2011-06-02 12:00:00,82.7893247737,0.0150017648991,74.6871784048,0.2136168793,0.0149995743672,0.00207655120515,0.0149654490826,211.968523282,92.2063031392,0.0100189785186,103.576177077,0.0100067829979,85.4736601769,150.013323547,0.0200138302757,0.0158800042717,0.0150208169632,0.0100059033746,0.0200439488329,211.968504435,0.0149996801468,92.2062429819,110.364046228,181.232922655,0.0149038912237,0.0148808659695,69.1534757806,0.0150468170563,92.205592568,92.2095443242
2011-06-02 13:00:00,82.7893515659,0.0150120752341,0.0199984426013,0.21402760151,0.0149995907321,0.0020749389307,0.0149865801307,211.968522851,92.2063033415,0.0100664219651,103.576540282,0.0100093465459,85.4737804374,150.013432576,148.80895407,0.0189657293594,91.135902245,0.0100190386239,92.2063410352,211.968505751,0.0149995687737,92.2062450643,119.193118561,181.232945636,0.0149068279388,0.0149026255059,69.1537212956,0.0150474280371,92.2060526661,92.2095866078
2011-06-02 14:00:00,89.4124128244,0.0150198995809,74.6871700682,0.214174129015,0.0149997323842,0.00207332724466,0.0149956632236,211.968522489,92.206308443,0.0100798745626,103.576582171,0.0101603308651,85.4737953166,162.013990113,148.808962424,0.0189717301185,91.1359143281,0.0100321434919,92.2063493376,211.968512101,0.0149995360121,92.2062506826,119.19311952,211.967977181,0.0149077838992,0.0149324808143,69.1537359955,0.0151925387969,92.2064166101,92.2109353295
2011-06-02 15:00:00,89.4124397324,0.0150785692916,92.2060847688,0.214283825691,0.0149999646167,0.00207174490843,0.0149993679309,211.968522472,92.2063205408,0.0302886262265,211.968586925,0.0102587837338,85.4737970723,162.014005887,183.714516053,0.0189754305393,91.1359219801,0.0100646667562,92.2063577327,211.968525719,0.0149997656401,92.2062567815,119.193120731,211.968281775,0.0149088794591,0.0149731029098,69.1537963929,74.6872130303,92.2107806774,211.957774364
2011-06-02 16:00:00,110.385704988,0.0344870124514,92.2063171057,215.036992692,0.0150008378686,0.00207020901635,0.0150065745938,211.968522533,211.968522058,0.031045352265,238.106654629,0.010268222908,85.4738061555,200.017259364,183.714793733,0.023408392258,112.513469592,0.0124028058569,211.968556258,211.968540868,0.0150008814411,92.2062651427,147.152000347,223.744239641,0.0149167021496,0.0150039723563,92.2045546191,92.2058280141,211.968163367,211.975860983
2011-06-02 17:00:00,110.385736002,0.0345114120809,92.2064303818,215.037110194,0.0199497213899,0.00206873126252,0.0200173644533,211.968523378,211.968537236,0.0310512156106,238.106668629,72.2172836201,85.4738101402,200.017282364,183.714797425,0.0234351633413,112.513476337,0.0124093551615,211.968616851,211.968547088,0.0260778178154,92.2063057035,147.15200357,223.744343512,0.0150012116517,0.01526301073,92.2045750596,92.2060097349,211.968404525,211.975993732
2011-06-02 18:00:00,110.385741204,0.0345168408767,92.2064400621,215.037130831,0.0199978169736,0.00206711880771,0.0203944360349,211.968529546,211.96853868,0.0310535545307,238.106676018,96.2904985342,85.4738108713,200.017285455,183.714799243,0.023436723523,112.513478595,0.0124137231902,211.96861801,211.968550736,52.214143349,92.2062510212,147.152004043,223.744344407,77.2668614774,0.019772864562,92.2045825194,92.2059306592,211.968460225,211.976011701
2011-06-02 19:00:00,110.385743537,0.0345121820235,92.2064204731,215.037137668,0.0200011425267,0.00206559178672,0.0203963536395,211.968524897,211.968539813,0.0310548926143,238.106675276,96.2905038095,85.4738122162,200.017285788,183.714799622,0.023437647344,112.513478915,0.0124150357409,211.968617465,211.968551006,52.2141441702,92.2062621558,147.152004299,223.744345423,77.2668626034,0.0197444993271,92.2045848777,92.2058881323,211.968465715,211.976023223
2011-06-02 20:00:00,110.385744175,0.0345001534669,92.2063586918,215.037137592,0.0200043028198,0.00206401542359,0.020399333566,211.968524001,211.968540347,0.0310553643895,238.106674332,96.2905063693,85.4738124062,200.017284489,183.714798871,0.0234378941438,112.513478519,0.0124148547752,211.968617658,211.968548191,52.2141451269,92.2072561063,147.152004334,223.74434303,77.266862915,0.0198340747665,92.204585961,92.2058828487,211.968378825,211.97601395
2011-06-02 21:00:00,110.385741587,0.0153141949818,92.2063585957,215.037136366,0.0200052284702,0.0020622485212,0.0203992112298,211.9685238,211.968540383,0.0310551590667,238.106672365,96.2905067745,85.4738117805,200.017281825,183.714798712,0.0234379141482,112.513478656,0.0124142660098,211.968618061,211.968549322,52.2141734374,211.967993178,147.152004292,223.744336177,77.2668630814,0.0197461851484,92.2045861942,92.205914586,211.968240793,211.976003669
2011-06-02 22:00:00,110.385739682,0.0150354702255,92.2063370546,215.037132875,0.0200052079907,0.00206050156571,0.0203972324167,211.968522868,211.9685402,0.0310544026143,238.106669964,96.2905064146,85.4738126182,200.017277069,183.714798577,0.0234379115771,112.513478449,0.012413291678,211.968617743,211.968540892,52.214178553,211.968073214,147.152004216,223.744328437,77.2668631675,0.0196264561316,92.2045859801,92.2060010311,211.968117878,211.975993561
2011-06-02 23:00:00,110.385736793,0.0150233564659,92.2063654228,215.037131228,0.0200054331192,0.00205876354791,0.0203955106066,211.968522355,211.968540131,0.0310535306569,238.106668217,96.2905061533,85.4738127868,200.017276089,183.71479869,0.023437722289,112.513478413,0.0124119511349,211.968617552,211.968532981,52.2141776272,211.968001402,147.15200414,223.744322358,77.2668632547,0.0179527390026,92.2045856076,92.2062132526,211.968116995,211.975990513
2011-06-03 00:00:00,110.385737271,0.0150299283107,92.2064194367,215.037129139,0.0200009010299,0.00205712067586,0.0203988063198,211.968522708,211.968540201,0.0310531325807,238.10666317,96.2905058351,85.4738126527,200.01727593,183.714800203,0.0234375175613,112.513478484,0.012410964048,211.968617162,211.968527306,52.2141653204,171.69410527,147.152004093,223.744332245,77.2668632831,0.0198954265597,92.2045853012,92.2064119331,211.968173361,211.975978329
2011-06-03 01:00:00,110.385736313,0.0150214097432,92.2064072851,215.037128075,0.0200028354573,0.00205555914257,0.0203997945605,211.96852249,211.968540167,0.0310522922993,238.106661665,96.2905055011,85.4738123533,200.017271954,183.714800177,0.0234371832739,112.513478093,0.0124100724109,211.968615937,211.968523577,52.2141738972,171.694416903,147.152004028,223.744332362,77.2668633919,0.0198829182829,92.2045850981,92.2064302938,211.968182853,211.975980859
2011-06-03 02:00:00,110.385737282,0.0150167850127,92.206365494,215.037127619,0.0200045348326,0.00205389163094,0.0203999875162,211.968522366,211.968539917,0.0310514551689,238.106661471,96.2905050803,85.4738118336,200.017271102,183.714799854,0.0234368937013,112.513477808,0.0124093901805,211.968615884,211.968521817,52.214174439,211.968034976,147.152003959,223.74431964,77.2668634957,0.0198597571742,92.2045845325,92.2064365369,211.968307123,211.975990551
2011-06-03 03:00:00,110.385740398,0.0150123117347,92.2063810991,215.037125882,0.0200052155354,0.00205244298938,0.020398199025,211.96852211,211.968539736,0.0310504429239,238.106661632,96.2905046155,85.4738116122,200.017270036,183.714799481,0.0234369030775,112.513477437,0.0124087887698,211.968616539,211.968521363,52.2141706376,211.968284032,147.152003869,223.744321436,77.2668635927,0.0198055820023,92.2045838839,92.206564517,211.968428703,211.976014627
2011-06-03 04:00:00,110.385742959,0.0150056526838,92.2063925123,215.037125586,0.0200054191512,0.00205131320396,0.0203933539643,211.968521692,211.968540336,0.0310479203067,238.106661785,96.2905036835,85.473811084,200.017270458,183.714798947,0.0234356830583,112.513477332,0.0124083201115,211.968618165,211.968520647,52.2141745912,211.96834901,147.152003762,223.744334574,77.2668636765,0.015485937841,92.2045832003,211.924031442,211.968516926,211.97602692
2011-06-03 05:00:00,110.385740648,0.0150007766266,92.2064071165,215.037121988,0.0200040783116,0.00205037613769,0.020379045496,211.968522127,211.96853828,0.0310339829725,238.106634262,96.2905027815,85.473811483,200.017266594,183.714792314,0.0234313457211,112.513473315,0.0124040341032,211.968619109,211.9685283,52.2141945913,211.968381475,147.152003424,223.744332739,77.2668636761,0.0150872218069,92.2045757433,92.2062919655,211.968441275,211.975929552
2011-06-03 06:00:00,110.385644144,0.014999358192,92.2063869038,215.037096979,0.0200027988505,0.00204904345543,0.0203004692501,211.968523349,211.968511748,0.0251599507844,211.968429563,96.2905018993,85.4738046137,200.017226562,148.808993929,0.0152848448553,91.1359217084,0.0122977360034,211.968611948,211.968544936,52.2142022844,211.968393089,147.151996786,211.969136125,77.2668634482,0.0150199226728,74.6857196991,92.2060660819,211.968132023,211.971687698
2011-06-03 07:00:00,82.7893666099,0.0149984428725,92.2063151826,215.036423248,0.0199776308904,0.00204764077412,0.0150246412513,211.968523025,158.976386816,0.0251429438879,192.865559081,96.2904892033,85.4737022559,162.014003513,148.80898023,0.0149947774081,91.1359118774,0.0100516698101,211.968126305,211.968546294,52.2142055654,211.968392187,119.193106872,181.23293982,77.2668614634,0.0149977522855,74.685700456,92.205794765,171.694421087,158.980441447
2011-06-03 08:00:00,82.7892837884,0.0149978858293,0.0200185140146,174.18010027,0.015003196811,0.00204614922841,0.0150022029973,211.968506255,158.976340763,0.0251351772568,192.86553249,72.2180010684,64.105395202,162.01398024,148.808973983,0.0149880062533,91.1359047432,0.0100430101523,92.2063508128,211.968533704,52.2142063045,211.968390805,119.193105471,211.968112753,62.5861590487,0.0149746964532,69.1534903966,0.01563494672,171.692462956,158.979808967
2011-06-03 09:00:00,0.0149506259782,0.0149974401269,0.0199928116519,174.18006536,0.0150000548021,0.00204455904312,0.0149981409964,92.2063078775,92.2063172613,0.0251239487169,192.865502088,72.2179891888,64.1053552611,162.013966112,0.0202202311815,0.0149714041773,91.1358262584,0.0100306145767,92.2063473043,211.9685183,52.2142059687,211.968389426,110.364039047,181.233065409,62.5861579169,0.014944957035,0.014957908928,0.0150137318771,92.2069515007,92.209581719
2011-06-03 10:00:00,0.01001652803,0.0149972247652,0.0150418688048,174.180043093,0.0149997063651,0.00204290898844,0.0149946234303,92.2063058232,92.2063115669,0.0101990665777,178.579713631,72.2179641325,64.1050819564,162.012287106,0.0100163973988,0.0103953996511,0.0150402098522,0.0100084075185,0.0200814827641,211.968501167,52.2142053203,211.968387156,0.0100309760528,181.232959706,62.5861538901,0.0149235502241,0.0149712851306,0.014998444052,92.2065152425,92.2095238513
2011-06-03 11:00:00,0.0100444709141,0.0149973913684,0.0150038055824,174.179887445,0.0149995547392,0.00204137681882,0.0149894859851,92.2063030046,92.2063147564,0.0100356789751,178.579540946,0.0100351273955,64.1052347427,0.0153641164287,0.0100606425343,0.0100526125592,91.1358798843,0.0100065718677,0.0199981536613,211.968466698,52.2142043972,211.968384615,0.0100112664479,181.232910813,57.9498830398,0.0149150528465,74.6856953454,0.0149950781497,92.2064471801,92.2094017433
2011-06-03 12:00:00,82.7892642726,0.014997879776,0.0150081189245,174.177047362,0.0149995556972,0.00203978817348,0.0149906945283,92.2063050343,92.2063193693,0.0232192706985,103.576448623,0.0100117306169,64.1052903232,150.013300161,148.808948177,0.0149137059118,91.1359112064,0.0100127491613,0.0200033209271,211.968112331,52.2142030262,211.968391722,110.363818918,181.232894193,62.5861459619,0.0149217310966,74.6857020939,0.0149970562963,92.2064575317,92.2094911656
2011-06-03 13:00:00,82.7893622371,0.0149985514432,0.0150117311457,174.180016926,0.0149996994762,0.00203817955465,0.0149953506419,92.2062635092,158.976368336,0.0251225098804,192.865455439,0.010020783495,64.1053801218,162.013969499,148.808978642,0.0149841603012,91.1359140554,0.0100359155901,92.2053987978,92.2070516823,52.2142001766,211.968386835,119.193104684,211.968659221,62.5861563058,0.0149424066389,74.685708927,0.0150035750375,92.2065524841,92.2097036679
2011-06-03 14:00:00,82.7893725975,0.0149994822554,0.0199761103492,174.180047833,0.014999919273,0.00203655412646,0.0149985736718,0.0150291705952,158.976386271,0.0251368519345,192.865535436,72.2179601244,64.1054175371,162.0139749,148.808987035,0.0149898120418,91.1359205617,0.0100437479491,92.2063462991,92.2063626989,52.2141984821,211.96838451,119.193106142,223.743092834,62.5861577091,0.0149715749829,74.6857163983,0.0150110886333,171.692308937,158.980365457
2011-06-03 15:00:00,82.7910110511,0.015002176583,0.0199974133811,174.180080239,0.0150003681846,0.00203496865375,0.0150017628844,92.2062925558,211.968501356,0.0309247359107,211.968688061,72.2179890362,85.4737469167,162.014003188,183.714849797,0.0149964740789,209.506338332,0.0100789422828,92.2063506438,171.696161643,52.2141982862,211.968389691,119.193108279,223.744182581,62.5861585539,0.0150087376633,74.6858340422,0.0150609604875,211.959602399,211.968270467
2011-06-03 16:00:00,110.385699604,0.0150215768034,0.0200110371893,215.037080689,0.0150043115474,0.00203346250537,0.0150251651858,92.2063058838,211.968541154,0.0310406079083,238.105612074,72.2179980112,85.4738021048,200.017258214,183.714887679,0.0184874455299,209.506540987,0.0123988753039,92.2068288046,211.968416744,52.2141984208,211.968393125,147.152034544,223.744295114,62.5861603334,0.0189550550329,92.2045955197,92.2057923147,211.968275966,211.975764985
2011-06-03 17:00:00,110.385722488,0.0344930404976,92.2063061016,215.037106419,73.9870219456,0.0020318448329,92.2062768699,92.2063091766,211.968546102,0.0310436001139,238.105619179,166.016560171,85.4738093795,200.017277095,183.714890901,0.0185353048192,209.506547618,0.0124034432197,211.968601541,211.968492203,52.2141981245,211.96839669,147.152037,223.744314788,77.26761187,0.0200022662318,92.2046075701,92.20594683,211.968405797,211.97591835
2011-06-03 18:00:00,110.38572639,0.0345042571064,92.206317248,215.037114548,73.9870821467,0.00203022853753,92.2063115822,211.968516106,211.968547474,0.0310452332349,238.105626608,166.016999148,85.4738095081,200.017283808,183.714893432,0.0185372564682,209.506550757,0.0124071841427,211.968610098,211.968506947,52.2141968004,211.968403535,147.152037403,223.744320404,77.267620728,0.0200475326307,92.2046101107,211.967211152,211.968439826,211.975938246
2011-06-03 19:00:00,110.385728259,0.0344952557013,92.2063154192,215.037116581,73.9870835523,0.00202864826,92.2063121414,211.967731407,211.96854858,0.0310459309747,238.105620011,166.017004963,85.4738113006,200.017286033,183.714893934,0.0185383620633,209.506551752,0.0124082375266,211.968612193,211.96850882,52.2141946729,211.968400679,147.152037598,223.744318798,77.2676214525,0.0200108692737,92.2046119284,211.96731857,211.968505775,211.975967121
2011-06-03 20:00:00,110.385728186,0.034506512947,92.2063157304,215.037114495,73.9870845863,0.0020268962403,92.2063138205,122.941798894,211.968548343,0.0310458530185,238.105616761,166.017007698,85.4738114346,200.017286573,183.714893684,0.0185387343057,209.506551971,0.0124081871648,211.968614149,211.968507628,52.214192674,211.968400884,147.152037601,223.744313239,77.2676216825,0.0195574975479,92.2046123315,211.967344438,211.968507923,211.975982549
2011-06-03 21:00:00,110.385725592,0.0345124955801,92.2063168214,215.037111213,73.9870851417,0.00202526493306,92.2063154841,211.968346809,211.968547305,0.0310454655908,238.105612724,166.017008194,85.4738108083,200.017284875,183.714893206,0.0185390125309,209.506551954,0.0124073274706,211.968614925,211.968509465,52.2141911623,211.968400734,147.152037559,223.744306273,77.2676217801,0.016212916033,92.204612225,211.967353991,211.968487055,211.975980293
2011-06-03 22:00:00,110.385723427,0.0345131406443,92.2063169525,215.037106236,73.9870852993,0.00202355110243,92.206315871,92.2064080994,211.968546052,0.0310449209712,238.10560726,166.017008051,85.4738107466,200.017281902,183.714892654,0.0185392229373,209.506551482,0.0124061100113,211.968614957,211.968501772,52.2141883241,211.96839878,147.152037487,223.744298921,77.2676218109,0.0157159219445,92.2046117209,211.967361209,211.968469956,211.975975904
2011-06-03 23:00:00,110.385720202,0.0345153640095,92.2063175135,215.037101626,73.9870856015,0.0020218684518,92.2063167958,92.2063115615,211.968545257,0.0310438672865,238.105600049,166.01700788,85.4738106645,200.017280381,183.71489217,0.0185393516028,209.506550915,0.012404610029,211.968615418,211.968490154,52.2141833463,211.968397378,147.152037407,223.744289762,77.2676218177,0.0196052916538,92.2046110337,211.967368196,211.968461266,211.975966849
2011-06-04 00:00:00,110.38571774,0.034517610869,92.2063167081,215.037097187,73.9870852743,0.00202022201691,92.2063191406,92.2063088215,211.968545328,0.0310427557884,238.105568443,166.017007566,85.4738103477,200.01727944,183.714891761,0.0185394728024,209.50655061,0.0124030216451,211.968614403,211.968466074,52.2141776502,211.968396281,147.152037308,223.744283407,77.26762181,0.0200696270526,92.2046103801,211.967383564,211.968452815,211.975965389
2011-06-04 01:00:00,110.385713248,0.0345181857841,92.2063168847,215.03709184,73.9870852646,0.00201856685364,92.2063196833,92.2063087057,211.968544979,0.0310414193112,238.105567134,166.017007286,85.4738098232,200.017277371,183.714891078,0.0185391274603,209.506550054,0.0124019598122,211.968614303,211.968447574,52.2141737679,211.968395271,147.152037231,223.744276242,77.2676218065,0.0200667547699,92.2046092142,211.967391066,211.96844962,211.975951816
2011-06-04 02:00:00,110.385710163,0.0345191005954,92.2063163918,215.037086168,73.9870853055,0.00201673971304,92.2063197748,92.2063082346,211.968543978,0.031039861263,238.105554917,166.017006917,85.4738088483,200.017274533,183.714889815,0.0185386391708,209.506549419,0.0124006956685,211.968613838,211.96839969,52.2141672651,211.968393279,147.152037118,223.744269799,77.267621774,0.0200876741262,92.20460748,211.967393861,211.968477218,211.975947734
2011-06-04 03:00:00,110.385707823,0.0345183998574,92.2063157411,215.037077291,73.9870853031,0.00201512316678,92.2063197724,92.2063078473,211.968543551,0.0310371699386,238.10553315,166.017006486,85.473808909,200.017269892,183.714887976,0.0185382571284,209.50654853,0.0123990098424,211.968614007,211.968348722,52.214156315,211.968393599,147.152036933,223.744259491,77.267621722,0.0200935758171,92.2046051224,211.967398906,211.968540552,211.975970786
2011-06-04 04:00:00,110.385704556,0.0345105488049,92.2063152782,215.037062882,73.9870852696,0.00201374483269,92.2063193772,92.2063059851,211.968543441,0.0310307246112,238.105511608,166.017005838,85.4738086667,200.01726346,183.714884878,0.0185372974554,209.50654749,0.0123973573277,211.968614774,211.967993453,52.2141290469,211.968395652,147.152036683,223.744249078,77.2676216469,0.0200725649805,92.2046010312,211.967402896,211.968588558,211.975984257
2011-06-04 05:00:00,110.385692242,0.0150275675131,92.206315759,215.037001271,73.9870852547,0.00201258933262,92.2063188902,0.0150779198389,211.968540316,0.0139934007257,211.968597788,166.017005016,85.473808195,200.017242988,183.71483739,0.0185336796878,209.50654169,0.0123850237695,211.968615722,211.967054987,52.2137913934,211.968398486,147.152036027,223.744218554,77.2676215658,0.0200334401722,92.2045794486,211.967297021,211.968525869,211.975845283
2011-06-04 06:00:00,110.381162731,0.0150105977369,92.2063156104,0.0231374185367,73.9870849626,0.00201136092967,92.2063178306,0.0150108333027,211.968486511,0.0100366526932,103.576550345,166.017004294,85.4738005866,200.014475502,79.9157658508,0.0150029957738,169.700303171,0.0100369842909,211.968589181,211.966165285,52.214084811,211.968397855,147.15198826,223.743956519,77.2676212772,0.0199043975503,69.15323788,211.965676637,211.968349698,211.968506685
2011-06-04 07:00:00,0.0101051750031,0.0149997257666,0.0205300087789,0.0221492319186,73.9870829879,0.00201011414377,92.2061050306,0.0150005439136,92.2063370597,0.0100251931898,103.576420699,166.016996214,85.4737153955,87.0098101554,79.9157559483,0.0122660680026,169.700293666,0.0100174590636,92.2063575751,211.967042462,52.2140656176,211.968399223,64.0112012604,211.968417589,77.2676177829,0.0151607886783,69.1531809782,92.2066777996,211.960636834,158.981361044
2011-06-04 08:00:00,0.0100678999926,0.0149976040982,0.0199953276145,0.0220171801714,59.9295413302,0.00200877958586,0.0150790220278,0.0150001394976,92.2063227925,0.0100091527524,103.576391815,134.47377933,64.1053812145,87.009782485,79.9156921641,0.012258989686,169.70027928,0.0100080836883,92.2063495835,92.2072079968,52.2140930373,211.968399726,64.0111996394,171.69454476,62.5867678328,0.0150493057542,69.1531366252,92.2058829864,171.69449229,158.981002752
2011-06-04 09:00:00,0.01001251797,0.0149966918926,0.0199381722796,0.0100808390475,59.929532887,0.00200722055064,0.0150027855823,0.0150000152644,92.2063131455,0.0100033876373,0.0200757595182,134.473769604,64.1053523619,87.0082959896,0.0100110934317,0.0121912295724,0.0100280015361,0.0100037170065,74.687142729,92.2063256851,52.2140888731,211.968398805,64.0111303206,171.694500187,62.5867661326,0.0150038214096,0.0100367176286,92.2058367762,171.693001943,92.2096650275
2011-06-04 10:00:00,0.0100061486467,0.0149948484681,0.0197484399208,0.0100245797613,0.020004492704,0.00200562035886,0.0149975710652,0.0149999709374,92.2062645171,0.0100026738977,0.0200016318234,134.473755805,64.1053385272,0.0100441986469,0.0100070335569,0.0100165031535,0.0100093269571,0.0100030071471,0.0200277613975,92.2063023194,52.2140165775,211.968397185,0.0100018703001,171.694325328,62.5867615604,0.014989995372,0.0100144100305,92.2058093155,92.2068790381,92.2095854605
2011-06-04 11:00:00,0.0100053350224,0.0149949741468,0.0150114415604,0.01007797389,0.0150044116553,0.00200409070441,0.014995147883,0.014999966079,86.558213011,0.010003164805,0.0200118859077,124.512874398,64.1053155062,0.0100393324559,0.0100298218895,0.0100116627421,0.0100117903922,0.0100032465682,0.0199982547591,92.2062828816,42.2952352286,211.968392243,0.0100014357728,0.0113638568802,0.0149879163386,0.01498007064,0.0100494468013,92.205802171,92.2079992814,92.2095805933
2011-06-04 12:00:00,0.0100060527078,0.0149961788101,0.0153834451912,0.0220336288872,0.0150145092236,0.00200249754138,0.014996024779,0.0150001057766,92.2063097062,0.0100069191912,0.0209970220352,124.512912598,0.0110932112406,0.0101269658109,79.9157478494,0.0110554083682,91.1359588514,0.0100049360759,0.0200028414297,92.2062866033,52.2141120002,211.968389263,0.0100028326506,158.976900895,0.0100132443182,0.0149957999977,69.1530719804,92.2058801894,171.693881095,92.2095891792
2011-06-04 13:00:00,0.0100212551596,0.0149971820862,0.0197812494994,0.0221302433927,0.0199963666674,0.00200092551784,0.0150023646448,0.0150001600013,92.2063165741,0.0100229242381,103.576402343,134.473766161,64.1052765929,87.0097704042,79.9157580208,0.0122550210158,169.700297954,0.0100115355611,0.0200035512993,92.2062394252,52.2140597072,211.968379128,64.0111954378,171.694500037,62.586745107,0.0150654156764,69.1531753813,92.2060209033,171.694474024,158.968229372
2011-06-04 14:00:00,0.0100811682188,0.014997571151,0.0199243302185,0.0221514374622,59.9295296683,0.0019993528905,0.0150075544294,0.0150001906081,92.206330153,0.0100353877199,103.576427878,134.473769792,64.1053487195,87.0097969205,79.9157673239,0.0122616332801,169.700306898,0.0100188655849,69.1547747318,92.2062723543,52.2141095955,211.968369473,64.0112000973,171.694513905,62.5867648157,0.0151135142243,69.1531871262,92.2069379012,211.966293834,158.981365196
2011-06-04 15:00:00,0.0101234002388,0.014998313168,0.0199464185816,0.022226037,59.9295375494,0.00199785330894,0.0150707165161,0.0150002626345,92.2063665027,0.011295865574,211.964846338,134.473771849,64.1053968773,87.0098436575,98.6614450793,0.0122717579793,209.506528097,0.0100555116941,74.6871425774,92.2063107993,52.2141418974,211.968375598,64.0112029092,171.694543875,62.5867662965,0.0152232309959,69.1533029637,211.967049027,211.968418826,211.975026252
2011-06-04 16:00:00,0.0135805647726,0.0149990271699,0.0199973676369,0.0290754567847,73.9870834178,0.00199636347608,0.0199893686422,0.0150004837926,211.968526197,0.0126016225933,211.968503441,134.473776489,85.4737780022,116.010819815,98.6614618606,0.0151436936486,209.506555518,0.0123695635897,92.206347873,92.2063412256,52.2141518267,211.968381731,147.151941977,211.968505657,62.5867679508,0.0175524505675,92.2042033476,211.967382207,211.968598555,211.975957872
2011-06-04 17:00:00,0.013641142658,0.014999895589,0.0200013467678,0.0291289243525,73.9870854596,0.00199474114062,92.2063039678,0.0150012837263,211.968535923,0.0126066354409,211.968516674,166.016925253,85.4738047617,116.010856321,98.6614643281,0.0151564066577,209.506559752,0.0123750445395,92.2063509154,92.2198143712,52.2141529539,211.968389821,147.1519461,211.968542462,177.624921536,211.968180281,92.2042209039,211.967405125,211.968639522,211.976021327
2011-06-04 18:00:00,0.0136463067647,0.0150010811212,0.0200106685103,0.0291384388709,73.9870850781,0.00199313284913,92.2063181474,0.0151142801607,211.968537685,0.0126091023915,211.96853252,166.017002054,85.4738060469,116.010862907,98.6614661459,0.0151576572548,209.506562356,0.0123789578538,92.206350773,211.968463348,52.2141532801,211.968392455,147.151946556,211.968543994,177.624944252,211.968381489,92.204226495,211.967403282,211.968627243,211.976024269
2011-06-04 19:00:00,0.0136501427634,0.0150018854532,0.0200037396629,0.0291434024181,73.9870854895,0.00199145043446,92.2063206307,0.015015566624,211.968538556,0.0126103655907,211.968529332,166.01700502,85.4738090179,116.010867135,98.6614665671,0.0151586947854,209.506563303,0.0123803830853,92.2063508227,211.968480961,52.214149938,211.968396462,147.151946785,211.968546604,177.624945008,211.968434608,92.2042286199,211.967405419,211.968635139,211.976036396
2011-06-04 20:00:00,0.0136506114709,0.0150037293304,0.0200059001556,0.0291420397374,73.9870859803,0.00198986112993,92.2063221236,0.0155426856805,211.968538566,0.0126108508834,211.968525708,166.017007033,85.4738094427,116.010867984,98.6614659936,0.0151591069729,209.506563419,0.0123801018571,92.2063511081,211.968478845,52.2141415815,211.968397311,147.151946834,211.968545062,177.624945245,211.968425638,92.2042292175,211.967401788,211.968605983,211.976035572
2011-06-04 21:00:00,0.0136483074913,0.0150074906118,0.0200065043826,0.0291396974273,73.9870863489,0.0019882618194,92.2063206682,0.0199991834997,211.968538029,0.0126105110364,211.968521772,166.017007236,85.4738094054,116.010866188,98.6614655851,0.015159266864,209.506563242,0.0123794581269,92.2063511203,211.968487512,52.2141353295,211.968397016,147.151946827,211.968543309,177.624945326,211.968435209,92.2042291812,211.96739848,211.968572321,211.976022558
2011-06-04 22:00:00,0.0136471245646,0.0150106165963,0.0200058424533,0.0291361041716,73.9870859039,0.00198672676133,92.2063187026,0.015055209104,211.968537377,0.0126097241119,211.96851797,166.017007019,85.4738106843,116.010863755,98.6614646653,0.0151593118155,209.506562773,0.0123782579825,92.2063509759,211.968453258,52.2140391919,211.968395647,147.151946779,211.968540769,177.624945346,211.968436555,92.2042289004,211.967395396,211.968541337,211.976011052
2011-06-04 23:00:00,0.013644527769,0.0150143465606,0.020007657581,0.0291330853592,73.9870860817,0.00198498768766,92.2063190551,0.0150092245973,211.968537014,0.0126087546597,211.968513767,166.017006598,85.4738103716,116.01086227,98.6614640274,0.0151592792721,209.506562264,0.012376688555,92.2063509964,211.968389202,22.7132002066,211.968395567,147.151946722,211.968542604,177.624945346,211.968430842,92.2042282174,211.967395465,211.968516163,211.976002815
2011-06-05 00:00:00,0.0136426670897,0.0150195858798,0.0246209435635,0.029130233933,73.9870856577,0.00198331189989,92.2063225367,0.0150156163716,211.968537349,0.0126080954894,211.968501664,166.017006224,85.473809832,116.010861151,98.6614642176,0.0151592566807,209.506561605,0.0123751244612,92.2063513514,158.976495356,30.2846390182,211.968398669,147.151946652,211.968540594,177.624945323,211.9684578,92.204227652,211.967397531,211.968494111,211.976000684
2011-06-05 01:00:00,0.0136400364844,0.0150191941255,0.0201200584744,0.0291265884618,73.9870868948,0.00198174229604,92.206324437,0.0150040777695,211.968536718,0.0126070100964,211.968500146,166.017005708,85.4738093406,116.010859018,98.6614633321,0.015158765183,209.506560981,0.0123740119199,92.2063511075,211.967693,22.7131823722,211.968398422,147.151946601,211.968538344,177.624945306,211.968455902,92.2042268504,211.967396065,211.968495225,211.975987568
2011-06-05 02:00:00,0.0136367719297,0.0150171406738,0.0200071999452,0.0291226424751,73.9870906194,0.00198006771096,92.206324609,0.015096896472,211.968535635,0.0126058613217,211.968497446,166.017005302,85.4738083356,116.010856364,98.6614616379,0.0151580598425,209.506560152,0.0123726355705,92.206351128,211.967729077,22.7131241847,211.968397091,147.151946539,211.968534876,177.624945295,211.968458489,92.2042254221,211.967400322,211.968480903,211.975977985
2011-06-05 03:00:00,0.013633471321,0.0150156963452,0.020008164583,0.0291148217765,73.987090663,0.00197856331046,92.2063237638,92.2062970294,211.968534756,0.0126040022737,211.968491846,166.017004678,85.4738080816,116.010852005,98.6614588818,0.015157181251,209.50655912,0.0123712367549,92.2063510829,211.967782305,0.0150246819345,211.968397433,147.151946438,211.96852968,177.624945254,211.968453115,92.204223166,211.967406217,211.968524048,211.975981547
2011-06-05 04:00:00,0.0136303855793,0.015017724311,0.0200090700504,0.0291035715649,73.9870898961,0.0019770543013,92.2063227939,92.2062969566,211.968533271,0.0125994295684,211.96848348,166.017003713,85.4738076212,116.010847049,98.6614528186,0.0151552025748,209.506557793,0.0123701333867,92.2063511359,171.695628761,0.0150084645226,211.968398753,147.151946247,211.968521783,177.624945183,211.968451604,92.2042195968,211.967408584,211.968573978,211.97597789
2011-06-05 05:00:00,0.0136179482905,0.0150183781815,0.0200216060508,0.0290499035254,73.9870882553,0.00197566519603,92.2063239237,92.2062652238,211.968522795,0.0125031681093,211.968278365,166.017002432,85.4738070976,116.010815713,79.9159745132,0.0151489638831,209.506550715,0.012351417915,92.2063513476,158.976142962,0.0150089046711,211.968400612,147.151945935,211.968493014,177.624945151,211.968448871,92.2042010022,211.967298643,211.968503147,211.975808004
2011-06-05 06:00:00,0.0101678999911,0.0150200712557,0.0246425201621,0.0216227264866,73.9870860839,0.00197440506585,92.2063275563,92.2063057496,92.2063181916,0.010036963263,0.0201123422769,166.017001296,85.4737906607,65.2601259197,0.0100840772732,0.0149664605326,169.700303965,0.010022030034,92.2063481452,211.96795263,22.7131493571,211.96840128,147.151940076,0.0152737864591,177.624945035,211.968374489,69.1533597336,211.966782009,211.968307529,211.968223819
2011-06-05 07:00:00,0.0100393299348,0.0150164380198,0.0200297783281,0.0215112881422,73.9870852602,0.00197312873631,92.2063188971,92.2063027357,69.1550303381,0.0100235056741,0.0200612259973,166.016970483,64.1055357154,65.260071446,0.0100734802109,0.0121439468033,169.700290518,0.0100113495005,0.0200164045646,211.968262576,22.7131654404,211.968400079,119.193075764,0.0146692893789,177.624941234,159.024898322,69.1533236135,171.693365758,211.964830863,158.979033078
2011-06-05 08:00:00,0.0100101291773,0.0150149844522,0.020003756435,0.0214239760272,73.9870841611,0.00197175569395,92.2062992312,92.2063039476,69.1550147056,0.0100059735204,0.0200073885337,134.473769674,64.1053561919,65.2600408063,0.0100236761013,0.0121371745501,169.700277445,0.0100049725338,0.020000322612,211.96798789,22.7131966875,211.968398203,119.19307477,0.0146347820549,143.876205584,158.976505616,69.1531740232,92.2059671487,171.694627191,158.977999784
2011-06-05 09:00:00,0.0100038874557,0.0150170366995,0.0200010587118,0.0100850820178,73.9870447824,0.00197022733559,92.2061803164,92.2063059223,0.0194451913654,0.0100028149573,0.0198565571496,134.473763256,64.1053367111,65.2575856981,0.0100050845941,0.0119083171396,0.0100530364899,0.0100026693975,0.0199985434517,211.965195891,28.0371742844,211.968395764,119.193073758,0.0143821295975,143.876204588,158.976370746,0.0100487628064,92.2058477692,171.694243562,92.2095991249
2011-06-05 10:00:00,0.0100027241104,0.0150181748678,0.0199992362435,0.0100288230819,59.9295463055,0.00196882039286,74.6871261579,92.2063066016,0.0149957236645,0.0100025241126,0.0100374700823,134.470078651,64.1053218726,0.0100298920154,0.0100045295269,0.0100147876519,0.0100110399775,0.0100022141452,0.0199915076696,92.2065670285,22.7135562195,211.968391956,110.364006729,0.0100705935695,143.876202471,158.97629277,0.0100180607508,92.2058204752,171.693505885,92.2095759584
2011-06-05 11:00:00,0.0100030010485,0.0150197222191,0.0199971546112,0.0100253520744,59.9295440693,0.00196722322722,69.1550242703,92.2063076513,0.0150062432168,0.0100030121623,0.010040890129,124.512826055,64.1053220361,0.0100207482497,0.0100064623429,0.0100109856924,0.0100171276306,0.0100023118552,0.0199016301424,92.2063332185,22.7131802606,211.968387824,64.01112155,0.0100456067064,143.876136063,158.976234618,0.0100286360195,92.2058490018,171.693628964,92.2095858849
2011-06-05 12:00:00,0.0100041323814,0.0150218846729,0.0199970463813,0.010057988758,59.9295400827,0.00196563067648,0.0200305434779,92.2063084254,0.0200033539384,0.0100071925819,0.0199403638702,134.473761281,64.105313901,0.010110792649,0.0100527237212,0.0102146038609,169.700275068,0.0100032183492,0.0199925939296,92.2063952931,52.2138591738,211.968363877,110.363990935,0.0103083124892,143.876199763,158.976287048,69.1528248992,171.693316736,171.694589374,92.209696065
2011-06-05 13:00:00,0.0100053213983,0.015025058385,0.0199948956946,0.0214937528919,59.9295440232,0.00196409011799,69.1550783053,92.2063084715,69.1550083884,0.0100252829619,0.0200522236624,134.473764351,64.1052944114,65.2600554924,0.0100751248475,0.0121334779624,169.700290432,0.0100083714947,0.019998394237,92.2063137552,22.713160261,206.521593343,119.193072473,0.0146182106199,143.876202785,158.976310131,69.1533227797,171.694603368,171.696124173,158.978878417
2011-06-05 14:00:00,0.0100257303999,0.0150763438868,0.0199970931943,0.021541688073,59.9295467097,0.00196257327813,74.6871206592,92.2063096348,69.1550184151,0.0100382248586,0.0200851045045,134.47376463,64.1053481617,65.2600942981,0.0100857099354,0.0121410255261,169.700296184,0.0100158147475,0.0200000707238,92.2062702343,22.7127641209,171.692358617,119.193074898,0.0146566760208,143.876204568,158.976346127,69.1533377267,211.96617404,211.968154693,158.979313995
2011-06-05 15:00:00,0.0100658401819,0.0345220618966,0.020000443231,0.0221093593745,73.9870798956,0.00196107447816,74.687138261,92.2063115184,69.1550384962,0.012706440705,103.576423288,134.473765624,64.1054077855,65.2603562848,183.7142121,0.0121537902819,169.700354546,0.0100381875168,0.0200035706168,0.0152695247593,0.0152136765711,171.694312987,119.193077385,0.0147240576236,143.876205544,158.976418611,69.1537487082,211.967123476,211.968470252,211.97196041
2011-06-05 16:00:00,0.0150425144806,0.0345321871764,0.0200107309576,169.351551063,73.9870860391,0.00195958767635,92.2063203884,211.968399722,92.2063098609,0.0129182048436,211.96850313,134.473768535,85.4737821887,87.0074542059,183.714737821,0.0150070123376,209.50842497,0.0123711314501,0.0201665630013,0.0150291956273,22.713143909,211.967946504,147.152067936,211.96834333,143.876208204,211.959927011,92.2041079318,211.967313601,211.968573335,211.972213778
2011-06-05 17:00:00,0.0197836203358,0.0345387303442,92.2063112539,169.351638273,170.085245787,0.00195818558876,211.96850805,211.968526591,92.2063147692,0.0129232633047,211.968525057,134.473829536,85.4738069019,87.0074773106,183.714742355,0.0150211026443,209.508433697,0.012380383529,92.2063509671,0.0150272204139,52.213152267,211.968290895,147.152072996,211.96843756,177.624996953,211.96842997,92.2041243418,211.967347764,211.968586447,211.972338011
2011-06-05 18:00:00,0.0197944333597,0.0345365778981,92.2063606108,169.351667527,170.085253264,0.00195672957772,211.968541586,211.968529371,92.2063137471,0.0129255799019,211.968537141,166.016995449,85.4738082821,87.0074883249,183.714744944,0.0150220766634,209.508436878,0.0123855487839,92.2063520134,92.2054850656,52.2141152116,211.968163182,147.152073766,211.968448366,177.625004867,211.968507252,92.2041283422,211.967275022,211.968538897,211.972238603
2011-06-05 19:00:00,0.0198028250204,0.0345344615775,211.96849307,169.351675167,170.085254335,0.00195521174755,211.968544857,211.968529567,92.2063147232,0.0129268560131,211.968538958,166.016999019,85.4738110348,87.0074918206,183.714745696,0.0150230694366,209.508438358,0.0123872629345,92.2063523674,92.2063320929,52.2140192271,92.2065427106,147.152074119,211.96845486,177.625005734,211.968517829,92.2041309125,211.967276228,211.968527759,211.972229641
2011-06-05 20:00:00,0.0198051637105,0.0345335645871,211.968531742,169.351675655,170.085255468,0.00195361136618,211.968547151,211.968529995,92.2063155612,0.0129272675244,211.968538689,166.017001019,85.473811437,87.0074925431,183.714745597,0.0150228974248,209.508438602,0.0123872647154,92.206355554,211.968145982,52.2140140961,92.2062653559,147.152074239,211.968456374,177.62500595,211.968523092,92.2041317761,211.967298126,211.968462621,211.972144975
2011-06-05 21:00:00,0.0198050852492,0.0345318357423,211.968534268,169.35167401,170.085255795,0.00195198440006,211.968547905,211.968530478,92.2063158773,0.0129268866347,211.968536541,166.017001258,85.4738107827,87.0074913159,183.714745354,0.0150235500348,209.508438501,0.0123868069999,211.968520202,211.968473019,52.2141084759,92.206256333,147.152074259,211.968456087,177.625006021,211.968518452,92.2041320724,211.967279332,211.968372761,211.972030353
2011-06-05 22:00:00,0.0198053812635,0.0345302179375,211.968530268,169.351670764,170.085255125,0.00195024932293,211.968547851,211.968530204,92.2063160683,0.0129261035053,211.968533961,166.017000897,85.4738110033,87.0074890917,183.714745162,0.0150242839799,209.508438248,0.0123856998686,211.968549794,211.968486553,52.2141082312,92.2062504535,147.152074233,211.968455087,177.625006041,211.968513786,92.2041320372,211.967241672,211.96829744,211.971548124
2011-06-05 23:00:00,0.0198044921694,0.0345298703127,211.968531186,169.351668957,170.085255038,0.00194848767616,211.96854855,211.968530012,92.2063158717,0.0129254126089,211.968531375,166.017000548,85.4738107658,87.0074877732,183.714744824,0.015024707813,209.508437978,0.0123843286317,211.96855467,211.968494217,52.2140892149,92.2062395371,147.152074227,211.968453778,177.62500607,211.96850815,92.2041316536,211.967168545,211.968290692,211.968557072
2011-06-06 00:00:00,0.019805171222,0.0345285385575,211.968544256,169.351666659,170.085254451,0.00194687542469,211.968547931,211.968530942,92.206316664,0.0129245655306,211.968526722,166.01700051,85.4738105151,87.0074844375,183.714744668,0.0150248931305,209.508437674,0.0123832847694,211.968565436,211.968506539,52.2140789784,92.2062472944,147.152074212,211.968451814,177.625006151,211.968506833,92.2041310602,211.966700533,211.96831942,211.968666123
2011-06-06 01:00:00,0.0198040122874,0.0345268084317,211.968545569,169.351666332,170.085254387,0.00194534717187,211.968548571,211.96853068,92.2063160644,0.0129238150709,211.968524832,166.01700012,85.4738103377,87.0074828139,183.714744193,0.0150247716541,209.508437476,0.0123821475653,211.968578091,211.968510165,52.210575425,92.2062051197,147.152074197,211.968451976,177.625006187,211.968510465,92.2041301526,211.965088959,211.968177685,211.968805772
2011-06-06 02:00:00,0.0198058311782,0.0345256558655,211.968546549,169.351666315,170.085254493,0.00194378088052,211.968548827,211.968530649,92.2063149424,0.0129226862979,211.968523137,166.01699972,85.4738101968,87.0074806334,183.714743408,0.0150248116147,209.508437277,0.0123817469246,211.968609838,211.968510027,22.713164393,0.0150381684897,147.152074221,211.968451455,177.625006292,211.968516115,92.2041290896,171.688196844,211.968330874,211.96942681
2011-06-06 03:00:00,0.0198104720004,0.0345267023532,211.968547174,169.351665976,170.085254963,0.00194241759701,211.968549577,211.968530974,92.2063142038,0.0129210347816,211.968523107,166.016999149,85.4738109488,87.0074771246,183.714742751,0.0150249506726,209.508437261,0.0123817083248,211.968616187,211.968509055,0.0150742566394,0.0150688308067,147.152074261,211.968452032,177.625006469,211.968522161,92.2041277287,171.687814217,211.968473279,211.971447535
2011-06-06 04:00:00,0.0198149167217,0.0345242034595,211.968549047,169.351667517,170.085256317,0.00194149365539,211.968551198,211.968531215,92.2063133954,0.0129170432479,211.968523827,166.01699864,85.4738115723,87.0074751186,183.714741394,0.0150237920486,209.508437564,0.0123816227442,211.968622571,211.968504163,0.015007049597,92.2058870282,147.152074361,211.968454408,177.625006605,211.968532775,92.2041253563,211.958942421,211.968536297,211.971420247
2011-06-06 05:00:00,0.0198138060455,0.0154311254387,211.968553288,169.351663522,170.085257463,0.00194054371369,211.968552404,211.968532072,92.206308431,0.0126740866132,211.968496809,166.016998209,85.4738120759,87.0074626941,183.71472638,0.0150204196943,209.508433852,0.0123753627045,211.968624251,211.96850384,0.015002676632,92.2062439633,147.152074414,211.968450658,177.625006688,211.968528146,92.2041080249,92.2074038962,211.968456371,211.968528262
2011-06-06 06:00:00,0.0197478130215,0.0150518494604,211.96855107,169.351627637,170.085256097,0.00193921680625,211.968550077,211.968533671,0.0201153681289,0.0100378969142,158.975699086,166.016997771,85.4738108007,65.2588803621,148.808169436,0.014994670605,169.701840553,0.0100440091023,211.968622515,211.968501101,0.0150000365444,92.2062886332,147.152073119,211.968364523,177.625006609,211.968480092,69.1532498696,92.2058313519,211.967744129,92.2095483822
2011-06-06 07:00:00,0.0149802238985,0.0150249201458,211.96854788,137.174912481,170.085254594,0.0019376700891,211.96852923,211.968534329,0.0199988652833,0.0100252662976,158.975588633,166.016992709,85.4738051102,65.2587420635,148.808155139,0.0121712960796,169.701829239,0.010025916444,211.968603205,211.968484581,0.0149994141674,92.2063051058,119.193181334,171.69443052,177.625005145,158.977245412,69.1532156991,92.2057892615,92.2081618594,0.0212340633799
2011-06-06 08:00:00,0.014941949509,0.0150193626025,211.968544873,137.174847099,170.085253604,0.00193612130464,171.694527017,211.9685343,0.0150035739757,0.0100078486348,158.975559803,166.01686516,85.4737820201,65.2587248897,148.808133381,0.0121665978581,169.701813,0.0100194493634,171.694784594,211.968455505,0.0149993082197,92.206287761,119.193179798,171.694410458,143.87625679,158.976372235,69.1531431905,92.2050860466,92.2064320298,0.0200020553896
2011-06-06 09:00:00,0.0148833563949,0.0150123771744,211.968534895,137.174835178,170.085249148,0.00193451386918,171.694506982,211.968535084,0.0149989069264,0.0100034751199,103.576420467,134.473698102,64.1054733102,65.2585379217,0.0100155180318,0.0121607491026,0.0149588387984,0.0100099035819,171.694317333,211.968415042,0.0149993672129,92.2062638683,119.193178834,171.694388071,143.876254981,158.976142554,0.0143319571654,74.6900541812,92.206285902,0.0152910946962
2011-06-06 10:00:00,0.014860072099,0.0150050966738,171.694670809,137.174823593,137.769061412,0.00193298016237,92.2063407736,211.968535402,0.0149980709808,0.0100031026887,103.576396582,134.473689775,64.1054131216,0.0149145057722,0.0100094221062,0.011939682591,0.0100415897419,0.0100052630509,92.2063529856,211.968264043,0.0149993713919,92.2062568706,110.364062456,171.694318072,143.876254056,0.0152306018584,0.0100204250042,74.6898380845,92.206118009,0.0150540443753
2011-06-06 11:00:00,0.0148337283763,0.015004540297,171.694538314,137.174818012,137.769059212,0.0019314866783,92.2063295855,211.96853495,0.0149986943732,0.0100040202376,103.576084462,134.47367394,64.1054125023,0.0150656600413,0.0100367254401,0.0118488302719,169.701819206,0.0100049751087,92.2063518571,211.968407139,0.0149993126566,92.2062552009,0.0150042326274,0.0103444127473,143.87625106,0.0151188251699,0.0100296966843,92.2057337748,92.2061938268,0.0150749348467
2011-06-06 12:00:00,0.0144552832697,0.0150065523483,171.694541241,137.174783542,137.769059465,0.00192998228452,171.694521498,211.968534999,0.0150019536038,0.010009926309,103.576376052,134.473610638,64.1054090447,65.2581170221,148.808130087,0.0121546867174,169.701826973,0.0100117482409,92.2063548235,158.976509724,0.014999577665,92.2062628288,110.364080301,158.980425838,143.876252913,158.976335359,69.1531763754,92.2059070183,92.2064673308,0.0199470282959
2011-06-06 13:00:00,0.0148745823036,0.0150090678115,171.694528041,137.174793127,137.769061346,0.00192848929312,171.694539762,211.968533927,0.020000028748,0.0100253199733,158.975554682,134.473680418,64.1054236751,65.2587019793,148.808153536,0.0121673518472,169.701830658,0.0100232877186,171.694580734,92.2063566198,0.0149997453273,92.2062561659,119.193179535,171.69438876,143.876254305,158.97641425,69.1532166181,92.2060880103,92.2066957821,0.0200729016652
2011-06-06 14:00:00,0.0149461967949,0.0150114885341,171.694561099,137.174841362,137.76906186,0.00192690481342,211.968516652,211.968533982,0.0200147738279,0.0100378121327,158.975606423,134.473681321,64.1054741894,65.2587320112,148.808163439,0.0121740384182,169.701840318,0.0100330182103,211.968558095,92.2063533761,0.014999800849,92.2062531566,119.193180673,171.694424612,143.876254701,158.976507681,69.1532243763,92.2061005759,92.2082461823,0.0211475701247
2011-06-06 15:00:00,0.0149958517986,0.0150186083845,211.9685408,137.174948029,170.085248498,0.00192533401693,211.968536561,211.968535086,92.2063085591,0.0130530411912,238.106138002,134.473688437,85.4737532491,65.2589285858,183.71488646,0.0149449239583,169.702348065,0.0104583632294,211.968623626,158.976186415,0.0150002383469,92.2062646514,119.193187012,171.694519107,143.876255507,211.968368701,69.1533145949,92.2069312319,113.841225657,92.2077199974
2011-06-06 16:00:00,110.385567184,0.0150274153782,211.968545932,169.351650212,170.085254483,0.00192381399082,211.968549222,211.968537715,92.2063786137,0.0133724428032,238.106670428,134.473692329,85.4738037865,211.968267643,183.71494289,0.0234537793029,209.509945601,0.0124012049878,211.968627725,211.968419378,0.0150027156536,92.2064752491,147.152083991,223.744031799,143.876257612,211.968535006,211.962950703,92.2073071953,211.967869621,92.2094446956
2011-06-06 17:00:00,110.385729818,0.0150286764624,211.968549241,169.351669221,170.085257141,0.00192224368728,211.968554405,211.968544831,92.2063864209,0.0133774617991,238.106680926,166.016124792,85.4738104986,211.968305745,183.714946594,0.0234804707341,209.509954213,0.0124070702429,211.968923696,211.968493198,0.0150323959671,211.968384836,147.152087499,223.744308054,177.625005008,211.968563819,211.962976715,92.2059142587,211.967270221,92.2095075858
2011-06-06 18:00:00,110.385741065,0.0150389063015,211.968551443,169.351676754,170.085259662,0.00192071281706,211.968557217,211.968547876,92.2063851267,0.0133799781135,238.1066889,166.016902393,85.4738114012,211.968313688,183.714949054,0.0234817489007,209.509956534,0.0124103489928,211.968918491,211.968506034,22.7131948147,211.968404172,147.152088019,223.744324939,177.625008042,211.968598848,211.962980568,92.2062532611,113.841199329,92.2094801398
2011-06-06 19:00:00,110.385745963,0.0150256865417,211.96855098,169.35168003,170.08525998,0.00191910875278,211.968558305,211.968549158,92.2063849087,0.0133809990434,238.106686855,166.016904536,85.4738123656,211.96831766,183.714949631,0.0234839659961,209.509957639,0.0124115055273,211.968919868,211.968512218,52.213809634,211.968403169,147.15208827,223.744334528,177.625008434,211.968622758,211.962983272,92.2058897935,113.841118148,92.2094989891
2011-06-06 20:00:00,110.385746205,0.0150235476585,211.968551369,169.351677612,170.085260552,0.00191749678502,211.96855955,211.968546947,92.2063834694,0.0133815853128,238.106685472,166.016905744,85.4738126996,211.968318676,183.714949387,0.0234846281199,209.509957878,0.0124112732967,211.968774853,211.968507571,52.2140447858,211.968399286,147.152088268,223.744336369,177.625008532,211.968603318,211.962984467,92.2058997673,113.834183511,92.2094887376
2011-06-06 21:00:00,110.385745825,0.0150207136085,211.968551801,169.351673663,170.085260256,0.00191563371319,211.968559776,211.968540847,92.2063636804,0.0133812381355,238.106683069,166.016905573,85.473811853,211.968317019,183.714949105,0.0234852058819,209.509958021,0.0124104301198,211.968638193,211.968497839,52.2140867935,211.968400806,147.152088232,223.744330588,177.625008569,211.968619833,211.962985097,92.205948888,92.2121012351,92.2094698048
2011-06-06 22:00:00,110.385744875,0.0150162649042,211.968550582,169.351668602,170.085258935,0.0019138702564,211.968558627,211.968534507,92.2063546061,0.013380488518,238.1066799,166.016904844,85.4738118869,211.968314524,183.714948806,0.0234855700885,209.509957737,0.0124093813372,211.968630287,211.968428427,52.2140891617,211.968400955,147.152088113,223.744324023,177.625008572,211.968604168,211.962985122,92.2059789799,92.2115913128,92.2094766489
2011-06-06 23:00:00,110.385744051,0.0150099423695,211.968550049,169.351664319,170.085258239,0.00191210229505,211.968558562,211.968533483,92.2063413356,0.0133796193563,238.106675999,166.016904303,85.4738117622,211.968312266,183.71494866,0.0234857142594,209.50995737,0.0124080052134,211.968629048,211.967459292,52.2140876217,211.968401602,147.152087972,223.744337218,177.625008578,211.968619552,211.96298478,92.2059507723,92.211669363,92.209497496
2011-06-07 00:00:00,110.385743991,0.0150081458736,211.968549644,169.351659625,170.085255901,0.00191046140765,211.968557177,211.968532858,92.2063888755,0.0133790014342,238.106674332,166.016903935,85.4738118124,211.968310568,183.714948419,0.0234866220673,209.509956663,0.0124067632491,211.968631519,92.2063332084,52.214095456,211.968405861,147.152087825,223.744337556,177.625008647,211.968598521,211.962983809,92.2058903144,92.2114297305,92.2094739874
2011-06-07 01:00:00,110.385742609,0.0150042025291,211.968549294,169.351655359,170.085255509,0.00190884471992,211.96855793,211.968532692,92.2063889741,0.0133782261726,238.106669754,166.016903439,85.4738116813,211.96830857,183.714948009,0.023486348894,209.509956254,0.0124056419399,211.968631166,92.2063422423,52.2140937429,211.968405306,147.152087757,223.744337343,177.625008664,211.968604218,211.962983256,92.2058893463,92.2115968312,92.2095139729
2011-06-07 02:00:00,110.385743606,0.01500157282,211.968549779,169.351651121,170.085255355,0.00190734248529,211.968558795,211.968532592,92.2063884573,0.0133769763546,238.106668714,166.016902978,85.4738111764,211.968306582,183.714947238,0.0234862325466,209.509955786,0.0124046713547,211.968636744,92.2063638117,52.2140903697,211.968405544,147.152087731,223.744339286,177.625008696,211.968615828,211.962982709,92.2058770441,113.840566473,92.209513858
2011-06-07 03:00:00,110.385747559,0.015000838924,211.968551189,169.351642448,170.085255433,0.00190600825025,211.968559366,211.96853245,92.2063869589,0.0133753549532,238.106670994,166.016902344,85.4738110008,211.968304153,183.714946412,0.0234866293187,209.50995551,0.0124035046751,211.968873223,92.2063521216,52.2140846878,211.968408253,147.152087763,223.744343612,177.625008781,211.968609937,211.962981735,92.2058777505,113.841158642,92.2095071234
2011-06-07 04:00:00,110.38575224,0.0150004824069,211.968555242,169.351631702,170.085256254,0.00190505637925,211.968560456,211.968531951,92.2063882568,0.0133709922609,238.106673225,166.016901536,85.4738114513,211.96830268,183.714944782,0.0234862378975,209.509955362,0.0124022069374,211.968951283,92.2063417583,52.2140838309,211.968417913,147.152087914,223.744348899,177.625008887,211.968618496,211.962980119,92.2059117903,211.956934204,92.2094903849
2011-06-07 05:00:00,110.385751503,0.014999367696,211.968563859,169.351578384,170.085256903,0.00190420640582,211.968560988,211.968530905,92.2063839867,0.01277279106,238.106653747,166.016900564,85.473812706,211.968293686,183.71492211,0.0234843648467,209.509950945,0.012392985737,211.968954691,92.2063405836,52.2140946237,211.968473746,147.152088046,223.74435458,177.625008947,211.968609101,211.962967963,92.2058383975,113.841095381,92.2092302089
2011-06-07 06:00:00,110.38570908,0.014998826337,211.968565926,0.29541329166,170.085255785,0.00190290325584,211.968559642,211.968477295,92.2063189442,0.0100361456735,192.866504884,166.016898846,85.4738090031,200.017596852,0.0200784937842,0.0234619014795,169.70307001,0.010043980695,211.968924143,92.2064995399,52.2140983313,211.968506904,147.152085435,223.744335405,177.625008805,211.9686092,158.973378569,92.2053838203,92.2066325162,69.1568306997
2011-06-07 07:00:00,82.7893457427,0.0149976744673,211.968556915,0.295331813308,170.085254445,0.00190140541415,211.968554861,92.2063131079,74.6871794939,0.0100225983675,192.866369521,166.01689285,85.4737933419,171.694316394,0.0200646226692,0.0182256238085,169.703059343,0.0100256066812,211.968625288,92.2064271313,52.2140948995,211.968478717,147.15173304,223.744267892,177.62500767,211.968503972,158.973342238,0.0150521118906,92.2063024774,0.0199867160548
2011-06-07 08:00:00,82.7893092549,0.0149969906652,211.968550049,0.274026108087,170.085249773,0.001899893203,211.968544151,92.2063118592,74.6871747236,0.0100058953522,192.866357143,166.016586487,85.4737289208,171.694301438,0.0200435887367,0.0182181225037,169.703055621,0.0100141636135,211.968621791,92.2063336448,52.2140817718,211.968451756,119.193192163,211.968987697,177.624978261,211.966835637,158.973337391,0.0150101292893,0.015468034045,0.0151054399811
2011-06-07 09:00:00,82.7892139729,0.0149966921726,211.968542787,0.0110389802997,73.9871077088,0.00189834706088,171.694532303,92.2063107225,74.6871244527,0.0100029173271,178.580550946,58.4961677608,85.4711876349,171.694286075,0.0100101133685,0.0180328561952,169.703050774,0.0100042481841,211.968561444,92.2063097083,52.2140611347,211.968452309,119.193191599,223.743733188,143.876257636,158.976533957,158.973332112,0.0150068872779,0.0151272404007,0.0150250827609
2011-06-07 10:00:00,0.0148883943955,0.014996601988,171.69453956,0.0100991647222,73.9870875949,0.0018968992763,171.694502975,92.2063056957,0.0265342908554,0.010002611216,103.576413952,58.4961568606,64.1055304408,158.976731182,0.0100068168086,0.0145176622659,169.703033347,0.0100029554195,211.968554299,92.2062919375,52.2140451783,211.968443799,119.193191268,211.969078093,143.876256833,158.976459579,158.973320875,0.0150125675409,0.0151895117271,0.0150235245661
2011-06-07 11:00:00,0.0150112957722,0.0149970811746,171.694317309,0.273772197004,73.9870861068,0.00189530702202,171.694463303,0.0150132804767,74.6871697934,0.0100033470469,103.576370381,0.0150242258269,64.1055636213,0.0216649067775,0.0100107077109,0.0101789411831,169.703030661,0.0100032194972,211.968389528,92.206208291,52.2140444336,211.968447787,119.19319128,223.727139526,143.876256253,158.976436156,158.972151531,0.0150303171516,0.0159352960041,0.0151031359409
2011-06-07 12:00:00,82.7892552936,0.0149977419749,171.694524719,0.295326428951,73.9870852571,0.00189383620406,171.694505788,0.0150016797492,74.6871818115,0.0100073662822,103.576383536,0.0100149603269,85.4737734305,158.976301558,0.0200246119874,0.01804151205,169.703051598,0.0100050498423,211.96809252,92.2058329943,52.2140790696,211.968435541,119.193191348,181.232959258,143.876255899,158.976437182,0.0148641892028,0.0151106062335,92.2064060425,69.1570832064
2011-06-07 13:00:00,82.7892801064,0.0149988652066,171.694536297,0.295341640261,73.9870838539,0.00189223724185,171.694504675,0.0150003250639,92.2063136224,0.0100241010237,192.866196583,0.010173814448,85.4738039289,171.694270556,0.0200632167311,0.0182147567279,169.703055803,0.0100170779769,211.968542925,92.2062447467,52.2140807346,211.968420457,119.193191738,181.23294638,143.876256345,158.976455177,158.972706942,0.021595233482,92.2068746957,92.2095638396
2011-06-07 14:00:00,82.7893238316,0.015000457137,171.694596069,0.295371194629,73.9870832398,0.00189076408169,171.694508717,0.015000271657,92.2063270467,0.0100369439591,192.866370998,0.0154305789475,85.4738091368,171.694303578,0.020072974265,0.0182202422269,169.703058996,0.0100294724961,211.968573291,92.2062835521,52.2140840326,211.968415082,119.193193059,181.232971254,143.876256309,158.976482352,158.973339271,92.2048759268,211.965730087,211.968283603
2011-06-07 15:00:00,82.7898555711,0.0150061347798,211.968529965,0.364251486342,73.987084252,0.00188915366227,211.968437069,0.0150004201334,211.968530522,0.0131726004119,238.106598071,58.4961521485,85.4738092732,211.968154411,183.714860988,0.0182280922401,169.703072528,0.0100955013267,211.968625144,92.2062951947,52.2140865378,211.968424962,147.152068488,223.744354233,143.87625672,158.976742848,158.973364914,92.2058764286,211.968421949,211.975799783
2011-06-07 16:00:00,110.385736163,0.0150269424094,211.968545455,0.364624498588,73.9870852752,0.00188756502336,211.968521871,0.0150009761039,211.968545087,0.0135403128189,238.106721218,58.4961619012,85.4738104981,211.968337333,183.714948741,0.0234837387327,209.509950876,0.012791770951,211.968717294,92.2063063429,52.2140890285,211.968425534,147.152086096,223.744370654,143.876258038,211.968377182,211.963369857,92.2065302525,211.968551115,211.975954904
2011-06-07 17:00:00,110.385757563,0.015033462505,211.968550127,0.364650025848,73.98708662,0.00188605632592,211.968526715,92.2062992392,211.968550973,0.0135454915999,238.106731028,58.4961788896,85.4738110272,211.968360546,183.714952593,0.0234989287306,209.509956179,0.012802124881,211.968958773,92.2063105271,52.2140910372,211.968423032,147.152088088,223.744375444,177.62500273,211.968519119,211.963391316,92.2065660424,211.968537942,211.975968642
2011-06-07 18:00:00,110.385763142,0.0150863274889,211.968550849,0.364657020555,91.342070125,0.00188454217639,211.968527877,92.2063163027,211.968551536,0.013547976215,238.106738588,72.2175005637,85.4738115414,211.968370144,183.714955069,0.0235007775255,209.50995764,0.012806643581,211.968958889,92.2063144628,52.2140978138,211.968422798,147.152088296,223.744374321,177.625007632,211.968555444,211.963394644,92.2065636959,211.968542196,211.976002185
2011-06-07 19:00:00,110.38576278,0.0150505380682,211.968549218,0.364660692523,91.3420797557,0.00188295408181,211.968524018,92.2063571842,211.968552289,0.0135493620286,238.106736178,72.2175067216,85.4738123941,211.968373985,183.714955829,0.023501288106,209.50995899,0.0128081578079,211.968957802,92.206330914,52.2140940269,211.968419809,147.152088379,223.744372831,177.625007903,211.96855823,211.963396258,92.2066195126,211.9685642,211.975998015
2011-06-07 20:00:00,110.385761386,0.0150428726295,211.968548713,0.36465877753,91.342080616,0.00188139255187,211.968519771,92.2063362461,211.96855213,0.0135498316101,238.106733529,72.217509521,85.4738122811,211.968374598,183.714955732,0.023501121487,209.509959336,0.0128081585093,211.968956061,92.2064441332,52.2140924046,211.968418602,147.15208829,223.744365705,177.625007798,211.96855786,211.963397109,92.2067059136,211.968508386,211.975965971
2011-06-07 21:00:00,110.385759338,0.0150382593251,211.968548725,0.36465583684,91.3420804255,0.00187952661637,211.968522939,92.2063236572,211.968551373,0.0135494633613,238.106731208,72.2175100797,85.473811724,211.968372643,183.714955442,0.0235012057366,209.509959299,0.0128075212616,211.96894806,92.2064215102,52.2140915079,211.968414196,147.152088144,223.744354669,177.625007688,211.968528908,211.963397088,92.2066544138,211.96834669,211.975916187
2011-06-07 22:00:00,110.385757789,0.0150338960499,211.968547296,0.364651619407,91.3420793322,0.0018778055248,211.968521705,92.2063136855,211.968550513,0.0135485403121,238.106728147,72.217509975,85.4738117805,211.968369332,183.714955208,0.0235016052944,209.50995878,0.0128064515506,211.968710101,92.206335214,52.2140869763,211.968410012,147.152087921,223.744362068,177.625007545,211.968482064,211.96339642,92.2065665618,211.968219303,211.975831999
2011-06-07 23:00:00,110.385754166,0.0150329031399,211.968546465,0.364647301553,91.3420788327,0.00187612770335,211.968522638,92.2063127238,211.968549984,0.0135477651809,238.106725087,72.2175098599,85.4738116466,211.968366733,183.714955005,0.0235017684967,209.509958447,0.0128051111387,211.968638823,92.2063203974,52.2140837427,211.968408229,147.152087726,223.744359005,177.625007506,211.968211354,211.96339581,92.206357814,211.968156599,211.975833711
2011-06-08 00:00:00,110.385756431,0.0150316469521,211.968545826,0.364643667194,91.3420763813,0.00187453334792,211.968519812,92.2063125443,211.968548941,0.0135470070543,238.106720867,72.2175095973,85.4738116842,211.968365541,183.714954739,0.0235020796424,209.509958648,0.0128043844959,211.968631027,92.2062671075,52.2140821475,211.968405813,147.15208757,223.744354183,177.625007375,211.966959427,211.963395621,92.2059151816,211.968344829,211.975900395
2011-06-08 01:00:00,110.385757022,0.0150334418386,211.968541263,0.364639574722,91.3420656118,0.00187297754615,211.968515064,92.2063124934,211.96854835,0.0135460984368,238.106718558,72.2175092696,85.4738114005,211.968364407,183.714954426,0.0235015964543,209.509958334,0.0128035177923,211.968632164,92.2062593158,52.2140801981,211.968405227,147.152087372,223.744353395,177.625007383,211.968396907,211.963394695,92.2059663687,211.968267826,211.975949328
2011-06-08 02:00:00,110.385760307,0.0150346283007,211.968536313,0.364635441857,91.3420692579,0.00187141013804,211.968506489,92.2063121829,211.968546967,0.0135449129986,238.106719352,72.2175091164,85.473810523,211.968362561,183.714953847,0.0235018619395,209.509957683,0.0128026470573,211.968636993,92.2062362534,52.2140788009,211.96840318,147.152087182,223.744353443,177.625007397,211.968387905,211.963393688,92.2059424152,211.968379913,211.975964636
2011-06-08 03:00:00,110.385766423,0.0150390210546,211.968540441,0.364629047389,91.3420742693,0.00187003894297,211.96851155,92.206312551,211.968546458,0.0135432974832,238.106722434,72.2175088852,85.4738106971,211.968358778,183.714953299,0.0235022532494,209.509957088,0.0128021423121,211.968824762,92.1994160699,52.2140769136,211.968403613,147.152086964,223.744357916,177.625007469,211.968415216,211.963392148,92.2058818947,211.96850886,211.975992674
2011-06-08 04:00:00,110.385773429,0.0150515122687,211.968543357,0.364619349358,91.3420745523,0.00186906888992,211.968512715,92.2063124471,211.968546473,0.0135388672474,238.106723849,72.2175083056,85.4738115091,211.968358106,183.714952128,0.0235014504054,209.509956484,0.012801779463,211.96895215,0.0156106819637,52.2140768743,211.968407716,147.152086732,223.744360628,177.625007501,211.968381349,211.963389653,92.2058731829,211.968603806,211.976010709
2011-06-08 05:00:00,110.385775761,0.015039227348,211.968545393,0.364584872108,91.3420632174,0.0018681657305,211.968509675,92.2063119939,211.968542764,0.0134272020601,238.106708729,72.217507544,85.4738122289,211.968357254,183.714941568,0.0234980776825,209.509951768,0.0127957771222,211.968953078,0.0152324256129,52.2140808576,211.968415966,147.152086084,223.744366822,177.625007345,211.968365494,211.963373919,92.2058110436,211.968566308,211.975956454
2011-06-08 06:00:00,110.385760271,0.0150390030884,211.96854808,0.294939512057,73.9870866323,0.0018667993174,211.968469905,92.2063128859,211.968462273,0.010244404944,211.96857049,72.2175058603,85.4738117346,211.968310889,148.809107072,0.0189999893504,169.703081109,0.0103707065971,211.968939067,0.015062386178,52.2140898742,211.968428699,147.152076353,223.744364328,177.625006715,211.968254093,158.973427853,92.205801335,211.968445473,211.975261252
2011-06-08 07:00:00,110.385728782,0.0150286178196,211.968537003,0.293713936615,73.9870843927,0.00186527069079,92.2063239442,92.2063117566,92.2063243819,0.0102316904183,192.866409492,72.2174973005,85.4738102157,211.968308495,148.809095244,0.0189638864428,169.703059636,0.0103606366704,211.968627155,0.0150302995966,52.214085126,211.968423588,64.0111962723,223.74435092,177.6250011,92.2071460189,158.973410861,74.6871442536,211.965920088,158.981903736
2011-06-08 08:00:00,110.385748782,0.0150112749688,211.968441986,0.293671260359,0.0200337570089,0.00186374474654,92.2063073353,92.2063070614,92.2063117477,0.010220138445,192.866387666,0.0150349227074,85.4738086586,211.968318401,148.809091525,0.0189554080451,169.703056545,0.010177142647,211.968625763,0.0150126413161,52.2140772632,211.968419301,64.011194133,223.744288653,143.876249949,0.0181617274405,158.97339188,0.0166006861338,171.694276903,158.980483818
2011-06-08 09:00:00,110.38574045,0.0150063198056,92.2063398051,0.29361119218,0.0200212303949,0.00186210774397,92.206087539,0.0150109757026,0.0199955609953,0.0100256199997,178.579896674,0.014949607807,85.4738095029,171.694388486,148.8090842,0.0189354064656,169.70305627,0.0100115063985,211.968614422,0.0150075535439,52.2140724139,211.968416978,64.0111633711,211.968578718,143.876248079,0.0153602280173,158.973389651,0.0152815860462,171.69299061,92.2096098447
2011-06-08 10:00:00,89.4124816499,0.0150053340121,92.206323674,0.27286205117,0.0200006976489,0.00186065514674,0.0199945767545,0.0150021088607,0.0199777543,0.0100059728851,103.576418746,0.0149270850091,85.4738079355,171.694282437,79.9156919358,0.0189507122122,169.703054905,0.0100065452518,211.968550683,0.0150049379174,52.2140680943,211.968412359,0.0149835855535,181.232943388,143.876246022,0.0150226739488,92.205125591,0.0152756143226,171.692159752,92.2095969419
2011-06-08 11:00:00,89.4124657201,0.0150084911086,92.206318983,0.273089729986,0.0199862785919,0.00185914706572,0.0150218014847,0.0150007529326,0.0200058024984,0.0100068599553,103.576395052,0.0100133536019,85.4738067703,158.976572794,0.0200552479822,0.0189496848516,169.703048698,0.0103092776694,171.694607278,0.0150029519934,52.2140639287,211.968410722,0.0100091840834,181.232910518,133.218937377,0.0150171726398,158.973278611,0.0160013969068,171.694375624,92.2096131681
2011-06-08 12:00:00,89.4123218254,0.0150234696722,92.2063127471,0.272968319864,0.0151150344405,0.00185770297673,0.0199415183878,0.0150002128039,92.2062920486,0.0100618848826,103.576444652,0.0100084305742,85.4738075278,158.976474402,148.80907149,0.0150685717572,169.703002165,0.0103658983995,171.694572431,0.0150013898503,52.2140658332,211.968411496,0.014998308385,181.232892437,0.015132879921,0.0150223676204,158.973395004,92.2049032314,211.963769227,158.981536139
2011-06-08 13:00:00,89.4124506997,0.0150381461587,92.2062994592,0.293685375824,0.0198832996462,0.00185609079619,92.2063011829,0.0150001014246,92.2063184084,0.0102258883726,192.86638291,0.0100119071365,85.4738077715,171.694341449,148.809089301,0.0189534593551,169.703048851,0.0103724520518,171.694573082,0.0150012998762,52.2140618111,211.968410244,64.0111915893,181.232907431,77.2668130572,0.0151127771473,158.973389092,92.2055945771,211.968193,158.981897236
2011-06-08 14:00:00,89.4124733518,0.0150546566452,92.2063100938,0.293713248062,0.0199966237364,0.00185456524611,92.2063131785,0.0150000738682,92.2063247793,0.0102377927534,192.866412993,0.0147048458613,85.473809453,171.694365412,148.809094469,0.0189643809667,169.703056398,0.0103824480899,171.694571585,0.015002397455,52.2140598419,211.968410829,64.0111943263,181.232922579,143.87624568,0.0179019578116,158.973411045,92.2057989076,211.96844897,211.969553716
2011-06-08 15:00:00,110.38566415,0.0151418014574,92.2063170223,0.294237953767,0.0200151335055,0.00185290005113,92.2063212722,0.0150001368645,92.2063409342,0.0133589691762,238.106635194,0.0149433782505,85.4738104596,171.694393342,148.809727978,0.0189995775132,169.703065424,0.0113285121714,171.69457408,0.0150034883785,52.2140595419,211.968415051,64.0111960066,181.232957992,143.876247859,0.0181409304052,158.973531773,92.2058987332,211.968545532,211.97588617
2011-06-08 16:00:00,110.385761214,211.968407709,92.2063204549,0.362594692216,0.0200287898925,0.00185126719971,92.2063410384,0.0150002941714,211.96839531,0.0136270142379,238.106704928,0.0149524888265,85.4738114315,211.968352654,183.714929647,0.0234246944319,209.509944889,0.0128075720592,211.968541444,0.015006206481,52.2140618476,211.968412075,85.3482228442,223.744162129,143.876249212,0.0185442581641,211.964440899,92.2066052342,211.96858478,211.97597889
2011-06-08 17:00:00,110.38577103,211.968432593,92.206346378,0.362620711119,73.9870856895,0.00184993382471,122.940911762,0.0150008640898,211.968499288,0.0136322515223,238.106711901,0.0150890519582,85.4738117944,211.968370529,183.714932024,0.0234299893176,209.509950857,0.0128132482846,211.968557527,0.0150115375265,52.214063446,211.968409984,85.3482263528,223.744337719,177.624992519,211.968568344,211.964461518,92.2067008358,211.968524175,211.975990247
2011-06-08 18:00:00,110.385769021,211.968440492,113.834955974,0.362628402343,170.085250809,0.00184842556981,122.940939007,92.2063121012,211.968507925,0.0136347647941,238.106719107,166.017131629,85.4738119463,211.968374777,183.714934453,0.0234308309017,209.509951842,0.0128159016462,211.968563496,92.2062722298,52.2140615953,211.968402275,85.3482267951,223.744336249,177.62500514,211.968943665,211.964466015,92.2066292348,211.968471967,211.975970663
2011-06-08 19:00:00,110.38576895,211.968442781,113.834953718,0.362631458243,170.08525427,0.00184685899803,122.940942733,92.2063171032,211.968510146,0.0136358811968,238.106714943,166.017145056,85.4738123099,211.968377643,183.714934381,0.0234313135357,209.509952356,0.0128168290878,211.968565315,92.2063354772,52.21405848,211.968359576,85.3482269935,223.744337827,177.625005861,211.969040268,211.964468128,92.2065515239,211.968406851,211.975963931
2011-06-08 20:00:00,110.385766448,211.968445633,113.834960457,0.362629656505,170.085255235,0.00184526211324,122.940945308,122.941241391,211.968510678,0.0136362347529,238.106710823,166.017149698,85.4738119592,211.968377726,183.714933591,0.0234308316424,209.509952204,0.0128164487578,211.968563495,211.968462015,52.214056158,92.2062660988,85.3482269672,223.744334763,177.625006083,211.969302159,211.964468484,92.206521736,211.968256197,211.975950752
2011-06-08 21:00:00,110.38576125,211.968446667,113.834960472,0.362626715774,170.085255398,0.00184355727481,122.940945856,122.941228711,211.968509898,0.0136358730278,238.106707095,166.017150849,85.4738114918,211.96837545,183.714933644,0.02343030109,209.509952094,0.0128155763885,211.968567753,211.968512904,52.2140553348,92.2062555976,85.3482269036,223.744326799,177.62500619,211.969426895,211.964468216,92.2064953322,211.968044207,211.975876551
2011-06-08 22:00:00,110.38575649,211.96844641,113.834952166,0.362622400744,170.085255184,0.00184168187926,122.940944661,92.2063162005,211.968508534,0.0136351150123,238.106701236,166.017150986,85.4738123434,211.968372214,183.714933753,0.0234296973489,209.509951577,0.0128145106397,211.968594324,211.968511915,52.2140521998,92.2062387277,85.3482268257,223.744329596,177.625006227,211.969488741,211.964467887,92.2064724959,211.967309373,211.975683888
2011-06-08 23:00:00,110.385749661,211.968447224,113.834562844,0.362618533809,170.085255325,0.00183994478338,122.940943795,92.2063144125,211.968507317,0.0136343173843,238.106696487,166.017151063,85.4738124617,211.968369278,183.714933774,0.023429172041,209.509950981,0.0128129817377,211.968575183,211.968505551,52.2140467493,0.0158205977382,85.3482267441,223.74432413,177.625006263,211.969524406,211.964467291,92.2064563135,211.964796677,211.974700198
2011-06-09 00:00:00,110.38573129,211.968445511,92.2063353009,0.362614685617,170.085254708,0.00183833959183,122.940940914,92.2063141594,211.968503146,0.0136333752378,238.106701689,166.017151181,85.4738122549,211.968367426,183.714933552,0.0234288323223,209.509949847,0.0128114749989,211.968574586,211.967755331,52.2140470652,0.0157743888928,85.3482267146,223.744323321,177.625006286,211.969586299,211.964466834,92.2059054705,211.961577093,211.975833623
2011-06-09 01:00:00,110.385718061,211.968447376,92.2063337916,0.362611080067,170.085254842,0.0018367822852,122.94094356,92.2063146015,211.968500793,0.0136324825243,238.106699272,166.017151199,85.473812199,211.968365228,183.714933564,0.0234294509511,209.509949179,0.012810316215,211.968558552,211.968428847,52.2140399397,0.0150340512274,85.3482266363,223.744320931,177.625006319,211.969631151,211.964466041,92.2059490756,211.966478815,211.975765431
2011-06-09 02:00:00,110.385728239,211.96845097,92.2063668225,0.362607146122,170.085255086,0.00183522560054,122.940944601,92.2063146447,211.968496335,0.013631348413,238.106697732,166.017151149,85.4738116017,211.968363037,183.714933515,0.0234300695513,209.509947826,0.0128089133749,211.968557001,211.968440924,52.2139644857,0.0150265915195,85.3482265383,223.744319403,177.625006361,211.969643445,211.964464657,92.2059821324,211.967814123,211.975823097
2011-06-09 03:00:00,110.385748546,211.968455928,113.83463305,0.362600836212,170.085255341,0.00183381630425,122.940944559,92.2063147984,211.968492738,0.0136297146112,238.106696812,166.017151319,85.4738119399,211.968359457,183.714933775,0.023431134292,209.509946832,0.0128075820805,211.968565512,211.968463331,22.713176202,0.015029508255,85.3482264135,223.744320623,177.625006437,211.969653981,211.964463006,92.2061072913,211.968212016,211.975897078
2011-06-09 04:00:00,110.385757191,211.968459081,92.206549724,0.362593342794,170.085255826,0.0018328681355,122.940944056,92.2063142246,211.968490548,0.0136260764457,238.106695348,166.017151232,85.4738117137,211.968357374,183.714933655,0.023430899232,209.509944981,0.0128055717612,211.968594699,211.968467773,0.0151422841961,0.0154204910188,85.3482262524,223.744320115,177.625006528,211.969705546,211.964460263,92.2062187121,211.968386458,211.975927768
2011-06-09 05:00:00,110.385758638,211.968455085,113.834941513,0.362543422538,170.085255787,0.00183191406178,122.940942255,92.2063142238,211.968463521,0.0134864839411,238.106652496,166.01715143,85.4738121819,211.968339609,183.71492666,0.0234296420138,209.509934554,0.0127979734954,211.968595952,211.968466983,22.7131565242,0.019261992881,85.3482257527,223.744320214,177.62500658,211.969743197,211.964450558,92.2058763002,211.968218173,211.975816734
2011-06-09 06:00:00,110.385753328,211.968427678,113.834954304,0.0123338905368,170.085255466,0.00183066004811,122.940938242,92.2063146007,92.2062651896,0.0102149966364,103.594121869,166.017151967,85.4738118776,200.018625188,148.809097865,0.0233136238099,0.0152362315059,0.0103978530684,211.968551465,211.968426141,52.2140111418,92.2061258457,85.3482164883,223.744295503,177.625006485,211.969428397,211.964398583,92.2057128105,211.967204193,211.969259445
2011-06-09 07:00:00,110.385720356,92.2063002606,92.206323438,0.012204507539,170.085245207,0.00182914788088,99.5821447812,92.2063144527,74.6871005505,0.0102029382828,103.576514455,166.017150556,85.4738106259,70.4763861597,148.809090213,0.0189806800048,0.01509524839,0.0103358313917,92.2063892145,211.968429949,52.2139827517,92.2062312484,0.0150255612791,211.968597449,177.625003874,211.968001433,171.691155618,0.0155014338452,92.2101484453,92.210547235
2011-06-09 08:00:00,89.4124792452,92.2062868924,92.2063192988,0.0118032649294,137.769058312,0.00182764496262,99.5820769983,92.2063143253,74.6870907742,0.0100922195773,103.57646942,166.017143647,85.4738102085,70.4763646082,148.809085629,0.0189785130709,0.0150874781095,0.0103174786477,92.2063510038,211.968251918,22.713201899,0.0194553522005,0.0150233462662,181.232928774,143.876255507,211.968348354,171.691138841,0.015040600087,92.2064180971,92.2101347797
2011-06-09 09:00:00,89.4124566071,92.2062863342,92.2063135007,0.0104819438862,137.769057499,0.00182608113103,92.2063294897,92.2063138194,74.6870812337,0.0100106961267,103.576387438,166.017021818,85.47380924,70.4762346195,148.809071554,0.0189762624433,0.0150806586534,0.0100153641116,92.2042244559,158.975535009,22.7131598102,0.0153516719886,0.0150149276452,181.232892464,143.876254434,158.977967992,171.69112905,0.0150249747345,92.2063685169,92.2096011423
2011-06-09 10:00:00,82.7894654299,92.2062865765,92.2052784074,0.0115123997238,137.769057741,0.00182462144766,92.2063252854,92.2063136788,74.6869958897,0.0100092541153,103.575732499,134.473898332,85.4738061456,65.2567102992,148.808931782,0.018973109943,0.0150635474993,0.0100089252355,0.0200021263183,92.2064445463,22.7131131123,0.0150333364624,0.0149933090256,181.23287908,143.876253129,158.977468271,171.6911204,0.0150249634379,92.2064193963,92.2095426249
2011-06-09 11:00:00,89.4122499988,92.2062896187,0.0200084445138,0.0121011877677,137.769057882,0.00182324587708,92.2066578616,92.2063136903,74.6869749904,0.0100296520095,103.565125886,134.473892342,85.4738050858,0.0188986497425,148.809081081,0.0189727546809,0.015070757096,0.0100317577705,0.0200202739023,92.2063428757,22.7129959016,0.0150211574585,0.0149933825398,181.232872379,143.876251598,158.977690365,171.691124661,0.0150317795599,92.2064428929,92.2093431303
2011-06-09 12:00:00,89.4124441141,92.2062925168,92.2063147214,0.0121884879098,137.769059292,0.00182160677375,99.5821405751,92.2063139774,66.7659259158,0.0101892078191,103.57611888,134.473886868,85.4738057275,65.2568241339,148.809088279,0.0189761686587,0.0150824457778,0.0102942959262,92.206352689,92.206339835,52.2140178614,0.0150103119768,0.0149997625969,181.232870462,143.876252978,211.967820255,171.691129431,0.0154949645331,92.2065770864,92.2095198568
2011-06-09 13:00:00,89.4124585045,92.2063484208,92.2063240194,0.0121781513709,137.769060299,0.00182013976939,99.5821151347,92.2063140631,74.6870914173,0.0102070034217,103.576442972,134.473885304,85.4738047949,70.4763256206,148.809092571,0.0189766797853,0.0150857006123,0.0103263200316,92.2063850464,92.206319279,52.2140256329,0.0150086418961,0.0150176645343,181.23288504,143.876253916,158.977468883,171.691135817,74.6826284555,92.2102824923,92.2096663047
2011-06-09 14:00:00,89.4124707067,211.968429322,92.2069426975,0.0122372047968,137.76906296,0.00181862782384,99.5821362997,92.2063146831,74.6870982536,0.0102258653411,103.57651263,134.473888952,85.473808775,70.4763688566,148.809127851,0.0189804315466,0.0150888713206,0.0103373448809,92.2065025512,92.2066815528,52.2140282261,0.0150094684523,0.015023197721,181.232896745,143.876254644,211.958849702,171.691142885,92.2057460246,92.2114498501,92.2102331714
2011-06-09 15:00:00,110.38572042,211.968463724,211.968539955,0.0125222642646,170.085250064,0.00181708629213,211.967371267,92.2063402138,74.6871143696,0.0134197668965,211.967942769,134.473893359,85.473808974,70.4764160752,183.714917867,0.0190030838515,0.0150960611519,0.0103850793581,211.968565749,158.976303599,52.2140277248,0.0150227345741,0.0150247721922,211.968464451,143.876255491,211.968493791,171.691160754,92.2059242201,211.967967268,92.2104043583
2011-06-09 16:00:00,110.385756617,211.968472261,211.968550162,0.0152983071792,170.085255395,0.00181550976862,211.968537067,211.968534593,92.2062996106,0.0134592650008,211.96850206,134.47390695,85.4738099782,87.0083678514,183.714928921,0.0540302514056,0.0186227778148,0.018071944754,211.968626451,211.968450084,52.2140274059,0.0161183636719,64.0111414365,223.744256612,143.876267114,211.968834807,211.964350042,211.967398031,211.96840631,92.2109925897
2011-06-09 17:00:00,110.385763957,211.96847501,211.968554663,0.0153323158839,170.085257472,0.00181388891861,211.968551674,211.96853631,92.2063059021,0.0134633250198,211.96851233,166.017135582,85.473810995,87.0083956761,183.714930564,0.0540422370491,0.0186306974698,0.0180871114363,211.968630837,211.968523505,52.2140268833,92.206252985,64.0111825721,223.74428531,177.625004884,211.96977813,211.964369422,211.967445056,211.968416386,92.2115886936
2011-06-09 18:00:00,110.385764562,211.968473034,211.968559814,0.0153439994693,170.085261758,0.00181242606724,211.968553703,211.968539869,92.2063083519,0.0134654104969,211.968521547,166.017148926,85.4738113571,87.0084015074,183.714930993,0.0540442605166,0.0186328834959,0.0180917394179,211.968634228,211.968544654,52.2140271372,92.2062618284,64.0111832417,223.744288443,177.625006408,211.969818338,211.964372457,211.967461769,211.968487476,92.2155959211
2011-06-09 19:00:00,110.38576482,211.968472151,211.968560861,0.0153487426669,170.085262654,0.00181085754791,211.968557301,211.968544664,92.2063099284,0.0134664553453,211.968518288,166.01715101,85.473812074,87.0084049549,183.714930303,0.0540452204439,0.018633353179,0.0180934547053,211.968634776,211.968552003,52.2140265517,92.2062658295,64.0111835617,223.744288393,177.625006799,211.969825538,211.964372939,211.967462255,211.968490372,211.971391106
2011-06-09 20:00:00,110.385763502,211.968472794,211.968562822,0.015347625224,170.085263867,0.00180921073681,211.968559196,211.968547541,92.2063097066,0.0134668616568,211.968514937,166.017152319,85.473812036,87.008405239,183.71492917,0.0540453844481,0.0186332399511,0.0180935620242,211.968634229,211.968554241,52.214025457,92.2062629642,64.0111836075,223.744285056,177.625006872,211.969835362,211.964372438,211.967464034,211.968456171,211.975455978
2011-06-09 21:00:00,110.385760295,211.968472276,211.968558877,0.0153449153818,170.085263937,0.00180757662904,211.96855952,211.968548277,92.2063090408,0.0134664603828,211.968512674,166.017152081,85.4738114095,87.0084033328,183.714929508,0.0540455980285,0.0186332302004,0.0180930422905,211.968630472,211.96855527,52.2140237472,92.2062616172,64.0111836183,223.744277936,177.625006894,211.969829237,211.964372004,211.967451615,211.9684355,211.975652015
2011-06-09 22:00:00,110.385757598,211.968471661,211.968553744,0.0153408832233,170.085263193,0.00180579796482,211.968558467,211.968540347,92.2063081524,0.0134656917483,211.968509562,166.017151345,85.4738116909,87.0084006113,183.714929373,0.0540457969558,0.0186327562359,0.018092082323,211.968628748,211.968549888,52.2140174288,92.2062616409,64.0111835778,223.744279229,177.625006854,211.969821312,211.964371076,211.967444989,211.968387231,211.975725319
2011-06-09 23:00:00,110.385754653,211.968471386,211.968551598,0.0153372448268,170.085263088,0.00180410560382,211.968557866,211.968538382,92.2063071654,0.0134646957732,211.968507006,166.017150685,85.4738118973,87.0083979638,183.714928673,0.0540458684164,0.0186321065769,0.0180910263483,211.968628284,211.968545271,52.2140035771,92.2062636764,64.011183556,223.744274495,177.625006832,211.969811836,211.964369842,211.967437868,211.968393854,211.975762438
2011-06-10 00:00:00,110.385753323,211.968470896,211.968549503,0.0153343172641,170.085262083,0.00180249755133,211.968553242,211.968537962,92.2063062409,0.0134638200145,211.968503884,166.017149869,85.4738118633,87.0083953468,183.714925651,0.0540457852357,0.0186311650148,0.0180898274325,211.968628234,211.968539793,52.2140050656,92.2062709446,64.0111835562,223.744271739,177.625006807,211.969808912,211.964369692,211.96743297,211.968402629,211.975758675
2011-06-10 01:00:00,110.385751607,211.968470582,211.968549041,0.0153308826771,170.08526155,0.00180090681005,211.968554771,211.968537657,92.2063047563,0.0134628339972,211.96850166,166.017149153,85.4738116999,87.008392605,183.714924345,0.0540456123814,0.0186302369978,0.0180890879889,211.968628253,211.968537775,52.2140003795,92.2062667421,64.0111835438,223.744267978,177.62500682,211.969769914,211.964368251,211.967427018,211.968413511,211.97577357
2011-06-10 02:00:00,110.385753296,211.968472168,211.968548805,0.015327038022,170.085261418,0.00179934093573,211.968556063,211.968537489,92.2063008008,0.0134615630433,211.968501778,166.017148261,85.4738113785,87.0083894782,183.714923382,0.0540455148867,0.0186297631269,0.0180885078346,211.968628529,211.968536375,52.2139966408,92.2062654781,64.0111835136,223.744264839,177.625006818,211.969788502,211.964366067,211.967436488,211.968498206,211.975788947
2011-06-10 03:00:00,110.385756557,211.968476928,211.968548731,0.0153202294962,170.085261708,0.00179795995285,211.968558215,211.968537519,92.2062929327,0.0134595118923,211.968502247,166.017147118,85.4738116243,87.0083850329,183.714924759,0.0540457447746,0.018629458962,0.0180883557206,211.968629481,211.968536513,52.2139935298,92.2062696819,64.011183458,223.744260362,177.625006848,211.969827159,211.964362761,211.967461129,211.968597515,211.97584397
2011-06-10 04:00:00,110.385759427,211.968483583,211.968549948,0.0153119640686,170.085262627,0.00179705739872,211.968561546,211.968537814,92.2062736592,0.0134549767365,211.96850229,166.017145158,85.4738115839,87.0083789298,183.714925997,0.0540451122443,0.0186280878974,0.01808787386,211.968636513,211.968536714,52.2139987674,92.2062722129,64.0111834199,223.744254533,177.625006892,211.969834835,211.964356551,211.967475177,211.968715523,211.975919099
2011-06-10 05:00:00,110.385755645,211.968476957,211.968552481,0.0152630239668,170.085262762,0.00179614940596,211.968563492,211.968540828,92.2062146339,0.0131823217091,211.968468835,166.017142353,85.473811921,87.0083551107,183.714920407,0.0540422080867,0.0186232607409,0.0180831731286,211.968639674,211.968541663,52.2140132127,92.2063391012,64.0111832154,223.744234125,177.62500684,211.96985183,211.964325512,211.967435152,211.968633046,211.975803583
2011-06-10 06:00:00,110.385704758,211.968468774,211.96856076,0.0107311779134,170.085261438,0.00179496539007,211.968562711,211.968554552,92.2059203596,0.0101959760012,103.5766519,166.017137362,85.4738092313,0.0121057792247,183.714731893,0.0437711379009,0.0151062149804,0.0146730005318,211.968629537,211.968554242,52.2140231302,92.2062981394,64.0111804441,211.968721303,177.625006552,211.969818225,69.1542013461,211.967262007,211.968425433,211.975290426
2011-06-10 07:00:00,82.7894232662,92.2113577009,211.968551813,0.0106082688292,170.085256317,0.00179340043809,211.968556581,211.968554095,74.6871025349,0.0101831402493,103.576604523,166.016939511,85.4737922576,0.011827426444,148.809104982,0.0437535488185,0.0150869652077,0.0146500202274,211.96862465,211.968552451,52.214021667,92.2063047398,48.0084564374,171.695098263,177.625003652,211.969693675,69.1538275626,92.2060266703,211.964086127,158.976150993
2011-06-10 08:00:00,82.7893716341,92.206300175,211.968547531,0.0102856305799,170.085250477,0.0017918696459,211.96854174,211.968547448,74.687095061,0.0100227914178,103.576406892,0.0100988335191,64.1056633065,0.0117836699919,148.80909706,0.0437455935807,0.0150817854226,0.0146454992537,211.968554596,211.968541414,52.2140188677,92.2062810596,48.0084546352,171.695068902,143.876253433,211.967423112,69.1538093485,92.2058235846,171.694291825,158.975581304
2011-06-10 09:00:00,82.7893201359,92.2062981654,211.968541616,0.0100234214302,73.9871494144,0.00179034550407,171.694726475,211.968539042,74.6868923728,0.0100066360873,0.0201551266995,0.0100824462021,64.1055439912,0.0101318829024,148.809092839,0.0406528364004,0.0150728916831,0.0146431934521,171.69460259,211.968515491,52.2140168086,92.2062770939,48.0083920819,171.695044985,143.876251556,158.977519623,69.1535133904,92.2046140359,92.2076281328,92.2097475472
2011-06-10 10:00:00,82.7892523468,92.2063008632,211.968539528,0.0100141603028,73.987132504,0.00178884193817,171.694534776,211.96853783,0.0200330060914,0.0100061162009,0.0200288282284,0.0100731999762,64.1055302941,0.0100258750644,148.809091763,0.0235390235189,0.0150424264647,0.0146441923348,171.69460268,211.968384017,52.2140140236,92.2062729592,0.010016050893,171.695033977,143.876250469,158.977478987,0.0152931461814,0.0150831257009,92.2068747857,92.2095766425
2011-06-10 11:00:00,82.7893054811,92.2063072744,211.96853865,0.0100263905128,73.987097025,0.00178742743147,171.694524573,211.968537559,74.6870017107,0.0100131137027,103.576405577,0.0100502132297,64.1055609915,0.0100381019495,148.809091208,0.0437079501978,0.0150022165011,0.0146457266709,211.968552325,92.2088997098,52.2140109934,92.2062775242,0.0149934689066,171.695019383,143.876248701,158.977547209,69.1535315319,92.2048969971,171.690299801,92.2095583643
2011-06-10 12:00:00,82.7893337527,92.2062921019,211.968528327,0.0103625554948,73.9870902625,0.001785920324,171.694526198,211.968537549,74.6870949299,0.0101725996945,103.576557284,0.0100319041551,85.4737100491,0.0114905017544,148.80909086,0.0437475436368,0.0150701749442,0.01464653915,211.968550807,92.2064948735,52.2140142929,92.2062689001,0.0150254387894,171.695020148,143.876248929,158.977542301,69.1537960549,92.2055396317,171.69454985,92.2095604878
2011-06-10 13:00:00,82.789373691,92.2062916505,211.968546387,0.0106068352275,73.9870864883,0.00178428351691,171.694535124,211.968537213,74.6871023799,0.0101930514373,103.576609699,0.0100098232882,85.4737787498,0.0118115684668,148.80909329,0.0437504867282,0.0150804317022,0.0146456826657,211.968553271,92.2063445832,52.2140141566,92.2062944885,48.008452576,171.695039775,143.876250183,158.977394984,69.1538084349,92.2054071595,171.694665562,92.2096601139
2011-06-10 14:00:00,82.7894092795,92.2062959072,211.968549089,0.0106424749418,73.9870864868,0.00178270562968,171.694545413,211.968536868,74.6871131542,0.0102223876726,103.576631863,0.0100319835891,85.4737709479,0.0118290530156,183.71408048,0.0437555077023,0.0150867680728,0.0146531102822,211.968622373,92.2063910134,52.2140135961,211.967656108,48.0084552077,171.695051411,143.876250909,158.977423333,69.1538248458,92.205478786,211.967876922,158.975463894
2011-06-10 15:00:00,82.7897248578,92.206793975,211.968551748,0.0108571319766,73.987087057,0.00178115799508,211.968548208,211.968537175,92.2063094446,0.118238234027,211.968503195,0.0100775362824,85.4737974613,0.0118955386031,183.714917823,0.0437706331394,0.0151046661092,0.0166551533088,211.968626555,158.976418655,52.2140123455,211.968368598,48.0084576377,171.695092298,143.876251599,211.967951216,69.1538585527,92.2058979931,211.968455693,158.975957271
2011-06-10 16:00:00,110.385733851,211.968468229,211.968551989,0.0137091683824,73.9871305713,0.00177968799529,211.968554218,211.968537661,211.967194988,211.968476397,211.968867751,0.0100869914742,85.4738066459,0.0156233204261,183.714922166,0.0541178828959,0.0187061332778,0.0180842305438,211.968628367,211.968425747,52.2140126097,211.968390888,147.151975326,211.969136742,143.876253071,211.968516533,92.2043776753,211.966956262,211.968646563,211.968259017
2011-06-10 17:00:00,110.385751956,211.968470523,211.968553098,0.0137653591645,73.9871432706,0.00177813621544,211.968558886,211.968538549,211.968159873,211.968489877,211.968881208,0.0105873456832,85.4738097546,0.0156655273775,183.714922423,0.05412745412,0.0187157046456,0.0180886887827,211.968635371,211.968514506,52.2140137331,211.968399339,147.151979764,211.969191654,177.624998652,211.968617728,92.204399478,211.96734174,211.968716468,211.968617498
2011-06-10 18:00:00,110.385753309,211.968461795,211.968552988,0.0137752987145,170.085253475,0.00177652501265,211.968561518,211.968544777,211.968163471,211.968493822,211.968889491,0.0149195959142,85.4738105882,0.0156709451534,183.714919638,0.0541288978669,0.0187183446608,0.0180912803625,211.96863542,211.968539569,52.2140123317,211.968398784,147.151980264,211.9691914,177.625002042,211.969624454,92.2044048903,211.967275718,211.96872776,211.968756323
2011-06-10 19:00:00,110.38575513,211.96845679,211.968552607,0.0137809167847,170.08525508,0.00177483557988,211.968561229,211.968549334,211.968166388,211.968496026,211.968888569,0.0149261407333,85.4738113135,0.0156753942414,183.714919583,0.0541300538242,0.0187196253405,0.0180918624989,211.968633313,211.968551401,52.2140097683,211.968394527,147.151980507,211.969192823,177.625002386,211.969727908,92.204406963,211.967400448,211.968726461,211.968744729
2011-06-10 20:00:00,110.385754778,211.968458813,211.968551548,0.0137803757394,170.08525566,0.00177323212599,211.968559781,211.968552057,211.968167815,211.968497294,211.96888713,0.0149290573749,85.4738112834,0.0156758978712,183.714919059,0.0541303198126,0.0187200263616,0.0180914135792,211.968630752,211.968550444,52.2140065465,211.968392844,147.151980518,211.969191307,177.625002471,211.969723694,92.2044074137,211.967452972,211.968671602,211.968680075
2011-06-10 21:00:00,110.385752954,211.968457679,211.968550224,0.0137776500299,170.085255674,0.00177168368549,211.968557916,211.968550824,211.968168488,211.968497492,211.968885613,0.0149297203102,85.4738107871,0.0156744929838,183.71491743,0.0541303480129,0.0187202222956,0.0180903775863,211.968628046,211.968552792,52.2140051643,211.968394968,147.151980491,211.969187814,177.625002496,211.969693751,92.2044072604,211.967470358,211.968582654,211.968776427
2011-06-10 22:00:00,110.385751131,211.968435933,211.968547925,0.0137746782152,170.085255266,0.00177003556194,211.968555407,211.968541816,211.968168225,211.968497224,211.968883321,0.0149298047432,85.4738108031,0.0156718870907,183.714915603,0.0541303967982,0.0187199324374,0.0180891338363,211.968626172,211.968550053,52.2140030938,211.968394465,147.151980425,211.969183904,177.625002451,211.969672342,92.2044067144,211.967472853,211.968530716,211.968857739
2011-06-10 23:00:00,110.385748792,211.968387765,211.968546619,0.0137713096773,170.085255133,0.00176829973892,211.968554466,211.968539117,211.968167884,211.968496584,211.96888141,0.0149296459389,85.4738108629,0.0156692946691,183.714912427,0.0541304220364,0.0187194868044,0.0180870838772,211.968618478,211.968547076,52.2140006916,211.968395393,147.151980349,211.969179863,177.625002391,211.969643004,92.2044060006,211.967473273,211.968524885,211.968914807
2011-06-11 00:00:00,110.385746901,92.2063145326,211.968545605,0.0137683768665,170.085255041,0.00176671827285,211.968550917,211.968538324,211.96816696,211.968496198,211.968877395,0.0149294323404,85.4738106164,0.0156667298413,183.714909714,0.0541304301632,0.0187188717403,0.018085265695,211.968619453,211.968545039,52.2139975811,211.968398798,147.151980287,211.96917381,177.625002331,211.969595607,92.2044055598,211.967458725,211.968507308,211.96896095
2011-06-11 01:00:00,110.385744623,92.2063117437,211.968538622,0.0137655790458,170.085254704,0.00176514118706,211.96854822,211.968537918,211.968165936,211.968495863,211.968876415,0.0149291610849,85.4738104671,0.0156643281164,183.714902854,0.0541301813632,0.0187180985927,0.0180837273375,211.968616904,211.968542963,52.2139957859,211.968399612,147.151980224,211.969169422,177.62500228,211.969574105,92.2044046938,211.96745093,211.968475024,211.968939485
2011-06-11 02:00:00,110.385743456,92.2063054761,211.968525704,0.0137618392182,170.085254304,0.00176352453334,211.968547125,211.968537897,211.968163518,211.968495987,211.968873836,0.0149287985841,85.4738099205,0.0156612127858,183.714887464,0.054129781015,0.0187172039503,0.0180815871769,211.968619194,211.968540144,52.2139938137,211.968398883,147.151980137,211.969165236,177.625002194,211.969562139,92.204403087,211.96745355,211.968478852,211.968871416
2011-06-11 03:00:00,110.385743779,92.2063419371,211.968504576,0.0137553742879,170.085254005,0.00176194852884,211.968541186,211.968537885,211.96815974,211.968495937,211.968868217,0.0149282155413,85.4738102838,0.0156557266944,183.714853083,0.0541297326644,0.0187159939943,0.0180792524639,211.96862449,211.968539828,52.2139910632,211.968400372,147.151979958,211.96915776,177.625002098,211.969527688,92.2044001889,211.967462321,211.968525368,211.968873984
2011-06-11 04:00:00,110.385744211,113.840052578,211.968438259,0.0137478733277,170.085253762,0.00176051744293,211.968536945,211.968537855,211.968153174,211.968494705,211.968861421,0.0149273638333,85.4738105203,0.015650836081,183.714735989,0.0541294724763,0.0187138744725,0.0180757903228,211.968623933,211.968539285,52.2139882075,211.968401034,147.151979705,211.969150822,177.625001975,211.969409675,92.2043943742,211.967457661,211.968572737,211.968902059
2011-06-11 05:00:00,110.385739391,92.2068150357,211.968364727,0.0137036830102,170.085252707,0.00175934705488,211.968535175,211.968538183,211.968100896,211.968448039,211.96863735,0.0149259058382,85.473808727,0.0156227934107,0.0251523474179,0.0541281136987,0.0187048295393,0.0180495054469,211.968622853,211.968542693,52.2139876236,211.968403916,147.151979181,211.969120952,177.625001818,211.969343041,92.2043655003,211.967223692,211.968521159,211.968881954
2011-06-11 06:00:00,110.385619321,92.2064805646,211.968425618,0.0104384994627,170.085249802,0.00175824904005,211.968526926,211.968539122,92.2063212364,171.694499192,158.976501935,0.0149238600596,85.4738077963,0.0104209616388,0.0199988440044,0.0438666052921,0.0150611397356,0.010195164454,211.968564453,211.968548657,52.2139911616,211.968406013,147.151971307,158.978803294,177.625001431,211.969260431,0.0140262546083,211.965399227,211.968319766,211.96878337
2011-06-11 07:00:00,82.7895294754,92.2063002337,92.2063349484,0.0103342240429,73.9871023992,0.00175700286822,211.968285562,211.968538497,92.2063092237,171.694499343,158.976466499,0.014895503475,85.4738048092,0.0102593618525,0.0199205461617,0.0438411730351,0.0150341953707,0.0101532317369,92.2063940769,211.968543305,52.2139920219,211.968406872,0.0150045127072,158.975051492,177.624993143,211.968664672,0.0139232482112,92.2059642591,171.694646862,211.968360092
2011-06-11 08:00:00,82.7893930472,92.2062920178,92.2063209536,0.0101498034284,73.9870871064,0.00175569214649,158.976473784,211.968537657,92.2062979214,171.694492374,103.576385569,0.0100546804463,85.4737973219,0.0102210483348,0.0195567328562,0.0438351880993,0.0150271959729,0.0101421514611,92.2063553549,211.968531743,52.2139919011,211.968404861,0.0150010377446,158.975016584,62.5865857579,211.968401657,0.0139073857943,92.2058243441,92.2066818817,158.976725453
2011-06-11 09:00:00,82.7893049855,92.2062900046,92.2063152233,0.0100204531317,73.9870854049,0.00175412218022,92.2063375937,211.968537007,0.0200562916927,171.694486758,0.0200228074054,0.0100399629475,85.4737913365,0.0100338000382,0.0195389713905,0.0400067576159,0.015016601529,0.0101194730535,92.2063530593,211.968506173,52.213990808,211.968404393,0.0149998033508,158.974642104,62.5865836917,158.97647253,0.0133604134919,92.2052395087,92.2064400094,158.97643377
2011-06-11 10:00:00,82.7892820913,92.2062893503,92.2059993691,0.0100128044762,73.9870832225,0.00175259209332,0.015006418981,211.968528305,0.0200084270826,171.694485094,0.0200291132207,0.0100237572423,85.4737834098,0.0100151517735,0.0195347399524,0.0150095735186,0.0149952210339,0.0101320048381,92.2063481906,211.968465962,52.2139884897,211.968402645,0.0149960677891,0.0100763583333,62.5865804753,0.0232996130997,0.0100273355931,92.2053896744,92.2064137996,158.976212342
2011-06-11 11:00:00,82.7892859574,92.2062895475,92.2063088089,0.0100143174067,73.9870691813,0.00175109422973,0.0150058078186,158.976467168,0.0200200399773,171.694484572,103.576373912,0.010005720327,85.4737745319,0.0100172324723,0.0195324542237,0.0437952835113,0.0149997330611,0.0101466440701,92.2063497091,211.968490762,52.213985113,211.968397669,0.0149888543862,0.0100727079883,0.0149941132858,0.0150285805034,0.0100245149193,92.2058674754,92.2065085235,158.975825805
2011-06-11 12:00:00,82.7893029438,92.2062918934,0.0200149357251,0.0100377525327,0.0200166752613,0.00174953017307,0.019916790957,92.2063183899,92.2060781837,171.694484763,158.976426624,0.0100039154681,85.4737446342,0.0100333620061,0.0195320170135,0.0438362309737,0.0150194923283,0.0101487552489,92.2063508059,211.968498165,52.2139824165,211.968192503,0.0149914213399,158.974389326,0.0100059994481,0.0150867640271,0.0101786080821,92.2059446212,171.69440877,92.2096846013
2011-06-11 13:00:00,82.7895087231,92.2062918131,0.0200144148847,0.0103207152039,73.9870804639,0.00174803020972,92.2063093211,92.2063153404,92.2063029515,171.694486694,158.976492639,0.0100057351335,85.4735269498,0.0102308978975,0.0195324904482,0.0438407743382,0.0150243672339,0.0101464503996,92.2063524572,211.96830569,52.213976264,171.69477927,0.0149992184542,158.974997887,0.0149821971591,158.976298333,0.0139036798552,92.2060396463,171.69612972,92.2097288821
2011-06-11 14:00:00,82.789532149,92.2062982086,92.2063056395,0.0103742464906,73.9870840681,0.00174638434113,158.974739229,92.2063161165,92.2063121182,171.694491136,158.976604207,0.0100157436809,85.4737782159,0.0102590437332,0.0195385667318,0.0438459113968,0.0150307005841,0.0101493892509,92.2063544921,211.968436682,52.2139729869,171.69480132,0.0150004799754,158.975032421,62.5865803631,158.976361912,0.0139230345566,92.2061287468,211.968020398,158.976098645
2011-06-11 15:00:00,82.7901704593,211.968212106,92.2063209501,0.0107668156438,73.9870864693,0.00174493019183,158.97648116,92.2063333172,92.2063316136,211.968419915,238.106400054,0.010035852404,85.4737982375,0.0103454027804,0.0236908469734,0.0438594988878,0.0150472757141,0.0101659582785,92.2063686139,211.968483502,52.2139758735,211.968368723,0.0150013494538,158.975089911,62.5865837207,158.976412043,0.0140170839799,92.2066567668,211.968469838,158.97654017
2011-06-11 16:00:00,110.385668808,211.968469791,92.2063787217,0.0133680135428,73.9870901992,0.00174358385366,211.968525199,211.96852329,211.968520976,211.968499628,238.106636307,0.0100444361408,85.4738051616,0.0138254258925,0.0241094674952,0.0541381384267,0.0185572420503,0.0125265118553,211.968551578,211.968524053,52.2139787954,211.96839302,0.018515170929,211.966969883,62.586585488,158.976668777,0.0189523895204,211.967046693,211.968622059,211.968423068
2011-06-11 17:00:00,110.385688473,211.96847174,211.968528706,0.013415847374,170.085234116,0.00174209568892,211.968543688,211.968537284,211.968531454,211.968502618,238.106647042,0.0102531139688,85.4738077402,0.0138766838041,0.024108052483,0.0541556109311,0.0185621625917,0.0125315565,211.968570898,211.968541704,52.2139810508,211.968401683,0.0185202402531,211.967047043,77.2673969599,211.968469873,0.0189773937023,211.967346117,211.968690232,211.968669019
2011-06-11 18:00:00,110.385690365,211.968468663,211.968547493,0.0134286519895,170.085252542,0.00174053852837,211.968547417,211.968539048,211.968533191,211.968503518,238.106655604,0.0136821545431,85.4738083594,0.0138833826448,0.0241081368943,0.0541575834981,0.0185639609022,0.0125343170446,211.968575855,211.968547262,52.2139782843,211.968399304,0.0185205504966,211.967055433,77.2674016199,211.96853227,0.0189823124828,211.967410214,211.968680798,211.968802777
2011-06-11 19:00:00,110.385692374,211.96846595,211.968538273,0.0134345496863,170.08525413,0.00173907181346,211.968548763,211.968539255,211.968533986,211.968504076,238.106653029,0.0136879863073,85.4738096616,0.013888355151,0.0241073186877,0.0541589263585,0.0185648770772,0.0125349841333,211.968577675,211.968550839,52.2139772095,211.968401859,0.018520756152,211.96706158,77.2674021825,211.968548746,0.0189848924045,211.967388463,211.968685237,211.968851092
2011-06-11 20:00:00,110.385691552,211.968467092,211.968534326,0.0134333314773,170.085255287,0.00173736769509,211.968550631,211.968539476,211.968534356,211.968504243,238.106649726,0.0136906555951,85.4738098406,0.0138897817411,0.0241050529683,0.054159274508,0.0185648572864,0.0125345122477,211.968576692,211.968547308,52.2139760637,211.968403209,0.0185208039029,211.96706323,77.2674023858,211.968562733,0.0189855846004,211.967388591,211.968605273,211.968823345
2011-06-11 21:00:00,110.385688653,211.968468343,211.968530385,0.0134311309854,170.085255394,0.00173590374085,211.968551067,211.968539636,211.968533356,211.968503887,238.106647221,0.0136912596741,85.4738094154,0.0138882368563,0.0241028415189,0.054159376676,0.0185645056783,0.0125335468339,211.968572149,211.968546118,52.2139757927,211.968402402,0.0185207711038,211.967062385,77.2674024406,211.968565805,0.0189856437691,211.96742108,211.968564346,211.968784916
2011-06-11 22:00:00,110.385685935,211.968466272,211.968524244,0.0134275539399,170.085254913,0.00173430881236,211.968550559,211.968538918,211.968531986,211.968502985,238.106644415,0.013691188962,85.4738102652,0.0138860296729,0.0241009049236,0.0541594297133,0.0185640222327,0.0125322489198,211.968568694,211.96853801,52.2139742455,211.968400149,0.0185207019176,211.967061397,77.2674024284,211.968558847,0.0189854480048,211.967437348,211.968539432,211.96875194
2011-06-11 23:00:00,110.385682104,211.96846245,211.968517431,0.0134246899332,170.085254682,0.00173234878532,211.968550044,211.968538412,211.968531328,211.968502056,238.106641284,0.0136910137722,85.4738103229,0.0138846789513,0.0241005395957,0.0541594522323,0.0185634537616,0.0125303886615,211.96856315,211.968524411,52.2139708568,211.968399568,0.0185206071298,211.967062613,77.2674023995,211.968555824,0.0189849147719,211.967453486,211.968531773,211.968724779
2011-06-12 00:00:00,110.385677793,211.968375757,211.968526011,0.013422068156,170.08525401,0.00173086970932,211.968547158,211.968538315,211.968529144,211.968501217,238.106635978,0.0136908646513,85.4738100149,0.0138832534452,0.0241004199097,0.0541595788022,0.0185626727476,0.0125285446708,211.968566533,211.968495607,52.2139618306,211.968399363,0.0185204443893,211.967061392,77.2674023623,211.968542128,0.0189842256871,211.9674119,211.968517782,211.968602605
2011-06-12 01:00:00,110.385671911,92.2067769047,211.968520037,0.0134186272256,170.085253086,0.00172930335011,211.968545701,211.968537899,211.968530355,211.968500148,238.106634395,0.013690560937,85.4738100085,0.0138813668859,0.0240989065542,0.054159323555,0.0185619180324,0.0125268320761,211.968566114,211.967074531,52.2139583006,211.968401214,0.0185203586538,211.967059921,77.2674023208,211.968539921,0.0189832815081,211.967444138,211.968505449,211.968389253
2011-06-12 02:00:00,110.385666832,92.2063333035,211.9685115,0.0134153419852,170.085251759,0.00172764648327,211.968544373,211.968537462,211.968529922,211.968498927,238.106632599,0.013690151586,85.4738094061,0.013878902868,0.0240953420198,0.0541588965518,0.0185607770362,0.0125247782283,211.968564488,92.2063352886,52.2139454973,211.968401839,0.0185202413748,211.967057531,77.2674022583,211.968535317,0.0189817463481,211.96746604,211.968506971,92.2099110146
2011-06-12 03:00:00,110.385660178,92.2063168671,211.968503501,0.0134086029686,170.085249225,0.00172618393875,211.968545069,211.968535649,211.968529204,211.96849697,238.106626316,0.0136896061175,85.4738090646,0.0138742011108,0.0240897988043,0.054158876789,0.0185590433626,0.0125219910294,211.968562513,92.2063043195,52.2137962995,211.968402153,0.0185200094647,211.967053693,77.2674021537,211.968506292,0.0189794791042,211.967482113,211.968509664,92.2096937858
2011-06-12 04:00:00,110.385649868,92.2063014891,211.968497306,0.0133989154231,170.085243322,0.00172479847249,211.968544582,211.968499266,211.968526917,211.968493345,238.106617107,0.0136886540696,85.4738087663,0.0138683602322,0.0240811899014,0.0541587691723,0.0185558888503,0.0125177539734,211.968561097,92.1894067088,22.7130468634,211.968402894,0.0185196035202,211.967047718,77.2674019754,211.968503253,0.0189750659851,211.967495397,211.968545734,92.2096774666
2011-06-12 05:00:00,110.385628664,92.2062909969,211.968490784,0.01336114792,170.085224679,0.00172348533544,211.968542903,92.2063193676,211.968512608,211.968458829,238.106467254,0.0136870479494,85.4738084334,0.0138399155422,0.0200078502691,0.0541580326582,0.018540818607,0.012489823993,211.968558558,0.0150150910732,0.0150346455601,211.968404242,0.0185185207625,211.967031686,77.2674017765,211.968513431,0.0189524903692,211.967425425,211.968493673,92.2096336463
2011-06-12 06:00:00,0.0169094737523,92.2062863542,92.2063387784,0.0103658035165,73.9870864933,0.00172224748543,211.968523452,92.2063146716,92.206375045,171.694481369,103.576628149,0.0136843981016,85.4737968673,0.0102264500473,0.0162137259724,0.0541440269995,0.0121833759023,0.0100479661418,92.2063782262,0.0150077204597,0.0150093099928,211.968393891,0.0101568227319,158.975161512,77.2674012698,211.968429028,0.0147467713954,211.967009795,211.968385926,92.2104999896
2011-06-12 07:00:00,0.0157517009383,92.2062447752,92.206319799,0.0102557244074,0.020012300724,0.00172110423235,92.2063241139,92.2063068107,92.2063685222,171.69447166,103.576492206,0.0136529691229,64.1054437881,0.0101130409354,0.0162041955842,0.0438954907048,0.0121691842241,0.0100314611761,92.2063546963,0.0150069571596,0.0150050702609,211.968396939,0.0100065034082,158.974908923,77.2673948598,158.976922846,0.0147160798222,92.208563399,211.967832504,92.2095962182
2011-06-12 08:00:00,0.0157138674585,0.015056657578,92.2062581338,0.0101858175245,0.019997282498,0.00171982572158,74.6871853338,0.015001298866,92.2063642645,171.69446955,103.576419461,0.0100645271345,64.1053662878,0.0100837559615,0.0161993952448,0.0438707921615,0.0121636901643,0.0100227762531,92.2063524239,0.0150108785934,0.0150048584334,211.968395733,0.010004855581,158.974877345,57.9504611351,158.976428951,0.0147024394605,92.2061221398,92.2140020946,92.2095257637
2011-06-12 09:00:00,0.0156282354196,0.0150181069488,74.6874863893,0.0100416272241,0.0199929710195,0.00171838316375,74.6871550335,0.0150003522483,92.2063577288,171.694465885,103.571886905,0.0100502362128,64.1053233029,0.0100236749106,0.0161844430755,0.043867532947,0.0121571295422,0.010008794811,92.2063506546,0.0150175578499,0.0150058486513,211.968383701,0.0100013721341,158.974388612,57.9504585142,158.976383452,0.0141576603833,92.2059231815,92.2065950806,69.1580453381
2011-06-12 10:00:00,0.0149348871915,0.0150104448111,74.6874674256,0.0100393629473,0.0199544744088,0.00171689611258,74.6871470858,0.0150000927518,92.2063595739,171.69446184,0.0200038897458,0.0100306733866,64.1050680902,0.0100143581583,0.0161812751029,0.0438631197934,0.0121371554357,0.0100061093808,92.2063471358,0.0151074652327,0.0150049668564,211.968074213,0.0100007762762,0.0100878445542,57.950457092,158.976348556,0.0100241765997,92.2059018512,92.2064238141,69.1575640372
2011-06-12 11:00:00,0.0106338082256,0.0150091210153,74.6874479282,0.0101053733481,0.0150074487998,0.00171536690409,74.6871429613,0.015000034144,92.2063397515,171.69445637,0.0200303711852,0.0100058197046,64.1052902112,0.0100165843245,0.0161881838609,0.0438544518195,0.0121211762827,0.0100160229061,92.2063523359,92.1916461006,0.015003358558,92.2063257693,0.010000655219,0.0101475311892,57.9502359172,158.976320557,0.0100284015565,92.2059071254,92.2063476509,69.1574538333
2011-06-12 12:00:00,0.0142368557641,0.0150181122126,74.6874773423,0.0101739988537,0.0199407966667,0.00171379570906,74.6871490156,0.0150000227438,92.2063619948,171.694453004,103.57641646,0.0100041680826,64.1053458803,0.0100207449695,0.0161963620363,0.0438487175667,0.0121583450682,0.0100282847686,92.2063529955,92.2062828988,0.0150067744121,92.206261197,0.0100009194884,158.974756726,0.0100636216879,158.976328761,0.0142563489593,92.2059377785,92.2061299995,69.1573731991
2011-06-12 13:00:00,0.0156560408042,0.0150176270392,92.2063145528,0.0102467617125,0.0199939598049,0.00171221773763,74.6871784569,0.0150000060945,92.2063624653,171.694461801,103.576484149,0.010010238435,64.1053521555,0.0100699366003,0.016202558059,0.0438610296149,0.0121635438229,0.0100289586699,92.2063547996,92.2063057152,0.0150030805897,92.2062781036,0.0100026513292,158.974879798,0.0100153161273,158.976365956,0.0147068711563,92.2061198381,92.2062255587,69.1573968818
2011-06-12 14:00:00,0.015710727907,0.0150249699952,92.2063217718,0.0102639634384,0.0199957608362,0.00171083648934,92.2063218524,0.0149999835286,92.206368919,171.694468369,103.576506477,0.0100370128769,64.1053952433,0.0101092166499,0.0162082327694,0.0438684166041,0.0121675763709,0.0100330792618,92.2063650042,92.2063258357,0.0150022677291,171.693703691,0.0100053780437,158.974898859,0.0150058239944,158.976403459,0.0147145292262,92.2083376534,92.2063441746,69.1574084251
2011-06-12 15:00:00,0.0157456065079,0.0151748238065,92.2067079785,0.0103497427185,0.0199976727675,0.00170941401165,92.2063409958,0.0150000032844,92.2063820204,211.966511099,211.966173973,0.0100470495115,85.4737311732,0.0101812813291,0.0199912193016,0.0438761398003,0.012185011883,0.010064601263,211.968501143,92.2083020829,0.0150026829215,211.968365928,0.0100073751449,158.97494939,57.950457332,158.976637995,0.0147470956776,211.966569641,92.2064767439,69.157527712
2011-06-12 16:00:00,0.0212341068779,92.2062540235,92.20676149,0.0132425876478,0.0200002458185,0.00170799243025,92.2063545835,0.0150000396093,211.96848428,211.96847718,211.967167367,0.0100546428509,85.473791738,0.0143700376847,0.0200074987672,0.0667296181363,0.0150161893584,0.0123790603759,211.968550374,211.968456258,0.0150108415467,211.968396837,0.0149982365767,211.968415345,57.9504591201,211.968368088,92.2043896364,211.967339063,113.825271321,92.2091683449
2011-06-12 17:00:00,0.0213744162385,92.2062839831,92.2067922087,0.0133218336401,0.0200135211153,0.00170652372356,92.2063564695,0.0150000505506,211.968535645,211.968479207,211.967178702,0.0102472853786,85.4738036765,0.0144812879716,0.0200087394147,0.0668678095531,0.015022129563,0.0123855646788,211.968561064,211.968516573,52.2138579819,211.968405463,147.152011721,211.968572044,77.2668680396,211.968493135,92.2044867055,211.967411632,113.833677077,92.2094998369
2011-06-12 18:00:00,0.0213836527711,92.2062933663,92.2067415141,0.0133333355266,0.0200102588136,0.00170497858358,92.2063508457,0.0150000237477,211.968538599,211.968480444,211.96718467,58.4961339617,85.4738051384,0.0144908786032,0.0200095281919,0.0668703905408,0.0150229409444,0.0123889276337,211.968559089,211.968510971,52.213947082,211.968407496,147.15201293,211.968584731,77.2668824109,211.968524459,92.204493769,211.96739392,113.833182066,92.2095325358
2011-06-12 19:00:00,0.0213903550638,92.2062913741,92.2063262023,0.0133398191327,0.0246865165941,0.00170352685838,92.2063505746,0.0150001017517,211.968540795,211.968480783,211.967186284,58.4961432945,85.47380794,0.0144970317756,0.0200095781724,0.0668725066361,0.0150237112457,0.0123899873759,211.968557612,211.968538575,52.2139447205,211.968408032,147.152013439,211.968594264,77.2668831902,211.968542798,92.204497389,211.967404983,113.832623033,92.2095172692
2011-06-12 20:00:00,0.0213920380934,92.2062904529,92.2063221546,0.0133391208352,0.0246890853462,0.00170198741738,92.2063449827,0.0150002445542,211.968541419,211.968480921,211.967183696,58.4961469177,85.473808148,0.0144991507165,0.0200089276902,0.0668731534429,0.0150237659997,0.0123898452617,211.968554755,211.968547268,52.2139392141,211.968408756,147.152013597,211.968596621,77.2668834113,211.968534813,92.2044984445,211.967403348,113.82862733,92.2094892186
2011-06-12 21:00:00,0.0213905149008,92.2062884056,92.2063198374,0.0133366301217,0.0246889508606,0.00170047790814,92.2063370765,0.0150006298445,211.968541459,211.968480269,211.967180362,58.4961476455,85.473807532,0.0144979746367,0.0200080266548,0.0668735435322,0.015023737686,0.0123888775027,211.968549484,211.968546949,52.2139345211,211.968407984,147.152013622,211.968596765,77.2668834447,211.968504688,92.2044987198,211.967389236,92.2067776713,92.2094939584
2011-06-12 22:00:00,0.0213890441573,92.2062816956,92.2063165189,0.013333120003,0.0246843176575,0.00169874756287,92.2063266091,0.0150012344952,211.968541454,211.968479044,211.967176509,58.4961477402,85.4738089616,0.0144955446937,0.0200073603988,0.0668738587949,0.0150233829689,0.0123876028881,211.968543416,211.968538112,52.2139219053,211.968404888,147.152013612,211.968595905,77.2668834371,211.968511733,92.2044987443,211.967350274,92.2067679427,92.2095099706
2011-06-12 23:00:00,0.0213870678673,92.2062543664,92.206306291,0.0133304818788,0.0246796067988,0.00169710872304,92.2063227815,0.0150023630086,211.968541769,211.968477596,211.967171789,58.4961477904,85.4738091672,0.01449393346,0.0200078037035,0.066873937973,0.0150229764496,0.0123860943512,211.968527834,211.96852553,52.2139007066,211.968400871,147.152013602,211.968599463,77.2668834216,211.968524433,92.204498445,211.967292604,92.2066394446,92.2095358233
2011-06-13 00:00:00,0.0213858424113,92.206279279,92.2063007344,0.0133282414865,0.0246899717519,0.0016955529144,92.2062865726,0.0150016234266,211.968542549,211.968476646,211.967155264,58.4961476916,85.4738087971,0.0144936394286,0.020009138354,0.0668739449739,0.0150222867379,0.0123843869585,211.968532084,211.968440039,52.2139169809,211.96839755,147.152013573,211.968599888,77.2668834277,211.968529667,92.2044981391,211.967205979,92.2065258208,92.2095474773
2011-06-13 01:00:00,0.0213835820765,92.2062313126,0.0200656614109,0.013325941692,0.0246898262002,0.00169393998111,92.2061572569,0.015000947991,211.968542919,211.968475449,211.967147068,58.4961476666,85.4738083347,0.0144927829804,0.0200086112696,0.066873863947,0.0150216705871,0.0123833564041,211.968489714,211.967094429,52.2139166281,211.968389908,147.152013576,211.968600342,77.2668834293,211.968535355,92.2044978659,211.966806869,92.2065152923,92.2095504464
2011-06-13 02:00:00,0.0213821149352,92.2060042555,0.0200299767352,0.0133233095734,0.0246899104054,0.00169241857633,74.7156035977,0.015000953858,211.968543082,211.968473839,211.967146133,58.4961474533,85.4738074485,0.0144909152758,0.0200076171762,0.0668739311607,0.0150208061685,0.0123821301108,92.2063887716,92.2065042186,52.2139001859,211.968349661,147.152013589,211.96859978,77.2668834388,211.968542521,92.2044971663,211.966685259,92.2065277104,92.2095460343
2011-06-13 03:00:00,0.0213815163722,92.2062546078,0.0200233923014,0.0133188816044,0.0246901822766,0.00169103226518,92.2062253465,0.0150014297163,211.968543583,211.968471934,211.967140534,58.4961471142,85.4738076277,0.0144880099212,0.0200062792994,0.0668746191715,0.0150194921052,0.0123812048262,92.2063594757,92.2064263945,22.7132394395,211.96821515,147.152013607,211.968600853,77.2668834822,211.968531691,92.2044962345,211.967066911,92.2065319816,92.2095765317
2011-06-13 04:00:00,0.0213812738486,92.2062775707,0.0200185171363,0.013314647327,0.024690492417,0.00168977054444,92.2059270149,0.0150022791037,211.968544789,211.968467192,211.967132469,58.4961465755,85.4738075943,0.0144875626425,0.0200043041386,0.0668746187919,0.0150172388558,0.012380605466,92.2063555366,92.2063917103,22.7131324402,92.2065763482,147.152013686,211.9686056,77.266883492,211.96852131,92.2044947855,211.967167937,92.2065017363,92.2096008493
2011-06-13 05:00:00,0.0213757994116,92.2062733746,0.0200159753373,0.0132850181554,0.0246908772867,0.00168854931316,74.6873361619,92.2060035775,211.968543912,211.968381916,211.945858104,58.4961459596,85.4738061795,0.0144781088405,0.0199922172415,0.0668736722673,0.0150070329051,0.0123684281528,92.2063548483,92.2063836486,22.7131609904,92.2062668072,147.152013699,211.968602936,77.2668834343,211.968495758,92.2044844077,211.967139533,92.2063998656,92.2095408186
2011-06-13 06:00:00,0.0162667717121,92.2062871277,0.020022225884,0.0104484167489,0.024691930449,0.00168739082694,74.6871091696,92.20631424,211.968532943,0.0101804932456,0.0200980551199,58.496145205,85.4738005148,0.0112372117378,0.0161943988717,0.0668239847866,0.0100603154103,0.0100249546287,92.206353787,92.2063316608,22.713363582,92.2062572187,147.15201294,211.968416926,77.2668830658,211.945793236,74.685556599,211.96670111,0.0483292106022,92.2083599273
2011-06-13 07:00:00,0.0160947853644,92.2062680106,0.0200178536492,0.0103661911203,0.0246895463338,0.001686209957,74.6870928302,92.206314122,171.6945189,0.0101575971929,0.0200429894906,58.4961361529,85.4737769958,0.0111100737073,0.0161794187314,0.0541668009879,0.0100406208957,0.0100115647403,92.2063458663,92.2063310827,22.7132328772,92.2062563166,119.193132593,171.694571379,77.2668789389,158.97657178,74.6855272461,92.2068413212,0.0157319256268,0.022167186126
2011-06-13 08:00:00,0.0160581164965,92.2061541301,0.0200071199471,0.0101405022524,0.0200116663499,0.00168489368053,74.6870891504,92.2063131392,171.694506143,0.0100490110679,0.0200099958718,43.872689568,64.1055726197,0.0110670683655,0.016159758373,0.0541624290261,0.0100296232736,0.0100048033829,92.2063209307,92.206336925,22.7132074331,92.2062580641,119.193130745,171.694553273,0.0151327403333,158.97659739,69.1537333082,92.205912214,0.0151136580057,0.020020525482
2011-06-13 09:00:00,0.0160226092977,92.2062457975,0.0200014423638,0.0100205588676,0.0199977889861,0.00168351789553,74.6870538708,92.2063121389,92.2063240422,0.0100055372558,0.0199658911653,43.8726615576,64.1053818522,0.0101739425841,0.0100080946422,0.0541444560971,0.0100058721487,0.0100028304288,0.0200026129021,92.206324944,22.7167812859,92.2062532381,119.193129956,171.694522851,0.0151300510287,158.9764879,0.0133050101405,92.2058311692,0.0150303373809,0.0151615806768
2011-06-13 10:00:00,0.0158905785066,92.2062767898,0.0200008129536,0.0100132247641,0.0199952751255,0.00168200031156,74.6870811852,92.2061368939,92.2063174368,0.0100044701904,0.0199263813611,43.8726551112,64.1053650588,0.0100325311216,0.0100056031071,0.0534786141288,0.0100037823462,0.0100028819643,0.0200006171724,92.2063204199,22.7166570075,92.2062498917,110.364046716,171.694440134,0.0151275731386,158.976465465,0.012996274783,92.2053794432,0.0150152180867,0.0150530199712
2011-06-13 11:00:00,0.0158812997613,92.2062881876,0.0200040495254,0.0100142115381,0.0199274188576,0.00168046351488,74.6870830541,0.0150081526901,92.2063186946,0.0100076656366,0.0199599322484,43.8721948528,64.1053707061,0.0100340409956,0.0100093047271,0.0541594079866,0.0100042377155,0.0100042950151,0.0200005413003,92.2063164161,22.7133549144,92.2062515757,64.0111093791,171.694509614,0.0149931274144,158.976516598,69.1537718249,0.0150285472289,0.0150115324375,0.0150676414649
2011-06-13 12:00:00,0.0160154107876,92.206296003,0.0200410536051,0.0103065624158,0.0150077100792,0.00167900172819,74.6870821393,0.0150011337068,92.2063284118,0.0100836623554,0.0199900324295,0.0100285613283,64.1053679511,0.010728645876,0.0161432284968,0.0541636598522,0.0100075031262,0.0100045453197,0.0200009235953,92.2063112484,52.2133010686,92.2062642732,110.364037712,171.694544283,0.0100062566967,158.97655691,74.6855053156,0.0150121769738,0.0150275089282,0.0151067257905
2011-06-13 13:00:00,0.0160760483926,92.2062978902,92.2062979864,0.0103674338105,0.0150024724389,0.00167746195271,74.6870864034,0.0150007890328,171.694518069,0.0101580647724,0.0200175232375,0.0100902018833,64.1053854612,0.0110952948695,0.0161778998849,0.0541654244079,0.0100347237196,0.010006469116,92.20634162,92.2063219822,52.2131846768,92.2062786524,119.19312939,171.694570145,0.0149758672363,158.976602811,74.6855302064,0.0150158636156,0.0150344313701,0.0200566979465
2011-06-13 14:00:00,0.0161063716891,92.206302175,92.2063148768,0.0103988727068,0.0150036601643,0.00167591945541,74.6870877727,0.0150009265072,211.968374538,0.0101674966425,0.0200520246036,43.8705006461,64.1053916378,0.0111193562623,0.0161855124262,0.0541680735938,0.0100423997456,0.0100131591665,92.2063504482,92.2063496916,52.2138187962,92.2063135496,119.193130715,171.694623156,0.015117921665,158.976536536,74.6855405678,0.0150291117498,0.015095587771,0.022250314755
2011-06-13 15:00:00,0.0162871885944,92.2063100405,92.2063197473,0.0106997996022,0.0199956613085,0.00167452372168,74.6870986313,0.015003426881,211.96854088,0.0130352658131,103.576372464,43.8726508733,64.1055790995,0.0113731931531,0.0199956329872,0.0541779551067,0.0100692110291,0.0100304940292,92.2063535794,92.2063710521,52.2139072764,211.967819039,119.19313252,211.968593696,0.0151294729849,158.97660221,74.6856082031,92.2056678644,0.0163268643821,92.2095896594
2011-06-13 16:00:00,110.385649846,92.2065555831,92.2063228665,0.0138357512394,73.987080749,0.00167320060789,92.2063134751,92.2063087441,211.968548303,0.0133047985734,238.104925641,43.8726608453,85.4737843779,211.968154691,0.020022619583,0.0668786767674,209.49939923,0.0123647155422,92.2063620094,92.2317788729,52.2139216137,211.968315299,147.152065139,223.742661294,0.0151311794707,211.947992713,211.968441396,92.2060204253,92.206915928,211.975772221
2011-06-13 17:00:00,110.385698233,211.968485377,92.2063432945,0.0138934668116,170.085149638,0.00167174300879,211.968423063,92.2063145043,211.968552055,0.0133096462701,238.10505707,43.8727361589,85.4738046448,211.968209726,0.0200254569883,0.0668858139026,209.499415612,0.012374055311,211.96855291,211.968449408,52.2139284875,211.968373324,147.152069395,223.742730392,177.624917757,211.968513343,211.968477369,211.966579189,211.968132412,211.975956419
2011-06-13 18:00:00,110.385707618,211.968495519,211.968528985,0.0139070092357,170.085256282,0.00167034765604,211.968534038,92.2063190504,211.968552484,0.0133118761624,238.105074453,134.473824841,85.4738072535,211.968219492,0.0200265937642,0.0668868560742,209.499418273,0.0123769923987,211.968558456,211.968541328,52.2139319064,92.2063855492,147.152069929,223.742746852,177.624993554,211.968571802,211.968482002,211.966529014,211.968312805,211.975972974
2011-06-13 19:00:00,110.385712673,211.968492067,211.968542289,0.0139134029585,170.085257333,0.00166880996306,211.968549239,211.968538024,211.968553177,0.013313069968,238.105078371,134.473832254,85.4738086532,211.968224529,0.0200272956025,0.0668877310222,209.499419892,0.0123784426374,211.968561942,211.968553072,52.2139311121,92.2062981991,147.152070175,223.7427528,177.624994401,211.968584456,211.968484639,211.96651728,211.968379295,211.975998326
2011-06-13 20:00:00,110.385714261,211.968487048,211.968545909,0.0139123410319,170.085259134,0.00166733253024,211.968555251,211.968539212,211.968552679,0.0133136594149,238.105079185,134.473835282,85.4738089458,211.968226024,0.0200271783909,0.0668878143817,209.499420189,0.012378347868,211.968561001,211.968554325,52.2139294045,92.2062888622,147.152070164,223.742753556,177.624994663,211.968665958,211.968485323,211.966514074,211.968388606,211.975999135
2011-06-13 21:00:00,110.385712465,211.968478013,211.968549028,0.0139102919373,170.085259646,0.00166571933591,211.968557008,211.968539581,211.968551635,0.0133133075128,238.105077839,134.47383591,85.4738082009,211.968224345,0.0200266159779,0.0668878102962,209.499420034,0.0123776781721,211.968559574,211.968560138,52.2139295349,92.2062820415,147.152070117,223.742752985,177.624994788,211.968657335,211.968485515,211.96658822,211.968362526,211.975988239
2011-06-13 22:00:00,110.385710399,211.968429123,211.968549091,0.0139067981564,170.085258777,0.00166382654633,211.968557114,211.968539352,211.968550323,0.0133124508606,238.105075929,134.47383577,85.4738085821,211.968222007,0.0200259408295,0.0668878004229,209.499419698,0.0123763985047,211.968557647,211.968557805,52.2139257955,92.206272794,147.152070052,223.742751424,177.62499484,211.968653551,211.968485294,211.966598304,211.96833292,211.975979468
2011-06-13 23:00:00,110.385707569,211.968032177,211.968549377,0.0139039397231,170.085259075,0.00166220095725,211.968557604,211.968539199,211.968549504,0.0133115896682,238.105073856,134.473835558,85.4738087523,211.968219783,0.0200257534511,0.0668876152694,209.499419323,0.0123749337786,211.96855858,211.968554228,52.213922138,92.2062691356,147.152069991,223.742750601,177.624994884,211.968650233,211.968484863,211.966574668,211.968290109,211.975972968
2011-06-14 00:00:00,110.385706683,211.968364183,211.968551741,0.0139017303973,170.085258395,0.00166060111839,211.968556057,211.968538878,211.968548594,0.0133106815269,238.105073186,134.473835405,85.4738085156,211.968219802,0.0200252306513,0.0668872765193,209.499418961,0.0123737587082,211.968587069,211.968551117,52.2139212836,92.2062739375,147.152069929,223.74274898,177.624994915,211.968623837,211.968484524,211.966677541,211.968183015,211.975969541
2011-06-14 01:00:00,110.385707345,211.968181063,211.968551523,0.0139001778871,170.085258573,0.00165909184434,211.968557041,211.968539079,211.968548231,0.0133098794754,238.105073986,134.473835148,85.4738083676,211.968218521,0.0200253101134,0.0668870843778,209.49941873,0.0123729009225,211.968582773,211.968549036,52.213918968,92.2062879468,147.152069876,223.74274944,177.624994957,211.96864336,211.96848423,211.966697359,211.968143717,211.975957183
2011-06-14 02:00:00,110.385710081,211.968407354,211.96855192,0.0138970615647,170.085259682,0.00165759416381,211.968558604,211.968539245,211.968547136,0.0133089662316,238.105074903,134.473834913,85.4738078566,211.968217048,0.0200255062449,0.0668870662971,209.499418522,0.0123719265041,211.968593678,211.968548007,52.2139172764,92.2062673412,147.152069827,223.74275006,177.624994983,211.968646517,211.968483782,211.966750464,211.968245519,211.975953168
2011-06-14 03:00:00,110.38571544,211.968493498,211.968552949,0.0138928642867,170.085261278,0.00165624444787,211.968560727,211.968539286,211.968546441,0.0133071522988,238.105075285,134.473834606,85.4738081194,211.96821386,0.0200252390952,0.0668874401049,209.499418728,0.0123712374526,211.968604691,211.968547447,52.2139150411,92.2062607145,147.152069755,223.742751838,177.62499505,211.968704927,211.968483219,211.966790906,211.968359202,211.975968204
2011-06-14 04:00:00,110.385720776,211.968503242,211.968555273,0.0138882541441,170.085262739,0.00165562958863,211.968564269,211.968539471,211.968546484,0.0133037181496,238.105077194,134.473834183,85.473808976,211.96821281,0.0200248741391,0.0668868093384,209.499419287,0.0123712247573,211.968620325,211.968546178,52.2139136641,92.2062592538,147.152069739,223.742758441,177.624995105,211.968766682,211.968483141,211.96671292,211.968466161,211.97597109
2011-06-14 05:00:00,110.385721782,211.968499163,211.968561547,0.0138698735531,170.085263566,0.00165487368543,211.968566734,211.968540506,211.968544074,0.013215390002,238.105062032,134.473833527,85.4738103926,211.968206356,0.0200182360143,0.0668842320764,209.49941622,0.0123598172232,211.968627758,211.968549623,52.2139152373,92.2062547581,147.152069635,223.742759001,177.624995125,211.968877696,211.968477251,211.965890337,211.968411983,211.975820971
2011-06-14 06:00:00,110.385693157,211.968426281,211.968567937,0.0112943731108,170.085262798,0.00165365487004,211.968566897,211.968548223,211.968505783,0.0100582585007,192.865116881,134.473832668,85.4738063463,200.045070564,0.0162368905554,0.0667799117247,169.694535054,0.0100241334521,211.968624553,211.968554766,52.2139154558,92.2062501935,147.152067468,223.742727095,177.624994912,211.968828497,171.694499992,211.961458528,211.96752427,211.969698265
2011-06-14 07:00:00,82.7894351894,211.968349003,211.968560474,0.0110811307494,170.085259171,0.00165217324725,211.968561888,211.968546133,171.694504086,0.0100447539983,192.865091204,134.473828367,85.4737699929,171.69422135,0.0162169322621,0.0541307724823,169.694525991,0.0100134001389,211.968601093,211.968540545,52.2139110412,92.2062339539,119.193174341,211.967959007,177.624992766,211.968553813,171.694465499,92.2059207651,171.694308925,92.2100616908
2011-06-14 08:00:00,82.789379849,211.968474689,211.968554401,0.0107258094372,170.085256416,0.00165067717185,211.968554087,211.968541506,92.2063314322,0.0100143449906,103.576643169,134.473725666,64.1054080027,171.694199966,0.0162097283404,0.0541241977582,169.694510318,0.010005564849,171.694583256,211.96830195,52.2139049648,92.2062440516,119.193172853,181.231647599,143.876244492,158.983297115,171.694444726,92.2058255554,171.691244659,92.2096944769
2011-06-14 09:00:00,82.789287304,211.968494893,211.96855155,0.0100453871458,170.085252935,0.00164919281603,211.968532012,211.968540082,92.2063188531,0.0100055250915,103.576405425,100.855131936,64.1053732291,158.976377899,0.0101354067794,0.0529852147474,0.0152446196622,0.0100029468707,158.97647069,92.2063137431,52.2138990089,92.2062445214,110.364213101,181.231634376,143.876242748,158.976769129,158.976626861,92.2054000515,92.2067083811,92.209588963
2011-06-14 10:00:00,0.0149115084913,211.968502785,211.968534635,0.0100198055962,137.769065267,0.00164772502217,171.694544133,211.968539776,92.2063185281,0.010005747287,103.576397861,100.855121638,64.1053322471,0.0105188723235,0.0100135185436,0.0149845712199,91.1373385841,0.0100024375364,92.2063547903,0.0150231620599,52.2138488758,92.2062369013,0.0149797606441,181.231627449,143.876241015,158.976700238,171.693205018,0.0151469613869,92.2065722786,92.2095471932
2011-06-14 11:00:00,82.7814284761,211.968507856,211.968529639,0.0100308464149,137.769062736,0.00164630429856,171.694544081,211.968538752,171.694476083,0.0100096590974,178.632858509,0.01514067457,64.1053452858,171.694021825,0.0161730964264,0.023536693387,169.694522743,0.0100041990141,92.2063543914,0.0150006348394,22.7131889708,92.2061500336,0.0149909733087,181.231624976,77.2668613611,158.976678366,171.694459096,0.0150939209141,92.2066267901,92.2095585696
2011-06-14 12:00:00,82.7892728265,211.968512626,211.968451617,0.0110185041456,137.769062471,0.00164482834189,171.694546651,211.968536965,171.693580916,0.0100346596529,192.865092104,0.010012404341,64.105340471,171.694199264,0.016208144255,0.0541124143854,169.694527075,0.0100100143364,92.2063559745,0.0149978595471,22.7131648137,92.2061453768,110.364051349,181.231623129,0.0147149643387,158.976715932,171.69446561,92.2047214062,171.69448493,92.2095699374
2011-06-14 13:00:00,82.7892957843,211.968514274,171.694556577,0.0110784766451,137.769061759,0.0016433874052,171.694542564,211.968534353,171.694504739,0.0100460376187,192.865108318,0.0100190963462,64.105375605,171.694209257,0.0162171346953,0.0541219347912,169.694529077,0.0100141362009,171.694570447,0.0149976892731,0.01505269145,92.2061937305,119.193171911,181.231629645,77.2668767447,158.976743243,171.694468432,92.2058525385,211.966669735,92.2096493767
2011-06-14 14:00:00,82.7893745598,211.968513141,171.694557932,0.0110842297433,137.769062303,0.00164193246162,171.6945618,211.96851597,171.694508194,0.0100576945657,192.865582353,0.015041936546,64.1054045617,171.694213111,0.0162277171102,0.0541266848755,169.694537007,0.0100199825193,171.694589019,0.0149979669342,0.0150070119786,92.20624212,119.193173248,181.231640363,143.876240413,158.97691546,171.694471222,92.2059793583,211.968344159,92.209735785
2011-06-14 15:00:00,82.7894121223,211.968515567,211.968529024,0.0111466664148,137.769065002,0.00164037406389,211.968531286,211.9685363,211.968462203,0.0126107793288,238.106624082,100.855112902,85.4736668211,171.694238321,79.9161947032,0.0541358557721,169.694586547,0.0100464600808,211.968559785,0.0150000050036,0.0150058106165,92.2062528038,119.193175032,181.231694552,143.876242586,211.965430083,171.694500415,211.964719969,211.968500773,122.94577017
2011-06-14 16:00:00,110.385716154,211.968518285,211.968551337,0.0138358121342,170.085254299,0.00163886045174,211.968551486,211.968538408,211.968538197,0.0133697463845,238.106687051,100.855126791,85.4737993635,211.968180094,79.9162236422,211.968190561,211.967835234,0.0123765394151,211.968629025,0.0150054084312,0.0150081204706,92.2062556161,147.152071536,223.74270564,143.876244156,211.968500355,211.968478669,211.967428896,211.96867145,122.946137425
2011-06-14 17:00:00,110.38574761,211.968520585,211.968559142,0.0138915292692,170.085256913,0.00163740161404,211.968561587,211.968539476,211.968543451,0.0133749503305,238.10669553,100.855157031,85.4738081698,211.968211277,79.9162265554,211.968213886,211.967846954,0.0123856708058,211.968647404,0.0150611483787,22.7131317842,92.2062590832,147.152074799,223.74276382,177.62499395,211.969021849,211.968492688,211.967543027,211.968765579,122.946209589
2011-06-14 18:00:00,110.385748928,211.968518682,211.968584002,0.0139010670226,170.085260904,0.00163593634406,211.968569396,211.96854091,211.968543055,0.013377523316,238.10670066,134.473576809,85.4738094986,211.968215118,79.9162280164,211.96821538,211.96784883,0.0123885194419,211.968656527,92.2063166866,52.2138766938,92.2062579399,147.152075253,223.74276517,177.624999827,211.969124095,211.968494154,211.967555025,211.96878679,122.946275434
2011-06-14 19:00:00,110.385751689,211.968519382,211.968568721,0.0139064674841,170.085260923,0.00163444656577,211.968567876,211.968539729,211.968543275,0.0133785729923,238.106699566,134.473583699,85.4738105721,211.96821866,79.9162281149,211.96821671,211.96785009,0.0123899936686,211.96865724,92.2063201876,52.2138219487,92.206261182,147.152075505,223.742768366,177.625000373,211.969127102,211.968495699,211.967557446,211.968764797,122.946103815
2011-06-14 20:00:00,110.385750981,211.96851969,211.968569171,0.0139056711994,170.085261766,0.00163279894872,211.968570123,211.968539197,211.968543109,0.013379102573,238.106698057,134.473586853,85.4738107318,211.968219428,79.9162272893,211.968216967,211.967850293,0.012389958593,211.968657498,92.2063193376,22.713119135,92.2062611671,147.152075514,223.742767713,177.625000539,211.96914529,211.968495726,211.967547553,211.968659853,122.945643478
2011-06-14 21:00:00,110.385749015,211.968518292,211.968561326,0.0139033616327,170.085261375,0.00163119922312,211.968569055,211.968538979,211.968543817,0.0133787768653,238.106695678,134.473587389,85.4738101193,211.968217241,79.9162266166,211.968217141,211.967850292,0.0123893310645,211.968651958,92.2063100585,0.0150580340144,92.206261757,147.152075462,223.74276426,177.62500058,211.969127277,211.968495236,211.967536549,211.968574225,92.2099575767
2011-06-14 22:00:00,110.385748198,211.968516713,211.96855546,0.0139002591805,170.085259561,0.00162919866887,211.968565671,211.968537562,211.968543863,0.0133778163715,238.106692622,134.473587251,85.4738101007,211.9682142,79.9162261317,211.968217294,211.967849904,0.0123882558044,211.968636066,92.206287588,0.0150083135679,92.2062613764,147.152075369,223.742766035,177.625000581,211.969118302,211.968494628,211.967531103,211.968524436,92.2096317641
2011-06-14 23:00:00,110.385746976,211.968515287,211.96855367,0.0138976760713,170.085258799,0.00162771574849,211.968563531,211.968529094,211.968544365,0.0133770903426,238.106689668,134.473587097,85.4738097116,211.96821298,79.9162259557,211.968217291,211.967849448,0.012386813915,211.968633267,92.206297394,0.0150059625978,92.2062625195,147.152075286,223.742762542,177.625000595,211.969108671,211.968493904,211.967531005,211.968470573,92.209607197
2011-06-15 00:00:00,110.385745685,211.968519718,211.968555052,0.0138947624096,170.085257465,0.00162619809432,211.968560935,211.968524789,211.968543793,0.0133763225377,238.106688332,134.473587023,85.4738096975,211.968212052,79.9162256013,211.968217229,211.967848935,0.0123856876593,211.968635283,92.2061752318,22.7131379525,92.2062607597,147.15207522,223.742761142,177.625000621,211.969104477,211.968493099,211.967551189,211.968416519,92.2095722577
2011-06-15 01:00:00,110.385744816,211.968518519,211.96855344,0.0138923317939,170.085257014,0.00162466345503,211.968561526,211.96827548,211.968545106,0.0133754919143,238.106685573,134.473586729,85.4738095601,211.968209855,79.9162251541,211.96821705,211.967848644,0.0123849910414,211.96863601,92.2063198269,0.0150374907802,92.2062617198,147.152075158,223.742757588,177.62500063,211.969011716,211.968492267,211.9675439,211.968325574,92.2096031829
2011-06-15 02:00:00,110.385745536,211.968518321,211.968552561,0.0138891298731,170.08525678,0.00162317873865,211.968562233,158.976361761,211.968545156,0.0133744424442,238.106682208,134.473586504,85.473809098,211.968208006,79.9162243001,211.968217009,211.967848312,0.0123839004512,211.968634835,92.2063339958,0.0150096843566,92.2062651872,147.152075099,223.742755882,177.625000634,211.969065126,211.968491073,211.967543596,211.968369909,92.2096178115
2011-06-15 03:00:00,110.385748261,211.968520318,211.968552744,0.0138842146975,170.085256828,0.00162189320722,211.968562609,158.976300977,211.968545128,0.0133728023861,238.106680044,134.473586082,85.4738093442,211.968204918,79.9162233668,211.968217482,211.967848073,0.0123835418352,211.96863846,92.2064027435,0.0150063570908,92.2062706796,147.152075011,223.742754012,177.625000686,211.969074727,211.968489549,211.967551434,211.968355036,92.2095666676
2011-06-15 04:00:00,110.38575056,211.968521639,211.968554188,0.0138784311172,170.085257048,0.00162096062376,211.968564734,92.206442212,211.968545681,0.0133692907823,238.106680183,134.473585419,85.4738103984,211.968203139,79.9162216753,211.968217256,211.967848145,0.0123834860457,211.968660786,211.967189689,0.015003789054,92.2062800149,147.152074968,223.742752158,177.625000733,211.969107962,211.968487405,211.967560279,211.968259842,92.2095497836
2011-06-15 05:00:00,110.385748632,211.968520132,211.968557795,0.0138495355418,170.085256912,0.00162009669606,211.968565735,158.976297258,211.968543918,0.0133014472951,238.106668278,134.473584578,85.4738110066,211.968191654,79.9161986224,211.96821579,211.967844193,0.0123764873552,211.968664837,211.968463299,0.0150078302798,92.2063790241,147.152074817,223.742739848,177.625000723,211.969096216,211.968471657,211.967551362,211.966763991,92.2093480987
2011-06-15 06:00:00,110.385699341,211.968517507,211.968561035,0.0105127373672,170.085256814,0.00161881777444,211.968565059,211.968538089,211.9685312,0.0100488679354,211.968566235,134.473583593,85.4738078732,171.694077484,64.7320887081,211.968101923,171.69396431,0.0100369671005,211.968657087,211.968517433,52.2138429624,211.967952254,147.152070626,211.96852678,177.625000488,211.969090697,158.976508257,211.967307998,92.2063963255,0.0200188538998
2011-06-15 07:00:00,82.7893497804,211.968514063,211.968554661,0.0103309350842,170.085250776,0.00161738547554,211.968557016,211.968538217,158.976512336,0.0100349366303,192.866365611,134.473572851,85.4737949627,171.693964961,64.7320800697,171.694250268,171.693949436,0.0100233297319,211.968629137,211.968512191,22.7135369917,211.966199632,119.193179,181.231530241,177.624997936,211.968607205,158.976456194,92.2059427936,92.2051237975,0.0199441588596
2011-06-15 08:00:00,82.7893024029,211.968513338,211.968548885,0.0102021173788,73.9871354109,0.00161596118921,211.968545755,211.968535025,158.976495221,0.0100081307047,192.866347086,58.4961277905,85.4706519356,171.693901063,64.731948521,171.694244377,171.69393925,0.0100104088921,211.968557401,211.968421956,0.0150196727128,211.968154075,119.193177573,181.23150042,143.87624835,158.977659994,158.976372781,92.2058184046,0.0151426429439,0.0198260864063
2011-06-15 09:00:00,82.7888386438,211.968512375,211.968536712,0.0100243579993,73.9871291816,0.00161443261013,211.968459616,92.2073571653,92.206318965,0.0100036314752,192.866326847,58.4960867576,64.1054528697,0.0176384157061,0.010018994543,158.975964103,0.019320665823,0.0100045086963,171.694616699,211.968146926,0.0150102281064,211.968283993,110.364061383,181.231431828,143.876246264,158.979255786,0.0104596266199,0.0343631346414,0.0150470360986,0.0150575934578
2011-06-15 10:00:00,0.0100343265805,211.968512724,171.694911,0.0100152740986,73.9870979995,0.00161305518263,171.694528237,92.2063163749,0.0200514331329,0.0100034416999,178.580149164,58.496078586,64.1054322183,0.0100439369869,0.0100178102095,0.0541044357728,92.2060299244,0.010004183153,158.976522248,158.976137555,0.0150083301534,211.968268747,0.0103438869248,167.807787805,143.876244786,211.968464432,0.0101166166638,0.0150194628029,0.0150405648304,0.0150072676182
2011-06-15 11:00:00,82.7890436577,211.968511355,211.968536652,0.0100547830211,73.9870875504,0.00161151007879,92.2063292161,92.2063147982,0.0200259690249,0.0100055941206,103.576593371,0.0150757134688,64.105440508,158.976325306,59.939549481,171.69424369,171.693941405,0.0100080409111,171.69461207,92.2063686064,0.0150082879042,211.968179182,0.0150938404317,0.0114679074139,133.217750023,211.96894098,158.97442621,0.0150192330027,0.0150863196358,0.015005249134
2011-06-15 12:00:00,82.7892920473,211.968514404,211.968551794,0.0102667818008,73.9870874318,0.00161009891206,92.2063214005,92.2063153983,0.0200396630823,0.010022901762,178.580147916,0.010033670663,64.1054653757,171.693951358,64.7320751797,171.694246038,171.693946885,0.01001918159,211.968517001,158.976303864,0.0150664081143,171.695144265,119.193172008,181.231300643,0.0149970141611,211.968813121,158.976318849,0.0163209316313,92.200991475,0.015059394668
2011-06-15 13:00:00,82.7893210277,211.968513619,211.968549571,0.0103105811391,73.9871035957,0.00160871675973,92.2063208821,92.2063142357,92.2063203531,0.0100372388844,192.866338844,0.0100835916239,64.1054741864,171.693954238,64.7320830735,171.694248593,171.693947596,0.0100271789758,211.968568579,92.2063873845,22.7131549176,211.968295047,119.193177879,181.231496472,77.2668709969,158.976988339,158.97645329,0.015060601299,92.2051033624,0.019805593504
2011-06-15 14:00:00,82.7893456006,211.968518833,211.968551294,0.0103331288073,73.9870990909,0.00160726224367,171.694491257,92.2063148313,158.976498843,0.010050144414,192.866356371,0.0165872496009,85.4737338384,171.693961133,64.7320942487,171.694249962,171.69395397,0.0100338693589,211.968626187,158.978728828,22.713311507,211.968378593,119.19317882,181.231514675,143.876243907,158.977459339,158.976465617,0.0150504593504,92.2057677827,0.0199994511923
2011-06-15 15:00:00,82.7895569889,211.968523064,211.968553737,0.0104193116807,73.9871286534,0.00160569852181,171.694534313,92.2063154188,211.968434372,0.0131649216731,238.106555887,58.4960764267,85.4737968655,171.693997832,183.714870501,171.694255874,171.693982573,0.0100841866646,211.968629981,211.966299991,52.2138503391,211.968395116,119.193181161,181.231564482,143.876245877,158.977060303,158.976541425,0.0349896814168,92.2064650004,0.0273843884347
2011-06-15 16:00:00,110.385730986,211.968527822,211.968553848,0.0137114065914,73.9871347948,0.00160414846386,211.968525497,92.2063168242,211.968544882,0.0134281785656,238.106603999,58.496085941,85.4738062363,211.968077826,183.714923429,211.968207475,211.967854981,0.0123841187354,211.968637646,211.968395972,52.2138691856,211.968399887,147.152076394,223.742574907,143.876247219,211.96686759,211.968304781,92.2057832119,211.96507898,211.966814251
2011-06-15 17:00:00,110.385752311,211.968533519,211.9685555,0.0137933718925,170.085238506,0.00160265304397,211.968552387,92.2064959207,211.968550575,0.0134333391139,238.106608683,58.4961497027,85.4738094699,211.968116494,183.714927203,211.968215855,211.967862602,0.0123922789864,211.968665755,211.968469246,52.2138803803,211.968404872,147.152079201,223.742652321,177.624993494,211.968598921,211.968324741,92.2059284596,211.968014467,211.968843031
2011-06-15 18:00:00,110.38575374,211.968531365,211.968554279,0.0138037524074,170.085251906,0.00160121094352,211.968556633,211.968539554,211.968551512,0.0134357744385,238.106612973,134.472920897,85.4738101621,211.96812139,183.714929373,211.968216584,211.967863872,0.0123948826219,211.968665082,211.968524356,52.2138867163,211.968406553,147.152079604,223.742656883,177.624998458,211.968814864,211.968327748,113.834520301,211.968108384,211.968976595
2011-06-15 19:00:00,110.385756727,211.96853029,211.968554376,0.0138105457021,170.08525349,0.00159976628582,211.968557532,211.968539626,211.968552777,0.013436825843,238.106610364,134.472928424,85.4738110551,211.968125524,183.714929914,211.968217429,211.967864903,0.0123963838802,211.968665919,211.968538129,52.2138824526,211.968405716,147.152079856,223.742662502,177.624998922,211.969009127,211.968329901,113.834664601,211.968132387,211.969030127
2011-06-15 20:00:00,110.385756071,211.968530337,211.968554489,0.0138095509682,170.085255148,0.00159825089874,211.968558873,211.968539756,211.96855273,0.0134374690948,238.106607622,134.472931589,85.4738112705,211.968126433,183.714929532,211.96821738,211.967864997,0.0123960872917,211.968664825,211.96853875,52.2138788132,211.968405924,147.152079868,223.742663922,177.624999053,211.96909188,211.968330352,113.834643301,211.968102976,211.969017552
2011-06-15 21:00:00,110.385754468,211.968528173,211.968553995,0.0138073845781,170.085254959,0.00159663612516,211.968558344,211.968539632,211.968551956,0.0134371598648,238.106603244,134.47293219,85.4738108172,211.968124385,183.71492904,211.968217361,211.967864857,0.0123952990979,211.968661229,211.968538767,52.2138791282,211.968405371,147.152079824,223.742661791,177.624999123,211.96910141,211.968330042,113.834595694,211.968050989,211.969043929
2011-06-15 22:00:00,110.385751761,211.968526155,211.968552288,0.013803649951,170.085253876,0.00159482777236,211.968556525,211.968538849,211.968550999,0.0134362700084,238.106597339,134.472932073,85.4738104144,211.968121246,183.714928464,211.968217326,211.967864356,0.0123941208247,211.968641849,211.96853015,52.2138757979,211.968404456,147.152079738,223.74265956,177.62499914,211.969074292,211.968329476,113.834504465,211.967940557,211.969066192
2011-06-15 23:00:00,110.385749469,211.968524867,211.968550351,0.0138006740542,170.085253355,0.00159322898594,211.968554669,211.968538026,211.968550179,0.0134353861784,238.106589316,134.472931969,85.4738102222,211.968118528,183.714928015,211.968217194,211.967863811,0.0123926305893,211.968633531,211.968517547,52.2138722954,211.968404348,147.152079662,223.742662552,177.624999166,211.969053064,211.968328801,113.834213526,211.967858299,211.969083603
2011-06-16 00:00:00,110.38574781,211.968524174,211.968549915,0.0137980875697,170.085250885,0.00159177263802,211.968554275,211.968539072,211.968549645,0.0134345225681,238.106566295,134.472931952,85.4738099035,211.968118464,183.71492794,211.968216926,211.967863071,0.0123912007915,211.968630901,211.96843689,52.2138723471,211.968404082,147.152079608,223.742661803,177.624999169,211.969026242,211.968327933,113.834918727,211.967838889,211.969113405
2011-06-16 01:00:00,110.385746923,211.968524171,211.968546056,0.0137954808053,170.085246639,0.00159025138678,211.968550522,211.968538784,211.968549854,0.0134336718262,238.106561629,134.472931677,85.4738095773,211.968117014,183.714927417,211.968216538,211.96786258,0.012390133514,211.968631115,211.968233793,52.2138713616,211.968403621,147.152079548,223.742660339,177.624999198,211.96895754,211.968327113,113.834936958,211.967791924,211.96909205
2011-06-16 02:00:00,110.385747823,211.968525229,211.968513529,0.0137929082547,170.085219267,0.00158880322578,211.968549635,211.968538001,211.968549328,0.0134325657682,238.106560657,134.472931421,85.4738095331,211.968114746,183.714926657,211.968216307,211.967861933,0.0123892732481,211.96863162,211.967796713,52.213869958,211.968402694,147.152079481,223.742659818,177.624999222,211.968949286,211.968325847,113.834908404,211.967957446,211.969066398
2011-06-16 03:00:00,110.385752298,211.968528638,171.694596533,0.013788968193,170.085189613,0.00158746834469,211.968550139,211.968538812,211.968549522,0.0134307601121,238.106566276,134.472931007,85.4738094226,211.968110667,183.714926052,211.968216582,211.967861244,0.0123881934325,211.968631766,211.967990016,52.2138682775,211.968403154,147.152079387,223.74265944,177.624999281,211.968919807,211.968324204,113.834923578,211.968112722,211.969094451
2011-06-16 04:00:00,110.385756774,211.968531713,171.694611295,0.013784002477,170.085146635,0.00158659654444,211.968549288,211.968538977,211.968550521,0.0134268916194,238.10656866,134.472930365,85.4738103192,211.968106919,183.714925183,211.968215906,211.96786044,0.012387610242,211.968639024,211.967230671,52.2138700743,211.968406725,147.152079349,223.74265972,177.624999331,211.968873895,211.9683216,113.835040531,211.968245953,211.969110833
2011-06-16 05:00:00,110.385756856,211.96852708,211.968491423,0.0137544324093,73.9870872517,0.00158564594701,211.968545328,211.968539005,211.968548829,0.0132799084354,238.106478026,134.4729294,85.4738110302,211.968089598,183.714913318,211.96821316,211.967852862,0.0123768164973,211.968651005,92.2064585084,52.2139219535,211.968410624,147.152079208,223.742657584,177.624999308,211.96879485,211.968304057,113.834885719,211.967949923,211.968825932
2011-06-16 06:00:00,110.385734717,211.968521256,211.968542807,0.0107166134487,73.9870850687,0.00158437691078,211.968530803,211.96853756,211.968538184,0.0100570614926,178.581135787,134.472928176,85.473810414,150.012118629,148.809083498,211.968039087,92.2059579773,0.0100310388011,211.968630031,92.2063863268,52.2141965633,211.968407237,147.152076515,211.968579066,177.624999038,211.968472705,0.0579826527659,92.2065078747,92.2089275186,92.2105761943
2011-06-16 07:00:00,89.4124023011,211.968496151,211.968547092,0.0106063320363,0.0199972450131,0.00158294107792,92.2063282173,211.96847076,92.2064752241,0.0100434006519,178.581069394,134.472918716,85.4738069229,150.011665042,148.809075209,0.0152094919643,92.2059252541,0.0100172190809,211.968562607,92.2063271228,52.2154537592,211.968399878,119.193182749,181.231570635,177.624996553,92.2067187735,0.0578245824499,92.2059716402,92.2067022651,92.2100470964
2011-06-16 08:00:00,89.4123530619,211.968277922,211.968547105,0.0104115834817,0.0150137265672,0.00158147310112,0.0200109853675,92.206317527,92.2063299204,0.0100086241131,178.57990502,43.8739573087,85.4737994577,150.011635479,148.80905872,0.0151935786202,92.2059161447,0.0100081431323,171.694587543,92.2051821617,52.2142714804,211.96839277,119.193181064,181.231550397,143.876246159,92.2064598956,0.0578075763443,92.2058836967,92.2064573369,92.2095656255
2011-06-16 09:00:00,82.7893434088,92.2063696869,211.968537112,0.0100498207151,0.0150081535893,0.00158008061291,0.0199908373345,92.2063149943,92.2063236416,0.0100044252432,103.576411364,43.8739048734,85.4737857616,150.008386959,79.9160316303,0.0151861352716,0.0103476008308,0.0100039307413,158.976659808,0.0150127620775,52.2150573796,211.968389934,119.193172894,181.231527334,143.876243912,92.2064685687,0.0155420629752,92.2058530232,92.2064196207,92.2095340307
2011-06-16 10:00:00,0.0167674902947,92.2063306701,92.2063656598,0.0100579969347,0.0150005416622,0.00157864432826,0.0199710536669,92.2063095137,92.2063185917,0.0100051800586,103.576404762,43.8738944053,85.4678777381,0.0100639773563,79.9161790913,0.0147953331791,0.0100129093936,0.010003248581,92.2063596305,0.0150024019798,52.2142207263,211.968383761,0.015003629729,167.809748178,143.876242518,92.206439425,0.0100203272742,92.2058880681,92.2064395006,92.2095310593
2011-06-16 11:00:00,82.7892009302,92.2063296962,92.2063355345,0.0103381677167,0.0150003136743,0.00157713826354,0.0195819834505,0.0150031261367,92.2063180515,0.0100075309202,103.576453838,0.0106918469765,64.1058679279,0.0100896272932,148.809057055,0.0145715590698,0.0100160816512,0.0100038944582,158.976496889,0.0149996706026,52.2141679221,211.968378004,0.0150912570629,0.012342035382,133.21878797,92.2063231764,0.0100360555151,92.205911554,92.2064543205,92.2095576576
2011-06-16 12:00:00,82.7893531352,92.2063227187,92.2063510685,0.0105005863826,0.0150004790815,0.00157570406953,0.0199883409514,69.1546629023,92.2063230361,0.0100314925016,178.580952252,0.0100177939486,64.1070460251,150.011536321,148.809071497,0.0151792588469,92.205823095,0.0100060445226,171.694576765,0.014998898565,52.2141706744,92.2062933968,119.193163097,167.812013103,0.0150661672252,92.2064759214,0.0519529780901,92.2061653593,92.2064874416,92.209470775
2011-06-16 13:00:00,82.7897547265,92.2063787185,92.2063333733,0.0105990099365,0.0150015814753,0.00157422186762,0.019986123838,0.0150022287075,92.2063249604,0.0100471186823,178.581067964,0.0100350189717,64.1055432572,150.011626118,148.809076236,0.015190185865,92.2059190761,0.0100129480553,171.694587204,0.0149982338003,52.2140736999,92.2062634334,119.193180116,181.23151669,133.218791188,92.20645122,0.0578010704918,92.206453959,92.2073727217,92.2099917303
2011-06-16 14:00:00,89.4123706609,211.968418722,92.2063237081,0.0106302911927,0.0150040369606,0.00157275540598,0.0199834469256,0.0150004557404,92.2063271004,0.0100593049038,178.581105747,0.0151190319281,85.4737902406,150.011655562,148.809083954,0.0151934666773,92.2059263788,0.010020422669,211.968556633,0.0149997231136,52.2138768611,92.2062622936,119.193181505,181.231543699,143.876241396,92.2064496959,0.0578231146393,92.2082013265,92.2088574823,92.2103105348
2011-06-16 15:00:00,110.384919519,211.968515106,92.2063238954,0.010814761037,0.0150071455305,0.00157122766931,0.0198424557447,0.0150004157905,92.2063597184,0.0130578406278,238.106553537,43.8738961309,85.4738077619,150.011739609,183.714893033,0.0163220013173,92.2059660834,0.0100480275795,211.968617098,0.0150009223299,52.2138582901,92.2062814268,119.193183282,181.231597175,143.876243457,92.204502693,0.0579651292281,211.967370218,211.968134346,211.968948867
2011-06-16 16:00:00,110.385742955,211.968525287,92.2063244401,0.0157958858713,0.0150141417153,0.00156974639464,0.0199739552811,0.0150007246579,113.834970099,0.0134304478322,238.106654825,43.8739056725,85.4738102169,200.018073845,183.714937822,0.0187542532157,211.967640993,0.0123834179702,211.968622712,0.0150068541846,52.2138531805,92.206343298,147.152076708,223.742635734,143.876244739,92.2061536877,211.968421708,211.967558653,211.968567524,211.975846147
2011-06-16 17:00:00,110.38576048,211.968528413,92.206375555,0.0159181132803,73.9870754192,0.00156828449895,0.0199922999259,69.1546973149,113.834972677,0.0134355544393,238.106662539,43.8740759677,85.4738109691,200.018124454,183.714941091,0.0187576468928,211.967650627,0.0123929307057,211.968626739,0.015379404362,52.2138499167,92.2064499287,147.152079332,223.742705301,177.624988927,92.2065080614,211.968453072,211.967610429,211.968809641,211.975963922
2011-06-16 18:00:00,110.385761003,211.968527954,113.834968055,0.0159307839841,170.085237004,0.00156680979408,92.2059780106,92.2063155484,113.834972023,0.0134380068546,238.106668024,58.4988005911,85.4738107775,200.018129965,183.714943348,0.0187577485047,211.967652403,0.0123957729728,211.968627414,92.2063529818,52.2138462322,92.2062649553,147.152079681,223.742711192,177.62499503,92.2075790016,211.968457256,211.967620584,211.968797151,211.975951691
2011-06-16 19:00:00,110.385763046,211.968529052,113.834947875,0.0159390821488,170.085251627,0.00156536209841,92.2063339147,92.2063224151,113.834971495,0.0134392430877,238.106666153,58.4988076668,85.4738113423,200.018134659,183.714943971,0.0187575597925,211.967653444,0.0123974727851,211.968626475,211.968306304,52.2138408084,92.2062624525,147.152079896,223.74271747,177.624995527,211.968302594,211.968459824,211.967632515,211.968805635,211.975959873
2011-06-16 20:00:00,110.385761335,211.968530513,92.2063788776,0.0159391204045,170.085253741,0.00156382493008,92.2063522899,92.2063544102,113.834970947,0.0134397706996,238.106664379,58.4988107565,85.4738113127,200.018135689,183.714943629,0.0187570336358,211.967653532,0.0123973357707,211.968621255,211.968520302,52.213835457,92.2062607477,147.152079887,223.742717926,177.624995694,211.968395207,211.968460385,211.967627812,211.968772575,211.97593517
2011-06-16 21:00:00,110.385757919,211.968529508,92.2063318069,0.0159374399904,170.085254363,0.00156222705986,92.2063543151,92.2082887749,113.834969125,0.0134394217896,238.106661605,58.498811384,85.4738107164,200.018133702,183.714943374,0.0187567096415,211.967653419,0.0123967230473,211.968597446,211.968524862,52.2138312729,92.20626987,147.152079828,223.74271695,177.624995782,211.968438932,211.96846037,211.967609196,211.968697434,211.975892274
2011-06-16 22:00:00,110.385752708,211.968528429,92.2063236498,0.0159336461986,170.085254198,0.00156046102454,92.2063501452,92.2063280244,113.834965346,0.0134386020653,238.106658,58.4988113325,85.4738106055,200.018130477,183.71494317,0.0187556278269,211.967652914,0.0123956536075,211.968547779,211.968326434,52.2138229073,92.2062657801,147.152079732,223.742713636,177.624995791,211.968467445,211.968460035,211.967593636,211.968634113,211.975824724
2011-06-16 23:00:00,110.385747983,211.968527933,92.2063217594,0.0159308084041,170.085254385,0.00155888518237,92.2063545106,92.2063181012,113.834966444,0.0134377381517,238.106654198,58.4988112169,85.4738107587,200.018127693,183.714942988,0.0187546219546,211.967652369,0.0123941635633,92.2063698385,92.2080021904,52.2137896999,92.2062613902,147.152079645,223.742716864,177.624995792,211.96848883,211.968459417,211.96757863,211.968603182,211.975712719
2011-06-17 00:00:00,110.385740788,211.968527501,92.2063132685,0.0159286479489,170.085254139,0.00155733910531,92.2063439793,92.2063163735,113.834965396,0.0134368824938,238.106647208,58.4988111376,85.4738105228,200.018127748,183.714942701,0.0187505592175,211.967651941,0.0123928107386,92.2063550462,92.2063294555,22.7131624805,92.2062553626,147.152079638,223.742715611,177.624995753,211.968500539,211.968458812,211.967577782,211.968593902,211.975590125
2011-06-17 01:00:00,110.385741586,211.968527372,92.20631522,0.0159267964827,170.0852537,0.00155582905885,92.2063658798,92.2063161734,113.834965034,0.0134362319494,238.106642415,58.4988107387,85.4738102226,200.018126168,183.714942446,0.0187513879005,211.967651433,0.0123917687619,92.2063537861,92.2063250574,0.0150845388195,92.2062538812,147.152079579,223.742715626,177.624995704,211.968505143,211.968458303,211.967572078,211.968585407,211.975151006
2011-06-17 02:00:00,110.385749719,211.968528376,92.2063187843,0.0159246741819,170.085253206,0.0015543765475,92.20636964,92.2063160781,113.834961929,0.0134346214371,238.106639907,58.4988103604,85.4738097715,200.018123793,183.714941777,0.0187529777742,211.967650862,0.0123907238191,92.2063534155,92.2063183874,0.0150270857171,92.2062528387,147.152079511,223.742714139,177.624995633,211.968501304,211.968457732,211.967578177,211.968605072,211.954880558
2011-06-17 03:00:00,110.385756928,211.968531196,92.2063198714,0.0159220157534,170.085252566,0.00155298022144,92.2063743951,92.2063159008,113.834958221,0.0134333736065,238.106637273,58.4988099872,85.4738103961,200.018119547,183.714941048,0.0187534937005,211.967650269,0.0123898722175,92.2063544435,92.2063177501,0.0150377202177,92.2062521316,147.15207942,223.742714208,177.624995573,211.968497202,211.968456922,211.96760159,211.968721591,92.2116891848
2011-06-17 04:00:00,110.385762788,211.968534912,92.2063212993,0.0159218682118,170.085251248,0.00155219452869,92.2063780942,92.2063150528,113.834931749,0.0134294820847,238.106635041,58.4988092678,85.4738105071,200.018115184,183.714939677,0.0187515110445,211.967649256,0.0123894319145,92.2063599941,92.2063216981,0.015063177505,92.2062514924,147.152079378,223.74271392,177.62499549,211.968507185,211.968456008,211.967626304,211.968810449,92.2108940145
2011-06-17 05:00:00,110.38576429,211.968529693,92.2063241869,0.0159051259304,170.085246424,0.00155133453672,92.2063814918,92.206297971,92.2063180009,0.0133074305648,238.106513674,58.4988083681,85.4738111535,200.018098359,183.714924224,0.0187469661915,211.967641799,0.012379093395,113.834991745,92.206336045,22.7131693886,92.2062488424,147.152079208,223.742711511,177.624995285,211.968518826,211.968446548,211.967553483,211.968679155,92.2100288127
2011-06-17 06:00:00,110.385761383,211.96852491,92.2064563596,0.012912556145,170.085237011,0.00155010387335,92.2063809,0.0150294500063,0.0200052294725,0.0100831251855,103.576464462,58.4988068914,85.4738093406,70.4766120222,148.809068563,0.0186553850396,92.203263548,0.0100363983432,92.2063563855,122.942209292,52.2137862768,0.0150445731676,147.152076793,223.742618933,177.624994559,211.968475314,171.694458189,211.966950554,211.968489005,92.2097969336
2011-06-17 07:00:00,110.385755673,211.968510071,92.2063218071,0.0128635754986,73.9870855664,0.00154873885675,92.2063179331,0.0150008934446,0.0199987155802,0.0100681415497,103.576403744,58.4987954226,85.473801552,70.4763791366,148.809057058,0.015173573769,92.2031720267,0.0100224772732,92.2063498203,211.968484433,28.0385405333,0.015008458946,119.193182638,181.231607127,177.624979983,158.976733827,171.694436887,92.2069388222,211.968251168,92.2096263451
2011-06-17 08:00:00,110.385749506,92.2067415603,92.2063038017,0.0120205038729,0.0150780271818,0.00154726880455,74.6871713935,0.0150004154503,0.0199926991725,0.010011438858,103.576380914,43.8742010863,85.4737786429,70.4763429986,148.809031611,0.0151678256138,92.2031633027,0.0100114403055,92.2062917466,211.96847815,22.7131738306,0.0150045874159,119.193180747,181.231580245,0.0150036711577,158.976371106,171.694419358,92.2059111457,171.698456361,92.2095621377
2011-06-17 09:00:00,110.38574106,92.2063318732,92.2062922521,0.010056111718,0.015002268724,0.00154581082245,74.6871786439,0.0150001512272,0.0199131041556,0.0100042736967,103.576254084,43.8741834624,85.472626598,65.2569363807,0.0101131959585,0.0151633693153,92.2030115532,0.0100052407277,0.0200005023638,211.968318338,22.7131973386,0.0150035729028,119.193179443,181.231575193,0.0150016183303,158.976335822,158.976311315,92.2059180343,171.695186199,92.2095601033
2011-06-17 10:00:00,110.385345739,92.2063275528,92.2062904643,0.0100279304981,0.0150004392442,0.00154438565033,74.6871754684,0.0150000562928,0.0150006762309,0.0100038526671,103.576048101,43.8741675975,64.1055268494,65.2563194307,0.0100398319944,0.0151540836565,0.010077494935,0.0100043476655,0.0199996634832,113.836701492,22.7131702694,0.0150032768377,110.364064805,181.231566715,0.014998639316,158.976271525,0.0149611098881,92.2059709986,171.69531884,92.2095593025
2011-06-17 11:00:00,89.4124730498,92.2064068904,92.2063126169,0.0100483202916,0.0150001723221,0.00154290950936,92.2063193881,0.0150000499763,0.0150005031888,0.0100068313802,103.576324442,0.0150131710417,64.1055116804,0.0153764992297,137.785155241,0.0151563557945,0.010051109222,0.0100051070837,0.0199996738969,92.2063732523,22.713140592,0.0150034605321,0.0150105575134,181.231564915,0.0149799261703,158.976372895,0.0148924101956,92.2059721084,211.967691522,92.2095112453
2011-06-17 12:00:00,89.4124634806,211.968377667,92.2063218696,0.0128312395978,0.0150001294655,0.00154154966414,92.2063766983,0.0150003788856,0.0150116811825,0.0100587429447,103.576317267,0.0149205140995,64.1055526362,70.4763527124,148.809050647,0.0151638775608,92.2031607692,0.0100111351282,0.0200073994546,92.2063291869,22.7012806213,0.01500433839,110.364080383,181.231581151,0.0148725234152,211.968278557,158.976524321,92.2059353052,211.968232279,92.2095060755
2011-06-17 13:00:00,89.4124686933,211.968496481,92.2063309597,0.0129045742718,0.0150000250315,0.00154003972902,92.2063785009,0.0150083092659,0.0199949997685,0.0100746457819,103.57638186,43.8722820004,85.4737323751,70.476367067,148.809057261,0.0151669406389,92.203166131,0.0100217257878,92.2063507362,92.2063225878,0.0150110080173,0.0150068398195,119.193179805,181.231580819,0.0149963861636,211.968373088,171.694444974,92.207841786,211.968413183,92.209523019
2011-06-17 14:00:00,89.4124742879,211.968512694,113.83493293,0.0130019964922,0.0150001169526,0.00153847376161,92.206378986,92.2063118176,0.0200004187933,0.0100871651736,103.576406998,43.8741580891,85.4737901746,70.4763767389,148.809065314,0.0151690349205,92.2031728009,0.0100307515682,92.2063590889,92.2063120085,0.0150116001122,0.0150179803959,119.193180646,181.231586869,0.0150001732224,211.968439614,171.69445694,113.836997753,211.968484176,92.2095172313
2011-06-17 15:00:00,110.384102762,211.968523655,113.83500388,0.0158062733827,0.0150005792193,0.0015369338917,92.2063784921,92.2063155622,0.0200738790055,0.0129737913895,103.576674696,43.8741808616,85.4738045905,70.4764290806,183.714894512,0.0151763109069,92.2061077832,0.0100810233228,211.96857174,92.2063169894,0.0150251376983,92.2052474842,119.193182873,181.231630951,0.0150017901778,211.968463176,171.694686162,211.967487515,211.968496409,92.2095596808
2011-06-17 16:00:00,110.385743546,211.96852652,113.836455607,0.0160324601314,0.0150006758654,0.00153559215093,92.206376345,92.2063165101,211.968462459,0.0131624087168,211.968527606,43.8741882628,85.4738088381,87.0079069208,183.71492364,0.0187201578067,113.831074708,0.0123850181797,211.968621923,92.2063275421,22.7131093003,92.206251584,147.152074405,223.742635684,0.0150030881228,211.968462456,211.968497096,211.967443396,211.968396153,92.2095816738
2011-06-17 17:00:00,110.385760731,211.968528039,113.834982633,0.0160646000758,0.0150007003134,0.00153407366551,92.2063729245,92.2063192244,211.968540446,0.0131673720818,211.968544902,58.4947672334,85.4738100367,87.0079250735,183.714926882,0.0187284009878,113.831078748,0.0123929137499,211.968628657,92.2071250634,52.2137731235,92.2062964621,147.152075636,223.742694729,0.0197678658799,211.968456046,211.968515002,211.967472178,211.968381364,92.2096357946
2011-06-17 18:00:00,110.385757821,211.968528658,113.834887178,0.0160734766666,0.0150005588026,0.00153252399883,92.2063277317,211.96853237,211.968543011,0.0131697453063,211.968558015,58.4962415679,85.4738099954,87.0079284298,183.714928662,0.0187282717571,113.831079307,0.0123954852154,211.968627779,211.968116349,52.2138070452,211.968366285,147.152075848,223.742694334,0.0198081313582,211.968415253,211.968517301,211.943188174,211.967900774,92.2096649269
2011-06-17 19:00:00,110.385759957,211.96852835,92.2063262243,0.0160792860367,0.0150005413299,0.00153099504293,92.2063156066,211.968532022,211.968545285,0.0131709184838,211.968556459,58.496246854,85.4738106287,87.0079313165,183.714929199,0.0187288525258,113.831079888,0.0123969379959,211.96862736,211.96851257,52.2138001487,211.968387267,147.15207596,223.742696526,0.019808925833,211.968374768,211.968519415,113.836611982,211.964702547,92.2097295356
2011-06-17 20:00:00,110.385759428,211.96852833,92.2063209981,0.0160779376666,0.0150009716617,0.00152946684159,92.2062674125,211.968532756,211.968546224,0.0131714028637,211.96855467,58.4962493644,85.473810626,87.0079312812,183.714928938,0.0187288382582,113.831079681,0.0123968118702,211.968619885,211.968528815,52.2137942256,211.968395007,147.152075902,223.742695196,0.0198091738294,211.968332003,211.968519762,92.2059362129,92.2069243594,92.209781092
2011-06-17 21:00:00,110.38575593,211.968527311,92.2063150944,0.0160754838956,0.0150012479716,0.00152800368313,92.2055427691,211.968517469,211.96854587,0.0131712369881,211.968552877,58.4962497878,85.4738100178,87.0079288318,183.714928561,0.0187285898261,113.831079297,0.0123961637787,211.968591168,211.96853048,52.2137989015,211.968398606,147.152075822,223.742692312,0.0198093172233,211.968035762,211.968519511,92.2059206919,92.206655055,92.2100316764
2011-06-17 22:00:00,110.385752917,211.968525407,0.0200588583518,0.0160715939389,0.0150015006641,0.0015264531281,0.0199816246797,92.2063201093,211.9685449,0.0131704368387,211.968550258,58.4962496466,85.4738098027,87.007925214,183.714928227,0.0187284453896,113.831078461,0.0123951000771,211.968555899,211.968523436,52.2137971318,211.968398297,147.152075699,223.74268803,0.019809352764,0.0158553038447,211.968518667,92.2058897295,92.2065771847,92.2568161163
2011-06-17 23:00:00,110.385750299,211.968524401,0.0200103384175,0.0160683494872,0.0150037472402,0.00152487152728,0.0150344999893,92.206316296,211.968543781,0.0131694833397,211.968548086,58.4962493875,85.4738101206,87.0079214967,183.714927874,0.0187282734887,113.831077337,0.0123935587917,92.2063862884,211.968503814,52.2137954788,211.968395801,147.152075575,223.742683877,0.0198093525193,0.0150647813535,211.968517385,92.2058575101,92.2065873294,211.967419953
2011-06-18 00:00:00,110.385746016,211.968522623,0.0200031377412,0.0160653685209,0.0150354440211,0.00152312104763,0.0150074779823,92.2063152716,211.968542032,0.0131686414888,211.968543871,58.496249136,85.4738099003,87.007916354,183.714927474,0.0187278302206,113.831075219,0.0123922350587,92.2063549906,211.968303168,52.2137867188,211.96839411,147.152075477,223.742680308,0.0198093184639,0.0150218422181,211.968514747,92.2057039065,92.2066379067,211.967607169
2011-06-18 01:00:00,110.385744794,211.968519495,0.0200016057356,0.0160616519393,0.0184903383018,0.0015217687258,0.0150043011802,92.2063144064,211.968540817,0.0131677590551,211.968541903,58.4962486452,85.4738095095,87.0079137006,183.714926998,0.0187274228023,113.831073542,0.0123910030562,92.2063542844,211.968457858,52.2137899867,211.968390283,147.152075319,223.742677759,0.0198093008848,0.0150154606244,211.968514192,0.0152981625594,92.2068267949,211.967802444
2011-06-18 02:00:00,110.385745182,211.968512815,0.020001051358,0.0160581557554,0.018509493341,0.00152023925845,0.0150034708757,92.2063121616,211.968538983,0.0131664926716,211.968538585,58.4962481129,85.4738088189,87.0079090113,183.714926092,0.0187262090364,113.831071542,0.0123895764762,92.2063540014,211.968443158,52.2137826556,211.968387659,147.152075127,223.742679742,0.0198092428162,0.0150107052044,211.96851418,0.0150579685825,92.2071832679,211.967885961
2011-06-18 03:00:00,110.385746818,211.968509389,0.0200006599123,0.0160525503417,0.0151733771946,0.00151873691165,0.0150032375175,92.2063126328,211.968535407,0.013164440745,211.968533175,58.4962474894,85.4738089346,87.0079018934,183.714924864,0.0187240033006,113.831069041,0.01238836728,92.20635305,211.968424171,52.2137348501,211.968379689,147.152074839,223.742674421,0.0198091448148,0.0150120812091,211.968514197,0.0150861320695,92.2089860958,211.967933605
2011-06-18 04:00:00,110.385745496,211.968483433,0.0200000477449,0.0160456811771,0.0150161952988,0.00151749929814,0.015003339452,92.2063111342,211.968529821,0.0131593717818,211.96852822,58.4962463708,85.4738093512,87.0078940545,183.714922416,0.0187187993698,113.83106333,0.0123868897534,92.2063523589,211.968294389,22.7132228638,211.968329723,147.152074437,223.742663071,0.0198090039628,0.015012104732,211.968512829,0.0150919816191,113.834935812,211.96797843
2011-06-18 05:00:00,110.385742015,92.2063967442,0.0199995477715,0.0160120926266,0.0150017156074,0.00151631238163,0.0150034082605,92.2063098864,211.968505976,0.0121028590649,211.968413412,58.4962446383,85.4738091112,87.0078601929,183.714887939,0.0186948332098,113.831029256,0.0123735090038,92.2063515732,211.967683503,22.713262017,171.693163047,147.15207347,223.742650289,0.0198087502819,0.0150106255854,211.968473909,0.0150400221295,113.835270458,211.967927143
2011-06-18 06:00:00,110.385737453,211.968462487,0.0200005925798,0.0123080549933,0.0150006444923,0.00151511282861,0.0150033717891,92.2063149272,92.2063302566,0.0100294641033,103.576436979,58.4962415889,85.4738084699,0.0150466569662,0.0200459898798,0.0152940647768,0.0150276470748,0.0100309139436,92.2063504815,92.2063544858,52.2137606387,211.963734859,64.0111506783,211.968454363,0.0198080320592,0.0150084426613,171.694502753,0.0150101094143,92.2069355019,211.967724353
2011-06-18 07:00:00,89.412481831,92.2063594872,0.0200006053993,0.0121644133488,0.0150000458809,0.00151396902453,0.0150019435154,92.2063094602,92.206321666,0.0100165917309,103.576402557,58.4962021838,85.4738072934,0.0149257759001,0.0200335835505,0.0150328641268,0.0150150581916,0.0100176236358,0.0200136533786,92.2063456877,52.21378372,92.2062703533,0.0121462933265,181.231504222,0.019754619802,0.0150053954535,171.694497092,0.014998031447,92.2066549128,158.976188404
2011-06-18 08:00:00,89.4124630806,92.2063149059,0.0199988981284,0.0121323009074,0.0149998297718,0.00151272316994,0.0150008734519,0.0150153391312,92.2063180566,0.0100053153867,103.576365518,0.0100621683942,85.4738061549,0.0148967741723,0.0200034957415,0.0150277886407,0.0150026171817,0.0100083091999,0.0200019250197,92.206329284,52.2137935954,92.2062547868,0.0121446113845,181.231477008,0.0149947756336,0.015001742451,171.694499009,0.0149881209414,92.2065291808,158.975929488
2011-06-18 09:00:00,89.4124717008,92.2063102478,0.0199944099037,0.0120642586008,0.0149996251325,0.00151130291648,0.0150001700964,0.01500166028,92.2063170381,0.0100026198525,0.0200507452061,0.0100453489877,85.4738091432,0.0145581809298,0.0100097988269,0.0150281328013,0.0149599986732,0.0100039088894,0.0200003763702,92.2063055316,52.2137964195,92.206252609,0.0121254911361,181.231175483,0.0149928442009,0.0149767368951,171.69449622,0.014980291114,92.2064822454,158.975819352
2011-06-18 10:00:00,89.4125067082,92.206308101,0.0199670490125,0.0102980112802,0.014999446154,0.00150978245253,0.0149994790329,0.0150006866315,92.2063126829,0.0100024403114,0.0199955513982,0.0100299610464,85.4738091136,0.0100424466551,0.01000785363,0.015029954098,0.0147125653194,0.0100031432678,0.0200000293233,0.0207415304552,52.2137954232,92.2062527644,0.0100044874502,0.0101243119758,0.0149906538739,0.0149637988714,171.694494603,0.0149779252524,92.2064635325,158.975777424
2011-06-18 11:00:00,110.38530744,92.2063080689,0.0199622141608,0.0119826529496,0.0149991061185,0.00150829281955,0.0149986329693,0.0150003766584,92.2063151033,0.0100033621374,0.0201987325452,0.0100063297289,85.4738093332,0.0100524482595,0.0100518237493,0.0150378782449,0.0149716201386,0.0100033962813,0.0199999096009,0.0150541297411,52.21379427,92.2062596096,0.0100016920844,0.0100788572696,0.0139838912386,0.0149870199114,171.69449818,0.0149843452087,92.2065262305,158.975994223
2011-06-18 12:00:00,110.385601603,92.2063124111,0.0199673501381,0.0121077331997,0.0149989051035,0.0015068386454,0.0149961172586,0.0150004397431,92.2063161402,0.0100073082075,103.576357764,0.0100042718976,85.4738061652,0.0147975327377,0.0200234342929,0.0150454610475,0.0150079321014,0.0100057506365,0.0200007889391,0.0150066513766,52.2137974841,92.2062584778,0.0100035053757,167.807603941,0.0100042648181,0.0149635883859,171.694501641,0.0149955761542,92.2068580222,158.97624127
2011-06-18 13:00:00,110.38564102,92.2063120179,0.0199855174178,0.0121229970416,0.014998979187,0.00150539501068,0.014999190935,0.0150002545678,92.2063189148,0.0100170258729,103.5763964,0.0100054197464,85.4737950985,0.0149054283146,0.0200332670293,0.0169793570914,0.0150151910985,0.0100151592498,0.0200000264526,0.0150000664271,52.2137971788,92.2062545242,0.0121442825426,181.231454504,0.0140130144198,0.0149205513838,171.694507766,0.0150098115021,211.967887617,211.967682389
2011-06-18 14:00:00,110.385693394,92.2063161394,0.0199742667366,0.0121575034727,0.0149993909096,0.00150403192101,0.0149997428932,0.0150002245582,92.2063248734,0.0100280351861,103.576416138,0.0100120481859,85.4737996842,0.0149207505654,0.0200417968355,0.0151039183812,0.01501932082,0.0100225476026,0.0200006796389,0.0150004927987,52.2137969668,92.206247522,0.0121451496467,181.231504978,0.0149903325383,0.0149615754667,171.694508746,0.0152568468232,211.968438273,211.968070967
2011-06-18 15:00:00,110.385716634,92.2063637125,0.0199926956461,0.0122765202001,0.0149995776235,0.00150261991081,0.0150016938741,0.01500036532,113.834913336,0.0103048668611,211.968229246,0.0100404473446,85.4737971602,0.0149740525198,183.713856655,0.0170489478288,0.0150350523121,0.0100487085102,0.020001970246,0.0150007816677,52.2137969125,92.2062484706,0.0121469576628,211.968396069,0.0149927133469,0.0150038738353,171.694521254,92.2059012167,211.968602784,211.968141954
2011-06-18 16:00:00,110.385701267,211.968506066,0.0199990832936,0.0460260042091,0.0149997645134,0.00150119243985,0.0150047651015,0.0150011336005,113.834957359,0.0124799858495,238.106288248,0.0100493896301,85.4738034759,211.988822425,183.714022378,0.0169991906298,211.967983735,0.0123801449043,0.0200070892688,0.0150039538,52.2137971053,92.2062405884,0.0149943302199,223.74390333,0.0149942219943,0.0150936390212,211.968504719,211.96741942,211.968698498,211.967411843
2011-06-18 17:00:00,110.385698331,211.968524562,0.0200010366489,0.0462182508064,0.0149999326209,0.00149974398004,0.0150527799897,0.0150188668839,113.834959058,0.0124848767471,238.106310852,0.0102213949834,85.4738071715,211.992277654,183.714026164,0.0172983754252,211.968015375,0.0123893632974,0.024695225992,0.015009218816,52.2137970992,92.2062386184,0.0149961181853,223.744211267,0.0150078983407,0.019670549441,211.96852483,211.967587564,211.968701647,158.976566014
2011-06-18 18:00:00,110.385716594,211.968527753,0.0200040584662,0.046233711798,0.0150001662063,0.00149828097986,0.0150573839456,92.2063106952,113.83496001,0.012487439287,238.106322008,0.0149253617447,85.4738083364,211.992303048,183.714028249,0.0185372474441,211.968018103,0.0123921275385,0.0266424884104,0.0150276129126,52.2137973776,92.206253377,0.0149964000567,223.744234329,0.018540291296,0.019875306746,211.968524855,211.967597379,211.968674159,211.968029826
2011-06-18 19:00:00,110.385721596,211.968527378,0.0200066378907,0.0462426778895,0.0150017547715,0.00149682097503,0.0151026449854,92.2063143064,113.834961561,0.0124885978731,238.106322262,0.0149318667171,85.473809091,211.992313344,183.714028889,0.0185329185718,211.968019882,0.0123935614277,0.0266344382923,92.2063100906,52.2137951006,92.2062565544,0.0149965659971,223.744249826,0.0185412913857,0.01986361821,211.968525443,211.967604699,211.968603883,211.968240147
2011-06-18 20:00:00,110.385713889,211.968527906,0.0200037618564,0.0462433222124,0.0185088657663,0.00149525646458,0.0150383202689,92.2063147979,113.834958791,0.012489163353,238.106321029,0.0149349122894,85.4738091644,211.992316672,183.714028653,0.0185212968448,211.968020826,0.0123936294323,0.0246990458591,92.2063382579,52.2137927341,92.206258317,0.014996579412,223.744252696,0.0185416309085,0.0198579056408,211.968528023,211.967603135,211.968533941,211.96833473
2011-06-18 21:00:00,110.385688068,211.968528225,0.0200013660926,0.046241625477,0.0184656434764,0.00149383489303,0.0150122771453,92.2063127653,113.834952579,0.0124888346917,238.10631917,0.0149355238711,85.4738089518,211.992317343,183.714028404,0.0185208042665,211.968022065,0.0123932064425,0.0246936012254,92.206399723,52.2137916532,92.2062580222,0.0149965532605,223.744251658,0.0185417693949,0.0197959668554,211.968528094,211.967603792,211.968411121,211.968374397
2011-06-18 22:00:00,110.385637533,211.968527786,0.0200005031115,0.0462392962186,0.0150269989577,0.00149234597622,0.0150056648303,0.0202182791569,92.2069443375,0.0124882097869,238.106317454,0.0149356024466,85.4738096386,211.992314008,183.714028062,0.0185162790239,211.968021834,0.0123923224983,0.020017419485,211.967697385,52.2137876569,92.2062562307,0.0149964945264,223.744259546,0.0185418070563,0.0157963888751,211.968525943,211.967596192,211.968120711,211.968374266
2011-06-18 23:00:00,110.385303311,211.968527831,0.020000039876,0.0462364741318,0.0150181355053,0.00149078901384,0.0150039851646,0.0150462812472,92.2063173728,0.0124874607199,238.106315465,0.0149354930809,85.4738093905,211.992310653,183.714027768,0.0185063119796,211.968020917,0.012391017281,0.0200048485063,211.968405625,52.2137829658,92.2062546641,0.0149964216433,223.744258872,0.0185418282914,0.0150797328557,211.968521689,211.967591004,211.967726273,211.9683467
2011-06-19 00:00:00,110.357224606,211.968525985,0.019999720144,0.0462346150372,0.0150663104798,0.00148924686113,0.015003431243,0.0150312778875,92.2063148072,0.0124865932877,238.106312674,0.014935443946,85.4738088697,211.992290402,183.714027258,0.0185137851125,211.967996108,0.0123896590392,0.0200044597698,211.968504633,52.2137795479,92.2062555592,0.0149963199141,223.744258186,0.0185418025419,0.0150132609931,211.968524102,211.96757258,211.96654377,211.968302592
2011-06-19 01:00:00,110.385225406,211.968524108,0.0199994093659,0.0462320958258,0.0150165989287,0.00148772108484,0.0150033795031,0.0150833927735,92.2063148118,0.0124857355384,238.10631055,0.0149351722284,85.4738085511,211.992241288,183.714026802,0.0184903246857,211.967963907,0.0123884198769,0.0200040678428,211.96847747,52.2137727914,92.2062560091,0.0149962197962,223.744256832,0.0185418132237,0.0150072064931,211.96852507,211.9675468,211.966295255,211.968135545
2011-06-19 02:00:00,110.385580154,211.968522635,0.0199991893962,0.0462307938827,0.0185113258578,0.00148620793885,0.0150036197382,0.0150325357879,92.2063156486,0.01248460163,238.106308768,0.0149348096982,85.4738078261,211.992256999,183.714025969,0.018504597653,211.968014633,0.0123868190385,0.0200048143614,211.968481365,52.2137614411,92.2062554136,0.0149960891651,223.744260313,0.0185418090185,0.0150090696631,211.968525158,211.967540742,211.966681407,211.940119205
2011-06-19 03:00:00,110.385497915,211.968523208,0.0199988063065,0.0462281695536,0.0185153108768,0.00148476548662,0.0150035131768,0.0150551290109,92.2063147731,0.0124826225163,238.106304844,0.0149343005723,85.4738076319,211.992302012,183.71402479,0.0184820516611,211.968019654,0.0123857308015,0.0200037319418,211.968491183,52.2137557291,92.2062547672,0.0149958694344,223.744257986,0.0185417437844,0.015010680137,211.968525668,211.9675138,211.968139271,92.2101258016
2011-06-19 04:00:00,110.385453999,211.968523537,0.0199985575476,0.0462260770955,0.0185160824018,0.0014833627342,0.0150035024254,0.015014178653,92.206311584,0.0124780106699,238.106298993,0.0149333420116,85.4738072516,211.992307211,183.714022282,0.0170161065708,211.968020525,0.0123844620547,0.0200024817743,211.968488454,52.213710336,92.2062536273,0.0149955015903,223.744258942,0.0185416226477,0.0150049335213,211.968523293,211.967426876,211.968332753,92.2097277749
2011-06-19 05:00:00,110.38541642,211.968519071,0.0199984633358,0.0462127217022,0.0185092207365,0.00148214713471,0.0150035595264,0.0150042913219,92.2062693606,0.0102183301077,238.106030982,0.0149318532729,85.4738066857,211.992306363,183.713989586,0.0150105400589,211.968019569,0.012371949193,0.0200035859401,211.96848201,52.2135874704,92.2062539832,0.0149946674906,223.744266924,0.0185414503816,0.0150011595789,211.968513891,171.694850037,211.96842482,92.2096290306
2011-06-19 06:00:00,110.385332011,211.968328166,0.0199989816784,0.038696966667,0.0185147426012,0.00148086246808,0.0150036777019,0.015030123547,74.6871318776,0.0100273530412,103.576447325,0.0149293511934,85.4738031154,211.992284464,0.0199886710787,0.0149988689533,211.968015073,0.0100383381457,0.0200015782188,211.968410866,52.2137293767,92.2062688905,0.0147247808284,223.744273823,0.0185409906158,0.0149996179951,211.968483539,171.693895729,211.968383592,92.2095787727
2011-06-19 07:00:00,0.0150981997378,92.2063674622,0.0199987772596,0.03746888079,0.0150048248959,0.00147974487143,0.0150024905079,0.0150042536968,74.6871082724,0.0100149682068,103.576391746,0.0148986411494,85.4737208024,211.992303529,0.019977175323,0.0123339429309,211.968018583,0.0100264069837,0.0199998434425,211.968440697,52.2137026828,92.2062898532,0.0100053584977,223.744276568,0.0185266531848,0.0149963357868,211.968509223,171.694043724,211.968202771,92.2095521164
2011-06-19 08:00:00,0.0150023515237,92.2063536247,0.0199991271645,0.0374468454192,0.0150008512365,0.00147860314297,0.0150008377092,0.0150040547115,0.0200006107294,0.0100040670162,103.576366953,0.0100578096127,64.1053708284,171.713885469,0.0199677598915,0.0121574405754,211.968020745,0.0100230141423,0.0199991747533,211.96823946,52.2136837797,92.2063022623,0.0100038390651,223.744264263,0.0100453497356,0.0149984482824,211.968427835,211.964860783,211.967158312,92.2095222979
2011-06-19 09:00:00,0.0149736525121,92.2063287501,0.0199989043225,0.0374148016529,0.0150001681966,0.00147729487601,0.0149989952991,0.0150019834511,0.0199391444395,0.0100021380956,0.0202240579938,0.0100437784943,64.105323589,171.713816216,0.0198944426885,0.0121518305986,211.968016154,0.0100133445472,0.0199982473324,158.977643941,52.2137425977,92.2064090245,0.0100017892212,223.744262034,0.0100435935468,0.0150020201757,211.968139041,211.967447552,171.694156802,92.2093673384
2011-06-19 10:00:00,0.0149552664079,92.2063282588,0.0199983641034,0.0357196814514,0.0150000280682,0.00147592964674,0.0149954188769,0.0150020569967,0.0150037490969,0.0100018562088,0.0173681698711,0.010031865738,0.0122603027192,171.713805714,0.0100255802774,0.0121450895273,211.967751937,0.010005439606,0.0199973555545,159.676682408,52.2137560652,211.9602787,0.0100005722929,223.744253106,0.0100408777003,0.0150022366219,171.694588639,211.967508502,92.2065775471,92.2091792327
2011-06-19 11:00:00,0.0149417006792,92.2063289996,0.0199962450011,0.0373924829313,0.0149998760144,0.00147455060168,0.0149916121905,0.0150032265825,0.020011077713,0.0100023766471,0.0105998718024,0.010007826949,0.0104641746323,171.71380737,0.0199277229142,0.0121241184782,171.69410483,0.0100129922713,0.0199971898324,211.967072511,52.2137607541,211.968072659,0.0100003794584,223.744251034,0.0100028236164,0.0149983241558,171.694518115,211.967524072,92.2063999427,92.209432242
2011-06-19 12:00:00,0.0149278714318,92.2063585323,0.0199924198639,0.037436426882,0.0149999540229,0.00147304584988,0.0149940127517,0.0150171214134,74.6871276736,0.0100051378404,0.0200250842495,0.0100046980421,64.1050549748,171.713812301,0.0199715967569,0.0121424294784,171.694101919,0.0100206650054,0.019998014363,171.694758793,52.2137677677,211.968373873,0.0100005840805,223.744250362,0.0100015074733,0.0149959037546,171.694507063,211.967542608,92.2063451914,92.2095341731
2011-06-19 13:00:00,0.0149263506424,92.2069490884,0.0199942855271,0.0374536468313,0.015000216914,0.00147150931374,0.0149996151476,0.0150029489299,74.6871292389,0.0100167716797,103.576367977,0.0100052216013,64.1052763878,171.713808475,0.0199778198495,0.0121510752177,171.694100773,0.0100242870364,0.0199992575343,92.2065769788,52.2137686792,211.96838446,0.0100010132377,223.744250778,0.0100019001235,0.0149915059593,171.694503747,211.967541184,92.2065245475,92.2096139201
2011-06-19 14:00:00,0.014934538638,211.968438085,0.0199980120371,0.03748208335,0.0150005118661,0.00147009573175,0.0149988986453,0.0150016331949,74.6871807897,0.0100295182899,103.576400368,0.0100124174911,64.105340356,171.713815668,0.0199842774278,0.0121537603669,171.694100696,0.0100264181457,0.0199996239541,171.692020403,52.2137696221,211.968386396,0.0100036627968,223.744253728,0.0100393617473,0.0149970501734,171.694509928,211.96750556,171.694053599,92.2098188205
2011-06-19 15:00:00,0.0149560546888,211.968504996,0.02000075827,0.0460366779746,0.0150027466644,0.00146874139522,0.0149999793361,0.0150307282451,92.2063147842,0.011527387269,211.968495795,0.0100390475973,64.1054047572,211.966149434,0.0200138621967,0.0121644473075,171.694104836,0.0104115456736,0.0200009700656,211.968434468,52.2137701985,211.968388416,0.0100052382271,223.744175539,0.0100436085697,0.0150085202801,171.694520554,211.967526422,171.695439071,211.968980144
2011-06-19 16:00:00,0.0149850945971,211.968521105,0.0200578367025,0.0462110024968,0.0197418668764,0.00146736102352,0.0150043266975,92.2063154247,92.2063288606,0.0140798577487,238.10664453,0.0100479291412,85.4737829324,211.992305083,0.0246683426651,0.0149933732053,211.967828292,0.0123763824673,0.0200068122637,211.968521303,52.2137712965,211.968357019,0.0148334523806,223.744110839,0.0100455895298,0.0150935670159,211.96844699,211.967550782,211.968303266,211.975775657
2011-06-19 17:00:00,0.0184457786661,211.968524686,92.2063214824,0.0462312356467,73.987083925,0.00146605811728,0.0152076932428,92.2063215471,92.2063352579,0.014086328496,238.106664552,0.0102283349586,85.4738041212,211.992337758,0.0246722947122,0.0150001249619,211.968022632,0.0123804090459,92.2061731493,211.968545827,52.2137723633,211.968187864,0.0149946449284,223.744258878,177.623740894,0.0155848185377,211.968520814,211.967577883,211.968522542,211.975909578
2011-06-19 18:00:00,0.0184714352843,211.968524269,92.2063215572,0.0462356186401,73.9870869987,0.00146466790215,92.2063278213,211.968541983,92.2063356197,0.0140894029405,238.106673367,72.2165874789,85.4738072938,211.992341067,0.0246760888263,0.0150011151327,211.968023563,0.0123830930486,92.2063469032,211.96856335,52.2137741374,211.968336718,0.0149955054696,223.744262566,177.624984811,92.2074612275,211.968524274,211.967582575,211.968556576,211.975939524
2011-06-19 19:00:00,0.0184763968602,211.968524111,92.2063255079,0.0462384524886,73.987088302,0.00146318015281,211.967370593,211.96854266,92.2063378027,0.0140907497497,238.1066757,72.2165971461,85.4738077684,211.992344503,0.0246768534922,0.0150013499174,211.968023871,0.0123841422995,92.2063510959,211.968569183,52.2137708918,211.968065,0.014995885197,223.744268123,177.624985835,211.967987789,211.968525372,211.967565228,211.968557808,211.975950707
2011-06-19 20:00:00,0.0184759191446,211.968525468,92.2063335337,0.0462366910079,73.98708913,0.00146180275176,211.96849692,211.968543132,92.2063369118,0.0140914511967,238.106675339,72.2166010005,85.4738082431,211.992345241,0.0246768615352,0.0150004113386,211.968023281,0.0123840643649,92.2063521396,211.968567556,52.2137684572,92.2062686763,0.0149960042618,223.74426718,177.624986158,211.968363865,211.968525258,211.967534624,211.968515733,211.975931093
2011-06-19 21:00:00,0.0184726101328,211.968524919,211.968383045,0.0462322190985,73.9870875227,0.00146035120115,211.968525676,211.968543721,92.2063348085,0.0140912026105,238.106673378,72.2166018569,85.4738070808,211.992342826,0.0246766284735,0.0150000380521,211.968022379,0.0123836515471,92.2063512267,211.968570942,52.2137667561,92.2062516669,0.0149960416927,223.744258867,177.624986234,211.968461252,211.968524137,211.967507093,211.968420179,211.975892609
2011-06-19 22:00:00,0.0184702171956,211.968523252,211.968476408,0.046227121856,73.9870863674,0.00145871914895,211.968529121,211.968543351,92.2063328824,0.0140902694498,238.106671227,72.2166019559,85.4738073122,211.992338613,0.0246764892797,0.0149997756501,211.9680212,0.0123825335005,92.2063503823,211.96856773,52.2137636651,92.2061863401,0.0149960135652,223.744246162,177.624986256,211.968499392,211.968523107,211.967431174,211.968341627,211.975843033
2011-06-19 23:00:00,0.018467362391,211.968521322,211.968494627,0.0462220344988,73.9870858133,0.00145704587788,211.968531952,211.96854313,92.2063297407,0.0140894373327,238.106670178,72.2166019159,85.4738077646,211.992335649,0.0246766287074,0.014999602192,211.96802009,0.0123812262832,92.2063517361,211.968563495,52.2137603947,0.0150211728194,0.0149959958344,223.744252962,177.624986281,211.96851664,211.968521834,211.967346569,211.968250593,211.975770297
2011-06-20 00:00:00,0.018430341334,211.968512618,211.968414253,0.0462172393498,73.9870856117,0.00145561006988,211.968441275,211.968542793,92.2063236199,0.0140888279898,238.106659053,72.2166018179,85.4738075261,211.99233481,0.0246777535188,0.0149994386119,211.968017429,0.0123796437695,92.2063517096,211.968558726,52.2137572295,0.0150064786596,0.0149959823624,223.744248141,177.624986318,211.968511555,211.968520256,211.967471585,211.968065586,211.975732034
2011-06-20 01:00:00,0.0151378475655,211.968478456,211.968475851,0.0462122268233,73.987084039,0.00145414681555,211.968535098,211.968542925,92.2063194095,0.0140880741783,238.106663422,72.2166016421,85.4738071928,211.992331586,0.0246784499936,0.014999524879,211.968017842,0.0123788829099,92.2063523495,211.968555505,52.2137552392,0.0150045769049,0.0149959684017,223.744243779,177.624986341,211.968530517,211.968518476,211.967483492,211.967975437,211.975587079
2011-06-20 02:00:00,0.0152649236534,211.968473758,211.96850889,0.0462056458483,73.9870829591,0.00145273208203,211.96855055,211.968543019,92.2063166561,0.0140872188655,238.106665531,72.2166013717,85.4738069022,211.992327754,0.0246786237132,0.0150002537629,211.968016738,0.0123776767541,92.2063533447,211.96855342,52.2137532599,0.0150050007784,0.0149959535594,223.744239304,177.624986354,211.968552172,211.968516463,211.967427813,211.96797368,211.975402639
2011-06-20 03:00:00,0.0184594199017,211.968495346,211.968524542,0.0461972982406,73.9870852948,0.00145152922874,211.968553761,211.968543084,92.2063140243,0.0140860156469,238.106666767,72.2166010905,85.4738076553,211.992322024,0.0246784512587,0.0150013106492,211.968014245,0.0123768741088,92.2063545707,211.968551673,52.2137513568,0.0150071846657,0.0149959148228,223.744235213,177.624986431,211.968562095,211.968512934,211.967332526,211.968013565,211.975525195
2011-06-20 04:00:00,0.0184694518843,211.968489681,211.968537602,0.0461851771449,73.9870860546,0.00145070448608,211.968556362,211.968543359,92.2063064611,0.0140840001498,238.106668596,72.2166006609,85.4738077591,211.992316443,0.0246769884578,0.0150005142543,211.96800697,0.0123759461566,113.834975855,211.96854883,52.2137500277,0.0150112270092,0.0149959183385,223.744228953,177.624986496,211.968597252,211.968503145,211.967238533,211.967889898,211.975410403
2011-06-20 05:00:00,0.0184688699004,211.968108355,211.968547739,0.0461031042775,73.9870864808,0.0014498087551,211.9685577,211.968545238,92.2062532794,0.0140642646343,238.1066518,72.2166001769,85.473809071,211.9922824,0.0244976106324,0.0149996896251,211.967899172,0.012363381602,113.834986885,211.968552519,52.2137515977,0.0150144047688,0.0149957740087,223.744193281,177.624986505,211.968594864,211.968459677,211.965909355,211.967072484,211.968408826
2011-06-20 06:00:00,0.0150173667777,92.2064983909,211.968551691,0.010294938453,73.9870881345,0.00144862213088,211.968558413,211.968554576,0.0200327304183,0.0114044632448,211.968534827,72.2165996936,85.4738051398,0.0143172242502,0.0199933617751,0.0149960545288,171.693937008,0.0100227694289,113.834984709,211.968563343,52.2137617705,0.0150098581797,0.0149935252002,211.968316417,177.624986339,211.968575446,158.979341585,92.2059917153,92.2067693493,92.2095340374
2011-06-20 07:00:00,0.0149643377654,92.2063150674,211.96854293,0.0101068400092,73.9870863858,0.00144715415318,211.9685597,211.968555819,0.0200095380771,0.0113947095611,192.866321327,72.2165917615,85.4737701413,0.0140706296185,0.0199874158626,0.012189291498,171.693925877,0.0100108325558,92.2063559933,211.968553888,52.2137575195,0.0150067052757,0.012141102095,158.981264669,177.624984194,211.96853719,158.97931993,92.2058831917,92.2064731222,0.0204326529109
2011-06-20 08:00:00,0.0149477289487,92.2063099508,211.968524736,0.0100466650955,73.987084893,0.00144578422813,211.968558505,211.968555025,0.0200049600998,0.0113876618944,192.866295149,58.4953418483,64.1054119994,0.0140234413297,0.019981719048,0.0121541969425,0.0150104281033,0.0100042256553,92.2063534388,211.968528756,52.2137503094,0.0150056154154,0.0121395510519,158.981229679,143.876236568,211.968343663,158.979307595,0.0155092903074,74.7027361566,0.0200860692719
2011-06-20 09:00:00,0.014935412952,92.2063083022,171.694535729,0.0100147024045,73.987078178,0.00144430597405,211.968559294,211.968551646,0.0200015359471,0.0113783698381,178.579716845,58.4953166674,64.1053851021,0.0100697384791,0.0199643328646,0.0121496357247,0.0149399341439,0.0100023817125,92.2063400806,211.968482153,52.2137457928,0.0150050647799,0.0113010957994,158.981055749,143.876234472,211.968148477,158.978989686,0.015056428401,74.687761887,0.019918540372
2011-06-20 10:00:00,0.0149354786472,92.2063052181,171.694525446,0.0100094649233,59.9295490112,0.00144292799144,211.968558198,211.968545749,0.0199988378726,0.011371261269,103.576409577,58.4953084235,64.1053530299,0.0100231394884,0.0198281648525,0.0100966417371,0.0149763700311,0.0100019228215,92.2063314916,211.96841738,52.2137414953,0.0150044382864,0.0100019594676,0.0104529429259,143.876232269,158.976696757,158.979062142,0.0150316395086,0.0163257170339,0.0200469998145
2011-06-20 11:00:00,0.0149406310883,92.2063068821,171.694540563,0.0100095030939,59.9295466137,0.00144151357895,211.968557468,211.968544272,0.0199960902773,0.0113786959245,103.576416928,54.1623968113,64.1053889425,0.0100204159338,0.0199695607644,0.0100255439911,92.2060590215,0.0100020598862,92.2063350805,211.968429323,52.2137388861,0.0150044064146,0.0100015596137,0.0101367770809,0.0150164460204,158.97656291,158.979300478,0.0150242716004,0.0151088073058,0.0199422281847
2011-06-20 12:00:00,0.0149415617636,92.2063103872,211.968096097,0.0100149796867,59.9295470538,0.00144013360394,211.968558629,211.968543449,0.0199903896398,0.0113879081473,192.865157333,0.0100350208058,64.1054474535,0.0100433794971,0.019986763696,0.01214066043,171.693921584,0.0100028309989,92.2063443039,211.968517325,52.2137423388,0.0150046638101,0.0100075943625,0.0106074912103,0.0149765600918,158.976610628,158.979309614,0.0150459421715,74.6875756179,0.0200284728594
2011-06-20 13:00:00,0.0149510895508,92.2063097396,211.968525176,0.0100444721432,59.9295466676,0.00143862544864,211.96855893,211.968542606,0.0199411774526,0.0113929988324,192.86631077,0.0148155004629,85.4735827113,0.0140541468193,0.0199939519001,0.0121540520441,171.693967003,0.0100084534068,92.2063531848,211.968512463,52.2137376506,0.0150037159536,0.012137798363,158.981205571,0.0150447737309,158.976754826,158.979313206,0.0150330148197,74.6889284483,0.0199994703886
2011-06-20 14:00:00,0.0149903863754,92.2063110377,211.968538346,0.0100996527223,59.9295478131,0.00143715478788,211.96855653,211.968542699,0.0199978230885,0.0114014190681,192.866342173,54.1630003646,85.4737792084,0.0140729863424,0.0200349373088,0.0121630068587,171.693950992,0.0100143016512,92.2063563643,211.968536712,52.2137340766,0.0150036138799,0.0121399887347,158.981244343,143.876230555,211.967109926,158.979319279,0.0150312563002,92.2049318111,0.0201385156627
2011-06-20 15:00:00,0.0151295385447,92.2063136869,211.96855256,0.0101793893367,59.9295526523,0.00143568243894,211.968555693,211.968543018,0.0200046445791,0.0130842386256,238.10655769,58.4953096906,85.4737911767,0.0141531641002,183.714833752,0.0149953792992,211.96197065,0.0100321182548,211.968553635,211.968552749,52.213729653,0.0150067433256,0.0121422750592,158.981303498,143.876234221,211.968373197,158.979340806,0.0150597088622,92.2064172586,0.020282981799
2011-06-20 16:00:00,110.385613652,92.2063215304,211.968555622,0.0133038765917,73.9870857693,0.0014342103825,211.968556857,211.968543122,92.2057036367,0.0141021053546,238.106582143,58.4953180053,85.4738020047,87.0084684331,183.714855188,0.0185241229111,211.967824667,0.0123646214218,211.96861364,211.968563707,52.2137305938,0.0150190376676,147.152048668,211.968472606,143.87623596,211.968490189,211.968477161,0.0151368246477,92.2070166623,0.0268975800617
2011-06-20 17:00:00,110.385656516,92.2063526925,211.96855856,0.013392706401,73.9870877668,0.00143277375555,211.968559502,211.968543089,92.2063144204,0.0141061328515,238.106586893,58.495612654,85.4738066537,87.0085429612,183.714858279,0.0185340630353,211.967831841,0.0123751798,211.96862834,211.968565743,52.2137317138,92.2061931339,147.152067456,211.96854427,177.624988403,211.968520672,211.968518124,0.0174179628813,92.2089786587,0.0270386854717
2011-06-20 18:00:00,110.385661799,92.2063274461,211.96856159,0.013402467692,91.3420853939,0.00143139970664,211.96855956,211.968542132,92.2063171763,0.0141082559364,238.106594523,134.473888043,85.4738081149,87.0085493801,183.714859946,0.0185356999734,211.967833153,0.0123776236227,211.968629331,211.96856863,52.2137341815,92.2062556397,147.152068066,211.968552044,177.624995393,211.968564968,211.968522442,0.0162062190428,92.2085664288,0.0269974536099
2011-06-20 19:00:00,110.385664948,92.2063222836,211.968562538,0.0134096593995,91.3420863093,0.00142993587007,211.968557653,211.968540769,92.2063188417,0.0141092792019,238.106589573,134.473895277,85.4738089068,87.0085548293,183.714860249,0.0185368796726,211.967834214,0.0123792627397,211.968629034,211.968573006,52.2137317649,92.2062543277,147.152068384,211.968558003,177.624995976,211.968524098,211.968525572,0.0150469799566,92.2085258338,0.0270061377776
2011-06-20 20:00:00,110.385664604,92.2063177546,211.968563446,0.0134094421867,91.3420871885,0.00142843000978,211.968556259,211.96853703,92.206319322,0.01410978599,238.106585297,134.473898363,85.4738089496,87.0085562607,183.714859769,0.018537276112,211.967834294,0.0123790838898,211.968629162,211.968572674,52.2137242038,92.2062464747,147.152068432,211.968559396,177.624996171,211.96848183,211.968526497,0.0150284563672,92.2083458969,0.0269560460794
2011-06-20 21:00:00,110.385661905,92.2063166519,211.968560814,0.0134070211418,91.3420870676,0.00142686716446,211.968554234,211.968437738,92.2063185292,0.0141093427561,238.106580442,134.47389896,85.473807837,87.0085546591,183.714859238,0.0185374155479,211.967834069,0.0123783931298,211.968629178,211.968569645,52.2137154357,92.2062400477,147.152068396,211.968558076,177.62499625,211.968550862,211.968526628,0.01502389298,92.2074274015,0.0268841216279
2011-06-20 22:00:00,110.385659386,92.2063144415,211.968557312,0.0134029556897,91.3420858464,0.00142523746032,211.968549541,92.2063183059,92.206317678,0.0141084619179,238.106573957,134.473898786,85.4738086741,87.0085519025,183.714858744,0.0185373803394,211.967833517,0.0123772889622,211.968628864,211.968562158,52.2136884614,92.206238238,147.152068339,211.968559441,177.624996249,211.968586044,211.968526412,0.0150237863006,92.2065868612,0.0267776113894
2011-06-20 23:00:00,110.385655586,92.2063129828,211.968555254,0.0134002358854,91.3420856272,0.0014236435881,211.968541562,92.2063169065,92.2063171048,0.0141075742019,238.106564449,134.47389864,85.4738085698,87.0085497735,183.71485832,0.0185371142514,211.9678329,0.0123758481925,211.968628431,211.96855498,52.2115458628,92.2062450364,147.152068277,211.968557839,177.62499625,211.968550324,211.968526049,0.0150402173396,92.2065335099,0.0263778740756
2011-06-21 00:00:00,110.385649824,92.2063109418,211.968550365,0.0133975450852,73.9871145613,0.0014221430865,211.968514089,92.206316467,92.206315769,0.0141067156488,238.106542398,134.473898383,85.4738086074,87.0085493135,183.714858393,0.0185366383693,211.967832111,0.0123746182858,211.968628348,211.968546889,52.213701544,0.0152039905676,147.152068235,211.9685569,177.624996216,211.968561292,211.968525625,0.017532493333,92.2064810206,0.0204155410102
2011-06-21 01:00:00,110.385649046,92.2063097899,211.968549301,0.0133946795737,91.3420218147,0.00142071331701,211.968427854,92.2063162786,92.2063156376,0.0141057384912,238.106504751,134.4738982,85.4738084645,87.0085480993,183.714857825,0.0185363670458,211.96783167,0.0123736543372,211.968628677,211.968546133,52.2137012226,92.2061919206,147.152068194,211.968555926,177.624996209,211.968539865,211.968525459,0.0178943572206,92.2064556197,0.0201987023488
2011-06-21 02:00:00,110.385652033,92.2063088786,211.968545439,0.0133917084048,91.3420853537,0.00141925759033,158.976804082,92.2063163647,92.2063143916,0.0141045402992,238.106463979,134.473897838,85.4738076297,87.008546099,183.714856869,0.0185361723152,211.967831087,0.0123727555416,211.968628934,211.968543466,52.2136711993,92.2062425399,147.152068148,211.968554358,177.624996231,211.968548869,211.968525196,0.0179256063872,92.2064139162,0.0201370892928
2011-06-21 03:00:00,110.385657108,92.2063092954,211.968535653,0.0133874675483,91.3420869558,0.00141797929613,158.9768216,92.2063165649,92.2063139915,0.0141023950749,238.106457712,134.473897466,85.4738079942,87.0085426051,183.714855502,0.0185363920157,211.967830414,0.0123720605045,211.968629413,211.968536473,22.7131774133,92.2062489643,147.152068073,211.968552806,177.624996285,211.968545556,211.968525123,0.0152229818139,92.2064384842,0.0202613455487
2011-06-21 04:00:00,110.385661065,92.2063077874,211.968524902,0.0133817891645,91.3420881201,0.00141708898445,158.976782097,92.2063164376,92.2063146522,0.0140978506995,238.106459474,134.473896677,85.4738080989,87.0085393225,183.714853318,0.0185350359882,211.967829641,0.0123716992478,211.968630363,211.968522822,22.7131608426,92.2062506126,147.152067972,211.968550641,177.624996328,211.968518519,211.968525272,0.0150736446209,92.2064850182,0.0207882815776
2011-06-21 05:00:00,110.38565824,92.2062986186,211.968523894,0.013347982341,91.3420889727,0.00141625362806,158.976619325,92.2063161772,92.2063127351,0.012753248606,211.968803765,134.4738958,85.4738093609,87.008517593,183.714818478,0.0185314744081,211.967822703,0.0123582127733,211.968631194,211.968523214,52.2135679125,92.2062544018,147.152067678,211.96854176,177.624996315,211.968431791,211.96852004,0.0150251800048,92.2064113533,0.0202541571865
2011-06-21 06:00:00,110.385603674,0.0150027842782,211.968536395,0.0102638891636,91.3420867426,0.00141504581826,158.976599903,92.2063162539,74.6871200635,0.0100320267526,0.0205215016274,134.473894827,85.4738048985,0.0108748977168,79.9163860585,0.0153419726066,171.693918618,0.0100240645502,211.968630639,211.96854091,52.2137132915,92.2062558911,147.152059566,211.968384912,177.624996072,211.966889086,171.694525019,0.0150021019766,0.153077675472,0.0200506829119
2011-06-21 07:00:00,82.7892206688,0.0149996617989,92.2063428646,0.0101227350957,73.9870986816,0.00141364268889,158.976542181,92.2063151507,74.6871044508,0.0100189132094,0.0200811832674,134.473882773,85.4737673237,0.0105051276773,79.9163774279,0.0150117149853,171.6939025,0.0100119780951,211.968628632,211.968545955,52.2136995785,92.2062612788,0.0150155385025,171.694453131,177.624993123,158.976984153,171.694500986,0.0149950711498,0.0197695682555,0.0200049888633
2011-06-21 08:00:00,82.7891648644,0.0149983214701,92.2063195609,0.0100635552463,73.9870878107,0.00141227505421,158.976466316,92.2063138916,0.0200048218139,0.0100054854488,0.0200607275283,58.4962869004,64.1054013511,0.010474757231,79.9163631941,0.0150082011244,171.693885732,0.010005377206,211.968593635,211.968530487,22.7131591492,92.2062795724,0.0150133013982,171.694423963,143.876234504,158.976607465,158.976545921,0.014991207786,0.0148009665786,0.0199564431196
2011-06-21 09:00:00,0.0149773312423,0.014997633139,74.6873402945,0.0100194267745,73.9870864117,0.00141086260398,158.976508887,0.015007025322,69.1545762434,0.0100027070307,0.020009594082,58.4962540399,64.105368159,0.0100949934027,79.9147298277,0.0150057125286,0.0148995938092,0.0100028974331,211.968471151,211.968367783,0.0150315790985,92.2062769521,0.0150016870356,171.694343906,143.876231953,211.966341923,158.976118469,0.014991969684,0.0150243150526,0.0197512691465
2011-06-21 10:00:00,0.0148989208736,0.0149971755125,74.6872775754,0.0100124597476,73.9870841546,0.00140949515674,158.976532795,0.0150008019134,74.687097574,0.0100024075287,0.0199993146603,58.4962449835,64.1049333845,0.0100282782527,0.0100516821047,0.0150014356156,0.010064772055,0.0100023892044,158.976452983,92.2063406788,0.0150072989717,92.2062629159,0.0100019431076,0.0156083695742,143.876229682,211.967965877,171.694500991,0.0149978277705,0.0150452495951,0.0195476668161
2011-06-21 11:00:00,0.0150063829875,0.0149971521441,74.6872873261,0.01001190384,73.9870749105,0.00140803822429,158.976540898,0.0150004960786,74.6871113527,0.0100028477652,0.0199976666375,58.4943786011,0.0101372072942,0.0100255383808,79.9162060421,0.0149973278078,171.693857949,0.0100024912694,92.2063562914,92.2062939368,0.0150041935875,92.2062577904,0.0100015607669,0.0108004750452,0.015020308476,158.977179744,171.694516598,0.014998057785,0.0150748197223,0.0196649015634
2011-06-21 12:00:00,82.7890370469,0.0149972926256,92.2063194821,0.0100193528975,73.987081029,0.00140661152286,158.976545147,0.0150006396733,74.6871134568,0.0100057674165,0.0199990999957,0.0100328715977,64.105311459,0.010057323888,79.916368401,0.0149941004311,171.693889678,0.0100034465443,92.206355999,92.206088563,0.0150161749505,92.2062552986,0.0100044063213,158.981294815,0.0149980966544,158.976449991,171.694513164,0.0149987745848,0.0152428493913,0.0196341268024
2011-06-21 13:00:00,82.789189436,0.0149978272558,92.2062915295,0.0100672784717,73.9870836594,0.0014052150831,158.976538233,0.0150002827105,74.6871260593,0.0100181767424,0.0200079793703,0.0101696703355,64.1053634414,0.010460325252,79.9163799521,0.0149976249244,171.693901399,0.010007544019,92.2063995486,92.2063475511,0.0150115858825,92.2062558453,0.0150066032242,171.694409222,0.0150089417698,158.976375201,171.694515028,0.0149987129504,0.0180317806938,0.0198430188555
2011-06-21 14:00:00,82.7892118839,0.0149983149383,74.687274765,0.0101206081507,73.9870853547,0.00140387622432,158.976509675,0.0150002998897,92.2063138748,0.010029908399,0.0200709091492,58.4960578313,64.1054081592,0.0104979450018,79.9163863025,0.015006093102,171.693907027,0.0100149795303,171.694449425,92.2064830575,0.0150075884924,92.2062635417,0.0150133991483,171.694439233,143.876228201,92.2048061483,171.695071183,0.015013125433,0.0209773843015,0.0199338619862
2011-06-21 15:00:00,82.7892557301,0.014998943,92.2063110085,0.0102272742383,73.9870867298,0.00140240184898,158.976547764,0.0150003175674,211.96821146,0.0104898945113,0.0201959496273,58.4962459776,85.4737506867,0.010593498586,98.6621785762,0.0150127861937,171.694032172,0.0100373247929,171.694527897,211.96528727,0.0150074209018,113.834433801,0.0150157791423,171.694498723,143.876231599,158.976399259,211.968484089,0.0151557638613,92.2063649618,0.0200830719021
2011-06-21 16:00:00,110.385644497,0.0150000296267,92.2063204619,0.0135337710771,73.9870891755,0.00140093703375,211.968283294,0.0150005282139,211.968540695,0.0133149462541,0.0254785903844,58.4962547558,85.4738024822,87.0080768295,98.662211549,0.0175771545513,211.967795048,0.012374968307,211.968528366,211.968464122,0.0150651189651,211.967875022,147.152070046,211.968550175,143.876232746,158.976488527,211.968523413,92.2058130424,211.958300038,92.209573096
2011-06-21 17:00:00,110.38570247,0.0150019407406,92.2063223103,0.0136204084228,170.085234538,0.00139954706237,211.968514586,0.0150031590941,211.968546864,0.0133206961016,0.025486446938,58.4963911647,85.4738079755,87.0081352642,98.662214091,0.0389284933512,211.967801205,0.0123852404182,211.968555794,211.968527905,22.7131970601,211.968385716,147.152079329,211.968610032,177.624981797,211.968043071,211.968528833,92.2059481344,211.967858341,211.974887097
2011-06-21 18:00:00,110.38570651,0.0150016889305,92.2063255651,0.0136302985275,170.085250257,0.00139811943822,211.96853167,92.2063129051,211.968547248,0.0133233029842,0.0254919060955,134.473824081,85.4738088429,87.0081409992,98.6622163144,0.0389309628283,211.967802465,0.0123876736148,211.968556879,211.968549247,52.213691019,211.968388279,147.152079886,211.968617341,177.624987469,211.9685151,211.968530573,92.2059397908,211.967977198,211.975442262
2011-06-21 19:00:00,110.385710943,0.0150020190352,92.2063244991,0.0136381323777,170.085253541,0.00139665525307,211.968534247,92.2063162142,211.968548477,0.0133245492225,0.025491959788,134.473830511,85.4738096301,87.0081460257,98.6622168841,0.0389326629186,211.967803407,0.0123894433826,211.96855653,211.968561945,52.2136978462,211.968355837,147.152080178,211.968622659,177.624987998,211.968536148,211.968531584,92.205931936,211.96803507,211.975598426
2011-06-21 20:00:00,110.38571084,0.0150023065172,92.2063248965,0.0136374926892,170.085255519,0.00139506393658,211.96853646,92.2063166301,211.968548151,0.0133252285026,0.0254903124444,134.4738336,85.4738096692,87.0081476287,98.6622166054,0.0389331421403,211.967803458,0.0123894414927,211.968555335,211.968562848,52.2136907865,113.834679998,147.152080215,211.968624298,177.624988194,211.968567655,211.968531396,92.2059180486,211.967956208,211.975659473
2011-06-21 21:00:00,110.385707868,0.0150020922421,92.206324532,0.0136358710301,170.085254959,0.001393543455,211.968535767,92.2063163115,211.96854715,0.0133248451028,0.0254875660693,134.473834186,85.4738090262,87.0081459935,98.6622163327,0.0389335185031,211.967803362,0.012388717561,211.968552299,211.968565935,52.2136893831,92.2062822757,147.152080187,211.968622508,177.624988313,211.968558073,211.968530626,92.2059018703,211.967694949,211.97565091
2011-06-21 22:00:00,110.385705558,0.0150017120398,92.2063233941,0.0136311348626,170.085253786,0.00139200110277,211.96853386,92.2063100337,211.968545971,0.0133239343214,0.0254842275805,134.473834034,85.4738090502,87.0081434556,98.6622162203,0.0389336925137,211.967802944,0.0123876547888,211.968537919,211.968559734,52.2136879764,92.2062620495,147.152080136,211.968620847,177.624988346,211.968552184,211.968529768,92.2058852585,211.967467246,211.975646269
2011-06-21 23:00:00,110.385702531,0.0150012595804,92.2063229742,0.0136285975938,170.085253431,0.00139039961129,211.968530718,92.2061797054,211.968544799,0.0133231819525,0.0254806671718,134.473833884,85.4738095081,87.008141186,98.6622160737,0.0389337295004,211.967802515,0.0123861186861,211.967830146,211.968553785,52.2136857653,92.2062579135,147.152080073,211.968619606,177.624988357,211.968541196,211.968528584,92.2058604764,211.965259849,211.975656661
2011-06-22 00:00:00,110.385700498,0.0150001132814,92.206324202,0.0136258751525,170.085253594,0.00138894111597,211.96853261,92.2062186367,211.968543712,0.0133223992002,0.02547612042,134.473833868,85.4738093582,87.0081394034,98.6622150754,0.0389336761464,211.967802043,0.0123847686887,211.968543718,211.968547961,52.2136923934,92.2062541149,147.152080015,211.968622219,177.624988296,211.968532115,211.968527475,92.2058592204,171.695558984,211.975652659
2011-06-22 01:00:00,110.385699227,0.0149995910519,92.2063262081,0.0136234349344,170.085252246,0.00138747690723,211.968532571,0.0150048906571,211.968542585,0.0133215717944,0.0254700872353,134.473833547,85.4738088244,87.0081374598,98.6622147767,0.0389335892251,211.967801619,0.0123840925571,211.968535033,211.968544852,52.2136918914,92.2062554385,147.152079955,211.968621201,177.624988273,211.968543784,211.968526346,92.2058630715,211.96121094,211.97566135
2011-06-22 02:00:00,110.385699926,0.0149993525752,92.206328247,0.0136200956212,170.085250167,0.00138603861009,211.968532279,0.0150026119218,211.96854079,0.0133204637781,0.0254616430226,134.473833151,85.4738083596,87.0081349973,98.6622141396,0.0389335077396,211.967800983,0.0123832357532,211.968546042,211.968543474,52.2136902607,92.2062545613,147.152079891,211.968620733,177.624988296,211.968557056,211.968524776,92.2058775941,211.966604097,211.975691263
2011-06-22 03:00:00,110.385705002,0.0149995464187,92.206328884,0.0136156808306,170.085249361,0.00138473741809,211.968530588,0.0150022204241,211.968539055,0.0133187567445,0.025457372273,134.473832798,85.47380913,87.0081318972,98.6622136521,0.038933710381,211.967800346,0.0123822140346,211.968550985,211.968543131,52.2136799914,92.2062565169,147.152079799,211.968619448,177.624988376,211.968563262,211.968522774,92.2059045077,211.968001525,211.975729813
2011-06-22 04:00:00,110.385708955,0.0149997063678,92.2063319765,0.0136104107712,170.085248451,0.0013838127774,211.968527557,0.0150017619591,211.968537568,0.0133148291412,0.0254547790912,134.473832105,85.4738093706,87.0081256882,98.6622127526,0.0389331727843,211.967799618,0.0123817297883,211.968554544,211.968540861,52.2136564986,92.2062573028,147.152079745,211.968617503,177.624988429,211.968564259,211.968519933,92.2059172362,211.968277128,211.975749967
2011-06-22 05:00:00,110.385706663,0.014999303916,92.2063729601,0.0135808498804,170.085233142,0.00138301008549,211.968516999,0.0150039402174,211.968528156,0.0130131498547,0.0204974177255,134.473831215,85.4738103618,87.0081034192,98.662200914,0.0389309049483,211.967792984,0.0123720882587,211.968555787,211.968543402,52.2136782391,92.206259673,147.15207954,211.968611842,177.624988391,211.968554999,211.968500172,92.2059113629,211.968322441,211.975665247
2011-06-22 06:00:00,110.385653587,0.0149988044502,92.2064545419,0.0103851615306,73.9870875396,0.00138191570486,211.968512587,92.2063161885,92.2063172284,0.0100368410348,0.0200103048918,134.473830371,85.4738083738,0.0104578972165,79.9163825542,0.0389025995045,0.0155479139061,0.0100307540707,211.968548459,211.968475532,52.2136939567,92.2062584179,147.152075791,211.968466738,177.624988157,211.968409628,85.3752250667,92.2058396825,211.96743598,211.975257643
2011-06-22 07:00:00,0.0151501565844,0.0149984235692,92.2064362241,0.0101946060562,73.987083943,0.00138053702919,211.968439395,92.2063160806,92.2062739637,0.0100239831808,0.0199975992764,134.473820532,85.4737979118,0.0102251519981,79.9163746842,0.0171878768194,0.0154812563414,0.0100169774673,171.694520095,211.968353743,52.2136911173,92.2062511327,119.193144079,171.694550262,177.624984663,158.979416976,85.3749981418,74.6870467984,211.967197628,158.982546151
2011-06-22 08:00:00,0.0151004881072,0.0149981085548,92.2063249483,0.0101368020583,0.019997316335,0.00137919552054,92.2063271767,92.2063131268,92.2062651279,0.0100074121866,0.019989195468,0.0151303156303,85.4737683618,0.0101969494886,79.9163577067,0.0171769094631,0.0154724143582,0.0100085849778,171.69451041,92.2063467016,52.2136847483,92.2062463034,119.193142083,171.694525061,0.0151424289905,158.977143747,85.3749783203,0.0157119924235,211.966882133,158.981321684
2011-06-22 09:00:00,0.0146588531474,0.0149977480714,92.206330043,0.0100312163929,0.0150127624059,0.00137776917671,92.206325186,92.2063125289,85.376474589,0.0100033151361,0.0199732123316,0.0150661539594,85.473738372,0.0100591081794,0.0100422027712,0.0171469539417,0.0150506912657,0.0100041016921,158.97641798,0.017188284712,52.2136763254,92.2062467371,110.364079631,171.694480532,0.0151385905972,158.976466019,0.0148968064821,74.6865351374,171.694547372,92.2100916991
2011-06-22 10:00:00,0.0100144398184,0.0149975245384,92.2063307597,0.0100176922266,0.0150007496234,0.00137638657511,92.2063189403,92.2062467938,0.0200273311499,0.0100028471533,0.0199373113321,0.0150562531974,85.4646078887,0.010021002432,0.010034054366,0.014991510093,0.0100180100537,0.0100031946442,92.2063556896,0.0150064116209,52.2136636074,92.2062449067,0.0100064803342,158.982892013,0.0151363035531,158.976340325,0.0100325130923,74.6869302239,171.694404416,158.980907434
2011-06-22 11:00:00,0.0100266899131,0.0149976804594,92.2063274499,0.0100174616006,0.0150003487216,0.00137492504443,74.6871216729,0.0150407121734,92.2062654986,0.0100035615799,0.0199439430979,0.0122218826059,85.4735099031,0.0100179855998,79.9163347568,0.014983345398,0.0100209808976,0.010003364597,158.976421733,0.0149998967472,52.2136645557,92.2062379522,0.010002686787,158.98271253,0.014998681571,158.977258657,0.0150608442354,74.6873160156,171.69450753,158.981293622
2011-06-22 12:00:00,0.0149005703061,0.0149980208233,92.2063229059,0.010030788974,0.0150007554146,0.00137352286306,74.6871160684,69.1546683291,92.2062722786,0.0100075818161,0.0199779624703,0.0100210309026,85.4735764245,0.0100313703413,79.9163703122,0.0150130901547,0.0150133486509,0.010004791215,171.694516943,0.0149979974655,52.2136836183,92.2062334994,0.0149796907629,171.694291734,0.0149911479797,211.967259755,85.3749044617,92.2058904262,171.694664157,158.981318972
2011-06-22 13:00:00,0.0150059955875,0.0149986507128,92.2063112244,0.0101324174593,0.015000571168,0.0013721706698,74.6871109263,0.0150029937295,92.2063197003,0.0100236425154,0.0199921087421,0.0100433017695,85.4737402943,0.0101748328029,79.9163756376,0.0166226248367,0.0154710624292,0.010011248534,211.968540686,0.0149984897342,52.2136814676,92.2062474545,119.193139606,171.694507259,0.0149984219844,211.968334778,85.3749795347,92.2058630842,211.964894378,158.980572189
2011-06-22 14:00:00,0.0150919830907,0.0150000386103,92.2063088684,0.0101896931937,0.0150003148227,0.00137074926824,0.0150040696055,0.0150012660005,113.834887305,0.0100357172041,0.0200004748664,0.0149546189458,85.4737225137,0.0102160412061,79.9163825662,0.0171738381979,0.0154795754438,0.0100200895721,211.968553008,0.0149992069933,52.2136822929,92.2063400595,119.193142303,171.694538444,0.0150857790376,158.976425646,85.374994858,92.2059244713,211.967762225,158.981372216
2011-06-22 15:00:00,0.015143065724,0.0150054665864,74.6872200314,0.0103136928772,0.0150007438746,0.00136936448067,0.0150048117993,0.0150023434811,113.834898795,0.0113984003833,0.0200216706407,0.0150573349794,85.4738012614,0.0102945637524,79.91926416,0.0171853421767,0.0155067231745,0.0100490481789,211.968550587,0.015000241975,52.2136876955,211.968367573,119.193144438,171.694612882,0.015137568951,158.976360384,85.3750628387,92.2061720635,211.968343592,211.974201844
2011-06-22 16:00:00,110.385132112,92.2062893894,74.687184876,0.0139166421595,0.0150096699473,0.00136795100876,0.0168565013412,69.1547379583,113.83504916,0.013475694223,0.0247207558466,0.0150661807036,85.473806384,0.0146450934297,183.714880205,0.0215899948351,92.205425325,0.0123983325459,211.968541963,0.0150036357979,52.2136961694,211.968390325,147.15207757,211.968912852,0.0151392015467,158.976356833,113.835195263,211.967507674,211.968567555,211.975350738
2011-06-22 17:00:00,110.385209675,92.2063116366,92.2063153962,0.0140016429946,0.0199969556107,0.00136645345979,74.6871149003,92.2063160971,113.834905144,0.0134815741247,0.0247306353731,0.0151158530465,85.4738096404,0.0147241570806,183.714887353,0.0216000310602,92.2054332508,0.0124088743215,211.968539342,0.0150128608317,52.2137152199,211.968396562,147.152081103,211.969026362,77.2668634256,211.968291214,113.835221252,211.967614352,211.96872794,211.975939579
2011-06-22 18:00:00,110.385216179,92.2063139345,92.2063213715,0.0140116431656,73.9870774212,0.00136505438252,92.2063138924,92.206320777,113.834893692,0.0134841993511,0.0247388203337,0.0200692718582,85.4738094208,0.0147308837871,183.714890632,0.0215999165779,92.2054341193,0.0124115671164,211.968535863,92.2061818378,52.2138013052,211.968387323,147.15208152,211.969035277,177.624949169,211.968405006,113.835224106,211.967571179,211.968703111,211.975825732
2011-06-22 19:00:00,110.385218216,92.2063172534,92.2063213107,0.0140192832391,73.9870860297,0.00136360402534,92.2063142066,211.968461476,113.834871751,0.0134855012714,0.0247379528586,0.0200756789484,85.4738100736,0.014736631886,183.714892105,0.0215952661354,92.2054350802,0.0124132927564,211.96851981,92.2063316233,52.2138216846,92.206294294,147.152081773,211.969041933,177.624950183,211.968403136,113.835226264,211.967565609,211.968719316,211.975569086
2011-06-22 20:00:00,110.385211786,92.2063253782,92.2063215255,0.0140189835722,73.9870874425,0.00136211224095,92.2063155784,211.968535449,92.2063206945,0.0134861299218,0.0247360244801,0.0200784941018,85.4738098392,0.0147386007877,183.714892408,0.0215864323243,92.2054352158,0.0124134843115,211.968367318,92.2063862831,52.2137304637,92.206268353,147.152081793,211.969044408,177.624950483,211.968361913,113.835226825,211.967584419,211.968649423,211.975031877
2011-06-22 21:00:00,110.385211938,92.2063436668,92.2063205459,0.0140176539371,73.9870880411,0.00136056953247,92.2063128871,211.96848086,92.2063475753,0.0134858116498,0.0247335823639,0.0200790534643,85.4738096878,0.0147375003916,183.714892466,0.0216009651309,92.2054354021,0.0124127323616,92.2063621793,211.968095695,52.2137207183,92.2062779207,147.152081755,211.969043321,177.624950629,211.968292468,113.835226899,211.967572868,211.96856061,211.974521889
2011-06-22 22:00:00,110.385205262,92.2063525829,92.2063183426,0.0140130655389,73.9870879641,0.00135892030556,92.2063088299,92.2063318774,92.2063133008,0.0134850804248,0.0247307828942,0.0200790300773,85.4738097817,0.0147352307153,183.714892597,0.0216037986125,92.205435125,0.0124117489045,92.2063540903,211.968384718,52.213693456,92.2062679932,147.152081665,211.969042196,177.62495068,211.967672929,113.835226473,211.967528759,211.968482928,92.2103794755
2011-06-22 23:00:00,110.385151931,92.2063494398,92.2063145273,0.014009795865,73.9870880641,0.00135733479589,92.2062978086,92.2063200966,0.0200061744689,0.0134841547079,0.0247278969294,0.0200788266683,85.4738095395,0.0147332282157,183.714892626,0.0216026020866,92.2054346856,0.0124102846828,92.2063530131,211.968438695,52.2136821138,92.2062657092,147.152081583,211.969044853,177.624950724,211.964485068,113.835225596,211.967486866,211.968397203,92.2095562972
2011-06-23 00:00:00,89.4121474633,92.2063397809,92.2063110213,0.0140063425225,73.9870878274,0.00135584068449,92.2063015886,92.2063205977,0.019999999739,0.0134833904224,0.0247216243566,0.0200787141904,85.4738090315,0.0147328290362,183.714892471,0.0215687366338,92.2054331635,0.0124089985405,74.6871435451,211.968519057,52.2136802761,92.2062569955,147.152081517,211.96904433,177.624950722,211.968011218,113.835219857,211.96742497,211.967551982,92.2092357642
2011-06-23 01:00:00,110.385040346,92.2063401157,92.206313425,0.0140039079206,73.9870877645,0.00135445094737,92.2062988967,92.2063196574,0.0199976508665,0.0134827127119,0.0247185348767,0.0200784057786,85.4738086382,0.0147314070255,183.714892244,0.0216033737986,92.2054325306,0.0124079649411,74.6871388048,211.968519004,52.2136728487,92.2062529823,147.152081442,211.96904377,177.624950745,211.968214121,113.835221263,211.967357217,92.2067159642,0.0210127914263
2011-06-23 02:00:00,110.38517169,92.2063329823,92.2063119193,0.0139995413298,73.9870878596,0.00135301812726,92.2063009272,92.2063188048,0.0199972149522,0.013481483667,0.0247181210088,0.0200780502705,85.4738080384,0.014729010689,183.714891672,0.0216069173775,92.2054314676,0.0124068446883,92.2062763011,211.968511031,52.2136649363,92.2062517241,147.152081362,211.969043247,177.624950756,211.968235162,113.835221412,211.967226714,92.2064384596,0.0206751899907
2011-06-23 03:00:00,110.385194932,92.2063627573,92.2063143541,0.0139952638864,73.9870880037,0.00135176661818,92.2062966939,92.2063184402,0.0199980553291,0.0134798043503,0.0247184729318,0.0200775118511,85.4738083821,0.0147241947326,183.71489089,0.0216090755765,92.2054300588,0.0124058812005,92.2063158015,211.968500597,52.2136593953,92.206253762,147.152081262,211.969042744,177.624950759,211.968196607,113.835220482,211.964345454,92.2064381817,0.0208058258376
2011-06-23 04:00:00,110.385207502,92.206359134,92.2063154973,0.0139886072046,73.9870880834,0.00135094455832,92.2062583749,92.2063180999,0.0199943189688,0.0134759642676,0.0247205803174,0.0200765216579,85.4738090961,0.0147176607412,183.714889628,0.0216095683492,92.2054272426,0.0124048300625,92.2063104839,211.968476924,52.2136219,92.2062532954,147.152081216,211.969041,177.624950743,211.968034504,113.835218735,92.2060204595,92.2059539487,0.0214218035712
2011-06-23 05:00:00,110.385212058,92.2063178867,92.2063174997,0.0139543714039,73.9870876008,0.00135019968024,0.0200226103367,92.2063178892,0.0199860355326,0.0132908466623,0.0246720049212,0.0200747847458,85.4738089336,0.0146921278395,183.714875679,0.0216097576007,92.2054195156,0.0123943587443,92.2062665777,211.968464112,52.2136449334,92.2062496442,147.152081004,211.969039423,177.624950639,92.2143616094,113.835210971,92.2058788921,0.0156190634892,0.0209691777305
2011-06-23 06:00:00,110.385204865,92.2063035801,92.2063233822,0.0104944532647,73.9870866364,0.00134891886257,0.0200048055439,92.2063177169,0.019943769421,0.0100455399099,0.0200183412914,0.0200721531795,85.4738088557,0.0106216282938,79.9179940521,0.0216065810474,74.6863594601,0.0100413167338,0.0200403696706,92.2064931899,52.2136490255,92.206220874,147.152077532,211.96898078,177.624950285,92.2084439714,92.2066265486,0.015129490746,0.0152094071589,0.0209003616881
2011-06-23 07:00:00,89.4120385395,0.0150247982856,92.206318349,0.0102701725964,73.9870766853,0.00134751665396,0.0154201747329,92.2063160193,0.0199357025446,0.0100317268982,0.0200030702988,0.0200374419566,85.4738079933,0.0103131008053,79.9179803283,0.0175076307987,74.6863249823,0.0100249225326,0.0200106630662,92.2064063745,52.2134736489,0.015215685729,110.364106815,171.694931567,177.624945634,92.208098281,92.20649495,0.0150293582958,0.0152042104945,0.020508010806
2011-06-23 08:00:00,89.4120440109,0.0150063691613,74.6870839518,0.0102090462345,0.0200025612395,0.00134612372759,0.0150110629009,92.2062605953,0.0197789523219,0.0100099569608,0.0199945625543,0.010054540809,85.4738077946,0.0102862846829,79.9179673317,0.0175039558226,74.6863180645,0.0100134362917,0.0200007185509,92.2063373999,22.7131576391,0.0151099818436,110.364104486,171.694904834,0.014999512178,92.2080224978,92.2064565803,0.0150127052146,0.0150738826508,0.0203102737745
2011-06-23 09:00:00,89.412054019,0.0150038238422,0.0200022513206,0.0100383079153,0.0199965903786,0.00134473075341,0.0150007000552,0.0163272057231,0.0149999890512,0.0100039117976,0.0199845467768,0.0100408341252,85.4738060055,0.0100725207336,0.0100430046862,0.0175007363041,74.686233818,0.0100055753958,0.0200001534912,92.2062528958,0.0151543616452,0.0150304887207,110.364101077,171.69486633,0.0149968610961,92.2080422375,0.0160257718203,0.0151117765277,0.0154097850538,0.0202268310274
2011-06-23 10:00:00,89.4120360331,0.0150026353854,0.0199949386996,0.0100204633218,0.0199669199691,0.00134338702553,0.0150002893551,0.0150988175973,0.0149952372535,0.0100032534819,0.0199746279136,0.0100236205458,85.4738001876,0.010023096545,0.0100143152094,0.0174959866694,0.0100254246654,0.0100041441654,0.0199996208207,0.0150345218707,0.0150091245967,0.0150147297178,0.0149895743032,158.987197954,0.0149947282051,92.2080588438,0.0100353631081,0.0150129462304,0.01513526863,0.0200449284618
2011-06-23 11:00:00,89.4120282325,0.0150052917455,0.0199882462768,0.0100204669712,0.0150044319335,0.00134201602177,0.0150002619836,0.0150092464106,0.0149956809854,0.0100042543792,0.0199743122173,0.0100056630837,85.4737969158,0.0100202707587,0.0100377823295,0.0175015742881,0.010057726547,0.0100043254866,0.0199996865009,0.0150125943881,0.0150071799283,0.0150112034508,0.0100046017398,158.986252178,0.0147729016838,92.2080496452,0.0146050565087,0.0150059827012,0.0150570647338,0.019984668726
2011-06-23 12:00:00,89.4120244303,0.0150178773882,0.0199985450562,0.0100409130504,0.0150046153524,0.0013405449267,0.0150003122691,0.0150013444777,0.0150034911346,0.0100101989802,0.0199878879221,0.0100036877543,85.4738023464,0.0100378014307,79.9179313062,0.017507274209,74.6863077504,0.0100067259751,0.0199998047179,0.0150078167137,0.015005795212,0.0150098710117,0.0149827762722,171.694705198,0.0100037447046,92.2079292586,92.2063976291,0.0150098814493,0.0150182351239,0.0198589652961
2011-06-23 13:00:00,89.4120301433,0.0152207287635,0.0199967297394,0.010208707623,0.0199901898396,0.00133916367693,0.015000075625,0.015000731646,0.0199405053311,0.0100313363611,0.0199977756686,0.0100060112997,85.4738057358,0.0102617068075,79.9179783674,0.0175329882011,74.6863206154,0.010018028698,0.0200016723337,0.0150124649544,0.0150053768164,0.0150104825949,110.364069107,171.694886217,0.0147998790941,92.2062993058,92.2064877553,0.0149974280749,0.0150068622952,0.0199138315856
2011-06-23 14:00:00,89.412060844,92.2062542314,0.020032111632,0.0102660938931,0.0199875050761,0.00133770315375,0.0150041390468,0.0150005520578,92.2060007123,0.0100439582367,0.0200107780556,0.0100194482678,85.4738044482,0.0103041144649,79.9179871912,0.0217222434091,74.6863261745,0.0100282041375,0.0200169210402,0.0150208309216,0.0150060058218,0.0150123209558,110.364104086,171.694914899,0.01499427401,92.2078910132,92.2065069589,0.0150002251134,0.0150095874421,0.0199886961695
2011-06-23 15:00:00,110.385202139,92.2063039156,74.6870771478,0.0104156842993,0.0199962749977,0.00133625877936,0.0150062936197,0.0150010949523,211.966932517,0.0128931094629,0.0202324289009,0.010038256066,85.4738045337,0.010380947115,183.714837379,0.0217395321519,92.2052063796,0.0100702155875,92.2063498489,0.0150722757621,0.0150079077444,0.0150516797098,110.364106086,171.695008859,0.0149965173593,92.2078630363,122.940452332,0.014999851848,0.0150144422384,0.0203837918816
2011-06-23 16:00:00,110.385216343,92.206302696,92.2063221418,0.0149378758325,0.0200007358639,0.00133488765754,0.0150206060012,0.0163942374068,211.968531684,0.0138022510752,103.576295768,0.0100456312025,85.4738061035,0.0186448772805,183.714921802,0.0217428545455,92.205340948,0.0124406609915,92.2063559294,92.2062271129,22.7131598312,92.2059643654,147.152074348,223.743965857,0.0149978414933,92.2079694768,122.941730293,0.0150027547632,0.0151103273815,92.2096674925
2011-06-23 17:00:00,110.385216319,92.2063077912,211.968494459,0.015047162373,73.9870844881,0.00133350418282,0.0200046445593,92.2063180313,211.968537566,0.0138079149806,103.57630749,0.0101844110544,85.4738077546,0.0187137190337,183.714925826,0.0217441900209,92.205345141,0.0124509157378,122.941723482,92.2063367501,52.2136428428,92.2062465222,147.152078221,223.744281938,0.0150027700815,92.2087250386,122.941747062,0.0150101225701,92.2060240964,211.97569324
2011-06-23 18:00:00,110.385214561,92.2062466809,211.968538298,0.0150583441787,170.084947339,0.00133214981107,211.96723599,211.968545136,211.968539432,0.0138106110554,103.576316633,0.0165956213592,85.4738082609,0.018720510765,183.714927925,0.0217456118709,92.2053455222,0.012453503818,122.941730952,211.96848993,52.213649564,92.206253668,147.152078634,223.744297603,0.0185233490547,122.944019716,122.941750273,0.0150154896301,92.2065832595,211.975829521
2011-06-23 19:00:00,110.385212945,92.2061052452,211.968538156,0.0150663034544,170.085250668,0.00133069650278,211.967248886,211.968546153,211.968541198,0.0138118578519,103.576314034,0.0166056301587,85.4738089331,0.0187256458306,183.714928737,0.0217460202697,92.2053455776,0.0124551908031,122.94173051,211.96855335,52.2136505224,92.2062573964,147.152078861,223.744310086,0.0185243772591,122.944049841,122.941750593,0.0150157410637,113.833332641,211.975888516
2011-06-23 20:00:00,110.385211458,0.190357224485,211.968541551,0.0150669748113,170.085254746,0.00132921713842,211.967253734,211.968546333,211.968540951,0.0138125529405,103.576312324,0.016609248504,85.473808893,0.0187274169785,183.714928558,0.0217460451015,92.2053448157,0.0124552339852,122.941735089,211.968558316,52.2136479719,92.2062582054,147.152078893,223.744312156,0.0185246973183,122.94405966,122.941750509,0.0150344501701,113.834317926,211.97589961
2011-06-23 21:00:00,110.385206341,0.0150623913042,211.968540465,0.01506551408,170.085255454,0.00132772222869,211.967255145,211.968546338,211.968538367,0.0138122206143,103.576309922,0.0166100780642,85.4738081594,0.0187258665741,183.71492824,0.0217459193113,92.2053442524,0.0124545661612,122.941731546,211.968567715,52.2136452517,92.2062571041,147.152078795,223.744306693,0.018524897393,122.944086469,122.941751448,0.0154904282058,113.834474582,211.975895156
2011-06-23 22:00:00,110.385194919,0.0150315937506,211.968532636,0.0150614434821,170.085255505,0.00132610254242,211.967254941,211.968545787,211.968536298,0.0138113829439,103.576306924,0.0166103255374,85.4738089693,0.0187208342277,183.714928026,0.0217456575507,92.2053428366,0.0124533681658,122.94172538,211.968567817,52.2136419594,92.2062553997,147.152078712,223.744288647,0.0185250145674,122.944091603,122.941751166,92.205800425,113.834744696,211.975872137
2011-06-23 23:00:00,110.385182719,0.0154826636636,211.968510664,0.0150587470625,170.085256313,0.00132460022854,211.967255315,211.968545214,211.968534034,0.0138106148272,103.576303421,0.016610450353,85.4738090484,0.0187156857949,183.714927744,0.0217455000654,92.2053412929,0.0124518597806,122.941721333,211.968565096,52.2136357953,92.2062539876,147.152078601,223.744308191,0.0185250737942,122.944091514,122.941749751,92.2059072449,113.834772612,211.975841699
2011-06-24 00:00:00,110.385184524,0.0150048971409,211.968492301,0.0150557233785,170.085256123,0.0013231351767,211.967252518,211.968544192,211.968532061,0.0138096626307,103.576299025,0.0166105820034,85.4738087647,0.0187128997468,183.714927219,0.0217454330146,92.205339936,0.0124505013619,92.206361589,211.968556705,52.2136387554,92.2062489051,147.152078504,223.744312921,0.0185250524778,122.944093642,122.941750913,92.2058458316,113.834416017,211.975845835
2011-06-24 01:00:00,110.385187674,0.0150043866068,211.968499508,0.0150533592416,170.085256249,0.00132166101697,211.967257839,211.968543675,211.9685244,0.0138087535733,103.57629848,0.0166103820916,85.4738084313,0.0187141730447,183.71492679,0.0217452473862,92.2053378123,0.0124491342774,92.2063555401,211.968555622,52.2136344531,92.2062488435,147.152078413,223.744312019,0.0185250987483,122.944087313,122.941750023,92.2059120005,113.835022971,211.975844957
2011-06-24 02:00:00,110.385187852,0.0150042203085,211.968523786,0.0150500723314,170.085256501,0.00132022569973,211.967257921,211.968544475,211.968499573,0.0138075192408,103.576297902,0.0166101421122,85.4738080101,0.0187145241774,183.714925877,0.0217449796798,92.2053371526,0.012447969491,92.2063551435,211.968554841,52.2136283164,92.2062490895,147.152078308,223.744315842,0.0185251337407,122.944092241,122.941748865,92.2059156245,113.835113367,211.975862153
2011-06-24 03:00:00,110.385194153,0.0150060966594,211.968531944,0.0150457739907,170.085257038,0.00131896927178,211.967256702,211.968544937,211.96839292,0.0138056042362,103.576295404,0.0166098324325,85.4738085797,0.0187129975328,183.714924797,0.0217448817547,92.2053361986,0.0124464551555,92.2063557671,211.968554148,52.2135063735,92.206246632,147.152078183,223.744321401,0.0185251525724,122.944079768,122.941747733,92.2059247061,113.835184243,211.975859264
2011-06-24 04:00:00,110.385195847,0.0150074333013,211.968539331,0.0150412700396,170.085257583,0.00131807924171,211.967255556,211.968545384,92.2063746766,0.0138015405122,103.576294009,0.0166092463,85.4738085322,0.0187114196073,183.714922665,0.0217430951966,92.2053337558,0.012444493331,92.2063599374,211.968551822,22.712964217,92.2062390766,147.152078079,223.744324728,0.0185251587778,122.9440703,122.941745586,92.2059488675,113.835353181,211.975838863
2011-06-24 05:00:00,110.385187922,0.0150079969642,211.9685469,0.0150178873096,170.08525758,0.00131724757486,211.967255491,211.968545916,92.2063216783,0.0136186436089,103.576232731,0.0166083860685,85.4738088231,0.0187025683565,183.714900499,0.0217374487995,92.2053241193,0.0124318388081,113.834988325,211.968555824,0.0150254349522,92.2054594093,147.15207776,223.744335824,0.0185250831176,122.944024793,122.941735116,92.2059585681,113.835199444,211.975686164
2011-06-24 06:00:00,110.385148059,0.0150080800239,211.96855128,0.0121288871637,170.085256454,0.00131615658858,211.967254317,211.968547108,0.0200015866176,0.010052139686,0.0200549823501,0.0166072086113,85.4738079709,0.0186275914335,0.0200752122183,0.0169692526086,74.6863167295,0.0100457635354,113.834978651,211.968568474,22.7131562578,0.0150286098435,147.152073297,223.744335728,0.0185248844455,122.942619379,99.5828067156,92.2059204907,92.2066803767,211.97001979
2011-06-24 07:00:00,0.0151844307104,0.0150045033112,211.968516401,0.0120390521301,170.085227492,0.00131482356627,171.693476531,211.968546473,0.0199808651584,0.0100373207517,0.0200206390417,0.0165960881955,85.4738033107,0.0151713511401,0.0200611980145,0.0150021122264,74.6863075248,0.0100260160189,92.2063545039,211.968566743,0.0150163131377,0.0150103330238,0.0150561315886,223.744322615,0.018521930926,92.2079670368,99.5827831094,92.2051785516,92.2064298232,211.968439007
2011-06-24 08:00:00,0.0151517412401,0.0150019824508,92.206329355,0.0113476473928,73.9870900212,0.00131348340489,92.2063662848,211.968543786,0.0199515471671,0.0100121008162,0.0199999458495,0.0124486798014,85.4737829879,0.0150714366671,0.020037408726,0.0149933535574,74.6863045322,0.0100149321353,92.206336573,211.968549125,0.0150060994356,0.0150075763471,0.0150509587837,223.74430501,0.014997485232,92.207870739,99.5827439767,0.0151058779192,92.2063216809,92.2102767657
2011-06-24 09:00:00,0.0151279926467,0.0150013277543,92.2063179029,0.0100637319227,73.9870872046,0.00131210779061,92.2063052115,211.968283364,0.0150000620099,0.0100041839334,0.0199900173903,0.0124331421794,85.473619151,0.01504604924,0.0199233360566,0.0149638120695,74.6863021109,0.0100056683078,92.2063231919,211.968426983,0.0150042125989,0.0150047174471,0.0150482682343,223.744310992,0.0149957997346,92.20729898,92.2063615428,0.0150854577114,92.2061895869,92.2096066527
2011-06-24 10:00:00,0.015107984348,0.0150009023831,0.020186563779,0.0100304760417,73.9870847348,0.00131077332042,0.0199068785173,158.976370058,0.0149965381595,0.0100034431596,0.0199781298573,0.0124224282642,64.1054453996,0.0148032426892,0.0194854341411,0.0100234012123,74.6862992559,0.010003792448,92.2063144584,92.2063416593,0.0150032436294,0.0150033817586,0.014996303029,223.744317815,0.0149937478307,92.2049373236,92.2051132447,0.0151586466284,92.2061948113,92.2095035524
2011-06-24 11:00:00,0.015119250083,0.0150028969696,0.0199992795547,0.010722761192,0.0202977616816,0.00130935191039,92.2063079755,211.968492314,0.0149977056141,0.0100045484527,0.0199785454867,0.0100491520643,64.1054127551,0.0149234716638,0.0199973044132,0.0108193696186,74.6862983719,0.0100036062547,92.2063163841,92.2063134968,0.0150027082264,0.0150026496059,0.0149659438906,223.744329437,0.0138988820096,92.206530999,92.2062762965,74.686880951,92.2064530973,92.2094167406
2011-06-24 12:00:00,0.0151386195797,0.015008493675,0.0199979049953,0.0119311780088,0.0199944798922,0.00130785388022,171.693460903,211.968472859,0.0150012247652,0.010011229569,0.0199942060588,0.0100116579063,64.1053798575,0.0150322185322,0.0200476116057,0.0149924892396,74.6863033091,0.0100060076939,92.2063067893,0.0150389434208,0.015007146978,0.0150020173322,0.0149968525934,223.744331108,0.0100030749433,92.2079380484,99.5827693272,74.6933518057,92.206616321,92.2095114473
2011-06-24 13:00:00,0.0151547057523,0.015015260833,0.019998624462,0.0120391873937,0.019999496803,0.00130640327493,171.693466572,158.976383294,0.019966524671,0.0100363994918,0.0200063371521,0.0100192951355,64.105415214,0.0150555387496,0.0200594846191,0.0149984226006,74.6863065096,0.0100191180286,0.0200044338539,0.0150169270266,0.0150040418309,0.0150016910682,0.0150036027468,223.744327992,0.0100216162402,92.2079859656,99.5827870473,92.2060011714,92.2076144723,92.2095341228
2011-06-24 14:00:00,0.0151924349425,92.2062990315,0.0200215053634,0.0120734929794,73.9870756665,0.00130499493487,171.69347496,92.2063851318,0.0199804149542,0.0100493083986,0.0200344323456,0.0123668013389,85.4737886544,0.015105307426,0.0200665354545,0.0150007188618,74.6863177328,0.0100303565553,92.2063102425,0.015071702748,0.0150035708352,0.0150016024839,0.0150498508781,223.744328279,0.0149928181912,92.2078096594,99.5828414792,211.927061403,211.966966934,92.2095806735
2011-06-24 15:00:00,0.0152220312366,92.2063148695,92.2063145821,0.0146868072583,73.987086621,0.00130359002395,171.693506003,211.9685119,0.020000587288,0.0131180625612,103.576353507,0.0124297136596,85.4737922486,0.0151778459524,0.0208201771108,0.0150064533613,92.2053011459,0.0101779358799,92.2063342567,0.0150118332581,0.0150060624765,0.0150019280968,0.0150513954834,223.744325055,0.0149957180495,92.2079871346,122.941723554,211.967394822,211.968143654,92.2099309626
2011-06-24 16:00:00,0.0186506349437,92.2063951407,92.2063238033,0.0150301201145,73.9870891457,0.00130221018596,211.968473266,211.968544609,92.2062964504,0.013867315044,211.968474447,0.0124382679852,85.4738021948,0.0185132053665,183.714814853,0.0184858886564,92.2053101126,0.012397656108,92.2063545371,0.0150129080954,0.0150189768908,0.0150022013988,0.0199685357528,223.744328891,0.0149974511495,92.2083566855,122.941733505,211.967643753,211.968415618,122.945868453
2011-06-24 17:00:00,0.0187073393933,211.968515129,211.968084887,0.0150660059323,170.085196218,0.00130078909972,211.968519454,211.9685457,92.2063129785,0.0138731278019,211.968502581,0.0152348513735,85.4738063792,0.0185742134326,183.714821495,0.0185231256847,92.2053131906,0.0124034716528,211.968477763,0.0150164863173,22.7131740909,0.0150030487467,0.0199760115691,223.744329596,77.2666339535,211.968418312,122.941737917,211.967674469,211.968537698,122.945915764
2011-06-24 18:00:00,0.0187077864221,211.968524971,211.968541692,0.0150743986976,170.085255387,0.00129937270675,211.968522293,211.968542585,92.2063149767,0.0138760195609,211.968516249,58.4962204803,85.4738074215,0.0185796735217,183.714825236,0.0185239622803,92.2053151948,0.0124064124771,211.968539535,69.1537069514,52.2136024352,0.0150107787854,0.0199764749431,223.744327988,77.2667561025,211.968558399,122.941740437,211.967689097,211.968549552,122.945853562
2011-06-24 19:00:00,0.0187085641664,211.968528328,211.968547107,0.0150782980021,170.085256788,0.00129791558604,211.968522928,92.2063525106,92.2063161638,0.0138770926219,211.968518811,58.4962270185,85.4738082264,0.0185806412877,183.714826235,0.0185247493843,92.2053165537,0.0124073371347,211.968543236,92.2061176664,52.2136093235,0.0150419670648,0.0199767157301,223.744323971,77.2667569039,211.968590655,122.941741257,211.967709533,211.968547308,122.945780167
2011-06-24 20:00:00,0.0187054346522,211.968531685,211.968551408,0.0150775265355,170.085258005,0.00129645787686,211.968524163,92.2063202194,92.2063157888,0.0138777362666,211.968520263,58.4962298872,85.473808458,0.0185801412576,183.714826241,0.0185247111359,92.2053167718,0.0124071185252,211.968547216,92.2063010721,52.2135985663,0.0151125295454,0.0199767131321,223.744316001,77.2667571907,211.968671905,122.941741288,211.967715246,211.968514411,122.94562564
2011-06-24 21:00:00,0.0187007460929,211.968532149,211.968553364,0.0150754715621,170.085258228,0.00129510538993,211.968526328,92.2063192144,92.2063148229,0.0138774951542,211.968517872,58.4962305502,85.4738075104,0.018576530071,183.714826559,0.0185245474056,92.2053168149,0.0124064717841,211.968547314,92.206308104,52.213557775,0.015045965173,0.0199766596595,223.744304054,77.2667573365,211.968688612,122.941740727,211.967718442,211.968469271,122.94510767
2011-06-24 22:00:00,0.0186957397004,211.968531499,211.968553114,0.0150721307872,170.085257662,0.00129358888801,211.968526517,92.2063180045,92.206313625,0.0138767489099,211.96851501,58.4962304917,85.4738077449,0.0185713591011,183.714826731,0.0185243268675,92.205315946,0.0124057737652,211.968545439,92.2062609223,52.2095931551,0.0150204775785,0.0199765719469,223.744287298,77.2667573789,211.968693986,122.941739931,211.967718196,211.968436717,92.2146188059
2011-06-24 23:00:00,0.0186876880523,211.968530638,211.968552396,0.0150688604968,170.085257319,0.00129207705478,211.968527663,92.2063149597,92.2063122065,0.0138759551623,211.968511902,58.4962303053,85.4738081101,0.018565976759,183.714826768,0.0185241398024,92.2053146371,0.0124044715493,211.968545669,92.2058417174,22.7131881951,0.0150131477441,0.0199764778893,223.74427217,77.2667573946,211.968693987,122.941738763,211.967717615,211.968395688,92.2097787454
2011-06-25 00:00:00,0.0186855809385,211.96852915,211.968549787,0.015065662093,170.085256456,0.00129059743515,211.968526971,0.0150019253877,92.2063096526,0.0138751173408,211.968498602,58.4962300803,85.4738081458,0.0185596739407,183.714826652,0.0185239096767,92.2053110395,0.0124033890999,211.968548304,0.0150186867453,52.2135608592,0.0150041828173,0.0199763020954,223.744266667,77.2667573902,211.96867445,122.941737744,211.967720955,211.968349784,92.2097536714
2011-06-25 01:00:00,0.0186766601582,211.968527155,211.968546036,0.0150619331066,170.085255147,0.00128917255427,211.968523823,0.0150006451415,92.2063076393,0.0138741950341,211.968502693,58.4962296989,85.4738081923,0.0185590188768,183.714826478,0.018523324978,92.2053095296,0.0124023884369,211.968553459,0.0150447792289,52.2135342154,0.0150043161765,0.0199762145753,223.744278506,77.2667573839,211.968710835,122.941736506,211.967711616,211.968268791,92.2097392644
2011-06-25 02:00:00,0.018671475386,211.968527026,211.968537457,0.0150577554173,170.085253043,0.00128776075656,211.968522249,0.0150005975188,92.2063041769,0.013872823707,211.968503634,58.4962292234,85.4738075911,0.0185522293427,183.714825715,0.0185224756353,92.2053079391,0.0124008975402,211.96855552,0.0199181525775,52.2101283823,0.0150059385595,0.0199761191304,223.744268746,77.2667573593,211.968710791,122.941734333,211.967710662,211.96822781,92.2096758484
2011-06-25 03:00:00,0.0186651741088,211.968528457,211.968521554,0.0150508317348,170.085250033,0.00128637566051,211.968522688,0.0150007931247,92.2062955859,0.0138704025304,211.968501029,58.4962286819,85.4738075383,0.0185377028605,183.714824598,0.0185218909058,92.2053032693,0.0123996041415,211.96855666,69.1547055884,22.7131820048,0.015007138295,0.0199759003786,223.744253243,77.2667573077,211.968716514,122.941729842,211.967710603,211.968116218,92.2097191679
2011-06-25 04:00:00,0.0186417723659,211.968529357,211.968428125,0.0150406133925,170.085247241,0.00128515625242,211.968521081,0.0150009122354,92.2062669812,0.0138651596505,211.96849751,58.4962277249,85.4738074495,0.0185053335873,183.714822529,0.0185197847265,92.2052883016,0.0123980533093,211.96855737,69.1544129343,22.7131414567,0.0150035034906,0.0199755469321,223.744238277,77.2667572196,211.968713205,122.941719848,211.96771038,211.968141392,92.2098715569
2011-06-25 05:00:00,0.0185008176606,211.968525804,92.2067553711,0.0150060096914,170.085243026,0.00128400486441,211.968518225,0.0150011227361,0.0202023124358,0.0137044738391,211.968417704,58.4962262706,85.4738065816,0.0171521651741,183.714810627,0.018514666231,0.0150875646005,0.0123908424768,211.96855854,69.1541756296,22.7131712964,0.0150032320086,0.0199747032594,223.74414048,77.2667571095,211.968705476,122.941654889,211.967676619,211.967674692,92.20959247
2011-06-25 06:00:00,0.0110485517171,211.968504153,92.2067564937,0.0117001507405,170.085214086,0.00128285854103,211.968513715,0.0150009909405,0.0199991015278,0.0110263872392,103.576297177,58.4962239335,85.4737934533,0.0102893805023,0.0162867590771,0.015003055023,0.0149787987083,0.0100589080637,211.968554058,92.2039750824,52.1896045541,0.0150029159987,0.0150118453241,167.808496476,77.2667567858,211.968743474,0.0150323725291,211.9675057,92.2068705984,0.0211433355702
2011-06-25 07:00:00,0.0108988821383,92.207561536,92.2066865058,0.0103621716228,73.9870932473,0.00128173581561,211.968474024,0.0150009953168,0.0199697120626,0.0110166285997,0.0207807545433,58.4962023207,85.4722753478,0.010169588653,0.0162175537994,0.0149622591941,0.0149658305641,0.0100344374116,211.968421217,92.2062037323,52.213011648,0.0150054736268,0.0101388276786,167.808320605,77.2667516917,211.968751302,0.0149573641682,211.963363174,92.2065063025,0.0202236175586
2011-06-25 08:00:00,0.0108672952879,92.2063364498,92.2065908622,0.0103109214102,73.9870882881,0.00128056474963,171.69451744,0.015000715607,0.0150251082605,0.0110035983951,0.0200659131825,0.0140743930728,64.1053670589,0.0101234607807,0.0162116769597,0.014955288819,0.0149518592774,0.0100256254865,171.694525011,92.2059499154,52.2134773744,0.015013726843,0.0101365122615,167.808281115,57.9500521772,211.968684154,0.0149348861101,92.2062028049,92.2062150489,0.0199938624222
2011-06-25 09:00:00,0.010732160727,92.2063276433,92.2063354267,0.0100635471221,73.9870869571,0.00127921209219,171.694513677,0.0150006610934,0.0149990180758,0.0103802887975,0.0199919337268,0.0140554022075,64.1053435972,0.0100206060608,0.0162091702331,0.0147017402619,0.0100203212261,0.0100104936682,158.976429678,92.2052345943,52.2135696026,0.0150227611627,0.0101329202467,167.806402264,57.9500503796,211.968593702,0.010079930934,92.2059916256,92.2056073302,0.0200154220738
2011-06-25 10:00:00,0.0107565675368,92.2063266659,92.2063304307,0.010019227329,73.9870852174,0.00127779765729,171.694506833,0.0150005617391,0.0149971845468,0.0100863647773,0.0199628894182,0.0140451707829,64.1053282539,0.0100114498906,0.0162047715653,0.0100290918826,0.0100112136985,0.0100062304277,92.2063568793,74.6856305077,52.2135518337,0.0150711038475,0.0100010596784,0.0101493132029,57.950047946,211.96848601,0.0100232434696,92.2059496394,92.2002636898,0.0200196582108
2011-06-25 11:00:00,0.0108523075992,92.2063274083,92.206328996,0.0100166078007,73.9870622054,0.00127642283425,171.694503436,0.0150004541637,0.0149989302015,0.0110001405143,0.0199947285456,0.0100809570533,64.1053201828,0.0100105104226,0.0162050213116,0.0100498971521,0.0149107345218,0.010005604194,92.2063559118,69.1539046531,52.2134561578,0.0181635595173,0.0100005263376,167.806516273,0.0149350473226,211.967702438,0.0100334736339,92.2059052932,0.015833069403,0.0199945302687
2011-06-25 12:00:00,0.0108843163788,92.2063288957,92.2066799561,0.0100231253316,0.020000110888,0.00127503287848,171.694497902,0.0150010368871,0.0198674771163,0.0110164794465,0.0207383909896,0.0100124883234,64.1053058954,0.0100167171129,0.0162074889583,0.0148491199212,0.014960767432,0.01000814124,92.2063596234,0.0150480295482,52.2135378173,0.015036851864,0.0100008039648,167.808288724,0.0100037015378,158.977382737,0.0148667869909,92.2059350733,92.2056810573,0.019988765726
2011-06-25 13:00:00,0.0108853450611,92.2063309487,92.206685912,0.0101799056507,73.9870178929,0.00127366025653,171.69450139,0.0150013200724,0.019963886061,0.0110202723094,0.020772332203,0.0100171233209,64.1053195533,0.0101582026881,0.0162107399443,0.014954562386,0.0149615575413,0.0100310992218,158.976457259,69.1547257977,42.292635848,0.0154346604028,0.0100890367093,167.808292327,0.0100290097596,211.966406479,0.0149396524404,92.2059441746,92.2059967551,0.0200490999754
2011-06-25 14:00:00,0.0109056479158,92.2064454555,92.2066884848,0.0103242569514,73.9870844493,0.00127229520879,171.694498618,0.0150011501098,0.0199700350853,0.0110301002122,0.0207907666533,0.0139338727102,64.1053223617,0.0101707127014,0.0162174807061,0.0149605936549,0.0149689774193,0.0100398573982,171.694530849,92.2062934721,22.7131829247,92.2062507345,0.0101362149902,167.80831498,57.9500472585,211.968056678,0.0149571309975,92.2059857964,92.206507433,0.0200677975274
2011-06-25 15:00:00,0.0109681753466,211.968500641,92.2066988473,0.0103841956699,73.9870876285,0.00127095795633,171.694505402,0.0150040771273,0.0199957910244,0.0135948673027,0.0256698144441,0.0140509599777,64.105366777,0.0102480632572,0.0199926893372,0.0149790531439,0.0149908403018,0.0101106137445,211.96854277,92.2063226264,22.7152113489,92.2062636785,0.0101379541119,167.808384806,57.950050398,158.977304411,0.014997569957,92.2062195684,92.2070486292,0.0203469801847
2011-06-25 16:00:00,0.0143943258855,211.968530426,92.2067475823,0.013428707705,73.9870919236,0.00126961116379,171.694511777,92.2063041235,92.2062937145,0.0136121555225,0.0256903973407,0.014059773256,85.4737496186,0.0152031159915,0.0200109119879,0.0170073665137,92.1837761096,0.0123883560652,211.968558062,92.2063412836,52.2135813182,92.206306193,0.014976779379,211.968515323,57.950052177,211.967764665,92.2063707032,211.967073299,211.968075515,92.209508676
2011-06-25 17:00:00,0.014425097673,211.968535802,211.968075794,0.0135281486475,170.085250766,0.00126830554553,171.69452503,92.2063181467,113.834833773,0.0136150968474,0.0256962886115,0.0149701266319,85.473797505,0.0165456918699,0.0200118031859,0.0394171818194,92.2058712049,0.0123963960055,211.968623433,92.2063747983,52.2135971888,211.968345545,0.0149863712869,211.968664705,77.2668396676,211.968490541,92.2066189418,211.967690369,211.968481821,92.209635214
2011-06-25 18:00:00,0.0144306153901,211.968537512,211.968540983,0.0135387260095,170.085257522,0.00126684438915,171.694515741,92.2063246166,113.834925076,0.0136165976064,0.0263474428681,77.9945910529,85.4738026491,0.0165584390521,0.0200107840327,0.039425965833,92.205875665,0.012398891258,211.968629626,211.963839651,52.2135992018,211.96836558,0.0149868732305,211.968689784,77.2668479897,211.968448882,92.2066261471,211.967746952,211.968537941,92.2096815385
2011-06-25 19:00:00,0.0144322687767,211.968537693,211.968543469,0.0135459428203,170.08525829,0.00126547338785,211.968513973,211.968361159,113.83493477,0.0136173729363,0.0257336991635,77.9945978801,85.4738044708,0.0165659930639,0.020010751956,0.0394289364346,92.2058778716,0.0124001742232,211.968630813,211.968514976,52.2135982024,211.968393005,0.0149871502095,211.968701334,77.2668485472,211.968519213,92.2066299698,211.967753489,211.968581044,92.2104945259
2011-06-25 20:00:00,0.0144320859496,211.968538808,211.968544645,0.0135461876225,170.085259172,0.00126409025001,211.968530288,211.968538572,113.834938137,0.0136176674953,0.0256977780152,77.9946007721,85.4738051952,0.0165687310629,0.0200092093724,0.0394299347598,92.2058785243,0.0124000276752,211.968631147,211.9681557,52.213595906,211.968400465,0.0149872208156,211.968705462,77.2668487711,211.96855528,92.2066313537,211.967750409,211.968558513,92.2120452717
2011-06-25 21:00:00,0.0144291610777,211.968538664,211.968546382,0.0135445422175,170.085259213,0.00126265142939,211.968534481,211.968546579,113.834939316,0.0136173685427,0.0256854726977,77.9946013191,85.4738041703,0.0165681036478,0.0200081183042,0.0394303082017,92.2058789382,0.0123994708354,211.968630772,92.2100245255,52.2135960313,211.968401908,0.0149872226939,211.968705433,77.2668488608,211.968574525,92.2066317775,211.967740149,211.968512388,92.2123504193
2011-06-25 22:00:00,0.0144271785346,211.968537642,211.96854661,0.0135419038288,170.085258852,0.00126126356113,211.968535366,211.96854646,113.834940153,0.013616677534,0.0256683632128,77.9946012426,85.4738056495,0.0165664139342,0.0200066554088,0.0394307953763,92.205879002,0.0123983994958,211.968630097,92.2071385915,52.2135957875,211.968401085,0.0149871936733,211.968704397,77.2668488595,211.968580664,92.2066316828,211.967727002,211.968489921,92.2125729486
2011-06-25 23:00:00,0.0144243394889,211.96853694,211.96854834,0.0135389536119,170.085258726,0.00125975610457,211.968538015,211.968546356,113.834941401,0.013615727513,0.025590978671,77.9946010162,85.4738058925,0.0165654036983,0.0200058495062,0.0394312988696,92.2058789485,0.0123973500055,211.968629866,92.2063744426,52.2135934979,211.968400694,0.0149871443048,211.968711245,77.2668488548,211.968580671,92.2066313476,211.967723435,211.968456217,92.2127103027
2011-06-26 00:00:00,0.014421072509,211.968536023,211.968527029,0.0135363608344,170.085258102,0.00125832868761,211.968524376,211.968546598,113.834941795,0.0136150190807,0.0252735484184,77.9946007896,85.4738058088,0.0165642046439,0.0200050489415,0.0394311640058,92.2058788777,0.012396082252,211.968627016,92.20632215,52.2135917772,211.96840187,0.0149870731958,211.968711819,77.2668488038,211.968598708,92.2066310824,211.967713352,211.968434929,92.2127571332
2011-06-26 01:00:00,0.0144177975637,211.968535493,211.968537464,0.0135335342022,170.085257811,0.00125691214458,211.968538548,211.96854807,113.834942861,0.013613901389,0.0204852065926,77.9946004434,85.4738053551,0.016563895307,0.0200043672838,0.0394313233446,92.2058786269,0.0123950885995,211.968628171,92.2063127612,52.2135902572,211.968403027,0.0149869999469,211.968712824,77.2668487833,211.968568422,92.2066306162,211.967718357,211.96846286,92.2128039152
2011-06-26 02:00:00,0.0144163853823,211.968535933,211.968545499,0.013530201728,170.085257249,0.00125546003609,211.968543466,211.968548322,113.834942635,0.0136123636029,0.0202281795564,77.994600036,85.473804501,0.016562996762,0.0200034066276,0.0394313898355,92.2058782633,0.0123938926703,211.968629186,92.2061614135,52.2135890739,211.968403588,0.0149868946063,211.96871333,77.2668487324,211.968580887,92.2066296864,211.967721163,211.968469144,92.212831079
2011-06-26 03:00:00,0.0144152032202,211.968536361,211.968550483,0.0135237782316,170.085256171,0.00125405695209,211.968545145,211.968547654,113.834942745,0.0136095916587,0.0200790119572,77.994599482,85.4738023906,0.0165601105397,0.020001780386,0.0394317199479,92.2058778867,0.0123924032935,211.968629865,92.2062520513,52.2135880985,211.968403828,0.0149867005471,211.968712741,77.266848645,211.968592257,92.2066285605,211.967724698,211.968478438,92.2128450428
2011-06-26 04:00:00,0.0144136013903,211.968536004,211.968553269,0.0135152320575,170.085254125,0.00125281494045,211.968545977,211.968543952,113.834942378,0.0136032457777,0.0200555960451,77.9945985493,85.4738023536,0.0165573509401,0.0200007400132,0.0394311239858,92.2058772675,0.0123910154153,211.968630358,92.2062651981,52.2135865685,211.968404292,0.0149863841226,211.96871327,77.2668485048,211.968600554,92.2066266754,211.967723133,211.968504482,92.2128725126
2011-06-26 05:00:00,0.0144096550399,211.968530509,211.968555271,0.013474261245,170.085245375,0.00125156542699,211.968546549,211.968519576,113.834937469,0.0104914212444,0.0200058333734,77.9945970786,85.4737999535,0.0165446307885,0.0199810840413,0.0394294492748,92.2058728676,0.0123681872336,211.968630854,92.2063063559,52.2135861449,211.968406417,0.0149856288578,211.968712706,77.2668483236,211.968579232,92.2066174781,211.967371757,211.96840504,92.212811434
2011-06-26 06:00:00,0.014385473127,211.968508566,211.968558234,0.0103500436588,73.9880875102,0.00125035079548,211.968545852,211.968507881,92.2063142503,0.0100372641897,0.0199955418587,77.9945949594,85.4737620077,0.0134182084222,0.0162015996556,0.0394163748344,74.6867737105,0.0100362052275,211.96863095,0.015016435237,52.2135873431,211.968407537,0.0100639753427,211.968597062,77.2668479386,211.968556013,74.6874176482,92.2061174272,211.967654939,92.2121232884
2011-06-26 07:00:00,0.011229500333,92.2066297618,211.968558089,0.0102486421474,73.9870890378,0.00124919837581,211.968543623,92.2063317821,92.2063033763,0.0100224827245,0.0199749767002,77.9945781335,0.0108009040704,0.0133870124227,0.0161960159162,0.0389277922861,74.6867618915,0.0100255937865,211.96862732,0.0150080407783,52.2135874588,211.968410106,0.0100034122061,211.968588793,77.26683857,211.968407926,74.6873647245,92.2059959792,92.2122614927,92.2095780078
2011-06-26 08:00:00,0.0109792034728,92.2063310341,211.968556292,0.010091005021,73.9870861379,0.0012480265999,211.96853593,92.2063208055,92.2063021916,0.0100060597778,0.0199569470873,58.4962412326,0.0106818930661,0.0133720941766,0.0161860404936,0.0319719476302,74.6867589014,0.0100070342447,211.968558064,0.0150020124028,52.2135884607,211.968411078,0.0100018981774,211.968435091,57.9500453356,158.976652781,74.6873583679,92.2059335632,92.2080300856,69.1599328164
2011-06-26 09:00:00,0.010963994658,92.2063217542,211.968552372,0.0100182749568,73.9870820457,0.00124670145551,171.694539814,92.2063191243,92.2063002385,0.0100027706173,0.0198604778495,58.4962295514,0.0100241580395,0.012991101222,0.0107056141314,0.0319447453275,74.6867531135,0.010003101971,171.694593839,0.0149993772941,52.2135880379,211.968411039,0.0100005708089,171.694677227,57.950043574,158.976535886,74.687353424,92.2056552998,92.2066113301,69.1595302456
2011-06-26 10:00:00,0.0108871450922,92.2063188592,211.968519989,0.0100147317177,73.9870619197,0.00124532182422,171.694510886,92.2063112573,92.2063002188,0.0100026515888,0.0195882761177,58.4962170276,0.0100089107306,0.0102228353217,0.0161655987265,0.0319427652349,0.0150045979919,0.0100022914441,158.976552593,0.0149980379646,52.2135866045,211.968410361,0.0100002306674,171.69436207,57.9500400495,158.976493253,74.6873333075,89.2311319128,92.2064746498,69.1590701249
2011-06-26 11:00:00,0.0108783113271,92.20631883,171.694531586,0.0100315042989,0.0199804700345,0.00124397842249,92.2063314693,0.0150013065551,92.2062992441,0.010005316636,0.019653399338,58.4956783672,0.0100075117764,0.0100712380378,0.0161919149694,0.0319413349819,0.0149940626055,0.0100026329035,158.976511728,0.0149977452535,52.2135840148,211.96840868,0.0100001425887,171.694650293,0.0129375910291,158.976465328,69.1550917015,89.2302038399,92.2063929495,69.1592343818
2011-06-26 12:00:00,0.0108132297944,92.2063231689,171.694490222,0.0101531694839,0.0150335359608,0.00124263629262,92.2063279372,0.0150020425875,92.2063016112,0.0100103808886,0.0199445984838,0.0100347934119,0.010008737025,0.0123874726003,0.0161968794956,0.0319420093974,74.6867531088,0.0100055620094,171.69458758,0.0149988714169,52.2135845906,211.968407262,0.0100002462457,171.694655421,0.0100051785604,158.976455795,74.6852493732,92.2059841666,92.206527595,69.158625386
2011-06-26 13:00:00,0.0108914082204,92.2063331287,171.69451682,0.0102391437163,73.9870579444,0.00124128086189,92.2063430855,0.0150005881047,92.206302272,0.010033179153,0.0199704843706,0.0146888480707,0.0100198234116,0.0133982129645,0.0162019263432,0.031943584909,74.6867622686,0.0100375776083,171.694591502,0.015000871431,52.2135798308,211.968402772,0.0100006116789,171.694721631,0.0150103092063,158.976479751,74.6873414538,92.205977491,92.2065259392,0.0203344916719
2011-06-26 14:00:00,0.0109062939181,92.2063335932,171.694526538,0.0102678873399,73.9870840772,0.0012399527062,171.694469088,0.0150005514253,92.2063079251,0.01004446991,0.0199887804986,58.4961959048,0.0106657338071,0.0134020997097,0.016226804982,0.0319474909229,74.6867638071,0.0100601449156,171.695002647,0.0150156477387,52.2135761306,211.968403615,0.0100021277412,211.968516067,57.9500416502,158.976524817,74.6873566623,92.2060008814,92.2067089779,69.1596572576
2011-06-26 15:00:00,0.0109675505995,211.967639002,211.968367312,0.0104244231267,73.9870874986,0.00123859851404,171.694516007,0.0150011803217,92.206319097,0.0124058836851,0.0200027795688,58.4962281347,0.0107372500582,0.0134553048478,0.0199856264601,0.0319526271289,74.6867745092,0.0121710956229,211.968560286,92.2063188427,52.2135774407,211.968407742,0.0100037669246,211.966837228,57.9500437085,158.976628524,74.6873699177,92.2060251307,92.2085642499,92.2095211962
2011-06-26 16:00:00,0.0111232583336,211.968521921,211.968550364,0.013478494576,73.9870939582,0.00123732238266,211.968386396,92.2063097051,211.968491324,0.0125414730544,0.0246471166638,58.4962358996,85.4737150745,0.0202514688925,0.0199991771065,0.0394162928256,92.2058791005,0.0124079731332,211.968629665,92.206359224,52.2135810875,211.968409933,0.014958241021,211.968550497,57.9500454669,211.968061828,92.2066091828,92.206157861,211.968190683,211.95952624
2011-06-26 17:00:00,0.0144962691981,211.968533722,211.968557461,0.0135659447582,170.085256995,0.00123601382096,211.968541608,92.2063207747,211.968538366,0.0125467346843,0.0246735630563,58.4970451524,85.4737924541,0.0205418506248,0.0200022269443,0.0394405243733,92.205892046,0.0124161758214,211.968632483,211.968383812,52.2135885313,211.968411557,0.0150536856668,211.968727422,177.624902907,211.968529971,92.2066399022,110.159119881,211.96845928,211.968225108
2011-06-26 18:00:00,0.0145058048781,211.968532506,211.968560424,0.0135769121358,170.085259715,0.00123472024331,211.968545991,211.968543516,211.968539146,0.0125494286518,0.0246821365193,134.474036501,85.4738025339,0.0205526153387,0.0200039117276,0.0394417174473,92.2058938317,0.0124193313565,211.968633515,211.96853961,52.213582971,211.968416347,0.0150545535638,211.968729755,177.624960484,211.96861004,92.2066427936,110.157730957,211.968372504,211.968317958
2011-06-26 19:00:00,0.0145126499537,211.968532635,211.96855851,0.0135840591774,170.085259842,0.00123342237026,211.968544283,211.968550234,211.968541699,0.0125506503407,0.0246835754639,134.474044662,85.4738045182,0.0205593630216,0.0200045905826,0.0394430502035,92.2058950034,0.0124206550692,211.968633686,211.968554575,52.2135809983,211.968413756,0.0150549707704,211.968736045,177.624961392,211.968562573,92.2066452547,92.2062222327,211.96836503,211.968435413
2011-06-26 20:00:00,0.014513920273,211.968533168,211.968557815,0.0135838875474,170.085260343,0.00123206312222,211.968545399,211.968550867,211.968542427,0.0125513434062,0.024682763873,134.474048245,85.4738057321,0.0205618962149,0.0200040404725,0.039443190506,92.2058952032,0.0124207306718,211.968634155,211.968560307,52.2135783874,211.968412835,0.0150551020794,211.96873623,177.62496168,211.968569067,92.2066459024,92.2060885027,211.968309576,211.968506279
2011-06-26 21:00:00,0.0145122966215,211.968533113,211.968556412,0.0135820593232,170.085260248,0.00123064420822,211.968545648,211.968551462,211.968541966,0.0125510391848,0.0246807021034,134.474049186,85.4738049453,0.0205612982069,0.0200034401993,0.0394432955791,92.2058950069,0.0124202700738,211.968633138,211.968566499,52.21357739,211.968411619,0.0150551438777,211.968733178,177.624961794,211.968556535,92.206645742,92.2060468169,211.968146703,211.968521146
2011-06-26 22:00:00,0.0145107679559,211.968529457,211.968552524,0.0135796728777,170.08525981,0.00122906121458,211.968544266,211.968551209,211.968541166,0.0125504752862,0.024677560598,134.474049369,85.4738056367,0.0205597729705,0.0200029581905,0.0394434259247,92.2058947191,0.0124196299681,211.968632339,211.968557799,52.2135748546,211.968409457,0.0150551442973,211.968730632,177.624961822,211.968529567,92.2066455188,92.2060344779,211.968008531,211.968545079
2011-06-26 23:00:00,0.0145086747458,211.96852516,211.968546629,0.0135772001357,170.085259765,0.00122754914288,211.968543237,211.968550943,211.968540973,0.0125496008971,0.0246739412727,134.474049276,85.473805794,0.0205588341089,0.0200028536044,0.0394433312148,92.2058943879,0.0124183422855,211.96863171,211.968549579,52.213571724,211.968408273,0.0150551186015,211.968727781,177.624961858,211.968525413,92.2066448803,92.2060370985,211.968064223,211.968571358
2011-06-27 00:00:00,0.0145069412755,211.968484712,211.968540752,0.0135747401746,170.085259438,0.00122619556427,211.968543034,211.968550674,211.968541183,0.0125487749052,0.0246727310058,134.474049015,85.4738057639,0.0205588766136,0.020002788225,0.0394432525552,92.2058939545,0.0124171685477,211.96863116,211.968543871,52.2135721179,211.968407558,0.0150551106778,211.968733045,177.624961833,211.968535148,92.2066442738,92.2061648212,211.968080942,211.968558917
2011-06-27 01:00:00,0.0145060648039,211.968118321,211.968515893,0.0135723383804,170.085259441,0.00122471176035,211.968541349,211.968550632,211.968541704,0.0125480387807,0.0246731603852,134.474048824,85.4738062322,0.0205575361124,0.0200028019035,0.0394430049077,92.2058935909,0.0124163073864,211.968630522,211.968537037,52.2135703831,211.968408191,0.0150550685037,211.96873277,177.624961854,211.968532617,92.2066435473,92.2062202045,211.968032963,211.96857402
2011-06-27 02:00:00,0.0145073370011,211.963200681,211.968168373,0.0135693365724,170.085259489,0.00122330033688,211.96854052,211.968550648,211.968542059,0.0125470492234,0.024671368254,134.474048536,85.4738060455,0.0205561496066,0.0200027377542,0.0394428914704,92.2058931909,0.0124153682841,211.968629475,211.968531969,52.2135687016,211.968408301,0.0150550259183,211.968731267,177.62496188,211.968536778,92.2066425578,92.2062602515,211.968131052,211.968581112
2011-06-27 03:00:00,0.014512307062,211.968458234,171.694505546,0.0135651852509,170.085259696,0.00122207510562,211.968540131,211.968550764,211.968542518,0.0125454546109,0.0246717732994,134.474048233,85.4738069956,0.0205535361453,0.0200033504993,0.0394433034577,92.2058927162,0.0124147854092,211.968629377,211.968537111,52.2135678434,211.968409883,0.0150549571938,211.968731498,177.624961959,211.968540078,92.2066409453,92.20628185,211.968242159,211.968613478
2011-06-27 04:00:00,0.0145175196211,211.968503507,171.694501561,0.0135595039456,170.085260049,0.0012212328311,211.968540271,211.968550827,211.968543557,0.0125418201371,0.0246750779471,134.474047795,85.4738064985,0.0205499778763,0.0200045821339,0.0394427285878,92.2058920652,0.0124142992531,211.968631476,211.968538016,52.2135698086,211.968414946,0.0150549074773,211.968729476,177.624962019,211.968571825,92.2066379671,92.206466681,211.968330302,211.968652639
2011-06-27 05:00:00,0.0145167913933,211.968433491,211.968455515,0.013533297696,170.085260202,0.00122037367047,211.96853928,211.968551379,211.968542043,0.0123936123877,0.024638462877,134.474047236,85.4738073892,0.0205389161795,0.0199946687912,0.0394408373546,92.2058861251,0.0124071232971,211.96863214,211.96854655,52.2135930693,211.968427203,0.0150546751057,211.968727092,177.624962032,211.968604573,92.2066220502,92.2061272804,211.968033026,211.96851906
2011-06-27 06:00:00,0.0144468066464,92.2063609625,211.968490746,0.010528351876,170.085259519,0.00121926948416,211.968527456,211.968551984,211.968522847,0.0100331187731,0.0200006511243,134.474046388,85.4738015147,0.0203188996566,0.016213528325,0.0394186433831,74.6867666144,0.0100606194607,211.968627443,211.968571989,52.2142049157,211.968451828,0.0150503817513,211.96871013,177.624961848,211.968523651,92.2050102626,92.206012654,92.2067002931,211.96735601
2011-06-27 07:00:00,0.0101705474495,92.2063242791,92.2063524462,0.0102204537159,170.085238976,0.0012180234252,92.2074215029,211.968551698,92.2063421838,0.0100209826464,0.0199862511404,134.474038472,85.4737598627,0.0154474950843,0.0162066481591,0.0316380030691,74.6867514405,0.0100446980836,92.206531707,211.968579564,52.2151161738,211.968437167,0.0113860094377,211.962760186,177.624959452,159.018304087,0.0157269750662,89.2159316039,92.1999293513,92.2086323028
2011-06-27 08:00:00,0.0101321690447,92.206319341,92.2063259227,0.0101675705068,73.9871242485,0.00121675935692,92.2073558646,211.968550472,92.2063243272,0.0100066688427,0.0199729224046,100.856027702,64.1053842162,0.0154132266093,0.0162041486225,0.031626795244,74.6866297085,0.0100224249098,92.2063558476,211.96857334,52.221507968,211.968427364,0.0113841479981,171.694668471,143.876209715,158.976627951,0.0157065820775,0.0150517290863,0.0154439301243,0.0218056622102
2011-06-27 09:00:00,0.0100206586307,92.2063153928,92.2063212127,0.0100246859254,73.9871212966,0.00121545970553,92.2063551801,92.2063302574,92.2063166848,0.0100031330978,0.0199157348166,100.855988104,64.1053424806,0.0152829442677,0.0162012090845,0.0316228792373,0.0100654210936,0.0100072007559,92.2063526023,211.968564388,52.2228335305,211.968421709,0.0113292106953,171.694641203,143.876207539,158.976567237,0.0150350129505,0.0150229633952,0.0150500787829,0.0192730303264
2011-06-27 10:00:00,0.0100063719321,92.2063130829,92.206300673,0.0100136596538,73.987090813,0.00121406411912,92.2063251415,92.2063200573,92.2063114294,0.0100026488629,0.0196841841079,100.855978654,64.1051838047,0.0100307134504,0.0161997388915,0.0316096834397,0.0100196520834,0.0100057559865,92.2063072449,211.968556061,52.2142468789,211.968416987,0.0100020116268,171.694410715,143.876203986,158.976545657,0.0100994330219,0.0150166845803,0.0150416337404,0.0155248289731
2011-06-27 11:00:00,0.0100052809905,92.2063126153,92.2060713359,0.0100139267387,73.9870887768,0.00121273863695,92.2063194185,92.206316972,92.2063044309,0.0100043387278,0.0197668059105,58.496263146,0.0103076533917,0.010025998999,0.0162026627627,0.0314228227739,0.0149852444311,0.0100093041219,0.020002652507,211.968544689,52.2142066731,211.968415138,0.0100014036153,167.804096623,0.0150008699168,158.976544947,0.0100797471292,0.0150212084973,0.0150664567534,0.0199577491155
2011-06-27 12:00:00,0.0100061977817,92.2063155268,92.2063139653,0.0100219578113,73.9870897685,0.00121140320081,92.2063261523,92.2063208165,92.2063044979,0.01000828333,0.0199576086431,0.0106770289194,64.1052229896,0.0100853527836,0.0162063032303,0.0296782722979,74.6867277613,0.0100289936791,0.0200022604488,211.968508206,52.2142253667,211.968415831,0.0100037106935,167.805452852,0.0149967397261,158.976556741,0.0149091537338,89.2159639216,0.276047445452,0.0199663681736
2011-06-27 13:00:00,0.0100216979975,92.2063178287,92.206319979,0.0100962164409,73.9870888786,0.00120997966381,92.2063528608,158.976265907,92.2063179447,0.0100238882618,0.0199812718515,0.0150213032574,64.1053256783,0.0151533319913,0.0162118922914,0.0316155363886,74.6867535902,0.0100454468385,0.0200087494839,211.96847357,52.2142177457,211.968409161,0.0113788442666,171.694616018,0.0150020289652,158.976594228,0.0156738776762,89.215680162,92.1955107649,0.0199083222763
2011-06-27 14:00:00,0.0101413834624,92.2063235188,92.2063246414,0.0102005379248,73.9870903196,0.0012086196171,92.2073541644,211.968531528,92.2063298096,0.0100373943336,0.019998011499,100.855573275,64.1053573526,0.0154110989393,0.0162474964153,0.0316240406092,74.6867607189,0.0100581709677,92.2063499603,211.966210478,52.214212383,211.968398616,0.0113844439853,171.694643564,143.876203979,158.976674278,0.0157110257049,89.2157246818,92.1963415691,0.0200688560138
2011-06-27 15:00:00,0.0101916757222,92.2064682036,92.206328157,0.0103024753634,73.9871223118,0.00120720996517,92.2073691586,211.968550775,92.206349367,0.0149670069409,0.0200615300305,100.855979775,85.4724798399,0.0154581887909,0.020003480224,0.0316287650204,74.6868057566,0.0109051608853,92.2063554042,158.97659369,52.2141965724,211.968381384,0.0113869220463,171.694675685,143.876207282,211.967274045,0.0157425963198,92.2059256529,92.2064374812,0.0221331730491
2011-06-27 16:00:00,110.385497168,211.968531921,92.206363392,0.0146756632653,73.9871424248,0.00120581955193,92.2074243516,211.968550237,211.968538476,0.018975896722,138.10136432,100.855988429,85.4737900534,87.0113027013,183.714863255,0.0390344539166,211.962626704,211.968476423,92.2063676621,158.97704071,52.2141970666,211.968299242,147.152049224,211.968655394,143.876208928,211.968533183,0.0293687306966,211.934740048,211.967071059,92.2094998709
2011-06-27 17:00:00,110.385599983,211.968540827,211.968522883,0.0148013693573,170.085257745,0.00120450115165,211.968439297,211.968551916,211.968547566,0.0189834063266,138.101592076,100.856095784,85.4738049001,87.0114066852,183.714897446,0.0390480651997,211.962640024,211.968505541,122.941817357,211.968294849,52.2141992552,211.968318629,147.152077672,211.96871581,177.624968033,211.968816899,0.0294019508138,211.967775376,211.968185865,92.2096055935
2011-06-27 18:00:00,110.385606722,211.968542744,211.968533527,0.0148135690406,170.085261271,0.00120307905329,211.968556753,211.968554192,211.968548572,0.0189863210354,138.101614896,134.474261509,85.4738074503,87.0114136307,183.714911835,0.0390484252597,211.962642195,211.968511491,122.941822851,211.968539755,52.2141905195,211.968365019,147.152078306,211.968718015,177.624984561,211.96885234,0.0294058123499,211.967841333,211.968395006,92.2096260856
2011-06-27 19:00:00,110.385611917,211.968542785,211.968546022,0.014822027342,170.085261593,0.00120168394805,211.968560454,211.968554186,211.968549005,0.0189876874366,138.101619127,134.474267477,85.4738081701,87.0114190193,183.714914733,0.0390495441202,211.962643546,211.968514126,122.941818367,211.968565707,52.214168508,92.2062835809,147.152078601,211.968722388,177.624985382,211.96887179,0.0294082264827,211.967833302,211.968308162,92.2096215844
2011-06-27 20:00:00,110.385611726,211.968543052,211.968555096,0.0148224695793,170.085262411,0.00120014470073,211.968563678,211.968554327,211.968548782,0.018988415184,138.101620094,134.474270255,85.4738084772,87.0114204557,183.71491253,0.0390496536121,211.962643879,211.968514684,122.941816304,211.968565742,52.2140693698,92.2062631841,147.152078625,211.968722788,177.624985715,211.968863062,0.0294087255189,211.96781827,211.968266564,92.2096155758
2011-06-27 21:00:00,110.385609299,211.968542351,211.968559892,0.0148202969588,170.085262448,0.00119867627022,211.968565332,211.968554415,211.968548219,0.0189882471076,138.101619418,134.474270607,85.4738078343,87.0114185567,183.714911291,0.0390497145027,211.962644009,211.968514271,99.5828952793,211.968568905,52.21389576,92.2062575864,147.152078582,211.968720171,177.624985845,211.968826934,0.0294085176382,211.967803095,211.968202892,92.2096226314
2011-06-27 22:00:00,110.38560691,211.968541403,211.968560011,0.0148172401453,170.085261624,0.00119710684696,211.968565233,211.968553669,211.968547359,0.0189876246016,138.101618347,134.47427041,85.4738079711,87.0114161436,183.714910779,0.039049769593,211.962643726,211.968513217,99.5828771747,211.968561774,52.2135919344,92.2062491822,147.152078488,211.968717705,177.62498588,211.968805629,0.0294080385716,211.967786854,211.968170197,92.2096199688
2011-06-27 23:00:00,110.385603954,211.968540977,211.96855954,0.0148147819683,170.085261327,0.00119555861037,211.968564988,211.968553066,211.968546749,0.0189868857706,138.101617524,134.474270194,85.4738082314,87.0114148898,183.714910308,0.0390497127812,211.962643319,211.968511629,122.94178693,211.968555423,52.2135604183,92.2062442835,147.152078418,211.968715694,177.624985907,211.968786845,0.0294074247741,211.967779219,211.968135167,92.2096141325
2011-06-28 00:00:00,110.385601173,211.96853917,211.968556414,0.0148124729995,170.085260735,0.00119413160733,211.968563855,211.968552461,211.968545394,0.0189864629078,138.101614777,134.474269825,85.4738085144,87.0114135039,183.714913727,0.0390494688949,211.96264298,211.968510525,122.941809346,211.968553137,52.2135549606,92.2062585429,147.152078373,211.968718655,177.624985926,211.968797201,0.0294064011173,211.96778954,211.967996625,92.2095728309
2011-06-28 01:00:00,110.385599426,211.968539936,211.968555211,0.0148103827185,170.085260714,0.00119275894215,211.9685629,211.968552113,211.968545324,0.0189858008453,138.101615769,134.474269514,85.4738081488,87.0114119895,183.714917302,0.0390491839376,211.962642644,211.968509993,122.941817762,211.968553307,52.2135504421,92.2062583933,147.152078299,211.968717316,177.624985942,211.968898677,0.0294054399958,211.967803009,211.967928518,92.2095542975
2011-06-28 02:00:00,110.385599209,211.968540665,211.96855515,0.0148075578577,170.085261052,0.00119136495484,211.968562907,211.96855226,211.968544341,0.0189849870198,138.101615889,134.474269101,85.4738075855,87.0114101145,183.714917584,0.0390489225974,211.962641844,211.968509303,122.941817166,211.968551859,52.2135473524,92.2062584377,147.152078224,211.968715323,177.624985937,211.968951621,0.0294036661446,211.967835773,211.967990265,92.2095271589
2011-06-28 03:00:00,110.385602929,211.96854363,211.968557497,0.0148028107917,170.085261274,0.00119018591186,211.968563964,211.968552461,211.968542845,0.018983804517,138.101616788,134.474268717,85.4738080851,87.0114065349,183.714920668,0.0390491253451,211.962641172,211.968509814,122.941817568,211.968553057,52.2135445076,92.2062570183,147.152078122,211.968713035,177.624985944,211.968963035,0.0294009933984,211.967861138,211.968118818,92.2095522991
2011-06-28 04:00:00,110.385605618,211.968545771,211.968559484,0.0147967211043,170.085261487,0.00118931287236,211.968565912,211.968552546,211.968541629,0.0189816380905,138.101618509,134.474268092,85.4738075905,87.0114017892,183.714924748,0.0390483127539,211.962640287,211.968511135,122.941821661,211.968554258,52.2135447578,92.2062574822,147.15207804,211.968710835,177.62498595,211.968972809,0.0293956563638,211.967873471,211.968129205,92.2095663237
2011-06-28 05:00:00,110.385598571,211.96854383,211.968561733,0.0147673485847,170.085261547,0.00118847305775,211.96856783,211.96855315,211.968530973,0.0189438720239,138.101603206,134.474267155,85.4738087429,87.011384747,183.714904962,0.0390444486735,211.962633267,211.968506251,211.967235209,211.96856375,52.2135556533,92.2062575559,147.152077779,211.96870492,177.624985902,211.968995809,0.0293687164279,211.967623685,211.967545639,92.209418731
2011-06-28 06:00:00,0.0349639674892,211.968539854,211.968564634,0.0126174779079,170.085260872,0.00118729768416,211.96856694,211.968553793,92.2063982228,0.0153691677823,103.576822555,134.474266102,85.4738047277,0.0167246333352,148.809105968,0.015500587737,171.689740988,171.694539115,122.94182173,211.968589748,52.2141659603,92.2062585278,147.152072768,211.968573844,177.62498562,211.968921864,0.0222319548053,92.2061134987,92.206565872,0.0197434036388
2011-06-28 07:00:00,0.0101403916643,211.968523942,211.968559359,0.0114257750869,170.085258103,0.00118607175569,211.968556269,211.9685538,92.206306708,0.015352716431,103.576789689,134.474258251,85.4737803998,0.0150055336341,148.809098434,0.0150086958613,171.689734869,171.69449782,92.2063628674,211.96858703,52.2141939727,92.20624499,0.0150096264759,171.694621056,177.624982593,211.968522808,0.0222097505789,92.2058008377,0.022281499395,0.018336057485
2011-06-28 08:00:00,0.0100986503328,211.968328998,211.968542905,0.0113673482725,170.085190369,0.00118482421971,211.968490576,211.968553586,92.2062848301,0.0140259337788,103.576416625,58.4964112145,64.105429503,0.0149726319136,148.809098094,0.0150015550571,171.689730917,171.694490068,92.2063550145,211.9685573,52.2141738034,92.2061948378,0.0150064821815,171.694599847,0.0150066859475,158.97886715,0.0221917463203,0.0151085001515,0.0152205722647,0.0150884639995
2011-06-28 09:00:00,0.0100112268027,92.2063486431,171.694556266,0.0100908563213,73.9870887566,0.00118349152365,171.694549201,211.968553216,0.0150225813238,0.0101151514212,0.0218052079661,58.496274845,64.1053631693,0.0144720593123,148.809099877,0.014982639516,171.689722981,171.694482399,92.2063458364,211.968507363,52.2141679081,92.2061006692,0.0150012662706,171.694580854,0.0149994687806,158.976781082,0.022013849174,0.0150158740477,0.0150492982675,0.0150127471545
2011-06-28 10:00:00,0.0100052394011,92.2063298967,171.69453298,0.0100237652317,59.9295919392,0.00118223114805,171.694533425,211.968553354,0.0150017644894,0.0123797015576,0.0207647117886,58.4962646159,64.1053093247,0.0100323899491,148.8091019,0.0100669344561,171.689432357,171.694478248,0.0200022851653,211.966795418,52.2140944552,74.6873739729,0.0100036314605,171.694173973,0.0149982263032,158.976747665,0.0150564422993,0.0150111836726,0.0150403522844,0.0150064232802
2011-06-28 11:00:00,0.0100046802344,92.2063276177,171.69453262,0.0100227142466,59.9295399684,0.00118074348741,171.694530715,211.968551517,0.015002189308,0.0153464125225,103.576420593,0.0150199753491,64.105247085,0.0100272194107,148.809108395,0.0100256568771,171.689724179,171.694495259,0.0200012055078,92.222835155,52.2137433821,74.6869884301,0.0100019930596,167.804211697,0.0149960953523,158.976754843,0.0209673656407,0.0150128200455,0.0150719395394,0.0150223008641
2011-06-28 12:00:00,0.0100059016302,92.2063255509,171.694550642,0.010035585868,0.0200067072215,0.00117941355104,171.694532402,211.968552038,0.0200046632179,0.0153613636516,103.576759674,0.0100364589698,64.1052966612,0.0100778381105,148.809111481,0.0149263310692,171.68973349,171.694504108,92.2063265202,92.2063705687,52.2141815869,0.0150139266808,0.0100162407993,167.805439281,0.0149934863185,158.976786485,0.0221598654721,0.0150465887544,0.0150833219289,0.0150911103331
2011-06-28 13:00:00,0.0100148458559,92.2063329386,211.968145768,0.0110231484165,0.0199445926557,0.00117812568737,171.694531572,211.968546491,92.2061603153,0.015369118088,103.576795205,0.0101940607501,64.1053486466,0.0149483741749,148.809272295,0.0149965943088,171.68973703,211.96847306,92.2063526969,92.2063476115,52.2141145318,0.0150183716753,0.014999627977,171.6945636,0.0149958604754,158.976885532,0.0222067935204,0.0159075890066,0.0152640800134,0.0180683424938
2011-06-28 14:00:00,0.0101052767763,92.2064404025,211.96854332,0.011394172896,0.01999564842,0.00117677780995,171.694532881,211.968546385,92.2062858303,211.966891057,103.576845617,58.4958250553,64.1053779745,0.0149929919249,183.714936002,0.0150036534953,171.689741679,211.968514518,92.2063552787,92.2063399525,52.2138000075,0.0150631205493,0.0150060210589,171.694597204,0.0149978207379,158.977278099,0.0222175404868,92.2052888571,0.021476030083,0.0184786881595
2011-06-28 15:00:00,0.0101555991767,211.968526743,211.968560866,0.0115303456654,59.9281527943,0.00117548550475,171.694584257,211.968549675,92.2063151725,211.968497923,238.10648583,58.4962648702,85.4735369801,0.0150440816706,183.714949412,0.0150140838752,171.68975541,211.968519531,92.2063574596,92.2063419618,52.2136059768,92.2061544414,0.0150079489871,171.694633258,0.0149985366332,211.96836744,0.0222937114734,92.2060907694,92.206536581,0.0200269481371
2011-06-28 16:00:00,110.38521027,211.968545124,211.96856241,215.037330222,59.9295352639,0.00117408990847,211.968522149,211.968549677,211.968456088,211.968521167,238.106741623,58.4962738319,85.473794776,226.165305615,183.714957439,0.0351765034429,211.96270627,211.968528762,92.2063984403,92.2063560206,52.2136933082,92.2062439539,147.152056775,211.96861935,0.0149993528324,211.968588362,113.834316893,211.967799954,211.967576219,92.2096348545
2011-06-28 17:00:00,110.385526082,211.968546757,211.968563651,215.037574776,59.9295403402,0.00117266527973,211.968545847,211.968548968,211.968540587,211.96852758,238.106755884,58.4963197895,85.4738063536,226.165712673,183.714961066,0.0352114792805,211.962739388,211.968536319,211.968551259,92.2152974417,52.2137372922,92.2062518842,147.152078844,211.968678608,0.0150046716665,211.968955345,113.83436276,211.967902166,211.968075318,122.943587803
2011-06-28 18:00:00,110.385535779,211.968545222,211.968562728,215.037593907,73.9870655871,0.00117129019628,211.968554552,211.96855222,211.968544792,211.968530003,238.106763296,77.9952652517,85.4738085188,226.165723307,183.714963286,0.0352134090199,211.96274353,211.968539785,211.968554643,211.968462588,52.2141519997,92.2062492548,147.152079448,211.968682946,0.0185167048099,211.968980128,113.834367545,211.9679322,211.96817092,122.944600588
2011-06-28 19:00:00,110.3855415,211.968543778,211.968560294,215.037602545,73.9870874538,0.00116994215426,211.968554761,211.968552965,211.968545615,211.968531332,238.106764925,77.9952724402,85.4738091593,226.165729911,183.714963693,0.0352148617751,211.962745442,211.968540731,211.968548682,211.968560107,52.2136675927,92.2062340294,147.152079731,211.968688594,0.0185171497424,211.968872563,113.834370104,211.967936902,211.968167594,122.944714884
2011-06-28 20:00:00,110.385541646,211.968543307,211.968555432,215.037603876,73.9870884672,0.0011684263664,211.96855087,211.968552256,211.968546226,211.968532089,238.106765086,77.9952753525,85.4738092701,226.165732093,183.714963047,0.0352152215633,211.962745863,211.968540481,171.694545562,211.968571524,52.2135653338,92.2061886477,147.15207974,211.968689266,0.0185173019074,211.968843927,113.834370927,211.967942464,211.968106734,122.944733769
2011-06-28 21:00:00,110.385539098,211.968540704,211.968558435,215.037603053,73.9870884785,0.00116697087596,211.968552245,211.968551961,211.968545925,211.968531808,238.106763446,77.9952758461,85.4738090267,226.165730313,183.714962301,0.0352153897647,211.96274595,211.968539656,171.694537784,211.968581348,52.2135538563,0.0151693121547,147.152079687,211.968687705,0.0185173363407,211.96905274,113.834371133,211.967941673,211.968061669,122.944582245
2011-06-28 22:00:00,110.38553681,211.968535087,211.968550934,215.037599428,73.9870880226,0.00116514201797,211.968540966,211.968550104,211.968545223,211.968531232,238.106761338,77.9952756663,85.4738092352,226.165727384,183.714961487,0.035215521521,211.962745522,211.968538137,171.694541854,211.968572816,52.2135358411,0.0150144071782,147.152079585,211.968689181,0.0185173088273,211.969029656,113.834370895,211.967936901,211.968049901,122.944077832
2011-06-28 23:00:00,110.38553424,211.96852861,211.96854914,215.037597456,73.987088133,0.0011637371726,211.968527973,211.968549162,211.968544682,211.968530598,238.106759545,77.9952754587,85.4738089081,226.165727014,183.714960772,0.0352154555972,211.962745088,211.968536083,211.96854451,211.968562377,52.2135229489,0.0150092003411,147.152079489,211.968687759,0.0185173160221,211.969023433,113.834370617,211.96793005,211.967988163,122.944008604
2011-06-29 00:00:00,110.385533122,211.96852458,211.968555871,215.037596701,73.987087818,0.00116229170027,211.968548025,211.968551046,211.968544953,211.968530286,238.106755037,77.9952753132,85.4738088207,226.165726238,183.714960883,0.035215404035,211.962745257,211.968533985,211.968591383,211.968551632,52.2135169533,0.015011032258,147.152079405,211.968686204,0.0185171933676,211.968941718,113.834370301,211.967895172,211.967916095,122.937436807
2011-06-29 01:00:00,110.385531037,211.968515113,211.96848751,215.037595786,73.9870881439,0.00116091268814,211.968547423,211.968549902,211.968544815,211.968530013,238.106757801,77.9952750193,85.4738084395,226.165725264,183.714961446,0.0352151956529,211.962744762,211.96853375,211.968590745,211.96855115,52.2135147764,74.6873166685,147.152079314,211.968685154,0.0185172660789,211.968983069,113.834370311,211.967882478,211.967838974,122.94483774
2011-06-29 02:00:00,110.385531597,211.968514788,92.2065800511,215.037594486,73.9870887203,0.0011595164323,211.968543197,211.968551291,211.968544112,211.968529667,238.106759502,77.9952745691,85.4738079774,226.165724973,183.714961368,0.0352150040691,211.962744373,211.96853319,211.968594796,211.968552024,52.2135127724,92.2062296672,147.152079232,211.968683407,0.0185173010566,211.96890215,113.834369946,211.967885465,211.967772735,122.944974872
2011-06-29 03:00:00,110.385534835,211.968531021,92.2067075217,215.037593689,73.9870894903,0.00115826250327,211.968538818,211.968551884,211.96854421,211.968529414,238.106760909,77.9952742752,85.4738085416,226.165723978,183.714962018,0.0352151290673,211.96274427,211.968533759,211.968619246,211.968549956,52.2135117735,92.206250945,147.152079117,211.968681024,0.0185173345098,211.968873058,113.834369221,211.967895072,211.967757334,122.945058845
2011-06-29 04:00:00,110.385537672,211.968537855,92.2065619056,215.037594172,73.9870902535,0.00115737253668,211.96852964,211.968552385,211.968545201,211.968528631,238.10676344,77.9952737305,85.4738083477,226.165725217,183.714962281,0.035214415482,211.962743793,211.968535655,211.968630418,211.968547819,52.2135114515,92.2062574938,147.15207899,211.968678962,0.0185173795793,211.968836321,113.83436816,211.967896192,211.967877889,122.945155481
2011-06-29 05:00:00,110.385531842,211.968531758,92.2065517681,215.037589916,73.9870900017,0.00115668298415,211.968511983,211.968553056,211.968544516,211.968513727,238.106758407,77.9952728944,85.4738093779,226.165723148,183.71495978,0.0352115042052,211.962739605,211.968535704,211.968632555,211.968553287,52.2135157886,92.2062630784,147.15207867,211.968670769,0.018517321019,211.968708907,113.834362696,211.967271899,211.967582437,122.945087439
2011-06-29 06:00:00,110.385256705,92.2063502888,113.83525834,215.026381901,73.9870892988,0.00115551116208,211.968469642,211.968553628,211.968534605,171.694527765,238.106689339,77.9952717687,85.4738064055,226.165436824,183.714943407,0.0347269447616,171.689831661,211.968532748,211.968629822,211.968554755,52.2136787028,92.2062765725,147.15207029,211.968461538,0.0185172004237,211.968788686,92.2058763685,92.2061559853,92.2089649148,92.2097281795
2011-06-29 07:00:00,0.0104661711065,92.2063217052,113.834871338,174.180454089,73.9870892026,0.00115431484055,211.968410992,211.968553178,92.2064942441,171.694515235,192.866478844,77.9952625115,85.4737920808,183.194244849,148.809216609,0.0155201218857,171.689823579,211.968489714,211.968583671,211.968556604,52.2136834158,92.206370178,64.0111420732,171.694591651,0.0185146362023,211.968467407,92.2058287039,92.2059934636,92.2067091823,92.2090286649
2011-06-29 08:00:00,0.0104265679968,92.2063168834,92.2063334578,174.180427899,73.9870889026,0.00115306537823,171.694522949,211.96855301,92.2064492626,171.69450841,178.582895439,58.4962412109,85.4733428934,183.194219086,148.809126102,0.0155134206524,171.689819502,171.694528685,92.2063816473,211.968528059,52.2135444986,211.968320244,64.0111400024,171.694566543,0.0149994115264,158.977283042,92.205803617,92.2052521821,92.2064902077,92.2087662274
2011-06-29 09:00:00,0.0100260435545,92.2063136905,92.2063279074,161.278526518,73.9870876493,0.00115166751332,171.694500902,211.968551554,92.2063165583,171.694504871,103.576460575,58.496216077,64.1054070131,169.62441498,148.809123222,0.015421310094,171.689736514,171.694521625,92.20635576,92.2076383443,52.2135138062,211.968374265,64.0110913521,171.694504389,0.0149980422109,158.976950385,0.0155521272335,0.0151375433923,92.2037016517,92.2082890132
2011-06-29 10:00:00,0.0100070129029,92.2063127814,92.2063255994,0.0101291652202,59.9303054756,0.00115073117183,171.694489034,211.968547716,0.0200085895433,171.694503189,103.576464459,58.496206361,64.1053756642,0.0101332946821,148.80912245,0.0147796401382,0.0149097692287,171.694518429,92.2063497126,92.2063533337,52.2135026378,211.968385467,0.0100043414836,167.80583589,0.0149974020772,158.97688746,0.0149660322875,0.0150580428742,0.0165516527605,0.0516638265142
2011-06-29 11:00:00,0.0100061877194,92.206316176,92.2063239598,161.278616423,59.9295418648,0.00114938804475,171.694474784,211.9685387,0.0200023829324,171.694501091,192.83551669,0.0148708900363,64.1053670678,169.624152076,148.809122135,0.0100807630359,92.206077784,171.694519988,92.2062359283,92.2063371244,52.213495669,211.968388134,0.0100023647604,0.017979682151,0.0149966829238,158.976835776,0.0149912613945,0.0150625462657,0.0214945462665,92.208461339
2011-06-29 12:00:00,0.010008383687,92.2063197544,92.2063202295,174.180441765,59.9295379779,0.0011480601184,158.976499449,211.968514498,92.2063195401,171.69450631,192.866470386,0.0100202812645,64.1053813106,183.194225131,148.809123103,0.0152709699607,171.689820831,171.694522895,92.206299666,92.2063440497,52.2135005817,211.96838334,0.0149861547081,171.693535941,0.0149961387024,158.976953276,92.2057996065,0.0151283970472,92.2065931804,92.2089884419
2011-06-29 13:00:00,0.0101068493492,92.2063240703,92.2063080295,174.180463732,0.0200030127556,0.00114681496941,92.2063260368,158.976603495,92.2063852454,171.694509202,192.86648165,0.010046022081,64.1054669637,183.194238988,148.809125486,0.015509864785,171.689834177,171.694525424,92.2063294273,92.2063344707,52.2134965291,211.968341116,64.01112112,171.694552188,0.0149961957218,158.97683438,92.2058270238,92.2055178975,92.206668546,92.2094310063
2011-06-29 14:00:00,0.0104380138202,92.2063423172,92.2063064155,174.180484516,0.019997486665,0.00114536053526,92.2063090365,158.976513574,92.2064770275,171.694517526,211.967724564,58.4961093938,85.473785548,183.194256464,148.809143609,0.015517069996,171.689966324,171.694532553,92.2063499081,92.206336902,52.2134961066,211.968335856,64.0111402434,171.694582722,0.0149971628104,158.976820769,92.2058552627,92.2060085261,92.2078120646,92.2097980142
2011-06-29 15:00:00,0.0105083535852,211.968520807,92.2063221243,174.180666939,0.0200126870479,0.00114396866452,92.2063411295,158.976891484,92.2065655655,211.968496815,238.106727159,58.4962106549,85.4738042156,183.194413257,183.714939494,0.0155285050915,211.967784836,211.967962706,92.2063548653,92.206276879,52.2134984197,211.968394817,64.0111436537,171.694660679,0.0149978009092,158.976827959,211.967891107,92.2061224293,92.23744692,211.968482261
2011-06-29 16:00:00,110.385629287,211.968546102,92.2063270682,215.037771845,59.929540678,0.00114262139173,171.69448512,211.968546818,211.968537063,211.968535361,238.10678899,58.4962187072,85.4738076774,226.165935339,183.714958807,0.0348432476056,211.967829946,211.96853039,92.2063567079,92.2063267319,52.2135049522,211.968398907,147.152077827,223.743737968,0.0149986600963,158.976887124,211.968163604,211.967648891,211.968443222,237.975754784
2011-06-29 17:00:00,110.385702195,211.96854879,92.2064933113,215.037837615,59.9295689337,0.00114123111304,211.968489398,211.968552994,211.968549244,211.968538503,238.106797865,58.4963469339,85.4738085836,226.165982942,183.714962428,0.0348569229127,211.967837278,211.968539321,92.207824286,92.206354741,52.2135136074,211.968404973,147.152082068,223.744136149,0.0150019981742,211.968042838,211.968180607,211.96792181,211.968594049,237.975895852
2011-06-29 18:00:00,110.385707479,211.968546121,211.968549918,215.037849493,73.9870990368,0.00113991287644,211.968564644,211.968555376,211.968551636,211.96854008,238.106805291,134.474209317,85.4738090454,226.165990283,183.714964028,0.034858257175,211.967839149,211.968542488,113.834998391,211.96849348,52.2135316537,211.968409815,147.152082507,223.744149863,0.0185160693401,211.968965937,211.968185503,211.967953186,211.968550145,237.975894426
2011-06-29 19:00:00,110.385712118,211.968545507,211.968557483,215.037856561,170.085235159,0.00113854949394,211.968566472,211.968556204,211.968553016,211.968540914,238.106804919,134.474217448,85.4738094733,226.165995876,183.71496266,0.0348593112365,211.967840689,211.968543246,113.835001495,211.968542342,52.2135130906,211.968405023,147.152082721,223.744160976,0.0185166759092,211.968904327,211.968187876,211.967970013,211.968575781,237.975881129
2011-06-29 20:00:00,110.385712314,211.968546214,211.968559738,215.037856383,170.085257845,0.00113706429532,211.96857025,211.968556364,211.968553409,211.968541343,238.106803461,134.474220323,85.4738092245,226.165997601,183.714961505,0.0348594071772,211.967841297,211.968542651,113.835002104,211.968555153,52.2135079265,211.968395668,147.152082723,223.744163578,0.0185168489257,211.968964526,211.968188559,211.967982693,211.968585338,237.975885826
2011-06-29 21:00:00,110.385709737,211.968545819,211.968559838,215.037854569,170.085259579,0.00113564293918,211.968571596,211.968556343,211.968552961,211.968541001,238.106801709,134.474220913,85.4738088226,226.165996024,183.714960263,0.0348594523737,211.967841487,211.968541207,113.834887375,211.96856196,52.213509112,211.96824267,147.152082682,223.744162938,0.0185169575797,211.968976578,211.968188611,211.967990348,211.968527006,237.975893875
2011-06-29 22:00:00,110.385707515,211.968544798,211.96855887,215.037851219,170.085259641,0.0011338113242,211.968571609,211.968555774,211.968552463,211.968540069,238.106798863,134.474220783,85.4738093979,226.165992221,183.714960132,0.0348593955548,211.967841278,211.968539288,92.2063742524,211.968558213,52.2135052614,92.2062862148,147.152082599,223.744166623,0.0185170115846,211.968865794,211.968188246,211.967985656,211.968516585,237.975887633
2011-06-29 23:00:00,110.385705238,211.968543956,211.968557708,215.037847566,170.085260053,0.00113228903652,211.968571324,211.968555261,211.968552233,211.968539087,238.106796957,134.474220632,85.4738096141,226.165990736,183.714961082,0.0348591882964,211.967840859,211.968536518,92.206363924,211.96855307,52.2134976109,92.2062682219,147.152082522,223.744165499,0.0185171146543,211.968926055,211.968187608,211.967963835,211.968451829,237.975872178
2011-06-30 00:00:00,110.385705179,211.968541008,211.968556036,215.037845641,170.085259518,0.00113091529024,211.968571031,211.968554562,211.968551871,211.968538652,238.106795824,134.47422022,85.4738090054,226.165990633,183.714962691,0.0348586055498,211.967840553,211.968534344,92.2063575149,211.968550754,52.2134965183,92.2062630182,147.152082372,223.744165384,0.0185170650717,211.968975051,211.968187197,211.967845321,211.968431479,237.975807853
2011-06-30 01:00:00,110.385702637,211.968540208,211.968556741,215.037843451,170.085259732,0.00112957125587,211.96857128,211.968554641,211.968551709,211.96853815,238.106794941,134.474219972,85.4738086286,226.165989087,183.714962859,0.0348581625974,211.967840092,211.968532919,92.206358779,211.968544713,52.2134945855,92.2062603046,147.152082308,223.744166021,0.0185171934881,211.968859123,211.968186508,211.967720627,211.968389125,237.975732195
2011-06-30 02:00:00,110.385703437,211.96854018,211.968557115,215.037843384,170.085260107,0.00112822830496,211.96857114,211.96855459,211.968551116,211.968537453,238.106794725,134.474219749,85.4738082579,226.165987296,183.71496298,0.0348578675831,211.967839596,211.96853184,92.2063622014,211.968542038,52.2134913009,92.2062548865,147.152082251,223.744166319,0.0185172664233,211.969034961,211.968185495,211.9672798,211.968390823,237.975742692
2011-06-30 03:00:00,110.385706489,211.968542179,211.968557182,215.037842323,170.085260629,0.00112706370219,211.968571714,211.968554317,211.968550909,211.968536563,238.106795455,134.47421939,85.4738090186,226.165987567,183.714963265,0.034858014246,211.967838915,211.968532094,92.2068170834,211.968544445,52.2134881137,92.2062491377,147.152082159,223.744167845,0.0185173732725,211.968989347,211.968183898,211.967740681,211.968497725,237.975952039
2011-06-30 04:00:00,110.385710111,211.968542691,211.968558261,215.03784627,170.085261158,0.00112624881887,211.968573057,211.96855438,211.968551131,211.968535093,238.106797481,134.474218822,85.4738086552,226.165988257,183.714963244,0.0348566427437,211.967837891,211.9685332,113.835006083,211.968542242,52.2134883702,92.2062519743,147.15208205,223.744169344,0.0185174339522,211.969053506,211.968181536,211.967893466,211.968648577,237.976018099
2011-06-30 05:00:00,110.385705694,211.968523974,211.968559334,215.037842504,170.085261312,0.00112537928175,211.968574383,211.968554908,211.968550375,211.968522161,238.106784977,134.47421813,85.4738094821,226.165990137,183.714959027,0.0348523493856,211.96783309,211.968526903,122.941759888,211.968546296,52.2134973351,92.2062568178,147.152081753,223.744171918,0.0185173933787,211.969101995,211.968171343,211.967815981,211.968767554,237.976015517
2011-06-30 06:00:00,110.385633041,92.2067546601,211.968552552,174.180825948,170.085260042,0.00112429277747,211.968571275,211.968555918,211.968544112,171.694523801,211.968596225,134.474217271,85.473809578,226.165402257,183.714949421,0.0152914116015,211.967720388,211.967182119,92.2066236799,211.968564804,52.214174101,92.2062680925,147.152078083,223.743991937,0.0185172762549,211.969055719,211.967893952,211.967586997,211.968597877,237.975593502
2011-06-30 07:00:00,0.0150838079841,92.2063225291,211.968483333,174.180661833,170.085238907,0.00112310690006,211.968553064,211.968555875,211.968491898,171.694512067,192.86649327,134.474208277,85.4738073033,183.194462148,183.714912003,0.0143667284062,0.0150010291139,171.694524951,92.2063574712,211.968564282,52.2141939279,92.2062663053,110.364072244,181.23280962,0.0185152447182,211.968482469,171.675995029,171.693980034,211.96844311,178.482520662
2011-06-30 08:00:00,0.0149975606655,92.2063177707,92.2063650171,174.180622928,73.9870922365,0.00112209152946,171.694552485,211.968555505,92.2063248178,171.694505919,192.866470838,100.855931905,85.4738022035,183.194450805,148.8091263,0.0143387607541,0.0149825931474,171.694514673,92.206356593,211.968561001,52.2141028262,92.2062628205,110.364069959,181.232779797,0.0149989300243,158.977109087,171.67597515,171.693325237,211.968175144,178.482001156
2011-06-30 09:00:00,0.0149819189455,92.2063149074,92.2063451605,174.180627982,73.9870887885,0.00112076027274,171.6945424,211.96855334,92.2063103608,171.694501515,178.57762079,100.855914097,85.4738004755,183.194448979,148.809121661,0.0143346827792,0.0149797718387,171.694508589,92.2063560718,211.968550572,52.2135640931,92.2062585932,110.364064146,181.23276857,0.014997608695,158.976896566,171.675966504,92.2062041656,171.6961361,178.481594934
2011-06-30 10:00:00,0.0149756620661,92.2063120373,92.2063280594,174.180633617,73.98708685,0.00111941467529,171.694535412,211.968529126,92.2062977174,171.694501312,103.576474135,100.855903931,85.4737976534,183.194453616,148.80912025,0.0143328623095,0.014982694131,171.694507171,92.206354929,211.968544153,52.2134977937,92.2062548461,0.0149986985163,181.232754582,0.014996348479,158.976856118,171.675941868,92.2061687095,171.694499027,103.519974787
2011-06-30 11:00:00,0.0149928358941,92.2063142273,92.206326748,174.180661857,73.9870819829,0.00111805671382,171.694544085,92.2063307083,92.2062947014,171.694503597,103.57650113,58.4962740913,85.4737826447,211.968487791,148.809120003,0.0143341506214,0.0149849646907,171.694507081,92.2063538697,211.96853151,52.2134849575,92.2062528889,0.0102623897143,181.232793624,0.0149797273842,158.977141292,158.967024395,92.2061707416,171.694590208,178.481659273
2011-06-30 12:00:00,0.0149993255402,92.206317265,92.2063273499,174.180670428,73.986998486,0.00111675425814,171.69454775,92.2063241151,92.2062957097,171.69450898,192.866407454,0.0100554453212,64.1055714451,226.165799033,148.809120581,0.0143356904584,0.0149766045043,171.694509113,92.2063525867,211.968519832,52.213484159,92.2062339152,0.0150000620727,211.96891893,0.0148558082801,211.968489703,171.675940281,92.2062028166,171.69541975,178.482078123
2011-06-30 13:00:00,0.014992874395,92.2063214875,92.2063245474,215.036714889,0.0199984585626,0.00111532410935,171.694545268,92.2063226259,92.2062989135,171.694512911,192.866489676,0.0149828006402,64.1054218736,226.165966197,148.809120615,0.0143388810777,0.0149762784896,171.694506895,92.2063522104,211.967915218,52.2134741667,0.0150280965911,110.36405995,223.744162431,0.0149886778574,158.97707896,171.675974559,171.69308474,211.968070781,178.482239066
2011-06-30 14:00:00,0.0149927835046,92.2063358374,92.2063267357,215.03750281,0.0199982486513,0.0011139704878,171.69455447,92.2063224167,92.2063189511,171.694519705,211.967563426,100.855800542,64.1054335859,226.165937986,148.80912611,0.0149897090848,0.014978993004,171.694510376,92.206354811,211.968487448,52.2134683816,0.0150082550913,110.364069789,223.744151247,0.0149964833538,158.977035724,171.676028512,171.693964856,211.968493674,211.968255777
2011-06-30 15:00:00,0.0150033790801,211.968508561,92.2063340535,215.037825238,73.9870803479,0.00111252724213,171.694824564,92.2063228935,113.834668355,211.968502864,238.106755378,100.855909849,85.4733893792,226.165955847,183.714921553,0.0149986479667,0.0150177482399,171.694525315,92.2063574555,211.968491483,52.2134663637,0.0150102374803,110.364071643,223.744152719,0.0149976934513,211.968449361,211.945618111,211.967916291,211.968895321,237.976097337
2011-06-30 16:00:00,0.0150386654587,211.968545931,92.2063584536,215.037848686,73.9870878948,0.00111146382948,211.968526075,92.2063255652,113.834931509,211.968536249,238.106800064,100.855918137,85.4737957781,226.165968403,183.714955951,0.0150006647641,0.0184481703799,211.968517459,92.2064934585,211.968523053,52.2134656242,0.0150150691518,147.152070549,223.744163158,0.0149992544755,211.968574392,211.94563718,211.96806495,211.969141988,237.976207571
2011-06-30 17:00:00,0.0180909524334,211.968548464,211.96851717,215.037861715,73.9870919125,0.00111014067865,211.968557508,211.9685451,113.834933195,211.968539455,238.106807841,134.473402093,85.4738063665,226.16598181,183.714959432,0.0150024755466,0.0184743641189,211.96852689,211.968550397,211.968546336,52.2134652439,0.0150719618663,147.15207571,223.74416876,0.0150378200586,211.968641467,211.945642034,211.96808852,211.969172439,237.976254813
2011-06-30 18:00:00,0.018442100154,211.96854658,211.968550767,215.037866617,170.085258461,0.00110889604474,211.968572564,211.968556129,113.834929423,211.968541262,238.106812242,166.017428767,85.4738081986,226.165989082,183.714961409,0.015051909287,0.0184768986127,211.968530154,211.968552435,211.968582259,52.2134709676,0.0183134998867,147.152076194,223.744171808,177.624963582,211.96907402,211.945642546,211.968067254,211.969127532,237.976271535
2011-06-30 19:00:00,0.0184530825887,211.968546295,211.968541229,215.037867767,170.085260942,0.00110746855479,211.968572539,211.968556541,113.834924753,211.968541663,238.106811921,166.017436647,85.4738088965,226.165989253,183.714961286,0.0152594183494,0.0184743451298,211.968530355,211.968553475,211.968603786,52.213468469,0.0188644505078,147.152076419,223.744172538,177.62496489,211.969067413,211.94564238,211.968055738,211.968986884,237.976274976
2011-06-30 20:00:00,0.0184491020059,211.968547437,211.968543818,215.037864207,170.085262231,0.00110596823474,211.968573908,211.968556524,113.834903596,211.968542127,238.106810727,166.017439601,85.4738090245,226.165986257,183.714960075,0.0175343821732,0.0184691261931,211.968529429,211.968553792,211.968604689,52.2134689142,0.0181640134012,147.152076425,223.744168847,177.624965292,211.969074094,211.945641384,211.968042945,211.968716256,237.976253962
2011-06-30 21:00:00,0.0182197455901,211.968547154,211.968545543,215.037860116,170.085262538,0.00110454166864,211.968573195,211.968556644,92.2063274973,211.968543005,238.1068086,166.017440228,85.4738082774,226.165979805,183.714958123,0.0176489101567,0.0184637160852,211.968528182,211.968551994,211.968611156,52.2134696707,0.0153506954868,147.152076391,223.744164104,177.624965454,211.969057459,211.945640221,211.968029157,211.968556588,237.976227258
2011-06-30 22:00:00,0.0151584279204,211.96854606,211.968540246,215.037853605,170.085262426,0.00110303629566,211.968571482,211.968556201,92.2063209673,211.968542474,238.106804301,166.017440008,85.4738086401,226.165972055,183.71495643,0.0176773038556,0.0184241165038,211.96852656,211.968552132,211.968609189,52.2134653828,0.0150997519556,147.152076316,223.744155788,177.624965517,211.969024144,211.945638985,211.968009614,211.968565497,237.976213423
2011-06-30 23:00:00,0.0151072746903,211.968545048,211.968534497,215.037847578,170.08526256,0.00110150733714,211.968569423,211.968555874,92.2063195391,211.968541677,238.106800777,166.01743972,85.4738087494,226.165966788,183.714955267,0.0176826398543,0.0170637269559,211.968523569,211.968551442,211.96859904,52.2134601,0.0150380472251,147.152076244,223.74415114,177.624965571,211.969053563,211.945637114,211.967995164,211.968524624,237.976204833
2011-07-01 00:00:00,0.0152125121026,211.968543525,211.968489518,215.037842138,170.085262205,0.00110008482757,211.968569429,211.968555533,92.2063206981,211.968540926,238.10679161,166.017439437,85.473808481,226.165947833,183.71495253,0.017689210098,0.0151369723631,211.968522202,211.967309368,211.968586148,52.2134592837,0.0150429999247,147.152076215,223.744146006,177.624965477,211.969035487,211.945635418,211.967965717,211.968568856,237.976215459
2011-07-01 01:00:00,0.0173653178157,211.968543596,211.968478456,215.037838039,170.085262442,0.00109877906223,211.968567611,211.968555457,92.2063192128,211.968540376,238.106794827,166.017439179,85.4738081469,226.165944709,183.714951904,0.0176914603777,0.0151513492207,211.968520232,211.968469036,211.968578364,52.2134550437,0.0150205384391,147.152076118,223.744140401,177.624965613,211.969006503,211.945634183,211.967924157,211.968569899,237.976208794
2011-07-01 02:00:00,0.0184319516007,211.968545537,211.968495485,215.037833942,170.085262687,0.00109742698798,211.968565379,211.968555437,92.206314188,211.968539957,238.106797715,166.017438826,85.4738076048,226.165939903,183.714951286,0.0176925652494,0.0162207375357,211.96851928,211.968538828,211.968575228,52.2134536052,0.0150149470836,147.152075994,223.744137644,177.624965714,211.968957628,211.945632198,211.967927607,211.968545305,237.976209416
2011-07-01 03:00:00,0.0184517096672,211.968548476,211.968495249,215.037825424,170.085262871,0.00109624501648,211.968564105,211.968555386,92.2063070295,211.968539552,238.106801833,166.017438477,85.4738083012,226.165929838,183.71495211,0.0176934648553,0.0184011360364,211.968519228,211.968545624,211.968574933,52.2134526974,0.0150097140757,147.152075868,223.744130601,177.624965816,211.968972009,211.945629622,211.967919731,211.968549826,237.976219076
2011-07-01 04:00:00,0.0184554131576,211.968549961,211.968504988,215.037816967,170.085263112,0.0010955197885,211.968564007,211.968555602,92.2063109448,211.968538154,238.106809045,166.017438119,85.4738082699,226.165909686,183.714951954,0.017692667488,0.0184245565816,211.968519099,211.968549126,211.968572417,52.2134523853,0.0150087298914,147.152075725,223.744130839,177.624965907,211.96893123,211.945624972,211.967836894,211.968601098,237.97622633
2011-07-01 05:00:00,0.0184436724496,211.968548067,211.968507215,215.037790023,170.085263204,0.00109471717293,211.968563579,211.968556402,92.2063127746,211.968524148,238.106798861,166.017437634,85.4738084561,226.165849262,183.714945197,0.017690298461,0.0151131184249,211.968517439,211.968548673,211.968578975,52.2134556127,0.0150131764834,147.152075367,223.744106413,177.624965961,211.968915102,211.945605758,92.216112011,211.968555423,237.976188016
2011-07-01 06:00:00,0.0149960070637,211.968540283,92.2063506121,174.181732988,170.085262394,0.00109362555885,211.968560713,211.968557748,92.2062125298,171.694540754,238.106719033,166.01743766,85.4738055164,73.7837047117,183.714922724,0.0150037997392,0.0149709399397,211.968510031,211.968466773,211.968597949,52.2135004642,0.0150122412644,147.152071196,211.968557608,177.624965954,211.968800054,92.2060637883,92.2061771848,211.967866695,237.975886031
2011-07-01 07:00:00,0.0121523743784,211.968350068,92.2063214328,174.18018854,170.085254413,0.00109237875815,211.968454665,211.968557679,92.2062075043,171.694521521,211.968544195,166.017433257,85.4737878849,73.7836074343,148.809120806,0.0143349685238,0.0149387782832,211.968404274,92.20635508,211.968612177,52.2141526252,0.0150134370803,110.364038463,171.694607886,177.624964691,211.968226765,92.2058372682,92.2060207416,92.2148806383,211.968067832
2011-07-01 08:00:00,0.0113596771468,92.206327477,74.6871491309,174.180139276,73.9870967998,0.00109111425853,92.2063375889,211.968557626,92.2062049096,171.694516595,192.866543717,134.474155506,64.1055143028,73.7835865534,148.809112451,0.0143294632692,0.0149339177374,171.694529759,0.020031086148,211.968614965,52.2141892207,0.0150146839005,110.364036334,171.694568793,143.876222937,158.976713521,92.2058252843,92.2057358405,92.2101462783,103.519696699
2011-07-01 09:00:00,0.0112766373873,92.2063219751,0.020001636235,174.180075445,73.9870904798,0.00108979336935,92.2063216217,211.968556798,92.2062033237,171.694513915,192.866519641,134.474117843,64.1053689237,73.7832973565,148.809109619,0.0143275857224,0.0149257599567,171.694500055,0.0200026619733,211.968605882,52.2141940159,0.0150106490251,110.364034302,171.694466834,143.876221637,158.976608961,92.2057901408,0.0155499137825,92.2067403695,103.519467194
2011-07-01 10:00:00,0.011275079074,92.2063182547,0.019997428439,0.010215363999,73.9870888139,0.0010884755855,0.0151161573552,211.968556703,92.2062021804,171.694513474,192.866507703,134.474112845,64.1053249581,0.0101937099055,148.809107814,0.0143272004505,0.0144996144635,171.694494728,0.0199999136818,211.968584871,52.2141762765,0.0150079553003,0.0150488261179,0.0105037738382,143.876220803,158.97656142,0.0165196089788,0.0152626751533,92.2066754635,0.0201246977475
2011-07-01 11:00:00,0.0112951293669,92.2063189479,0.0199962621861,0.0100447832442,73.9870848236,0.00108719447274,92.2063132453,211.96855666,92.2062021879,171.69451442,192.866487767,134.474091532,64.1052349207,0.0100454809801,148.809107777,0.0143263765122,0.0100090956539,171.69449015,0.0200002364363,211.968583619,52.2140697057,0.0150068185477,0.0150009437785,0.0105527124837,143.876217791,158.976587366,0.0150422396658,0.0154380137361,92.2066879006,0.0201900822643
2011-07-01 12:00:00,0.0113260251477,92.2063344503,0.0200038930741,0.0100785911262,73.9870817267,0.00108588475043,92.2063301564,211.968556928,92.2062028658,171.694513543,192.866507017,124.513186979,64.1053088658,0.0146149038843,148.80910886,0.0143285798773,0.0100191839653,171.694486608,0.0200015028563,211.968588835,52.2141960319,0.0150069371023,0.015003117757,171.6945498,143.876208237,158.976630607,0.0150607240625,92.2060273251,92.2065857487,0.0200807190391
2011-07-01 13:00:00,0.012155074937,211.968526654,0.0200089087375,161.278246416,73.9870806708,0.00108452546407,92.206179174,211.96855711,92.2062037693,171.694515007,192.866520873,134.473941861,64.1053408943,73.7835719623,148.809110064,0.0143301778896,0.0149302365775,171.694489572,0.0200050267052,211.96859807,52.2135990896,0.0150051852073,110.364018471,171.694613664,143.876218841,158.976570329,92.2058029741,92.2061883809,92.2065703715,0.0201760176114
2011-07-01 14:00:00,0.0121955094286,211.968541106,74.6871674778,174.18012802,73.9870850031,0.0010831787636,92.2063214765,211.968557572,92.2062057414,171.694519179,192.868721359,134.474106052,64.10537237,73.7836015219,148.809113176,0.0143372680011,0.0149388148519,171.694493923,0.0200055397426,211.96860391,52.2134815484,0.0150050817727,110.36403606,171.694590687,143.876220525,158.976597149,92.2058298731,92.2065056723,92.2083115755,103.519475254
2011-07-01 15:00:00,0.0149823517876,211.9685466,74.6871729692,174.180175709,73.9870890548,0.00108177315781,92.2063308531,211.968557719,92.2062077503,211.968318572,238.106777624,134.474113947,85.4735542004,73.7836971309,183.714890181,0.0149840834515,0.0149666317944,171.69450165,0.0200247730418,211.968603414,52.2134654545,0.0150066520742,110.364037581,211.968417194,143.87622169,158.976650152,92.2058639068,211.967779058,187.024970553,103.519676443
2011-07-01 16:00:00,0.0149993084222,211.968549388,92.2063129626,215.037186717,73.9870912899,0.00108036677355,92.2063441319,211.968558061,92.2062162823,211.968530435,238.106816552,134.474119463,85.4737905915,98.3813120537,183.714945664,0.0152377506344,0.0151346577102,211.9684965,0.0200709207532,211.968607062,52.2134652384,0.0150092838434,147.152016435,211.968597307,143.876222983,211.967658069,211.96804339,211.96806161,211.967989248,103.519829279
2011-07-01 17:00:00,0.0150076765325,211.968550174,92.2063304472,215.03723614,73.9871157495,0.00107910130769,211.968455336,211.968558698,92.2063090722,211.968533636,238.106822711,166.01734686,85.4738030138,98.3813634635,183.714947491,0.0176899424695,92.2077496781,211.96851072,31.9309741462,211.968612437,52.2134588907,0.0150146479209,147.152024591,211.968613372,177.624960408,211.96856117,211.968125722,211.968075037,211.968334064,138.025764633
2011-07-01 18:00:00,0.0150076660414,211.968549479,92.2064580107,215.037243548,170.085259929,0.00107777676637,211.968559134,211.968558882,92.2063166061,211.968534325,238.106827981,166.01743165,85.4738058945,98.381371085,183.714949433,0.0176902718781,92.2077547662,211.968511953,92.2063501896,211.968613916,52.2134564625,0.0151055685655,147.152025179,211.968617084,177.6249722,211.968779172,211.968132986,211.967977284,211.968254611,138.025484063
2011-07-01 19:00:00,0.0150088506647,211.968548842,92.2064382911,215.037247498,170.085260555,0.00107640650521,211.968562194,211.968558895,92.2063164024,211.96853469,238.106826847,166.017434243,85.4738067211,98.3813750244,183.71494941,0.0176903883093,92.207756842,211.968512626,92.2063409078,211.968614306,52.2134400745,0.015060702211,147.152025409,211.968617866,177.62497304,211.96877601,211.968136103,211.967979094,211.968340623,138.026090563
2011-07-01 20:00:00,0.0150087464831,211.968549566,92.2064392595,215.037245864,170.085261662,0.00107502212539,211.968564731,211.968558774,92.2063070119,211.968534528,238.106824971,166.017436237,85.473807096,98.381375853,183.714948544,0.0176897935035,92.2077573616,211.968512018,31.9310555754,211.968611308,52.21343404,0.0150217892121,147.152025408,211.968616293,177.624973439,211.968782082,211.968137459,211.967959886,211.968366504,138.026090742
2011-07-01 21:00:00,0.0150061977241,211.968549309,92.2064443303,215.037243948,170.085262195,0.00107362126067,211.968565296,211.968558729,92.2062146498,211.96853351,238.106822005,166.017436371,85.4738063082,98.3813741249,183.714947769,0.017688956554,92.2077575114,211.968510643,31.930976558,211.968612399,52.2134337568,0.01501399101,147.152025394,211.968613288,177.624973641,211.968761368,211.968137744,211.96792719,211.968286342,138.026083918
2011-07-01 22:00:00,0.0150038653163,211.968548403,92.2064423632,215.037241046,170.085262014,0.00107214194715,211.968564567,211.968558205,92.206211872,211.968531793,238.106818315,166.017435939,85.4738063161,98.3813715831,183.714946822,0.0176877969167,92.20775688,211.968509131,31.9309705218,211.968607939,52.2134299476,0.0150132519012,147.152025322,211.96860979,177.624973684,211.968750518,211.96813747,211.967862694,211.968072409,138.026037819
2011-07-01 23:00:00,0.0150012053671,211.968547859,92.2064396678,215.03723743,170.085262193,0.00107064245977,211.968564179,211.968557671,92.2062118989,211.968529829,238.106814465,166.0174355,85.4738062077,98.381370649,183.714945915,0.0176867922682,92.2077561839,211.968506484,31.9309636619,211.968597177,52.2134226656,0.0150184963121,147.152025248,211.968606267,177.624973679,211.968743645,211.968136752,211.967749083,211.967861966,138.025958059
2011-07-02 00:00:00,0.0149974713591,211.968548191,92.206403955,215.0372343,170.08526182,0.00106924506482,211.968563806,211.968557393,92.2062117207,211.968527911,238.10681006,166.017434993,85.4738073224,98.3813679817,183.714944335,0.0176873968844,92.2077558213,211.968503888,31.9309299028,211.968582334,52.2134119286,0.0150176898089,147.152025152,211.968603494,177.624973652,211.968736872,211.968136601,211.967591865,211.967657127,103.520197613
2011-07-02 01:00:00,0.0149933746221,211.968547565,92.2063605561,215.037231662,170.085261551,0.00106786566511,211.968563542,211.96855725,92.2062130574,211.968526159,238.106809196,166.017434402,85.4738068155,98.381367024,183.714943008,0.0176869948023,92.2077565026,211.968501881,31.9308314604,211.968575619,52.2133476185,0.0150341163527,147.152025074,211.968600186,177.624973636,211.968729838,211.968136192,211.967267985,211.967147643,103.522584189
2011-07-02 02:00:00,0.0149921540456,211.968547226,92.2063331048,215.037228214,170.085261553,0.00106652739579,211.96856303,211.968557187,92.2062139897,211.968523515,238.106808082,166.01743377,85.4738058853,98.3813674823,183.714940937,0.0176857364475,92.2077569545,211.968499901,0.0201977415427,211.968572236,22.7131784898,0.0156126317285,147.152024991,211.968596734,177.624973574,211.968701359,211.968135251,211.966879949,211.965558393,138.025785311
2011-07-02 03:00:00,0.0149910646233,211.968547632,92.2063284376,215.037224463,170.08526168,0.00106514811227,211.968562109,211.968557132,92.206221525,211.968519348,238.10680576,166.017432911,85.4738056932,98.381364975,183.714939706,0.0176836827451,92.2077564196,211.968497144,0.0200187611706,211.968570929,22.7131571572,0.0153004406371,147.152024842,211.96858923,177.624973496,211.96864193,211.968133802,211.966585347,92.2078285904,138.025939217
2011-07-02 04:00:00,0.0149902191204,211.968547581,92.2063273287,215.03721661,170.085261694,0.00106402869921,211.968561461,211.968557142,92.2062224814,211.968508607,238.10680773,166.017431683,85.4738051975,98.3813618256,183.714938064,0.0176720102071,92.2077544589,211.968492669,0.0200075085209,211.968566754,18.402447197,0.0151014667257,147.152024595,211.968583984,177.624973384,211.968637829,211.968131047,211.963875502,92.2069961974,138.025967094
2011-07-02 05:00:00,0.0149820499265,211.96854458,92.2063265511,215.037205368,170.085261457,0.00106302218399,211.968560371,211.968557526,92.206219327,92.2057920436,238.106790453,166.017429738,85.4738029046,98.3813533211,183.71492592,0.015154728061,92.2077500944,211.968472369,0.0200054626293,211.968568571,22.7075451436,0.0168931340927,147.152024017,211.968565349,177.624973265,211.968607661,211.968125366,92.2061753324,92.2066523953,138.025952199
2011-07-02 06:00:00,0.0145686385008,211.968533984,92.2063263357,215.037157685,170.085259105,0.00106197422694,211.968552087,211.968558256,92.2062873844,0.0100723587208,211.968572783,166.017426732,85.4737751276,98.3813025307,148.809110879,0.0149930214777,74.6883179009,211.968373822,0.0200018965032,211.968573314,22.7131633206,0.015008063782,147.152008521,211.968032309,177.624972939,211.968492693,171.694432338,92.2060726809,0.015105138058,103.52053498
2011-07-02 07:00:00,0.010060035522,211.968358175,92.2063159478,174.179883668,73.9871226277,0.00106094028743,211.968283827,211.968558165,92.206224436,0.0100595908075,192.866505845,166.017387738,64.1052432735,79.6888700231,148.809089553,0.014327276787,74.6882875215,171.694363264,0.0200000869363,211.968575071,22.7131815452,0.015005682625,0.0150071706009,171.693177785,177.624967991,211.954475647,171.69418629,0.0150338579335,0.0150113922561,103.519722531
2011-07-02 08:00:00,0.0100144042883,92.2063320589,74.6872001595,174.179814656,73.9870912363,0.0010598642378,92.206344698,211.968558105,92.2062224268,0.010017262698,192.866489925,0.0149600992437,64.1050362656,79.6888284824,148.809085227,0.0143234342174,74.6882844175,171.694332304,0.0199994697095,211.968566519,22.7131862443,0.0150039903201,0.0150052141358,171.693130143,0.0150214334254,158.976410711,171.694174656,0.0150006003251,0.0150002410872,103.519555558
2011-07-02 09:00:00,0.0100042973917,92.206324003,92.2058348336,161.277964936,73.9870894247,0.00105848476695,92.2063306999,211.968557652,92.2062300879,0.0100060259658,178.580233822,0.0149321488387,0.0100632636714,73.7852768145,148.809076698,0.0143069546982,74.6882574763,171.694317116,0.0199990149383,211.968549371,22.7131668598,0.0150058782284,0.0150005968901,0.0108312184648,0.0150185441956,158.976325548,158.977943302,0.0149895380259,0.0149889069535,103.519414479
2011-07-02 10:00:00,0.0100029160376,92.2063201294,92.2062315587,93.5388308498,73.9870880801,0.00105718783119,92.2063213898,211.968557403,92.2062796891,0.0100052650618,103.576465978,0.0149205252168,0.0100115512823,73.7862853675,79.9161155569,0.0141941308352,0.0150639094481,0.0100518346916,0.0199987733125,211.968518609,0.0152593938977,0.015012152446,0.0149874439584,0.010040799321,0.0150076371062,158.976266636,158.976330642,0.0149856820389,0.0149875016062,103.517977073
2011-07-02 11:00:00,0.0100035106195,92.2063178082,74.6871882416,174.179619031,73.9870814226,0.00105585469768,92.2063209755,211.968557141,92.2063142034,0.0100076370606,103.576467613,0.010082078091,0.0100093515876,73.7861724492,148.80893437,0.0143085306041,74.6882820972,171.694315703,0.019998852968,211.968447721,0.0150174563102,0.0150120004095,0.0149944466233,0.0100479964046,0.0149879672366,158.976194878,158.97635192,0.0149871629195,0.0149922513921,103.519433583
2011-07-02 12:00:00,0.0100064761924,92.2063190535,74.6872061096,174.179801353,73.9870763927,0.00105454546148,92.2063316437,211.968557222,92.2063208735,0.0100242712384,192.866437621,0.0100145251675,0.0100106973146,73.7862334058,148.809080226,0.0143228664163,74.6882869235,171.694328086,0.0199992604042,211.967316959,22.7131666555,0.0150228301498,0.0149981585298,171.693099301,0.0149149508821,158.976239255,171.69415875,0.0149945288975,0.0150335448136,103.519661315
2011-07-02 13:00:00,0.0100239915081,92.2063206089,74.6871735588,174.179825938,73.9870634705,0.00105321164686,92.206315419,211.968557056,92.2063205937,0.0100604058378,192.866496281,0.010039054477,0.0100239538989,79.6888592133,148.809084287,0.0143269207477,74.6882887644,171.694323192,0.0199992259278,211.968076163,22.713126385,0.015017200282,0.0150035402675,171.693120926,0.0149886013288,158.976262659,171.694185814,0.0150065693438,0.0150383936623,103.519161669
2011-07-02 14:00:00,0.0100406147853,92.2063216948,74.6871746237,174.179838229,73.9870834427,0.00105205456087,92.2063263618,211.968557571,92.2063198241,0.0100734578227,192.866575984,0.0149085707626,64.105004766,79.6888639511,148.809087688,0.0143342188191,74.6883383363,171.694330394,0.0199995107782,211.968447195,22.7131481046,0.015042105674,0.0150051821206,171.69314603,0.0150121174368,158.976286597,171.694203064,0.0153795228172,0.0153646126623,103.519509743
2011-07-02 15:00:00,0.0100680767152,92.2063237223,74.6871756378,215.036107824,73.9870886145,0.00105081959682,92.206335493,211.968557907,92.2063224123,0.0108203137103,238.10676518,0.0149260102093,64.1050724897,79.6889368988,148.809101011,0.0149836214907,92.2061223678,171.69434245,0.0200001019495,211.968516668,22.7131242228,0.0203808921077,0.0150064490902,171.693181744,0.0150183410884,158.976320553,211.967883025,92.2061835168,92.2062547943,103.519722194
2011-07-02 16:00:00,0.0109214188123,92.2063273711,74.6872086729,215.036841767,73.9870904847,0.00104951719065,92.2063534738,211.968558177,92.2063295385,211.968525459,238.106804953,0.0149336454684,85.4737121504,98.3815027001,183.714913129,0.0150013494696,211.968435385,211.968294321,0.0200015712643,211.968543319,22.7131681671,92.2060419814,0.0150509082276,211.966977628,0.0150203268042,158.976394047,211.968491612,211.966928596,211.966457832,138.025852844
2011-07-02 17:00:00,0.0149735422644,92.2063307647,92.2063228154,215.036855634,73.9871141971,0.00104829814322,211.968512208,211.968558467,92.2064082334,211.968539915,238.106810894,0.015001249589,85.4737915206,98.3815310673,183.714920069,0.0183923887083,211.968454241,211.968302132,0.0200656860864,211.968563355,22.7131899208,92.2061314468,0.0199698748975,211.967052495,177.624855142,211.968163477,211.968515166,211.967325507,211.968071389,138.026040498
2011-07-02 18:00:00,0.0149837434483,92.2063291578,92.2063318578,215.036862874,170.085259573,0.00104696624313,211.968555142,211.96855898,113.834909625,211.96854552,238.106816338,47.5009031044,85.4738021703,98.3815373591,183.714923164,0.0184104835856,211.968457546,211.968305326,0.024679352078,211.96858948,22.7131956246,0.0203635304356,0.019970640059,211.967061395,177.624866109,211.968446932,211.968523048,211.967396045,211.968071196,138.026071684
2011-07-02 19:00:00,0.0149912141652,92.2063290988,92.2063334098,215.036865994,170.085260521,0.00104556727235,211.968557516,211.968559011,113.834911351,211.968548001,238.106815397,47.5009112208,85.4738044792,98.3815417685,183.714923653,0.018414102648,211.968459435,211.968306025,0.0200354639743,211.968598379,22.7131534361,0.0156539433932,0.0199709972079,211.967067624,177.624866758,211.968455869,211.968526554,211.967484581,211.9679145,138.02595683
2011-07-02 20:00:00,0.0149923584989,92.2063283711,92.2063505695,215.036863885,170.085261436,0.00104420887854,211.968560138,211.968559017,113.834904429,211.968549476,238.106813288,47.5009141906,85.4738049026,98.3815428468,183.714923224,0.018414266996,211.968459899,211.968305326,0.0200051458885,211.968596709,22.7128117529,0.0155651335913,0.0199710881689,211.967069155,177.624866975,211.968472319,211.968527654,211.967571313,211.967707968,103.520917346
2011-07-02 21:00:00,0.0149905900862,92.2063255516,92.2063374158,215.036860787,170.085261598,0.00104289750634,211.968560795,211.96855907,92.2065784423,211.968549805,238.10681066,47.5009148751,85.4738053733,98.3815415706,183.714922583,0.0184040468724,211.968459963,211.968304057,0.0200016862299,211.96860226,22.713168754,0.0154694972826,0.0199710936561,211.967068764,177.62486702,211.968477669,211.968527954,211.967588683,211.967366261,103.520126968
2011-07-02 22:00:00,0.014988690118,92.2063233929,92.2063293225,215.036857225,170.085261043,0.00104149982731,211.968560627,211.968558614,92.2063346293,211.968549384,238.106807558,47.5009149615,85.4738058074,98.3815394297,183.714922928,0.0151620491498,211.968459674,211.968302371,0.0200007968122,211.96860102,22.7131285092,0.0166729052135,0.019971051479,211.967067645,177.624866995,211.968473529,211.968527707,211.967455166,171.694913523,103.519852362
2011-07-02 23:00:00,0.0149857251924,92.2063223653,92.2063268767,215.036852792,170.085261212,0.0010401735425,211.968560223,211.968558066,92.2063272443,211.968548804,238.106804807,47.5009148537,85.4738057979,98.3815371105,183.714923591,0.0150047161114,211.96845937,211.968300292,0.0200004493178,211.968593154,0.0150225937277,92.2059513739,0.0199709941618,211.967066193,177.62486694,211.96847298,211.968526884,211.967340108,171.69463904,103.519749307
2011-07-03 00:00:00,0.0149846025586,92.2063205681,92.2063245812,215.036848404,170.08526151,0.00103869488582,211.968559616,211.968557853,92.2063261229,211.968548,238.106800188,47.5009146669,85.4738053739,98.3815348863,183.714923599,0.0150027572401,211.968458933,211.968297782,0.0200005233086,211.968581368,0.0150044976583,92.2061862607,0.0199708966115,211.967068532,177.624866885,211.968465948,211.968527541,171.693748665,171.694311716,103.519711602
2011-07-03 01:00:00,0.0149812369816,92.206318693,92.2063247152,215.036843468,170.085261491,0.00103728953113,211.968558921,211.968557694,92.2063251559,211.968548078,238.106797689,47.5009145104,85.4738046284,98.3815338319,183.71492393,0.0150006710094,211.968458709,211.968295594,0.0200003573676,211.968573841,0.0150013889277,92.2061235569,0.0199708504801,211.967067011,177.624866839,211.968448002,211.96852719,171.693932519,211.966199502,103.519700984
2011-07-03 02:00:00,0.0149786405752,92.2063150409,92.2063252234,215.036837513,170.085261476,0.00103590613508,211.968558392,211.96855761,92.2063202445,211.968548185,238.106794728,47.500914175,85.4738034782,98.3815312535,183.714924256,0.014999570822,211.968458476,211.968292997,0.0200002854306,211.968569157,0.0150003820456,92.2062117869,0.0199707725542,211.967064997,177.624866759,211.968431091,211.968526006,171.693568775,211.967854844,103.519708836
2011-07-03 03:00:00,0.0149775086559,92.2063117827,92.2063249899,215.036827017,170.085261199,0.00103462365947,211.968557662,211.968557453,92.2063176118,211.96854808,238.106790395,47.5009136829,85.4738025749,98.3815261605,183.714924044,0.0149993417086,211.968458044,211.968288942,0.0200002603787,211.968567521,0.0150001585004,92.2062421775,0.0199706159993,211.967057674,177.624866675,211.968420696,211.968523381,171.695087206,211.96792012,103.519728647
2011-07-03 04:00:00,0.0149784130867,92.2063071718,92.2063242426,215.036810061,170.085260797,0.00103330973454,211.968556564,211.968557349,92.2063142633,211.968547171,238.106784755,47.500912893,85.4738009526,98.3815200758,183.714923157,0.0149991140834,211.968457845,211.968282497,0.0200003132392,211.968563274,0.0150001547272,92.2062515293,0.0199703348619,211.967053468,177.624866516,211.968392996,211.968511589,211.96683354,211.968027052,103.519766837
2011-07-03 05:00:00,0.0149782478674,92.2062603707,92.2063223789,215.036713182,170.085259842,0.00103229898433,211.968554183,211.968557619,92.2063133871,211.968537654,238.106717696,47.5009112244,85.4737987955,98.3814940412,183.714920914,0.0149990801174,211.968444811,211.96823257,0.0200005326218,211.96856303,0.0150006979814,92.2062567792,0.0199697310258,211.967044311,177.624866327,211.968343675,211.96795411,211.966146086,211.968152722,103.519953244
2011-07-03 06:00:00,0.0149384173555,0.0150106636058,92.2063250922,0.0103270812907,170.085252849,0.00103124344587,211.968539108,211.968558079,92.2063159536,211.968521185,103.576550192,47.5009079171,85.4737689856,0.0103688004127,183.714896387,0.0149993464181,171.694456938,0.0100816711845,0.0200008636924,211.968569719,0.0150047983799,92.2062551614,0.0197340303927,171.693463283,177.624865849,211.967450407,171.694520506,211.965460315,211.968210501,103.520071534
2011-07-03 07:00:00,0.0121439225433,0.0150037569944,92.2063110379,0.0101217307836,73.9870927455,0.00103022766238,92.2064102879,211.96855794,92.2063096444,211.968465692,103.576449884,47.5008963629,64.1053921794,0.0101726494017,148.809096565,0.0149990328028,171.69445019,0.0100429697487,0.020000183152,211.968564225,0.0150137069453,92.2062487505,0.010007165181,171.693264979,177.624861216,158.976262576,171.69451552,171.6935157,211.968128944,103.5451393
2011-07-03 08:00:00,0.0121369531271,0.0150016899871,74.6871724947,0.0100609102237,73.9870884521,0.00102916260752,92.2063258064,211.968557927,92.2063148195,211.967557764,103.576418988,35.6257525848,64.1051689464,0.0101390484353,148.809089158,0.0149988442133,171.694440797,0.010018366762,0.0200000020122,211.968547564,22.7129820583,92.2062519906,0.0100053493455,171.693225029,77.2669115554,158.97615397,171.694517341,171.693202548,211.9544841,103.520315382
2011-07-03 09:00:00,0.0121266404497,0.0150008188609,74.6871597423,0.0100165210969,73.9870816057,0.0010279724942,92.2063130347,211.968557387,92.2063190599,171.694703498,0.0202895667304,35.6256661249,0.0100787897051,0.0100236889181,148.809086473,0.0149984714506,171.694447359,0.010005185828,0.0200000510939,211.96852001,22.7131652973,92.2062548196,0.0100014822544,158.977180036,77.2669083754,158.976076333,171.694522095,171.690187591,171.694428688,103.520070068
2011-07-03 10:00:00,0.0113829022163,0.0150001987015,74.6871135526,0.0100100968497,73.9870739341,0.00102676678598,0.021932486605,211.96855723,92.2063213662,171.694541218,0.0200112685359,35.6256585572,0.0100121566412,0.0100104511495,148.809084292,0.0149982823724,171.694451668,0.0100038565021,0.0199999476054,211.968412729,22.7131918508,92.2062558202,0.0100008574162,0.0100526815702,77.2669061559,158.975909325,171.694529369,92.2062755346,171.694188942,103.520060814
2011-07-03 11:00:00,0.0113906689647,0.0150001286915,0.020048702374,0.0100096421959,0.0150037369297,0.00102555800311,0.0149991623578,211.968557239,92.2063255902,171.69453326,0.0200064580262,35.6256109357,0.0100096202582,0.0100088740829,148.809084827,0.0149982576205,171.694454658,0.0100042686072,0.0199998947867,158.978237448,52.212230916,92.2062581845,0.0100006567715,0.0101018303587,77.2668466871,92.2071362701,171.694531232,92.206257109,171.69386489,138.026068186
2011-07-03 12:00:00,0.0121138708501,0.0150000603985,74.6871553398,0.0100140413382,0.0150006533249,0.00102413587047,0.0150454425924,211.968557257,92.2063255683,171.69453037,103.574898904,0.010109759525,0.0100117821648,0.0100142066193,148.809086495,0.0149988807858,171.69445644,0.0100067060973,0.0200001011697,158.976878533,52.2133798154,92.206262386,0.0100009052927,171.69319682,77.2668296638,158.975842074,171.694601041,92.2062388938,92.2072149281,138.026745467
2011-07-03 13:00:00,0.0121408458139,0.0150006964764,74.6871517163,0.0100447799307,0.0150022303701,0.00102284261011,92.2061105664,211.96855711,92.2063430739,171.694531903,103.576422268,0.0100436284129,0.0100290542633,0.0101397919237,148.809087745,0.0149993871973,171.694458177,0.0100332194635,0.0200005798665,158.976990583,52.2133755209,92.206258316,0.0100028211001,171.69323468,77.2669054407,158.9760018,211.968209247,92.2082729369,171.694649263,138.026807014
2011-07-03 14:00:00,0.0121818420194,0.01500191643,74.6871677481,0.0101120493576,0.0199261248847,0.00102154859781,92.2063062861,211.968557071,211.96821126,171.694543441,103.576453326,0.0150004036838,64.1051382925,0.0101654474163,148.809090697,0.0149992921677,171.694467912,0.010044205964,0.0200022778564,158.978607506,52.2133728136,92.2062598214,0.0100057611103,171.693260911,77.2669064113,158.976110352,211.968458817,171.693776111,211.967452873,103.521714301
2011-07-03 15:00:00,0.0149525166076,0.0150046154882,92.2062911998,0.0102050072202,73.9870795282,0.00102035798062,92.2063210159,211.968557836,211.968530973,211.968516276,103.57762615,35.6256469112,64.10520506,0.010228324721,148.809176882,0.0149999663093,211.968439946,0.010084676499,0.0200216318413,211.968430734,52.2133770814,92.2062677726,0.0100077140762,171.693314421,77.2669077095,158.976181273,211.968495353,211.967949048,211.968404708,103.52094038
2011-07-03 16:00:00,0.0149937450723,0.0150283776497,92.2063254731,0.0143659799461,73.9870881441,0.00101915538818,92.2063376555,211.968558357,211.968544988,211.968548,238.106707121,35.6256625678,85.4737065478,226.163422077,183.714920297,0.0150007928508,211.968492923,211.967767087,92.2063541748,211.968530426,52.2133800641,92.2062723899,0.0151265021936,211.968271075,77.2669085287,158.976425616,211.968507693,211.968209146,211.968596611,103.520927981
2011-07-03 17:00:00,0.0150069843043,92.2062216933,92.2063450373,0.0145391431357,73.987101901,0.00101792531764,211.968509574,211.968558718,211.968549405,211.968550573,238.106738037,35.6256856829,85.4737918439,226.164491701,183.714923963,0.0150022325352,211.968501379,211.967794835,92.2063566875,211.968559883,52.2133821347,92.2062750802,147.15207069,211.9684428,77.2669110017,211.968226739,211.968518628,211.968240718,211.968848449,103.521950628
2011-07-03 18:00:00,0.0150120113039,92.2063098522,211.968557766,0.0145528008658,170.085261562,0.0010167236144,211.968554265,211.968559275,211.96855085,211.968551938,238.106747847,58.496203207,85.4738020536,226.164510201,183.714926246,0.0150030694112,211.968505252,211.967800365,92.2063600047,211.968595741,52.2133826605,92.2062838966,147.152071722,211.968458841,95.3912500487,211.968446796,211.968527056,211.968224001,211.96874562,103.520729136
2011-07-03 19:00:00,0.0150175829436,92.2063121183,211.968559795,0.0145616615608,170.085263149,0.00101541605892,211.968556763,211.968559268,211.968552454,211.968552012,238.106751284,58.4962180794,85.4738044154,226.164518162,183.714926621,0.0150051582735,211.968507503,211.96780266,92.2063601646,211.968599792,52.2133803084,92.2062838381,147.152072147,211.968467297,95.3912513985,211.968462853,211.968530576,211.968227518,211.968692554,103.520535998
2011-07-03 20:00:00,0.0150205747817,92.2063140518,211.968562331,0.0145623024764,170.085264216,0.00101410605268,211.968560125,211.968559335,211.968553182,211.96855207,238.106751495,58.4962224364,85.4738054956,226.164521069,183.71492622,0.0150102676541,211.968507793,211.967802962,211.965930528,211.968599038,52.2133777007,92.2062835765,147.152072275,211.968469932,95.3912517986,211.968486646,211.968530997,211.96821339,211.968751092,103.520423294
2011-07-03 21:00:00,0.0150169115182,92.206314752,211.968563144,0.0145600228853,170.085264435,0.00101280487526,211.96856149,211.968559375,211.968552917,211.968550951,238.106749929,58.4962236013,85.473804809,226.164520585,183.714925609,0.0150468903175,211.96850731,211.967802735,211.968212594,211.968607629,52.2133765871,92.2062834946,147.152072305,211.968470243,95.3912520332,211.968506589,211.968530431,211.968218168,211.96872432,103.521240731
2011-07-03 22:00:00,0.0150148010992,92.2063150506,211.968562992,0.0145576541859,170.085264038,0.00101132524482,211.9685617,211.968558756,211.968552204,211.968549103,238.106747464,58.496223977,85.4738061057,226.164519155,183.714925005,0.0152013159954,211.968505978,211.967801988,211.968455082,211.968602393,52.2133739898,92.2062839556,147.15207225,211.968469142,95.3912521034,211.968503012,211.968530236,211.968216283,211.968591312,138.02705951
2011-07-03 23:00:00,0.0150142500632,92.2063163233,211.968562709,0.014554584118,170.085264095,0.00100992175051,211.968561974,211.968558155,211.968551582,211.968546987,238.106745333,58.4962240877,85.4738064526,226.164518887,183.714924444,0.0183655990341,211.96850432,211.967801029,211.968534694,211.968590793,52.2133734083,92.2062865176,147.152072227,211.968469358,95.3912521534,211.968507247,211.968529437,211.968220419,211.968551769,138.027152895
2011-07-04 00:00:00,0.0150110953746,92.2063189809,211.968563249,0.01455262129,170.085263953,0.0010085076384,211.968562017,211.96855792,211.96854959,211.968545425,238.106742399,58.4962241212,85.4738062338,226.164517545,183.714924199,0.018412968444,211.968498462,211.967799958,211.96855894,211.968576249,52.213371436,92.2062858662,147.152072193,211.968468819,95.3912522141,211.968509054,211.968526344,211.968232754,211.968562078,103.520500756
2011-07-04 01:00:00,0.0150169850566,92.20631827,211.968563306,0.0145510872801,170.08526436,0.00100720757133,211.968562118,211.968557823,211.968547622,211.968543637,238.106740556,58.4962241788,85.4738058831,226.164516555,183.714923483,0.0184435055596,211.96849993,211.967799373,211.968558935,211.968570163,52.2133692535,92.2062850354,147.152072168,211.968471827,95.3912522118,211.96852196,211.968527284,211.968232986,211.968579569,103.52082777
2011-07-04 02:00:00,0.0150302423741,92.2063194649,211.968563488,0.0145480130658,170.085264859,0.00100586934271,211.968561873,211.96855776,211.968543343,211.968541676,238.106739526,58.4962239844,85.473805491,226.164515894,183.714922899,0.0184523926171,211.968503725,211.967798829,211.968558,211.968568454,52.2133676353,92.2062880055,147.152072159,211.968471968,95.3912522248,211.968527679,211.968528378,211.968242729,211.968548877,137.991780125
2011-07-04 03:00:00,0.0150396646405,92.2063226084,211.968563703,0.0145443927591,170.085265428,0.0010047143151,211.96856217,211.968557726,211.968541061,211.968538817,238.106739191,58.4962237911,85.4738066106,226.16451505,183.714922951,0.0184561771971,211.968506598,211.967798667,211.968561093,211.968568926,52.2133661385,92.2062969744,147.152072142,211.968471539,95.3912523137,211.968558172,211.968529598,211.968262841,211.968638986,138.027100314
2011-07-04 04:00:00,0.0150491593662,92.2063261343,211.968565119,0.014539693038,170.085266121,0.00100400239126,211.96856294,211.968557816,211.968541988,211.968532185,238.106739203,58.4962235003,85.4738062847,226.164515339,183.714922531,0.018457423377,211.968507997,211.967798997,211.968624047,211.968566907,52.213366034,211.966238989,147.152072185,211.968471723,95.3912523486,211.968571063,211.968530557,211.968288741,211.968942256,138.027236712
2011-07-04 05:00:00,0.015063744907,92.2063290181,211.968567773,0.0145153843247,170.08526673,0.00100322385109,211.968563425,211.968558686,211.968542469,211.967673555,238.10671081,58.4962230441,85.473806872,226.164512298,183.714918497,0.0184574731588,211.968503582,211.967793736,211.968630038,211.968572319,52.2133694862,211.968466719,147.152072143,211.968469993,95.3912522923,211.968593952,211.968520357,211.968276791,211.969133718,138.02728301
2011-07-04 06:00:00,0.0150360971278,92.206358996,211.96856542,0.0113242137796,170.085266957,0.00100217127007,211.968558954,211.968559689,211.968543465,0.0100471140071,211.968512302,58.4962223238,85.4738003168,211.968306309,183.714876607,0.0184532678353,171.69454642,171.693923738,211.968627117,211.968575128,52.2133814109,211.96847982,147.152070405,211.968406653,95.3912521211,211.96855475,171.694556804,211.968229118,211.96902217,138.027197776
2011-07-04 07:00:00,0.0149860532741,92.2063390561,211.968560151,0.0111883794729,170.085265065,0.00100096693809,211.968526372,211.968559464,211.968455321,0.0100319071193,178.578752432,58.4962190428,85.4737447451,183.193254685,148.809085358,0.0151364795667,171.694502991,171.693915011,211.968575266,211.968571162,52.2133850843,211.968484618,119.193177454,171.694463386,95.3912497316,211.968368802,171.694517416,211.96780495,211.968580974,103.520535119
2011-07-04 08:00:00,0.0121852302965,92.2063383666,211.968540083,0.0110147612538,170.085263021,0.000999823914891,92.2073850298,211.968558328,171.694528209,0.0100099428759,178.578725374,58.4961599763,64.1053692543,183.193237491,148.809078775,0.0149996712332,171.694502194,171.693913139,211.968558899,211.968544864,52.213391888,211.968488483,119.193175951,171.694448731,77.2668135692,158.976622951,171.694516278,171.693970478,211.968235954,103.519893063
2011-07-04 09:00:00,0.0121572738613,92.2063423198,171.694590926,0.0100496194227,137.769069303,0.000998500564536,92.2073616432,211.968556269,171.694525076,0.0100037533122,103.576494893,43.8724407041,64.105334441,169.62388667,148.809075382,0.0149608819286,171.694501468,171.693904308,211.968556587,211.968401686,52.2134072352,211.968491592,119.193169474,171.694431823,77.2668111924,158.976492539,171.694519067,92.206287531,171.695310416,103.519774457
2011-07-04 10:00:00,0.0114106002916,92.2063490162,171.694540133,0.0100217346471,137.769062888,0.000997263297515,92.2063461371,211.968555737,171.69452217,0.0100031380355,103.576429674,43.8724297205,0.0101471746834,0.0149385951751,148.809073526,0.0149564740958,171.694503141,171.693887768,211.968537112,92.2063678988,52.213425364,211.968494037,0.0150049782342,171.694355679,77.266806222,158.976460533,171.694521955,92.2062461417,171.695152608,103.519838797
2011-07-04 11:00:00,0.0113949935725,92.2063661843,171.69452811,0.0100345329728,127.564218545,0.000995961666529,92.2063277451,211.968550831,171.694523791,0.0100043675537,103.576356207,0.0105709934505,0.0100456501629,0.0109148421136,148.809073861,0.0149579550729,171.694513195,171.693909381,171.694593332,92.2063414725,52.2134660626,211.968498024,0.014979055624,0.0114047892964,0.0149981170322,158.976439501,171.694528656,92.2062329536,211.958945393,103.520555299
2011-07-04 12:00:00,0.0113782379009,211.968272751,171.694518242,0.0110981315234,127.563957655,0.000996101267431,92.2063262785,211.968541782,171.694525318,0.010009219885,103.576403223,0.0100187554595,0.0104083241773,183.193230385,148.809073774,0.0149626300849,171.697189252,171.693915549,171.694592415,0.0150086651826,52.2141871967,211.968496358,0.0150015002374,171.693940824,0.0149351800295,158.976453882,171.694531755,92.2063574564,211.968611681,103.521183046
2011-07-04 13:00:00,0.0114180106165,211.968509315,171.694527713,0.0111789805395,127.563944486,0.000993388746112,92.2063299476,211.968527786,171.694526434,0.0100319052017,178.578460474,0.0100347150504,64.1053435833,183.193242817,148.80907599,0.0149787336599,171.694511606,171.693919027,171.694597782,0.0150005634978,52.214195664,211.968498243,119.193173941,171.694424757,0.0149995951404,158.976478675,171.694543948,171.694162346,211.969191825,103.521822669
2011-07-04 14:00:00,0.0115505988645,211.968532067,171.694539851,0.0112018909365,127.563969123,0.000992125504108,92.2063547987,211.968536467,171.694530837,0.0100437598192,178.578743018,0.0151461396654,64.1053764599,183.193252202,148.809077912,0.0149909554278,171.694515526,171.693930276,211.968547539,0.0149993743448,52.2142180778,211.968498677,119.193176464,171.694448821,77.2668055348,158.976527768,171.695937997,171.694341458,211.969128499,211.968312218
2011-07-04 15:00:00,0.0122014591057,211.96854345,211.968323713,0.0113447371247,137.769063064,0.000990732912454,92.2073644073,211.968549039,211.968343162,0.0107797790275,211.968481897,43.8724276717,85.4737233319,183.19328601,148.809192252,0.0150229354987,211.968077352,171.694225982,211.968617754,0.0150002602296,52.2142398094,211.968501634,119.193180143,171.694498673,77.2668107558,158.976921622,211.968510121,211.96788498,211.969235781,237.975327821
2011-07-04 16:00:00,110.385604966,211.968549505,211.968553434,215.037515433,170.085207609,0.000989422774331,92.2074139704,211.968552131,211.968544872,92.2242648366,238.106713419,43.8724383178,85.4737953641,226.165855987,183.714900706,0.0184323107008,211.968510836,211.968256679,211.968636388,0.015002264703,52.214320594,211.968502325,147.152082743,211.968588652,77.2668124677,211.968399867,211.968531905,211.968209298,211.969373971,237.976292422
2011-07-04 17:00:00,110.385707428,211.968551981,211.96856383,215.037752227,170.085264658,0.000988191190825,211.968539508,211.968553321,211.968552433,92.2242716476,238.106733439,43.8724835948,85.4738046846,226.165957013,183.714903395,0.0184699419422,211.968519903,211.968272332,211.968649418,0.0150181004054,52.2143023461,211.968502463,147.152084759,211.968698282,177.624919676,211.968607235,211.968537234,211.968250905,211.969400987,237.976430892
2011-07-04 18:00:00,110.385713815,211.968551318,211.968572915,215.037769994,170.085266864,0.000986932849921,211.968558856,211.968555431,211.968554435,92.2242748144,238.106741157,134.474171883,85.4738060748,226.165964564,183.714905048,0.0184716085618,211.968520615,211.968276498,211.968660519,92.2061476961,52.2142228174,211.968501138,147.152085233,211.968708625,177.62498319,211.968667814,211.968538745,211.968258338,211.969287162,237.976471742
2011-07-04 19:00:00,110.385718783,211.968550711,211.968568671,215.03777993,170.085267642,0.000985625009991,211.968559284,211.968555258,211.968555336,92.224276246,238.10674334,134.474181269,85.4738073201,226.165970433,183.714904294,0.0184726492108,211.968521105,211.96827825,211.968661031,0.0153839716327,52.2142026011,211.968501045,147.152085428,211.968715595,177.624984003,211.968648862,211.968539292,211.968255283,211.969296724,237.976491279
2011-07-04 20:00:00,110.385719152,211.968550496,211.968569229,215.037781542,170.085268982,0.000984291029275,211.968562071,211.968555079,211.96855554,92.2242770589,238.106742708,134.474184698,85.4738077402,226.165972148,183.714902204,0.0184729021776,211.96852081,211.968278646,211.968660777,0.0150103147635,52.214175122,211.968501847,147.152085426,211.96871734,177.624984256,211.968678635,211.968538773,211.968252315,211.969281949,237.976480331
2011-07-04 21:00:00,110.385717108,211.968549723,211.968568707,215.037779784,170.085269129,0.000982965810057,211.968562631,211.968554726,211.968555122,92.2242769326,238.106740547,134.474185364,85.473806845,226.165970574,183.714901692,0.0184729872581,211.968520494,211.968278219,211.9686547,0.0150074059522,52.2141078213,211.968500012,147.152085359,211.968717069,177.624984349,211.968688378,211.968537627,211.968228972,211.969113316,237.976467418
2011-07-04 22:00:00,110.385715141,211.968549124,211.968566472,215.037776288,170.085268422,0.000981457754863,211.968562028,211.968552099,211.968554596,92.2242763568,238.106737265,134.474185239,85.4738075739,226.165966367,183.714902445,0.018473092022,211.968519631,211.968277274,211.968644979,0.0150061579642,52.2134365295,211.96849795,147.152085255,211.968714872,177.624984357,211.96866063,211.968536131,211.968203364,211.968734429,237.976455757
2011-07-04 23:00:00,110.385712104,211.968549306,211.968565467,215.037773807,170.085268292,0.000980020751191,211.968561728,211.968547197,211.968554272,92.224275566,238.106734328,134.474185153,85.4738081235,226.16596274,183.714903767,0.0184730974575,211.968518632,211.968275956,211.968643151,0.0150051587201,52.2133763262,211.968496832,147.152085142,211.968718852,177.624984355,211.968655732,211.968534421,211.968190786,211.968599089,237.9764518
2011-07-05 00:00:00,110.385707356,211.968550511,211.968565452,215.037772067,170.085267771,0.000978695082159,211.968561178,211.968516131,211.968553509,92.224275074,238.10672886,134.474185048,85.4738077153,226.165966306,183.714903716,0.018472481076,211.968516989,211.968274823,211.96864238,0.0150041480967,52.2133701201,211.968494921,147.15208501,211.968717542,177.624984337,211.968670461,211.968532495,211.968063889,211.968498774,237.97638215
2011-07-05 01:00:00,110.38570771,211.968550158,211.968565168,215.037771504,170.085267173,0.00097740055958,211.968559992,92.2064031289,211.96855318,92.2242742888,238.106728669,134.474184748,85.4738074284,226.16596659,183.71490374,0.0184724332802,211.968516396,211.968274133,211.968643091,0.0150028972711,52.2133629361,211.968495374,147.152084948,211.968718108,177.62498433,211.968668741,211.968530826,211.968096869,211.968431116,237.976350807
2011-07-05 02:00:00,110.385709949,211.9685502,211.968565079,215.037770927,170.085266797,0.000976095436133,211.968560601,92.2063273712,211.968552305,92.2242735759,238.106728449,134.474184375,85.4738068861,226.165966756,183.714903203,0.0184719718762,211.968515687,211.968273511,211.968648263,0.0150036762507,52.2133605229,211.968495944,147.15208485,211.968717456,177.624984322,211.968666068,211.968528254,211.968085484,211.968399384,237.976351939
2011-07-05 03:00:00,110.385715005,211.968551706,211.968565307,215.037769224,170.085266797,0.000975011476652,211.968561384,92.2063259007,211.968551483,92.2242724205,238.106727043,134.474184135,85.4738074598,226.165966569,183.714902135,0.0184717887628,211.968514552,211.968273434,211.968661598,0.015012494942,52.2133571994,211.968497496,147.152084758,211.968713613,177.624984368,211.968645294,211.968523703,211.968092962,211.968334693,237.976423567
2011-07-05 04:00:00,110.385719339,211.968552809,211.968567026,215.037769924,170.085267012,0.000974148054794,211.968562669,92.2063247158,211.96855118,92.2242704306,238.106726173,134.474183634,85.4738067812,226.165968923,183.714900043,0.0184709743265,211.968512338,211.968274166,211.968667577,0.0150513622171,52.2133604229,211.968502666,147.152084688,211.96871792,177.624984403,211.968680233,211.968515677,211.968070346,211.96829547,237.976444022
2011-07-05 05:00:00,110.385719716,211.968552914,211.968572695,215.037770026,170.085267068,0.000973264546744,211.968563457,92.2063242609,211.96854988,92.2242280083,238.106691648,134.474182922,85.4738076462,226.165968274,183.714884496,0.0184689347257,211.96850369,211.968270196,211.968701981,0.016078181678,52.2135426474,211.968513958,147.152084638,211.968717701,177.62498439,211.968702562,211.96847747,211.967331665,211.967549902,237.976311749
2011-07-05 06:00:00,110.385693885,211.96855351,211.968573673,215.0377448,170.085266005,0.000972245860588,211.968560212,92.2063234504,211.96854147,74.7016472035,178.580140656,134.474182203,85.4738025525,226.165892926,148.804209029,0.018451199062,171.694527897,171.694328988,211.968666302,0.0188842043826,52.2142718094,211.968530208,147.152083353,211.968691454,177.624984172,211.96865222,0.0105005826108,92.2062602333,211.96659379,211.968979735
2011-07-05 07:00:00,82.7896251919,211.968552398,211.96856462,215.036974162,170.085259667,0.000971097820577,211.968542628,92.2063222324,171.69446021,74.7016343786,178.580035803,134.47417447,85.4737651026,183.194490223,148.804193338,0.0149640447582,171.694421429,171.694305675,211.968638681,0.0150965478747,211.968487762,211.968535949,119.193190087,211.96853257,177.624981198,211.968392268,0.0103022401768,92.2061897452,92.206791091,103.519931777
2011-07-05 08:00:00,82.7893647531,211.968551891,211.968556607,174.180608209,73.9870904895,0.00096988205888,171.694526327,92.2063199329,171.694425547,0.0100434615033,178.580002531,100.855724687,64.1053821502,183.194439004,148.804187707,0.0149546394885,171.694409735,171.694293907,211.968635775,0.0150160511586,211.968528254,211.968540374,119.193186836,171.694707601,133.218751044,158.976706476,0.0102731130713,92.2059830081,92.2063830752,103.519788473
2011-07-05 09:00:00,82.7893057999,211.968551558,211.968418644,174.180590459,59.9295557435,0.000968657658043,171.694509765,92.2063162307,158.976578813,0.010010434203,103.576599561,100.855659276,64.1053399707,183.194419605,148.804177923,0.0149507870444,92.2062207778,158.976662708,211.968567961,0.0150127563931,211.968544059,211.968538302,119.193185037,171.69464914,133.21874769,158.976582028,0.010023790568,74.6893779345,92.2027413911,103.519707581
2011-07-05 10:00:00,82.7892260469,211.9685512,171.694533174,174.180553255,59.9295467578,0.000967390150654,158.976495201,92.2063126081,92.2063246002,0.0100099636069,103.576461433,100.855651561,64.1046895063,169.62497903,148.804174951,0.0149392588546,0.0149913787722,92.2061610353,211.968526949,0.0150198421077,211.968536279,211.968531459,0.0149993988917,171.694616941,133.218745678,158.976552942,0.0100131348939,74.6888104038,0.0150830179619,103.519679342
2011-07-05 11:00:00,0.0132050066674,211.968551063,92.2064261639,174.180570761,0.0213183984062,0.000966164306611,92.2063487295,92.2063199127,92.2063237657,74.7016292618,103.576494734,100.855545916,0.0100807853733,183.19443039,148.804186144,0.0148548394399,171.69440314,171.694297281,171.69461425,0.0150270501821,211.968533626,211.968527941,0.0149979765887,171.694405607,0.015011080711,158.976537628,0.0100145085276,74.6887195485,0.0150809903478,103.519688956
2011-07-05 12:00:00,0.0100441755124,211.968550771,171.694495864,174.180585679,0.0200062190565,0.000964970999159,92.2063535451,92.2063220368,92.2063253898,74.7016421909,178.57939131,0.0583414521501,0.0105100859265,183.194441041,148.804189538,0.0147709450774,171.694416213,171.694314071,171.69461319,0.0150252600198,211.968533773,211.968516959,0.0150193041091,171.693743596,0.0149962405569,158.976550667,0.0101990752493,74.6886094035,0.0150835589498,103.519674271
2011-07-05 13:00:00,82.7892339772,211.968551705,171.6945196,174.180590991,0.0150105107112,0.000963720220517,158.976472931,92.2063225326,92.206371603,74.7016463426,178.580009641,0.0150568912069,64.1053150362,183.194454488,148.80419214,0.0149455462042,171.69441472,171.69434546,171.69461502,0.0152283612967,211.968521126,211.968510588,119.193180067,171.694619107,0.0150009666386,158.976568897,0.0102845612852,74.6892588331,92.2050562016,103.519821412
2011-07-05 14:00:00,82.7893161867,211.968553022,171.694532752,174.180604662,0.0200185408677,0.000962371364484,171.694506418,92.2063226498,171.694422214,74.7016628137,178.580046571,100.855481674,64.105354166,183.194493684,148.804194273,0.0149528350867,171.694418574,211.968070797,211.96855216,92.2063369886,211.968500326,211.968510705,119.193186415,171.694652411,133.218739093,158.976652091,0.0103012259937,92.2061564221,92.206364993,103.519833703
2011-07-05 15:00:00,82.7893726222,211.968553975,171.695451087,174.180645614,59.929545167,0.000960998626325,171.694516181,92.2063305066,171.694438842,92.2251781478,238.106580356,100.855647693,64.1058396185,226.165797534,148.80421656,0.0149577245741,171.694426545,211.968245746,211.968630288,92.206350218,211.968403089,211.968518194,119.193187579,171.694725528,133.218746834,158.979261515,0.0103891668012,92.206225635,92.2067293159,103.519858188
2011-07-05 16:00:00,110.385680015,211.968555238,211.968541438,215.037727061,59.9295503286,0.000959751857534,211.968513383,211.968523329,211.968522793,92.2252175973,238.106795441,100.855656695,85.473789577,226.165956961,183.708872527,0.0184078217723,211.968414441,211.9682723,211.968637702,92.2063761773,211.967370814,211.968517296,147.152079377,211.968688373,133.218748352,211.968494685,211.968378707,92.206322372,92.207179085,103.519880734
2011-07-05 17:00:00,110.385726231,211.968555955,211.968558401,215.03777036,73.9870903679,0.000958551228072,211.968540644,211.968553752,211.968532755,92.2252223842,238.106807633,100.855683362,85.4738047864,226.165977553,183.70887635,0.018465893567,211.968425004,211.968276922,211.968655551,211.968510699,211.963339155,211.968513029,147.152087994,211.968728986,177.624846989,211.968694675,211.968487697,92.2080474152,113.833574276,103.51988113
2011-07-05 18:00:00,110.385729677,211.968555589,211.968564302,215.037775765,73.9871003082,0.000957238322449,211.96854433,211.968556254,211.968530925,92.2252245285,238.106813921,134.47417354,85.4738075007,226.165979578,183.708879122,0.0184669335962,211.968426166,211.968279553,211.968657363,211.968547472,52.2172455699,211.968513143,147.152088556,211.968733005,177.624962947,211.968751951,211.968494692,92.2069616647,92.2069733316,103.519802848
2011-07-05 19:00:00,110.38573281,211.968555451,211.968560779,215.037778336,73.987101271,0.000955896856722,211.968542477,211.968556855,211.968532067,92.2252254458,238.106813919,134.474182639,85.4738081547,226.165982098,183.708879262,0.0184681590695,211.96842728,211.968280149,211.968654084,211.968594584,52.2143698492,211.968507731,147.15208883,211.968736384,177.624963827,211.968747902,211.968498867,92.2077574538,92.2073315655,103.519781103
2011-07-05 20:00:00,110.385732572,211.968555759,211.968556672,215.037775769,73.9871042922,0.000954584578987,211.968544472,211.968556764,211.968530437,92.2252258781,238.106812441,134.474186205,85.4738085249,226.165981847,183.708878439,0.0184683731541,211.968427479,211.968279643,211.968645999,211.96861094,52.2142402157,211.968505243,147.152088865,211.968736615,177.624964076,211.968747265,211.968500454,92.2069378876,92.2083326697,103.519753268
2011-07-05 21:00:00,110.385730217,211.968555055,211.968557016,215.037771674,73.9871132542,0.000953290147866,211.968546804,211.968556186,211.968528571,92.2252257507,238.106811358,134.474186962,85.4738077344,226.165978825,183.708879251,0.0184683718219,211.968427369,211.968278716,211.96863888,211.968616712,52.2142329044,211.968501252,147.152088835,211.968734418,177.624964186,211.968746621,211.968500982,92.2066283985,92.2071100827,103.519755243
2011-07-05 22:00:00,110.385728619,211.968554404,211.968554322,215.037766261,73.9871013128,0.000951814415104,211.968545182,211.96855396,211.968526184,92.2252250207,238.106808795,134.474186884,85.4738082907,226.165974351,183.708879359,0.0184683727645,211.968426854,211.968277156,211.968637323,211.968605759,52.2142026617,211.96849702,147.15208877,211.968731593,177.624964226,211.96873543,211.968501105,92.2065951654,92.2070163328,103.51979223
2011-07-05 23:00:00,110.385726001,211.968553957,211.968550666,215.037760658,73.9870998578,0.000950376776844,211.968543343,211.968548645,211.968523611,92.2252242013,238.106807729,134.474186758,85.4738088613,226.165971363,183.708879441,0.0184683190169,211.968426249,211.968275129,211.968636653,211.968583665,52.2136889466,211.968494664,147.152088703,211.968729738,177.624964258,211.968716241,211.968500806,92.2065459066,92.2068735255,103.519833498
2011-07-06 00:00:00,110.385724649,211.968553631,211.968547965,215.037755766,73.9870976009,0.000949028519762,211.96853998,211.968552257,211.968518388,92.225223518,238.106803974,134.474186868,85.4738086834,226.165969341,183.708879732,0.0184682288749,211.96842561,211.968273228,211.968635816,211.968572562,52.2133712918,211.968496631,147.152088653,211.968728235,177.624964267,211.968645707,211.968500475,92.2062439005,92.2064990857,103.519817772
2011-07-06 01:00:00,110.385722718,211.968553184,211.968539343,215.037751355,73.9870924876,0.000947733071394,211.968528667,211.968544121,211.968501717,92.2252226024,238.10680499,134.474186567,85.473808179,226.165967332,183.708879398,0.0184679314682,211.968425132,211.968271463,211.968635015,211.96856591,52.2133498939,211.96849636,147.152088609,211.968733339,177.624964303,211.968642206,211.968500525,92.2062452861,92.2065852641,103.519845063
2011-07-06 02:00:00,110.385723174,211.968553375,211.9685208,215.037745585,73.9870917335,0.000946406326933,211.968395826,211.9684332,171.694518532,92.225221452,238.106806945,134.474186365,85.4738074634,226.165965031,183.708878917,0.0184673925028,211.968424718,211.968269535,211.968635404,211.968561742,52.2133405543,211.968493529,147.152088557,211.968732125,177.624964305,211.968638083,211.968500422,92.2062331793,92.206466128,103.519855925
2011-07-06 03:00:00,110.38572689,211.968554659,211.968510738,215.037737908,73.9870917598,0.000945267696485,92.2067721569,92.2063334509,171.694494678,92.2252195931,238.106809528,134.47418604,85.4738080177,226.165961383,183.708878616,0.0184670164143,211.968424139,211.968267291,211.968635291,211.968555732,52.2133341248,211.968491511,147.152088472,211.968731566,177.624964339,211.968631459,211.968500588,92.2062252686,92.2064011606,103.519885784
2011-07-06 04:00:00,110.385730611,211.968555416,211.968471075,215.037726955,73.9870916528,0.000944491673538,92.206336123,92.2063266346,171.694491997,92.2252154769,238.106815026,134.474185442,85.4738078107,226.165958489,183.708878252,0.018466341149,211.968423666,211.968263729,211.968636497,211.968544162,52.2133335324,211.968493623,147.152088416,211.968729586,177.624964353,211.96859332,211.968501232,92.2062249055,92.2066753884,103.519920837
2011-07-06 05:00:00,110.385728571,211.968554732,211.968407872,215.037679266,73.9870904738,0.000943664687893,92.206318661,92.2063259006,171.694492605,92.225172438,238.106806293,134.474184512,85.4738089879,226.165944252,183.708871561,0.0184640585798,211.968418673,211.968237745,211.968636137,211.968537076,52.2134157645,211.96849733,147.152088201,211.968727406,177.624964306,211.968370528,211.968498077,92.2056099471,92.2067195688,103.519993872
2011-07-06 06:00:00,110.385673292,211.968552905,92.2063315461,161.27741067,73.9870864552,0.000942615886678,92.2063257406,92.206326229,171.694488767,0.0149749204276,238.106742672,134.474183494,85.473805358,169.632060221,148.804190725,0.0152341537404,171.694422417,0.0101024381098,211.968561528,211.968454312,52.2141975629,211.968499811,147.152084586,211.968703423,177.624963935,211.967717429,211.968244641,0.0183082982716,92.206700986,103.522088208
2011-07-06 07:00:00,0.0153787680752,211.96854985,92.2063209201,161.27729248,0.019994743739,0.000941458367288,0.0199929059501,92.2063227459,171.694483456,0.014952473511,192.866544144,134.474175771,85.4737803802,169.624443123,148.804184063,0.0149298741805,171.694409623,0.0100718567638,92.2063595516,211.967501316,52.2142265112,211.968487621,110.364086338,211.968521923,177.624960171,158.976489555,171.694490675,0.0151846179445,92.2066419597,103.520562646
2011-07-06 08:00:00,0.0153335722254,211.96854438,92.2063129591,161.276610671,0.0150172178498,0.000940329804942,0.0199598493884,92.2063122576,171.694478564,0.0148896962589,192.866519899,0.0155947918381,64.1054459768,169.624407518,148.804131279,0.0149237951535,171.694404626,0.0100596818046,92.2063549949,92.2064229721,52.2142261229,211.968125068,110.364084078,171.694678841,0.0150227600281,158.975702469,171.694485109,0.0150294745972,92.206637159,103.520236723
2011-07-06 09:00:00,0.0101947601002,211.968538227,92.2063086541,0.0100934827321,0.0150062315779,0.000939065950322,0.0197207629283,0.0150030316062,171.694471124,0.0100105596104,192.866505691,0.0151769649776,64.1053899371,98.3829404001,0.0199825274435,0.0148716078102,171.694387606,0.0100090810096,92.2063473888,92.2063648597,52.2142266969,92.2063214608,110.364065121,171.694641326,0.0150190413754,158.976459362,171.694481985,0.0150142737638,92.2066719223,103.520160264
2011-07-06 10:00:00,0.0100086238705,211.968530428,0.0200323911907,0.0100895604137,0.0150006094475,0.000937802846357,0.0150104859564,0.015000756532,171.694464807,0.0100066029895,192.86650963,0.0151658814662,64.1053621611,0.0109151105813,0.0200036362552,0.0100145685798,92.2062385192,0.0100052908301,0.0200025274764,92.2063417055,52.2142103162,92.2063010591,0.010012629876,158.976728167,0.0150169826253,158.976514231,171.694475996,0.0150145990882,92.2067587562,103.520026349
2011-07-06 11:00:00,0.0100110743897,211.96852442,0.0200061350151,161.277160198,0.0150003612924,0.000936586123311,0.0150053826245,0.015000348632,171.694472721,0.0100160265243,192.866521101,0.0100989598732,64.1053737057,169.624351667,148.804154218,0.0100106011387,171.694257401,0.0100064954009,0.0200008286134,92.2063244467,52.2142085261,92.2062958228,0.0100055511818,0.010382603198,0.0149984625571,158.976544417,171.694474055,0.0150304161002,92.2073595861,103.520113393
2011-07-06 12:00:00,0.0100221859293,211.968516263,92.2062712924,161.277248334,0.0150005292762,0.000935333515553,0.0150028470268,0.0150002421514,171.694480855,0.0148453547932,192.866524608,0.0100145199401,64.1053813611,169.624397443,148.804182547,0.0100430652386,171.694401246,0.010011012104,0.0200213186306,92.206340959,52.2142443501,92.2062787687,0.0150002713243,171.694435993,0.014991000523,158.976602924,171.694481027,0.0150249101068,211.967076332,103.520248595
2011-07-06 13:00:00,0.0150394380015,211.96852363,92.2061994392,161.277299878,0.0150009209395,0.000934093126474,0.015005300974,0.0150001209641,171.694483868,0.0149491441084,192.86654033,0.0100241095066,64.1054144151,169.624413403,148.804188365,0.0149145775921,171.694407912,0.0100593632102,92.2063555182,92.206360148,52.2142329534,92.2062295755,110.364077081,171.694615172,0.0149968272923,158.976799441,171.694485771,0.0154690227417,211.968228682,103.520267288
2011-07-06 14:00:00,0.0153476935316,211.968543022,92.2063016551,161.277305357,0.0150039318693,0.000932771830955,0.0199234426477,0.0150001139819,171.694491997,0.0149611600496,211.968615924,0.0149695977469,64.1054719325,169.624427511,148.804201824,0.0149252356879,171.694411472,0.0100772190541,92.2063600048,92.2063732872,52.2142293831,92.206282211,110.364084204,171.694640177,0.0150048210801,211.968295242,171.694493036,92.2056286294,211.968497057,103.520769194
2011-07-06 15:00:00,0.0154229566636,211.968549541,92.20631419,161.277362576,0.0150153672505,0.000931515459512,0.0199797073352,0.0150001279216,211.968530503,0.0192992168644,238.106792389,0.0151635467532,85.4737757913,169.62446796,183.714783815,0.014936915896,171.694428906,0.0102186944438,211.968552933,92.2085216415,52.2142304903,92.2062982941,110.364086248,171.694669985,0.0150180710164,211.968320834,171.695274509,92.2062510672,211.96872549,211.968241099
2011-07-06 16:00:00,110.385678151,211.968553547,92.2063248801,215.03483235,0.015047357944,0.000930290862247,92.2062845582,0.0150002058137,211.968552186,0.0194500345544,238.106824157,0.0151745932184,85.4738013188,226.165526959,183.714824032,0.0198235192558,211.968411432,0.0159358601715,211.968626349,211.968467602,52.2142561083,92.2063071298,147.152086478,211.968640489,0.0150196459458,211.9677524,211.968497329,211.967876262,211.969435354,237.976558102
2011-07-06 17:00:00,110.385727418,211.968554668,92.206341729,215.034912133,73.9870819688,0.000929015495513,211.968231757,0.015000489744,211.968556987,0.0194552269827,238.106829229,0.0152186177986,85.4738066659,226.165582695,183.714828674,0.0198580634019,211.968418929,0.0159486291564,211.968637608,211.968529171,52.2142650375,92.2078029471,147.152092701,211.968705958,0.0151036219689,211.968535162,211.968507784,211.968256714,211.969522588,237.976908388
2011-07-06 18:00:00,110.385732441,211.968554196,113.834967772,215.034921541,73.9870902339,0.000927667274203,211.968346334,0.0150020429638,211.968558037,0.0194575252819,238.106834303,58.4962735366,85.4738080471,226.165588289,183.714831376,0.0198601604683,211.968420285,0.0159526499859,211.968638854,211.968510182,52.2142285398,211.96847911,147.152093276,211.968708579,177.6249321,211.968692518,211.968509117,211.96831249,211.96958222,237.976966922
2011-07-06 19:00:00,110.385736267,211.968553633,113.83497018,215.034927499,73.9870915781,0.000926376485617,211.968349899,0.0150015719512,211.968558879,0.0194586184915,238.106833316,58.4962830297,85.4738088727,226.165592844,183.714832363,0.0198616262749,211.968421288,0.0159545289204,211.968639162,211.968537933,52.2142031058,211.968497153,147.152093563,211.968712743,177.624933201,211.968693212,211.968510391,211.968329329,211.969574839,237.976995107
2011-07-06 20:00:00,110.38573632,211.968553814,113.834972417,215.034927879,73.9870920095,0.000925120057277,211.968361041,0.0150007714203,211.968558956,0.0194590140896,238.106831784,58.496286527,85.4738091386,226.165593909,183.714832587,0.0198618674025,211.968421358,0.0159546687748,211.968639044,211.968534551,52.2141782382,211.968502386,147.152093599,211.968712466,177.624933542,211.968677237,211.96851036,211.968342201,211.969552757,237.976998203
2011-07-06 21:00:00,110.385734731,211.968553834,113.834973598,215.034925025,73.9870913578,0.000923840599234,211.968364046,0.0150005470524,211.968558513,0.0194587592292,238.106829381,58.4962871799,85.4738084504,226.165591897,183.714832609,0.019862238979,211.968421215,0.0159539837928,211.968638094,211.968528975,52.2141961437,211.968502947,147.15209357,211.968710119,177.624933695,211.968664106,211.968509689,211.968347669,211.969500093,237.976987029
2011-07-06 22:00:00,110.385732758,211.96855344,113.834970735,215.034921798,73.9870906916,0.00092239428977,211.968353852,0.0150003023379,211.968557958,0.0194579009125,238.106824439,58.4962870368,85.4738083422,226.165588731,183.714832579,0.0198624034583,211.968420646,0.0159530482262,211.968637159,211.96849538,52.2141589239,211.968502716,147.152093487,211.968707289,177.624933745,211.96864593,211.968508652,211.968349915,211.969404305,237.976980678
2011-07-06 23:00:00,110.385730795,211.968553364,113.834967164,215.034917827,73.9870903817,0.000920989737359,211.968349575,0.0150001294724,211.968557571,0.0194569736015,238.106820464,58.496286856,85.4738083948,226.165587173,183.714832572,0.0198624332766,211.968420046,0.0159517751543,211.968636486,211.968399783,52.2133992939,211.968502684,147.152093418,211.968708822,177.624933781,211.968629721,211.968507539,211.968351783,211.969264554,237.976982968
2011-07-07 00:00:00,110.38573044,211.96855314,92.2063448587,215.034914701,73.9870883561,0.000919630659942,211.968340118,0.0150000488205,211.968557381,0.0194561955833,238.106818783,58.496286675,85.4738088924,226.165585428,183.714832363,0.0198623330881,211.96841918,0.015950499469,211.968634493,211.968364585,52.2133330607,211.968502435,147.152093362,211.968707692,177.624933787,211.968635331,211.968506477,211.968356869,211.96924584,237.976967751
2011-07-07 01:00:00,110.385729218,211.968553051,92.2063339365,215.034912256,73.9870886073,0.00091835618163,211.968330394,0.0150000508794,211.968557257,0.0194552581628,238.106816378,58.4962864434,85.4738088065,226.165583303,183.714832272,0.0198621695822,211.968418563,0.0159495640361,211.968633942,211.968434543,52.2133348521,211.968502259,147.152093298,211.968705849,177.624933801,211.968626611,211.968505332,211.968358054,211.969163778,237.97698281
2011-07-07 02:00:00,110.385729468,211.968553849,92.2063323407,215.034908129,73.9870892169,0.000917090910072,211.968329913,0.0150000815473,211.968556924,0.0194539889547,238.106814084,58.4962861622,85.4738083983,226.165581234,183.714831869,0.0198621008231,211.968418005,0.0159482594053,211.968635316,211.968468511,52.2133254485,211.968501706,147.15209324,211.96870433,177.624933789,211.968634842,211.968503758,211.968365199,211.969069596,237.977006131
2011-07-07 03:00:00,110.385733059,211.968555511,92.2063321088,215.034902043,73.9870891422,0.000915982186662,211.968329638,0.0150001313792,211.968556921,0.0194519288245,238.106812828,58.496285968,85.4738086587,226.165577428,183.714831394,0.0198623256563,211.968417324,0.015946725549,211.968637163,211.968488723,52.2133177367,211.968502618,147.152093165,211.968701665,177.624933813,211.968603132,211.968501776,211.968382549,211.969337545,237.97704913
2011-07-07 04:00:00,110.385736604,211.968556625,92.2063336017,215.034894153,73.9870885368,0.000915234441351,211.968322271,0.0150001505628,211.968557726,0.019447575933,238.106814192,58.4962853958,85.4738084822,226.165573615,183.714830511,0.0198618849744,211.968416603,0.0159449012777,211.968638715,211.968454285,52.213327664,211.968506483,147.152093151,211.968698454,177.624933819,211.968605232,211.968498682,211.968399632,211.969516616,237.977110309
2011-07-07 05:00:00,110.385736467,211.968555497,92.206337509,215.034854472,73.987084278,0.000914357607614,211.968281099,0.0150001818942,211.968557818,0.0192435831896,238.106795258,58.4962843732,85.4738094985,226.165558894,183.714823162,0.0198600720676,211.968410329,0.0159312461592,211.968640096,211.968349071,52.2141934263,211.968513423,147.152093058,211.968690219,177.624933743,211.96856362,211.968480257,211.968389384,211.969557709,237.977136289
2011-07-07 06:00:00,110.385708572,211.968551704,92.2063969999,0.0132921995709,73.9870531616,0.000913322318334,211.968208348,0.0150002678252,211.968553902,0.0100500177004,211.969003143,58.4962828745,85.4738088071,211.963748793,148.809009572,0.0198286425755,74.6880316263,0.010084236758,211.968638554,92.206844423,211.967886196,211.968516954,147.152090997,211.968493224,177.624933314,211.968449092,0.0158031842366,211.968361969,211.969529188,237.977064077
2011-07-07 07:00:00,82.7893994877,211.968546035,92.2063472653,0.0129286181905,0.0199924955746,0.000912144233275,74.6874907261,0.0150002489157,211.968535071,0.0100354026802,192.866462198,58.4962740578,85.4738046857,169.623130332,148.808999908,0.0151946548995,74.6879243146,0.0100455243344,211.968627678,92.2063726636,211.968511126,211.968523371,119.193193656,171.694549311,177.62492803,158.976118924,0.0155207197845,211.968074432,211.969126185,237.976987941
2011-07-07 08:00:00,82.7893098365,211.968534586,92.2063357077,0.0128586219331,0.0150068580307,0.000910968446334,74.6871170021,0.0150002635106,171.694534678,0.010010769789,192.866440615,0.0150544647023,85.4737960248,169.623098452,148.808990227,0.0151848529441,74.6879152774,0.0100265165482,171.694620845,92.2063374724,211.968522524,211.968528517,119.193191468,171.694517066,0.015002045989,158.975975797,0.0154978614264,171.694790515,211.968545059,237.968854086
2011-07-07 09:00:00,82.7892696987,211.968524558,92.2063357776,0.0100853779563,0.0150013317264,0.000909767041912,0.019958784274,0.0150002746856,171.694528025,0.0100041746372,178.58059222,0.0150009835957,85.473763939,169.62264204,79.9160585782,0.0151739488962,0.0161995095895,0.0100069992623,171.694587793,0.0154095452813,211.968529092,211.96852796,119.193187495,171.69447336,0.0149993321284,92.2079009725,0.0100875745437,171.694373953,211.968432031,178.483155167
2011-07-07 10:00:00,0.0151132893464,211.968512316,92.2063288103,0.0100304106389,0.0150002154995,0.000908516711703,0.0150059093079,0.0150002726331,158.976596102,0.0100035138714,178.580125982,0.0149906648604,64.1055060928,0.0101244561929,0.0103127532575,0.0145735098305,0.010015477875,0.0100049135629,92.2063594289,0.0150246020803,211.968541204,211.968524598,0.014998368085,158.977832508,0.0149976439102,0.0150320551918,0.0100193566441,171.694490028,211.968350199,178.483036232
2011-07-07 11:00:00,0.010054535303,211.968523456,92.2063370913,0.0100294375112,0.0150000916646,0.00090728373859,74.6871115799,0.0150001598155,92.2063340743,0.0100046541116,178.580248236,0.0100812364284,64.1054480916,0.0100814422056,148.808922206,0.0137165797305,0.0100170788906,0.0100052014429,92.2063609233,0.0150225077269,211.965870166,211.968522236,0.0149848291988,158.974121501,0.0149858350722,0.0150258203714,0.0100205940218,171.694551202,211.968285282,178.482997278
2011-07-07 12:00:00,0.0108105285488,211.968533822,198.166046184,0.0101494802694,0.0150001152021,0.000906096081918,74.6871207981,0.0150004587672,158.97651569,0.0100120417428,178.581447312,0.0100134509945,64.1054555098,0.0153927261243,148.808993451,0.0151792174507,74.6878493475,0.0100081843547,171.694584228,0.0150198478396,211.968454919,211.968519485,0.0155033891595,171.694351802,0.0100090783084,0.0151302372811,0.0101470326103,211.916472843,211.968399965,178.482984814
2011-07-07 13:00:00,82.7891262597,211.96854027,160.514573405,0.0128912019126,0.0150007325415,0.000904918604978,74.6871251259,0.0150004312443,171.694522267,0.0100347265288,192.866439286,0.0100175374777,85.4737705902,169.623074698,148.808999322,0.0151831023261,74.6879159782,0.0100331486584,211.968551451,0.0150122099043,211.968099984,211.968514476,119.193187767,171.694499799,0.0149530592494,0.0157066408645,0.0154980131843,211.967641331,211.968497928,178.483029253
2011-07-07 14:00:00,82.7892829491,211.968547616,211.96852613,0.0129279270527,0.015000906669,0.000903619191966,74.6871319385,0.0150007707461,171.694533602,0.0100473188692,192.866456831,0.0148495795244,85.4737983825,169.623114843,148.809005251,0.0151863930162,74.6879227695,0.0100476177819,211.968562235,0.0150389301889,52.2170026036,211.968513154,119.193191375,171.694524475,0.0149969410383,158.976012313,0.0155187717484,211.968260138,211.968777666,211.968159048
2011-07-07 15:00:00,82.7893247155,211.968551788,211.968547796,0.0130699301404,0.0150036427663,0.000902239081465,92.2063254118,0.0150073933223,211.96854509,0.0115623354555,238.106316974,0.0149930674011,85.4738019028,169.623178412,148.811527687,0.0151943262301,74.6879459776,0.0101008098428,211.968637842,92.2062686901,52.2142510466,211.968516305,119.193193198,171.694565854,0.0149988617621,211.967947358,0.0156237408327,211.968377835,211.969521488,237.976940221
2011-07-07 16:00:00,110.385684888,211.968554923,211.968556319,93.5411580273,0.0150083599854,0.000901057508182,92.2063315197,92.2063225719,211.968557998,92.0957437415,238.106745661,0.0150020871464,85.4738064362,226.164471223,183.714870663,0.0187426578026,92.2073277188,21.0517777866,211.968639924,92.2063584849,52.214277068,211.968515285,147.152089891,211.968551905,0.0150000173703,211.968135241,92.2062738035,211.968430869,211.969793055,237.977091358
2011-07-07 17:00:00,110.385720817,211.968555555,211.968561679,93.541284668,0.0151371633485,0.000899787921516,92.2063342615,92.2063506819,211.968562339,92.095750039,238.106751788,0.0150633396944,85.4738083576,226.164529928,183.71487561,0.018749097507,92.2073348739,21.0517930171,211.968644416,92.2080642764,52.2143382619,211.96851354,147.152092775,211.968597404,0.0150072842674,211.968210377,92.2062994984,211.968455342,211.969749859,237.977230891
2011-07-07 18:00:00,110.385722977,211.968554616,211.968563768,93.541296397,73.9870875052,0.000898609374841,92.2063374538,211.968554452,211.968562489,92.0957529983,238.106759075,134.474270383,85.4738086836,226.164535391,183.7148786,0.0187488666717,92.2073357807,21.0517964728,211.968643904,211.968008127,69.6183440865,211.968509319,147.15209316,211.968602218,77.2668477693,211.968235923,92.2063024402,211.968437011,211.9697074,237.97718256
2011-07-07 19:00:00,110.385725848,211.968553783,211.968561126,93.5413041901,73.9870897292,0.00089734826758,92.2063407099,211.968552715,211.968563421,92.095754293,238.106758067,134.474285194,85.4738094611,226.16453998,183.714879491,0.0187493958942,92.2073367333,21.0517983804,211.96864272,211.968512452,52.2142979556,211.968505312,147.152093388,211.968607057,77.2668488336,211.968259241,92.2063047242,211.968435927,211.969690881,237.977175597
2011-07-07 20:00:00,110.385725293,211.968553325,211.968559764,93.5413047867,73.9870903621,0.00089603103077,92.2063452281,211.968552719,211.968562978,92.0957549198,238.10675542,134.474289724,85.4738091825,226.164540585,183.714879399,0.0187484292589,92.2073368086,21.0517983974,211.968641715,211.968541977,52.2142322628,211.968504115,147.152093386,211.968607825,77.2668491452,211.968258882,92.2063051986,211.96843133,211.969681507,237.977101345
2011-07-07 21:00:00,110.385723472,211.96855269,211.968555828,93.5413035608,73.9870901757,0.000894672200106,92.2063414928,211.968552945,211.968561661,92.0957546392,238.106753109,134.474290611,85.4738082573,226.164538567,183.714879218,0.0187493942807,92.2073366086,21.0517979361,211.968639449,211.968553025,52.2142137741,211.96850181,147.152093342,211.968606027,77.2668492807,211.968242374,92.2063050311,211.968418517,211.969576962,237.977064411
2011-07-07 22:00:00,110.385721813,211.968551612,211.968546039,93.5413003708,73.9870896446,0.000893240382846,92.2063375782,211.968543383,211.968560158,92.0957537861,238.106749699,134.474290763,85.473808933,226.16453594,183.714879052,0.0187500080797,92.2073359923,21.0517969861,211.968638404,211.968549106,52.2141786539,211.968497435,147.152093248,211.968605266,77.2668493033,211.968230993,92.2063044228,211.968410427,211.969434022,237.977048856
2011-07-07 23:00:00,110.385720054,211.968550934,211.968523851,93.5412978167,73.98708933,0.000891870280355,92.2063335048,211.968225649,211.968559067,92.0957528928,238.106746035,134.474290855,85.4738094555,226.164535804,183.714878836,0.0187505892105,92.2073353109,21.0517958284,211.968637906,211.96854049,52.2134639861,211.968493347,147.152093166,211.968607311,77.2668493018,211.968207355,92.2063034902,211.968403606,211.969342316,237.9770492
2011-07-08 00:00:00,110.385718168,211.9685503,211.968365767,93.5412954721,73.9870888581,0.000890516567596,92.2063274319,92.2063265002,211.968558644,92.0957521943,238.106735568,134.47429094,85.4738091785,226.164535298,183.714878437,0.0187509125816,92.2073346732,21.0517948831,211.968638129,211.968540717,52.2133346999,211.968477403,147.152093084,211.9686064,77.2668492433,211.968181391,92.2063024801,211.968400666,211.969329558,237.977070097
2011-07-08 01:00:00,110.385717445,211.968550155,92.2063382215,93.5412927422,73.9870879859,0.000889246780804,92.2063188894,92.2063247596,211.968558169,92.095751255,238.106727679,134.474290807,85.4738088038,226.164533441,183.714878043,0.0187506142715,92.2073339545,21.0517939502,211.968638019,211.968522265,52.2133064384,211.968478778,147.152093014,211.968605531,77.2668492497,211.968147602,92.2063013559,211.96839728,211.969234971,237.977077451
2011-07-08 02:00:00,110.385719694,211.968551019,92.2063337331,93.5412899483,73.9870871268,0.00088796020178,92.206310241,92.2063241949,211.968557016,92.0957500979,238.106716953,134.47429074,85.473808265,226.164531315,183.714877378,0.0187502231151,92.2073330903,21.051792604,211.968638248,211.968493966,52.2132945895,211.968485608,147.152092939,211.968603318,77.2668492668,211.968120217,92.2063003112,211.968404083,211.969161379,237.977081551
2011-07-08 03:00:00,110.385724229,211.968552935,92.2063388838,93.5412854746,73.9870857675,0.000886935059756,92.2062836636,92.2063236717,211.968556882,92.0957483523,238.10671458,134.474290609,85.4738086146,226.164528167,183.714876778,0.0187499240299,92.207332157,21.0517912091,211.968638671,211.96848594,52.2132860146,211.968492497,147.152092867,211.968601478,77.2668493202,211.968061631,92.2062985062,211.968426637,211.969391307,237.977137382
2011-07-08 04:00:00,110.385727745,211.968554184,92.2063498861,93.5412810033,73.9870817372,0.000886117005835,0.0202624134906,92.2063225765,211.968558003,92.0957445407,238.106715932,134.474290244,85.4738086734,226.164524107,183.714875602,0.0187481500193,92.207330676,21.0517894434,211.968639568,211.968474339,52.2132924644,211.968498011,147.152092817,211.96859894,77.266849326,211.96791677,92.2062956272,211.968452301,211.969573631,237.977233469
2011-07-08 05:00:00,110.385726196,211.968552673,92.2065330543,93.5412573325,0.0200100592561,0.000885263946034,0.0199982080371,92.2063206464,211.968557193,92.0956504083,238.106599503,134.474289778,85.4738090647,226.164510409,183.714861839,0.0187424048043,92.2073230369,21.0517764796,211.968639874,211.968459399,52.2141399898,211.968501576,147.1520926,211.96859335,77.2668492632,211.967017523,92.2062792311,211.968422823,211.969574463,237.977141875
2011-07-08 06:00:00,110.385682361,211.96854364,113.834533654,70.156413162,0.0199966583725,0.000884285132862,0.0199928803762,92.2063229404,211.968544698,0.0100704761238,103.576547773,134.474289586,85.4738073555,169.623971605,0.0200319849873,0.0150589422629,74.6879241972,0.0101435192468,211.968638906,211.968480934,52.2144019477,211.968498719,147.152088873,211.968476321,77.266848987,92.2088822228,0.0162969086055,211.968336063,211.969430218,237.977016014
2011-07-08 07:00:00,82.7892760591,211.968500741,92.2063170908,70.156237512,0.0150068914447,0.000883172985296,0.0199681722728,92.2063149,171.694535549,0.0100545548918,103.576472103,134.474285424,85.4737968656,169.623833882,0.0200150992715,0.0150202672562,74.6879097104,0.0101112163085,211.968630205,211.968499435,211.968523307,211.968498663,110.364071465,171.694510991,77.2668452837,92.2078635432,0.0161833323811,211.967330773,211.968665359,211.968919531
2011-07-08 08:00:00,82.7892468902,92.2063456984,0.0200093166798,70.1560591373,0.0150016593128,0.000882077434691,0.0150046002785,0.0150042970098,171.694529792,0.0100180694306,103.576449612,108.924184439,85.4736267393,169.62376634,0.0200040605697,0.0150157984206,74.6878890357,0.0100871955215,211.968507471,211.968423254,211.968498117,211.968496899,110.364068766,171.694481546,0.0150743487361,92.2077550534,0.0160871764983,171.694672674,211.968496537,178.483052847
2011-07-08 09:00:00,82.7884599293,92.206331644,0.0199968871296,0.0101899244231,0.0150000836591,0.000880825729191,0.0150010651569,0.0150012798527,171.694526613,0.0100051479544,103.576236403,108.924167802,64.1054322537,0.0150705353548,0.0100235348462,0.01501232225,0.0149810655274,0.0100109505175,158.976468293,211.961782415,211.967368832,211.968498613,110.364058352,171.694440939,0.0150722693958,0.0150604180569,0.0146777773209,171.694626831,211.968421307,178.482895399
2011-07-08 10:00:00,0.010042311651,92.2063290639,0.0199277151928,0.0100372242986,0.014999812826,0.000879647901928,0.015000395817,0.0150009881158,158.976469101,0.0100040829572,0.0200391801051,108.924162459,64.1054072283,0.011503219555,0.0100089402127,0.0149985452833,0.0100275987621,0.0100068253801,92.2063573353,158.975257556,52.2141953139,211.968492693,0.0149752177284,171.69412945,0.015068470153,0.0150128642437,0.0100314273603,171.694813069,211.968404726,178.48290018
2011-07-08 11:00:00,0.0100462286769,92.2063304439,0.0199888258244,0.0100378028064,0.0149998202016,0.000878451869091,0.0150125522288,0.0150008771934,171.694524568,0.0100073302789,0.0200471331997,100.85612768,64.1054073154,0.0104184687846,0.0100143348237,0.0149423116936,0.0100398565429,0.0100071561033,92.2063563325,92.2064403687,52.2132805843,211.9684887,0.0100057515672,171.694140161,0.0149955187027,0.0150150362758,0.0149651836168,211.967155898,211.968484621,178.483141937
2011-07-08 12:00:00,0.0150689265111,92.2063407871,0.0199961453663,0.0106316919851,0.0149999567008,0.000877194736044,0.0199757962182,0.015000604066,171.694532473,0.0100301703483,0.020021947152,100.855197325,64.1054116395,98.3840034902,0.0199701059838,0.0149504900203,0.0150111395076,0.0100159800132,92.2063592122,92.2063856937,52.2132561484,211.968360479,0.0149951978119,171.694423243,0.0148260158426,0.015169326834,0.0161499085195,211.967867024,211.968538817,178.483112486
2011-07-08 13:00:00,82.7892321364,211.96850833,0.0199950680125,70.1562224023,0.0150001346546,0.000875870698433,0.0199816194504,0.0150004838082,211.967295407,0.0100535985498,103.576447603,108.92404421,64.1054607887,169.62382167,0.0200114732857,0.0150095860624,74.6879077221,0.0101043001068,92.2065522955,92.2065058095,52.2132537414,211.968421526,110.364058938,171.694473287,0.0149985989174,92.2070510334,0.0161685500979,211.968189762,211.968797434,178.483149543
2011-07-08 14:00:00,82.789255368,211.96854136,0.0200025363112,70.156264744,0.015000667814,0.000874629274454,0.0199799243745,0.0150006445835,211.968520743,0.0100652158657,103.576477771,108.924159469,85.4737521366,169.62384078,0.0200196589786,0.015019026101,74.6879167937,0.0101168131595,171.694532478,158.935093327,52.2132534176,171.694847178,110.364068574,171.694496557,0.0150676207099,92.2078474437,0.0161894140756,211.968352806,211.969320835,211.968544283
2011-07-08 15:00:00,82.7893019625,211.968550015,0.0200597878851,70.1564277921,0.0150052983352,0.000873462975311,0.0199994190651,0.0150011021341,211.968550524,0.0543563459702,211.968060852,108.924165503,85.4737983986,169.623989326,79.9159108606,0.0150285249592,74.6885326422,0.0102819883408,211.968531307,158.97621633,52.2132593145,211.968340042,110.364070663,171.694609879,0.015072056519,92.2080985696,0.0163984944837,211.968405332,211.969565753,237.97699329
2011-07-08 16:00:00,110.385669327,211.968554993,92.2063231715,93.5413710092,0.0200012313361,0.000872192059436,0.0200851171161,0.0150036028656,211.968557457,0.0592718152271,211.968636986,108.924170944,85.4738052795,226.165338555,183.714849069,0.0185839870522,211.968283858,21.052784152,211.968562369,211.968408012,52.2132602492,211.968452208,147.152085729,211.96850647,0.0150738882718,92.2082022588,92.2063356336,211.968429663,211.969684173,237.977135073
2011-07-08 17:00:00,110.385711802,211.968555805,92.2063314353,93.5414439935,73.9870940997,0.000870959223013,92.2063262384,92.2063071341,211.968560914,0.0592780029427,211.968650502,134.474065214,85.4738074562,226.165388799,183.714854414,0.0185986550294,211.968296384,21.0527966955,211.968618922,211.968518401,52.2132608025,211.968496565,147.152091177,211.968537386,177.624906753,211.967509564,92.2063660611,211.96843557,211.969775181,237.977249142
2011-07-08 18:00:00,110.385715236,211.968554417,92.2063330307,93.5414531294,91.3420750707,0.000869773346758,113.8349382,92.2063242817,211.968560835,0.0592807286735,211.968680041,134.474293116,85.4738078637,226.165395264,183.714856823,0.0185999911114,211.968298558,21.0527999661,211.968598768,211.96855156,52.2132552186,211.968495923,147.152091669,211.96854049,177.624957514,211.967686649,92.2063695329,211.9684292,211.969713015,237.977207526
2011-07-08 19:00:00,110.385718832,211.968553615,92.206329311,93.541460103,91.3420774516,0.000868389147948,113.834945541,92.2063279939,211.968560867,0.0592818674262,211.968672135,134.474297025,85.4738085512,226.16539969,183.714857601,0.0186011405824,211.968299851,21.0528016876,211.968580352,211.968581614,52.2132508418,211.968494083,147.152091936,211.968544084,177.624958413,211.96770759,92.2063718036,211.968435444,211.969731858,237.97721522
2011-07-08 20:00:00,110.385718507,211.968553849,92.2063280432,93.5414599984,91.3420788294,0.000867071181762,113.834949006,211.968539714,211.968560032,0.0592826097433,211.968664255,134.474299051,85.4738085652,226.165400741,183.714857531,0.0186013240813,211.968300165,21.0528017764,211.968567396,211.968594587,52.2132478215,211.968487173,147.152091967,211.968544519,177.624958693,211.967708532,92.206372287,211.968436015,211.969648981,237.977165074
2011-07-08 21:00:00,110.385716177,211.968553114,92.2063278355,93.5414580921,91.3420778579,0.000865826704163,113.834949391,211.96854829,211.968558974,0.0592823393945,211.968657402,134.474299464,85.4738079515,226.165399528,183.71485725,0.018601305981,211.968300169,21.0528010654,211.96856184,211.968606317,52.2132488533,211.968475553,147.152091946,211.968543133,177.624958818,211.967705759,92.2063722886,211.968428819,211.969590895,237.977127077
2011-07-08 22:00:00,110.385713706,211.968552058,92.2063268078,93.5414549085,91.3420753036,0.000864485659176,113.834948379,211.968543429,211.968557822,0.0592816257193,211.968651635,134.474299239,85.4738081167,226.165397177,183.714856956,0.0186012812158,211.968299775,21.0528002316,211.968555923,211.968601346,52.2132468634,211.968426304,147.152091876,211.968540619,177.624958845,211.967700947,92.2063719328,211.968418569,211.96947387,237.977102705
2011-07-08 23:00:00,110.385710757,211.968551006,92.2063261992,93.5414514597,91.3420162094,0.000863037801445,113.834947892,211.968456442,211.968557249,0.0592807146499,211.968645049,134.474299115,85.4738081833,226.165396175,183.714856638,0.018601205514,211.968299309,21.0527989467,211.968516571,211.968584564,52.2132443231,211.968340784,147.1520918,211.968538162,177.624958843,211.967694383,92.2063713104,211.968408184,211.969400199,237.977093394
2011-07-09 00:00:00,110.385710229,211.968551241,92.2063280329,93.5414487209,73.9870989679,0.000861695515013,113.83494851,122.941567039,211.968556863,0.0592799494901,211.968628498,134.474298957,85.4738085478,226.165395642,183.714856157,0.0186011149754,211.968298675,21.0527977347,171.694523365,211.968565087,52.2132430405,211.968445974,147.152091725,211.968536944,177.624958808,211.967672212,92.2063706087,211.968405347,211.969271351,237.977082043
2011-07-09 01:00:00,110.385706961,211.96855076,92.2063279397,93.5414450902,73.9870942554,0.000860402177461,113.834947367,92.206358408,211.968557059,0.0592789783155,211.968612822,134.474298516,85.4738082247,226.16539442,183.714856057,0.0186007737111,211.968298057,21.0527966193,171.694529165,211.968557979,52.2132420701,211.968417254,147.152091622,211.968537957,177.624958766,211.96765832,92.2063698053,211.9683996,211.969114687,237.977067603
2011-07-09 02:00:00,110.38570434,211.968551472,92.2063279394,93.5414405266,73.987098769,0.000859093608248,113.834943094,92.2063778323,211.968556363,0.0592777496653,211.968598994,134.474298115,85.4738073326,226.165392091,183.714855429,0.0186000858394,211.968297265,21.0527951477,171.694524029,211.968555539,52.2132411865,211.968082463,147.152091512,211.968535618,177.624958706,211.967673982,92.2063681676,211.968401093,211.968837177,237.97705702
2011-07-09 03:00:00,110.385703548,211.968552198,92.2063277586,93.5414350414,91.3420722368,0.000857839366216,113.834921921,122.941658015,211.968555756,0.0592756325291,211.968574017,134.474297579,85.4738074088,226.165387844,183.7148545,0.018599653216,211.968296181,21.0527932029,171.69452057,211.968558608,52.213239208,92.2063347062,147.152091337,211.968530971,177.624958636,211.967643959,92.2063658499,211.96840716,211.968874792,237.97707057
2011-07-09 04:00:00,110.385704063,211.968552895,92.2063266749,93.5414262016,91.342073332,0.000856728163967,92.2063473127,122.941534095,211.968555648,0.0592709850981,211.968566727,134.474296648,85.4738072895,226.165382565,183.714852844,0.0185987746522,211.968294851,21.0527904538,211.968508448,211.96855833,52.2132373702,92.2063050551,147.152091127,211.968523039,177.624958547,211.967604568,92.2063621906,211.968419547,211.969250015,237.977075997
2011-07-09 05:00:00,110.385698418,211.968550796,92.2063246334,93.5413883997,91.3420667734,0.000855787418639,92.2063318384,92.2063337117,211.968553848,0.0590896986833,211.968196385,134.47429524,85.4738068332,226.165363408,183.714835838,0.0185960543804,211.968288227,21.0527735389,211.968531049,211.968561685,52.2132368053,92.2062979747,147.152090716,211.96850795,177.624958428,211.967424272,92.2063458681,211.968378388,211.969079367,237.977018313
2011-07-09 06:00:00,110.385533426,211.968544395,92.2063214236,0.0111338701447,73.9874135938,0.000854794215444,92.2063336378,92.2063265868,211.968532802,0.0100426974623,0.0201758653422,134.474293461,85.4738025361,0.027010272511,0.019907800352,0.0152340718774,0.0150210328551,0.0101020441432,211.96851426,211.968567377,52.2132386672,92.206155445,147.15208,211.967164928,177.624958098,0.0155760614859,0.0104281847165,211.968075248,211.968694621,237.976244182
2011-07-09 07:00:00,0.0101325321194,211.968477675,92.2063082047,0.0106815980875,73.9870914493,0.000853845813814,92.2062984138,92.2063249334,158.976463789,0.0100282319764,0.0201039088948,134.474285394,85.4737664804,0.026134811339,0.0198925504639,0.0123593122437,0.0149563639425,0.010063780121,92.2063586182,211.968563732,52.21324038,0.0150995625814,0.0149749856045,158.976412968,177.624953099,0.0150899810942,0.0102580851926,92.2159395704,211.968508523,178.481874897
2011-07-09 08:00:00,0.0100903692188,92.2063344957,92.2062291922,0.0106298556411,73.9870872596,0.000852823622153,92.206292255,92.2063239207,158.976449173,0.010009415192,0.0200386418553,134.467588439,64.1054017588,0.0261075014713,0.0198788574538,0.0123519587347,0.0149474876918,0.0100479977952,92.2063518655,211.968551491,52.2132417526,0.0150120251138,0.0149726092681,158.976377516,77.2666852315,0.0150242253681,0.0102372735975,92.2088532281,211.967060269,178.481354521
2011-07-09 09:00:00,0.0100100920638,92.2063264138,74.6871394706,0.0100941155775,73.9870829129,0.000851596814331,92.2062961398,92.2063218398,92.2063345239,0.0100036341645,0.0199999941378,108.92290623,64.1053632719,0.0257740118025,0.0100146553953,0.0123403185205,0.0145142306415,0.0100105701439,92.2063360112,211.968514816,52.2132404885,0.0150069406707,0.014963925122,158.976285095,77.2666823658,0.0150672895137,0.0100348805065,92.20633927,171.695728988,103.520087752
2011-07-09 10:00:00,0.0100043215188,92.2063246697,74.6871308915,0.0100318103954,73.98708127,0.000850430162457,92.2062989275,92.2063155962,92.206324288,0.010003163223,0.0199955687228,108.922897609,64.1053339849,0.010122882836,0.0100067332758,0.0118693261529,0.0100142519714,0.010006466555,0.0200008132007,211.965061998,52.213236461,0.015010446351,0.0100019891768,0.0101230432461,77.2666809179,0.0150937496192,0.0100126404198,92.2063331319,171.695305343,103.520024849
2011-07-09 11:00:00,0.0100047152693,92.2063265532,74.6871307629,0.0100295449907,73.9870812397,0.000849158563658,92.2063000592,0.015079488026,92.206324305,0.010003708092,0.0199957618667,108.922892167,64.1052589782,0.0100709374523,0.0100099698767,0.0118057584449,0.0100142336923,0.0100068552378,0.0200027445101,92.2063927079,52.2132320437,92.206249301,0.0100015492867,0.0100637156726,77.2662574553,0.0150704435855,0.0100121567883,92.2063180963,171.694117631,103.520051868
2011-07-09 12:00:00,0.0100063315427,92.206333365,0.0200285296964,0.0100628388289,73.9870821665,0.000848018215982,92.2062940324,0.0150069569744,92.206326447,0.0100078003463,0.0200013667076,100.855959768,64.1053149717,0.0145553388026,0.0198500214646,0.012333644801,0.0143508619226,0.0100122110855,0.02003671964,92.2063820059,52.2132385302,92.2060395745,0.0100019836654,0.0103098823913,0.014990115567,0.0150354148832,0.0100301897091,92.2063366075,171.695598827,103.520055176
2011-07-09 13:00:00,0.0100147822456,211.968446669,0.0199994442251,0.0105991778463,73.9870842087,0.000846666106263,92.2062809217,0.0150015337718,92.2063961903,0.0100257629486,0.0200794777625,58.4953398438,64.105363407,0.0260782505229,0.0198906172967,0.0123495402608,0.0149463796261,0.0100524281331,0.0200335736547,92.2063738807,52.2132326504,92.2062787621,0.0149612085565,158.976336475,0.0149971293316,0.0151271221867,0.0102356225318,92.2064384963,171.695691593,103.520138859
2011-07-09 14:00:00,0.0100928950137,211.968532116,0.0200017698515,0.0106671372082,73.9870886725,0.000845554131583,92.2062858312,0.0150013596285,158.976452109,0.0100377466807,0.0201148200351,58.4962382371,64.1054140522,0.0261220941592,0.0198983430896,0.0123539966856,0.0149551161176,0.0100654495001,92.2063452837,92.2063689047,52.2132315834,92.2062928091,0.0149725533977,158.97638524,77.2666584858,0.0152779541618,0.0102559933787,92.2154700089,211.967568905,178.481694716
2011-07-09 15:00:00,0.010143086986,211.96854766,0.0200198461357,0.0108193196095,73.9870921393,0.000844398579293,92.2062998292,0.0150055050931,158.976504237,0.0104981249414,103.576301477,108.922823373,85.4737416354,0.0262053457617,0.0200225604367,0.0123616417315,0.01498284335,0.0101375720529,92.2063556413,92.2063749538,52.2132289292,92.2063077149,0.0149748079628,158.976433826,77.2666816066,0.0155028434214,0.0103213317441,211.967859845,211.968519288,211.968583265
2011-07-09 16:00:00,0.0149527666982,211.968552896,74.6871390798,93.5402224398,170.085220879,0.000843261859841,92.2063261255,92.2063219479,211.968518894,0.0135329094173,103.57649042,108.922894364,85.4737952251,226.060660984,79.9165665025,0.0152470520964,113.834780783,21.0525427316,92.2063616037,92.2064451246,52.2132295579,92.206306445,147.152062383,211.96809957,77.2666831593,211.967301034,0.016042104794,211.968345693,211.969252048,237.976933294
2011-07-09 17:00:00,0.0150582396227,211.968553652,92.206324713,93.5403330636,170.085266708,0.000842134270644,211.968153379,92.2063269739,211.96852535,0.013538844588,103.576500173,108.922903011,85.4738034049,226.060737548,79.9165734432,0.0152568120484,113.834792571,21.0525558693,211.96854957,211.968367637,52.2132343595,92.2063120853,147.152080026,211.968201109,103.019804583,211.968518252,0.0160760860244,211.968401771,211.969510454,237.977050817
2011-07-09 18:00:00,0.0150653139241,211.968553453,92.2063303077,93.5403441002,170.085268832,0.00084087998562,211.968516098,211.968556903,211.968525818,0.01354157312,103.576513807,134.472716096,85.4738049509,226.060744714,79.9165765715,0.0152574370448,113.834794576,21.0525591297,211.968558468,211.968558586,52.2132334308,211.968485306,147.152080623,211.968210652,103.021248256,211.9687246,0.0160799353277,211.968408535,211.969546007,237.977052006
2011-07-09 19:00:00,0.015071069647,211.968553784,92.2063298394,93.5403518236,170.08527012,0.000839552818556,211.968535349,211.968557553,211.968526011,0.0135428393031,103.576509142,134.472721706,85.4738070587,226.060750015,79.9165777348,0.0152584452516,113.834795869,21.0525610068,211.968560807,211.968591677,52.2132276466,211.968483895,147.152080939,211.968217497,103.021249055,211.968794627,0.016082608383,211.968412324,211.9695431,237.977066838
2011-07-09 20:00:00,0.0150722988806,211.96855452,92.2063331271,93.540351355,170.085271612,0.000838253795243,211.968545757,211.968558285,211.968525323,0.0135433840161,103.576505899,134.472724348,85.4738069829,226.06075144,79.916578057,0.0152586947608,113.834796022,21.0525611782,211.968561537,211.968587035,52.2132302685,211.968450815,147.152081,211.968219503,103.021249305,211.968844304,0.0160834036034,211.968403743,211.969533526,237.977069788
2011-07-09 21:00:00,0.0150707225715,211.968554238,92.2063527593,93.5403501546,170.085271854,0.000837073049728,211.968550858,211.968559431,211.968525116,0.0135433049603,103.576502812,134.472724944,85.4738067081,226.060749859,79.916578268,0.0152587162744,113.834795789,21.0525605965,211.968559962,211.968601217,52.213229859,211.968451817,147.152080999,211.968219166,103.021249403,211.968853616,0.0160834246479,211.968382871,211.969447354,237.977058131
2011-07-09 22:00:00,0.0150692730099,211.968553554,211.968234041,93.5403476325,170.085271307,0.000835658047374,211.968553624,211.968559171,211.968525111,0.0135425652436,103.576499204,134.472725019,85.4738069649,226.060747375,79.9165782566,0.0152586310547,113.834795394,21.0525596156,211.968556785,211.968597097,52.2132248094,211.968416142,147.15208096,211.96821804,103.021249429,211.968860261,0.0160831830925,211.968357364,211.968833079,237.977044187
2011-07-09 23:00:00,0.0150668920223,211.968552993,211.96841014,93.5403444011,170.085271171,0.000834207047237,211.968557327,211.968558652,211.968525243,0.0135417452209,103.576494877,134.472724844,85.4738074165,226.06074574,79.9165781082,0.0152583578282,113.834794989,21.0525584183,211.968553637,211.968583172,52.2132201557,211.967995649,147.152080893,211.968217083,103.021249438,211.968853367,0.0160824810952,211.968331959,211.968734868,237.977030953
2011-07-10 00:00:00,0.0150650029596,211.968552544,211.968425489,93.5403415219,170.085270481,0.000832815611896,211.96855544,211.968556566,211.968526144,0.0135409975416,103.57649299,134.472724635,85.4738068133,226.060744122,79.9165777938,0.0152577913277,113.834794524,21.0525569671,211.968558587,211.968577865,52.2132153634,211.96796449,147.152080823,211.968218988,103.021249391,211.968832669,0.0160819186431,211.968337011,211.968671931,237.977028043
2011-07-10 01:00:00,0.0150623561065,211.968552463,211.968433222,93.5403384615,170.085269856,0.000831575556083,211.968557448,211.968556986,211.968525597,0.0135400836983,103.576489738,134.472724303,85.4738064654,226.060742005,79.9165771459,0.0152570287731,113.834793999,21.0525558115,211.968558435,211.968569621,52.2132143654,211.967449439,147.152080731,211.968217397,103.021249361,211.968791399,0.016081073745,211.96834271,211.968625949,237.976985909
2011-07-10 02:00:00,0.0150593855481,211.968552567,211.968436303,93.540333993,170.085269706,0.000830382096012,211.968558387,211.968557667,211.968524545,0.0135387715769,103.576485395,134.472724008,85.4738058039,226.060739182,79.9165762323,0.0152568436033,113.834793277,21.0525542921,211.968558348,211.968565115,52.2132140405,211.966699883,147.152080609,211.968215763,103.021249326,211.968726331,0.0160796543012,211.968353946,211.968619408,237.976914003
2011-07-10 03:00:00,0.0150559834002,211.968552647,211.968437037,93.5403272811,170.085269781,0.00082923206972,211.968559346,211.968558019,211.968524097,0.0135367742899,103.576476634,134.472723547,85.4738052387,226.060734426,79.9165746978,0.0152571412604,113.834792251,21.052552199,211.968558672,211.968565888,52.2132124006,92.2065850666,147.152080416,211.968212275,103.02124926,211.968702626,0.0160775613076,211.968364564,211.968668617,237.976921792
2011-07-10 04:00:00,0.0150527729375,211.968552773,211.9684384,93.5403166837,170.085269816,0.000828228233894,211.968559747,211.96855812,211.968522784,0.0135321832196,103.576468567,134.472722761,85.4738050903,226.060728533,79.9165719141,0.0152566197079,113.834790869,21.0525489259,211.968558986,211.968562942,52.2132094807,92.206319863,147.152080084,211.96820764,103.02124911,211.96868976,0.0160741456084,211.968381085,211.968767899,237.976921597
2011-07-10 05:00:00,0.0150418570099,211.968549997,211.9684413,93.540270146,170.085270064,0.000827189658731,211.968561534,211.968558504,211.968517035,0.0133938302829,103.576328615,134.472721136,85.4738053038,226.060706782,79.9165391069,0.0152553592622,113.834784376,21.0525263893,211.968559327,211.968563364,52.2132069906,92.206307031,147.152079388,211.968195876,103.021248925,211.968652694,0.0160592916823,211.9683487,211.968616938,237.976827713
2011-07-10 06:00:00,0.0105178117692,211.968541813,211.968497765,0.0107764733407,170.085269782,0.00082623138658,211.96855924,211.968559087,211.956181866,0.0100558012664,0.0200272882914,134.47271877,85.4737943334,0.0159759263748,0.0101163806899,0.0152313799749,92.2061195551,0.0100711933008,211.968555132,211.968573171,52.2132064245,92.2062922365,147.151976118,211.96699367,103.021248475,211.968621572,0.0119617673145,211.968201192,211.968501327,211.969589653
2011-07-10 07:00:00,0.0100687892025,211.956404326,211.968424877,0.0104319529937,170.085268372,0.000825260646095,211.968544628,211.968558904,92.2064192695,0.010041871268,0.0200076293039,134.472707718,64.10677897,0.0155924019512,0.0101049462453,0.0123510647433,92.2060922206,0.01004379869,171.694530487,211.968577096,52.2132021818,92.2062946906,0.0100093589068,171.694086739,103.021240959,211.968002946,0.0118739101504,171.694440362,211.968225675,178.482774703
2011-07-10 08:00:00,0.0100251697913,92.2063261519,171.694425721,0.0103805717951,170.085266487,0.000824210151798,211.968520428,211.968558773,92.206334393,0.0100118184816,0.0199970205966,0.0112199345267,64.105365574,0.0155667306917,0.0100705350392,0.0123450082695,92.2060839174,0.0100285279095,158.976432337,211.968568587,52.2131965108,92.2062985972,0.0100075338278,171.694053685,0.014996497471,158.977022993,0.0118506349142,92.2064720112,171.696506358,178.482520081
2011-07-10 09:00:00,0.0100047760111,92.2063210398,92.2063330765,0.0100604945846,170.085231671,0.000823159226146,171.694551294,211.968557726,92.2063273874,0.0100044680944,0.0199868162943,0.010481627762,64.1053343896,0.0154123656163,0.0100061246298,0.0123286569199,0.0142926595764,0.0100080047314,92.2063653741,211.968556388,52.2131933576,92.2063031028,0.0100024788454,171.693396499,0.0149939925164,158.976889398,0.0100818961922,92.2063061794,171.695715984,103.520268802
2011-07-10 10:00:00,0.0100028435387,92.2063053786,92.2063281067,0.010025586462,137.769068203,0.000821990640229,171.69453445,211.968556791,92.2063261078,0.0100039008465,0.019973763854,0.0104662947736,64.1053007338,0.010089349615,0.010004428161,0.0100220627702,0.01001345246,0.0100054195908,92.2063606605,211.968542206,52.2131904417,92.2063061263,0.0100009877408,0.0100997401218,0.0149913765493,158.976936139,0.0100153831464,92.2062658425,171.695610379,103.520051939
2011-07-10 11:00:00,0.010002763985,92.2062728843,92.2063325511,0.0100229915389,137.769066479,0.000820808412827,211.968529393,211.968554714,92.2063284471,0.0100054443217,0.0199759197616,0.0100150732165,64.1053238638,0.0100534507223,0.0100102341385,0.0100138437951,0.0100133910389,0.0100056412025,92.2063783495,211.968529668,52.2131886954,92.2063097442,0.0100009395225,0.0101021589474,0.0100068656654,211.968118682,0.0100173826188,92.2062720549,171.695662318,103.52006546
2011-07-10 12:00:00,0.0100038857998,92.2063214996,92.2069334513,0.010038145331,137.769063014,0.000819628998188,211.9685589,211.968547677,92.2063997248,0.0100202470001,0.0199933275502,0.0100056838955,64.1053479597,0.0102383800377,0.0100954162581,0.010862401788,92.1918558715,0.010008926249,171.694107149,211.968498336,52.2131970807,92.2063406959,0.0100010186857,158.977288637,0.0100021898686,211.968539325,0.011698160486,171.691593337,211.966858269,178.482204294
2011-07-10 13:00:00,0.0100080815986,92.2063245486,171.694424744,0.0103498343387,127.563997588,0.000818418689008,211.968565324,211.968546232,92.2064126378,0.0100426080771,0.0200065473252,0.0100059841954,64.105370097,0.0155357734577,0.0101047759434,0.0123388351154,92.2060868581,0.0100327891276,171.694529475,211.968351391,52.2131921122,92.2068314838,0.010003335759,171.69404726,0.0100048484637,211.968662123,0.0118610758659,171.69426194,211.967628151,178.482685579
2011-07-10 14:00:00,0.0100510841625,92.2063367154,171.694465966,0.0104191103672,127.564043632,0.000817222094969,211.968568399,211.968549267,92.2064212374,0.0100562780873,0.0200284744711,0.0100166737308,64.1054549977,0.0155804728774,0.0101130084709,0.0123462205213,92.2060950844,0.0100458460409,211.96855222,171.683665211,52.2131874795,211.968435248,0.0100078137828,171.694074446,0.0149904927428,211.968550363,0.0118760404643,211.967515372,211.968435003,211.967343846
2011-07-10 15:00:00,0.01009663007,211.968512918,211.968548063,0.010566511142,137.769066662,0.000816105253843,211.968563748,211.96855475,211.968064071,92.2026272822,103.575518303,0.0104674156665,85.4737409661,0.0156656269741,79.9163417741,0.0123566659951,92.206175151,0.0101087360727,211.968633658,211.968349439,52.2131889238,211.968493454,0.0100097218606,171.694124921,0.0149936111416,211.968489796,0.0119496790082,211.968283979,211.968914202,237.976731331
2011-07-10 16:00:00,110.385303345,211.968547691,211.968563466,93.5415703305,137.76907035,0.000814957478833,211.968559418,211.968556384,211.968545697,92.2041345445,103.576465289,0.0104797386275,85.4737902267,226.165657871,183.714892694,0.0184023457195,113.834696774,21.0546804876,211.968639004,211.968492376,52.2131921188,211.968500984,147.151990951,211.968363003,0.0149951304911,211.968446903,92.2060808203,211.968412227,211.969567243,237.977047601
2011-07-10 17:00:00,110.385638888,211.968552512,211.968567744,93.5417152787,170.085266458,0.000813792288475,211.968564825,211.968559166,211.968553995,92.2041414562,103.576477967,0.0105532689901,85.4738018765,226.165752588,183.714898204,0.0185074322896,113.834703419,21.0546982984,211.96864131,211.968536414,52.2131998861,211.968504836,147.152089484,211.968501381,0.0150075346115,211.968600644,92.2061178458,211.96843975,211.969646957,237.977096915
2011-07-10 18:00:00,110.385651085,211.968553736,211.968572138,93.5417287345,170.085268937,0.000812662855692,211.968574219,211.968561649,211.968554528,92.2041443462,103.576486453,134.473742596,85.473804643,226.165761685,183.714901012,0.0185099110506,113.834705114,21.0547023471,211.968643471,211.968568548,52.2132134773,211.968505197,147.152090378,211.968513269,177.624813522,211.96890464,92.2061222032,211.968426668,211.969623887,237.97711465
2011-07-10 19:00:00,110.385657619,211.968553947,211.968572111,93.5417371486,170.085269231,0.000811471381464,211.968573696,211.968562013,211.968555981,92.2041456583,103.57648855,134.473759349,85.4738062815,226.165767506,183.714902043,0.0185121149992,113.834706234,21.0547044361,211.968648578,211.968584717,52.2132100943,211.968504507,147.152090784,211.968520791,177.62481518,211.968861412,92.2061248557,211.968433274,211.969633278,237.977131513
2011-07-10 20:00:00,110.38565562,211.968554557,211.968575825,93.5417380395,170.085270144,0.000810229007948,211.9685734,211.96856226,211.968556287,92.2041464135,103.576487539,134.473764077,85.4738065094,226.165769758,183.714902125,0.0185126777056,113.83470631,21.0547047677,211.968651868,211.968587275,52.2132066019,211.968504994,147.152090887,211.968524577,177.624815639,211.968936409,92.2061255832,211.968434184,211.969603269,237.977122223
2011-07-10 21:00:00,110.385655826,211.968554291,211.968574868,93.5417366331,170.085270422,0.000808990215629,211.968571273,211.968562255,211.968555988,92.2041462141,103.576485291,134.473765318,85.4738058126,226.165768703,183.714901848,0.0185134335419,113.834705964,21.0547043517,211.968645565,211.968606342,52.2132119444,211.968504384,147.15209089,211.968524632,177.62481581,211.968849622,92.206125822,211.968424389,211.969540543,237.977099572
2011-07-10 22:00:00,110.385651646,211.96855309,211.96857169,93.541733674,170.085269897,0.000807650938375,211.968567921,211.968561539,211.968555296,92.2041455156,103.576482379,134.473765722,85.4738059445,226.165766001,183.714901445,0.0185136546624,113.83470547,21.054703524,211.968642764,211.968600575,52.2132060144,211.968503251,147.152090831,211.968523654,177.624815877,211.968798401,92.2061258015,211.968413883,211.969268794,237.977083522
2011-07-10 23:00:00,110.385643111,211.968552241,211.968569976,93.5417310816,170.085269918,0.000806318942942,211.968566673,211.968560646,211.968554901,92.2041446147,103.576479324,134.473765858,85.4738057695,226.165764478,183.714901252,0.0185135285114,113.834704972,21.0547023677,211.968641798,211.968584278,52.2131929696,211.968502208,147.152090773,211.968526344,177.624815916,211.968789336,92.2061253553,211.968405512,211.968997898,237.977075412
2011-07-11 00:00:00,110.385620829,211.968551307,211.968569214,93.5417289775,170.085269462,0.000805034809641,211.968563424,211.968560439,211.968555228,92.204143763,103.576479585,134.473765935,85.4738062029,226.165763627,183.714901102,0.0185132884229,113.83470397,21.0547012562,211.968641261,211.968580518,52.2131896603,211.968502386,147.152090726,211.968526012,177.624815987,211.968759285,92.2061243157,211.96840678,211.969056909,237.977067366
2011-07-11 01:00:00,110.385632045,211.968550431,211.968569069,93.541726655,170.085269401,0.000803726057978,211.968564717,211.968559939,211.968554808,92.2041426436,103.576475093,134.473765835,85.4738060544,226.165761569,183.714900659,0.018512217567,113.834702957,21.0547004527,211.968641146,211.968574265,52.2131880745,211.968501723,147.152090689,211.968525279,177.624816055,211.96877919,92.2061231568,211.968400897,211.968894573,237.977061837
2011-07-11 02:00:00,110.385640788,211.96855098,211.968569223,93.5417244261,170.085269521,0.000802597591065,211.968566876,211.968559485,211.968553907,92.2041415153,103.576471073,134.473765717,85.4738057991,226.165759378,183.714900122,0.018510753784,113.834701994,21.0546994561,211.968641507,211.96857077,52.2131870794,211.968501352,147.152090672,211.968524866,177.624816091,211.968799267,92.2061218352,211.968402877,211.968858279,237.977064887
2011-07-11 03:00:00,110.385649703,211.96855238,211.968569719,93.5417202361,170.085269875,0.000801564109415,211.968570094,211.968559279,211.968554231,92.2041397343,103.57646715,134.473765483,85.4738067963,226.165756999,183.714899956,0.0185112075988,113.834701113,21.0546985738,211.968644637,211.968571358,52.2131849265,211.968502913,147.152090641,211.96852443,177.624816168,211.968789359,92.206120088,211.968417833,211.969126034,237.977089149
2011-07-11 04:00:00,110.385653854,211.96855309,211.968572694,93.5417157415,170.085270382,0.000800786339919,211.968575327,211.968559528,211.968554776,92.204135817,103.576466545,134.473765088,85.4738066137,226.165754989,183.714899879,0.0185087740181,113.834698882,21.0546977855,211.968664421,211.968568932,52.2131844591,211.968507153,147.152090672,211.968524455,177.62481621,211.968934507,92.2061168639,211.968438295,211.969551325,237.97710447
2011-07-11 05:00:00,110.385654679,211.968549182,211.968586704,93.54169524,170.085270812,0.000800036124181,211.968578954,211.968561455,211.9685528,92.2040521381,103.576436203,134.473764532,85.4738077076,226.165745993,183.714892887,0.0184807118269,113.834690834,21.0546907496,211.968670407,211.968575418,52.2131889849,211.968514611,147.152090612,211.96852289,177.624816217,211.969001487,92.2061046239,211.968417548,211.969578515,237.977055597
2011-07-11 06:00:00,110.38562212,211.968532089,211.968588483,70.1569001014,170.085270464,0.000799140334314,211.968576109,211.968563185,211.968536864,0.0100881331844,77.68212715,134.473763944,85.4738042657,226.162660052,148.80907001,0.0150053726956,74.687300446,17.0543026398,211.968665272,211.968614127,52.2132005381,211.968518997,147.152088889,211.968467689,177.624816032,211.968957547,69.1547938129,211.968306876,211.969493371,237.97674251
2011-07-11 07:00:00,82.7893826812,211.968457179,211.968569992,70.1566004501,170.085268252,0.000798045126996,211.968562234,211.968563531,92.206610532,0.0100722497653,77.6819905867,134.473757773,85.4737719733,183.194115478,148.809061717,0.014998470103,74.6872584983,17.0542857705,211.968639566,211.968635108,52.2132140516,211.968515239,119.193191602,171.694498829,177.624813832,211.968453663,69.1547167445,211.967067049,211.968834828,211.965281009
2011-07-11 08:00:00,82.7893359658,92.2063475327,211.968565549,70.156505529,170.085259025,0.000796932812236,211.96854972,211.968563115,92.206591233,0.010027217275,77.6819330773,108.923726317,64.1053958507,183.194090181,148.809049633,0.0149952297988,74.687249617,17.0542614978,211.968597263,211.968635166,52.2132017929,211.968509806,119.19318963,171.694474454,77.2667594251,158.977275115,69.1546587052,171.694492984,211.968559921,103.520218336
2011-07-11 09:00:00,82.7892591616,92.2063297056,211.96855656,0.01051279945,73.9870984793,0.000795710070783,211.968543571,211.968562565,92.2063287673,0.0100058558371,0.0200112752242,108.923708991,64.105354564,169.624701727,0.0183735313594,0.0149927909317,0.0154161470739,0.010033608356,211.968519979,211.968624508,52.2131927394,211.968502123,119.193184243,171.694442025,77.2667547311,158.976862736,0.0102225775381,171.693863581,211.968408208,103.520060285
2011-07-11 10:00:00,82.7891781694,92.2063237723,211.968487624,0.0100546983111,73.9870935268,0.000794395452784,211.968531535,211.968561473,92.2063198843,0.0100048038636,0.0200035745666,108.923691633,64.1052065504,169.62371377,0.0100288273657,0.0149891417186,0.0100414837504,0.0100122204086,171.694618329,211.968614302,52.2131838986,211.968481756,0.0149840954365,171.694182554,77.2667525437,158.976847857,0.0100220315227,171.69431917,211.968227695,103.520012144
2011-07-11 11:00:00,82.7891991325,92.2063235592,171.694572985,0.0100742910043,73.987092315,0.000793195184171,211.968516701,211.968560905,92.2063203426,0.0100063191149,0.0200038360081,0.0148371967112,0.0102008859532,98.3819611937,79.9161435381,0.0149839483465,0.0100490169861,0.0100139500522,171.694616094,211.968623792,52.2131788974,211.968421682,0.0100089126991,158.984301852,0.0149983231163,158.976831181,0.0100228460697,171.694521472,211.968107168,103.519979409
2011-07-11 12:00:00,82.7892537592,92.2063258591,171.694602239,70.1563057001,73.9870919406,0.000792108952375,211.968531534,211.968561265,92.206321307,0.0100290621856,0.0200281301211,0.0100285802174,64.105288687,183.193834295,148.809058007,0.0149891722146,74.6872330618,17.0542234043,171.694617318,211.968607257,52.2131800463,211.968485865,0.0150013073559,171.694412866,0.0149739749493,158.976823234,0.0126134554786,211.968157051,211.968371639,103.51997561
2011-07-11 13:00:00,82.7892826805,92.2063377508,211.968558887,70.1565743436,73.987091747,0.000790894153299,211.968558505,211.968561517,92.2063303475,0.0100713888509,77.68197149,108.923683469,64.1053591495,183.19409411,148.809064451,0.0149947204384,74.6872533738,17.0542831384,171.728581094,211.968553417,52.2131749224,171.694300566,119.193180822,171.694464697,0.0149989823105,158.9768679,69.1547072873,211.968303343,211.968485837,103.519998985
2011-07-11 14:00:00,82.7893724927,211.968517061,211.968565414,70.156611538,73.9870920428,0.000789799650476,211.968549407,211.968562194,92.2065963248,0.0100855986345,77.6820018627,108.923696944,64.1054034742,183.194106575,148.809077834,0.0149985795809,74.6872598781,17.054319152,211.968557575,211.968564986,52.2131712236,92.2063101692,119.193189658,171.694488115,77.2667313045,158.976943519,69.1547265365,211.968357148,211.968502938,103.520052535
2011-07-11 15:00:00,110.385335118,211.968547543,211.968566687,70.156848259,73.9870926147,0.000788581807981,211.968545885,211.968562494,92.2066392584,211.965758776,103.576378153,108.923705179,85.4737134413,183.194140004,183.71489972,0.0150199116802,74.6872699473,21.0548880506,211.968636502,211.968588475,52.2131683931,92.2063140277,119.193191993,171.694544573,77.2667536243,158.978268595,92.2060873709,211.9684039,211.9688402,103.520518168
2011-07-11 16:00:00,110.385717165,211.968554153,211.96856832,215.032656013,73.9870940102,0.000787260027128,211.968546086,211.968562604,211.968514563,211.967158503,103.576485561,108.923711771,85.473795806,226.165594343,183.714914984,0.0348382868976,92.2064881309,21.0549268708,211.96864022,211.968617815,52.2131690437,92.2063327177,147.152121486,211.968564482,77.2667552082,211.968465003,92.2063173194,211.96842832,211.969254943,138.026752738
2011-07-11 17:00:00,110.385738229,211.968555171,211.968573482,215.032757361,91.3420812923,0.00078610259365,211.968559238,211.968562872,211.968541032,211.967164861,103.576495048,108.923788989,85.4738050943,226.165634157,183.714917423,0.0348679914557,92.2065054006,21.0549332983,211.968668715,211.968627772,52.2131747775,211.9683663,147.152135352,211.968622489,77.2668435494,211.968833068,92.2063322361,211.968429941,211.969401576,138.026856673
2011-07-11 18:00:00,110.385740949,211.96855458,211.968579116,215.032769613,91.3420921502,0.000784883029239,211.968571911,211.968563169,211.968544031,211.967167593,103.576500646,134.474197895,85.4738073335,226.165642006,183.714919131,0.0348700542517,92.2065091112,21.0549361525,211.968670724,211.96863708,52.2131832417,211.968491859,147.152135928,211.968629496,177.624973862,211.968998436,92.2063364424,211.968401233,211.969332904,138.026978066
2011-07-11 19:00:00,110.385743365,211.968554485,211.968575636,215.032776306,91.3420912999,0.000783595749689,211.968568183,211.968562724,211.968547772,211.96716889,103.576501678,134.474204396,85.4738079407,226.165645931,183.714919482,0.0348715107814,92.2065117866,21.0549374002,211.968670487,211.968632313,52.2131723778,211.968486775,147.152136226,211.9686345,177.624975014,211.968975557,92.2063383848,211.968412133,211.969400826,138.026806431
2011-07-11 20:00:00,110.385742597,211.968554834,211.968577701,215.032776726,91.3420915835,0.000782393690976,211.968569722,211.968562444,211.968549435,211.967169657,103.576501037,134.474207256,85.473808109,226.165648671,183.714918954,0.0348718537448,92.2065128157,21.0549370357,211.968669835,211.968632807,52.2131681249,211.968466255,147.152136271,211.968635124,177.624975365,211.96898554,92.2063385495,211.968410367,211.969320015,103.521323705
2011-07-11 21:00:00,110.385740361,211.96855431,211.968574202,215.032775184,91.3420903521,0.000781217815316,211.968568526,211.968561933,211.968549657,211.967169166,103.576498244,134.474207729,85.4738071718,226.165647667,183.71491852,0.0348720138808,92.2065129314,21.0549362129,211.968666308,211.968633956,52.2131652958,211.968398934,147.152136223,211.968633721,177.62497553,211.968972186,92.206338106,211.968378852,211.968634834,103.520152557
2011-07-11 22:00:00,110.385738696,211.96855332,211.968570591,215.032771939,91.3420879659,0.000779693375677,211.968565261,211.968559669,211.968549318,211.967168323,103.576494778,134.47420763,85.4738073334,226.165644871,183.71491814,0.0348721563064,92.2065125717,21.0549349359,211.968654066,211.968621415,52.2131608556,211.968223752,147.152136129,211.968632557,177.624975558,211.968958271,92.206337441,211.968321353,211.968395824,103.520091337
2011-07-11 23:00:00,110.385736729,211.968552685,211.968569041,215.032769172,91.342084614,0.000778319569263,211.968563759,211.968557786,211.968548647,211.967167564,103.576490755,134.474207419,85.47380778,226.16564319,183.714917826,0.0348721291652,92.2065121081,21.0549336771,211.968646105,211.968598924,52.2131561787,211.967870689,147.152136032,211.968634561,177.624975564,211.968953332,92.2063365885,211.968246162,211.96771906,103.520072495
2011-07-12 00:00:00,110.385735777,211.968551523,211.968568587,215.032766801,73.9870934411,0.000777029882275,211.968562893,211.968556726,211.9685452,211.967166519,103.576483407,134.474207225,85.4738079333,226.165641017,183.714917587,0.0348720565345,92.2065113591,21.0549323724,211.968644731,211.968596429,52.2131541973,211.967925124,147.152135957,211.968634091,177.624975577,211.968910434,92.2063362446,211.968047836,92.2081392297,103.520044248
2011-07-12 01:00:00,110.385734049,211.968551104,211.968567742,215.032764125,73.9870940629,0.000775892438888,211.968560251,211.968555349,211.968547744,211.967165661,103.576480389,134.474206873,85.4738079289,226.165638998,183.714917093,0.0348718499853,92.2065110315,21.0549313233,211.968645248,211.968581384,52.2131507104,211.946972495,147.152135895,211.968633021,177.624975545,211.968843926,92.2063355412,211.967978251,92.2094934685,103.520033931
2011-07-12 02:00:00,110.38573422,211.968551271,211.968566457,215.032761688,73.987092809,0.000774729582105,211.968559264,211.968554028,211.968549459,211.967164333,103.576478887,134.474206621,85.4738071903,226.165636832,183.714916332,0.0348716425981,92.206510528,21.0549299229,211.968643904,211.968572553,52.2131482753,92.2079683272,147.152135833,211.968632503,177.624975525,211.968866273,92.2063345291,211.967518773,92.2088127417,103.520056167
2011-07-12 03:00:00,110.385736951,211.968552808,211.968565317,215.032757209,73.9870932923,0.00077366709569,211.968557843,211.968551128,211.968550341,211.967162394,103.576476249,134.474206243,85.4738073828,226.165633767,183.714915611,0.0348717733826,92.206509809,21.054928111,211.9686476,211.968573653,52.2131403448,92.2074869516,147.152135768,211.968631234,177.624975543,211.968854464,92.2063329623,211.966017767,113.8298676,103.520614848
2011-07-12 04:00:00,110.385739668,211.968552864,211.968564919,215.03275189,73.9870938901,0.000772902802894,211.968556254,211.9685456,211.968551544,211.967158517,103.576475619,134.47420565,85.4738075928,226.165632447,183.714914266,0.0348712344384,92.2065089051,21.0549258529,211.968665258,211.968572941,22.7144020196,92.2074820985,147.152135793,211.968629617,177.624975555,211.968848075,92.2063305773,92.2064625364,92.207708866,138.026336547
2011-07-12 05:00:00,110.385738592,211.968551002,211.968565558,215.032729248,73.9870948845,0.000772145041763,211.968552422,211.968548481,211.968551896,211.967069947,103.57644264,134.474204609,85.4738088201,226.165622415,183.714902533,0.0348687620289,92.2065047261,21.0549108633,211.968667197,211.968584785,22.7129005382,113.833761837,147.152135796,211.968626161,177.624975534,211.968881541,92.2063199292,92.2062901332,92.2069154958,138.026414513
2011-07-12 06:00:00,110.385692178,211.968545144,211.968563548,161.275121833,91.3420312025,0.00077118820923,211.968533463,211.968551918,211.968545337,0.016274864936,0.0213564555269,134.474203216,85.4738053734,211.967654768,148.809020536,0.0345760792798,74.6872857713,0.0101058954768,211.968654169,211.968621206,52.2130955776,92.2079790876,147.152132651,211.968524016,177.624975302,211.968648638,69.1558194286,92.2062398509,92.206903462,103.520532691
2011-07-12 07:00:00,82.7891598706,211.968538299,92.2063430081,161.274984729,73.9870930169,0.000770136954205,92.206308997,211.968421912,171.69453771,0.0162605960657,0.021301057525,134.474193532,85.4737852846,169.627787308,148.809004033,0.0150382491284,74.6872551622,0.0100597415904,211.968632772,211.968634769,22.7127921202,92.2067054063,119.193230735,171.694571634,177.624973508,158.976844778,69.1546282415,0.0154534484236,92.2067682167,103.520118719
2011-07-12 08:00:00,82.7891166722,211.968440899,92.2063180868,161.274684038,73.9870911555,0.00076911807969,74.6871480874,158.975799253,171.694523148,0.0161268782837,0.0201987187602,0.0156101691658,64.1054747325,169.627761065,148.808994825,0.015030436745,74.6872487796,0.0100407670102,211.968515866,211.968617787,0.0150153321604,92.2070629529,119.193228973,171.694547282,62.5863188828,158.976661448,69.1546078527,0.0150220293627,92.2051100865,103.520027939
2011-07-12 09:00:00,0.0150633876612,92.2063365592,0.02003846936,0.0101666727584,73.9870806776,0.000767964211878,74.6871362306,92.2063299148,158.976508516,0.0100109295706,0.0200048616472,0.0152404020348,64.105386696,169.624587904,0.0102046978068,0.0149976588695,74.6871266351,0.0100088129501,92.2063303424,211.968561529,0.0150230786332,92.206502593,119.193226546,171.694504257,62.5861022865,158.976629304,0.0102793003949,0.0149990294188,0.0183623316538,103.519947089
2011-07-12 10:00:00,0.0100146846119,92.2063247015,0.0200091833171,0.0100416017014,59.9295452469,0.000766769758726,74.6871084447,92.2063276429,92.206327841,0.0100072375516,0.0200016020684,0.0152295857599,64.1053501638,98.38620213,0.0100159025991,0.0100394263386,0.0100150091443,0.0100060211679,92.2063257975,211.968532673,0.0150130286205,92.2063336063,0.0150317440945,158.983198721,62.5861008239,158.976576514,0.0100161207209,0.0149878084189,0.0150517793364,103.519812208
2011-07-12 11:00:00,0.0100133810243,92.2063148971,0.0200038889647,0.0101301476537,59.9295384668,0.00076564296458,74.6871320774,92.2063268595,92.2063321344,0.0100217831118,0.0200049061019,0.0149887093747,64.1053223538,0.0211565887896,0.0105547361322,0.0100172900736,0.0100160758186,0.0100063057068,92.2063247171,211.968515456,0.0150089474331,92.2063185202,0.0149915435975,158.974283008,62.5860966807,158.976530788,0.0100193253113,0.0149848220246,0.0150364315966,103.519478913
2011-07-12 12:00:00,0.0101156248046,92.2062587311,0.020007014922,161.274722751,59.9294857047,0.000764470034856,74.6871463135,158.976089889,171.694516804,0.0162557976943,0.0201833835715,0.0100527023031,64.1053479743,169.624455022,148.808990518,0.0145893239881,0.0164977328332,0.010010809049,92.2063243155,211.968523322,22.7095025589,92.2063033724,64.0111757779,171.694271533,0.0150151400349,158.976377228,0.0134566495134,0.0149871091145,0.0150645032816,0.0232664566045
2011-07-12 13:00:00,82.7889786943,0.0150412019191,0.0200025341805,161.274977281,59.9295322241,0.000763326211011,92.2063335424,92.206387273,171.694526472,0.0162626776654,0.0212949786611,0.0148109971781,64.105379598,169.627755897,148.809001865,0.0150240432331,74.6872477002,0.0100474410508,92.2063243604,211.968548219,0.0150588929879,92.206304484,119.193227353,171.69453331,57.9501758589,211.96853161,69.1545977404,0.0149915512335,0.0150668892126,103.517523248
2011-07-12 14:00:00,82.7891245826,0.0150181530904,0.0200149735177,161.275008682,59.9295385264,0.000762100547544,92.206344838,158.976087589,211.968131963,0.016273723027,0.0213410643251,0.0150413930163,64.1054411913,169.627782512,148.809008613,0.0150321027368,74.6872558394,0.0100612841436,92.2063245237,211.968567916,0.0150785061325,92.2063134881,119.193229341,171.694562214,62.5860995396,211.968829167,69.1546204865,0.0149969377597,0.0155398825341,103.519930891
2011-07-12 15:00:00,82.7891809459,0.0150263422901,0.0246754783236,161.275770302,59.9295406334,0.000760813724283,92.2063355653,158.976171951,211.968549138,211.967149122,103.576489339,0.0152266927907,85.4737947194,169.627870135,183.71481344,0.0150397492891,74.6873032588,0.0101360574796,92.2063269946,211.968586312,22.7128260317,92.2063712161,119.193233208,171.694639199,62.5861009308,211.968827509,69.154684891,0.0150052693854,92.2066727011,103.520349126
2011-07-12 16:00:00,110.385682318,92.2059342886,0.0246826296752,215.032914919,59.9295438974,0.00075962618802,92.2063244877,211.968474334,211.968556436,211.967522831,138.101074161,0.0152368940783,85.4738038258,226.165909409,183.714829107,0.0187211394251,211.968245584,21.0527892804,113.834967086,211.968623446,52.2131253929,211.967954563,147.152143242,211.969592971,62.5861015898,211.96880357,92.2064410821,0.0154575837528,211.968112499,237.976832064
2011-07-12 17:00:00,110.385727601,92.2063104719,0.0215820648645,215.032958822,59.9295482903,0.000758428431278,92.2063223216,211.968543987,211.968559316,211.967528662,138.10108728,0.0152672619482,85.4738078131,226.165947251,183.714831456,0.0187903160287,211.968255469,21.0528038432,122.941393175,211.968636558,52.2131394183,211.968479272,147.152147939,211.969735092,62.5861040918,211.968861256,92.2064680077,92.2062914976,211.968664087,237.977070244
2011-07-12 18:00:00,110.385731054,92.2063153808,0.0246992859067,215.032968431,73.9870914431,0.000757223629783,92.2063420321,211.968552834,211.968559411,211.967531116,138.101098078,58.4962403099,85.4738083559,226.165952291,183.714832607,0.0187923065851,211.968257033,21.0528072726,122.941438377,211.968642675,52.213143855,211.968496754,147.152148418,211.969745425,77.2667925615,211.968889072,92.2064711458,92.2063377327,211.968749514,237.97707815
2011-07-12 19:00:00,110.385734144,92.2063145697,0.0246662913559,215.032974369,73.9870926855,0.000756005851523,92.2063393733,211.968555873,211.968559951,211.967532192,138.101094703,58.4962511453,85.4738094039,226.165956142,183.714832769,0.0187936690608,211.968258003,21.052808877,113.834976612,211.968642404,52.2131404065,211.968486278,147.152148659,211.969752203,77.266793081,211.968885353,92.2064735191,92.2063562057,211.968794304,237.977104416
2011-07-12 20:00:00,110.38573348,92.2063123836,0.0200305403221,215.032974094,73.9870928546,0.000754756565086,92.2063333404,211.968557443,211.96855953,211.967532882,138.101092209,58.4962547965,85.4738092981,226.165956935,183.714831954,0.0187939155495,211.968257962,21.0528090159,113.834972832,211.968640546,52.2131370104,211.968398651,147.152148658,211.969754047,77.26679318,211.968854985,92.2064739825,92.2063538017,211.968871356,237.977111852
2011-07-12 21:00:00,110.385731847,92.2062587404,0.0200159490882,215.032972818,73.9870928289,0.000753605582612,92.2063318704,211.96855805,211.968558303,211.96753259,138.101090157,58.4962556207,85.473808423,226.165955156,183.71483095,0.0187944127093,211.968257886,21.0528086658,113.83490176,211.968643622,52.2131359795,211.968459919,147.152148614,211.969752914,77.2667932819,211.968844789,92.2064737592,92.2063467845,211.968649716,237.97709711
2011-07-12 22:00:00,110.38573004,0.0150503789699,0.0200123872192,215.032968554,73.9870925212,0.0007523494193,92.2063313867,211.968557271,211.968557093,211.967531718,138.101086186,58.4962556331,85.4738091161,226.165951679,183.714829822,0.0187947314536,211.968257366,21.0528075375,92.2063267595,211.968635645,52.2131334186,211.968455144,147.152148518,211.969751383,77.2667932934,211.968823394,92.206473173,92.2063291168,211.96855486,237.977092427
2011-07-12 23:00:00,110.385727986,0.0150119386101,0.0200118968627,215.032964916,73.987092499,0.000751067351567,92.2063304644,211.96855666,211.968556187,211.967530732,138.101081456,58.4962555615,85.4738095076,226.165948873,183.714828943,0.0187947982135,211.968256898,21.0528063988,92.2063242867,211.968617883,52.213130328,211.968475103,147.152148401,211.969754187,77.2667932804,211.968776371,92.2064722849,92.2063075645,211.968497,237.977091838
2011-07-13 00:00:00,110.385727251,0.0150044528605,0.0200184068365,215.032961954,73.9870914997,0.000749845232896,92.2063265855,211.968557029,211.968555679,211.967529699,138.101080147,58.4962554552,85.4738092659,226.165947897,183.714827908,0.0187947925664,211.968256381,21.052805611,92.206323646,211.968600229,52.213129098,211.968490865,147.152148295,211.96975327,77.2667933175,211.968737189,92.2064712739,92.2063118713,211.96849551,237.977081271
2011-07-13 01:00:00,110.385726677,0.015001202964,0.0200188908944,215.032958465,73.9870906949,0.000748634576952,92.2063254928,211.968555979,211.968555179,211.967528904,138.101077005,58.4962553739,85.4738089207,226.165945912,183.714827703,0.0187946257191,211.968255743,21.0528046036,92.2063236773,211.968587977,52.2131275883,211.968491065,147.152148212,211.969752669,77.2667932726,211.968754643,92.2064701558,92.2063441073,211.968469139,237.977059834
2011-07-13 02:00:00,110.385728036,0.0150004818195,0.0200190033424,215.032955202,73.9870901837,0.000747406779446,92.2063268698,211.968556279,211.968554125,211.96752753,138.10107137,58.4962552347,85.4738083375,226.165944255,183.714826367,0.0187947355948,211.96825502,21.0528032332,92.206324378,211.968583031,52.2131251177,211.968490448,147.152148133,211.969752585,77.2667932069,211.968782041,92.2064685711,92.206387086,211.968433975,237.977066401
2011-07-13 03:00:00,110.38573174,0.0150006566805,0.0200220299451,215.032948671,73.9870915881,0.000746320819409,92.2063294359,211.96855591,211.968553769,211.96752546,138.101062837,58.4962549588,85.4738089456,226.165941465,183.714824875,0.0187956830263,211.968254246,21.0528017549,92.2063265374,211.968581272,52.2131229905,211.968492466,147.152148086,211.969752367,77.2667932183,211.968799224,92.2064666177,92.206367177,211.968480449,237.977112546
2011-07-13 04:00:00,110.385734929,0.0150010104851,0.020034798936,215.032941424,73.9870918275,0.000745549906633,92.2063300605,211.968554751,211.968553602,211.967521571,138.101059478,58.4962544733,85.4738089523,226.165939422,183.71482355,0.0187955514152,211.968253186,21.0527997774,113.834957712,211.968576674,52.2131221617,211.968495081,147.152148055,211.969751902,77.2667932081,211.968801416,92.2064633561,92.206405859,211.968572671,237.977174031
2011-07-13 05:00:00,110.385734759,0.0150011652417,0.02453833146,215.032907251,73.9870915986,0.000744860282664,92.2063287516,211.968554716,211.968550075,211.96744967,138.100896221,58.4962535729,85.4738094916,226.165927067,183.714812162,0.0187942624249,211.968246692,21.0527844282,113.834961418,211.968587844,52.2131251622,211.96849486,147.152147915,211.969751473,77.2667930533,211.968791998,92.2064469557,92.2063077733,211.968539284,237.977121047
2011-07-13 06:00:00,110.385701244,0.015001618849,0.0247089850448,0.0213898211272,73.9870911858,0.000743919728392,92.2063242321,211.968558082,92.2063521357,158.975346512,103.576472897,58.4962522085,85.4738097114,226.165124062,148.809002955,0.015444723991,0.01512351904,0.0101021675103,113.834752415,211.96862925,52.2131341254,211.968420863,147.152145228,211.969605757,77.2667926465,211.968734049,0.0150387091324,92.2062538991,211.968165154,237.976943015
2011-07-13 07:00:00,82.7893601801,0.0150023670647,0.024716427462,0.0206723471322,59.9295542241,0.000742797173936,92.2063049837,211.968557234,0.0200438596191,158.975332456,103.57645145,58.4962436416,85.4738076983,183.193733101,148.808995266,0.01522318155,0.0150521326058,0.0100647576152,92.2063231285,211.968634928,52.213154936,92.2063205046,119.193242639,171.695504159,77.266787219,211.968601036,0.0148625055335,92.2061219727,171.699015928,211.968811685
2011-07-13 08:00:00,82.7892777839,0.0150050113428,0.0247047401885,0.0206213074479,59.9295404128,0.000741728462644,0.0200466476069,211.968554946,0.0200016398636,158.97471398,103.576414465,0.015132353334,85.4737985983,183.193699988,148.808986672,0.0152203524493,0.0150428626237,0.0100464923036,92.2063224395,211.968598307,52.2131905624,92.206300818,119.193236185,171.695479453,0.0150046085811,211.968476326,0.0148403198213,92.205713709,171.695127709,211.967841198
2011-07-13 09:00:00,82.7892397642,0.0150251567985,0.0200348996671,0.0109637607242,59.9295157492,0.000740557735785,0.0200263271884,211.968550945,0.0199976252082,0.0100177190749,103.576131825,0.0150958285662,85.4738022899,169.62460905,79.9161268847,0.0152196217584,0.0149562808016,0.0100089537172,92.206321682,211.968552578,52.2132596342,92.20628571,119.193235305,171.695445983,0.0150028209011,211.968422805,0.0102298373904,92.2057507563,171.694941476,178.483130122
2011-07-13 10:00:00,0.0149839415466,92.2062633147,0.0200254873369,0.0100529872638,0.0200046635614,0.000739459593808,0.020019323072,211.968537832,0.0199941240886,0.0100283945684,103.576069897,0.0150852331609,85.4737980954,0.0166055289585,0.0200368043736,0.0152189102476,0.0100270015878,0.0100058328158,74.6871426447,211.968527802,52.2132610297,0.015076347829,119.193234213,171.695036701,0.0150011059401,211.968193312,0.0100220601954,92.2061164167,171.694905937,178.483098073
2011-07-13 11:00:00,0.0149801930561,92.2063154827,0.0200273998932,0.0100457171124,59.929502834,0.000738294647462,0.0200189538678,211.968514155,0.0199963230798,158.975240611,103.576257039,0.0100612323235,85.4738074197,0.0151450195583,148.808935782,0.0152196560659,0.010031339656,0.0100060144464,74.6871190135,211.968478535,52.2132218757,0.0150130422067,119.19323213,159.01264284,0.0149978096706,211.968081888,0.0100237642291,92.2062166676,171.695190369,211.968235243
2011-07-13 12:00:00,0.0151015222427,92.2063234712,0.0200365875405,0.010375353956,59.9295422601,0.000737075589195,0.0200211133659,211.968555787,0.0199986012211,158.975327888,103.576424602,0.0100134422419,85.4738087893,169.624536523,148.808988508,0.015219144746,0.0149738136759,0.0100113007125,69.1562624687,211.968484139,52.2132508257,0.0150995439779,119.193233791,171.695398412,0.0149950242537,211.967109916,0.0142679162554,92.2059648353,211.968252757,237.976924271
2011-07-13 13:00:00,82.7892091192,92.2063251759,0.0247621503759,0.020607057706,59.9295427985,0.000735927678204,0.0200176765384,211.96855635,0.0199995664304,158.975334304,103.576452624,0.0100233063473,85.4738071736,183.193689666,148.80899439,0.0152180277018,0.0150433064822,0.0100540161876,74.6871258506,211.968409821,52.2131577523,0.0151281966477,119.193234718,171.695471591,0.0149978982579,92.2070141505,0.0148440549113,92.2062674676,211.968916609,237.977108433
2011-07-13 14:00:00,82.7892586868,92.2063286499,0.0247945832705,0.0206595277605,59.9295448139,0.00073467279791,0.0200232052667,211.968555836,0.0200007846897,158.975343774,103.576474367,0.0149749391011,85.4738088858,183.193718495,148.809001375,0.0152204723859,0.0150514831008,0.0100670826646,74.6875961001,211.968527536,52.2131331279,0.0151393951892,119.193235416,171.695502174,0.0150005168351,92.2069057358,0.014861578135,92.206383686,211.969361831,237.977061139
2011-07-13 15:00:00,82.7893091564,92.2063495883,0.0247905412506,0.0208281913036,59.9295503654,0.000733442405251,0.0200277996162,211.96855674,0.0200050190289,211.965595614,211.967831452,0.0150891435925,85.4738083152,183.193796917,183.714805406,0.0152272686232,0.015076423232,0.0101537831491,92.2063202217,211.968546806,52.2131217221,0.0153657830355,119.19323756,211.968394687,0.0150025217003,92.2068650204,0.0149489800624,211.968059645,211.969577099,237.977077944
2011-07-13 16:00:00,110.385703212,211.96852705,0.0247676790592,93.5456235961,73.9870898919,0.000732250192726,0.0200480329166,211.968557789,0.0246894484553,211.967570335,211.968500284,0.0150975079383,85.4738092391,226.165873343,183.71487215,0.0294761043404,211.968005399,21.0529826751,92.206321405,211.968571211,52.2131188765,0.0187196119868,147.152133653,223.744064332,0.0150037782802,92.2068639459,92.2072798917,211.968398807,211.969649114,237.977114752
2011-07-13 17:00:00,110.385743475,211.968547009,0.0247626771392,93.5457251267,73.9870929663,0.00073109376437,0.0246607969195,211.968558774,0.0246932188588,211.967576678,211.968512606,0.0152041217434,85.4738093386,226.165906295,183.714875728,0.0295971653054,211.968017029,21.0529968061,92.2063217966,211.968609683,52.2131243518,0.018866537359,147.152142699,223.744161236,0.0150134018103,92.2068915866,92.2073159917,211.968429903,211.969691285,237.977130499
2011-07-13 18:00:00,110.385750303,211.968542587,0.0247680547472,93.5457357631,170.085259584,0.000729999125624,0.0247127154143,211.968562854,0.0246942518982,211.967579296,211.96851896,77.994895017,85.473809132,226.165909139,183.714877467,0.0296011968011,211.968018309,21.0530004324,92.2063219592,211.968636172,52.213123216,92.2062872435,147.152142923,223.744178469,177.624847659,92.2070375622,92.2073191845,211.96843158,211.969668559,237.97710936
2011-07-13 19:00:00,110.38575305,211.968542866,0.024759437327,93.5457430937,170.0852667,0.000728907107107,0.0247140321286,211.968563057,0.0246931212222,211.96758057,211.96851949,77.9949028813,85.4738093653,226.165912387,183.714878094,0.0296029313934,211.968019293,21.0530022794,92.2063218696,211.968641626,52.2131139521,92.2062834843,147.152143041,223.744187579,177.624849457,122.942375061,92.2073223562,211.968437649,211.969667097,237.977100995
2011-07-13 20:00:00,110.385753767,211.968542679,0.0247551248795,93.5457433761,170.085268601,0.00072768838197,0.0247167936651,211.968562744,0.0246901855407,211.967581307,211.968519947,77.9949059306,85.4738091446,226.165912776,183.714877678,0.0296036901851,211.968019389,21.0530022166,92.2063209969,211.968638592,52.213108435,92.2060748596,147.152142975,223.744189657,177.624849878,122.942363101,92.2073229461,211.968431719,211.969631435,237.977077503
2011-07-13 21:00:00,110.385750407,211.968540221,0.0247434678567,93.545742014,170.08526888,0.000726448267301,0.0247120840281,211.968561973,0.0246839343626,211.967581004,211.968518762,77.9949065097,85.4738086079,226.165910797,183.714877181,0.0296034107613,211.968019559,21.0530016079,92.206319731,211.968642976,52.2131053954,0.0150297772654,147.152142875,223.744188657,177.624850092,122.942201706,92.2073233548,211.968423883,211.969517997,237.977036482
2011-07-13 22:00:00,110.38574848,211.968538918,0.020154939587,93.5457385318,170.085268371,0.000724938138002,0.0247011753257,211.96855884,0.0201029897438,211.967580276,211.968516178,77.9949064254,85.4738090203,226.165907532,183.714876648,0.0296023685856,211.968019449,21.0530006487,92.2063155937,211.968636747,52.2131011547,0.015008117815,147.152142708,223.744192079,177.624850201,122.9415233,92.2073232753,211.968408955,211.969182349,237.976977695
2011-07-13 23:00:00,110.385745095,211.968539802,0.0200571571089,93.5457354011,170.085268356,0.000723643627011,0.0207900706928,211.968557007,0.0200203796295,211.967579292,211.968513403,77.9949062019,85.4738088547,226.165904839,183.714876202,0.0296005364213,211.968019269,21.0529993108,92.2062888156,211.968620459,52.2130957439,0.0150040739169,147.152142543,223.744191554,177.624850294,92.2117813487,92.2073229503,211.968393986,211.968851008,237.976856892
2011-07-14 00:00:00,110.38574794,211.968541613,0.0200420533118,93.5457326364,170.085267671,0.00072243694971,0.0200072239162,211.968555168,0.0200449646681,211.967578506,211.968508392,77.9949059277,85.4738085024,226.165902568,183.714876512,0.0295950993957,211.968019483,21.0529982644,74.6871455117,211.968598326,52.2130837024,0.0150023039177,147.152142327,223.744191261,177.624850291,122.941796712,92.2073240142,211.968386945,211.968635566,237.975713705
2011-07-14 01:00:00,110.385747388,211.968539982,0.0200401492458,93.5457297341,170.085267279,0.00072125725338,0.0200044266342,211.968552858,0.0200266786774,211.967577475,211.968505069,77.994905807,85.4738082861,226.165902184,183.714875909,0.0295974581342,211.968019053,21.0529972173,74.6871245521,211.968586664,52.2130710946,0.0150024116369,147.152142195,223.744190935,177.624850376,122.941661872,92.2073236512,211.968391372,211.968573662,211.969034259
2011-07-14 02:00:00,110.385749494,211.96853897,0.020041714474,93.5457262398,170.085266721,0.000720075548576,0.0199973338645,211.968551365,0.0200170034373,211.967576053,211.968500185,77.9949055598,85.4738078355,226.165903432,183.714874954,0.0296022887674,211.968018582,21.0529960208,74.6871293439,211.968581669,22.712795905,0.0150013745589,147.152142037,223.744192766,177.6248504,122.940690392,92.2073234841,211.968409716,211.968500827,211.968018641
2011-07-14 03:00:00,110.385755364,211.96854022,0.0200388667972,93.5457207104,170.085265792,0.000719080033829,0.0199912791266,211.968548641,0.0200241722165,211.967574114,211.968494654,77.9949052077,85.4738084283,226.165901688,183.714873975,0.0296051861344,211.968017931,21.0529943178,92.2063084449,211.968580501,0.0159849329363,0.0150010133646,147.152141853,223.744192498,177.624850463,92.2066141016,92.2073227964,211.968423184,211.968529421,103.526023419
2011-07-14 04:00:00,110.385765983,211.968537181,0.0200384101279,93.5457138577,170.085263827,0.000718356530885,0.0199715116291,211.968548084,0.0244701701844,211.96757007,211.968492526,77.9949046914,85.473808388,226.165899905,183.714872403,0.0296052197366,211.968017284,21.0529918798,92.2063179385,211.968575712,0.0150076418073,0.0150011800004,147.152141701,223.744194895,177.624850511,0.015978423881,92.2073219558,211.968440868,211.968531423,103.522673594
2011-07-14 05:00:00,110.385772023,92.2221785896,0.0200406793426,93.5456862161,170.085253629,0.000717625242394,0.019946381561,211.968554236,0.0246641347605,211.967484561,211.968420197,77.9949038577,85.4738091022,226.165892971,183.714857675,0.0296047559867,211.96801226,21.0529772899,92.2063193376,211.968584778,0.0150028180366,0.0150019456722,147.152141203,223.744198297,177.624850477,0.0153947009595,92.2073149075,211.968411049,211.968475612,103.521987416
2011-07-14 06:00:00,110.385757083,92.2063265841,0.0200482307021,70.1617007244,170.085189001,0.000716666930913,0.0199332019996,211.96855892,0.0200204297255,158.975565145,103.576558901,77.9949029953,85.4738089355,226.165789544,79.9164447116,0.0240243491598,74.6873950384,0.0101375963524,92.2063188052,211.968620066,0.0150062918589,0.0150028331359,147.152117073,223.744131005,177.62485034,0.0151744711603,74.6879219959,211.968256115,211.966026046,103.521589891
2011-07-14 07:00:00,110.385742891,92.2063199558,0.0200535702881,70.1590491242,73.9870909473,0.000715692188048,0.0199269958953,211.96855792,0.0200005224183,158.975550875,103.576529384,77.9948949863,85.4738069094,183.194259702,79.91643149,0.0239842124784,74.6870762557,0.0100944581974,92.2063145825,211.968627076,0.0150023667206,0.0150037609612,110.364095714,181.232892225,177.624848579,0.0150498450468,74.6878598401,171.694506295,211.966577772,103.52011532
2011-07-14 08:00:00,110.385726958,92.2063034882,0.0246870907789,70.1590005899,0.019999478145,0.000714634524327,0.0199246756818,211.968555216,0.0199964600275,0.010098414134,103.576474711,58.496086396,85.4738068728,183.194241239,79.9164149224,0.0239832608374,74.6870690586,0.0100779527029,92.2051760357,211.968581808,0.0150017114043,0.0150058364682,110.364092672,181.232808595,143.876113894,0.0150110213774,74.6878230739,171.692430906,171.697506421,103.520143468
2011-07-14 09:00:00,110.385735033,92.205514464,0.0247201582692,70.1566191317,0.0199905602128,0.000713467665358,0.0199231814878,211.968543769,0.0199944591533,0.0100074791035,103.57635414,58.4960462721,85.473806918,183.194019065,0.0198889977591,0.023983251701,74.6870636479,0.0100123937778,74.6871133274,211.968545268,0.0150018397715,0.0150068032004,110.364086668,181.232799646,143.876111411,0.0149969338396,69.1558903333,92.206362373,211.968208836,103.520184455
2011-07-14 10:00:00,110.385724969,0.0150616848002,0.024720924688,0.0100586692824,0.0198439262445,0.000712371270833,0.0199217197986,158.976507127,0.0199821417199,0.0100057630117,103.575952181,58.4960369066,85.4738051656,0.0154202490644,0.0100196121605,0.0239821897527,74.6870378612,0.0100070480768,0.0206041971081,211.968503946,0.0150018913442,0.0150069225002,0.0149989294797,181.232789482,143.876110038,0.0149931430294,0.0107457861492,92.2063515341,211.968448854,103.520233951
2011-07-14 11:00:00,89.4126679422,0.0150687325626,0.0246973503043,0.0100538802663,0.0150005442929,0.00071113689512,0.0199168729256,92.2063509726,0.0199851695299,0.0100184098683,103.576411175,0.0148182327855,85.4738042472,0.0150807996844,0.0199806651337,0.0239824481711,74.6870518327,0.0100077125458,0.0200019700229,211.968440946,0.0150020280073,0.0150089660466,0.0149976967016,181.232730982,133.218679607,0.0150256745113,69.1618710365,92.2065153953,211.968517854,103.521650992
2011-07-14 12:00:00,89.4125960558,0.0150148894762,0.021224337835,0.0112736730287,0.015001207564,0.000710033423973,0.0199166045111,211.968492,0.0199908939533,158.975549517,103.576471516,0.0100216002712,85.4738009122,169.624468861,79.916413711,0.0239832536936,74.6870625504,0.0100150683981,0.0200011420264,211.968093919,0.015006527394,0.0150175508809,0.0150007328109,181.232797992,0.0149956445003,0.015107583568,74.6878423141,171.694114357,211.96848805,103.52190553
2011-07-14 13:00:00,110.385726175,0.0156225098977,0.0247080585009,70.1589810644,0.0150018407294,0.000708874027983,0.019913904644,158.976512274,0.0199978240758,158.975557857,103.576526099,0.0100481784681,85.4737994238,183.19421023,79.9164297961,0.0239863919178,74.6870683134,0.0100833966068,0.0200042838441,211.968497795,0.0150056458078,0.0150199432364,110.364073355,181.232808399,0.015002380942,0.0150942837961,74.6878534412,211.967747447,211.968083701,103.521972377
2011-07-14 14:00:00,110.385742958,92.2063165439,0.0247297466329,70.1590359893,0.0193816713065,0.000707779328654,0.0199217724715,158.9765618,0.0200053203807,158.975573036,103.576556477,58.4958044609,85.473800108,183.194249377,79.916438586,0.0239934630423,74.6870713741,0.0100962956567,74.6870994987,211.968552084,0.0150110367493,0.0150213043948,110.364092145,211.968482931,143.876099745,0.0151312369051,74.6878640909,211.968062611,171.694881929,211.968324218
2011-07-14 15:00:00,110.385749101,92.2063258519,0.024733253128,70.1592142996,0.0199908787939,0.000706526904394,0.0199292382821,211.968552415,92.2063207211,211.968114704,211.968559526,58.4960385553,85.4738048155,211.96868632,183.714845248,0.0295996131715,74.6870840103,0.0102064108999,74.6871197768,211.968570108,0.015075161739,92.2062387068,110.364093823,211.969101094,143.876110749,0.0152925098706,74.6879223511,211.968157871,171.694806639,211.969009824
2011-07-14 16:00:00,110.385754072,211.968513024,0.0247304608848,215.024256145,0.020002162973,0.000705352732435,0.019962226169,211.968557641,211.968507361,211.968230721,238.106692192,58.4960471604,85.4738074759,226.165759062,183.714902677,0.029608778717,92.2062572356,21.0531581664,92.206320008,211.968603514,22.7127239563,92.2062911064,147.152083106,223.74417882,143.876112232,0.0240915479196,211.968342336,211.968096315,171.694552346,211.968988342
2011-07-14 17:00:00,110.3857587,211.96854717,0.0247249504175,215.024355855,73.9870928743,0.00070418996313,0.0200175900338,211.968562457,211.968533288,211.968236374,238.106707705,58.4961356076,85.473808629,226.165775095,183.714906509,0.0296114319296,92.2062621724,21.0531709429,92.2063252219,211.968628101,22.7127259217,92.2062971425,147.15209028,223.744220824,177.62481685,122.896440138,211.968410674,211.967984807,171.694441617,211.967951061
2011-07-14 18:00:00,110.385762202,211.968548175,0.0245031711165,215.024366989,170.08526566,0.000703024039672,92.206302647,211.968564036,211.968536008,211.96823874,238.106715861,134.474008508,85.4738088399,226.165778664,183.714908525,0.0296119006128,92.2062635311,21.0531743114,92.2063398441,211.968632007,52.2129892389,92.206302568,147.152090852,223.744225191,177.624976345,122.896598045,211.9684179,211.968063996,171.694277452,158.977165759
2011-07-14 19:00:00,110.385760251,211.968549659,0.0200646179618,215.024373662,170.085268741,0.00070183537563,92.2063328706,211.968564346,211.968547398,211.968239887,238.106716711,134.474017219,85.4738096461,226.165780744,183.714909295,0.0296123183841,92.2062643358,21.0531759411,92.2063350478,211.968637834,39.1603365678,92.2063223279,147.15209105,223.744228962,177.624977373,122.897179188,211.968420848,211.967762101,171.694361163,158.977013935
2011-07-14 20:00:00,110.385755236,211.968551543,0.0200457917159,215.024374336,170.08527002,0.000701034894449,113.83423343,211.968564566,211.968546558,211.968240645,238.106717518,134.474020566,85.4738095759,226.165779839,183.714908985,0.0296124418633,92.2062642919,21.0531760026,92.2063263903,211.968640342,52.2115585428,113.831660437,147.152091052,223.744232656,177.624977659,122.897242302,211.968421732,171.694195513,171.694268977,158.976978927
2011-07-14 21:00:00,110.385750394,211.968551029,0.020040369486,215.024372932,170.085270523,0.000699424445275,113.834758773,211.968564436,211.96853743,211.968240269,238.106715573,134.474021348,85.4738091214,226.165778378,183.714908388,0.0296121904087,92.2062639214,21.0531756391,92.2063233478,211.968643073,52.2130375949,92.2063703674,147.152090996,223.744230312,177.624977789,122.897254546,211.968421779,171.693738034,171.694678565,158.977231206
2011-07-14 22:00:00,110.385746868,211.968550024,0.0200353406667,215.024369513,170.085270501,0.000698133230876,113.834837154,211.968563584,211.968533325,211.968239512,238.106712323,134.474021356,85.473808833,226.165775329,183.714907836,0.0296119034849,92.2062630746,21.0531748324,92.2063217003,211.968635516,52.2130215052,92.2063674677,147.152090881,223.744227554,177.62497781,122.897226669,211.96842178,92.2064614626,171.694572047,211.96715409
2011-07-14 23:00:00,110.385743247,211.968549359,0.0200310073147,215.024366487,170.085270664,0.000696817700811,113.83487282,211.96856231,211.96853025,211.96823849,238.106708278,134.474021296,85.473808722,226.165772605,183.714907245,0.0296115181172,92.206262178,21.0531736439,92.2063210333,211.968620093,52.2129776002,211.967745312,147.152090787,223.744223325,177.624977813,122.897287623,211.968421423,92.2064762279,171.69457363,237.974633077
2011-07-15 00:00:00,110.38574227,211.9685456,0.0200283459115,215.024363052,170.085270452,0.000695568865166,92.206422055,211.968561666,211.968520874,211.968237648,238.106706037,134.474021075,85.4738083399,226.165769093,183.71490685,0.0296105681144,92.2062595576,21.0531725899,92.2063186584,211.968603268,52.2130341609,211.968396399,147.152090726,223.744222482,177.624977801,122.897292748,211.968420267,171.694118512,171.694845225,237.976376161
2011-07-15 01:00:00,110.385741589,211.968544444,0.0200281355216,215.024360302,170.085270578,0.00069440320438,92.2064356752,211.968561579,211.968503251,211.968236679,238.106700737,134.474020933,85.4738079897,226.165766325,183.714906228,0.029610222871,92.2062579009,21.0531715466,92.2063152955,211.968588829,52.2129395031,211.96846333,147.152090623,223.744223698,177.624977815,122.89718549,211.968419803,171.694369206,211.967123478,237.976534595
2011-07-15 02:00:00,110.385745882,211.968540562,0.0200312686009,215.024356297,170.085270756,0.000693259341561,113.834926465,211.968561655,211.96848229,211.96823533,238.106695635,134.474020745,85.4738074995,226.165763366,183.714905307,0.0296096685319,92.2062563714,21.0531705219,92.2063144662,211.968581779,52.2129947908,211.968480507,147.15209052,223.744223265,177.624977833,122.897129782,211.968419527,171.694115424,171.695290778,211.971429019
2011-07-15 03:00:00,110.385751454,211.968539393,0.0200436054861,215.024350194,170.0852709,0.000692252708417,113.834957264,211.968561731,211.968425087,211.968233129,238.106691396,134.474020432,85.4738081048,226.165759271,183.714904204,0.0296091509034,92.2062551876,21.0531690277,92.2063163487,211.968577828,52.2130343355,211.9684899,147.152090429,223.744224681,177.624977896,122.897328565,211.968419919,211.967145422,211.965331004,237.976706152
2011-07-15 04:00:00,110.38576169,211.968538752,0.0201948319118,215.024341795,170.085270994,0.000691563277582,113.834963571,211.968561874,211.968352322,211.968228804,238.106690898,134.474019869,85.4738077718,226.165754655,183.714902539,0.0296055582089,92.2062539405,21.0531670248,92.206318619,211.968570979,52.2130448357,211.968497826,147.152090324,223.744230902,177.624977927,122.897353584,211.968420515,211.967625351,211.968098562,237.976823592
2011-07-15 05:00:00,110.385765467,211.968515402,92.2062469585,215.024309117,170.085271047,0.000690821806797,113.834967731,211.968563631,211.96753414,211.968096872,238.106637542,134.474019104,85.4738082815,226.165738707,183.714886289,0.0295914642498,92.2062459804,21.0531553772,92.206318031,211.968570896,52.213053327,211.96850383,147.152090035,223.744224935,177.624977897,122.897369322,211.9684173,211.967579432,211.968400595,237.976863884
2011-07-15 06:00:00,110.38575024,211.968207916,92.2062784034,214.988755824,170.08527053,0.000689931932494,113.834970449,211.968564736,92.2063213413,0.0100748292812,178.580228727,134.474018116,85.4738061921,226.163958322,148.808945773,0.015015972378,0.015054594563,0.0103335836952,92.2062993368,211.968572709,52.2130551235,211.968510992,147.152085233,223.744217467,177.624977713,122.897339019,211.968322996,211.966892619,211.968536616,237.976849206
2011-07-15 07:00:00,110.385734064,92.2065722078,92.2062694202,93.5415122233,170.085262315,0.000688912218191,113.834953067,211.968564386,69.1587646218,0.010059018364,178.580152491,134.474010123,85.4737920752,158.976203319,148.80893324,0.015001488622,0.0149987548511,0.0102806679707,0.020049562117,211.968587231,52.2130559898,211.968511924,64.0111698574,223.744209856,177.624975181,92.206644954,171.694439575,211.966563162,211.968680741,211.968799287
2011-07-15 08:00:00,110.385680883,92.2090834294,92.2062566892,93.5414572354,73.9871002495,0.000687819929589,92.2063243795,211.968561188,69.1586899821,0.010020196329,178.579969467,58.4962921863,85.4732203717,158.976170913,148.80892219,0.0149953683214,0.0149910819693,0.0102639849791,0.020036997438,211.968588348,52.2130559876,211.968511362,64.011167451,223.744145112,143.87620568,92.1730929108,171.694433869,171.694121549,211.968549875,178.482644579
2011-07-15 09:00:00,89.4125691889,211.968062151,92.2062150361,93.5411467561,73.9870942034,0.000686691817306,92.2063170535,211.968555203,69.1586420703,0.0100053969252,103.576476094,58.4962451939,64.1054042589,158.976072673,0.0101140670377,0.0149682886752,0.014980058765,0.0100190271564,0.0200018171373,211.968554606,52.2130572605,211.968504592,64.0111645699,211.968608232,143.876203112,92.1730366668,171.694424651,171.694360846,211.968242015,178.482689239
2011-07-15 10:00:00,89.4124762663,211.968409061,74.6870678037,0.0100383470006,73.9870925422,0.00068569046257,92.2062851689,92.2063441044,0.0199809322822,0.0100042804208,103.576469304,58.4962368928,64.1053665758,0.0147832574992,0.0100183379359,0.010077601966,0.0149179191097,0.0100092839801,0.020000427217,211.968532256,52.2130571496,211.968489439,0.0149991323628,181.232837875,143.876201015,92.1730101801,171.694416281,171.694153705,171.695848554,178.482829105
2011-07-15 11:00:00,89.4124674912,211.968474999,0.0200756946566,0.010036252146,73.9870895579,0.000684518971615,92.2063143931,92.2063252783,0.0198070685233,0.0100056562572,103.576487667,58.4949301069,64.1053467346,0.0102644056613,0.0100441790047,0.0104126882353,0.0101006464734,0.0100099780806,0.0200008319424,211.968495033,52.2130583182,211.96820711,0.0149400583132,181.232816093,0.0150377039965,92.1730057684,171.694412691,171.694187386,211.968222938,237.976211828
2011-07-15 12:00:00,89.4124667404,211.968523871,0.0200053800459,0.0101112877773,73.9870698335,0.000683314266143,92.2063277205,92.2063194244,0.0199911078234,0.0100194546085,178.579944395,0.0100364878836,64.1053657088,0.0149675452997,148.808895322,0.0149746692889,0.0149424181438,0.0100417240258,0.0200010029364,211.968518527,52.2130618316,92.2063524962,0.0149976483446,181.232809384,0.010012178761,92.173037723,171.694404119,171.694094461,211.968624952,237.977014817
2011-07-15 13:00:00,89.4124682356,211.968533922,74.6870236347,93.5413573777,0.020237415286,0.000682153750465,92.2063355507,69.1548881446,0.0200006170021,0.0100578587221,178.580146547,0.0101769426548,64.1053806146,158.976091311,148.808931175,0.0149999981715,0.0149859709931,0.0102709399328,0.0200028492632,158.976600847,52.213060914,92.2063090523,64.0111157211,181.232819366,77.2668216163,92.1730903522,171.694420365,171.693997797,211.969608013,237.976972633
2011-07-15 14:00:00,89.4124797985,211.968546991,74.6871578694,93.5414661111,73.9870877295,0.000681001690832,92.2063434123,69.1548978266,69.1586769866,0.0100709178562,178.580168441,58.4961158696,64.105413679,158.976174843,148.808939591,0.0150038874437,0.0149934790965,0.0102828037454,0.0200391512607,92.2076732827,52.2130611229,92.2062975458,64.0111668917,181.232867514,143.876199373,92.1732314669,171.694422334,211.967721205,211.969586864,237.97687437
2011-07-15 15:00:00,110.385708663,211.968550019,92.2063298555,93.5415412175,73.9870933839,0.000679836458362,92.2068284078,92.206319067,69.1586936327,92.2059855356,211.968551042,58.4962363134,85.4736535556,158.97621366,183.714834883,0.015019592018,0.0150027053832,0.0104342718863,0.02030006142,92.2064538501,52.2130630735,92.2062809626,64.0111687493,211.968438256,143.876202651,92.1809515138,171.694441718,211.968395774,211.96957565,237.97689442
2011-07-15 16:00:00,110.385745005,211.968552029,211.968471726,124.721886656,73.9870981032,0.000678787644184,211.968494735,92.2063234948,92.2063065064,211.963465333,238.106696463,58.4962447561,85.4737916864,211.968185118,183.714875253,0.0186723080067,0.0184966883883,21.0528197751,92.2063220806,92.2071258398,52.2130656285,0.0152893904208,147.152068741,223.744117238,143.876204112,211.968038094,211.968400901,211.968438751,211.969598175,237.976999552
2011-07-15 17:00:00,110.385755932,211.968553513,211.968559942,124.721967111,170.085246533,0.000677653557141,211.968521705,92.2063250545,92.2063196549,211.963471839,238.106710829,58.4962975623,85.4738040066,211.96827139,183.714878307,0.0186881894137,0.0185265007867,21.0528305222,211.968547507,158.975344812,52.2130670342,92.2059353446,147.152085988,223.744202346,177.624938754,211.968355122,211.968419521,211.968449338,211.969603672,237.97706897
2011-07-15 18:00:00,110.385756347,211.968552987,211.968566429,124.721976242,170.085256158,0.000676489645858,211.968527006,92.2063346084,92.2063218979,211.963474499,238.106725651,134.473378894,85.4738060193,211.968279292,183.714880077,0.0186900489745,0.0185292037514,21.0528341419,211.968551903,211.968329497,52.213070944,92.2062963821,147.152086641,223.744203067,177.624951657,211.968406702,211.968420253,211.968450041,211.969587464,237.977082722
2011-07-15 19:00:00,110.385757722,211.968552245,211.968564287,124.721982573,170.085258755,0.000675267793845,211.968525717,92.2063533951,92.2063225053,211.96347568,238.106721389,134.47338674,85.473806952,211.968284046,183.714880486,0.0186910653291,0.0185304758911,21.0528357161,211.968552703,211.96769835,52.2130623164,92.2062989456,147.152086909,223.7442042,177.62495227,211.968418256,211.968421173,211.968451708,211.969546298,237.977073838
2011-07-15 20:00:00,110.385756012,211.96855198,211.968555136,124.721982841,170.085268168,0.000674155861436,211.968526776,92.2063291679,92.206321897,211.963476147,238.106719033,134.473389791,85.4738069227,211.968285638,183.714880054,0.0186913627377,0.0185308333006,21.0528355517,211.968553442,211.967995537,52.2130562208,92.2063007826,147.15208695,223.7442008,177.624952488,211.968433236,211.968420904,211.968446887,211.969488866,237.977044244
2011-07-15 21:00:00,110.385751308,211.968551409,211.968498804,124.721981429,170.08526669,0.00067293362073,211.968525929,92.2063258582,92.2063212092,211.963475997,238.106717668,134.473390436,85.4738061158,211.968284767,183.714879327,0.0186914641837,0.0185314667301,21.0528351278,211.96855378,211.967405608,52.213054042,92.2063031682,147.152086935,223.744194241,177.624952584,211.968424933,211.968420174,211.968430962,211.969071499,237.976944008
2011-07-15 22:00:00,110.385747949,211.968550024,211.968458017,124.721978565,170.085257186,0.000671690895433,211.968524466,92.2063241308,92.2063201784,211.963475227,238.10671467,134.473390418,85.4738060527,211.968282382,183.714878448,0.018691490072,0.0185314262467,21.0528343719,211.9685536,92.206654541,52.2130502596,92.2063054437,147.152086888,223.744187907,177.624952598,211.968416607,211.968419108,211.968411335,211.968551224,237.976611153
2011-07-15 23:00:00,110.385744894,211.96854809,92.2063413773,124.721975246,170.085255302,0.000670420096341,211.968523142,92.2063188589,92.2063194487,211.963474353,238.106711186,134.473390267,85.473805954,211.968280625,183.714877733,0.0186914672725,0.0185313442898,21.0528333106,211.96855289,92.2063820933,52.2130469188,92.2063077584,147.152086826,223.74419023,177.624952591,211.968405024,211.968417785,211.968383093,211.968416618,211.968200265
2011-07-16 00:00:00,110.385742757,211.968547638,92.2063345856,124.72197253,170.08525001,0.000669211708697,211.968520369,0.0150031599851,92.206319891,211.963473389,238.10671202,134.473389973,85.4738056664,211.968279872,183.714877184,0.0186913115779,0.0185311172614,21.052832124,211.968552099,92.2063467687,52.2130445228,92.2063057972,147.152086731,223.744185633,177.624952534,211.968396585,211.968415938,211.968314518,211.96828987,103.522927851
2011-07-16 01:00:00,110.385742145,211.968546353,92.2063311587,124.721969293,170.085204201,0.000668022615507,211.968520502,0.0150012715571,92.2063198136,211.963472472,238.106707483,134.473389787,85.4738055066,211.968277304,183.714877142,0.0186910399514,0.0185309063983,21.0528311197,211.968550124,92.2063132717,52.2130406093,92.2063055711,147.152086652,223.744178463,177.624952514,211.968389878,211.968415025,211.967905484,211.968309394,103.520584905
2011-07-16 02:00:00,110.385741228,211.968540663,92.2063293174,124.721965266,73.9870965776,0.000666824601052,211.96851829,0.0150012541585,92.2063193463,211.963471011,238.106700661,134.47338943,85.4738053492,211.968274158,183.714876307,0.0186904165298,0.0185308881,21.0528296669,211.968546831,0.0156561724844,52.2130393503,92.2063062221,147.152086551,223.744173015,177.624952457,211.968364442,211.968412868,211.967177736,211.968250883,103.520231542
2011-07-16 03:00:00,110.385741505,211.96853887,92.2063283605,124.721959178,73.9870940103,0.000665648261922,211.968510937,0.0150011667966,92.2063183643,211.963468696,238.106690056,134.473388935,85.4738053825,211.968270486,183.71487517,0.0186900597337,0.0185303061041,21.0528278967,211.968536176,0.0150386319587,52.2130382721,92.2063098229,147.152086415,223.744152947,177.624952393,211.968340046,211.968409587,211.964028,211.967922737,103.520154144
2011-07-16 04:00:00,110.385742707,211.968534035,92.2063277414,124.72194971,73.9870931017,0.000664652211815,211.968476228,0.015000528922,92.206317927,211.963463789,238.106680592,134.473388086,85.4738052932,211.96826463,183.714873575,0.0186892855259,0.0185293049,21.0528252863,211.968494285,0.0150157561533,52.2130344444,92.2063131518,147.152086211,223.744144662,177.624952279,211.968268594,211.968404298,92.2063253685,211.967564074,103.520171911
2011-07-16 05:00:00,110.385739677,211.968517546,92.2063275259,124.721912243,73.9870909168,0.000663797930613,92.2063361269,0.0150002917775,92.206317056,211.963261898,238.106462049,134.473386513,85.4738033317,211.968248618,183.714859856,0.018686856347,0.0185267637353,21.0528138338,211.968245437,0.0150133084891,52.2130300236,92.206332896,147.152085832,223.744112204,177.624952149,211.968119887,211.968381415,92.2062257012,211.965972056,103.520067023
2011-07-16 06:00:00,110.385676065,211.968509077,92.2063291245,93.5391662111,0.0199934061664,0.000662916630172,92.2062918914,0.015000289909,74.6871250202,0.0100606068799,103.576600604,134.473384725,85.4737907828,0.0178050201238,148.809039737,0.0159427367638,0.0176826571645,0.011466979618,92.2063212205,0.0150192993347,52.2130367523,211.96838151,147.152076722,223.742357509,177.624951812,0.0169762622262,0.0144600276616,0.0155167852251,92.2069107706,103.519872297
2011-07-16 07:00:00,0.0108316603653,211.968229715,92.2063251721,93.5389166814,0.0150032727784,0.000662058163016,0.0150248499195,0.0150002643071,74.6871177534,0.0100459219537,103.576492228,134.47337166,85.4661913889,0.015041838399,148.809032697,0.0112397475902,0.0150012495654,0.0105333966075,0.0200117937905,0.0150133511084,52.2130329215,211.968444288,0.0150039399435,171.695319565,177.624946638,0.0152491171909,0.0142399760793,0.0150146936896,92.2067842604,103.519536463
2011-07-16 08:00:00,0.0107806093614,92.2063440266,0.0380584246201,93.5386927261,0.0150004560999,0.000661238867503,0.0150036694067,0.0150003578433,74.6870981339,0.0100168939275,103.576464976,0.0145519682603,64.1053489033,0.0150110749026,148.809028156,0.011232436472,0.0149956342917,0.0105181378179,0.0200007338821,0.0150057931293,52.2130290713,113.834426864,0.0150009133212,171.694610586,0.014973795039,0.0150575218048,0.0142261488461,0.0150109887609,92.2059458054,0.020064368119
2011-07-16 09:00:00,0.0100570608153,92.2063305648,0.0200013764973,0.0100998996931,0.0149999500202,0.000660190912775,0.015003027198,0.01500066246,0.0201821900036,0.0100060367123,103.576086728,0.0144775359138,64.1053171211,0.0144449401799,148.809012482,0.011195370978,0.0149815652739,0.0100133379422,0.0199983806252,0.0150005984859,52.2130244159,92.2063170661,0.014998006808,171.694557075,0.0149702634624,0.0149932221034,0.0141074080639,0.0150008196384,0.0776105924206,103.518878868
2011-07-16 10:00:00,0.0100073098692,92.2063248151,0.0199962772232,0.0100323786491,0.0149997431658,0.000659018489304,0.0150024017713,0.0150006849588,74.6869348379,0.0100040388895,0.0200258409555,0.014467522478,64.1052502112,0.0100451130607,0.0188478812394,0.0100128941146,0.010015653877,0.0100058888571,0.0199764162307,0.0149984969812,52.2130173409,92.2063011116,0.0100027177607,171.694535413,0.0149688074216,0.0149754922774,0.0100112205716,0.015002126246,0.606764747419,103.519733964
2011-07-16 11:00:00,0.0100077109013,92.2063230125,0.019995660659,0.0100437210669,0.0149996710156,0.000657799979796,0.0150030853204,0.0150006587317,74.6871146792,0.0100050921363,0.0200244741283,0.0137806518194,64.1052219888,0.0100368535261,79.9160011987,0.0100092165591,0.010009566357,0.0100062592977,0.0150024955338,0.0149981819942,52.213018809,92.2062992891,0.010001029742,171.694379831,0.0149142250572,0.0149661633097,0.0100125875362,0.01500526,92.206655779,103.519709554
2011-07-16 12:00:00,0.0100108407254,92.2063172002,0.0200012275352,93.538391616,0.0149997551128,0.000656597184141,0.0150014979386,0.0150005756339,74.6871184735,0.0100171062693,103.57544624,0.0100327295404,0.0101844424338,0.0101103185431,148.809018848,0.0100214700532,0.0100233288933,0.0100127481103,0.0150026022476,0.0149995893397,52.2130278739,92.2063019471,0.0100015528886,158.98203035,0.0100071212983,0.0149663770448,0.0101007678538,0.0150126491296,92.2068393261,103.519755594
2011-07-16 13:00:00,0.0107204708108,92.2063179762,0.0200458551959,93.5389026871,0.0149998247861,0.0006554353494,0.0150036486085,0.0150001448323,74.6871266459,0.0100445665499,103.576469958,0.0100139596211,64.1052206145,0.0149782997202,148.809032365,0.0112246614917,0.0149884155243,0.010496144489,0.0199949168106,0.0150021609881,52.2130281741,92.2063046288,0.0149928199711,171.694451708,0.0148980668977,0.014979981865,0.0141953441081,0.0150375833609,92.2071368145,103.519817316
2011-07-16 14:00:00,0.0107823112928,92.2063234621,0.0381389722734,93.5389353279,0.0149999018661,0.000654313626937,0.0150203556403,0.0150000594087,92.2063222674,0.0100584874227,103.576499229,0.013604595079,64.1053291316,0.0150267142344,148.809039384,0.0112338923044,0.014999036735,0.0105256877043,0.0200006989185,0.0150037949951,52.2130286816,92.2063068051,0.01500013156,171.694534177,0.0149681744392,0.0150153962414,0.0142295208917,92.2051711654,92.2085420228,103.519998195
2011-07-16 15:00:00,0.0108248756191,92.2063310913,0.0469772614453,93.5391903286,0.0150001811101,0.00065333712917,0.0150437392991,0.0150000449489,211.968472436,92.205329749,211.968514068,0.014467612943,64.1053915898,0.0151036434498,183.714849057,0.0112432365786,0.0150218872408,0.0105592740733,0.0200106365119,0.0150032173153,52.2130311006,92.2063168606,0.0150018353134,171.694554836,0.0149697193878,0.0199288840598,0.014261598714,92.2063164331,211.968161828,103.520172565
2011-07-16 16:00:00,0.0149614467633,211.968521241,0.0469730490078,124.717889612,0.0150006053805,0.000652299792847,0.0151084484418,0.0150000970409,211.968536277,92.207473872,238.106747831,0.0144771002925,85.4737689902,211.968656488,183.714868824,0.0151706744681,92.2063024539,0.0142810944843,92.2063113631,0.0150043702092,52.2130350814,92.2063026604,64.0111261412,211.968471077,0.0149710069972,0.0200131601311,0.0189997645563,211.968103216,211.968506309,211.968940917
2011-07-16 17:00:00,0.0150530736774,211.968547362,0.0469095466704,124.717946171,0.0150033652219,0.000651211829897,0.0185795219198,0.0150005318543,211.968545214,92.2074804436,238.106768409,0.0146949928623,85.4738019924,211.968732869,183.714871398,0.0151940771649,92.2063134259,0.0142935790085,92.2063194905,0.0150051625352,52.2130423769,92.2062917859,64.0112396159,211.968569382,0.0150000392103,0.020032346082,0.0190285899436,211.968380936,211.968621604,237.97657638
2011-07-16 18:00:00,0.0150598305576,211.968543749,0.038048877061,124.717955166,0.0150032411021,0.000650007629806,0.0150931693035,92.2063250921,211.968543302,92.2074831699,238.106781451,0.0180379776206,85.4738046907,211.968739826,183.714872978,0.0151954417683,92.2063152372,0.0142974713851,92.2063185404,0.0150042470223,52.2130373421,92.2062446393,64.0112403448,211.96857161,0.0184830866412,0.0199945327116,0.0190319464796,211.968356527,211.96857672,237.976757852
2011-07-16 19:00:00,0.0150648023059,211.96854312,0.0380538339038,124.717960699,0.0185116091496,0.000648676289097,0.0185774545658,92.2063276016,211.968545434,92.2074845103,238.10678261,0.0180460360294,85.4738066248,211.968744454,183.714873449,0.0151967583163,92.2063163718,0.01429920642,92.2063165702,0.0150034989937,52.2130337677,0.0156109978056,64.0112406696,211.968574543,0.0184836490033,0.0200041765646,0.0190344027688,211.968342441,211.968593141,237.976869849
2011-07-16 20:00:00,0.0150655250637,211.96854656,0.0380726527797,124.717960384,0.0185177878736,0.000647593746869,0.0186000439355,92.206329299,211.968543225,92.2074850643,238.106782648,0.018048645056,85.4738069169,211.968745575,183.714873124,0.0151971906794,92.2063164907,0.0142991971037,92.2063150644,0.0150023166522,52.2130308413,0.0150352991493,64.011240725,211.96857412,0.0184837776814,0.0200026771359,0.019035051059,211.968303812,211.968606676,237.976910414
2011-07-16 21:00:00,0.0150634296758,211.968548113,0.0469598450321,124.717958098,0.01851872164,0.00064650450895,0.0186046374791,92.2063250894,211.968539489,92.2074849258,238.106782199,0.0180492743388,85.4738066896,211.968744225,183.714872836,0.0151973474259,92.2063163456,0.0142987158374,92.2063131032,0.0150023854124,52.2130308839,0.0150107889737,64.0112407247,211.968572024,0.0184838404238,0.0199185819901,0.0190349836962,211.96826638,211.968548777,237.976917517
2011-07-16 22:00:00,0.0150615870667,211.968548544,0.0469773961223,124.717955363,0.0185182708964,0.000645310596465,0.0186072155794,92.2063235169,211.968536256,92.2074842641,238.106781156,0.0180494500575,85.4738076081,211.968741778,183.71487241,0.0151974563834,92.2063159644,0.0142979915229,92.2063080995,0.0150016614158,52.2130276704,0.0150056114474,64.0112406821,211.96857186,0.0184838482803,0.0152215745874,0.0190348197263,211.968214628,211.968473742,237.976910642
2011-07-16 23:00:00,0.0150591223897,211.968549473,0.0469855527014,124.717952462,0.0185183730787,0.00064400370558,0.0186097237699,92.2063171054,211.968530895,92.2074835283,238.106779779,0.0180493681138,85.4738072564,211.968739577,183.714871828,0.0151974491492,92.2063155223,0.014296893417,92.2062833522,0.0150009368473,52.2130242982,0.0150041797457,64.0112406308,211.968570414,0.0184838362439,0.0150267591831,0.0190340806042,211.968166221,211.968412787,237.97690081
2011-07-17 00:00:00,0.01505777234,211.968548645,0.0469987749862,124.717949516,0.0185183886646,0.000642801963849,0.0186163002889,0.0150073263891,211.968522685,92.2074827522,238.106778713,0.0180493892925,85.473806754,211.968738281,183.714871003,0.015197310968,92.2063149321,0.0142957258531,92.2063046288,0.0150005145852,52.2130190717,0.0150367949749,64.0112405551,211.968567714,0.0184837559868,0.0150270446254,0.0190333103051,211.968033884,211.968394501,237.976893057
2011-07-17 01:00:00,0.0150553803957,211.968548883,0.0470025169803,124.717945938,0.0185172124045,0.000641655093435,0.0186177143642,0.015004231105,211.968465744,92.2074820011,238.106776239,0.0180489831901,85.4738065099,211.968736605,183.714869785,0.0151969610739,92.2063143569,0.0142947005955,92.2062053716,0.0150006532913,52.2130153485,0.0150144246888,64.0112404943,211.968565157,0.0184837704524,0.0150170026124,0.0190323395241,211.967922836,211.968215984,237.976881691
2011-07-17 02:00:00,0.0150526554857,211.968548641,0.0469927893818,124.717941596,0.0185128719694,0.000640544712017,0.018617559734,0.0150037896754,92.2063390921,92.207480808,238.106774268,0.0180484124892,85.4738058216,211.968734017,183.714868246,0.0151965083284,92.2063136075,0.0142934173129,74.6871233174,0.0150020034416,52.2130104323,0.0150087564119,64.0112403864,211.968561287,0.0184837251139,0.0150032168471,0.0190308920416,211.967358186,211.968150915,237.976868527
2011-07-17 03:00:00,0.015049554064,211.968549499,0.04698867695,124.717933007,0.0152642483928,0.000639324317499,0.0186154598569,0.01500407546,92.2063253297,92.2074788855,238.106770465,0.0180479038305,85.4738053284,211.968728908,183.714866834,0.0151962463342,92.2063124176,0.0142914642775,74.6871301272,0.0150028150309,52.2130003225,0.0150044336493,64.0112402109,211.968556204,0.0184836392977,0.0150017868831,0.0190283350012,211.96693969,211.968309551,237.976857449
2011-07-17 04:00:00,0.0150466724948,211.968550143,0.0469796631043,124.717920648,0.0150075231522,0.000638289585471,0.0186115885827,0.0150021646245,92.2063219504,92.2074744568,238.106766954,0.0180470326835,85.4738053396,211.968721879,183.714863925,0.015195885873,92.2063107086,0.0142883698745,74.6871400073,0.0150026100042,52.2116690639,0.0150026019707,64.0112398787,211.968546383,0.0184834450974,0.0150053217306,0.0190240426057,211.967361114,211.968383104,237.976823091
2011-07-17 05:00:00,0.0150369459366,211.96854807,0.0469390295355,124.71787036,0.0150011599174,0.000637302737644,0.0185781506946,0.0150009811036,92.2062911703,92.2074018603,238.106726893,0.0180451429728,85.473804869,211.968694822,183.71484165,0.0151945486585,92.2063020627,0.0142744697298,92.2062653689,0.0150002492074,0.015069233851,0.0150014679051,64.0112391724,211.968516258,0.0184831279725,0.0150105846267,0.0190037517287,211.967272995,211.968401904,237.976518759
2011-07-17 06:00:00,0.0128927770242,211.968541793,0.0469387280369,0.0105451995884,0.015000381395,0.000636432929908,0.0151067981021,0.0150007959906,0.0199859153513,69.1560912193,178.580451562,0.0180416191657,85.4738035414,0.0106359838708,148.808913355,0.0150048674771,0.0101022646499,0.0101697994991,92.2063129604,0.015000227867,0.0150062441074,0.0150009846843,64.0111635789,0.0117679140199,0.0184824816985,0.0150188014913,0.0101871633478,171.696316911,211.967454234,103.52013202
2011-07-17 07:00:00,0.0104522200401,211.968532749,0.019998423935,0.0102050454725,0.0149999534719,0.000635604231249,0.0150019491265,0.0150006942711,0.0196731944627,69.1560775424,178.580235446,0.0180278933302,85.4738037285,0.0102731595666,148.808901961,0.0123075707609,0.010063430848,0.0101203127596,92.2063092797,0.014999080336,0.01500297374,0.0150024475357,0.0149974460336,0.0103933922914,0.0150032911322,0.0149928097201,0.0100826282899,171.693934981,171.694924144,103.51996989
2011-07-17 08:00:00,0.0104096622708,211.968524797,0.0199862010192,0.010150046982,0.0149998363202,0.000634728331046,0.014999121225,0.0150004896361,0.0150072156092,69.1558494022,178.580137915,0.0149300922243,85.4738048958,0.0102435573752,148.808893447,0.0123034380215,0.0100537043165,0.0101088311421,74.6871140533,0.0149992511433,0.0150029340559,0.0150076497757,0.0149957961794,0.0103525341605,0.0149697257421,0.014945820234,0.0100610904487,171.693446998,171.694286272,77.6409183454
2011-07-17 09:00:00,0.0100198341411,211.968514013,0.0198204885491,0.0100298445762,0.0149997462547,0.000633662496297,0.0149960025151,0.015000293029,0.0149984541807,0.0164791791102,103.576487395,0.0101002024104,85.4738044642,0.0100762786562,79.9161913979,0.0123009828999,0.0100119066706,0.0100131331342,74.6871089173,0.0149996497121,0.0150046731501,0.0150148579376,0.0149922641596,0.0101962827014,0.0149682459232,0.0149484815356,0.0100138671575,92.2064938935,171.691158179,77.6406162898
2011-07-17 10:00:00,0.0100080583009,211.968513661,0.0150042036213,0.0100149580579,0.0149996680428,0.000632663346373,0.0149942834975,0.0150002069447,0.0149960698214,0.0100430504611,103.57643275,0.0100732244203,85.4738031045,0.010018451555,0.0100234387278,0.0122941170787,0.0100054563752,0.0100058973985,0.0200024182467,0.0150001002949,0.0150046965572,0.0150341743938,0.0100044782303,0.0100410560208,0.0149671760364,0.0149853242751,0.0100077991883,92.2064054488,92.2070330008,77.6404584074
2011-07-17 11:00:00,0.0100061619148,211.968517366,0.0150007832237,0.0100140088992,0.014999647198,0.000631623668897,0.0149959759856,0.015000113184,0.0149967011956,69.1553536302,103.576402977,0.0100066554369,85.4738048168,0.0100149981083,0.0200276582453,0.0100604014477,0.0100053435342,0.0100084471333,0.020002382554,0.0150004672309,0.0150034689794,0.0186284581572,0.0100032229186,0.010031169452,0.0149508422948,0.01499131955,0.0100075887423,92.2063211823,92.2105810835,77.6404482704
2011-07-17 12:00:00,0.0100079276565,211.968518151,0.0150038933811,0.0100200551039,0.0149996128768,0.000630520000155,0.0149945381556,0.0150001504358,0.0150006800768,69.1560731087,103.576545427,0.0100037359534,85.4738057789,0.0100242737738,148.808889526,0.011705555882,0.0100111781013,0.0100604212938,69.1547619051,0.015000489029,0.0150076573172,0.015052680539,0.0149424388766,0.0100510829244,0.0100030689448,0.0149848792225,0.010012517629,92.2063582735,171.694333255,77.6405871116
2011-07-17 13:00:00,0.0103890336117,211.968530594,0.0150038105935,0.0100855661976,0.0149995097557,0.000629436125879,0.0149936236154,0.0150001137756,0.0196633855956,69.1560856982,178.580220261,0.0100041325485,85.4738064838,0.0101993807575,148.808900632,0.0122974725762,0.0100522450886,0.0101057275516,74.6871127302,0.015000269472,0.0150031810313,0.0152907968374,0.0149940433494,0.010289914359,0.0100072499437,0.0148666044405,0.0100547061,171.693870359,171.695129695,77.6407912762
2011-07-17 14:00:00,0.0104436515361,211.968533746,0.0150129487277,0.0101864322082,0.0149995529287,0.000628392456859,0.0149954316097,0.0150000441528,0.0196858269832,69.15609826,178.580249713,0.0100083026472,85.4738064419,0.0102559215813,148.808907374,0.0123034028539,0.0100626576502,0.0101197490785,92.2047607405,0.0150000363829,0.015002513887,92.2062698682,0.0149958854639,0.0103602019973,0.0149645953143,0.0149118574299,0.0100801843753,211.967994431,211.968185152,103.519995451
2011-07-17 15:00:00,0.0105474934038,211.968544129,0.0198293786034,0.0103047131923,0.014999647016,0.000627407273461,0.0149997710378,0.015000050044,92.2063213668,92.2072113199,238.106530418,0.0100836089826,85.4738063184,0.0103223672862,183.714694453,0.0123161169914,0.0100898985476,0.0101660212048,92.2063187895,0.0150001500368,0.015005787033,92.2063023903,0.014997477961,0.0104100105584,0.0149680371563,0.0149033747788,0.010138791667,211.968277102,211.968507976,103.520238238
2011-07-17 16:00:00,0.015011397055,211.968550768,0.0199979374261,93.5656641954,0.0149998166909,0.000626283223768,0.0150016114666,0.0150000892679,211.968500363,92.2072520374,238.106788141,0.0100969426475,85.4738046456,211.967957763,183.714710839,0.0150024071302,211.968168532,21.0525688451,92.2063211167,0.0150003716631,0.0150157338965,92.2113300712,0.0151709558165,211.968496863,0.0149696143327,0.0149796138846,0.0245136426867,211.968418008,211.968686938,103.520817619
2011-07-17 17:00:00,110.385664247,211.968553487,0.0200032352542,93.5658537429,0.0150000306051,0.000625252208131,0.0150030128211,0.0150001492107,211.968509381,92.207257481,238.10680119,0.0101498217877,85.473806203,226.165590958,183.714713516,0.0151877712038,211.968203318,21.0525852274,92.2063226755,0.0150005287442,22.7127318315,211.968490684,64.0111742624,223.743980865,0.014998312332,0.0149944710345,0.0245672735008,211.968444291,211.968740163,103.520819024
2011-07-17 18:00:00,110.385694189,211.968553354,0.0200063984122,93.5658677499,0.0150002558583,0.00062413296624,0.0150040743497,0.0150002476974,211.968510533,92.2072599155,238.10680939,0.0185824769751,85.4738075023,226.165605848,183.714715221,0.015174713194,211.968206281,21.0525894499,92.2063226473,0.0150005905234,52.2129792474,211.968490476,64.0111751186,223.744026659,1.56701146029,0.0150044233613,0.0245718652899,211.968436757,211.968672776,103.520712287
2011-07-17 19:00:00,110.38571362,211.968554014,0.0200049338205,93.565876527,0.0150012877296,0.000623000435199,0.0150062787453,0.0150001380688,211.968511064,92.2072609154,238.106812045,0.0186016980044,85.4738085798,226.16561299,183.714715616,0.0151631135765,211.968208012,21.052591448,92.206321762,0.0150005479594,52.2129923027,211.968495918,64.0111754934,223.744048407,1.56701366244,0.0150299896665,0.0245746736928,211.96842345,211.968594727,103.520623387
2011-07-17 20:00:00,110.385720454,211.968554781,0.020003098523,93.5658776723,0.015008311627,0.000621764018916,0.0150073924815,0.0150001238495,211.968509107,92.207261311,238.106811768,0.0186063233782,85.4738085064,226.165615975,183.714715445,0.0151568467886,211.968208601,21.0525917448,92.2063209384,0.0150008808505,52.2129952088,211.96847975,64.0111756096,223.744055577,1.5670141954,0.0150890573399,0.0245757757443,211.968375755,211.968532782,103.520228971
2011-07-17 21:00:00,110.385719017,211.968553645,0.0200015496403,93.5658764712,0.0150049760738,0.000620606839154,0.0150069913267,0.0150001302164,211.968508189,92.2072610391,238.106809519,0.0186074579849,85.4738074616,226.165616321,183.71471499,0.0151918749572,211.968208697,21.05259152,92.2063202114,0.0150010220148,52.2129967286,211.96836599,64.0111756484,223.744055454,1.56701445815,0.0150229641793,0.0245760811774,211.968285926,211.968348212,103.520014815
2011-07-17 22:00:00,110.385715601,211.968551934,0.0200004535653,93.5658737127,0.0150023195683,0.000619294110469,0.0150053334112,0.0150000751946,211.968506683,92.2072603271,238.106806777,0.0186077701491,85.4738073683,226.165614523,183.714714616,0.015196878222,211.968208506,21.0525907238,92.2063184835,0.0150006566573,52.2129943856,92.2063452671,64.0111756085,223.744052912,1.56701458102,0.0150100928981,0.024576023765,211.968113444,211.967517405,103.519635409
2011-07-17 23:00:00,110.385722149,211.968549681,0.0199999222172,93.565871301,0.0150026984784,0.000618058826649,0.0150044416068,0.0150000278946,211.968504864,92.2072595888,238.106803557,0.0186077977766,85.4738071301,226.165614301,183.714714275,0.0152001663224,211.968208315,21.0525896212,92.2063147652,0.0150003822847,52.2129934317,92.2063111604,64.0111755547,223.744051845,1.5670146504,0.0150096750205,0.0245754020231,211.967769869,211.95948176,77.6454457918
2011-07-18 00:00:00,110.385731906,211.968546416,0.019999467298,93.5658693223,0.0150035533919,0.000616816620595,0.0150044336541,0.0150000028231,171.694516362,92.2072588733,238.106797733,0.0186077550861,85.4738065479,226.165613762,183.714713465,0.0152018405061,211.968207877,21.0525885423,92.2062994927,0.0150005429656,52.2129906978,92.2063081553,64.0111754929,223.744052596,1.56701468851,0.0150482109177,0.0245740794155,211.934343925,92.2068726828,103.518621157
2011-07-18 01:00:00,110.38573139,211.968541747,0.0199993997237,93.565867185,0.0150035700481,0.00061574478015,0.0150046116743,0.014999979021,171.694508404,92.2072580049,238.106795871,0.0186076595969,85.4738062113,226.16561177,183.714712811,0.0152029251418,211.968207615,21.0525875093,74.6871700814,0.0150002212333,52.2129888509,92.2063017806,64.0111754234,223.744066284,1.56701473801,0.0150972579457,0.0245730284132,92.2064695345,92.206805193,103.508958107
2011-07-18 02:00:00,110.385735976,211.968537647,0.0199995461381,93.5658649177,0.0150126361748,0.000614652503289,0.0150046336678,0.0149999765243,171.694526118,92.207256727,238.106793635,0.0186075670904,85.4738060605,226.165609987,183.714711847,0.0152040103647,211.968207783,21.0525865035,92.2062849361,0.0149994028445,52.212987274,92.206294056,64.0111753551,223.744067444,1.56701478442,0.0151852312994,0.0245727991732,92.2063603471,92.2067185529,0.0217716405287
2011-07-18 03:00:00,110.385745174,211.968537372,0.0199996318418,93.5658614414,0.01851297804,0.000613693435796,0.0150047663588,0.0149999999946,211.968464502,92.2072549831,238.106791371,0.0186073990941,85.4738067476,226.165609877,183.714711079,0.0152055530931,211.968207701,21.0525851178,92.2063106276,0.0149994077352,52.2129860721,92.2062918146,64.0111753474,223.744064398,1.56701486567,0.0151532208077,0.0245713202122,92.206313464,92.2066175439,0.0216061550443
2011-07-18 04:00:00,110.385754687,211.968532038,0.020000237671,93.5658567246,0.018517196435,0.000612938625971,0.0150049310155,0.0150000292361,211.968495783,92.207251103,238.106794643,0.0186072435238,85.4738077752,226.165611352,183.714710234,0.0152059485561,211.968207814,21.0525834949,92.2063152419,0.0149995403471,52.2129845206,92.2062753361,64.0111753192,223.74407818,1.56701489647,0.0151180512626,0.0245696479913,92.2062860242,92.2064809476,0.0220283082201
2011-07-18 05:00:00,110.385762109,211.967829891,0.0200014986026,93.565836709,0.0185179786407,0.000612409529264,0.0150046837172,0.0150001395262,211.968488111,92.2072028426,238.106779341,0.0186067314166,85.4738082599,226.165609461,183.714701403,0.0152058204901,211.968205723,21.0525734073,92.2063132703,0.0150002371099,52.2129841308,74.6924158488,64.0111751333,223.744082865,1.5670148559,0.0150319112463,0.0245591588822,92.2057559627,0.0279246065046,0.0204684520169
2011-07-18 06:00:00,110.385764973,92.2063283229,0.0200050026453,70.1751346935,0.0185176094641,0.000611480338577,0.0150044696532,0.0150001680468,171.694489783,0.0100806417061,211.968868928,0.0186061652144,85.4738060346,211.966301249,148.808899798,0.0152044477229,171.694260737,0.0103100485578,92.2063004255,0.0150044335499,52.2129861709,92.2062825796,64.0111726139,211.968949746,1.56701464332,0.0150120337792,0.0189769300688,0.0150315643265,0.0151858143606,0.0200270908699
2011-07-18 07:00:00,110.385760197,92.2063201606,0.0200051465331,70.1748411282,0.0150094740872,0.000610546825376,0.0150043371984,0.0150001570107,171.694483718,0.0100641695836,192.866500568,0.0186007467027,85.4737879551,183.194144835,148.808889985,0.0151995799028,171.694246177,0.0102580602792,0.0200154905389,0.0150060310522,52.2129850259,92.2062287049,0.0150227205494,181.232743243,1.56701241738,0.0150252701133,0.0189165047015,0.0150009669917,0.0150508143466,0.0199426194253
2011-07-18 08:00:00,110.385741986,92.2062857017,0.0200051964731,70.1747213324,0.0150012543574,0.000609559666611,0.0150029129085,0.0150001342243,171.69448071,0.010019064248,192.866484896,0.0150656413576,85.4736355862,183.19412202,148.808872281,0.0123227206022,171.694239629,0.0102383865534,0.0200024841563,0.0150071215181,52.2129825034,0.0150259005842,0.0150189855476,181.232719788,0.0149984867908,0.0150354913821,0.0187601907625,0.0149926910467,0.0150267596319,0.0151562091023
2011-07-18 09:00:00,110.385727395,0.0150457793573,0.020002987449,0.0104445618542,0.0150003426391,0.000608407452213,0.0150010695462,0.0150001169199,171.69448811,0.0100054992187,192.866290207,0.0150518873942,64.1058391532,169.625205084,0.0100970262446,0.0123163527111,171.694011104,0.0100158723006,0.0199998697308,0.0150043811053,52.212979284,0.0150091553707,0.015013776777,181.232710039,0.0149940386188,0.0150289848669,0.0144472593201,0.0149870102162,0.015012230616,0.015024371137
2011-07-18 10:00:00,110.385647461,0.0150167087257,0.0200005823001,0.0100486443813,0.0149999690253,0.000607385175096,0.0150002746334,0.0150001225819,171.694488341,0.0100044508463,178.580333173,0.0150371446851,64.1055508262,169.624988337,0.0100189948504,0.0123078825843,0.0147456520079,0.0100082523006,0.0199984111237,0.015003628068,52.2129737898,0.0150056296351,0.0149878534686,181.232706996,0.0149928519503,0.0150107113973,0.0100321788875,0.0149847677873,0.0150139837321,0.0150156994977
2011-07-18 11:00:00,110.385652179,0.0150186238881,0.019999706032,70.1744708498,0.0149998752388,0.000606410138161,0.015000042365,0.015000178531,171.694490484,0.0100067805372,178.580331027,0.0113063909949,64.1055442594,183.19410997,0.0198474918138,0.0122939450757,171.694227054,0.0100088726003,0.0199974553067,0.0150030288872,52.2129650225,0.0150058553269,0.0149790294204,181.232711099,0.0149901195644,0.0150057571074,0.0100422941829,0.0149872289827,0.0150439946694,0.0152506840995
2011-07-18 12:00:00,110.385700895,0.0150241245085,0.0200000221371,70.1748060658,0.0150001037374,0.000605310649013,0.0149998066027,0.0150003532003,171.694492595,0.0100253046197,192.866428538,0.0100241976124,64.1055731207,183.194138825,148.808871802,0.0123141340061,171.69424434,0.010042696164,0.0199983017943,0.0150025110239,52.21296407,0.015005599836,0.0149980685854,181.232755881,0.0149821422534,0.0150021712086,0.0147547568745,0.0149946187654,0.0151638841115,0.0199950342529
2011-07-18 13:00:00,110.385724199,92.206227634,0.0199996576256,70.174777447,0.0150013938603,0.000604169204579,0.0150019676468,0.0150006928308,171.694500341,0.0100641826855,192.866490452,0.0140470655265,64.1056308437,183.194140997,148.808890646,0.0123166554448,171.694245585,0.0102473417609,0.0199993745061,0.0150063587425,52.2129571756,0.0150075990111,0.0150026842765,211.968436458,0.0149874599439,0.0150004471779,0.0189115259964,0.015004469174,92.2064015623,0.0203681245688
2011-07-18 14:00:00,110.385731769,92.2063083517,0.0200001303342,70.1748466744,0.015007210951,0.000603016387177,0.0150033566781,0.0150165997062,211.968383261,0.0100778417412,192.866516508,0.015022328275,85.4737807874,183.194160476,148.808900609,0.0123206053462,171.694260546,0.0102625140124,0.0200001042193,0.0150117455762,52.2129644445,0.015009361001,0.0150183199735,223.742859974,0.0149923220586,0.0150140372934,0.018930294505,0.0150254141305,92.20682349,103.520048455
2011-07-18 15:00:00,110.385746205,92.2063217355,0.0200011414737,70.175141859,0.0199995910093,0.000601844768003,0.0150115248876,92.2063207587,211.968546477,211.967842248,238.106740559,0.0150504199203,85.4737973793,226.16569828,183.714855702,0.0123508923839,211.968466023,0.0107448112851,0.0200046163874,0.0150127009067,52.2129678378,0.0150172059543,0.0150199756373,223.743954418,0.0149933592806,0.015045103883,92.2065504407,0.0161797258522,211.968009533,237.976444208
2011-07-18 16:00:00,110.385756019,92.2063272497,0.0200037110943,215.037304872,73.98709389,0.0006007646027,0.0150622954749,92.2063251507,211.968555645,211.968277537,238.106805192,0.0150592171897,85.4738036549,226.165972809,183.71490559,0.0348091089216,211.968539333,211.967475376,92.2063134993,0.015010699805,52.212971814,0.0151829404508,147.151935374,223.744087431,0.0149945113408,0.0151657702693,211.968497066,92.2063573305,211.968497535,237.977075588
2011-07-18 17:00:00,110.385765295,92.206327441,0.0200476480286,215.03739938,170.085127887,0.000599738194996,0.02001223978,92.2063268936,211.968559436,211.968283825,238.106812546,58.4959527634,85.4738066621,226.165998889,183.714909567,0.0349071267612,211.96854799,211.967488676,92.2063237725,0.0150083693658,52.212976774,0.0190470091517,147.152091381,223.744141154,0.015000719891,92.206945393,211.968533551,92.2063418136,211.968555556,237.977127154
2011-07-18 18:00:00,110.38576578,92.2063229852,92.206324316,215.037412433,170.085144436,0.000598659841055,92.2063287453,211.968552767,211.968560152,211.968286407,238.106818063,58.4965496499,85.4738074497,226.166006431,183.714912138,0.0349107518389,211.968550909,211.967493313,113.834754446,0.0150077171678,52.2129752022,0.015116463445,147.152092263,223.744146607,0.0185109216683,211.968050999,211.96853929,92.2062754064,211.968447162,237.977149544
2011-07-18 19:00:00,110.385764147,92.2063188682,92.2063270865,215.037419513,170.08514677,0.000597523323244,92.2064391947,211.968556645,211.968560696,211.968287733,238.106819744,58.4965561499,85.4738083697,226.166010879,183.714912977,0.0349120142842,211.968552134,211.967495074,113.834830364,0.015006220577,52.2129725201,92.2062388258,147.152092587,223.744151652,0.0185114272129,211.968537264,211.968542001,92.2062058558,211.968474524,237.977171298
2011-07-18 20:00:00,110.385760024,92.2063166095,92.2063286558,215.037419843,170.085151843,0.000596372451623,211.96848465,211.968557679,211.96856001,211.968288244,238.106819605,58.4965584355,85.4738082217,226.166012125,183.714912752,0.0349122583192,211.968552444,211.967495184,92.2063347326,0.0150116549954,52.2129708244,92.2062881551,147.15209265,223.744150944,0.0185114248122,211.968620493,211.968542528,92.2062337807,211.96854545,237.977158041
2011-07-18 21:00:00,110.385754127,92.2063172099,92.2063288403,215.037418627,170.085149794,0.00059522676664,211.968507641,211.968557752,211.968558915,211.968287894,238.106817903,58.4965589676,85.4738076276,226.166010752,183.714912399,0.0349125257227,211.968552525,211.96749471,92.2063239434,0.0150119946019,52.2129701456,92.2062829516,147.152092652,223.744148782,0.018511394583,211.968652844,211.968542904,92.2063055599,211.968577587,237.977135215
2011-07-18 22:00:00,110.385750665,92.2063182278,92.2063288526,215.037415193,170.085146984,0.000593958217621,211.968510623,211.968556013,211.968557716,211.968287006,238.106815039,58.4965588605,85.4738078602,226.166007524,183.714912074,0.0349127376395,211.968551961,211.967493785,92.2063230902,0.0150085798519,52.2129671429,92.206272985,147.152092631,223.744152109,0.0185112154397,211.968630118,211.968542805,92.2063827834,211.968556599,237.977122209
2011-07-18 23:00:00,110.385747889,92.2063204152,92.2063296678,215.037412312,170.085146067,0.000592720227161,211.968523361,211.968553904,211.968556903,211.96828604,238.106811627,58.4965586511,85.473807663,226.166005191,183.714911762,0.0349127221767,211.968551279,211.967492653,92.2063233022,0.0150061693926,52.2129643909,92.2062679479,147.152092596,223.744149502,0.0185110156888,211.968621657,211.968542564,92.2070892015,211.96857799,237.977112484
2011-07-19 00:00:00,110.385746903,92.2063210528,92.2063322284,215.037410243,170.085142477,0.000591560122323,211.96853952,211.968549944,211.968557367,211.968285139,238.106809169,58.4965582289,85.473807316,226.166005274,183.714911263,0.0349125821052,211.968550466,211.967491498,92.2063235084,0.0150093439535,52.2129635461,92.2062950409,147.152092576,223.744150702,0.0185107825173,211.968685409,211.968542262,211.967995333,211.968608635,237.977114097
2011-07-19 01:00:00,110.385744773,92.2063226329,92.2063325801,215.037408131,170.085142575,0.000590437450076,211.968548932,211.96854917,211.968557258,211.968284169,238.106808462,58.4965578803,85.4738069497,226.166003305,183.714910651,0.0349125070494,211.968550002,211.967490615,92.2063242869,0.0150072003172,52.2129619357,92.2062967165,147.152092535,223.744149631,0.0185108920557,211.968724272,211.968542519,211.968185928,211.968631782,237.977113071
2011-07-19 02:00:00,110.385746024,92.2063224568,92.2063336143,215.037405468,170.085144135,0.000589305662314,211.968552963,211.968547892,211.968556838,211.96828275,238.106806525,58.4965574868,85.4738061028,226.166001864,183.71490985,0.0349123821728,211.96855015,211.967489634,92.2063364864,0.0150068454792,52.2129608353,92.2063000593,147.152092476,223.744150582,0.0185110963038,211.968751812,211.968542697,211.968316091,211.968666011,237.977119028
2011-07-19 03:00:00,110.385749951,92.2063230552,92.2063351109,215.037401071,170.085144562,0.000588243621771,211.968555249,211.968545168,211.968556501,211.96828085,238.106804311,58.4965570659,85.4738064844,226.166001099,183.71490912,0.0349125935393,211.968550787,211.967488603,113.834956883,0.0150109621957,52.2129594239,92.2063039406,147.152092416,223.744150361,0.0185113403581,211.968784773,211.968543032,211.968392493,211.968729884,237.977159264
2011-07-19 04:00:00,110.385754513,92.2063228325,92.206340726,215.037396086,170.085143168,0.000587497737761,211.968557627,211.968542831,211.968557811,211.968276553,238.106806816,58.4965564686,85.4738070789,226.166002886,183.714908436,0.0349121526525,211.968551995,211.967486743,113.834967067,0.0150163854053,52.2129569121,92.2063057888,147.152092358,223.744151838,0.0185113603284,211.968793025,211.968543931,211.9684386,211.969345706,237.977224544
2011-07-19 05:00:00,110.385753602,92.2063184975,113.834941905,215.037373468,170.085139848,0.000586837950558,211.968559711,211.968553145,211.96855809,211.968182021,238.106791412,58.4965553188,85.4738079132,226.166002066,183.714899295,0.0349101077234,211.968550594,211.967479483,122.941637821,0.0150700213821,52.212956166,92.2063068165,147.152092163,223.74415285,0.0185112989379,211.968791159,211.968541977,211.968448583,211.969554325,237.977228792
2011-07-19 06:00:00,110.385732187,74.6912372125,113.83497545,161.27917196,73.9870998184,0.000586007727915,211.968559451,211.968556635,211.968550846,0.0101553074895,211.968525755,58.4965536349,85.4738063928,183.194579092,148.809075177,0.0348422579365,211.968530567,171.693656277,113.834964165,92.2063398209,52.2129585907,92.2063041904,147.152089319,223.744092686,0.0185110340117,211.968648936,211.968520101,211.968395604,211.96947781,237.977145431
2011-07-19 07:00:00,82.7895768313,0.0150208635933,113.834942363,161.279004839,73.9870944276,0.000585123075016,211.968537188,211.968557079,171.694567044,0.0101397037203,192.866504137,58.4965473803,85.4737968471,183.194467276,148.809064692,0.0151485945062,171.694554516,171.693615209,92.2063234932,92.2063601766,52.2129550553,92.2063001929,119.192701907,181.23281567,0.0185079387093,211.967726537,211.968397583,211.968386203,211.969233092,237.977085517
2011-07-19 08:00:00,82.7892917628,0.0150153583498,92.2063885402,161.278445079,73.9870877401,0.000584170367819,171.694546535,211.968556486,171.69453145,0.0100485440295,192.866489078,58.4957113826,85.4737635973,183.194461951,148.8090564,0.0151398852702,171.694530918,171.693518662,92.2063218807,92.2063705486,52.2129520971,92.2062907894,119.192699159,181.23277043,0.0149968282573,158.976749127,171.694533425,211.968295254,211.968634346,237.976966768
2011-07-19 09:00:00,82.7892445267,0.0152110453995,92.206338643,93.5418836647,73.98704978,0.000583081235686,171.694537062,211.968552108,171.694526085,0.0100071315389,178.580625078,0.015062844424,85.4737699667,183.194454025,79.9128873333,0.0151318145616,171.694528151,0.0100258281171,92.2063208018,92.2063711336,52.2129504569,92.2062914396,119.192696339,181.232764557,0.0149939725604,158.976726298,171.694524204,211.967127215,211.968425915,211.968699269
2011-07-19 10:00:00,0.0149736471372,92.2062771528,92.206332963,93.5411689231,73.9870468768,0.000582071193675,171.694534188,211.968303417,158.976637025,0.0100052832617,178.580147905,0.0150435996676,85.4737209573,183.194438384,0.0100273427971,0.0150057095062,171.694520694,0.0100095052559,92.2063192192,92.2063724387,52.2129484696,92.2062915441,0.0150025342951,181.232762834,0.0149932447483,158.976722926,171.694513733,171.694764282,211.967673773,178.483216907
2011-07-19 11:00:00,0.0150385989538,92.2063186917,92.2063315774,161.278340409,73.9870458552,0.000580993208877,171.694540935,92.206330592,171.694526561,0.0100078059041,178.579728094,0.0100278316576,85.4737836094,183.194455446,0.0101405393325,0.0151338754096,171.694527252,0.0100104513213,92.2063210443,92.206372102,52.2129470746,92.2062973676,0.015000247717,181.232760657,0.0149916908118,211.968357761,171.694520418,171.695000753,211.956150521,178.482999449
2011-07-19 12:00:00,82.7891330497,92.2063224184,92.2063332599,161.278819746,73.9870428532,0.000579891976712,211.96789868,92.2063309082,171.694531009,0.0100734417607,192.820770996,0.0100095550514,85.4737921114,183.194465322,148.809052853,0.0151392083763,171.694531378,158.97592318,92.2063228795,92.2063803862,52.2129514793,92.2063059832,0.0150100622226,181.232754512,0.0149532746934,158.977471208,171.694524616,211.967716026,211.961060463,178.483013874
2011-07-19 13:00:00,82.789236298,92.2063263195,92.2063408033,161.278995253,73.9870359535,0.00057887376746,211.968559543,92.2063265941,171.694535684,0.0101403184871,192.866495812,0.0100140607729,85.4738021406,183.194469386,148.809063598,0.0151392733076,171.694531733,171.693611413,92.2063297077,92.2063941214,52.2129489147,92.2063114098,119.192697198,181.232750427,0.01498527563,211.968496862,171.694521137,171.694873002,211.968356845,178.483350064
2011-07-19 14:00:00,82.7892749279,92.2063340369,211.968546924,161.279023305,73.9870356777,0.00057784243023,211.9685623,92.2063267634,211.968482231,0.010155911354,192.866532266,0.0148291658903,85.4738042136,183.194492562,148.809072363,0.0151422477098,171.694537309,171.693628087,211.968548488,211.967782057,52.2129482763,211.967919739,119.192699157,181.232770431,0.0149923937529,211.968472478,171.694529609,211.968069162,211.968665039,237.976605801
2011-07-19 15:00:00,82.7892978115,211.96835121,211.968577957,161.279150134,73.9870280504,0.000576622866572,211.968561389,92.2063275807,211.968551954,211.968172072,238.106768089,0.0150496900333,85.4738060475,226.1657837,183.71490022,0.015155998453,211.968486218,211.968442504,211.968555987,211.968514313,52.2129499283,211.968480912,119.192700535,181.23283015,0.0149937768704,211.968425079,171.694664869,211.968387347,211.969494831,237.97708347
2011-07-19 16:00:00,110.38559054,211.968536773,211.968581648,215.037776729,73.9870459314,0.000575503512709,211.968560412,92.2063309248,211.968557539,211.968492712,238.106835018,0.0150601937203,85.4738075181,226.165994236,183.714923657,0.0186852151634,211.968552131,211.9685219,211.968559569,211.968552622,52.2129562324,211.968501844,147.151480555,223.743989453,0.0149954935694,211.968499163,211.968529424,211.96845036,211.969669919,237.977170491
2011-07-19 17:00:00,110.385688371,211.968548209,211.968584318,215.037883534,73.9870516529,0.000574574809763,211.968566139,211.968538062,211.968559211,211.968499136,238.106844721,0.015106100992,85.4738078437,226.16601634,183.714926813,0.0186932401845,211.968559077,211.968530355,211.968570812,211.96859002,52.2129773363,211.968509825,147.151481923,223.74416183,0.0150121585897,211.968866092,211.968544867,211.968469708,211.969704044,237.9772216
2011-07-19 18:00:00,110.385693938,211.96854809,211.968585543,215.037896497,73.9870899898,0.000573514585883,211.96856818,211.968559185,211.968559407,211.968501664,238.10685202,58.4962664262,85.4738075605,226.166020202,183.714928883,0.0186932792715,211.968561957,211.968534566,211.968571832,211.968600034,52.2130041987,211.968512734,147.15148228,223.744165252,2.08853581016,211.968896054,211.968547683,211.968470747,211.969713006,237.977204615
2011-07-19 19:00:00,110.385695721,211.968550474,211.968587286,215.037903859,73.9870946455,0.000572404142152,211.968569553,211.968560047,211.968559363,211.968502916,238.106851931,58.4962749537,85.4738081162,226.166021539,183.714929377,0.01869393167,211.968562391,211.968536465,211.968572154,211.968631719,52.2129877225,211.968510555,147.151482416,223.744169783,2.08853705696,211.96895521,211.96854858,211.968478487,211.969705981,237.977189547
2011-07-19 20:00:00,110.385695371,211.968552429,211.968589532,215.037904732,73.987095833,0.000571201497869,211.96857077,211.968560397,211.968558468,211.968503532,238.106851537,58.496277969,85.4738077522,226.166020661,183.714929028,0.018694268586,211.968561579,211.968536794,211.96857085,211.968648459,52.2129800267,211.968509284,147.15148233,223.744168835,2.08853737782,211.969000867,211.968548117,211.968481722,211.969689792,237.977136585
2011-07-19 21:00:00,110.385693492,211.968552846,211.968589331,215.037903601,73.9870959925,0.000570064173422,211.968570201,211.968560149,211.96855681,211.968503231,238.106851005,58.4962786196,85.4738068233,226.166018606,183.714928566,0.018694586998,211.96856124,211.968536527,211.968564287,211.968653207,52.212979735,211.968507725,147.151482221,223.744165961,2.08853753426,211.969035307,211.968547613,211.968470584,211.969590186,237.977108068
2011-07-19 22:00:00,110.385693293,211.968551913,211.968586443,215.037899661,73.9870952303,0.000568775497078,211.968568389,211.968558336,211.968554762,211.96850242,238.106849006,58.496278619,85.4738074708,226.166013624,183.714928129,0.0186945594305,211.968559624,211.968535437,211.968560634,211.96864633,52.2129605911,211.968505339,147.151482068,223.74416825,2.08853759795,211.968987092,211.968546947,211.968462001,211.969264837,237.977083179
2011-07-19 23:00:00,110.385691593,211.968550139,211.968584854,215.037896217,73.9870955642,0.000567517783837,211.968566156,211.968557717,211.968553334,211.96850155,238.106847025,58.4962785714,85.4738072116,226.16600857,183.714927672,0.0186945303924,211.968558111,211.968534077,211.968559679,211.968631588,52.2129501174,211.968504132,147.151481902,223.744166204,2.08853764538,211.968932639,211.968545708,211.968455426,211.968877607,237.97706395
2011-07-20 00:00:00,110.385683941,211.968548928,211.968583798,215.037894568,73.9870949701,0.000566345979565,211.968564056,211.968558572,211.968552796,211.968500637,238.106844232,58.4962785322,85.4738069946,226.166003249,183.714927391,0.0186947448297,211.968558893,211.968532993,211.968559176,211.968609454,52.212944903,211.968504651,147.151481642,223.744165421,2.08853769281,211.968936871,211.968544263,211.968448591,211.968863441,237.977050634
2011-07-20 01:00:00,110.385677361,211.968547515,211.968583479,215.037893852,73.987095417,0.000565180296106,211.96856343,211.968558627,211.968550433,211.968499418,238.10684269,58.49627831,85.4738065982,226.166004107,183.714927158,0.0186943261566,211.968559149,211.968532176,211.968559004,211.968593474,52.2129429029,211.9685053,147.151481478,223.744164639,2.08853771315,211.968989492,211.968543936,211.968445197,211.968720523,237.977025636
2011-07-20 02:00:00,110.385678042,211.968548147,211.968583532,215.037894796,73.9870977317,0.000564088059438,211.968562894,211.968558837,211.968548059,211.968498543,238.106841665,58.4962780375,85.4738065807,226.166005956,183.71492708,0.0186936868447,211.968559758,211.968531875,211.968559051,211.968585492,52.2129416611,211.968505281,147.151481242,223.744163043,2.08853771467,211.968987772,211.968544098,211.968444532,211.968663118,237.976999972
2011-07-20 03:00:00,110.38568044,211.968550606,211.968583811,215.037895245,91.3420493601,0.000563051608105,211.968563444,211.968559654,211.968546752,211.968496964,238.106841005,58.4962776333,85.4738072375,226.166004801,183.714926744,0.0186929213624,211.968560214,211.968531983,211.968560379,211.968581111,52.2129392516,211.968505443,147.151480964,223.744164764,2.08853775877,211.968899837,211.968544584,211.968458344,211.96912488,237.976973691
2011-07-20 04:00:00,110.385679215,211.968552007,211.968585329,215.037897081,91.3420838134,0.000562336636539,211.968563806,211.968560466,211.968542214,211.968494061,238.106843261,58.496277096,85.4738073246,226.166005139,183.714926589,0.0186899475377,211.968561633,211.968533396,211.968570702,211.968574245,52.2129380516,211.968508254,147.151480457,223.74416613,2.08853776476,211.968730474,211.96854456,211.968473645,211.969345436,237.976891495
2011-07-20 05:00:00,110.385671459,211.968549265,211.968589801,215.037897585,91.3420862156,0.000561732735526,211.968563975,211.96856449,211.968534171,211.968452369,238.106829822,58.4962761664,85.4738080825,226.166003352,183.714919278,0.0186802016034,211.968559818,211.968529317,211.968574618,211.96857359,52.2129408788,211.968512773,147.151479132,223.744163002,2.08853770559,211.968656039,211.968542069,211.968458528,211.969354166,237.975953239
2011-07-20 06:00:00,110.385656826,211.968507172,211.968593093,215.037826305,91.3420874516,0.000560839174569,211.968563765,211.968567307,211.96786069,171.694414828,238.106751333,58.4962748217,85.4738079351,226.165919436,148.809096445,0.0152396922857,211.968522167,171.694530756,211.968570696,211.968602483,52.2129503596,211.968518078,0.0150188701593,223.744141373,2.08853744188,211.968771864,211.968521082,211.96842317,211.968913988,103.520109326
2011-07-20 07:00:00,110.385633173,92.2063362194,211.968585177,215.037627917,91.342086306,0.000560014179492,211.968546311,211.968567344,92.206329011,171.694401259,192.866558215,58.4962658302,85.4738062304,183.194481508,148.809085454,0.0150648320056,211.966374618,171.694514948,211.968557282,211.968612742,52.2129568654,211.968519047,0.0149986025921,181.232867287,2.08853462878,211.968566182,171.69455703,211.968319124,211.968466525,103.519958174
2011-07-20 08:00:00,110.385618599,92.2063263292,211.968580548,174.181477595,73.9871009029,0.000559088016589,171.694538622,211.968567058,92.2063192817,92.207525334,192.86651267,0.0151293426551,85.4738020976,183.194465501,148.809079619,0.0151934131663,171.694566736,171.694509783,211.968555798,211.96856993,52.2129546769,211.968518853,0.0149969634916,181.23276695,1.56646323822,211.968500708,171.69454621,211.967270614,211.965356369,103.519737265
2011-07-20 09:00:00,110.385460954,92.2063239285,211.968564423,174.180768521,73.9870950784,0.000558075888307,171.694525126,211.968566602,92.2063115185,158.976348966,192.866500951,0.015086330184,85.4737867379,183.1944536,148.809079547,0.0150249248711,171.694542023,171.694515533,211.968552331,211.968547132,52.2129523352,211.968515487,0.0149951428945,181.232743241,1.5664610517,211.964038911,171.694518418,171.694275968,171.693985123,103.519443855
2011-07-20 10:00:00,0.0154078437801,92.2063228116,211.967088211,174.180715187,73.98709322,0.000556977304503,92.2063846237,211.968565712,92.2063006915,0.0100409609128,192.86648324,0.0150758437142,64.1056363311,183.194455736,148.809079329,0.0150063968217,171.69453765,171.694519504,211.96853085,211.968519387,52.2129461561,211.968511809,0.0149571235317,181.232706506,1.56645879948,158.976871013,171.694502089,92.2081313383,171.692473134,103.493250621
2011-07-20 11:00:00,0.015303566652,92.2063237933,171.694557634,174.180690131,73.9870921176,0.000555905197095,92.206344212,211.968565006,92.2062622562,158.976453633,192.866491779,0.0100962890683,64.1054959092,183.19445271,148.809082014,0.0150021753513,171.6945389,171.694532252,211.968550629,211.96847132,52.2129439498,211.968508507,0.0100061431539,181.232757185,0.0149700899805,158.976793156,171.694429915,92.2078551052,171.692362931,103.518718851
2011-07-20 12:00:00,0.015286243499,92.2063291731,92.2063513874,161.278909447,73.987093507,0.000554915487565,92.2063481905,211.968565865,92.2062479131,171.694396088,192.86650592,0.0100149092949,64.1054830643,183.194464775,148.809083238,0.0150016612863,171.694541656,171.69452064,211.968554037,211.968437228,52.2129486564,211.968508093,0.0149000752081,181.23277397,0.0100042445691,158.976771159,171.694483961,171.694086513,92.2069012191,103.519420551
2011-07-20 13:00:00,0.0152890982651,92.2063604719,92.2063901848,161.278841519,73.9870935906,0.000553835479553,171.694511906,211.968565714,92.2063048494,171.694408739,192.866511038,0.0100271232851,64.1054959559,183.194474024,148.809087026,0.0150019283644,171.694540567,171.694518063,211.96855558,211.966411182,52.2129483397,211.968504446,0.014995057224,181.232778678,0.0149781056365,158.976768904,171.694498284,171.694321289,171.693470347,103.519703858
2011-07-20 14:00:00,0.015292976145,211.968519169,171.694568105,174.180699909,73.9870941033,0.000552750881051,171.694528917,211.968566089,92.2063113248,171.694425869,211.968464922,0.0149754057748,64.1055006587,183.194482148,148.809098213,0.0150021302355,171.694631703,171.694650911,211.96855574,92.2065266422,52.2129515122,211.968497012,0.0149968651092,181.232901259,1.56645394705,158.976883631,171.694513311,171.694951051,171.694019615,103.519990001
2011-07-20 15:00:00,0.0153094587929,211.968546673,211.968543785,174.180798935,73.9870953958,0.000551655899257,171.694535165,211.968566535,92.2063291773,211.968476465,238.106765626,0.0150787796411,85.4681306274,211.970259343,183.71491192,0.0150047152797,211.968553447,211.968514914,211.968556147,92.2064583424,52.2129655748,211.968495322,0.0149980227635,211.96856988,1.56646072102,158.976914866,171.694548902,211.967905158,211.967808021,138.014894782
2011-07-20 16:00:00,0.0158460800237,211.968553859,211.968579101,215.037864493,73.98709789,0.000550736138114,211.968521894,211.968566791,92.2063784518,211.968500609,238.106796895,0.0150874101593,85.4737952526,226.165962793,183.714919255,0.0150265329397,211.968558549,211.968534177,211.968558026,158.977718862,52.2129797563,211.968491727,0.0150033595917,223.744079839,1.56646242869,158.977695307,211.968518384,211.968262216,211.968102401,138.02636524
2011-07-20 17:00:00,0.0188619818761,211.968555105,211.968585882,215.037914236,73.9871219948,0.00054969084753,211.968559116,211.968566665,113.834843516,211.968504806,238.106798682,0.0151735406424,85.4738044598,226.166010743,183.714920697,0.018506092677,211.968561415,211.968538086,211.968568829,211.968301853,52.2129742235,211.968500813,0.0199787829793,223.744166552,177.624705772,211.968493029,211.96853429,211.968248733,211.968018079,138.026465104
2011-07-20 18:00:00,0.0188695348013,211.968553355,211.968596614,215.037922308,98.6494466324,0.00054851052293,211.968564052,211.968566859,113.834795753,211.968506869,238.106795824,58.4967252512,85.4738062512,226.166013913,183.714921293,0.018509560491,211.968563986,211.968540878,211.968569657,211.968541091,52.2129853105,211.968508982,0.0199798806392,223.744174661,177.624969085,211.969023665,211.968539094,211.968356274,211.968265694,138.026346734
2011-07-20 19:00:00,0.0188701010374,211.968553316,211.968595499,215.037925701,98.6494522536,0.000547407199167,211.968566031,211.968566858,92.2066013479,211.968508294,238.10679479,58.4967331448,85.4738076324,226.166016512,183.714922123,0.0185098328925,211.968564317,211.968541556,211.968568829,211.96855702,52.212945362,211.968508229,0.0199801748304,223.74417847,177.624969937,211.96930229,211.968540439,211.968325554,211.96788342,138.026259314
2011-07-20 20:00:00,0.0188654086999,211.968554006,211.968595785,215.037924111,98.6494542261,0.000546310850157,211.968567647,211.968566859,92.2063352755,211.968508747,238.106794368,58.4967360949,85.4738075937,226.166016665,183.71492222,0.0185073180051,211.968563387,211.968541135,211.968563325,211.968561723,52.2129290053,211.968507425,0.0199802057692,223.744177355,177.624970177,211.969345585,211.968541509,211.96827392,211.967363113,103.520118237
2011-07-20 21:00:00,0.0188542139019,211.968552924,211.968592193,215.037920418,98.6494547915,0.000545178804259,211.968567451,211.968566266,92.206327078,211.968508655,238.106793838,58.4967367078,85.4738069925,226.166014073,183.714921747,0.0185008957273,211.96856223,211.968540106,211.968559082,211.968569734,52.2129235849,211.968502099,0.0199802097688,223.744174417,177.624970289,211.969345063,211.968541048,211.968165843,211.963978756,103.520061646
2011-07-20 22:00:00,0.0187819153573,211.968551504,211.968587884,215.03791546,98.6494542039,0.000543934493711,211.968566355,211.968563239,92.2063245453,211.968507962,238.106790882,58.4967366377,85.4738074509,226.166009973,183.714921152,0.0184802233224,211.968560083,211.968538169,211.968557672,211.968559989,52.2129176139,211.968492949,0.0199801729946,223.744177403,177.624970319,211.96933147,211.968540342,211.96802242,92.2078339902,103.5200306
2011-07-20 23:00:00,0.0153438538054,211.968550753,211.968586125,215.037910989,98.6494540333,0.000542723488113,211.968565687,211.968560148,92.2063237618,211.96850709,238.106788293,58.4967365394,85.4738074988,226.166008124,183.714921178,0.0152902224924,211.968558348,211.968536236,211.968557111,211.968550426,52.2129131268,211.968473194,0.019980155571,223.74417387,177.624970321,211.969323012,211.968539127,211.967742448,92.2075091742,103.520032464
2011-07-21 00:00:00,0.0152821254234,211.968548511,211.968585818,215.037908845,98.6494521297,0.00054166298544,211.968565176,211.968558805,92.2063248368,211.968506098,238.106784092,58.4967366845,85.4738074228,226.16600508,183.714920744,0.0150641007737,211.968557812,211.96853425,211.968557436,211.968559049,52.2129106986,211.968415435,0.0199801695656,223.744173978,177.624970321,211.969324271,211.968538878,92.2064936959,92.2077683889,138.026113301
2011-07-21 01:00:00,0.0152761014332,211.968548278,211.968585682,215.037907778,98.6494526132,0.00054060221069,211.96856461,211.968558548,92.2063261519,211.968505205,238.10678434,58.4967365698,85.4738070286,226.166002946,183.714919689,0.0150507846278,211.968556963,211.968533532,211.968557255,211.968551993,52.2129068546,211.966909054,0.0199801428626,223.7441727,177.62497034,211.969260367,211.96853768,92.2068664803,92.2314518389,138.026063775
2011-07-21 02:00:00,0.0152817190097,211.968548013,211.968585719,215.037906389,98.6494532402,0.000539545012651,211.968564018,211.968558124,92.2063283054,211.968503918,238.106784828,58.4967362975,85.4738064076,226.166001248,183.714918801,0.015024004263,211.968557204,211.968532615,211.96855706,211.968551266,52.2129035431,211.96768442,0.0199800963779,223.744172539,177.624970348,211.969393756,211.968537718,92.2064517107,92.2079716903,138.02585353
2011-07-21 03:00:00,0.0161447731304,211.968548221,211.968586089,215.037906491,98.6494540956,0.000538556223297,211.968563321,211.968558167,92.206329623,211.968502008,238.106781268,58.4967359547,85.4738062438,226.166000909,183.714918359,0.0150277651494,211.968556869,211.968532298,211.968557252,211.968550629,52.2128973778,92.2064479861,0.019980048592,223.744174548,177.624970391,211.969420454,211.968536684,92.2063931779,92.2154728399,138.025997063
2011-07-21 04:00:00,0.0188155184616,211.968548319,211.968587654,215.037909498,98.649454675,0.000537797053338,211.968562329,211.968558228,92.2063418592,211.968498047,238.106778757,58.4967353403,85.4738071398,226.166001244,183.714916548,0.0150174548275,211.968556627,211.96853266,211.968558435,211.968550493,52.2128862025,92.2063907118,0.0199799812698,223.744174018,177.6249704,211.969436794,211.968535345,92.2063507926,113.835132406,138.026085365
2011-07-21 05:00:00,0.0188167024153,211.968543159,211.968592218,215.037902514,98.6494550577,0.000537148443843,211.968561181,211.968560297,92.2064565305,211.96848172,238.106742638,58.496734319,85.4738081627,226.165998773,183.714908549,0.0150090797354,211.968552342,211.968526763,211.968559531,211.968551972,52.2128770273,92.2063867992,0.0199797600936,223.744170185,177.624970358,211.969467059,211.968529288,92.2062929529,113.834961998,138.025861111
2011-07-21 06:00:00,0.018782348483,211.968531612,211.968590214,174.180831537,98.649453605,0.000536380099181,211.968553687,211.968563002,92.2063452035,171.694484053,178.580810224,58.4967330836,85.4738050392,226.16598076,183.71447372,0.0150061113998,211.968534644,171.694537658,211.968557409,211.968543805,52.2129008577,92.2064580514,0.0199758145165,223.744144283,177.624970106,211.96938501,211.968478403,92.2058969686,92.206948388,103.520005068
2011-07-21 07:00:00,0.0151175525444,92.2063371398,211.968584276,174.180791347,98.6494470411,0.000535516925892,211.968461305,211.968563285,92.2063333449,171.694467149,178.580496073,58.4967246003,85.4737932579,226.165657719,148.808861733,0.0150009929628,211.968440945,171.694515935,211.968555109,211.968536601,52.2128971457,92.2063203049,0.0149984731738,181.232836039,177.624967246,211.968510454,171.694538622,0.0150546286457,92.206569194,103.519589289
2011-07-21 08:00:00,0.0150713334893,92.2063248173,211.968574868,174.180709149,73.987117561,0.000534542889593,92.206368094,211.968559879,92.206325972,171.694459659,178.580118207,0.0151653490129,85.4737650526,183.194430109,148.808854109,0.0149996921985,171.694631843,171.694516375,211.968524497,211.968531133,52.2128925102,92.2063038909,0.0149965977064,181.232780624,0.0150115686664,158.979568447,171.694520852,0.0150148034861,0.0243420875637,103.519162642
2011-07-21 09:00:00,0.0150155685761,92.2063231722,92.2065199112,174.180702247,73.9871027405,0.000533515919244,92.2063439844,211.968557506,92.2063228914,171.694344311,103.5764776,0.0151009108029,85.4737647364,183.193617441,148.808850355,0.0149993915265,171.694540138,171.694512105,92.2063227039,211.968526928,52.2128899117,92.2063024045,0.0149850724998,181.232730001,0.0150041855935,158.977287574,171.694518332,0.015015194112,0.0151791326823,0.0153501381438
2011-07-21 10:00:00,0.0149657861415,92.206321867,92.2063460434,174.18071349,73.9870997302,0.000532455903617,92.2063271977,211.968556172,92.2063197269,0.0100620799931,103.576324914,0.0150905040089,85.4737510788,0.0153631775333,148.808844157,0.0149990632273,171.694535556,171.694512373,92.2063203307,211.968523938,52.2128846124,92.2063005209,0.0100015493878,167.811449352,0.0150028579111,158.977601682,171.694517073,0.015016217047,0.0151581278311,0.0151607404639
2011-07-21 11:00:00,0.0149970724978,92.206321909,92.2063360501,174.180734508,73.9870968022,0.000531424779072,92.2063157211,211.968554751,92.2063211322,0.0100486374222,103.576351727,0.010448309646,85.4737780668,183.193938192,148.808844153,0.0149992706303,171.694532586,171.694514234,74.6871691865,211.968520773,52.2128843057,92.2063007232,0.0100012845557,181.232791249,0.0149973983519,211.968244387,171.694516115,0.0150330566926,0.0152744759855,0.0204747893603
2011-07-21 12:00:00,0.0150157108285,92.2063370038,92.2063369725,174.180769063,73.9870958688,0.000530423139538,92.2062948342,211.968557188,92.2063218493,158.976458978,103.576469565,0.010017001626,85.4735982574,183.194440148,148.808850658,0.0150000698039,171.694533268,171.694512735,74.6871454086,211.968551405,52.2128879407,92.2063058009,0.0149737847154,181.232849735,0.014949935759,211.968306429,171.694519607,0.0151892369857,92.2061327969,103.519518814
2011-07-21 13:00:00,0.0150227823737,211.968306141,92.2063364229,215.037708853,73.9870955887,0.000529370312453,92.206317173,211.968550497,92.2063241557,171.694463846,178.580480266,0.010027763759,64.1056492526,183.194450061,148.808853974,0.0150012290223,171.694533421,171.694510002,74.6871397229,211.968541848,52.2128817034,92.2063021599,0.0149949251642,181.232863499,0.0149879566623,211.968651561,171.694521243,92.1936768415,92.206448844,103.519810006
2011-07-21 14:00:00,0.0150689968406,211.968509068,92.2063387247,215.037819855,73.9870957676,0.000528303088026,92.2063259292,158.977870787,92.2063306345,171.694470345,178.580522246,0.0149753483112,85.4736324731,183.194793887,148.808858423,0.0150044415422,171.694536915,171.694515696,74.6871439469,211.968546613,52.2128779615,92.2062976527,0.0149969116819,211.968334218,0.014999983796,211.968544692,171.694539302,92.2062609056,92.206822378,103.520182153
2011-07-21 15:00:00,0.0151039490552,211.968545614,92.2063726953,215.037792187,73.9870962088,0.000527128809736,92.2063412885,158.976652312,92.2071185054,171.695764505,238.106740949,0.0150925479072,85.4737625518,226.165950755,183.714623351,0.015047096108,211.967945329,171.694660534,92.2063203995,211.968547534,52.2128745925,92.2063020498,0.0149986650364,223.743979224,0.015002728629,211.968550732,211.968403222,211.966775505,211.967789736,237.97575204
2011-07-21 16:00:00,0.0200115262073,211.968552149,92.2068196453,215.037867119,73.9870986231,0.000526145808428,92.2063583777,211.968498648,211.968526512,211.968492821,238.106821181,0.015101530228,85.4737967209,226.165979092,183.714633743,0.0184643762374,211.968532766,211.96852439,92.2063221121,211.968556743,52.2128751226,92.2063051902,0.0151296292891,223.744153878,0.0150037618248,211.969101828,211.968516402,211.968257215,211.96846967,237.97600968
2011-07-21 17:00:00,0.0200478498358,211.968553167,113.83504151,215.037915801,73.9871058707,0.000525115153924,211.968446405,211.968551272,211.968536319,211.968497291,238.106832301,0.0151753329972,85.4738050087,226.165987337,183.714634451,0.0185009311998,211.968548952,211.968530753,92.2063241034,211.968571053,52.2128775962,92.2063062165,147.152015464,223.744176929,0.0150073180185,211.969379005,211.968528189,211.968229854,211.968436076,237.976031145
2011-07-21 18:00:00,0.0200564216124,211.968552649,211.968530817,215.037919508,170.085276036,0.000524107214237,211.968529993,211.968562403,211.968538867,211.968499057,238.106836276,104.457765329,85.473806385,226.165990497,183.714633709,0.0185037474722,211.968553364,211.96853353,92.2063229943,211.968624402,52.2128839824,92.2063051497,147.152016356,223.744179908,0.0185243758359,211.969404024,211.968535811,211.968151354,211.968415145,237.975731578
2011-07-21 19:00:00,0.0200555953878,211.968551891,113.835087259,215.037920786,170.085278134,0.000523020078562,211.968534446,211.968565646,211.968540433,211.968500082,238.106836365,104.457774724,85.4738079829,226.165991375,183.714631915,0.0185023510766,211.968553129,211.968533947,92.2063223149,211.96863462,52.2128806049,92.2063009277,147.152016648,223.74417926,0.0185250700979,211.969433589,211.968536372,211.96801911,211.968422009,237.975141853
2011-07-21 20:00:00,0.0200521368232,211.968552258,113.835044476,215.037917923,170.085278891,0.000521976500986,211.968536362,211.968566518,211.968540027,211.968500529,238.106836123,104.457777913,85.4738079168,226.165991022,183.714628655,0.0184966668464,211.968552355,211.968533243,92.2063215319,211.968638636,52.2128767271,92.2062987016,147.152016706,223.744177425,0.0185252335901,211.969436755,211.968535805,211.967944181,211.968501991,237.97528836
2011-07-21 21:00:00,0.0200470880206,211.968550754,113.835035305,215.037912217,170.085279046,0.000520801464929,211.968537124,211.968566125,211.968539046,211.968500287,238.106834401,104.457778612,85.4738071843,226.165988856,183.714626114,0.0184850413299,211.968551362,211.968532051,92.2063199809,211.968640543,52.2128694787,92.2062932472,147.152016719,223.744172376,0.0185253183172,211.969407119,211.968534579,211.968027936,211.968462081,237.975565942
2011-07-21 22:00:00,0.0200425867769,211.968549308,113.835019783,215.037899415,170.0852788,0.000519573135486,211.968536587,211.968561883,211.96853803,211.968499416,238.106831283,104.457778551,85.4738079047,226.165985037,183.714625282,0.0184747913361,211.96854948,211.968530389,92.2063130518,211.968616605,52.2128197875,92.2062772314,147.152016693,223.744167261,0.0185253317299,211.969373433,211.968533423,211.968097416,211.96836927,237.976050401
2011-07-21 23:00:00,0.0200370846313,211.968549405,113.834944569,215.037892536,170.085278827,0.000518363022541,211.968536185,211.968559026,211.968537149,211.968498575,238.106827343,104.457778486,85.4738080203,226.165981434,183.714626153,0.0184814138559,211.968547702,211.968528227,74.6871278454,211.968579225,22.7127123416,0.0153502945402,147.152016663,223.744171335,0.0185253398183,211.969275596,211.968532343,211.968183573,211.968355053,237.976064488
2011-07-22 00:00:00,0.0200224277925,211.968549213,92.2063453761,215.037886611,170.085278912,0.000517182339594,211.968537506,211.968560353,211.968531248,211.96849786,238.106820494,104.457778482,85.4738076924,226.165979638,183.714625437,0.0152727118401,211.96854613,211.968526086,74.6871164221,211.968557448,22.7126926117,0.0150490164827,147.152016618,223.744169814,0.018525297684,211.969385921,211.968531307,211.96827234,211.968496172,211.967918649
2011-07-22 01:00:00,0.0200138556325,211.968550095,92.2063477032,215.037882035,170.085278835,0.000516118347402,211.968538168,211.968558446,211.968530414,211.968497036,238.106817574,104.457778144,85.4738075157,226.165978133,183.714627995,0.0172792127424,211.968545169,211.968524627,74.6871127327,211.968557654,0.0150669300586,0.0151439416077,147.152016569,223.744168587,0.0185254131039,211.969335409,211.96853205,211.968190642,211.968444769,237.975423659
2011-07-22 02:00:00,0.0200194898749,211.968550345,92.2063436524,215.037878055,170.085278923,0.000515102431954,211.968538387,211.968557478,211.968528596,211.968496181,238.106817004,104.457777903,85.4738069585,226.16597595,183.71462909,0.0152708733217,211.968546096,211.968523045,74.6871135061,211.968561243,0.0150142415537,0.0166021624667,147.15201654,223.744166356,0.0185254689145,211.96932383,211.968532417,211.968009562,211.968345053,237.976190654
2011-07-22 03:00:00,0.0200311960847,211.968551449,92.2063390233,215.037872523,170.085279055,0.00051421123805,211.968537368,211.968557337,211.968523883,211.968494772,238.106818072,104.45777756,85.4738074616,226.165972308,183.714628716,0.018476951167,211.968546446,211.968521646,74.6871440925,211.968560941,0.0150128070525,0.015071486834,147.152016485,223.744166728,0.0185255265214,211.96935151,211.968531744,211.967858072,211.968257747,237.976285148
2011-07-22 04:00:00,0.0200353698946,211.968551459,92.2063379461,215.037865985,170.08527917,0.000513441475071,211.968535863,211.968557146,211.968526668,211.968492714,238.106822465,104.45777708,85.4738072689,226.165968155,183.714628176,0.0184235071068,211.968547358,211.968520487,92.206302869,211.968560326,0.0150122066805,0.0150410613532,147.15201641,223.744165368,0.0185255389681,211.969332104,211.968530591,211.967134059,211.968121922,237.976359825
2011-07-22 05:00:00,0.0200321297223,211.968548182,92.206336929,215.037837131,170.085279144,0.000512757354717,211.968533439,211.968557794,211.968525962,211.968430042,238.106806869,104.457776171,85.4738077525,226.165956585,183.714618787,0.015149704697,211.968543631,211.968509184,92.2063036546,211.968567124,0.0152219833167,0.0150336754094,147.152016236,223.744165834,0.0185254171579,211.969331519,211.968527437,92.2063443732,211.967298102,237.976348224
2011-07-22 06:00:00,0.0199733725836,211.968530184,92.206334107,161.279404501,170.085278304,0.000512060032881,211.968526638,211.968563328,211.968516765,171.694474259,238.10661495,104.457775009,85.4738045774,211.967932284,148.808848706,0.0150036099561,171.694561141,171.694493356,92.2062941195,211.968613502,22.7127892935,0.0150236455628,147.152012569,211.968529332,0.018525135538,211.969191677,211.968519962,92.2063121179,92.207531467,211.96901803
2011-07-22 07:00:00,0.015037649719,92.2063368674,92.2063274,161.279259555,170.085274049,0.000511170750359,211.968481191,211.968564438,211.968388744,171.694466914,192.866524986,104.457766549,85.4737814396,169.625039971,148.808842454,0.0149983188148,171.694526738,171.694474778,0.0200148682453,211.968603766,52.2128423715,0.0150112214823,32.2561014046,181.232777746,0.0185224453875,211.968560146,211.968399114,0.0153251117668,92.2067304332,211.966406025
2011-07-22 08:00:00,0.015014251941,92.2063284529,0.0200563496349,161.278788668,73.9871355944,0.000510257292816,92.2063787283,211.968560178,171.694660893,171.694377504,192.866507919,0.0153674420805,85.4721222004,169.62500091,148.808790729,0.0149935383841,171.694519514,158.97704771,0.0200018772018,211.968556828,52.2128570081,0.0150110429143,32.2560991128,181.232754187,0.0124226472665,211.968402263,171.694499244,0.0150098606832,0.0164421440562,178.482279972
2011-07-22 09:00:00,0.0149952634772,92.2063274734,0.0200072926183,0.0101189483476,73.9870994081,0.000509154601021,92.2063333917,211.968557664,171.694526468,158.976754708,192.866400604,0.0153119555346,64.1054240072,98.3837512396,0.0199453941536,0.0149891185559,171.694518095,171.694432986,0.0200002797616,211.968521899,52.2128597431,0.0150125075703,32.2560758881,181.232567796,0.0124144541777,158.976869058,171.694420746,0.015001098637,0.0150375828366,178.482166348
2011-07-22 10:00:00,0.0149769149028,92.2063274172,0.0199996675757,0.0101254826756,73.9870967381,0.000508243615477,92.2063225055,211.968555771,171.694507348,171.69433554,178.58025836,0.0153023043342,64.1053933518,0.0100424659326,0.019942214122,0.0149873986442,171.694522792,171.69447243,0.0199996965664,211.968371188,52.2128569452,0.015015968692,0.0149780233578,0.0103314835633,0.0124132376353,158.976700525,0.014906015657,0.0149973499657,0.0150192494288,178.482020413
2011-07-22 11:00:00,0.0149706114205,92.2063290912,0.0199982894422,161.278876513,73.9870915314,0.000507227797677,92.2063013721,211.968553729,171.694502984,171.694465235,103.576693667,0.0101481628339,64.1053685026,0.0100474301762,148.808820523,0.0149864918718,171.694524576,171.694476863,0.0199992953733,211.968322442,52.2128511167,0.0150295802332,0.0149666401299,181.232722858,0.0124096499827,158.976659222,0.0142113939911,0.0150005930226,0.0150204446366,178.482214745
2011-07-22 12:00:00,0.0149700462163,92.2063424788,0.0199987150484,161.279242734,73.9870877101,0.000506202536806,0.0200125763507,211.968558663,171.694501817,171.694466749,192.866285713,0.0100148093853,64.1053898292,169.624978528,148.808839183,0.0149867201726,171.69452562,171.694477791,0.0199991113434,211.96852435,52.2128611128,0.0159716593786,0.0150002906425,181.232757811,0.0122294461196,158.976654791,158.977088854,0.0150083973597,0.0154703471689,178.482394571
2011-07-22 13:00:00,0.0150001872874,92.2063608339,0.0199966402606,161.279244,73.9870929207,0.000505176308805,0.0199355787119,211.968558283,171.6945009,171.694475405,192.866510444,0.0100258269843,64.1053981637,169.625009168,148.808845823,0.0149881571555,171.694525384,171.694476391,0.0199993681027,211.968532326,52.2128529298,0.0165665636977,32.256094694,181.232768783,0.0124053262452,158.976646143,171.694489229,0.0150152483747,92.2065332216,178.482534253
2011-07-22 14:00:00,0.0150137311494,92.2068384919,0.0199988483202,161.279268611,73.9870922387,0.000504137908379,92.2062870447,211.968557425,171.694505087,171.694482461,192.866551856,0.0150056421303,64.105418062,169.625033374,148.808855664,0.0149916491586,171.694530902,171.694476319,0.0199997938416,211.968535594,52.2128507799,0.0172769716162,32.2560993776,181.232793904,0.012412785326,158.976643475,171.694497127,0.0150635339275,92.2069024065,211.96801283
2011-07-22 15:00:00,0.015035504205,211.96851057,0.0200020487633,161.279347825,73.987095703,0.000503088933253,92.2063271485,211.968556203,211.968442177,211.968470975,238.106771414,0.0153030134421,85.4728760468,169.625100346,183.714798065,0.0150002360417,211.967944484,171.694489991,0.0200006271907,211.968542527,52.212859204,90.9638372931,32.2561017986,181.23286186,0.01241372925,158.976682727,171.694508153,92.2060903634,211.967907439,237.976810881
2011-07-22 16:00:00,0.015359746749,211.968540715,0.020006536891,215.037767984,73.987097495,0.000502110140181,92.2063347996,211.968555583,211.968507609,211.968515825,238.106829824,0.0153124619635,85.4737911683,226.165916593,183.714856628,0.0183260129166,211.968542592,211.968480323,0.0200045561715,211.968560666,52.2128634636,90.9643423217,147.15207344,223.728897166,0.0124153035304,158.976800332,211.968506162,92.2064066484,211.968457594,237.977002114
2011-07-22 17:00:00,110.385720301,211.968542712,0.020027119474,215.037862416,73.9871044723,0.000501068738398,92.2063596925,211.968556778,211.968511364,211.968520102,238.106837776,0.0153995450251,85.4738042861,226.165966486,183.714861132,0.0185027066707,211.968550867,211.968487545,0.0246797666126,211.968587357,52.2128644404,90.9639289699,147.152081554,223.744215978,0.0149999124292,211.966968976,211.968529464,92.2063909431,211.968564893,237.977042635
2011-07-22 18:00:00,110.385731297,211.968538638,0.0246997296062,215.037874914,170.085275976,0.000500020638987,211.968520232,211.968567893,211.968512087,211.968522074,238.106840546,134.473481017,85.4738057412,226.165974167,183.714863435,0.0185036427917,211.968552768,211.968490702,0.0246838297349,211.968615304,52.2128618799,73.6805112376,147.15208208,223.744224528,0.0153253075257,211.968675655,211.968532473,92.206339364,211.968514438,237.977060312
2011-07-22 19:00:00,110.385737793,211.968541139,0.0247008499014,215.037880863,170.085278528,0.000498898183712,211.968529058,211.968568265,211.968511214,211.968523078,238.106840516,134.473490064,85.4738070987,226.165978027,183.714864034,0.0185037121362,211.968553743,211.968491235,0.024681499186,211.968645179,52.2128580648,0.015196685066,147.152082329,223.744233456,0.0153260214699,211.968729488,211.968534087,92.2063627432,211.968499293,237.977062108
2011-07-22 20:00:00,110.385739314,211.968543161,0.0247037444229,215.037880924,170.085279844,0.000497875392612,211.96853313,211.968567598,211.968508392,211.968523484,238.106840098,134.473493064,85.4738067375,226.165978828,183.71486377,0.0185032279013,211.968553896,211.968490748,0.0245726986243,211.968643347,52.212855735,73.6809757265,147.152082342,223.74423609,0.0153260857563,211.968679953,211.968534568,92.2064253315,211.968506095,237.977034883
2011-07-22 21:00:00,110.385738219,211.9685388,0.0246987572539,215.037879577,170.085280116,0.000496703637981,211.968534625,211.968567014,211.968501024,211.968523293,238.106839164,134.473493663,85.4738062753,226.165977648,183.714863435,0.018502726798,211.968553818,211.96848994,0.020005353842,211.968652794,52.2128553926,92.2062518779,147.152082304,223.744231495,0.0153262186878,211.968671188,211.968534696,92.2064122896,211.968492572,237.976991571
2011-07-22 22:00:00,110.385737913,211.968532976,0.0246912119599,215.037876538,170.085279831,0.000495357608048,211.968535233,211.968561768,211.968471596,211.968522556,238.106836714,134.473493624,85.4738080985,226.165974845,183.714862797,0.0185021681394,211.968553184,211.968488532,0.0200018126176,211.968646544,52.2128516766,92.2062831606,147.152082234,223.744221108,0.0153263116923,211.968718394,211.968534454,92.2063739564,211.968427839,237.97694068
2011-07-22 23:00:00,110.385736506,211.968527828,0.0246840542331,215.037873992,170.085279709,0.0004941573981,211.968535747,211.968558545,211.968164703,211.968521751,238.106833388,134.473493423,85.4738081248,226.165972252,183.71486234,0.0185018549316,211.968552425,211.968486765,0.0200010319073,211.968632611,52.212843262,92.2062905819,147.152082162,223.744218614,0.015326406189,211.968708102,211.968534048,92.2063272689,211.968419279,237.976859616
2011-07-23 00:00:00,110.385735535,211.968492179,0.0246923470608,215.037871169,170.085279338,0.000493060267054,211.968535863,211.968557142,92.2063272474,211.968520881,238.106825645,134.473493061,85.4738078985,226.165970418,183.714862704,0.0185011170413,211.968551583,211.968485094,0.0200005419417,211.968605779,52.2118206036,92.2062916699,147.152082074,223.744234643,0.0153263301952,211.968707598,211.968533842,92.2063132992,211.968361313,237.976634254
2011-07-23 01:00:00,110.385734163,211.966840932,0.024687650537,215.037870191,170.085278747,0.000492016501171,211.968535418,211.968555846,92.2063240335,211.968520246,238.106824665,134.4734928,85.4738073988,226.165970444,183.714862618,0.0185009177711,211.968551311,211.968483527,0.0200003743752,211.968588579,22.7126714229,92.2062955333,147.152081942,223.744232034,0.0153264508486,211.968699236,211.968533628,92.2063189701,211.968344242,237.976258229
2011-07-23 02:00:00,110.385736709,92.2064144857,0.0246579226509,215.037868993,170.085278187,0.000490980558236,211.968533783,211.968553586,92.2063190844,211.968519237,238.106822462,134.473492445,85.4738066648,226.165969246,183.714862106,0.0184999762797,211.968551211,211.968481839,0.0200002900787,211.968579305,0.0154946880204,92.206299999,147.152081771,223.744229282,0.0153264689111,211.968696167,211.968533213,92.2063171983,211.968293516,211.975869752
2011-07-23 03:00:00,110.385738349,92.206385158,0.0200475159109,215.037867812,170.085277633,0.000489936777763,211.968531204,211.968552323,92.2063034867,211.968517894,238.106818151,134.473492,85.473806627,226.165967376,183.714861253,0.018498515904,211.968550896,211.968479551,0.0200002499666,211.968579766,0.0150976679812,92.2063020364,147.152081615,223.744237206,0.0153264467346,211.968690964,211.968532435,92.2063157335,211.968304951,237.97593251
2011-07-23 04:00:00,110.385741975,92.2063639183,0.0200153539928,215.037868347,170.085276318,0.000489017755757,211.968528109,211.968547831,0.0202405137014,211.968515782,238.10682159,134.473491299,85.4738067341,226.1659656,183.714860047,0.0184950398316,211.968551268,211.96847705,0.0200002702105,211.968577424,0.0150593203776,92.2063034833,147.152081309,223.74424403,0.015326376805,211.968634871,211.968532189,92.2063060464,211.968260232,237.976059385
2011-07-23 05:00:00,110.38574254,92.2063334655,0.020007990611,215.037865367,170.085272697,0.000488264352925,211.968526469,211.968542996,0.0200527247324,211.968448632,238.106789504,134.473489843,85.4738060884,226.165958054,183.714847872,0.0184787741793,211.968548005,211.96845971,0.020000403457,211.968578988,0.0166224162669,92.206305894,147.152080738,223.744229668,0.0153262398052,211.968637473,211.968525854,92.206291608,211.968253011,237.975809886
2011-07-23 06:00:00,110.385740515,92.2063228042,0.0200050356661,215.034448535,170.085103872,0.000487626990761,211.96851417,211.968514056,0.0200171081291,171.694491185,211.968530036,134.47348771,85.4738035804,226.165666112,148.80902795,0.0149936458922,171.694626365,171.694395643,0.0200002547846,211.968603578,0.0150173036498,92.2063117516,147.152076084,223.744232852,0.0153259638521,211.968548084,171.694529048,92.2063186961,211.965856383,211.9684955
2011-07-23 07:00:00,110.385714628,92.2062979417,0.020001326554,174.180684456,73.9870968687,0.00048685317542,92.2063382432,92.2066586981,0.0200077736402,171.694477153,192.86653392,134.473469483,85.4737991106,183.194452493,148.809019605,0.0149686539333,171.694535889,171.694380879,0.0199996457103,211.968614613,0.0150895487181,92.206313648,0.0122550499873,223.744207854,0.0153227064847,211.966883503,171.6945147,92.2061781412,92.2071179157,103.52025817
2011-07-23 08:00:00,89.4125040725,0.0150570853357,0.0199992634637,174.18065585,0.019975353578,0.000485993960414,90.2098705163,92.2063288799,0.0200032634946,0.0100268925791,192.866526486,0.0101316856067,85.4737686476,183.194437068,137.787604433,0.0149626672193,171.694531111,158.979195003,0.0199991059433,211.968577346,0.0150480086435,92.2063186674,0.0121705294424,223.743861879,0.0121525967247,158.976198697,171.694508262,0.0158988327802,92.2066744523,103.52001493
2011-07-23 09:00:00,89.4125977599,0.0150130567018,0.0199922642828,174.180660998,0.015014605722,0.000484947611779,90.2098288938,92.2063279031,0.0199978731584,158.976594564,192.866521893,0.0101041835247,64.1074204029,183.194424446,0.0100124354076,0.0147142427852,171.69452926,92.20623127,0.0199982643025,211.968551204,0.0150553867234,92.2063144204,0.0121693736509,211.967991165,0.0121496061837,158.97560853,171.694490826,0.0150297678263,0.0176858406142,103.519668935
2011-07-23 10:00:00,89.4124678206,0.0150053162448,0.0199713829759,174.180644534,0.0150011524099,0.000484101907811,0.0200033860982,92.2063254988,0.0199934085869,171.694473806,192.86651472,0.0100917078254,64.1054389421,169.625488671,0.0100079651445,0.0100250441194,171.694528366,158.976872635,0.0199959147675,211.968524628,0.0150316786756,92.2063090152,0.0121644161756,181.23289589,0.0121471679383,0.0150274595043,171.694487162,0.0150105446712,0.0150328213697,103.519518411
2011-07-23 11:00:00,89.4124600713,0.0150040133411,0.0199786394401,174.180653622,0.0150000962515,0.00048315201922,0.0200018009081,92.2063240341,0.0199898573206,171.694486916,192.866494001,0.0100108419561,64.1054295787,183.19438158,148.808980394,0.0147324426849,171.694529836,171.694380625,0.0199925312783,211.968469013,0.0150300017622,92.2063064763,0.0121661680826,181.23287516,0.0100044361149,0.0152604997975,171.694506089,0.0150197690451,0.0150306642297,103.519578756
2011-07-23 12:00:00,89.4124568706,0.0150147418699,0.0199876227544,174.180632886,0.0149999147418,0.000482081259263,0.0202277953981,92.2063188921,0.0199938991545,171.69449187,192.866474315,0.0100057644853,64.1054478592,183.194437951,148.809018376,0.0149527763307,171.694531481,171.694381441,0.0199922919485,211.968467662,22.7126764491,92.2063023048,0.0121686269343,181.232900682,0.0100029142287,158.975905629,171.694514833,0.0150116350309,0.0150295817848,103.519606429
2011-07-23 13:00:00,89.4124573788,92.2062449973,0.0199942547543,174.180689934,0.0150002467158,0.00048100829614,0.019972158676,0.0150038077412,0.0199987075484,171.694491431,192.866522176,0.0100066422749,64.105448216,183.194488659,148.80902272,0.0149642255374,171.694533339,171.694386413,0.0199966265965,211.968523541,22.712899502,92.2063045403,0.0121690339128,211.968597572,0.0100113519525,0.0153705748542,171.694526514,0.0150361367989,0.0151487642991,103.519734234
2011-07-23 14:00:00,89.412470975,92.2063194722,0.0199950101605,215.03761834,0.0150002451524,0.000480033574607,90.2098313956,0.0150015012751,0.0200024670979,171.694502676,192.866545427,0.0100184656973,85.4737097783,211.968669325,148.809031287,0.0149689487914,171.694536521,171.694388334,0.0199985275958,211.968536743,52.2127985062,92.206306075,0.0121696062102,223.743689728,0.0121472834417,158.97606538,211.968427352,74.6877286096,92.2060866242,103.519753793
2011-07-23 15:00:00,110.385655001,92.2063278531,0.0199985900338,215.037818337,0.0150016319073,0.000479019795605,90.2098371929,0.0150238559583,0.020010228127,211.968486446,238.106752704,0.0100967887944,85.4737946033,226.165945302,183.714793452,0.0149836939281,211.968426535,211.968368755,0.0199992708562,211.968551101,52.2128263436,92.2063103012,0.0121706813538,223.744157077,0.0121492539933,158.976203547,211.968523517,92.2063022187,92.2068307426,103.519962938
2011-07-23 16:00:00,110.385730971,92.2064751349,0.0200002521529,215.03786327,0.0150151854156,0.000478092219838,92.2063286081,92.2063240052,92.2061786176,211.968507495,238.106839169,0.0101065300372,85.4738017997,226.16598624,183.714882755,211.959842708,211.968540778,211.968377166,0.0199999642004,211.968573068,52.2128320393,92.2063141186,0.0150005611496,223.744228115,0.0121505843288,211.96760392,211.968535535,113.830413262,113.834816657,103.519990911
2011-07-23 17:00:00,110.385743012,211.96848596,0.0200022473571,215.037886053,73.9867905931,0.000477049532231,111.370156246,92.2063277936,92.206292438,211.968511128,238.106851291,0.0103462190754,85.473804366,226.166000981,183.714889424,211.967988033,211.96854844,211.968380049,0.0200014784412,211.96861151,52.2128340767,92.2063145345,0.0150245424124,223.744251336,0.0149961628709,211.968275802,211.968543165,113.831300546,113.835396573,103.520011445
2011-07-23 18:00:00,110.385745139,171.69708798,0.0200032134471,215.037894998,73.9870968877,0.000475996019416,111.370167266,122.941723468,92.2062970534,211.968512453,238.106858765,58.4962596478,85.4738056218,226.166006949,183.714892393,211.967994212,211.968550522,211.968381622,0.0200568393677,211.968574755,52.2128347271,92.2063115529,0.0150248869195,223.744260219,0.0150029832284,211.968437219,211.968547383,113.831222359,113.835561408,103.52003511
2011-07-23 19:00:00,110.385744554,211.968476862,0.0200041338749,215.037896686,73.9870982139,0.000474933874314,111.370168677,122.941700484,92.2062985474,211.96851331,238.106858985,58.496267987,85.4738070078,226.166009704,183.714893347,211.967996384,211.968550645,211.968381929,0.0246824864673,211.96860529,52.2128319572,92.2063118915,0.0150250024294,223.744262917,0.0150037041806,211.968467349,211.968548661,113.830873314,113.835504255,103.520036651
2011-07-23 20:00:00,110.38574394,211.96852742,0.0200031707786,215.037894704,73.987099177,0.000473820507882,111.370167011,92.2063318226,92.2062983145,211.968513403,238.106857794,58.4962708295,85.4738071867,226.166010222,183.714893327,211.967997215,211.968549977,211.968381546,0.0246832625295,211.968634981,52.2128305425,92.2063132428,0.0150249623008,223.744252491,0.0150038878073,211.968480473,211.968548785,92.2066689895,113.835401653,103.520009249
2011-07-23 21:00:00,110.385740507,211.968527389,0.0200020285938,215.037891285,73.9870991968,0.000472847003976,111.370163653,92.2063295371,92.2062975753,211.968513209,238.106856727,58.4962715067,85.4738072686,226.166008093,183.714893401,211.9679976,211.968549929,211.968381012,0.0246809813778,211.96865002,52.2128287441,92.2063112918,0.0150248867222,223.744233576,0.0150040275028,211.968485303,211.968548447,113.830876546,113.835172522,103.519976909
2011-07-23 22:00:00,110.385738114,211.968512758,0.0200008987528,215.03788782,73.987098594,0.000471681574167,92.2065012383,92.2063283101,92.2062966155,211.968512372,238.106855019,58.4962716391,85.4738077222,226.166003095,183.714893516,211.967997834,211.968549212,211.968379924,0.0246735558708,211.96864158,52.2128238518,92.2063080045,0.0150247386136,223.74422263,0.0150040777101,211.968481593,211.968547989,113.830859169,92.2078719831,103.519968722
2011-07-23 23:00:00,110.385734203,211.968493903,0.0200000821684,215.037884167,73.9870983092,0.000470473073399,92.2063305737,92.2063280926,92.2062958089,211.968511534,238.106853249,58.4962714651,85.4738071612,226.165998097,183.714893775,211.967998002,211.968548349,211.96837851,0.0202892265889,211.968622136,52.2128135475,92.2063049703,0.0150245801834,223.744208591,0.0150041181975,211.968479389,211.968547078,113.830819514,92.2080731481,103.519991956
2011-07-24 00:00:00,110.385727601,211.968340417,0.0199993284813,215.037881693,73.9870975884,0.000469388363541,90.209854155,92.2063286844,92.2062928747,211.968510474,238.106851936,58.4962711463,85.473806527,226.165994086,183.714893985,211.967997925,211.96854734,211.968376961,0.0200018235607,211.968582353,52.2127371977,92.2063002464,0.0150244549492,223.744242447,0.0150040936022,211.968421112,211.968546241,92.2065048559,113.829037587,103.520015109
2011-07-24 01:00:00,110.385723365,92.2066308721,0.0199990083816,215.037879452,73.9870975624,0.000468206815146,90.2098419483,92.206328548,92.2062935789,211.968509426,238.10684985,58.4962708533,85.4738061947,226.165990977,183.714893783,211.967997956,211.968546471,211.968375554,0.0200017359135,211.968574999,22.7126673797,92.2062988028,0.0150242351084,223.744238063,0.0150041287706,211.968262498,211.968546293,92.2063586428,113.804686176,103.52001436
2011-07-24 02:00:00,110.385720861,92.206348043,0.0199989752334,215.037877619,73.9870976278,0.000467191606071,90.2098420479,92.2063280487,92.206293323,211.968507814,238.106847462,58.4962704974,85.4738055138,226.165988917,183.714893315,211.967997723,211.968545697,211.968374023,0.0200016742967,211.968571418,0.0150365060226,92.2062997249,0.015023958157,223.744232249,0.0150041076336,211.968217483,211.968545811,92.2063344478,92.2082784739,103.520012699
2011-07-24 03:00:00,110.385719987,92.2063348252,0.019999130473,215.03787426,73.987097683,0.0004660509349,90.2098409353,92.2063278528,92.2062921134,211.968505231,238.106842144,58.4962700073,85.4738050395,226.165986206,183.71489278,211.967997555,211.968544506,211.968371078,0.0200014983179,211.968573534,0.0150124507489,92.2062995208,0.0150235730701,223.74423234,0.0150040618466,211.968071413,211.968544796,92.2063299734,92.2075167175,103.52003606
2011-07-24 04:00:00,110.385720384,92.2063279292,0.0199992700758,215.037871268,73.9870975427,0.000465139561156,90.2098400785,92.206327557,92.2062913418,211.968500403,238.106840166,58.4962692002,85.4738045773,226.165985936,183.71489188,211.96799747,211.968543318,211.968366908,0.0200016233634,211.96857232,0.0150048184995,92.2062991005,0.0150226928312,223.744234935,0.0150039366458,211.967307483,211.968544797,92.2063190104,92.2070537594,103.520062252
2011-07-24 05:00:00,110.385713513,92.2063238672,0.0199995823211,215.037861531,73.9870967791,0.000464383034458,90.2098418086,92.2063265249,92.2062865488,211.968452916,238.106799705,58.4962674298,85.4738040892,226.165974509,183.714886159,211.967997047,211.968538501,211.968348846,0.0200026833748,211.968569831,0.0150025571258,92.2062993343,0.0150196785653,223.744239494,0.0150037576734,211.965603453,211.968539873,92.2062959847,92.2072359962,103.520069671
2011-07-24 06:00:00,110.385686316,92.2063152301,0.0200002679786,215.036135957,73.9870952796,0.0004636115185,90.2098395297,92.2063264971,74.6870990243,171.694434704,211.968525051,58.4962649169,85.4738010677,226.165911321,148.809079037,211.967981931,171.694531861,158.976515956,0.020002271999,211.968567002,0.0150019180237,92.2063016052,0.0149945928378,223.744246195,0.0150034392032,158.976462964,171.694540227,92.2061402396,92.2069699215,103.520029415
2011-07-24 07:00:00,110.385663292,92.2062799487,0.0200004950282,174.180674245,73.9870003679,0.000462818011458,90.209839211,92.2063263719,69.1547702303,171.694421237,192.866532515,58.4962431559,85.4737890251,226.163841409,148.809064724,171.694080903,171.694517816,158.976455543,0.0199997430843,211.968580271,0.0150007538298,92.2063030605,0.0120730992077,223.744218692,0.014999603275,158.97640741,171.694534006,92.2061359409,92.2068604006,103.519564911
2011-07-24 08:00:00,110.385649557,0.0150749553971,0.020000593764,174.180628965,0.0200073936027,0.000461978202848,90.2098387669,92.2063269818,0.0199997888369,0.0102695179047,192.866506363,0.0100884962243,85.4734768426,183.19452926,148.809061376,171.694076902,171.694513387,158.97619043,0.019999133498,211.968604543,0.0150003310742,92.206302678,0.0120716245249,223.744229845,0.0121495506479,158.976398775,171.694531298,92.2059287849,92.2067459773,103.519428071
2011-07-24 09:00:00,110.385233165,0.0150162837284,0.0200004906662,161.279050975,0.0200018597828,0.00046117339296,90.2098402672,92.2063274648,0.0199915973036,0.0100130937417,178.580804306,0.0100646938984,64.1054467896,183.194473876,148.809054659,171.694068308,171.694510092,0.0100104210662,0.0199986096228,211.968600376,0.0150003777886,92.2063029852,0.0120681367753,223.74423624,0.0121479828471,158.97643348,171.694534643,92.2034941093,92.2067126608,103.519393186
2011-07-24 10:00:00,89.4124572606,0.0150035046071,0.0200006098013,161.278763879,0.0199605420332,0.000460223127411,90.2098438196,92.2063274419,0.0199794111091,0.010027922961,178.580657647,0.0100528425804,64.1054294988,183.194461366,148.809051342,92.2067279437,171.694507198,0.0100083946205,0.0199985721022,211.968581446,0.0150004808493,92.2063028187,0.0100041577699,223.744219524,0.0121456988371,158.976474903,171.694537724,92.2026086067,92.2067808985,103.519445877
2011-07-24 11:00:00,89.412445385,0.0150020765769,0.0200006590208,174.180325707,0.0150016667615,0.000459177031858,90.2098530106,92.2063269695,0.0200236560817,171.694349233,192.866439299,0.0100089033141,64.1054109648,183.194463745,148.809061346,171.694056243,171.694508626,158.976351935,0.0199989614197,211.968568543,0.0150008066289,92.206302759,0.0100023852284,223.744198076,0.0100087017682,158.976633046,171.694531184,92.2039720404,92.2068323801,103.519489557
2011-07-24 12:00:00,89.4124420202,0.0150009323081,0.0200015013766,174.180660322,0.0150019449773,0.000458173531672,90.2098497814,92.2063281203,74.6870899831,171.694422514,192.866521308,0.0100048628701,64.1054015326,183.194470082,148.809063732,171.694074246,171.694508166,158.976442518,0.0199994247813,211.968559542,0.015001018007,92.2063044351,0.0100062919927,223.744154152,0.0100019123366,158.976630574,171.694528295,92.2060570645,92.2067452866,103.519557003
2011-07-24 13:00:00,89.4124414832,0.0150015311519,0.0200021001437,174.18068158,0.0199905393804,0.000457187701309,90.2098781911,92.2063265567,74.6871027574,171.694428869,192.866535888,0.0100054478135,64.1054020629,183.194476703,148.809066048,171.694079311,171.694508257,158.976442559,0.019999503706,211.968563647,0.0150003114092,92.2063044798,0.0120690190081,223.7441715,0.0100048975719,158.976551704,171.694526847,92.2062195413,92.2068479414,103.519994114
2011-07-24 14:00:00,89.4124429332,0.0150054242101,0.0200024447588,174.18076844,0.0199983198229,0.000456254815887,90.2099763074,92.206326273,92.2063153593,171.694444585,211.968543005,0.0100136013067,64.1054726627,183.194504783,148.809071735,171.69408474,171.694513281,158.976455436,0.0199997100605,211.96855206,0.0150002782259,92.2063052797,0.0120716391919,223.744189581,0.0121460557988,211.962945616,171.694535816,92.2063401399,92.2075153419,103.520178403
2011-07-24 15:00:00,89.4124635386,92.206217805,0.0200051131844,215.03778506,0.0200052384222,0.000455264234064,92.206331983,92.2063274393,92.2063300543,211.968430203,238.106782941,0.0100573123432,85.4737289464,226.165941437,183.714827665,171.69409506,171.694519694,158.976587042,0.0200002065809,211.96854893,0.0150010017574,92.2063079645,0.0120732161487,223.744197093,0.012148052234,211.967996131,171.694552046,211.967570252,211.968403262,211.968429191
2011-07-24 16:00:00,110.385629902,92.206326368,0.0200166907662,215.037889592,0.020037804492,0.000454388204456,211.96850479,92.2063279209,211.968534362,211.968452909,238.106834784,0.0100667143454,85.4737961423,226.165984475,183.71489671,211.968159443,211.968477711,211.968505813,0.0200012142147,211.968554704,0.0150044998042,92.2063104972,0.0149946002521,223.744219397,0.012149906002,211.96828495,211.968519466,211.96843034,211.968823859,211.968843912
2011-07-24 17:00:00,110.385699892,211.968491177,92.2055598636,215.037930848,73.9871034454,0.0004534293656,211.968556707,92.2063998808,211.968552707,211.968457133,238.106843462,0.0102472905356,85.4738034633,226.165995986,183.714900308,211.968323582,211.968522388,211.968527827,0.0200053612018,211.968584049,22.7126414428,92.2063130221,0.0185147931502,223.744239084,0.0149988195101,211.968533431,211.968543399,211.96846874,211.968974104,211.968903835
2011-07-24 18:00:00,110.385704097,92.2063625634,92.20633806,215.037946846,73.9871833589,0.000452571824771,211.968564204,211.968555291,211.968556177,211.968459211,238.106848548,58.4964169906,85.4738046768,226.1660116,183.714902335,211.968328531,211.968536605,211.968535361,0.0200255051233,211.968616515,52.2127968036,92.206319854,0.0185175882102,223.74425415,0.0185228411395,211.968594773,211.968552604,211.968446459,211.968869174,211.968884064
2011-07-24 19:00:00,110.38569501,92.2075440997,92.2063393568,215.037952279,171.69451933,0.000451434035746,211.968567578,211.968557893,211.968558643,211.9684605,238.106847568,58.496430114,85.4738060345,226.166018261,183.714902801,211.968330262,211.968537261,211.968537844,0.0201127841098,211.968634327,52.212787603,92.2063231364,0.0185183260893,223.744255692,0.0185245026526,211.968689089,211.968553406,211.968448316,211.968871545,211.968898679
2011-07-24 20:00:00,110.385690527,211.968002173,92.2063400477,215.037949912,171.69453104,0.0004504912302,211.968569057,211.968559584,211.968558218,211.968460855,238.106846016,58.4964336423,85.4738060199,226.166020864,183.714902608,211.968330027,211.96853656,211.968538318,0.0356476900838,211.968639202,52.2127629588,92.2063274161,0.0185185689454,223.744241745,0.0185249014474,211.968906092,211.968552584,211.968444203,211.968812478,211.968832224
2011-07-24 21:00:00,110.385670866,92.2065633176,92.2063398632,215.037943608,171.694533852,0.000449414597778,211.968569351,211.968562801,211.968556786,211.968460724,238.106844039,58.4964346656,85.4738049455,226.166014831,183.714902165,211.968331037,211.968536364,211.968538567,0.0289473783415,211.968653781,52.2127627117,92.2063236472,0.0185187053143,223.744221234,0.0185250899857,211.968906113,211.968551592,211.968426435,211.968607622,211.968674976
2011-07-24 22:00:00,110.385646156,92.206343143,92.2063398337,215.03793562,171.694534793,0.000448156319424,211.968568708,211.968560284,211.968555528,211.968459979,238.106840417,58.4964349284,85.4738055347,226.166009951,183.714902017,211.968331649,211.968534597,211.968537651,0.0289847948244,211.968643474,52.2127177698,92.2063190968,0.0185187783821,223.744207714,0.0185251960401,211.968744885,211.968550851,211.968392501,211.968469383,211.968299237
2011-07-24 23:00:00,110.385606089,92.2063325955,92.2063404492,215.037930743,171.694535838,0.000446993643058,211.96856822,211.968558833,211.968555452,211.968459291,238.106836775,58.4964349658,85.4738055167,226.166009713,183.714901828,211.968332128,211.968533503,211.968536312,92.2063141213,211.968619689,52.2126221001,92.2063204791,0.0185188253687,223.744200115,0.0185252705248,211.968697776,211.968548493,211.968346186,211.968374142,211.968411344
2011-07-25 00:00:00,110.385120132,92.2063251491,92.2063451684,215.037929069,171.694535954,0.000445876854729,211.968565061,211.968558092,211.968556519,211.968458482,238.106833855,58.4964349223,85.4738052798,226.16600983,183.71490184,211.968331648,211.968532753,211.968535186,92.2063204711,211.968583028,22.7126389644,92.2063270238,0.0185188906376,223.744182252,0.0185252680771,211.968714729,211.96854611,211.968295858,211.968271732,211.968566732
2011-07-25 01:00:00,110.38525315,92.206324914,92.2063465701,215.03792695,171.69453672,0.000444867685305,211.968564184,211.968557739,211.968556779,211.968457704,238.106834182,58.4964347973,85.4738049911,226.166009247,183.714902,211.968332327,211.968531039,211.968534603,92.2063224316,211.968577288,22.7126655583,92.2063309945,0.0185189052174,223.744184234,0.018525310029,211.968780233,211.96854649,211.968217857,211.968081919,211.968501379
2011-07-25 02:00:00,110.385627853,92.2063244557,92.2063516612,215.037928363,171.694537371,0.000443830521516,211.968564594,211.968557384,211.968556417,211.968456909,238.106835623,58.4964346128,85.4738046362,226.166009297,183.714901732,211.968333042,211.968530757,211.96853463,92.206323556,211.968573529,22.712664021,92.206338263,0.0185189114996,223.744184839,0.0185253285849,211.968794344,211.968546263,211.968160681,211.966819055,211.96847337
2011-07-25 03:00:00,110.385702362,92.2063230837,92.206360198,215.037930098,171.694538152,0.000442940033787,211.968565635,211.96855769,211.968556755,211.968455652,238.106835304,58.4964343965,85.4738051061,226.166011301,183.714901633,211.968334445,211.968531441,211.968534968,92.2063259432,211.96857336,22.7126497971,211.968215683,0.0185189417703,223.744201565,0.0185253592275,211.968921909,211.968544912,211.96809417,211.965424087,211.968495404
2011-07-25 04:00:00,110.385719077,92.206318984,113.834840543,215.037936921,171.694538814,0.00044237320695,211.968567184,211.968557878,211.968559742,211.968453184,238.10683708,58.4964340604,85.4738054391,226.16601286,183.714901606,211.96833493,211.968534435,211.968536901,113.834959026,211.968574475,22.712577409,211.96848853,0.018518985139,223.74423908,0.0185253386249,211.969164526,211.968546721,211.967884647,211.966888455,211.968457439
2011-07-25 05:00:00,110.385721235,92.2062692381,113.834945231,215.037943863,171.694539535,0.000441887264645,211.968568616,211.968560842,211.968561491,211.968434069,238.106823538,58.4964334635,85.4738055173,226.166014253,183.714896723,211.968334739,211.968532823,211.968536838,113.834965087,211.968585239,22.7126116165,211.968509508,0.0185188550913,223.744245329,0.0185252618077,211.969282963,211.968545339,92.2072685629,171.694959563,211.968132811
2011-07-25 06:00:00,110.385712589,0.0150129015698,113.834955846,215.037933355,171.694539752,0.000441174758823,211.968567378,211.968567445,211.968558715,171.694436904,238.106717812,58.496432667,85.4738007047,226.166006076,148.809156599,211.968329838,211.968526086,211.968530404,113.834967798,211.96863671,52.2127689243,211.968517013,0.0185173604321,223.744217105,0.0185249657504,211.969208656,211.968535636,92.2063551365,171.694343383,103.520594083
2011-07-25 07:00:00,89.4124873249,0.0150044251533,92.2063549791,215.037926589,171.694539148,0.000440350487647,211.96854787,211.96856814,211.968552897,171.694425324,192.866526249,58.4964265189,85.4737341259,226.165981742,148.809071577,171.694355382,211.968438478,211.968518214,92.2063437944,211.968657511,52.2127703964,211.968516665,0.0150008448645,223.744156447,0.0185224202211,211.968466182,211.968465609,92.2062682646,171.693652529,103.520286406
2011-07-25 08:00:00,89.4124246804,0.0150021321718,92.2063440739,215.037906668,171.694538049,0.000439463439224,171.69455171,211.968566959,211.968537037,158.976863974,192.866505988,43.8727115267,64.1053680601,226.165949063,148.809067521,171.694350863,171.694552306,211.968250869,92.2063231758,211.968656723,52.2127766695,211.968515882,0.0149998830651,223.744052009,0.0150006644422,158.97722502,171.695525115,92.2061218753,92.2084573778,103.520056665
2011-07-25 09:00:00,82.7898627524,0.0150017813869,92.2063417208,215.037899371,171.69453666,0.000438537584018,171.694537535,211.968560723,171.694621964,0.0100360870485,192.866477585,43.8726686293,64.1053280034,226.16540339,148.809064139,171.694348313,171.6945262,171.69453199,92.2063221623,211.96863476,52.212779978,211.968515339,0.0149986319972,211.970406971,0.0149989432636,158.977144107,171.69455005,92.2057928745,92.2070558142,103.520007386
2011-07-25 10:00:00,89.4122750553,0.0150021836366,92.2063403885,215.037881901,171.694532776,0.000437527425557,158.976291997,211.968558898,171.694544991,0.0100203364143,178.581468867,43.8726600814,64.1050814516,183.194522364,148.809049734,171.694346506,171.694521712,171.694523626,92.2063217805,211.968583758,52.2127812156,211.968515286,0.0149936086118,211.968521784,0.0149968807908,158.977192373,171.694545689,92.2061034121,92.2084682204,103.519988465
2011-07-25 11:00:00,89.4124200737,0.015004708116,92.206345763,215.037807369,171.694387295,0.000436583735803,158.976528891,211.968557045,171.694543331,0.0148914701519,178.581337986,43.872027734,64.105263565,183.194495414,148.809033716,171.694350158,171.694520684,171.694523946,92.2063222992,211.96856912,52.2127826106,211.968515283,0.014997949133,181.232924572,0.0149133229515,211.968291784,171.694544713,92.2062404233,171.694178536,103.520019852
2011-07-25 12:00:00,89.4124249352,0.0154173139056,92.2063544635,215.03768399,139.072582401,0.000435666883902,171.694539399,211.968557193,171.694543872,171.694405546,192.866445081,0.0100491366644,64.105300138,183.194489203,148.809057931,171.694352973,171.694520935,171.694527133,92.2063228164,211.968552312,52.2127835059,211.968516254,0.01499930957,181.232874247,0.0100303589524,211.968260485,171.694547519,92.2063136699,171.696013369,103.520268883
2011-07-25 13:00:00,89.4124233646,92.2063032852,92.2064122504,215.037813431,139.07258162,0.000434612867556,171.694543921,211.968557981,171.694545288,171.694428009,192.86650676,0.0102650000187,64.1053335849,183.194488519,148.809066102,171.694355708,171.69452083,171.694530122,92.2063239882,211.968560992,52.2127834006,211.968516371,0.0150000272888,181.232854992,0.014979098158,158.977623777,211.968505126,92.2069312451,211.967889334,103.520506299
2011-07-25 14:00:00,89.4124345712,92.206321509,211.968543328,215.037867446,139.072581936,0.000433633135665,211.968240072,211.968557441,171.694573477,171.694449477,192.866554406,43.8723739083,64.1053585034,183.194494402,148.809072273,171.694360086,171.694523934,171.694531105,92.2063332228,211.968566178,52.212784614,211.968518463,0.0150008609747,181.232854623,0.0149969456901,158.977287519,211.968506023,211.967937329,211.96845898,103.520736437
2011-07-25 15:00:00,110.373799841,92.2063311626,211.968607254,215.037905579,139.072587793,0.000432587153046,211.96854964,211.968558608,211.968553107,211.968489537,238.106755067,43.8726596257,64.1055661813,211.968730594,183.714877774,171.694403239,171.694554906,211.968490173,211.968532464,211.968552894,52.2127861465,211.968520342,0.0150037547929,181.232874034,0.0149988563775,158.977734945,211.968527795,211.968332634,211.968879279,211.968696096
2011-07-25 16:00:00,110.385724635,211.968529076,211.968617527,215.037934041,171.694533598,0.000431591035161,211.96856104,211.968562017,211.96856407,211.968515517,238.106810195,43.8726682491,85.4737802856,226.165998199,183.71490858,211.968515079,211.968535282,211.968535895,211.96855499,211.968549661,52.2127907231,211.96852117,147.152075444,211.969550931,0.0150004351949,211.968502519,211.968546123,211.968460021,211.969628129,237.976866873
2011-07-25 17:00:00,110.385739754,211.968543575,211.968621995,215.037954913,171.694539196,0.000430592128737,211.968569329,211.968568339,211.96857041,211.968520177,238.106817478,43.8727474502,85.4737996233,226.166024064,183.714911401,211.96853307,211.968544404,211.968541089,211.96855787,211.968553855,52.2127994966,211.968521348,147.152092926,223.74422287,1.56700981276,211.969499804,211.968554281,211.968465533,211.969663106,237.977022086
2011-07-25 18:00:00,110.385743707,211.968545875,211.968628598,215.037968264,171.694539849,0.000429688501492,211.968569215,211.968570281,211.968572365,211.96852241,238.106821715,211.966325881,85.47380243,226.166027375,183.714913399,211.968536488,211.968547574,211.968542729,211.968559082,211.968568673,52.212832299,211.968521818,147.152093911,223.74423426,3.6024561793,211.969578145,211.968559841,211.968474177,211.969695824,237.977044851
2011-07-25 19:00:00,110.385743848,211.968546973,211.968632785,215.037966997,171.694540226,0.000428643896217,211.968573873,211.96857071,211.968573448,211.968523528,238.106820901,211.966341101,85.4738056312,226.166027238,183.714913715,211.968537628,211.968547984,211.968542919,211.968559648,211.968574316,52.2128096611,211.968521751,147.152094256,223.744230818,3.60245733816,211.969651607,211.968559242,211.968473085,211.969683614,237.977079224
2011-07-25 20:00:00,110.385743115,211.968548077,211.968635126,215.037959489,171.694541084,0.000428043971075,211.968576447,211.968570808,211.96857128,211.968524144,238.106819058,211.966344638,85.473805824,226.166025823,183.714913325,211.968537952,211.968548401,211.968542018,211.968559348,211.968573513,52.2128083125,211.968522324,147.152094342,223.744225218,3.60245763781,211.969649318,211.968557497,211.968466332,211.96966697,237.977079241
2011-07-25 21:00:00,110.385739421,211.968545682,211.968635882,215.037949236,171.694541692,0.000426564403262,211.968576317,211.968570445,211.968568054,211.968523948,238.106816368,211.966345482,85.4738048841,226.1660206,183.714912987,211.968538088,211.96854835,211.968540562,211.968558368,211.968572303,52.2128160331,211.968520014,147.152094353,223.744213201,3.60245780028,211.969635456,211.968556534,211.968453812,211.969548011,237.97707561
2011-07-25 22:00:00,110.385737478,211.96854312,211.96863543,215.037935752,171.694541317,0.000425440187087,211.968574669,211.968568822,211.968565724,211.968523357,238.106811632,211.966345654,85.4738062429,226.166013362,183.7149128,211.968538396,211.968547755,211.968538613,211.968557586,211.968555578,52.212799148,211.968517534,147.152094341,223.744201064,3.60245786972,211.969544315,211.968555466,211.968449098,211.969066941,237.977067593
2011-07-25 23:00:00,110.385734655,211.968542532,211.968634736,215.03792784,171.694541554,0.000424346415847,211.968572881,211.968565914,211.968564665,211.96852273,238.106805649,211.966345713,85.4738069224,226.166010298,183.71491269,211.968538518,211.968547088,211.968535927,211.968557027,211.968546369,52.2127899055,211.968515324,147.15209432,223.744212807,3.60245791105,211.969596378,211.968554254,211.968448265,211.968879498,237.977066295
2011-07-26 00:00:00,110.385733426,211.96854512,211.96863588,215.037922627,171.694541465,0.000423287884873,211.968572106,211.968566016,211.96856436,211.968521904,238.106796881,211.966345713,85.4738067387,226.166006424,183.714912724,211.9685385,211.968546368,211.96853357,211.968556437,211.968541001,52.2127858566,211.968513236,147.152094325,223.744208764,3.60245790426,211.969599096,211.968553379,211.96844932,211.968716794,237.977053105
2011-07-26 01:00:00,110.385731904,211.968546232,211.968635764,215.037918928,171.694541364,0.000422279823585,211.968571891,211.968564126,211.968564108,211.968521252,238.106796156,211.966345606,85.4738061421,226.166003244,183.71491254,211.968538604,211.968546061,211.968531712,211.968556384,211.968541701,52.2127821969,211.968512938,147.152094325,223.744206124,3.60245793615,211.969526519,211.968552847,211.96845115,211.968720724,237.977044316
2011-07-26 02:00:00,110.385734455,211.968548044,211.968634191,215.037915327,171.694541677,0.000421291837891,211.968571446,211.968562561,211.968563315,211.968520435,238.106792462,211.966345355,85.4738053521,226.166001707,183.714912266,211.968538789,211.968546033,211.968529924,211.96855733,211.968537386,52.2127794523,211.968513826,147.152094314,223.744200855,3.6024579638,211.96957328,211.968552644,211.968450454,211.968662914,237.97704552
2011-07-26 03:00:00,110.385738752,211.968550759,211.968632198,215.037911993,171.694542556,0.000420313596791,211.96857151,211.968561653,211.968563295,211.968519425,238.106790323,211.966345069,85.4738051167,226.165999099,183.714911776,211.968539729,211.968546073,211.968527836,211.968558491,211.968540814,52.212777084,211.968515143,147.152094342,223.744204554,3.60245803068,211.969554923,211.968552156,211.96846949,211.96880485,237.977078582
2011-07-26 04:00:00,110.385743039,211.968552745,211.968632997,215.037908693,171.694543596,0.000419638640656,211.968571968,211.968560686,211.968565425,211.968518143,238.106795536,211.966344729,85.4738055017,226.165998822,183.714911287,211.968539861,211.9685464,211.968524709,211.968560482,211.968542844,52.2127758939,211.968518479,147.15209438,223.744202508,3.60245804486,211.969611863,211.968552417,211.968487047,211.969425005,237.977096441
2011-07-26 05:00:00,110.385743734,211.968551775,211.968636606,215.037894953,171.694544632,0.000419070375287,211.968571735,211.968565007,211.968566864,211.968504475,238.10677722,211.966343921,85.4738063328,226.165989838,183.714906636,211.968539479,211.968544713,211.968512722,211.968563424,211.968547591,52.2127797651,211.96852322,147.152094372,223.744203147,3.60245797473,211.9696283,211.968548988,211.96846013,211.969513728,237.977071319
2011-07-26 06:00:00,110.385725241,211.968545732,211.968640664,215.034827391,171.694544946,0.000418467165677,211.968571314,211.968570496,211.968562444,171.694498926,211.968738171,211.966343221,85.47380103,226.165849472,183.714813974,211.968530999,211.968510488,211.968022199,211.968561161,211.968565779,52.2127931619,211.968527852,147.152093233,223.743480803,3.60245766904,211.969641108,211.968494383,211.968328529,211.969391224,237.976894077
2011-07-26 07:00:00,89.4124414719,211.968532525,211.96864273,174.180504232,171.694542891,0.000417685554016,211.968568627,211.968570718,211.968553323,171.694488109,192.866486397,211.966337092,85.4737566375,183.194384047,148.809076289,171.694548034,171.694531311,0.0105018361653,211.968557351,211.968598481,52.2128508507,211.968528952,119.193196492,181.232951338,3.60245497978,211.968712432,171.694543655,171.694788552,211.968553913,237.97426585
2011-07-26 08:00:00,89.4123899466,211.968492464,211.968644595,161.278936176,171.694540956,0.000416836850396,211.968568171,211.968570451,211.968521296,158.976518283,192.866456351,92.2077419629,64.1054177758,183.194359269,148.809071288,171.694520093,171.694522616,0.0104807504332,211.968504896,211.968633569,52.2129873557,211.968529385,119.19319509,181.232820027,1.26929184843,211.968587951,171.694529983,171.691980438,211.968311527,178.483151025
2011-07-26 09:00:00,82.7894233218,211.844270585,211.9686441,161.278129597,171.694538641,0.000415875541035,211.968563229,211.968567739,171.694553091,0.0100168332347,178.580052478,92.2076225346,64.1053796486,183.194266761,148.809066141,171.694517429,171.694519421,0.0100119867572,171.69453543,211.968636071,52.2130103771,211.968528393,110.364102754,181.232806411,1.26928801226,211.96845931,171.694521834,92.206415597,171.696708909,178.482595886
2011-07-26 10:00:00,82.7893918824,92.2063922246,211.968639156,161.278550275,171.694440914,0.000414944400708,211.968535662,211.96856355,171.694548654,0.0100292946332,103.576486989,92.2076125459,64.1053622906,169.624731713,148.809027471,171.694515937,171.694517743,0.0100063813616,158.976459065,211.968614174,52.2130129698,211.968526322,0.0150010063329,181.232801223,1.26928688411,158.977600458,171.694515131,92.2064210948,171.696156233,103.520058961
2011-07-26 11:00:00,82.7894606637,211.96837355,211.96863569,161.279011643,139.072582211,0.000413957553724,171.694551441,211.968561598,171.694547985,171.694480035,178.580419476,92.2026668706,64.1053611057,98.3828602537,0.0102339782048,171.694514224,171.694516807,0.0100074670185,158.976454332,211.968588567,52.212999337,211.968524964,64.0111596567,181.232795269,1.26928393264,158.97736024,171.694514008,92.2063900623,171.696031851,103.520050188
2011-07-26 12:00:00,82.7897874552,211.968532498,211.968635159,174.180443531,139.072580297,0.000413003512119,171.694526957,211.96856552,171.69455046,171.694487876,192.866432036,0.0100708211926,64.1053721456,183.194009117,148.80901882,171.694515042,171.694515923,0.0100117907218,171.694535943,211.968566177,52.2129280967,211.968524177,119.193179538,181.232790066,1.17579564976,158.9773328,171.694517624,171.693739099,171.698278834,103.520103607
2011-07-26 13:00:00,89.4121709159,211.96854111,211.968631651,174.180501713,139.072577125,0.000412012013598,92.2063631305,211.968563765,211.968375965,171.694491138,192.866479407,0.0125748696227,64.1053915066,183.194335991,148.809067863,171.694517485,171.694520085,0.0104695346401,211.968551579,211.968552043,52.2128352344,211.968523581,119.193194813,181.23279596,1.26927605123,158.977387815,171.694528879,211.960073258,211.968365048,178.482665655
2011-07-26 14:00:00,89.4123994938,211.968548745,211.96863756,174.180526609,139.072577427,0.000411037674089,171.694532063,211.96856152,211.96854763,171.6945036,192.866499446,92.2055122162,64.105510431,183.19436383,148.809072997,171.694518681,171.694525036,0.0104917286052,211.968556164,211.968556672,52.2128016866,211.968523361,119.193195989,181.23280892,1.26928601378,158.97747907,171.69453711,211.968340317,211.968633005,178.483011371
2011-07-26 15:00:00,89.4124934661,211.968552562,211.968640922,174.180647982,139.072580887,0.000410030051194,171.694555503,211.968564514,211.968559276,211.968509804,238.106688953,92.2076122597,85.4737552352,183.194505106,183.714714644,171.694524982,171.694561693,0.0105278356595,211.968557861,211.968589513,52.2127863295,211.968524667,119.193200327,181.232837225,1.26928709358,158.979902699,171.694852179,211.968463439,211.969639424,237.976937976
2011-07-26 16:00:00,110.38571748,211.968555578,211.968642246,215.03766633,139.072592801,0.000408899037275,211.968534683,211.968567631,211.96856668,211.968525087,238.106791142,92.207621586,85.4737974547,226.165887303,183.714905192,211.968523046,211.968538149,92.2008962112,211.968559407,211.968646973,52.212782094,211.968524633,147.152103287,223.685600248,1.26928794106,211.968506744,211.968534386,211.968501693,211.969823335,237.977113141
2011-07-26 17:00:00,110.385736046,211.968556444,211.968643826,215.037704679,171.69453927,0.000407901595347,211.968556635,211.968569875,211.968573874,211.968528469,238.106801968,92.2076846242,85.4738042317,226.165904916,183.714907996,211.968540209,211.968544781,92.2009089327,211.968563065,211.968663527,52.2127880983,211.968524211,147.152107711,223.744157377,1.26929463594,211.968654696,211.96854575,211.968511432,211.96983189,237.977140875
2011-07-26 18:00:00,110.385740057,211.968555919,211.968648177,215.037716885,171.694541724,0.000407059176081,211.968572298,211.968571426,211.968576824,211.968530077,238.106806533,211.966741208,85.473805507,226.16591187,183.71490985,211.968541317,211.968547165,92.2009138467,211.968564855,211.968666275,52.2127828819,211.96852283,147.152108364,223.744164694,1.56702264222,211.969726098,211.96854908,211.968502945,211.969900246,237.977154907
2011-07-26 19:00:00,110.385740946,211.96855617,211.968648622,215.037720343,171.694542492,0.000406321277225,211.96857252,211.968571698,211.968577303,211.968530947,238.106805881,211.966751801,85.4738071215,226.165914397,183.71491012,211.968541852,211.968547613,92.2009150132,211.968564776,211.968668463,52.2127730562,211.968522109,147.152108602,223.744165448,1.56702329599,211.969773328,211.96854946,211.968511327,211.969855205,237.977159173
2011-07-26 20:00:00,110.385739927,211.968556564,211.968647538,215.037719184,171.69454367,0.000405271935659,211.968573384,211.968571825,211.968574339,211.968531205,238.10680549,211.966755039,85.4738070359,226.165914628,183.714909845,211.968541806,211.968547483,92.2009151299,211.968562674,211.968669763,52.2127741143,211.968522977,147.152108627,223.744160002,1.56702343905,211.969779249,211.968548748,211.968511998,211.969794972,237.977115158
2011-07-26 21:00:00,110.385737067,211.968555905,211.968645651,215.037717006,171.694543925,0.000404116425024,211.968571879,211.968571462,211.968570654,211.968530856,238.106805727,211.96675592,85.4738063203,226.165912528,183.7149095,211.968541717,211.968547305,92.2009147424,211.968560797,211.96867367,52.2127793266,211.968521432,147.152108601,223.744153623,1.56702352842,211.969741801,211.968547905,211.968499706,211.969686547,237.977105881
2011-07-26 22:00:00,110.385734426,211.968555163,211.968644135,215.037712277,171.694543065,0.000402993067441,211.968568161,211.968570088,211.968567392,211.968530101,238.10680464,211.966756008,85.4738071385,226.165909518,183.714909118,211.968541736,211.968546652,92.2009139866,211.968560002,211.968663554,52.212766688,211.968519514,147.152108547,223.744140677,1.56702352738,211.969685159,211.968546926,211.968495289,211.969598659,237.977095516
2011-07-26 23:00:00,110.385732133,211.968554827,211.968643537,215.037709101,171.694543199,0.000401927947332,211.968566885,211.968568084,211.968566083,211.968529225,238.106805359,211.966755896,85.4738068919,226.165908469,183.714908809,211.96854159,211.968545936,92.2009129282,211.968559935,211.968643802,52.2127588454,211.968518385,147.152108488,223.744146971,1.5670235334,211.969606158,211.968545977,211.968489253,211.969490386,237.97709352
2011-07-27 00:00:00,110.385730213,211.968554709,211.96864308,215.037706857,171.694542834,0.000400922382534,211.968571337,211.968567556,211.968564857,211.968528411,238.106806541,211.966755738,85.4738066702,226.165906372,183.714908443,211.968541397,211.968545355,92.2009119516,211.968559365,211.968616347,52.2127558638,211.968517718,147.152108453,223.744143873,1.56702347178,211.969729937,211.968545293,211.968480885,211.969259859,237.977098772
2011-07-27 01:00:00,110.385727947,211.968554387,211.968642857,215.037703652,171.694542692,0.000399936156144,211.968569845,211.968565677,211.968564658,211.96852756,238.106808186,211.966755632,85.4738061214,226.165904206,183.714908157,211.968541198,211.968544918,92.200911009,211.968559397,211.968596561,52.2127530865,211.96851748,147.152108429,223.744139107,1.56702357099,211.969733674,211.968544483,211.968479238,211.96922359,237.977084937
2011-07-27 02:00:00,110.385729713,211.96855442,211.968642893,215.037700473,171.694542879,0.000398958324676,211.968568199,211.968565924,211.968563403,211.968526489,238.106808438,211.966755383,85.47380537,226.165901883,183.714907539,211.968541076,211.96854468,92.2009099422,211.968559642,211.968588169,52.2127510938,211.968517335,147.152108403,223.744134749,1.56702363686,211.96972575,211.968544037,211.968481067,211.969026697,237.977079319
2011-07-27 03:00:00,110.385733811,211.968555758,211.968643326,215.037694744,171.694543576,0.000398093006972,211.968570988,211.968565731,211.968562274,211.968525281,238.10680821,211.966755023,85.4738062315,226.165898304,183.714906651,211.968541613,211.968544499,92.2009085026,211.968560307,211.968586397,52.2127490934,211.968517472,147.152108405,223.744131486,1.56702370947,211.969735041,211.968543266,211.968492806,211.969384198,237.977105949
2011-07-27 04:00:00,110.385737571,211.968556982,211.968644312,215.037689301,171.694544487,0.000397371786089,211.968574221,211.968565608,211.968563216,211.968522577,238.106810121,211.96675459,85.4738063655,226.165893895,183.714905363,211.968541379,211.968544752,92.2009065542,211.968563347,211.96858408,52.2127480427,211.968520428,147.152108471,223.744123443,1.56702373459,211.96974428,211.968542939,211.968509017,211.969587333,237.977125953
2011-07-27 05:00:00,110.385737807,211.968556188,211.96864627,215.037664022,171.694545514,0.000396825377895,211.968576806,211.968569072,211.968563909,211.968495638,238.106801107,211.966753652,85.4738072297,226.165880406,183.714895994,211.968540213,211.968542541,92.2008958424,211.968566208,211.968595889,52.2127510357,211.968524882,147.152108525,223.744112604,1.5670236601,211.969808173,211.968538631,211.968504985,211.969664966,237.977118156
2011-07-27 06:00:00,110.385694237,211.968553692,211.968647543,161.278687584,171.694545429,0.000396139745573,211.968575527,211.968570953,211.968560295,171.694489023,238.106736894,211.966752783,85.4738055067,169.625659466,148.809040476,211.968534967,211.968497242,0.0101037048086,211.96856212,211.968648733,52.2127629265,211.96852758,147.152106729,211.968458374,1.56702340151,211.969802991,211.968514149,211.968457565,211.969591535,237.977084295
2011-07-27 07:00:00,82.7893145427,211.968551117,211.968642871,161.278546506,171.69454268,0.00039540337224,211.968573935,211.9685717,211.968554533,171.694477875,192.866522889,211.966745251,85.4737950261,169.624672028,148.809015834,211.968028283,171.694522371,0.0100526206176,211.968558154,211.968661437,52.2127841525,211.96852694,119.193209459,181.232625089,1.56702087254,211.968808214,211.784853007,211.968241316,211.968729508,237.977003018
2011-07-27 08:00:00,82.7892756359,211.968549443,211.968631646,161.278308137,171.694539941,0.000394536190663,211.968561354,211.968571537,211.968545271,171.694443495,192.866499035,158.975123567,85.4736906801,169.624625035,148.809007607,171.694514545,171.694516473,0.010029932259,211.968544622,211.968648118,52.2128013028,211.968525076,119.193207562,181.23259215,0.015023558595,211.968305711,171.694517594,171.6975699,211.968417974,211.973040342
2011-07-27 09:00:00,0.0100989159515,211.968542063,211.968524866,0.0100615867949,139.072585799,0.000393659378247,211.968549627,211.968571374,211.968488786,0.0100418469383,192.866467548,158.975095084,64.1054432543,0.0105992198307,0.0200764597359,171.694510248,171.694506484,0.0100062220012,171.694534174,211.968621437,52.2127943112,211.96852278,119.193206894,167.809496744,0.0150207803332,158.977554309,171.694505178,171.69505275,211.96774797,178.483082246
2011-07-27 10:00:00,0.0100085198711,211.968528891,171.694617379,0.010023217833,139.072581115,0.000392745852586,211.968538519,211.968569239,171.69455791,0.0100208379749,178.580515071,158.975085476,64.1054134235,0.0100317365012,0.0100126085657,171.6945037,92.2064677525,0.0100045325636,158.976438312,211.968589726,52.2127759381,211.96851996,119.193204749,0.0100786494038,0.0150195518553,158.977435822,171.694484849,171.695148583,211.967871118,178.482863798
2011-07-27 11:00:00,0.0100099110499,211.968502048,171.694601972,0.0100469243936,139.072580101,0.000391742552498,211.968446311,211.968567203,171.694550974,158.97728374,178.580398602,92.2055991961,64.1054164533,0.0102387663914,0.0197506443185,171.694504078,171.694446586,0.0100051099197,92.2064972222,211.968601996,52.2127641391,211.968517379,119.193204215,0.0100795867716,0.0150011834414,158.97745056,171.694403527,171.69513229,211.968490604,178.482870054
2011-07-27 12:00:00,0.0100902525493,211.968520086,171.694596668,161.278468285,139.0725812,0.000390711396231,171.694568183,211.96856881,171.69455292,171.69447328,192.866432632,0.010097243758,64.1054297386,169.624616779,148.808997207,171.69450848,171.694505701,0.0100106407664,171.694532624,211.96864782,52.2127691724,211.968517642,119.193206814,0.0139007789269,0.0149844289033,158.977452907,158.978002849,171.694758453,171.696740989,178.479435251
2011-07-27 13:00:00,82.789252521,211.968525637,171.694604513,161.278532063,139.072582158,0.000389741565458,171.694561696,211.968565391,171.694945418,171.694479701,192.866499354,0.0149261812564,64.1054369893,169.624612886,148.8090132,171.694509882,171.694514815,0.010041943302,171.694534608,211.968665484,52.2127629164,211.968512696,119.193207503,181.232586169,0.0149969134293,158.977615366,171.694492246,171.694774613,211.960630137,103.520166968
2011-07-27 14:00:00,82.7892902758,211.968543418,171.694609955,161.278585193,139.072583259,0.000388782288375,171.694566638,211.968566944,211.968542228,171.694489891,192.866552145,158.974968249,64.1055074945,169.624670753,148.80901868,171.694511827,171.694520015,0.0100543899312,171.694537116,211.968668387,52.2127539954,211.968510175,119.1932087,181.232619307,0.0150126060856,158.977821694,171.69450499,171.694825451,211.968109739,103.520637325
2011-07-27 15:00:00,82.7893744104,211.968550449,171.694639144,161.278728174,171.694511672,0.000387837671891,171.694568489,211.968569393,211.968556452,211.968476888,238.1067663,158.975088527,85.4737577094,169.624948075,183.714800702,171.694516152,171.694535136,0.0101348097975,211.968552226,211.968675642,52.2127446422,211.968513035,147.152097855,211.966617357,0.0150198888596,211.968239493,171.69451911,211.968190047,211.968823599,178.482920755
2011-07-27 16:00:00,110.385707518,211.968553546,211.968571264,215.037748888,171.694540157,0.00038691334543,211.968482269,211.968570422,211.968563788,211.968508364,238.106805273,158.975097077,85.4737989864,226.165963757,183.714839386,211.968509833,211.968546367,211.968487185,211.968558312,211.968681392,52.2127429126,211.968514992,147.152107326,223.743970785,0.015021114112,211.968556515,211.968514719,211.968355399,211.969661307,237.97208926
2011-07-27 17:00:00,110.385734787,211.968554284,211.968640941,215.037823026,171.694542271,0.000386015081488,211.968564377,211.968571677,211.968567269,211.968512152,238.106811084,158.975272173,85.4738052682,226.166000715,183.714841987,211.96853265,211.968556754,211.968510233,211.968560397,211.968682174,52.21274067,211.968518106,147.152108425,223.744081513,0.015029041244,211.969643773,211.968529014,211.968368596,211.969673003,237.977028728
2011-07-27 18:00:00,110.385740854,211.968553636,211.96864753,215.037845336,171.694543281,0.000385095571417,211.968578787,211.968572758,211.968569534,211.968513878,238.10681557,211.966943348,85.4738062871,226.166014814,183.714843684,211.968533191,211.968562438,211.968517298,211.968560854,211.968677091,52.2127368839,211.968518921,147.152108711,223.744104334,0.0185500078658,211.969768031,211.968533462,211.968478132,211.96975971,237.977116392
2011-07-27 19:00:00,110.38574223,211.968553526,211.968647614,215.037851088,171.694544088,0.000384105906165,211.968580915,211.968572804,211.968569998,211.968514704,238.106812708,211.966950999,85.4738078082,226.166018401,183.71484377,211.968533582,211.968564093,211.968519372,211.968561165,211.968670222,52.212731819,211.968518151,147.152108774,223.744111674,0.0185508482385,211.969791698,211.96853438,211.968461185,211.969785794,237.977173572
2011-07-27 20:00:00,110.3857417,211.968553245,211.968647343,215.037851558,171.694545035,0.000383106787936,211.968581958,211.968572812,211.968567639,211.968514923,238.106810654,211.966953748,85.4738076314,226.166018597,183.714843102,211.968533418,211.968564356,211.968519792,211.96856076,211.968663111,52.212729382,211.968518919,147.152108714,223.744113297,0.0185510313324,211.969805033,211.96853423,211.96844984,211.969701202,237.977171687
2011-07-27 21:00:00,110.385739137,211.968551888,211.968646522,215.037849555,171.694545063,0.000382125965877,211.968579778,211.968572557,211.968564428,211.96851442,238.106807818,211.966954411,85.4738065492,226.166015895,183.714842639,211.968533214,211.968564407,211.968519584,211.968560151,211.968639411,52.2127273132,211.968516574,147.152108595,223.744110189,0.0185511643631,211.969770113,211.968533988,211.968454619,211.969629548,237.977141101
2011-07-27 22:00:00,110.385737248,211.968550091,211.968645325,215.037845837,171.694544022,0.000380986699159,211.968576704,211.968571473,211.96856156,211.968513584,238.106802517,211.966954327,85.4738072099,226.16600967,183.714842214,211.968533145,211.968563688,211.968518704,211.968559799,211.968564672,52.2127228984,211.968513441,147.152108477,223.744116714,0.0185512245756,211.969727995,211.968533401,211.968461581,211.969369342,237.977120216
2011-07-27 23:00:00,110.385735032,211.968548978,211.968644739,215.037844452,171.694543778,0.000379885299809,211.968574265,211.968570129,211.968559826,211.968512563,238.106795228,211.966954187,85.4738068052,226.166006093,183.71484175,211.968532877,211.968562883,211.968517428,211.968559732,211.968535808,52.2127193378,211.968509441,147.152108344,223.744116801,0.0185512848435,211.969629194,211.968532626,211.968467685,211.969179217,237.977106661
2011-07-28 00:00:00,110.385733783,211.96854801,211.968645004,215.037842338,171.694543515,0.000378893293228,211.968572346,211.968569015,211.9685604,211.968511526,238.106789679,211.966953951,85.4738063749,226.166006207,183.714840393,211.968532596,211.968562198,211.968516242,211.968559671,211.96845985,52.2127185774,211.96851117,147.152108207,223.744116446,0.018551282886,211.969592201,211.968531945,211.968450212,211.96894398,237.977108003
2011-07-28 01:00:00,110.385732661,211.96854671,211.968644932,215.037839948,171.694543283,0.000377959343612,211.968574384,211.968567766,211.968559895,211.968510471,238.106784827,211.966953682,85.4738062874,226.166005781,183.714839679,211.96853224,211.968561863,211.968515532,211.968559473,211.96767558,52.2127152803,211.968498376,147.152108102,223.744116626,0.0185512911237,211.969689602,211.968531478,211.968442648,211.968953231,237.97709402
2011-07-28 02:00:00,110.385735266,211.968545655,211.968644969,215.03783893,171.69454342,0.000377062603703,211.96857518,211.968566741,211.968559642,211.968508987,238.10678273,211.966953354,85.4738056035,226.166006047,183.714839184,211.968531883,211.968562454,211.9685153,211.968559275,158.978820033,52.2127128306,211.968475783,147.152107997,223.744117946,0.0185513349578,211.969696285,211.968531004,211.968448238,211.968763883,237.977074694
2011-07-28 03:00:00,110.385740451,211.96854785,211.968645126,215.037839904,171.694543896,0.000376142431295,211.968574338,211.968566704,211.968559135,211.968506958,238.106779385,211.966952949,85.4738062361,226.166009291,183.714839199,211.968532055,211.968563123,211.968515444,211.968559525,158.978940008,52.2127105771,211.968435355,147.152107925,223.744122618,0.018551455233,211.969700582,211.968530369,211.968478325,211.969168215,237.977091701
2011-07-28 04:00:00,110.385745397,211.968548903,211.968645711,215.03783974,171.694544317,0.000375474744568,211.968573771,211.968566409,211.968560333,211.968502324,238.106777803,211.966952436,85.4738064692,226.16601022,183.714838628,211.968531388,211.968565595,211.96851653,211.968560409,158.979010445,52.2127086983,211.968246409,147.152107829,223.74412454,0.018551526048,211.969734985,211.968530317,211.968497798,211.969617435,237.977113959
2011-07-28 05:00:00,110.385747224,211.968545782,211.968646976,215.037836775,171.694544675,0.000374902849124,211.968573216,211.968570199,211.96855903,211.96842529,238.106736226,211.966951425,85.4738068927,226.166015029,183.714828001,211.968528988,211.96856441,211.96851267,211.968561353,158.979112606,52.2127091908,171.695683772,147.152107534,223.744127497,0.0185515418312,211.969737138,211.96852597,211.968484494,211.969675403,237.977111738
2011-07-28 06:00:00,110.385734491,211.968519361,211.968646386,215.037810063,171.694544351,0.00037430101099,211.968569939,211.968571936,211.968544117,0.0105878328177,178.578159019,211.966950644,85.4738058552,226.1660191,148.808973788,211.968479995,211.968552026,171.694601854,211.96856009,211.96821837,52.212708924,211.96848042,147.152103351,223.744126875,0.0185514292647,211.969678845,171.694939717,211.968453039,211.969632104,237.977056833
2011-07-28 07:00:00,110.385386202,92.2063467534,211.968643907,215.03776212,171.694542213,0.000373535830243,211.968558114,211.968572346,158.976707227,0.0105720261954,178.577656293,211.966943038,85.4737981974,226.166016665,148.808960858,171.69439545,211.968527217,171.694503097,211.968557205,211.968384111,52.212707367,211.968454516,119.193198398,223.744125003,0.0185500439,211.968593592,171.694508157,211.968286342,211.96938737,237.977038221
2011-07-28 08:00:00,89.4124592008,92.2063269251,211.968638471,174.180714859,171.694531953,0.000372707076944,211.968548952,211.968572113,158.976681441,0.0100430340407,178.577585552,158.975524832,85.4737618991,226.165996046,148.808944332,171.694387773,171.694694201,171.694498633,211.968523083,211.967649856,52.2127030683,211.968380424,119.193196123,223.744118056,0.0150256813921,211.966780582,171.694501326,171.695156598,211.968727329,237.97705838
2011-07-28 09:00:00,89.4124429318,92.2063245176,211.968576803,174.180627176,128.770967769,0.000371744756748,211.968525321,211.968572018,92.2063354546,0.0100094351493,103.576463273,158.975498922,64.1054282378,226.1659445,0.0100249180824,158.977303278,171.694563915,171.694496529,171.694524793,211.966982223,52.2126984459,211.967902141,119.193194634,223.744106725,0.0150238418125,158.977363689,171.694478292,171.694443489,211.968533581,237.977099569
2011-07-28 10:00:00,89.4122831902,92.2063231127,171.694604671,161.278606033,128.77094396,0.000370862613074,171.69454213,211.968569918,92.2063226522,0.0100085300109,0.0201469011027,158.975489839,64.1053869179,183.194507726,0.010011347577,0.010106403175,171.694561612,171.694495979,92.2063302545,211.968204086,52.2126953607,92.2064148721,64.0111602701,223.744063718,0.0150223931737,158.977272038,0.0100648495693,92.2064911359,211.968314376,237.97713561
2011-07-28 11:00:00,82.7894877426,92.2063226403,171.694443832,161.278604336,74.6871282922,0.000369964323418,171.694493118,211.96856824,92.2063173078,0.0100182223915,0.0203266492442,92.2057148274,64.1053656105,183.194479024,0.0100320357885,92.2062818856,211.968127997,171.6944978,92.2063251877,211.968366925,52.2126915961,92.2063324066,0.015008168992,211.968560443,0.0149943273792,158.977272082,92.2063123295,171.694710391,211.968588726,237.977146277
2011-07-28 12:00:00,89.412428784,92.2063239211,92.2063883804,161.278708566,74.6871315527,0.000369024223232,92.2063583669,211.968571429,92.2063238721,0.0105494595348,103.576464686,0.0101762944404,64.1053737325,183.194476543,148.808944755,171.69434354,171.694745887,171.694499965,92.2063288869,211.968402461,52.2126987029,92.2063137911,110.364010078,181.232775771,0.0148449119921,158.977249446,171.694495674,171.695394764,211.969256981,237.977215162
2011-07-28 13:00:00,89.4124466348,92.2063287358,92.2063668064,174.178372873,74.6871299824,0.000368086387733,92.2063314093,211.968568352,92.2063423768,0.0105753584759,178.577633136,0.0150921370808,64.105387804,183.194480146,148.808959399,171.694385255,211.968252679,171.694498425,158.976212783,211.968501955,52.2126997999,92.2063103487,119.193190317,181.23276231,0.0149871109949,158.977216799,171.694503284,211.968153442,211.969628048,237.977170481
2011-07-28 14:00:00,89.4124665395,92.2063411286,92.2063741767,174.180635885,74.6871299364,0.000367090753914,92.2063374858,211.968564287,158.976682094,0.0105930906772,178.577662941,158.97524395,85.469255765,183.194498083,148.808967789,171.694390055,211.968489933,171.694507256,171.694521559,211.96853214,52.2127000463,92.2063060437,119.193195996,181.23275699,0.0150194184626,158.977273846,171.694514678,211.968191918,211.969745332,237.977146805
2011-07-28 15:00:00,110.385703654,211.967949522,171.694595847,174.180688079,128.770947367,0.000366119704306,171.694513043,211.968565397,158.976696317,211.968124188,211.968544599,158.975493078,85.4737781142,226.165703268,183.714817741,171.694397244,211.968551174,211.96847419,211.968287076,211.968539696,52.2127012152,92.2063034358,119.193197562,181.232793468,0.0150234962863,158.977724577,211.968487574,211.968403799,211.969717936,237.977207616
2011-07-28 16:00:00,110.385736061,211.968531784,211.968546077,215.037851702,128.770967858,0.000365197800565,171.694533194,211.968567378,211.968524321,211.968338225,238.106668561,158.975501489,85.4738009848,226.165999053,183.714882808,211.968385293,211.968561224,211.968533851,211.968554128,211.968552181,52.2127027171,92.2063008068,147.152093369,223.74170665,0.0150251295549,211.968491657,211.968522784,211.968459283,211.969715845,237.977415901
2011-07-28 17:00:00,110.385743058,211.968525475,211.968637301,215.037900803,171.694536087,0.00036430695941,211.968536342,211.968569298,211.968539888,211.968344444,238.106683882,158.976597263,85.4738053277,226.166023264,183.714887089,211.968394764,211.96856528,211.968540779,211.968558076,211.968558198,52.2127034498,92.2062975416,147.152096023,223.744117598,1.56740448706,211.969186441,211.968527592,211.968479363,211.969688969,237.977486076
2011-07-28 18:00:00,110.385745228,211.968525157,211.968644465,215.037921061,171.69454233,0.000363411264796,211.968558428,211.968569993,211.968543918,211.968346689,238.106692351,211.967037053,85.473806153,226.166032007,183.71488936,211.968396863,211.968567271,211.968544402,211.968558615,211.968563461,52.212708579,92.2062574925,147.152096486,223.744120437,3.60245804463,211.969345695,211.968530165,211.968454723,211.969676324,237.977542195
2011-07-28 19:00:00,110.385744446,211.968485557,211.968644421,215.037927382,171.694542999,0.000362457538681,211.968559648,211.968570467,211.968545869,211.968347977,238.106691487,211.967043822,85.4738073602,226.166033414,183.714890062,211.968397453,211.968567134,211.96854563,211.968558784,211.9685758,52.2127038557,92.2062400573,147.152096654,223.744119897,3.6024589899,211.969363396,211.968530643,211.96846201,211.969680876,237.977516026
2011-07-28 20:00:00,110.385742974,211.968510777,211.968643768,215.037927324,171.694543563,0.000361568046541,211.968560427,211.968570866,211.968546051,211.968348372,238.10669045,211.967046349,85.4738072839,226.166032628,183.714889992,211.968397566,211.968566036,211.968545664,211.968557905,211.968592918,52.21270129,92.204713343,147.152096633,223.744116099,3.6024592394,211.96931213,211.968530185,211.968443641,211.969612401,237.977324089
2011-07-28 21:00:00,110.385739746,211.968501464,211.968642609,215.037923474,171.694543781,0.000360586753394,211.968559819,211.968570221,211.968545431,211.968348007,238.106689456,211.967046847,85.4738062696,226.166028349,183.714889652,211.96839758,211.968565102,211.968545162,211.968556203,211.968599032,52.2127003652,0.0150506176302,147.152096569,223.744107468,3.60245937254,211.969332402,211.96852967,211.96844098,211.969331544,237.977194465
2011-07-28 22:00:00,110.38573727,211.968466021,211.968640117,215.037918061,171.694543504,0.000359418765019,211.968558278,211.968564617,211.968544879,211.968347444,238.106686124,211.967046717,85.4738067072,226.166020809,183.714889323,211.968397592,211.968563183,211.96854403,211.968554209,211.968565498,52.2126960328,0.015027403339,147.152096463,223.744109014,3.60245941535,211.969325706,211.968528942,211.968436249,211.968829654,237.977131575
2011-07-28 23:00:00,110.385733011,211.96846098,211.968637142,215.037914298,171.694543515,0.000358306276446,211.968557066,211.968560453,211.968544711,211.968346561,238.106681123,211.967046438,85.4738070124,226.166014168,183.714888731,211.968397484,211.968561279,211.968541873,211.968550987,211.968551332,52.2126920213,0.0150254112335,147.15209635,223.744103731,3.60245946715,211.969324612,211.968528078,211.968435148,211.968592926,237.977111057
2011-07-29 00:00:00,110.385728421,211.968387492,211.968620042,215.03791108,171.694543399,0.000357294071538,211.968559017,211.968559611,211.96854197,211.968345553,238.106635662,211.967046148,85.4738071553,226.166013362,183.714888395,211.968397003,211.968559297,211.968540502,92.2071946473,211.968550892,52.21269086,92.2048292632,147.152096275,223.744097704,3.60245948326,211.969361912,211.968527007,211.968201518,211.968379289,237.977073031
2011-07-29 01:00:00,110.385724801,211.967377776,211.968605784,215.037909998,171.694543294,0.000356380299924,211.968558024,211.968558942,211.968542526,211.968344465,238.106648831,211.967045842,85.4738068454,226.16601186,183.714887816,211.968396752,211.968558098,211.968539891,92.2063312403,211.968546256,52.212688117,92.2057577891,147.152096152,223.744094828,3.60245954768,211.969301762,211.968526289,211.967914067,211.968161142,237.977031326
2011-07-29 02:00:00,110.385726212,92.2066225417,211.968554778,215.037910549,171.694543331,0.000355472155644,211.968556621,211.968558765,211.968542679,211.968343203,238.106666388,211.967045406,85.473806381,226.166011165,183.714886835,211.968396478,211.968558162,211.968539722,92.2063272046,211.968546114,52.212685367,92.2062770385,147.152096039,223.744089532,3.60245958579,211.969318618,211.968525362,211.967628195,211.968230198,237.976930252
2011-07-29 03:00:00,110.385729757,92.2077922669,211.968511571,215.037911505,171.694543519,0.00035461334287,211.968556423,211.968559258,211.96854163,211.968341133,238.106672717,211.967044868,85.4738065677,226.166012486,183.714885681,211.968396503,211.968558312,211.968539777,92.2063267177,211.968551005,52.2126807589,92.2062895881,147.152095946,223.744085881,3.60245965915,211.969315861,211.968524248,211.968205647,211.968389903,237.977032864
2011-07-29 04:00:00,110.385733062,92.2065359137,211.968466337,215.037917479,171.694543668,0.0003539623186,211.968556359,211.968559479,211.96854035,211.968336771,238.106677733,211.967044378,85.4738062918,226.166015514,183.714884125,211.968395722,211.968558843,211.968540911,92.2063322373,211.968555053,52.2126721537,92.206298232,147.152095794,223.744082826,3.60245969262,211.969295965,211.968522398,211.968299312,211.968449491,237.977058598
2011-07-29 05:00:00,110.385729315,92.2063337604,211.968509966,215.037919633,171.694543873,0.000353423008742,211.968555463,211.968562418,211.968535224,211.968265304,238.106663852,211.9670435,85.4738063756,226.166012014,183.714870724,211.968392946,211.9685553,211.968539776,113.834711884,211.96856062,52.2126608726,92.2063043242,147.152095409,223.744056243,3.60245966989,211.969236443,211.968516597,211.968326524,211.968607748,237.977072696
2011-07-29 06:00:00,110.385676735,92.2063234632,211.968489485,215.037895487,171.69454362,0.000352827620509,211.968554372,211.968571016,211.968489587,158.976126807,211.964495002,211.967042428,85.4738049166,226.165973831,148.809053317,211.968345471,211.968529094,211.96853589,92.2063245102,211.96856452,52.2126769033,92.2063094088,147.152088063,223.740651947,3.60245950138,211.969166496,211.96849261,211.968415989,211.968756141,237.977036265
2011-07-29 07:00:00,0.0114053730061,92.2063139742,211.968434143,215.037769973,171.694541354,0.000352074201425,211.968540091,211.968571847,92.2063783258,158.976111785,192.866399192,211.96703302,85.4737930866,226.165899604,148.809045254,92.203908144,171.694554369,211.968530289,92.2063231894,211.968603916,52.2126648413,92.2063075628,0.0150030815482,211.966018632,3.6024571846,211.968526894,211.968316796,211.968271854,211.968607659,237.874955271
2011-07-29 08:00:00,0.0112636847321,92.2062149627,211.968350226,174.180937149,171.694517152,0.00035129606611,211.967738246,211.968571811,92.206348936,0.0167827309021,192.86634206,92.2065411329,85.4737502827,183.194729263,148.809041359,92.2038941595,171.694533473,211.968524879,92.2063112304,211.968634956,52.2122870162,92.2063077806,0.0150006626172,171.694514442,1.26927662004,158.977055653,171.69447483,171.694972912,211.968513015,178.483232229
2011-07-29 09:00:00,0.0111446721951,0.0152226901274,92.2064617359,174.180803689,128.770887942,0.000350411183122,92.2063596887,211.968571668,92.206331135,0.0100132641478,178.580333854,92.2064615805,64.1054039522,183.194481821,148.809037636,92.2036294129,171.694527462,211.968475339,0.0200066527034,211.968642038,22.7126502737,92.2063082899,0.0149951936457,171.694461783,1.26927319527,158.976465708,171.694457352,171.694198239,211.968080305,178.483098803
2011-07-29 10:00:00,0.0100092074979,0.0150971496049,92.2064134364,174.180779033,128.770879554,0.000349515204331,92.2063145988,211.96857148,92.2063176237,0.0100108215014,178.580216849,92.2064517605,64.1053653899,183.194470365,148.809032633,0.0101384620253,171.694523386,171.69453169,0.0200006352792,211.968642112,0.0150762335878,92.2063066648,0.0100046659732,0.0103323788978,1.26927069087,158.976295934,158.977143506,92.2066106985,211.966065099,178.483119659
2011-07-29 11:00:00,0.0100071453189,0.016975794414,92.2064036845,174.180774949,74.687127713,0.000348616221183,0.0150168898553,211.968571256,0.0200038844696,158.975959373,192.866176209,92.2051368148,64.1053320437,183.194466521,148.809033958,0.0100352236689,171.694520754,171.694524043,0.019999915235,211.968648803,0.0150080472113,92.2063048804,0.0100058934549,0.0100889662234,0.0149912152628,158.975855637,158.977144578,92.2064195698,211.968017797,178.483415888
2011-07-29 12:00:00,0.0100067380973,92.206301966,92.2064198284,174.180748131,74.6871267362,0.000348096561497,0.0150316588677,211.968572665,0.0200028152781,158.976105615,192.866391566,0.0100477502395,64.1033092526,183.194465894,148.8090407,0.0149960912462,171.694519326,171.69452277,0.0199999950604,211.968652657,22.712641918,92.2063030702,0.0149855672672,0.0103730465627,0.0100063672333,158.976297549,158.977191649,92.206860336,211.968435679,237.977020769
2011-07-29 13:00:00,0.0100115840307,92.206318873,92.2064078282,174.180796833,74.6871306371,0.000346680278925,92.2062989538,211.968571685,92.2063161375,158.976115174,192.866396055,0.0101035768731,64.1052391285,183.194466975,148.809045526,92.2037711273,171.694520807,171.694521067,0.0200000563154,211.968650899,0.0150181075757,92.2063012049,0.0149988357308,171.694426681,0.0149901899812,158.976352815,171.694457855,171.694242586,211.968344661,237.977105628
2011-07-29 14:00:00,0.011244693335,92.2063231176,92.2064024527,215.037471145,74.6871319785,0.000345795857587,92.2063159534,211.968572071,92.2063348286,158.976127952,211.96851961,92.205581488,64.1053582952,183.194474506,148.80906876,92.2038918648,171.694525747,171.694523891,0.0200006961813,211.968655807,0.0150229480103,92.2063035665,0.0150007224265,171.694475791,1.26921691823,158.976345529,171.694467618,171.694591624,211.968529394,237.977153854
2011-07-29 15:00:00,0.01128576932,92.2063267853,92.2064059811,215.037811015,128.770876978,0.000344825269243,92.2063369402,211.968572106,92.2063515358,211.968004922,238.10674556,92.2064502932,64.1054553071,183.194544643,183.714865235,92.2038994823,211.968483949,171.694553106,0.0200046511279,211.968660237,22.7126571438,92.206306456,0.0150022849981,171.694500516,1.26927249054,158.976371416,171.694483177,211.968294198,211.96900555,237.977148753
2011-07-29 16:00:00,0.0150249919305,92.2069501368,92.2064074961,215.0378986,128.770886923,0.000344006235713,92.2063576635,211.968572319,211.968459134,211.968071001,238.106781612,92.2064606213,85.4737852031,226.165978828,183.714870275,113.834813218,211.968537203,211.968534312,0.0246900759171,211.968668811,52.2126607494,92.2063095349,147.151663547,211.968456817,1.26927408672,158.976412335,211.968472885,211.968469473,211.969641845,237.977121983
2011-07-29 17:00:00,0.0151148201612,211.968500461,92.2064095846,215.037925472,171.694499456,0.000343091671772,92.2065962627,211.968572473,211.968546675,211.968076222,238.106789895,92.2065625035,85.4738035089,226.166001521,183.714871673,113.834864971,211.968540308,211.968542135,0.024697820952,211.968672391,52.2126671845,92.2063120294,147.151873281,211.968504217,1.56706856706,158.976515661,211.968484543,211.968487764,211.969699778,237.977102165
2011-07-29 18:00:00,0.0151204885043,211.96852674,113.835061425,215.037936066,171.694538253,0.000342143182658,211.968547628,211.968573371,211.968556895,211.96807817,238.106794283,211.967002187,85.4738052085,226.166008224,183.714872571,113.834868183,211.968541354,211.968544349,0.0247020923355,211.968671928,52.2126683336,92.206310968,147.151874093,211.968510117,1.56708072578,211.968508471,211.968489893,211.968476316,211.969744614,237.977144617
2011-07-29 19:00:00,0.0151218135678,211.968526636,113.834974788,215.037934551,171.694541361,0.000341148480456,211.968556724,211.968572955,211.968558822,211.968079457,238.106794376,211.967009307,85.4738069356,226.166009183,183.714872217,113.834869493,211.968540871,211.968544217,0.0246977806294,211.968669556,52.2126644175,92.2063129393,147.151874393,211.968512088,1.56708137828,211.968569555,211.968490796,211.968484379,211.969771315,237.977143428
2011-07-29 20:00:00,0.0151227410345,211.968532313,92.2064597334,215.037929117,171.694542568,0.000340256292967,211.968560805,211.968572895,211.968558305,211.968079641,238.106793762,211.967011696,85.4738070641,226.166007826,183.714871318,113.834870039,211.968539531,211.968543096,0.0246950864417,211.968667756,52.2126622811,92.2063184396,147.151874448,211.968512088,1.56708154708,211.968586114,211.968490641,211.968475205,211.969702261,237.977095245
2011-07-29 21:00:00,0.0151229847843,211.968525315,92.206518818,215.037923194,171.694543134,0.000339334845345,211.968563032,211.968572522,211.968556879,211.968079417,238.106792402,211.967012151,85.4738064807,226.16600333,183.714870065,113.834870208,211.968537439,211.968541642,0.0246283836915,211.96866675,52.212659815,92.2063234751,147.151874441,211.96851003,1.56708168084,211.968596165,211.968490078,211.96847131,211.969636533,237.977066991
2011-07-29 22:00:00,0.0151220198101,211.968506805,92.2064373146,215.037914585,171.694543073,0.000338269563476,211.96856257,211.968570935,211.96855476,211.968078612,238.106789684,211.967012065,85.4738065005,226.165996719,183.714868033,113.834870246,211.96853421,211.968539583,0.0200132497376,211.968654905,52.2126541323,92.2063248422,147.151874395,211.96850818,1.56708171207,211.9685943,211.968489079,211.968469942,211.969363052,237.977052964
2011-07-29 23:00:00,0.0151207825092,211.968460655,92.2064198751,215.037906347,171.694543228,0.000337201624056,211.968561757,211.968568309,211.968553472,211.968077638,238.106786844,211.967011766,85.4738065987,226.165990244,183.71486582,113.834870168,211.968530974,211.968537092,0.0200087477328,211.968634404,52.2126445651,92.2063219176,147.151874338,211.968506008,1.56708170673,211.968595172,211.968488021,211.968469814,211.969198965,237.977051775
2011-07-30 00:00:00,0.0151183512785,211.968504701,113.835049784,215.037901596,171.694542924,0.0003362177277,211.968561694,211.968567969,211.968554634,211.968076645,238.106784465,211.967011383,85.4738062041,226.165987934,183.714864144,113.834869863,211.96852348,211.968534657,0.0200080159876,211.968599367,52.2126237848,92.2063095421,147.151874291,211.968509521,1.56708163291,211.968598238,211.968484982,211.968461646,211.968780827,237.976978518
2011-07-30 01:00:00,0.015116917588,211.968476531,92.2064307822,215.037897144,171.694542838,0.000335321414415,211.968561432,211.968565935,211.968554543,211.968075665,238.106783034,211.967011056,85.4738059863,226.165986491,183.714862023,113.83486976,211.968519894,211.968532607,0.0200056474056,211.968589167,52.2122160347,92.2063103095,147.151874221,211.968508141,1.56708164985,211.968609678,211.968484958,211.968452138,211.968822145,237.976932001
2011-07-30 02:00:00,0.0151155667658,211.968396612,92.206410054,215.03789283,171.694542808,0.00033437332858,211.968556739,211.968564956,211.968554642,211.968074207,238.106783207,211.967010554,85.4738049536,226.165984317,183.714859819,113.834869208,211.968516231,211.968530142,0.0200045351081,211.968577344,22.7126543462,92.2063104349,147.151874134,211.968506261,1.56708163739,211.968619978,211.968484879,211.968443356,211.968702863,237.976717364
2011-07-30 03:00:00,0.0151153274265,211.968387273,92.2064084404,215.03788735,171.694542983,0.000333387211441,211.968553843,211.968564928,211.968554994,211.968072051,238.106781594,211.967010015,85.4738054498,226.165980093,183.714856996,113.834868025,211.968511187,211.968527259,0.0200041834925,211.968572447,0.0254585237097,92.2063104567,147.151874021,211.968503545,1.56708159636,211.968617428,211.968483942,211.968456226,211.968631484,237.976952597
2011-07-30 04:00:00,0.0151155256996,211.968441878,92.2064080372,215.037880951,171.694542916,0.000332684344294,211.968550855,211.968564181,211.968556335,211.968067437,238.10678125,211.967009222,85.4738047707,226.16597462,183.714852781,113.834862379,211.968503071,211.968522947,0.0200047491805,211.96856933,0.0150073630734,92.2063108486,147.151873782,211.968501162,1.56708148874,211.96856971,211.968482873,211.96847135,211.96871017,237.977028035
2011-07-30 05:00:00,0.0151078905768,92.207204387,92.2064120485,215.037857545,171.694542903,0.000332012886121,211.968553493,211.968567611,211.968557167,211.968036161,238.106766044,211.967007636,85.4738038782,226.165954892,183.71481631,92.2062674023,211.968480627,211.968509287,0.0200076321068,211.968566849,0.0150059568054,92.2063132789,147.151873333,211.968492672,1.5670813439,211.968560933,211.968478231,211.968473574,211.968851826,237.976988304
2011-07-30 06:00:00,0.0150058446531,92.2063238539,113.834929727,161.279048561,171.694542597,0.000331376404208,211.968564187,211.968570781,211.968555485,171.693309348,211.968651122,211.967005505,85.4737990306,183.193552688,0.0199558878789,92.2062519314,171.694414006,211.968348379,0.0200464458184,211.968593158,22.7125624898,92.2063167737,147.151849899,211.968295619,1.56708094367,211.968483432,171.694527703,211.967805129,211.968601724,211.968541863
2011-07-30 07:00:00,0.0149510564466,92.2062992721,113.835053949,161.278774157,171.69453689,0.000330815279656,211.968551861,211.968571586,211.968553305,171.693293554,192.866473089,211.966990153,85.4737738834,183.193460478,0.0198131028783,92.2062470097,171.694398227,171.694290592,0.0200079682366,211.968615104,0.0150243073947,92.2063144985,0.0145267107779,171.694470785,1.56707524332,211.968109096,171.694477329,211.965991705,211.968467428,178.48272981
2011-07-30 08:00:00,0.0122042300768,92.2061426413,113.835041293,161.278510836,74.6871941058,0.000330076875546,211.968536409,211.968571574,211.968551676,171.693278444,192.866436781,0.0106751758317,64.1056388084,169.627537999,0.0198055330516,92.2062454617,171.694392725,171.694275158,0.0200042121968,211.968619184,0.0150167631405,92.2063111688,0.0145248645591,171.694451888,0.0121752355288,158.977316862,171.694472171,211.967847063,211.968278696,178.482249632
2011-07-30 09:00:00,0.0121553784266,92.206019988,92.2064270299,0.0100995066578,74.6871766356,0.000329195853949,211.968526789,211.968571352,211.96855118,0.0100296413785,103.576499261,0.0105947570873,64.1053906123,0.0150288435829,0.0198019350756,92.2062438949,171.694386431,171.692737551,0.0200019611719,211.968607687,0.0151040521667,92.2063082729,0.0100102577084,171.694452685,0.0121725420346,158.976549789,171.694469827,211.968341435,211.968414674,103.520123063
2011-07-30 10:00:00,0.0113740400242,92.2062141218,92.2064147218,0.0101193234879,74.687128466,0.00032826237668,211.968489696,211.968567782,211.968551709,0.0100077827693,103.576456315,0.0105786458831,64.1053807215,0.0152041569521,0.0197950985718,92.2062429786,171.69434915,0.0100106346276,0.0200007807355,211.968571007,22.7126179843,92.2063044612,0.0100011578284,171.694458198,0.012169766157,158.976516005,171.694464172,211.96843959,211.96851144,103.520153922
2011-07-30 11:00:00,0.0113499886901,92.2062996875,92.2064082145,161.278462645,74.6871262514,0.000327369523435,171.694571157,211.968564814,211.968554344,0.0150478653454,103.576447457,0.0100141029097,64.1053710949,183.193442099,0.019794106921,92.2062429673,171.694374461,0.0100333764395,0.0200002625251,211.968554265,22.7132424406,92.206302273,0.0100009504063,171.694286292,0.0100040437117,158.976510303,171.694463654,211.968466286,211.96853287,178.482527346
2011-07-30 12:00:00,0.0113515128142,92.2063236743,211.968559953,161.278655761,74.6871222679,0.000326504782609,211.968532574,211.968564085,211.968555719,171.693287666,178.580167953,0.0100062444707,64.1053741274,183.193447581,0.0198010959433,92.206244835,171.694351767,171.694269715,0.0200024935475,211.968538791,52.2126453658,92.20629816,0.0100026342661,171.692421202,0.0100017836913,158.976599175,171.694468618,211.968479565,211.968519742,178.482680602
2011-07-30 13:00:00,0.0113852134825,92.2063274893,211.96855035,161.278764039,74.687127029,0.000325590663631,211.968470026,211.968564058,211.968555779,171.693297311,192.866462011,0.0100076213909,64.1053802367,183.193442553,0.019805274854,92.206245408,171.694390134,171.694278005,0.0200047929215,211.968533172,52.2126458457,92.2062951164,0.0145239341706,171.694448339,0.0100042107116,158.976530753,171.69447307,211.968492033,211.968476472,178.482728951
2011-07-30 14:00:00,0.012152405423,92.2063391301,211.968548676,161.278790048,74.6871289801,0.000324728878872,211.968248422,211.96856557,211.968558336,171.693314388,192.866498692,0.0100381827707,64.1054420588,183.193460868,0.0198134448864,92.2062479427,171.694396013,171.694277623,0.0200128002851,211.968518112,52.2126467309,92.206300411,0.0145256000809,171.694468958,0.0121676666474,158.97651963,171.694480182,211.968495188,211.96854932,178.487454821
2011-07-30 15:00:00,0.012228342587,211.968329782,211.968578042,161.278896524,74.687175879,0.000323885276878,211.968547239,211.968570064,211.96856165,211.967014828,238.106750783,0.0105844206395,85.4737240484,183.193515031,0.0244424790896,92.2062505496,171.694407201,171.694288525,92.2062653864,211.968452227,52.2126489357,92.2063067539,0.01452792695,211.967966275,0.0121722077698,158.976588706,171.694511272,211.9684934,211.968825526,237.976699518
2011-07-30 16:00:00,0.0149890099716,211.968541457,211.96861648,215.037720556,74.6871843799,0.000322993630229,211.96855869,211.968572013,211.968564399,211.967035476,238.106797179,0.0105947171298,85.4737919675,226.165736825,0.0244496845459,92.2062558263,211.968416375,211.968235506,92.2063225721,211.968434522,52.2126526942,92.2063145139,0.0192643296409,211.968471203,0.0121738464052,211.966011574,211.968490091,211.968496666,211.969570109,237.976968479
2011-07-30 17:00:00,0.0150076378245,211.968545727,211.968635699,215.037799914,171.694533192,0.000322276263113,211.968569593,211.968572469,211.968566884,211.967037992,238.106805168,0.0107737416842,85.4738015849,226.16577123,0.0244505385755,92.2062656025,211.968433645,211.968242567,92.20632372,211.968333198,52.2126592004,92.2063612532,0.0192710495659,211.968487605,0.0149991991779,211.96848562,211.968514985,211.968496215,211.969574533,237.97700208
2011-07-30 18:00:00,0.0150162851079,211.968545029,211.968644477,215.037820733,171.694542127,0.000321408586678,211.968579029,211.968573008,211.96857024,211.967039009,238.106812276,92.2057247298,85.4738037735,226.165781381,0.0244505852702,92.2062791882,211.968437733,211.968245679,92.2063241978,92.2066221874,52.2126598682,211.96829567,0.0192716747583,211.968495985,0.0150473525119,211.968604424,211.968523863,211.968470452,211.9695716,237.977019197
2011-07-30 19:00:00,0.015013772805,211.968546577,211.968645741,215.037826843,171.694543527,0.000320413313313,211.968579933,211.968572283,211.968570222,211.967039398,238.106810961,92.2057346301,85.4738055027,226.165784448,0.0244492961732,92.2062606722,211.968439326,211.968246211,92.2063245709,92.2063889884,52.2126562134,211.968460804,0.0192719072181,211.96849806,0.0150483166683,211.968661356,211.9685261,211.968463245,211.969580369,237.977019242
2011-07-30 20:00:00,0.0150107805659,211.968548637,211.968646956,215.037826334,171.694544329,0.000319497115683,211.968580453,211.968571992,211.968567566,211.967039327,238.106809029,92.2057373657,85.4738056356,226.16578496,0.0244457112324,92.2062594802,211.96844019,211.968245731,92.2063249923,92.2063718935,52.2126547351,211.96850459,0.0192719350257,211.968497755,0.0150485853362,211.968673598,211.968526541,211.96844097,211.969554822,237.977002238
2011-07-30 21:00:00,0.015006515009,211.968546854,211.968646584,215.037825377,171.694544546,0.000318700117384,211.968579535,211.968571548,211.968565438,211.967038781,238.10680723,92.2057381325,85.47380553,226.165783648,0.0244434252938,92.206258696,211.968440314,211.96824492,92.206325235,92.2063591117,52.2126548356,211.968511482,0.0192719233401,211.96849662,0.0150487643621,211.96864745,211.968526215,211.968418037,211.969437743,237.976983855
2011-07-30 22:00:00,0.0150029055983,211.968543639,211.968646063,215.037823948,171.694544358,0.000317618162152,211.968577665,211.968568054,211.96856408,211.967037901,238.106804211,92.2057382509,85.4738065581,226.165781173,0.0244416107749,92.2062593569,211.968439252,211.968243861,92.2063253133,92.20616205,52.212649098,211.968512345,0.0192718611557,211.968498807,0.0150488540841,211.968626579,211.968525846,211.968392138,211.968988808,237.976967503
2011-07-30 23:00:00,0.0149983216077,211.968541246,211.968645949,215.037821216,171.694544323,0.000316559093964,211.968576367,211.968561515,211.968563259,211.967036811,238.106800284,92.2057381289,85.4738065831,226.165779382,0.0244417071697,92.2062609162,211.968438478,211.968242399,92.2063260866,0.0151482140168,52.212644215,211.968512441,0.0192717989635,211.96849773,0.0150489035998,211.968621056,211.968525246,211.968354038,211.968810543,237.97696164
2011-07-31 00:00:00,0.0149971293349,211.968536996,211.968645594,215.03781933,171.694544121,0.000315492771411,211.968576228,211.968559879,211.968562342,211.96703571,238.106795409,92.2057380623,85.4738061982,226.165777474,0.0244370321061,92.2062703493,211.968438206,211.968240597,92.2063350243,0.015074957855,52.2126414967,211.968503332,0.0192717520732,211.968497438,0.0150488951791,211.96859781,211.968525339,211.968336452,211.968772376,237.976966174
2011-07-31 01:00:00,0.0149942886359,211.968529786,211.968645776,215.0378176,171.694543897,0.000314569842082,211.96857536,211.968558211,211.968562304,211.967034503,238.106791589,92.2057378417,85.4738055995,226.165776866,0.0244409676174,92.2062699719,211.968438478,211.968238929,211.968406635,0.0152255175178,52.2126388,211.968504039,0.0192716703857,211.968496292,0.015048910193,211.968597723,211.968524762,211.968309769,211.968797307,237.976955223
2011-07-31 02:00:00,0.0149926528577,211.968509391,211.96864579,215.037816036,171.694543723,0.00031370110972,211.96857487,211.968556723,211.968561294,211.967032721,238.106790502,92.2057375611,85.4738042949,226.165775941,0.0244422990149,92.206268882,211.968438529,211.968236854,211.968482917,92.206287768,52.2126364415,211.968506958,0.019271545213,211.968494844,0.0150488970231,211.968591515,211.96852347,211.968201716,211.968762971,237.976935065
2011-07-31 03:00:00,0.0149931892211,211.968487018,211.968646425,215.037814475,171.694543528,0.000312828273135,211.968574833,211.968555622,211.968559903,211.967029576,238.106787161,92.2057370716,85.4738040676,226.165773636,0.024441297243,92.206275879,211.968437838,211.968233845,211.96849076,92.2063581884,52.2126341171,211.968508974,0.0192713594,211.968493417,0.015048858999,211.968591722,211.968522848,211.967910795,211.968747086,237.976927641
2011-07-31 04:00:00,0.0149961795956,211.96841094,211.968646511,215.037813148,171.694543133,0.000312014135082,211.96857433,211.968553103,211.968558648,211.967021204,238.106784751,92.2057363862,85.4738026568,226.165771085,0.0244406341253,92.2062917168,211.968436432,211.968229294,211.968493397,92.2063724992,52.2126316244,211.968512399,0.0192710010172,211.968490865,0.0150487321012,211.968586145,211.968521363,211.967015099,211.968736485,237.976912416
2011-07-31 05:00:00,0.0149958710543,92.2063401024,211.968646906,215.037805732,171.694542864,0.000311321347314,211.968573961,211.968548166,211.968557638,0.0150452218673,238.106763156,92.2057349317,85.473798419,226.165765392,0.0243096017195,92.2063068499,211.968427684,211.968202779,211.968495226,92.2063810495,52.2126307637,211.968516688,0.0192702777769,211.968486993,0.0150485691247,211.968571308,211.968513701,211.96591047,211.968615686,237.976768943
2011-07-31 06:00:00,0.0149319217035,92.2063280273,211.968648669,215.035893897,171.694541037,0.000310739940839,211.968574256,211.968552047,211.968553714,0.0100328015695,211.96842881,92.2057328896,85.4737707425,183.194792523,0.0197989195783,92.2064776935,171.69448239,74.6860923248,211.968494638,92.2064454533,52.2126318847,211.968516418,0.0191658736587,211.968052294,0.0150482143949,211.968535195,211.968496165,211.968053112,211.968425035,237.967848609
2011-07-31 07:00:00,0.0121847821302,92.206320358,211.968648397,174.180645836,171.6944974,0.000310132709373,211.968571314,211.968387385,211.968551958,0.0100200189068,192.866435164,92.2057196851,0.0110362559003,183.194272549,0.0197931244033,113.834897727,171.694445588,74.6860686344,211.968493234,211.965880353,52.2126319449,211.968520552,0.0100580125324,171.69448509,0.0150428594006,211.968476114,211.968139398,211.96681532,211.96792505,103.52060906
2011-07-31 08:00:00,0.0121448740088,92.2063016086,211.968647544,174.180625087,74.6871387634,0.000309505309364,211.968566929,92.2063347038,211.968549544,0.0100057318348,192.86637299,0.0101272518964,0.0109060094899,183.19425394,0.0197842030516,113.834922139,171.694441638,74.6860419564,211.968491384,211.968480117,52.2126320136,211.968521794,0.0100562847266,171.694478646,0.0100145570522,211.968425478,171.694766563,92.2080116703,171.695393068,103.520165706
2011-07-31 09:00:00,0.0121259174421,92.2060330117,211.968647799,174.180616836,74.6871305971,0.000308724228009,211.968559841,92.2063315852,211.96854461,0.0100030929785,103.576462738,0.0100954273098,0.0100137351386,183.194244243,0.0197536542184,113.834922421,171.694441473,0.010015241022,211.968471479,211.968541119,52.2126314729,211.968520792,0.0100108204196,171.694475486,0.0100123778385,211.968219903,171.694545588,92.2063727321,171.69460651,103.519982952
2011-07-31 10:00:00,0.0114195101608,0.0151263692495,211.968647357,174.180612099,74.6871271463,0.000307850213986,211.968548132,92.2063302954,211.968534831,0.0100026761648,0.0201427674229,0.0100825668884,0.0100063679413,183.194240068,0.0197765854157,113.834904383,171.694440999,0.0100073335606,171.69448197,211.968556741,52.2126297549,211.96851857,0.0100018911688,171.694471498,0.0100082842389,158.977258099,171.69453145,92.2062749614,171.693912928,103.519763099
2011-07-31 11:00:00,0.011397373653,0.0152446708731,211.968646122,174.180617726,74.6871214354,0.000306984066121,171.694550475,92.2063301704,171.6946908,0.010003886979,103.576382238,0.0100093109103,0.0100058794415,183.194231704,0.0197827504646,92.2063617902,171.694441533,0.0100492881621,171.694473364,211.968562685,52.2126282918,211.968516006,0.0100027767273,171.694449609,0.0100013322471,158.976530919,171.694526321,92.2061133567,92.2071408241,0.0204621870221
2011-07-31 12:00:00,0.0114189120143,92.2058402853,211.968645525,174.180623394,74.6871164634,0.00030609005808,171.694541876,92.2063313385,171.694545768,0.0100102104809,178.580172619,0.0100049747086,0.0100073822363,183.19421696,0.0197918947923,92.2063414445,171.694442554,74.68606048,158.976392706,211.968550133,52.2126283523,211.96851259,0.0100211818699,171.69429489,0.0100008818267,158.976467977,171.69452499,92.1905092367,171.693394399,0.0200846235896
2011-07-31 13:00:00,0.0121297999439,92.2063025046,211.968644473,174.180624271,74.6871256882,0.00030518238605,171.6944735,92.2063318475,171.694542926,0.0100206531615,192.866427314,0.0100054517943,0.0100157229425,183.194227746,0.0197961681437,92.2063509951,171.694441145,74.6860670533,158.976406665,211.968532236,52.2126278417,211.968509594,0.0100559772354,171.694451103,0.0100011589137,158.976464434,171.694520016,92.2013488385,171.694313751,103.519031789
2011-07-31 14:00:00,0.0121393760971,92.206319747,211.968646107,174.180647299,74.6871275271,0.000304401141519,171.694531891,92.2095055727,171.694542853,0.0100333271184,192.866453526,0.0100143073304,0.0109250129819,183.194243718,0.0198056207474,211.966688024,171.694443069,74.6860742579,171.694478935,211.968534784,52.2126278222,211.968509066,0.0100570349694,171.69446621,0.0100068425621,158.976504744,171.694533619,92.2062052743,171.694685399,103.519995529
2011-07-31 15:00:00,0.0121655821666,92.2063251974,211.968648032,174.181537668,74.6871351708,0.000303620323284,171.694545128,211.968536893,171.694585495,0.0107599043005,238.106690063,0.0100869474023,0.0110117084323,183.194263623,0.0201219986381,211.968468949,171.694450802,74.6861080189,211.968301335,211.968557302,52.2126298554,211.96851119,0.0100588519836,171.694486548,0.0100122273621,158.976566824,171.694578206,92.2063184987,211.968121286,103.52025387
2011-07-31 16:00:00,0.0150222772897,211.967748863,211.968649885,215.037785974,74.6871609469,0.000302871054226,211.968502265,211.968555282,211.968547714,0.0197462678004,238.106775335,0.0100973639758,85.4737097722,226.165711898,98.6589548327,211.968519559,211.968428112,92.2053498865,211.968555949,211.968579261,52.2126376601,211.968512119,0.0150018755227,211.968367956,0.0100140618741,211.967220128,211.968503918,113.834669865,211.968550416,211.968043123
2011-07-31 17:00:00,0.0152354822743,211.968496703,211.968651675,215.037816962,171.694539605,0.000302140231907,211.968560564,211.968558643,211.968556579,0.0197535409789,238.106786009,0.0103085029267,85.4737817531,226.16574556,98.6589629765,211.96853315,211.968444632,92.2053611279,211.968560212,211.968614569,52.2126489123,211.968512979,147.151936489,211.96846939,0.0150075771172,211.968510841,211.968528324,113.834789979,211.968675608,211.977118999
2011-07-31 18:00:00,0.0152478218545,211.968515818,211.968653987,215.037826668,171.694544019,0.00030139089996,211.968567623,211.968562668,211.968561126,0.0197560767783,238.106791849,211.967243272,85.4737929662,226.165753082,98.6589664682,211.96853818,211.968447238,92.2053656807,211.968561379,211.968620237,52.2126448519,211.968506243,147.151937802,211.968476033,177.624779596,211.968556042,211.968533891,92.2064521979,211.968678637,211.977806811
2011-07-31 19:00:00,0.0152501536643,211.968515543,211.968654895,215.03782823,171.694544627,0.00030049161335,211.968568,211.968564075,211.968561345,0.0197574155676,238.1067929,211.967312575,85.4738000596,226.165755504,98.6589673367,211.968539583,211.968447758,92.2053670805,211.968562268,211.968642059,52.2126382523,211.968513963,147.151938203,211.968477969,177.624780754,211.968588617,211.968533882,92.206618474,211.96868384,211.978008054
2011-07-31 20:00:00,0.0152506872797,211.968533382,211.968655015,215.03782534,171.694545083,0.000299669243,211.968568564,211.968567364,211.968560666,0.0197578834454,238.106792495,211.967320355,85.4738013888,226.165755955,98.6589678581,211.968540106,211.968447564,92.2053670614,211.968562663,211.96865167,52.2126381519,211.968517224,147.15193832,211.968477406,177.624781027,211.9685639,211.968532788,113.810253879,211.968630448,211.978012581
2011-07-31 21:00:00,0.0152482081133,211.968537624,211.96865229,215.037821295,171.69454517,0.000298814487941,211.968566947,211.968566426,211.968559322,0.0197575605218,238.106790016,211.967322587,85.473800859,226.165754163,98.6589682376,211.968540685,211.96844706,92.2053666821,211.968561966,211.968656003,52.2126373845,211.968515458,147.151938351,211.968475061,177.624781152,211.968582173,211.968531484,113.83491173,211.96849178,211.977962064
2011-07-31 22:00:00,0.0152460373325,211.968537542,211.968650405,215.037816169,171.694544883,0.000297689880328,211.968563933,211.96856082,211.968558002,0.0197567662321,238.106786885,211.967323302,85.4738018932,226.165751018,98.6589686148,211.968541493,211.968446843,92.2053658938,211.968561433,211.968646723,52.2126256871,211.968513592,147.151938355,211.96847242,177.6247812,211.968577822,211.968530039,113.834829383,211.968355652,211.977956299
2011-07-31 23:00:00,0.0152436400027,211.968538728,211.968649257,215.037810876,171.694544917,0.000296682369777,211.968561878,211.96855918,211.968557464,0.0197558734111,238.106783687,211.967323704,85.4738022901,226.165749464,98.6589688086,211.968541813,211.968446088,92.2053649142,211.968561261,211.96863073,52.2126193055,211.968512039,147.151938333,211.968469556,177.624781244,211.968569162,211.968528404,113.834876438,211.968226806,211.978042818
2011-08-01 00:00:00,0.0152419220125,211.968538531,211.968648442,215.037808992,171.694544722,0.000295739208096,211.968557207,211.968560473,211.968556633,0.0197550548418,238.106777161,211.967323808,85.4738024939,226.165747402,98.6589689931,211.968541871,211.968445726,92.205363965,211.968561047,211.968608427,52.2126152918,211.968506031,147.151938301,211.968466976,177.624781288,211.968571585,211.968527428,113.834786636,211.967668735,211.978181873
2011-08-01 01:00:00,0.0152399007192,211.968537265,211.96864741,215.037804188,171.694544581,0.000294848802222,211.968558207,211.968560023,211.968556678,0.0197542093208,238.106776351,211.967323992,85.4738020857,226.165745298,98.6589689968,211.96854231,211.968445277,92.2053629409,211.968561171,211.968591374,52.2126135158,211.968506435,147.151938273,211.968469497,177.624781311,211.968566229,211.968526161,113.834814584,211.967946325,211.978252672
2011-08-01 02:00:00,0.0152433005659,211.968531656,211.968646771,215.037796882,171.694544659,0.000293994625176,211.96856033,211.968559938,211.968556447,0.0197529456281,238.106775711,211.967323532,85.4738012291,226.165742733,98.6589690276,211.968542976,211.968445051,92.2053616292,211.968561472,211.968582345,52.2126121505,211.968510048,147.151938251,211.968467577,177.624781332,211.968572929,211.968525507,113.83479453,211.967685975,211.978277377
2011-08-01 03:00:00,0.0152487188821,211.968532027,211.968647367,215.037788537,171.694544901,0.000293177992602,211.968562108,211.96856045,211.968556339,0.0197512627008,238.106775261,211.967324057,85.4737983565,226.16573939,98.6589689851,211.9685444,211.968445088,92.2053601557,211.968562593,211.968579722,52.2126101422,211.968512762,147.151938224,211.968461129,177.624781403,211.968565817,211.968524755,113.834721884,211.967297995,211.978340007
2011-08-01 04:00:00,0.0152530872234,211.968536525,211.968648542,215.037777462,171.694545037,0.000292670323478,211.968563363,211.968561083,211.968557893,0.0197475002874,238.106777135,211.967324924,85.4737922703,226.165733585,98.6589689084,211.96854503,211.968444907,92.2053579008,211.968567171,211.968578915,52.212608963,211.968518363,147.15193819,211.968459143,177.624781432,211.968585606,211.968524143,113.834523721,211.967377995,211.978478557
2011-08-01 05:00:00,0.0152543531991,211.968522272,211.968650497,215.037736344,171.694545252,0.000292381384596,211.968563732,211.96856813,211.968558707,0.0196865884834,238.106763002,211.96732525,85.4737837071,226.165717249,98.6589644833,211.968544664,211.968442622,92.2053462238,211.968569938,211.968576785,52.2126115077,211.968524394,147.151938068,211.968447566,177.624781451,211.968592507,211.968519506,92.2064136284,211.966848509,211.978352621
2011-08-01 06:00:00,0.0152194521261,211.968516721,211.968651771,70.1784093366,171.694544814,0.00029185769401,211.96855718,211.968573773,211.968555268,0.0155454124857,211.968539694,211.967326763,85.4737283419,211.969155235,79.913771596,211.968543037,171.694498814,0.0101523468844,211.968567825,211.968582938,52.2126287259,211.968525788,147.151936062,211.968178758,177.624781287,211.968561763,211.968505538,92.2063099393,92.2095499847,211.978000137
2011-08-01 07:00:00,0.0114849119729,92.2063921088,211.96864474,70.178088464,171.694540441,0.00029116024083,211.968474226,211.968574112,211.968545821,0.0155322654039,192.866485392,211.967325589,0.0103224304212,158.976452077,79.9137614912,211.968535703,171.694442148,0.0101188545894,211.968561697,211.968604446,52.2126956652,211.968527006,119.193067176,0.0244123656546,177.624779821,211.968233193,211.968455556,92.1518860123,92.2078812642,158.960109
2011-08-01 08:00:00,0.0114426489188,92.206333692,211.968518163,70.1778431862,139.072565572,0.00029049646727,158.976453233,211.968573945,171.694539745,0.0133710106905,192.866473673,211.967306719,0.0102328290556,158.976405854,79.9137561113,211.968335827,171.694438082,0.0100478379496,211.968559608,211.968627033,52.2129262469,211.968528036,119.193065575,0.024366887801,143.876072138,158.976582234,171.69450335,0.0152331063157,92.2068157761,158.959692493
2011-08-01 09:00:00,0.0112832240882,92.2063271761,171.694594993,0.0100677629286,139.072559182,0.000289713514505,158.976434386,211.968573363,171.694524896,0.0100109398855,192.866463124,211.967207225,0.0100224668604,0.0107026542096,79.9137340317,171.694527671,171.6944333,0.0100069234979,211.968555027,211.968634719,52.2129503425,211.968529376,110.363927776,0.0236851249636,143.876070279,158.976469232,171.694481716,0.0152135108382,92.2065562112,103.521412456
2011-08-01 10:00:00,0.0100095527163,92.2063243577,92.2063780678,0.0100299066408,128.770894666,0.000288817654362,92.2063438079,211.968571947,171.693557179,0.0100110306673,192.866453189,171.693546908,0.0100098204447,0.010039186792,79.91355101,171.694524559,171.694424903,0.0100049325967,171.694553366,211.968624711,52.2129371969,211.968529438,0.0100024420084,0.0100706243348,143.876068855,158.976429675,171.694469611,0.015102255987,92.2057942015,103.520101629
2011-08-01 11:00:00,0.010014113728,92.206324539,92.206370368,0.0101879689247,74.6871296099,0.000287974051279,92.2063305348,211.968560202,92.2063450894,0.0151863257477,192.866471557,171.693539809,0.0100080403802,0.0100601837862,79.9137414269,171.694524979,171.694432238,0.0100052342526,171.69453852,211.968629651,52.2129039022,211.96853014,0.0100165218436,0.0100809584641,133.218711572,158.976406377,171.694463575,0.0151637440085,92.2067498251,103.520298904
2011-08-01 12:00:00,0.010211127753,92.2063259129,92.2063680246,70.1777884826,74.6871298022,0.000287148105354,92.2063271049,211.968558122,92.2063302152,0.0155318037302,192.866477385,171.693537809,0.0100097278429,158.974079409,79.9137561329,171.694525143,171.694436996,0.0100081489038,171.69453466,211.968629407,52.2129228012,211.968528411,110.363978787,0.0103112363342,0.0151142711894,158.976399503,171.694454678,92.1511650962,92.2075437785,158.959539564
2011-08-01 13:00:00,0.0114289460976,92.2063316226,92.2063773091,70.1780746729,74.6871323007,0.000286347558796,92.2063343396,211.968553738,158.976470076,0.0155398796873,192.866482566,171.693537822,0.0100207523965,158.976413371,79.9137624557,171.694525723,171.69444,0.0101110816045,171.694535713,211.96862206,52.2129140629,211.968526151,119.193064946,0.0243308581472,133.218654682,158.976420474,171.694470584,92.1510329773,92.2077646171,158.958128054
2011-08-01 14:00:00,0.0114476750779,92.2063574473,171.694591102,70.1781101241,128.770916289,0.000285466099198,158.976411448,211.968550927,171.694520639,0.0155575138624,192.866546554,171.693538598,0.0101944284782,158.976436847,79.9137714385,171.69452578,171.694442372,0.0101302354821,171.694541652,211.968617165,52.2129147244,211.96852498,119.193066377,0.0243859393966,143.876068641,158.976464868,171.694478897,92.1517821156,92.2080322831,158.959605077
2011-08-01 15:00:00,0.0114922150922,211.968477038,211.968375033,70.1782188654,139.072561203,0.000284568231377,158.976450657,211.968555769,171.694527962,211.968265584,238.106714061,171.693542769,0.0102765668048,158.976532782,183.710375352,171.694531263,171.694456566,0.0106182652616,211.968556139,211.968626404,52.2129265115,211.968526593,119.193069102,0.0244444558126,143.876070059,158.976572861,171.694490278,92.206215303,92.2160693463,158.960052634
2011-08-01 16:00:00,110.385575074,211.968540946,211.968635409,93.5701881334,171.694517532,0.000283730738218,211.968151236,211.968558177,211.968542701,211.968396561,238.106763618,171.693554694,85.4736302152,211.968337943,183.713913796,211.9685218,211.968443577,92.2059737383,211.96856113,211.968641924,52.212948472,211.968526904,147.152086909,0.0329467836313,143.876071081,211.967929082,211.968476812,92.2064231954,211.968451092,211.946538937
2011-08-01 17:00:00,110.385672085,211.968547494,211.968648528,93.5702414663,171.694543478,0.000282918892665,211.968546714,211.968567675,211.968553425,211.968402671,238.106768138,211.96725535,85.4737810891,211.968368087,183.713919364,211.968545491,211.968449121,92.2059863184,211.968565825,211.968650678,52.212944426,211.968527004,147.152091155,0.0330292032086,177.624772049,211.968517526,211.968490708,211.967488194,211.96857765,211.94662138
2011-08-01 18:00:00,110.385681047,211.968549252,211.968650762,93.570254899,171.694545088,0.000282020360525,211.968555763,211.968572549,211.968555424,211.968405018,238.106770573,211.967327803,85.4737949319,211.96837645,183.713921957,211.968546305,211.968451561,92.2059909077,211.96856502,211.968651115,52.2129260697,211.968526254,147.152091749,0.033039390443,177.624779879,211.96853595,211.968495209,211.968082035,211.968532536,211.94659993
2011-08-01 19:00:00,110.385683249,211.968549036,211.968649908,93.5702579716,171.6945453,0.000281070256119,211.968558468,211.968570637,211.968556423,211.968405963,238.10676846,211.967330924,85.4738019092,211.968378889,183.713922627,211.96854631,211.968452142,92.2059921765,211.968564982,211.968651465,52.2128341206,211.968525365,147.152091959,0.033043720198,177.624780533,211.968560472,211.968495493,211.968258441,211.968559685,211.946592306
2011-08-01 20:00:00,110.385682943,211.968551014,211.968649039,93.5702565872,171.694545659,0.000280169943931,211.968560619,211.96857164,211.968556198,211.96840636,238.106766752,211.967331923,85.4738036821,211.968379254,183.71392267,211.9685458,211.968452166,92.2059920364,211.968563773,211.968650437,52.2127989904,211.968524798,147.15209197,0.0330449736508,177.624780654,211.968572342,211.968495054,211.968297087,211.968535875,211.946544996
2011-08-01 21:00:00,110.385680883,211.968550776,211.968646908,93.5702542987,171.694545731,0.000279329466573,211.9685603,211.968571587,211.968555386,211.968406143,238.106764248,211.967331629,85.473803881,211.968377377,183.713922688,211.968545475,211.96845202,92.2059914552,211.968562154,211.968642195,52.2127436461,211.968522469,147.152091945,0.0330441339744,177.62478073,211.968568061,211.968494198,211.968307847,211.968474912,211.946554648
2011-08-01 22:00:00,110.385679235,211.968550341,211.968641749,93.5702507388,171.694545315,0.000278290512325,211.968558708,211.968568345,211.968554577,211.96840544,238.106760126,211.967330856,85.4738047165,211.96837455,183.713922629,211.968545212,211.968451489,92.2059906855,211.968561411,211.968597523,52.2126158603,211.968520873,147.152091877,0.0330433338075,177.624780756,211.968553697,211.968492919,211.968301269,211.968421153,211.946557955
2011-08-01 23:00:00,110.385676803,211.968550142,211.96863485,93.5702475704,171.694545233,0.000277207836775,211.968557933,211.968565156,211.968554002,211.96840454,238.106755735,211.967330047,85.473805177,211.968373521,183.713922443,211.968544812,211.968450862,92.2059896462,211.968560961,211.968570098,52.2125987475,211.96851972,147.152091808,0.0330447259387,177.624780813,211.968552521,211.968491567,211.968293494,211.968407795,211.94656195
2011-08-02 00:00:00,110.385675538,211.968549901,211.968639765,93.5702453409,171.694544965,0.000276318352727,211.968560599,211.968567535,211.968553306,211.968403839,238.106745173,211.967329175,85.4738054865,211.968372029,183.713921498,211.968544286,211.968450254,92.2059888865,211.968561087,211.96856091,52.212594021,211.968520428,147.152091729,0.0330438224675,177.624780726,211.968547328,211.968490559,211.96827505,211.968466487,211.946497341
2011-08-02 01:00:00,110.385673825,211.96855035,211.9686296,93.5702426322,171.694544899,0.000275474598598,211.968560628,211.968565657,211.968553215,211.96840322,238.106741166,211.967328482,85.4738048392,211.968369899,183.713920783,211.968543889,211.96844959,92.2059879872,211.968560929,211.968558804,52.2125920197,211.96852016,147.15209166,0.033042632411,177.624780845,211.968549965,211.968489158,211.968239044,211.968454411,211.946587222
2011-08-02 02:00:00,110.38567466,211.968550781,211.968624048,93.570237142,171.694544933,0.000274670985295,211.968561111,211.968565417,211.968553105,211.968402326,238.106737057,211.967327716,85.4738038327,211.96836765,183.713919847,211.968543561,211.968449007,92.2059867797,211.968560728,211.968559405,52.2125902836,211.968520029,147.152091585,0.0330408001295,177.624780889,211.968535859,211.968487327,211.96817869,211.968421183,211.946624457
2011-08-02 03:00:00,110.385677185,211.968552909,211.968637783,93.5702305831,171.694545167,0.000273927390745,211.968561848,211.968567794,211.968552764,211.968401097,238.106732776,211.967327311,85.4738036697,211.968364588,183.713919186,211.968543756,211.968448235,92.2059854251,211.968560618,211.96855881,52.2125890863,211.968520322,147.152091494,0.0330374941747,177.624781021,211.968533878,211.968484943,211.968212964,211.968450366,211.946651997
2011-08-02 04:00:00,110.38567964,211.96855401,211.968643302,93.5702203713,171.694545294,0.000273446695977,211.968562467,211.96856915,211.968553372,211.968398886,238.106728152,211.96732702,85.473803416,211.968359714,183.713918693,211.968543059,211.968447317,92.2059835986,211.968561171,211.96855973,52.2125889052,211.968523345,147.152091339,0.0330329814402,177.624781071,211.968533319,211.96848195,211.968182075,211.968482504,211.946696547
2011-08-02 05:00:00,110.38567717,211.968552092,211.96864767,93.5701844734,171.694545562,0.000273223377329,211.968563714,211.968572377,211.968552812,211.968370144,238.10667234,211.96732652,85.4738035003,211.968345798,183.713913076,211.968540275,211.968442156,92.2059763275,211.968561629,211.968565092,52.2126027486,211.968527572,147.152090984,0.0330231624877,177.624781063,211.968522232,211.968465704,211.967762059,211.968352328,211.946541299
2011-08-02 06:00:00,110.385588737,211.968547454,211.968648462,0.0111256633211,171.694545152,0.000272751224465,211.968561692,211.968574672,211.968548011,171.694396678,211.967541686,211.967326577,85.4737921452,0.0188280397571,148.808277373,211.968488643,171.694393883,74.6870949966,211.968559193,211.968606035,52.2128913059,211.968534392,147.152082778,0.0325980992164,177.624780865,211.968482115,0.0151049973875,211.966628942,171.695556921,103.519947229
2011-08-02 07:00:00,0.0144707454104,211.968537525,211.968582561,0.0107476429883,171.694541667,0.000272054204534,211.968536873,211.968575034,211.96848303,171.694386113,0.0277415007528,211.967323809,85.4736594226,0.0152040731005,148.80826949,92.2064374823,171.694300095,74.6868021813,92.2072914309,211.968625499,52.2129603626,211.968535113,0.0149981187712,0.0118760848683,177.624779109,211.950399024,0.014787097874,92.2073682528,171.693668532,103.519430473
2011-08-02 08:00:00,0.0144300351103,211.968509644,171.694596122,0.0106980306232,139.072580338,0.000271309142674,171.694533427,211.968574756,158.976384024,158.975213002,0.0277162206297,211.96730034,64.1053241156,0.0151719626556,148.808265384,92.2064279561,171.69428863,74.6867691987,92.2063253624,211.968571319,52.21304887,211.968531705,0.0149956066777,0.0118366023722,143.876071781,158.976443519,0.0147501151108,92.2066800386,92.2070891234,103.519150196
2011-08-02 09:00:00,0.0100191250098,211.968413273,92.2063683927,0.0100814993643,139.072570121,0.000270492684552,171.694521307,211.968573973,92.2063397379,0.0100126870748,0.0254982253581,171.69356639,64.1052570172,0.0105152518056,148.808248967,92.2063623078,0.0100346222083,0.010050539391,92.2063218887,211.968557664,52.2133402137,211.968526797,0.0149772339121,0.0112609835776,143.87607031,158.976369284,0.0100278068905,92.2063904643,92.2067751748,0.0201022209949
2011-08-02 10:00:00,0.0100059333692,156.626167919,92.2063666593,0.0100305130331,128.770869102,0.000269591110694,92.2063766949,211.968570881,92.2063096983,0.0100185474335,0.0251122829791,171.693528886,0.0100221808191,0.0100348276184,148.808231411,0.0100171192265,0.0100082960286,0.010129320163,0.0200022664278,211.96854802,52.2129899313,211.968521883,0.0100015525712,0.010047799546,143.876009794,158.976308763,0.0100114134015,92.2064195155,92.2067296986,0.0182920228067
2011-08-02 11:00:00,0.0100051408563,92.2068903271,92.2063652597,0.0100689566737,74.6871287505,0.00026875281436,92.2063339777,211.968561103,92.2062546905,158.976137423,0.0251272894624,171.693524803,0.0100141461824,0.0100349496382,148.808264765,0.0100131662772,0.0100152599344,74.686784263,0.0200005154748,211.968565644,52.2129559068,211.968517197,0.0100012906019,0.0100368042128,0.0149986971437,158.976227301,0.0100157638325,92.2066610552,92.2068283467,0.0198007717828
2011-08-02 12:00:00,0.0100075498137,211.968379109,92.2063679981,0.0104527891442,74.6871283459,0.000268076329318,92.206332128,211.968559476,92.2063215242,171.694385705,0.0262024745344,171.693523723,0.0100174164202,0.0101134290688,148.808267926,92.206108533,171.694282297,74.6867934526,0.0200113312917,211.968566171,52.2129485075,211.96851889,0.010002326525,0.0100770068346,0.0149990347736,158.976268935,0.0143940291906,92.2066367605,92.2073192327,0.0199678520077
2011-08-02 13:00:00,0.0143722672469,211.968496782,171.694601035,0.0106796442372,74.6871287782,0.00026726807977,92.2063927409,211.968558192,92.2063257265,171.694400412,0.027692475761,171.693523639,0.0342435704999,0.0151480068141,148.808271451,92.2064202116,171.694294009,74.686794835,92.206320048,211.968558315,52.2129398522,211.968513715,0.0149904632624,0.0118105439428,143.876068976,158.976282537,0.0147729824437,92.2065936228,171.694015111,0.0200754534002
2011-08-02 14:00:00,0.0144507032099,211.968536746,211.968634361,0.0107391580204,128.770892641,0.000266435319531,171.69453102,211.968562754,158.976343013,171.694548905,0.0277356968242,171.693523051,64.1053054682,0.0151910456319,148.808281331,92.2064286616,171.694300289,74.6868011893,92.2063245911,211.968564751,52.2129342518,211.968509104,0.0149956960576,0.0118492821538,143.876069659,158.976345461,0.0147861525983,92.2069769514,171.694532435,103.519152173
2011-08-02 15:00:00,0.0145055498276,211.968548802,211.968646243,0.0108755258004,139.072571253,0.000265547799744,211.968436191,211.968572671,158.976391401,211.968485371,0.0344522080128,171.693524229,64.1053660038,0.0152797204633,183.713908939,92.2064354789,171.694329272,74.6868182189,92.2063332018,211.968579357,52.2129160648,211.968513674,0.0149976770338,0.0119004494301,143.876070768,158.976420647,0.0148417205257,92.2091130887,211.968197176,103.519852355
2011-08-02 16:00:00,110.385634069,211.968554242,211.968649217,93.5329143815,139.072589856,0.000264665745531,211.968549511,211.968573819,211.968541708,211.968503345,0.0346640827826,171.693526657,85.473774034,211.968342555,183.713915372,122.941583976,211.96827932,92.2059477089,211.968548861,211.968620127,52.2129163915,211.968517919,147.152050408,211.963894366,143.876072603,211.966150633,0.0203096855409,211.968416135,211.968877157,211.961504487
2011-08-02 17:00:00,110.385711765,211.968555152,211.968651057,93.5330139335,171.69454019,0.00026386417116,211.968562114,211.968574608,211.968552547,211.968507792,0.0346732290855,211.966769645,85.4738034981,211.968402194,183.713916814,122.94160653,211.968285176,92.2059564052,211.968558873,211.968654544,52.2128646704,211.968519602,147.152081954,211.964004124,177.624945597,211.968424835,0.0203416947065,211.968463006,211.969190095,237.975439099
2011-08-02 18:00:00,110.385720499,211.96855408,211.968653311,93.5330320734,171.694544392,0.000263028641239,211.968567129,211.968575198,211.968555628,211.968509403,0.034697858303,211.967309933,85.4738065528,211.968412778,183.713917492,122.941608861,211.968287905,92.2059600966,211.968559753,211.968667399,52.2128269049,211.968519141,147.152082682,211.964015797,177.62496213,211.968432491,0.0203493560494,211.968468716,211.969283449,237.976500267
2011-08-02 19:00:00,110.385722815,211.968554507,211.968653872,93.5330374997,171.694545866,0.00026220106243,211.968565044,211.968574948,211.968556531,211.968510335,0.03468296378,211.967313673,85.4738086262,211.96841617,183.713916521,122.941609725,211.968288753,92.2059611112,211.968559592,211.968666791,52.212690318,211.968515265,147.152082923,211.964020509,177.624963012,211.968478562,0.0203514400592,211.968477664,211.969332219,237.976623685
2011-08-02 20:00:00,110.385722309,211.968555024,211.968652788,93.5330370403,171.694546587,0.000261377267366,211.968568213,211.968575052,211.968556296,211.968510655,0.0346782440862,211.967314669,85.4738086889,211.968416769,183.713914629,122.941609971,211.968288853,92.2059609266,211.968557981,211.968669475,52.2126530072,211.968510954,147.152082955,211.96402127,177.624963254,211.968462679,0.020352028083,211.968469606,211.969279016,237.976642249
2011-08-02 21:00:00,110.385719866,211.968554358,211.968651387,93.5330361058,171.694546781,0.000260480468422,211.968569734,211.968574806,211.968556029,211.968510346,0.0346747573774,211.967314339,85.4738079973,211.968414913,183.713914151,122.941610152,211.968288759,92.2059604204,211.968555106,211.968669029,52.2126368733,211.968501424,147.152082927,211.964020873,177.624963364,211.968483216,0.0203519876099,211.968461101,211.969053619,237.976630098
2011-08-02 22:00:00,110.385717391,211.968553549,211.968649657,93.5330330751,171.694546404,0.000259349296801,211.968567645,211.968574021,211.968555631,211.968509533,0.0346703257579,211.967313373,85.473808656,211.96841231,183.713913337,122.941610282,211.968288326,92.2059597163,211.968550186,211.968656238,52.2125788302,211.968482574,147.152082863,211.964019361,177.624963397,211.96847079,0.0203518032111,211.968458563,211.96876225,237.976622726
2011-08-02 23:00:00,110.385714595,211.968552731,211.968647551,93.5330305248,171.694546268,0.000258370440053,211.968566545,211.968573079,211.96855538,211.968508579,0.0346644967751,211.967312378,85.4738093236,211.968409927,183.71391218,122.941610257,211.968287811,92.2059587561,211.968527787,211.968631465,52.2125684562,211.968463237,147.152082805,211.964018333,177.624963401,211.968478752,0.0203512898772,211.968458942,211.96874178,237.976643674
2011-08-03 00:00:00,110.385713412,211.96855076,211.968646574,93.5330290354,171.694546005,0.000257503402038,211.968568215,211.968572591,211.96855502,211.968507604,0.0346528688112,211.967311482,85.4738090124,211.968408897,183.713911815,122.941610215,211.96828714,92.2059578109,171.694887861,211.968603215,52.2125648504,211.96848905,147.1520827,211.964020961,177.624963386,211.96852475,0.020350789003,211.968454646,211.96864684,237.976636258
2011-08-03 01:00:00,110.385711769,211.968549529,211.968645852,93.5330266752,171.694545848,0.000256778737629,211.968568845,211.968572292,211.968555007,211.968506825,0.0346386821714,211.967310455,85.4738084127,211.968408108,183.713910325,122.941610032,211.968286655,92.2059566217,171.694537729,211.968582813,52.212562339,211.968493887,147.152082653,211.964019835,177.624963368,211.968537739,0.0203501107341,211.968455862,211.968648483,237.976655213
2011-08-03 02:00:00,110.385713959,211.968549355,211.96864492,93.5330220404,171.694545794,0.000256001300802,211.968569236,211.968572098,211.968554895,211.968505949,0.0345902849754,211.967309523,85.473807924,211.96840607,183.713908002,122.941609865,211.968286192,92.2059554552,171.694562373,211.968573686,52.2125607007,211.968498219,147.1520826,211.964014909,177.624963369,211.968522673,0.0203492879484,211.968453676,211.968612184,237.976652139
2011-08-03 03:00:00,110.38571731,211.968551558,211.968647499,93.5330162762,171.694546035,0.000255220857788,211.968570565,211.968572018,211.968554548,211.968504703,0.0344896838228,211.96730842,85.4738086093,211.968403133,183.713906278,122.941609957,211.968285463,92.2059537693,211.968537617,211.968570572,52.2125588568,211.968503037,147.152082533,211.964012725,177.624963412,211.968528303,0.0203477609099,211.968474519,211.968737351,237.976670624
2011-08-03 04:00:00,110.385721366,211.968552607,211.968648698,93.5330081762,171.694546131,0.000254769640791,211.968572101,211.96857231,211.968554994,211.968502629,0.0344625587435,211.96730727,85.4738079697,211.968397788,183.713905942,122.941609519,211.968284584,92.2059514727,211.968550544,211.968567361,52.2125580001,211.968509734,147.152082405,211.964010966,177.624963416,211.968534034,0.0203459315184,211.968491023,211.969012129,237.976693195
2011-08-03 05:00:00,110.385721045,211.968548609,211.968650351,93.5329770758,171.694546318,0.000254429553452,211.968573566,211.968573732,211.968553403,211.968475781,0.0248888178225,211.96730541,85.473808092,211.968384714,183.71387353,122.941607584,211.968279778,92.2059401923,211.968553044,211.968568149,52.2125647275,211.968513955,147.152082132,211.964002623,177.624963384,211.96853748,0.0203360378482,211.968457631,211.969072601,237.97661199
2011-08-03 06:00:00,110.385689686,211.968519673,211.968653362,0.0107874521548,171.69454616,0.000253915694532,211.968572147,211.968574928,211.968522435,171.694482723,0.0200549903241,211.967303395,85.4738075349,98.3811332064,148.808264501,122.941550403,171.694285289,0.0243955782856,211.968525405,211.968571172,52.2126007047,211.968515923,147.15207746,211.963800296,177.624963176,211.968341966,0.015422561954,211.96829183,211.968531887,211.968417614
2011-08-03 07:00:00,82.7893667011,92.2064049572,211.968650708,0.0103297980236,171.694544968,0.000253293716475,211.968560573,211.968575246,92.2063693437,171.694472357,0.0200220468638,211.967283807,85.4738019209,46.1580190999,148.808257977,92.2063416897,171.694258152,0.024362030134,92.2063270761,211.968555228,52.2127343505,211.96850125,64.011155306,158.977219079,177.624960508,211.968312332,0.0153663030322,171.720522485,211.9681042,178.482245948
2011-08-03 08:00:00,82.7893074537,92.2063298455,211.96863962,0.0102647175468,171.694539819,0.000252614982315,211.968537734,211.968574619,92.2063486684,0.0140536851938,0.0200013852916,92.205790228,85.4737607639,46.1579878253,79.9158794521,92.2063348302,171.694249267,0.0242948003463,92.2063234098,211.968500466,52.2128442615,211.967738624,64.0111527866,158.977184853,143.876166085,211.968451435,0.0152922177466,171.693946987,171.695286895,103.520527703
2011-08-03 09:00:00,82.7889935311,92.2063250902,211.968569421,0.0100364414648,74.6871920817,0.000251826916886,171.694554245,211.968574218,92.2063237338,0.0100177289568,0.0199976015717,92.205684685,64.1054748677,46.1569565334,0.0100617936159,92.2062918605,92.2062526944,0.0100130012783,92.2063102024,211.966470883,52.212812381,92.2063270494,64.0111403936,158.976342739,143.876163485,211.968406344,0.0100439490046,92.2063926249,171.694429505,103.519954364
2011-08-03 10:00:00,0.0100073821805,92.2063218186,211.96812124,0.0100183498896,74.6871439332,0.000251068902352,171.694542856,211.968565863,92.2063150086,0.0103590630856,0.0199970591075,92.2056722495,64.105405025,0.0100464820317,0.0100272022216,0.0100660155492,0.0100159228689,0.0100175883907,0.0200017754968,92.2065969699,52.2126522752,92.2063097495,0.0100034840525,0.010089200619,143.876161475,158.9775362,0.0100328628287,92.2063479561,92.2077439173,103.519955303
2011-08-03 11:00:00,0.0100072246755,92.2063178993,211.968417565,0.0100173731542,74.6871281477,0.000250350038041,171.694541646,211.968556512,92.2063139086,171.694447071,0.0199980841569,0.010038719781,64.105422688,0.0100381484774,148.808221111,0.0100742691634,0.0100403997644,0.0243315726267,0.0200011060024,158.976707549,52.2125827954,92.2063050284,0.0100022144108,0.0100511658462,0.0151676755351,158.976438249,0.0153140778528,92.206342191,92.2072105188,103.520133699
2011-08-03 12:00:00,0.0100375971233,92.2063081566,211.968578517,0.0100317930011,74.6871262045,0.00024956767147,171.694544063,211.968554632,92.20632247,171.694477408,0.0200040289939,0.010009631202,64.1055931519,0.0101154118999,148.808258425,92.2061887273,171.694226898,0.0243497329021,92.206312892,92.2063936393,52.2125615623,92.2063055376,0.0100087115012,0.010208117733,0.0100084899397,158.976029247,0.0153103670024,92.2064098944,171.695089798,178.482089766
2011-08-03 13:00:00,82.7892693136,92.2063185901,211.968644281,0.0102370013298,74.6871246311,0.000248725553887,211.968145569,211.968544891,92.2063300984,171.694482198,0.0200097295341,0.0100127586648,85.4737540004,46.157956367,148.808264828,92.2063297823,171.694253031,0.0243584061085,92.2063232723,158.976384463,52.2125535285,92.2063053102,64.0111338294,158.977162514,0.0149753855807,158.976411122,0.015358981276,171.689692629,171.695343604,178.482234391
2011-08-03 14:00:00,82.7893388109,92.2063243716,211.968645445,0.010320146227,74.6871252465,0.000247916782361,211.968412815,211.96854566,92.20636268,171.69450344,0.0200301049465,0.0150024183932,85.4737362122,46.1580044165,148.808285416,92.206338159,171.694260428,0.0243656144402,92.2063251283,92.2077992368,52.2125529965,92.2063010156,64.0111526675,158.977197205,143.876152636,158.976470949,0.015375414855,171.694460702,211.968240908,178.482467477
2011-08-03 15:00:00,110.371509033,92.2063481269,211.968651819,0.0105048524735,74.6871274466,0.000247091082199,211.968485984,211.968551274,92.2064576175,211.968500937,0.0201836155674,92.2056733507,85.4737694364,46.1581113803,183.714858898,92.206350913,171.694288173,0.0244255224493,92.2063495087,171.687699056,52.2125528321,92.2063025139,64.0111551548,158.977260446,143.876162988,158.976499691,0.0155161630606,211.968298829,211.968673215,237.976234074
2011-08-03 16:00:00,110.385725549,211.968533837,211.968653498,215.037319751,74.6871336788,0.000246167523144,211.968536229,211.968553836,211.968537195,211.96852539,0.0248228504572,92.205683597,85.4737970327,226.16561878,183.714881381,211.968475372,211.968523055,211.968494211,211.968547079,211.968434464,52.2125653491,92.2063076053,147.152087085,211.968221685,143.876164606,158.976789031,211.968370593,211.968457083,211.969451066,237.976755562
2011-08-03 17:00:00,110.385742663,211.968544514,211.968654645,215.037448009,74.6871501244,0.000245414728612,211.96856207,211.968557584,211.968544678,211.968529993,0.0248337466253,92.2057704976,85.4738062178,226.165677879,183.714885275,211.968498303,211.968536641,211.968518668,211.968558046,211.968522953,52.2125659293,92.2063250494,147.152092876,211.968288963,177.624940249,211.968432764,211.968417318,211.968478877,211.96953507,237.976806605
2011-08-03 18:00:00,110.385747972,211.968540627,211.96865852,215.037468661,99.5826333779,0.000245039814584,211.968570507,211.968564998,211.9685473,211.968531673,0.0248384131604,211.967082524,85.473808005,226.165690977,183.714887276,211.968503075,211.968541682,211.968525287,211.968560096,211.968561162,52.2125692559,92.2063163397,147.152093535,211.968306373,177.624958885,211.968561407,211.968428276,211.968487389,211.969567561,237.976823395
2011-08-03 19:00:00,110.385747143,211.968542039,211.96865727,215.037474658,99.5826363255,0.000243873257753,211.968569972,211.968564265,211.968547581,211.968532479,0.0248381688303,211.967090412,85.4738091388,226.165694413,183.714887624,211.968504103,211.968542936,211.968527101,211.968560549,211.968571889,52.2125524282,92.2063131311,147.152093713,211.968310937,177.624959613,211.968590188,211.968430942,211.9684918,211.969613436,237.976830149
2011-08-03 20:00:00,110.385746281,211.968542938,211.968655906,215.037473894,99.5826511284,0.000243054643282,211.96856856,211.968566849,211.968546393,211.968532902,0.0248368026132,211.967092827,85.4738090764,226.165695299,183.714887405,211.96850441,211.968543263,211.96852724,211.968560298,211.968584903,52.2125480309,92.2063101282,147.152093724,211.968312458,177.624959771,211.968585187,211.968431883,211.968485821,211.969579805,237.976812494
2011-08-03 21:00:00,110.385744641,211.968541094,211.968654638,215.037473077,99.5826755656,0.000242130787562,211.968566015,211.968563803,211.968545928,211.968532526,0.0248350197031,211.967093395,85.4738082044,226.165693733,183.714887093,211.968504608,211.968543489,211.968526926,211.968559797,211.96857528,52.2125447917,92.2063059481,147.152093711,211.968311486,177.624959822,211.968582607,211.968432132,211.968477534,211.969472442,237.976791366
2011-08-03 22:00:00,110.385742853,211.968537604,211.968652521,215.037470183,99.5826373454,0.000241092806435,211.968560786,211.968559029,211.968545433,211.968531842,0.0248324221843,211.96709331,85.4738086647,226.165690885,183.71488671,211.968504682,211.968543202,211.968526109,211.968559454,211.968554809,52.2125379874,92.2063019122,147.152093642,211.968314191,177.62495981,211.968575517,211.968432143,211.968472651,211.969219128,237.97676407
2011-08-03 23:00:00,110.385741936,211.968537017,211.96865113,215.037467415,99.5826362787,0.000240059044411,211.968556906,211.968557756,211.968545483,211.968531016,0.02482913728,211.967093055,85.473808869,226.165688636,183.714886239,211.968504714,211.968542741,211.968524455,211.968559573,211.96854111,52.212533568,92.2062952975,147.15209357,211.96831363,177.6249598,211.96857577,211.968431688,211.968468279,211.968934981,237.976741843
2011-08-04 00:00:00,110.385740811,211.968533806,211.968651429,215.037466256,99.5826340513,0.000239244497968,211.968544908,211.968554705,211.968545384,211.968530167,0.0248279782232,211.967092907,85.4738087837,226.165687312,183.714885592,211.968504984,211.968542211,211.968523827,211.96856005,211.968532915,52.2125314926,92.2062835558,147.152093534,211.968312908,177.624959781,211.968571583,211.968431372,211.968461369,211.96896889,237.97668345
2011-08-04 01:00:00,110.385740049,211.968537538,211.968650255,215.037464163,99.5826309285,0.000238525712713,211.968539017,211.968554688,211.9685455,211.968529402,0.0248244090545,211.967092634,85.4738082435,226.16568638,183.714885053,211.968505257,211.968542046,211.968522844,211.968560305,211.968529304,52.2125301816,92.2062758859,147.15209347,211.968311586,177.624959765,211.968567839,211.968431326,211.968459793,211.968835811,237.97668854
2011-08-04 02:00:00,110.385741969,211.968539063,211.968649084,215.037461369,99.582613316,0.000237742409982,211.968548264,211.96855406,211.968545105,211.968528523,0.0248216528198,211.967092332,85.4738071706,226.165685496,183.714884279,211.968505522,211.96854222,211.968522394,211.968560314,211.968536175,52.212529216,92.2062889667,147.152093399,211.968310171,177.624959743,211.968573527,211.968431094,211.968457911,211.968785733,237.976707596
2011-08-04 03:00:00,110.385747264,211.968543475,211.968648799,215.037458584,74.6871381904,0.000237035004042,211.968553566,211.968552355,211.968544268,211.96852753,0.0248196300178,211.967091951,85.4738070958,226.165684408,183.714883745,211.968506163,211.968542463,211.968522329,211.968560777,211.96854366,52.2125275617,92.2062886247,147.152093329,211.968307994,177.624959772,211.968574177,211.968430968,211.968475968,211.968989205,237.976755382
2011-08-04 04:00:00,110.385752158,211.968544426,211.968648538,215.037455908,74.6871297649,0.000236609816984,211.968556441,211.968549702,211.968544481,211.968525572,0.0248185539411,211.96709141,85.4738069114,226.165683583,183.714882897,211.968506368,211.968543472,211.968523729,211.968561316,211.968547966,52.2125257739,92.206292464,147.152093206,211.968306748,177.624959754,211.96857442,211.968431745,211.968494525,211.969461286,237.976782424
2011-08-04 05:00:00,110.385754816,211.96853037,211.968649317,215.03745003,74.6871287277,0.000236239523266,211.968557219,211.968552516,211.968540819,211.968503323,0.0247912901924,211.967090283,85.4738074339,226.165679861,183.714874958,211.968505777,211.968541623,211.968516085,211.968561646,211.96855206,52.2125259631,92.206294644,147.152092974,211.968298028,177.624959713,211.968577574,211.968428113,211.968465972,211.969438691,237.976735672
2011-08-04 06:00:00,110.385750615,92.2063347284,211.968651121,215.037291492,74.6871273286,0.000235829665168,211.968551672,211.968552041,92.2089998804,171.694501797,0.0200467650813,211.967088933,85.4738033816,226.165652757,148.809062082,211.968501249,211.967189128,171.69451622,211.968561529,211.9685765,52.2125265844,92.2063069037,147.152088378,211.968203783,177.624959474,211.968537795,211.933468256,211.968360922,211.968910475,237.976238948
2011-08-04 07:00:00,110.385744326,92.2063225109,211.96862274,174.180343738,0.0200087672798,0.000235224218059,211.968170755,211.96855608,92.2063220505,171.694491785,0.0200224701921,211.967079233,85.4737648565,183.194261279,148.809052942,211.968444925,171.694527775,171.694508754,211.968559043,211.968614119,52.2125255566,92.2062980012,64.0111585976,158.976355055,177.624956184,211.968234337,171.694437012,211.967598281,211.968519566,178.482643171
2011-08-04 08:00:00,110.385733594,92.206306248,92.2063821637,174.180309272,0.0199938879853,0.000234586850873,171.694127999,211.968556956,92.206314343,171.694414141,0.0200029048406,0.0153444328881,64.1053833363,183.194167792,148.809049334,171.694495636,171.694525487,171.694506022,211.96855133,211.968592962,52.2125230728,0.0158263934018,64.0111560823,158.976314071,133.218708587,158.976502802,171.694435152,171.694449314,211.96827224,178.482310282
2011-08-04 09:00:00,110.38567608,92.2062567627,92.206364751,174.180251917,0.0199836917232,0.000233827879889,92.2063369251,211.968557098,92.2062685894,0.0100399386649,0.0199975607552,0.0152765190947,64.1053274636,183.194145102,148.809044353,171.694490357,171.69452791,171.694509091,171.694531021,211.968546977,52.2125207788,0.0150613128017,64.0111389621,158.976216477,133.218705701,158.976397013,171.694427881,92.2100553796,171.696283591,103.520187221
2011-08-04 10:00:00,89.4124565569,92.2060913335,92.2063589367,161.278887367,0.0150010975169,0.000233130325133,0.0199801216265,211.968555791,0.0199954444679,0.0100260652907,0.0199960300689,0.0152666134613,0.0100305249842,0.0153408677487,148.809040478,171.694488543,171.694527588,171.694510684,158.976407609,211.968214451,52.2125173871,0.0150616207182,0.0100022990214,0.0101970650763,133.218703765,158.976342672,171.694422924,92.2065734821,171.695893411,103.519965493
2011-08-04 11:00:00,89.4122726098,92.2061313234,92.2063514793,161.278080795,0.015000486125,0.00023236345796,0.0150007035731,211.968553935,0.0199925783764,158.977099962,0.0199961682596,0.0101058028522,0.0100162479079,0.0100957826074,148.809043654,171.694486117,171.694525036,171.694519463,92.2063263634,92.2066806163,52.2125141202,92.2062715099,0.0100022883028,0.0100923320917,0.0150098849162,158.976243428,171.694418092,92.206593747,171.696032046,103.519977161
2011-08-04 12:00:00,82.7893572113,92.2063178573,92.2063618671,93.5423955749,0.0150007867898,0.000231584530297,0.0150028455795,211.965545613,92.2062350549,171.694490133,0.01999876783,0.0100152857953,0.0100194424308,0.0151366707378,148.809047445,171.694483253,171.694525406,171.694529233,92.2063253058,92.2063678721,52.2125170649,92.2062987002,0.0149888454571,0.0105558374277,0.0100088750261,158.976333062,171.694421786,171.694123632,171.696631345,103.520249109
2011-08-04 13:00:00,82.7893355254,92.2063233559,92.2063642048,174.180284528,0.0150032524762,0.000230821952897,92.2063397191,92.2063406772,92.2063069787,171.694497203,0.020007838081,0.0100229762487,0.0102941530066,183.19413067,148.809050848,171.694484646,171.694524697,171.694566577,92.2063448582,92.2063555788,52.2125138775,92.2063062171,64.0111441873,158.976260792,0.0149887541924,158.976333085,171.694425497,171.694534094,211.968299125,178.482266472
2011-08-04 14:00:00,89.4123281518,92.2063297437,92.2063691604,174.180313626,0.0199839273821,0.000230020331778,171.694126609,92.2063355643,92.2063171,171.694550184,0.0200348151651,0.01498692781,64.1053323362,183.194156315,148.809055357,171.69448915,171.694525474,211.967809518,171.694525335,0.0150164210865,52.2125116504,92.2063142613,64.0111560597,158.976322914,133.218682903,158.976351287,171.694433991,211.967924227,211.968501459,178.482513884
2011-08-04 15:00:00,89.4124656646,211.968420916,113.835019933,174.180377453,0.0199948820488,0.000229193226026,171.6941353,92.2063308304,92.2063265901,211.968511658,0.02481924357,0.0152655532425,64.1053951856,183.194180236,183.71485154,171.694495023,211.966336706,211.968476129,211.968540033,0.0150161935246,52.21251156,92.2104396384,64.0111583002,158.976373369,133.218705011,158.976441366,211.967734144,211.968398882,211.969143995,237.976264745
2011-08-04 16:00:00,110.38573049,211.968543504,113.835032369,215.037419813,0.0201935266026,0.000228417878923,171.694157162,92.2063395251,211.968450182,211.968523983,0.057075968828,0.0152764393434,85.4737782678,226.165617903,183.714879416,211.968498281,211.968538257,211.96852224,211.968557202,0.0150138827257,52.2125167535,211.968425023,147.152086577,211.966671928,133.218706675,158.976910816,211.968422929,211.968477542,211.969581533,237.976709576
2011-08-04 17:00:00,110.385747457,211.968549139,113.835186085,215.037448547,74.6871286716,0.000227701107453,211.965769359,92.2063337094,211.968472748,211.968527066,0.0570979498695,0.0154130974488,85.4738036932,226.165640459,183.714881687,211.968505691,211.968542538,211.968528408,211.968561348,92.2060561343,52.2125177778,211.968478637,147.152096865,211.966733603,177.624872864,211.968445828,211.968430132,211.968490978,211.969590885,237.976751126
2011-08-04 18:00:00,110.38575063,211.968551403,113.835015425,215.037459796,171.694530077,0.000226910378084,211.968423427,211.968528267,211.968476371,211.968527956,0.0571055364433,211.967088775,85.4738064715,226.165648207,183.714882854,211.968507023,211.968544356,211.968530626,211.968561279,92.2063758934,52.2125142304,211.96849029,147.152097549,211.966744547,177.624957524,211.968516593,211.96843361,211.968492177,211.969620303,237.976767332
2011-08-04 19:00:00,110.385750076,211.968552251,92.2063891495,215.037461773,171.69454306,0.000226133705974,211.968429192,211.968541528,211.968478045,211.968528672,0.0571068108955,211.967098472,85.4738083467,226.165650016,183.714882779,211.968507089,211.968544324,211.968530524,211.968561039,92.2067035419,52.2125102944,211.968501378,147.152097773,211.966747537,177.624958391,211.968524382,211.968433988,211.968497012,211.96965359,237.976769592
2011-08-04 20:00:00,110.385748739,211.968552438,92.2063678878,215.037460244,171.694545424,0.000225421049609,211.968229608,211.968540166,211.96847733,211.968528802,0.0571077629834,211.967100744,85.4738084841,226.165650118,183.714881944,211.968506864,211.968543852,211.968529569,211.968558917,211.968452527,52.2125083426,211.968504226,147.152097803,211.966748263,177.624958601,211.96852752,211.968433581,211.968486944,211.96959945,237.976744254
2011-08-04 21:00:00,110.385745727,211.968550683,92.2063653526,215.037457732,171.694546165,0.000224546793777,211.967820949,211.967202547,211.968477096,211.968528388,0.0571073045507,211.9671014,85.4738079783,226.165647953,183.714880886,211.968506676,211.968543372,211.968528402,211.968553442,211.968517976,52.2125065288,211.96850357,147.152097781,211.966747869,177.624958756,211.968530321,211.968432756,211.968475018,211.96946714,237.976718243
2011-08-04 22:00:00,110.385743312,211.968548587,92.2063635043,215.037454235,171.694546199,0.000223500585256,171.694669251,158.975143999,211.968476644,211.968527608,0.0571052996128,211.967101392,85.4738091024,226.165644772,183.714879415,211.968506588,211.968542301,211.968526609,211.968522555,211.968528949,52.212502484,211.968501845,147.152097722,211.966747167,177.624958811,211.96850629,211.968431811,211.968464174,211.969176765,237.976694644
2011-08-04 23:00:00,110.385741136,211.968546976,92.2063628003,215.037449957,171.694546582,0.000222631434913,211.968228013,92.2063305558,211.968476714,211.968526794,0.0571027598409,211.967101346,85.4738091202,226.165641546,183.71487781,211.968506391,211.968541216,211.968524433,92.2065856935,211.968535404,52.2124991859,211.968498669,147.152097659,211.966745782,177.624958848,211.968485023,211.968430642,211.968454693,211.968896753,237.976673361
2011-08-05 00:00:00,110.385739482,211.968547328,92.2063632623,215.037448261,171.694546408,0.000221822440212,171.694474783,92.2063312128,211.968477147,211.968525917,0.057095792062,211.967101356,85.4738089558,226.165638974,183.714878317,211.968506006,211.968539947,211.968521995,92.20656565,211.968531316,52.2124967606,211.968473804,147.152097587,211.966744555,177.624958921,211.968394518,211.968429174,211.968454211,211.968948993,237.976676489
2011-08-05 01:00:00,110.385737747,211.968545599,92.2063635665,215.037445194,171.694546616,0.000221069041018,211.968084135,92.206330911,211.968476463,211.968525206,0.057091196125,211.967101044,85.4738087142,226.165636971,183.71487825,211.968505698,211.968538867,211.96852002,92.2065626405,211.968538745,52.212495513,211.968399971,147.152097528,211.966742866,177.624958927,211.968428365,211.968427874,211.96844843,211.96885896,237.976662479
2011-08-05 02:00:00,110.385738507,211.968545092,92.2063640913,215.037439592,171.69454686,0.00022035356308,211.968517747,92.2063321027,211.968474737,211.968524214,0.0570884014606,211.967100681,85.4738081187,226.165633655,183.714877976,211.968505437,211.968537872,211.968517728,92.2065621685,211.968543979,52.2124949243,211.963706378,147.152097471,211.966741276,177.624958932,211.968492757,211.968426232,211.968440051,211.968877502,237.97664322
2011-08-05 03:00:00,110.385741381,211.968548331,92.2063653359,215.03743395,171.694547172,0.000219654593219,211.968529398,92.2063325663,211.968471045,211.968522579,0.0570863209879,211.967100183,85.4738085788,226.165628908,183.714877354,211.96850547,211.968536777,211.968514933,92.2065667312,211.968547941,52.2124931499,171.694752837,147.152097401,211.966739323,177.624958967,211.968538501,211.968423835,211.968459628,211.968970577,237.976654238
2011-08-05 04:00:00,110.385743748,211.968550109,92.2063680277,215.037426931,171.694547381,0.000219219751229,211.968535041,158.975290799,211.96846847,211.968519241,0.0570846028924,211.967099633,85.4738079008,226.165622311,183.714876974,211.968504861,211.968535606,211.968512176,113.83525539,211.968552921,52.2124888116,171.694598153,147.152097282,211.966738328,177.624958974,211.968562126,211.968420244,211.968475908,211.969433547,237.976649994
2011-08-05 05:00:00,110.385742154,211.96854887,92.2063784901,215.037406027,171.694547644,0.000218921575626,211.96853806,211.968413015,211.968454707,211.968499432,0.0570579266606,211.967098605,85.4738085753,226.165607465,183.714871322,211.968502514,211.968526852,211.968496781,113.835257587,211.968560401,52.2124871481,211.968181049,147.152097013,211.966730396,177.624958949,211.968550772,211.968399229,211.968438807,211.969409342,237.976560612
2011-08-05 06:00:00,110.385688714,211.968540194,92.2063817233,215.036716601,171.694547526,0.000218499397971,211.968538526,211.968554887,92.2063477466,171.694478348,0.0213184499231,211.967097598,85.4738065539,226.165299088,148.809067565,211.968450871,0.0103412871508,211.967726304,113.835251374,211.968618533,52.2124912938,211.968483609,147.152092107,211.96665581,177.624958738,211.968516526,0.0104741933333,211.968222251,211.968973178,211.969439233
2011-08-05 07:00:00,82.7891951202,211.968524134,92.2063696627,174.179722467,171.694546699,0.000217911528032,211.968531525,211.968556188,92.2063267917,171.694460162,0.0202759540441,211.967091388,85.4737930298,171.690442781,148.809048773,171.694020012,0.0101929351741,21.7284285408,92.2063398835,211.968646958,52.2124885163,211.968447102,110.364073829,0.01136476454,177.624956887,211.968406216,0.01034042164,92.2516275408,211.96853735,178.481802379
2011-08-05 08:00:00,82.7891525859,211.968396139,92.2063669435,174.179598608,171.694544616,0.000217282868842,171.694539463,211.96855713,92.2063171403,171.694423676,0.0202042345967,92.2059932437,85.4736580212,171.690385806,148.809045352,171.694013405,0.0101812137694,21.7284118013,92.2063264516,211.968627521,52.2124844213,211.967976195,110.364071775,0.0112971701542,62.5860988321,158.976689366,0.0103029130321,92.248411255,211.968306034,178.481531755
2011-08-05 09:00:00,0.010025252791,92.2063611725,92.20636605,0.0101728874642,171.694523354,0.000216583656128,171.694521795,211.968557798,92.2062975908,0.0100212156534,0.0200179144293,92.205531436,64.1054228778,158.976693811,148.809041884,171.694008602,0.0100153686708,0.0100757318199,92.2063243124,211.968579645,52.2124844041,92.206332623,110.364026174,0.0107440153566,62.5860758675,158.976521336,0.0100160967948,92.2063508115,171.696351659,103.520110435
2011-08-05 10:00:00,0.0100057703835,92.2063317204,92.2063678831,0.0100319721531,139.072582697,0.000215816557008,171.694519,211.968558076,0.0201604501857,0.0100208479204,0.0200129463386,92.2055201595,64.1053985043,0.0100261205271,148.809034359,171.693980476,0.0100065426483,0.0100125716667,92.2063198727,211.968564053,52.2124820153,92.2063062353,0.0100024612245,0.0100425030297,62.5860739673,158.976502183,0.0100082930388,92.2063274603,171.695870152,103.519826723
2011-08-05 11:00:00,0.0100050997879,92.2063295101,92.206378984,0.0106409295906,139.072571083,0.000215159524469,171.69452363,211.9685589,0.0206760221688,171.694346444,0.0202603513514,0.0149419804444,64.1053968402,0.0100223302924,148.809024777,158.976626266,0.0100066142671,0.0100099544351,0.0200212206386,211.968589406,52.2124819327,92.2062993232,0.0100029337523,0.0100341246364,0.0150051724653,158.976524733,0.0100084768811,92.2063165872,171.696135434,103.519948606
2011-08-05 12:00:00,0.0100086099686,92.2063339915,211.968536041,161.277844789,74.6942542728,0.000214405537158,171.694528413,211.968558758,92.2062957869,171.694452978,0.020261275908,0.0100378417784,64.1054042116,0.0100440125391,148.809036984,158.97623752,0.010017801779,0.0100725722642,0.0200018614999,211.968611663,52.2124871813,92.2062975499,0.0149988412579,0.0100727035433,0.0149946191997,158.976512158,0.0100263859751,92.2063487754,211.964457323,178.481316372
2011-08-05 13:00:00,82.7890787435,92.2063472839,211.968629458,174.179696045,74.6871344123,0.000213654510137,171.694575882,211.968559413,92.206322223,171.694462238,0.0202698780307,0.0101092857434,64.1054256598,158.976577504,148.809043767,171.694011873,0.0101819552083,21.7284184685,92.2063213866,211.968587979,52.212486681,92.2062918187,110.364066728,0.0112514925676,57.9501636706,158.976533138,0.0103263168475,92.2064367129,211.968346547,178.481605053
2011-08-05 14:00:00,82.7891705173,211.968500624,211.968645914,174.179725196,128.770879655,0.000212897160287,211.968516791,211.968562561,92.206340043,171.694466396,0.0245553757848,0.0150220775322,64.1060766803,171.690380488,148.809047802,171.69401522,0.0101917395712,21.7284237314,92.2063257616,211.968586197,52.2124860592,92.2062969282,110.364072106,0.0113083323774,62.5860733292,158.976543893,0.0103435880672,92.2498311716,211.968566173,211.968090901
2011-08-05 15:00:00,82.7892284256,211.968541203,211.968650491,174.179819725,139.072582095,0.000212139587317,211.968543174,211.968568744,211.968516282,211.968416306,0.0250155894836,92.2055150199,85.4737824028,171.690414291,183.712499941,171.694020611,0.0102256453478,21.7284444426,92.2064119061,211.96861375,52.212486232,92.2063073207,110.364074695,0.0113470398825,62.5860747672,158.977045032,0.0104806851612,211.968189575,211.969404362,237.975486468
2011-08-05 16:00:00,110.38564205,211.968549539,211.968651867,215.0367543,171.694530828,0.000211377144189,211.968554911,211.968570117,211.968544886,211.968473765,0.0250315418353,92.2055285146,85.4738036482,211.968326192,183.714873285,211.967916847,0.0202433325967,26.8252212763,211.968557344,211.968645297,52.2124881279,92.2063142039,147.152085468,0.0140240007053,62.5860757049,211.968393551,0.0183937328931,211.968436514,211.969572488,237.975800579
2011-08-05 17:00:00,110.38568298,211.968551798,211.968653732,215.036789058,171.694546474,0.000210682683486,211.968562473,211.968570448,211.96854766,211.968477109,0.0250348214574,92.2055818777,85.4738078315,211.968368649,183.714876173,211.967923681,0.0202519744794,26.8252281442,211.968561595,211.968656724,52.2124907345,92.2063436436,147.152088707,0.0140720860194,77.2667575804,211.968548468,0.01841525651,211.968457404,211.969581748,237.975852419
2011-08-05 18:00:00,110.385690637,211.968551331,211.968655604,215.036801765,171.694547891,0.000209942749921,211.96856611,211.968570375,211.968549143,211.968478193,0.0250373293405,211.967246896,85.4738086724,211.968378894,183.714877651,211.967924863,0.0202552578887,26.8252313987,211.968562663,211.968658026,52.2124851869,92.2063727873,147.152089267,0.0140806813299,77.2667603983,211.9685703,0.0184219812657,211.968461705,211.969567499,237.975830873
2011-08-05 19:00:00,110.385691421,211.968551598,211.968657004,215.036804598,171.694548445,0.00020912149037,211.968567521,211.968570177,211.968549536,211.968478818,0.0250326947882,211.967263688,85.4738093324,211.968382017,183.714877838,211.967925111,0.0202561837087,26.8252321964,211.968563403,211.968657872,52.212482766,92.206416811,147.152089424,0.0140835193574,77.2667607706,211.96860066,0.018423850997,211.968456796,211.969562471,237.975601137
2011-08-05 20:00:00,110.385691634,211.96855164,211.968656984,215.036803009,171.694548876,0.000208389586429,211.968567974,211.968570222,211.968549046,211.968478852,0.0250284555435,211.967267042,85.4738092139,211.968382564,183.714877478,211.96792507,0.0202564128576,26.8252318413,211.968563264,211.96866189,52.2124813124,92.2063567943,147.152089429,0.01408444143,77.2667608129,211.968607321,0.0184243608882,211.968436049,211.969463197,237.975365522
2011-08-05 21:00:00,110.385689364,211.968549807,211.968655801,215.036800439,171.694548855,0.000207471722486,211.968567566,211.968569825,211.968548264,211.96847846,0.0250228536095,211.967268124,85.4738087356,211.968380919,183.714876988,211.967924915,0.0202564398103,26.8252313148,211.968562781,211.968659457,52.2124792224,92.2063427066,147.152089393,0.0140831177754,77.266760821,211.968578041,0.0184242777769,211.968414801,211.968823427,237.974053704
2011-08-05 22:00:00,110.385687325,211.968547305,211.968653476,215.036797192,171.694548396,0.000206557679176,211.968566043,211.968568932,211.968547278,211.968477703,0.0250127837988,211.967268265,85.4738085793,211.968378562,183.714876534,211.967924758,0.0202560314483,26.8252303322,211.96856231,211.968649076,52.2124757065,92.2063538814,147.152089335,0.0140818842967,77.2667607566,211.968582009,0.0184238720008,211.968392929,211.968552448,211.967632216
2011-08-05 23:00:00,110.385684759,211.968545865,211.968651842,215.036793531,171.694548356,0.000205686069968,211.968564954,211.968567605,211.968546276,211.968476695,0.0249929827099,211.96726825,85.4738083784,211.968376194,183.714875933,211.96792461,0.0202555272144,26.8252289974,211.968562021,211.968633043,52.2124725483,92.2065050411,147.152089259,0.014080898813,77.266760665,211.968553335,0.0184232399871,211.96835916,211.968461611,178.478857141
2011-08-06 00:00:00,110.385683196,211.968542524,211.968651285,215.036791107,171.694548114,0.00020489355673,211.968564212,211.968566354,211.968544207,211.968475639,0.0249336165299,211.967267959,85.4738090556,211.968374282,183.714875502,211.967924256,0.0202549046739,26.8252278972,211.968561862,211.968602385,52.2124712973,211.968284703,147.152089178,0.014078677894,77.266760575,211.968559007,0.0184225980097,211.968352467,211.968422871,211.96841013
2011-08-06 01:00:00,110.385680385,211.968542517,211.968650774,215.036787702,171.694547918,0.00020411843876,211.968562717,211.968564048,211.968544496,211.968474497,0.0249043599454,211.967267922,85.4738090687,211.968372302,183.71487479,211.967923873,0.0202543472457,26.8252265291,211.968561756,211.968585281,52.2124687257,211.968433165,147.152089102,0.01407748991,77.2667604421,211.968554355,0.0184217906149,211.968329377,211.968365365,237.970232385
2011-08-06 02:00:00,110.38567892,211.968542838,211.96865013,215.036781348,171.694547811,0.000203411437508,211.968561845,211.968562265,211.968544722,211.968472826,0.0248998302887,211.967267758,85.4738083204,211.968369415,183.714873758,211.967923125,0.0202537534786,26.8252248278,211.96856168,211.968578738,52.2124668006,211.968466087,147.152088993,0.0140745890508,77.2667602831,211.968551746,0.0184207560302,211.968280515,211.968287052,237.970158547
2011-08-06 03:00:00,110.385678594,211.968545243,211.968648757,215.036774049,171.694547721,0.00020270149739,211.968560525,211.968562192,211.968544279,211.968469916,0.0248603166204,211.967267564,85.47380826,211.968365347,183.71487185,211.967922517,0.0202525344257,26.8252226394,211.968561662,211.968577152,52.2124660112,211.96847234,147.152088843,0.0140712667719,77.2667601441,211.968542965,0.0184185425819,211.968249617,211.96804625,237.964559108
2011-08-06 04:00:00,110.385678571,211.968544499,211.968646236,215.036762064,171.694547514,0.000202017460344,211.968559229,211.96856176,211.9685442,211.968463557,0.0248609906998,211.96726755,85.4738081208,211.968359054,183.714868753,211.967921575,0.0202509287679,26.825219036,211.968561861,211.968576882,52.2124631768,211.968483337,147.152088571,0.0140663880017,77.2667599111,211.968534817,0.0184152469707,211.968088832,211.967151152,211.969388818
2011-08-06 05:00:00,110.385674569,211.968540518,211.968642877,215.036718556,171.694547496,0.000201428618228,211.968557547,211.968562719,211.968542254,211.968270454,0.0242040603421,211.967267093,85.4738070992,211.968340804,183.714836634,211.967918457,0.0202438157527,26.8252023884,211.968561958,211.968575187,52.2124607729,211.968498335,147.152088022,0.0140534240545,77.2667595576,211.96851316,0.0184025269589,92.206428924,92.2123888959,92.2087750564
2011-08-06 06:00:00,110.385622344,211.968523999,211.968639591,0.0109826911942,171.694547349,0.000200955661917,211.968553637,211.96856414,211.968524074,0.0100450896465,0.0200161963118,211.967267079,85.4738015482,0.0110930367285,0.0102450866546,211.966825702,0.0102044067437,8.75505458358,211.968560079,211.968586711,52.2124614415,211.968506556,147.152068468,0.0135358025234,77.2667583381,211.968451713,0.0144703183861,0.01653926423,92.2068016921,92.2081965438
2011-08-06 07:00:00,82.789230406,211.968354715,211.968557231,0.0105292213848,171.694544864,0.000200617378247,211.968517161,211.9685649,92.2063312473,0.0100276403975,0.0200007914129,211.967264281,85.4736532881,0.0104439487951,0.0102306289237,0.0150647592441,0.0101646445455,8.75502539463,211.968554004,211.968605248,52.2124575051,211.968508935,0.0115058760666,0.0104963341565,0.0150363742031,211.968269461,0.0144205519602,0.0150126445333,92.2062717758,92.2071007169
2011-08-06 08:00:00,82.7891864675,92.2063740315,92.206383128,0.0104636624292,171.694527484,0.000200108644546,211.968019069,211.968564416,92.2063151496,0.0100064674557,0.0199917437621,211.967240783,64.1054175168,0.0104105687597,0.0101765499184,0.015054803537,0.0101543322224,8.75494591461,92.2063269153,211.968576088,52.2124531661,211.968509613,0.0115041486961,0.0104619389672,0.0150014584895,211.96816401,0.0143769314654,0.0149968420938,92.203326631,0.0201522353588
2011-08-06 09:00:00,82.7891718908,92.2063794628,92.2063685212,0.0100497468717,74.6871314743,0.000199472275536,211.968449408,211.968559303,92.2063096244,0.0100029107464,0.0199760779871,171.693506448,64.105395381,0.0100667445191,0.0100049639553,0.0150465328038,0.0100195568806,0.0100104980848,92.2063220591,211.968546983,52.2124484138,211.968509375,0.0113827805703,0.0103713748249,0.0150000471876,158.976402269,0.0112322321243,0.0149927219667,0.0150847157975,0.0201117047025
2011-08-06 10:00:00,82.7891409629,92.2063370687,92.206364099,0.0100217995828,74.687127897,0.000198735185666,92.2067398109,211.968555138,92.2063058038,0.0100023965384,0.019962825072,171.693490543,64.1053662911,0.010020644078,0.01000470874,0.0149872096343,0.0100075818001,0.0100062134421,92.2062880398,211.968523847,52.2124406657,211.968507956,0.0100015628435,0.0100616079187,0.0149981806187,158.976207426,0.0100278355617,0.0149925349699,0.0150683882093,0.0206754058611
2011-08-06 11:00:00,82.7853864177,92.2063757352,92.20636304,0.0100213532101,74.6870567353,0.000197990451016,92.2063399124,158.976567363,92.2063069545,0.0100029777332,0.019983063691,171.693488588,64.1053872369,0.0100182077547,0.0100066356156,0.0100400879381,0.0100080984753,0.0100084469426,85.3762138875,211.96851225,52.2124206485,211.968507757,0.0100013433619,0.0100291399422,0.0149949777976,92.2067629141,0.0135601436798,0.0149986228645,0.0153121760799,92.2070827081
2011-08-06 12:00:00,0.0100853596142,92.2063349208,92.2063637987,0.0100469064501,74.6870435712,0.000197222446419,92.2063182846,211.968540296,92.2063091131,0.0100058654927,0.0199930056476,171.693486909,64.1054162532,0.0100377146937,0.0102071469965,0.0147479182966,0.0100428477976,8.75494297966,85.3762182571,211.968529854,52.2124378442,211.968508381,0.0100031071543,0.0100420893835,0.0149933039044,158.975862475,0.0144012944143,0.0150078531152,0.015129657997,92.2081822671
2011-08-06 13:00:00,0.0149751969744,92.2063556665,92.2063609993,0.010451404138,74.687127526,0.000196524563827,92.2062608016,92.206333179,92.2063136454,0.0100264154353,0.0200007834368,171.693486645,85.4723350877,0.0103870165896,0.0102300611849,0.0149990438979,0.0101573861919,8.75502403375,92.2062883037,211.968490921,52.2124348351,211.968506353,0.0115029534724,0.0104136087235,0.0149966941642,158.976807398,0.0144133190109,0.015062729453,92.2058859081,92.208513597
2011-08-06 14:00:00,82.7891564812,211.967743643,92.2063612932,0.0105219341832,74.6871282864,0.000195806255065,92.206209245,92.2063264997,92.2063188728,0.0100385555081,0.0200109422666,171.693487251,85.4737774405,0.0104313627994,0.010238437099,0.015050577219,0.0101654239879,8.75503550478,92.2063203794,211.968409856,52.2124413144,211.968505296,0.0115046294549,0.0104682165355,0.0149992647382,211.968050165,0.0144271482087,92.2057305801,92.2066200375,92.2109511047
2011-08-06 15:00:00,82.789193313,211.968520592,92.2063662308,0.0106991592511,74.6871331247,0.000195181324572,92.206319803,92.2063258831,113.834940743,0.0108602765423,0.0200727453311,171.693488231,85.4737958029,0.0105293546284,79.9124423385,0.015059747737,0.0101972769538,8.75518169322,92.2063238241,211.968422694,52.2124491562,211.968504709,0.0115065703112,0.0105098380425,0.0150003586743,211.967582229,0.0145510633409,92.2062820252,92.2144829582,211.969362034
2011-08-06 16:00:00,110.385473156,211.968538501,92.2064623741,93.5402507962,74.6871316584,0.000194526272826,92.2063437585,92.2063260218,113.834950938,0.0133284681023,0.0247549609622,171.693491036,85.4738037366,0.0200232683743,79.9162240063,92.2062570814,0.0185354315095,11.673150268,113.834922626,211.968514556,52.2124537098,211.968501565,0.0151380086817,0.0131762693225,0.0150016429825,211.968053254,0.0182795892634,92.2063361494,211.968334689,211.969818081
2011-08-06 17:00:00,110.385548816,211.96854195,113.8350025,93.5403278398,74.6871309621,0.000193802683433,113.834880279,158.976000458,113.834951716,0.0133347075301,0.0247656678925,211.967069448,85.473807058,0.0200693907295,79.9162294122,92.2062883308,0.0185455901335,11.6731610476,113.834927371,211.968533229,52.2124578965,211.968484792,0.0151437166481,0.0132468277424,0.0150513008553,211.96782362,0.0182946696241,92.2064286332,211.968484004,211.969951248
2011-08-06 18:00:00,110.385556751,211.968540643,113.835302257,93.5403463276,74.6871347091,0.00019310574258,113.834882588,211.968553804,113.834949183,0.0133365935271,0.0247819734991,211.96726297,85.4738081826,0.0200812417768,79.9162314571,92.2062913942,0.018548853158,11.6731650078,113.834925596,211.968537362,52.2124566566,92.2063688749,0.0151443245778,0.0132600437115,77.2666939989,211.968267834,0.0182997054952,92.2063106238,211.968439149,211.970055832
2011-08-06 19:00:00,110.385557914,211.96853603,113.834995844,93.5403508279,92.2061440596,0.000192364128889,113.834878501,211.968554141,113.834947903,0.0133378571033,0.0247738019656,211.967267182,85.4738089809,0.0200841947812,79.9162320713,92.206292253,0.0185498989566,11.6731661169,113.834925122,211.968555824,52.2124545055,92.2063500695,0.0151445026415,0.0132640514294,77.2666949455,211.96825908,0.0183015393705,92.2063112633,211.968516551,211.970050764
2011-08-06 20:00:00,110.385557861,211.968534298,92.2063669701,93.5403501608,74.6872474711,0.000191744394314,113.834868266,211.968553762,113.8349436,0.0133382273607,0.0247702298616,211.967267902,85.4738087535,0.0200837126041,79.9162320952,92.2062926107,0.0185500785613,11.6731658361,113.834923038,211.968565853,52.2124541363,92.2063222186,0.0151445258347,0.0132652841583,77.2666951661,211.968235772,0.0183022675505,92.2063153124,211.968519067,211.969912077
2011-08-06 21:00:00,110.385555503,211.968533347,92.2063640844,93.5403486675,74.6871313746,0.000191033503674,113.83485074,211.968537481,113.834933605,0.0133380842258,0.0247669347588,211.967267684,85.4738086868,0.0200820300384,79.9162319777,92.2062926432,0.0185501745129,11.6731654791,113.834921013,211.968569358,52.2124545746,92.2063121637,0.0151445137734,0.0132644033662,77.2666952775,211.968204905,0.0183026546019,92.2063218833,211.968458314,211.969817248
2011-08-06 22:00:00,110.385553687,211.968529214,92.2063604696,93.5403454934,74.6871290333,0.000190074449617,113.834795352,92.2063279766,113.834799039,0.0133374836227,0.024763397495,211.967267113,85.4738092829,0.0200796634951,79.9162317889,92.2062922931,0.0185500940539,11.673164582,92.2063242406,211.968560695,52.2124507553,92.2063080546,0.0151444675924,0.0132632896249,77.2666953003,211.968191428,0.0183027867228,92.2063227956,211.968393376,211.96971032
2011-08-06 23:00:00,110.385551093,211.968528217,92.206354284,93.5403429333,74.6871290637,0.000189239068267,92.206468612,92.2063243187,92.2063299573,0.013336821977,0.0247583351674,211.967266203,85.4738089072,0.0200778673133,79.9162315394,92.2062920166,0.018549908031,11.6731636748,92.2063218618,211.968556267,52.2124475868,92.2063076596,0.0151443996798,0.0132650547376,77.2666952975,211.968185893,0.0183024047386,92.2063293191,211.968352194,211.969497461
2011-08-07 00:00:00,110.38554986,211.968520831,92.2063602533,93.5403408997,74.6871286808,0.000188486978431,92.2063315421,92.2063172138,92.2063214207,0.0133360398932,0.0247483946027,211.967265304,85.4738085758,0.0200762022836,79.9162312643,92.2062920679,0.0185491751099,11.6731626731,92.2063210338,211.968536043,52.2124455582,92.2063104996,0.0151442799277,0.0132642124291,77.2666952803,211.96795478,0.0183018868827,92.2066612592,211.968367492,211.968439649
2011-08-07 01:00:00,110.385547214,211.968528729,92.2063401709,93.5403373636,74.6871287485,0.00018773466951,92.2063295417,0.0150588581684,92.2063198094,0.0133351266351,0.0247433988732,211.967264329,85.4738082306,0.0200733731806,79.9162307584,92.2062931699,0.0185489698505,11.6731615727,92.2062983109,211.968538768,52.2124410816,92.206310229,0.0151441715627,0.0132631792556,77.2666952608,211.96801729,0.0183012170135,92.2066241822,211.968364666,211.966539557
2011-08-07 02:00:00,110.385545261,211.968526627,0.0201252627185,93.5403322956,74.6871284353,0.00018712763254,92.2063298361,0.015035948624,92.2063168464,0.0133339131928,0.0247394606291,211.967263406,85.473807757,0.0200689999908,79.9162300059,92.2062940299,0.0185487308267,11.6731599724,0.0200412815787,211.968544586,52.2124362288,92.2063033025,0.0151440275108,0.0132609819691,77.2666952229,211.968019235,0.0183004073648,92.2066174351,211.968342732,92.2071582527
2011-08-07 03:00:00,110.385545679,211.968520553,0.0200773084958,93.5403246583,74.6871284302,0.000186396928904,92.2063246636,0.0150094855563,92.2063138997,0.0133318566414,0.0247289009839,211.96726227,85.473807763,0.020063513038,79.9162286048,92.206293905,0.0185481082602,11.6731577314,0.0200247562016,211.968550093,52.2123930798,92.2062877899,0.0151438314603,0.0132577915437,77.2666951654,211.96792503,0.0182989556486,92.2066333343,211.968224849,92.2070190983
2011-08-07 04:00:00,110.385546539,211.968496153,0.0200155415685,93.5403115499,74.6871283971,0.000185722151101,92.2062759816,0.0150031935348,92.2063083455,0.0133277989762,0.0247190799403,211.967260853,85.4738077767,0.0200539659078,79.9162261024,92.2062938983,0.0185473928767,11.6731543617,0.0200135139704,211.968553589,0.0150308470835,0.0150436585928,0.015143435472,0.0132521286525,77.2666950246,211.967587434,0.0182968044186,92.2065406228,211.96810546,92.206995997
2011-08-07 05:00:00,110.385544329,92.217861634,0.0200036855535,93.5402699373,74.687128325,0.000185128736365,0.0200013391158,0.01500086107,0.0200776594207,0.0132347926541,0.0200516960751,211.967257762,85.4738077524,0.020028077246,79.9162027341,92.2062931857,0.0185431487286,11.6731364933,0.0200075466454,211.9685516,0.015002944392,0.0150069388477,0.0151425795774,0.013236645473,77.2666948267,92.2284217144,0.0182890428969,92.2063343057,211.967459218,92.2069268478
2011-08-07 06:00:00,110.383585833,92.2063901331,0.0200017753458,0.0109457234504,74.6871281542,0.00018462869107,0.0198255554475,0.0150005427362,0.0199964003805,0.0100345061805,0.020002979925,211.967254309,85.473807999,0.0150448635907,0.0100530093284,92.2051649847,0.0150275939091,0.0100964213428,0.0200056167256,211.968550568,0.0150104601746,0.015004535471,0.0149573323092,0.013002557494,77.2666943336,0.015608412707,0.0148218942695,92.2062990388,92.2069143742,0.0209035086909
2011-08-07 07:00:00,89.4122472631,92.206325376,0.0199982663756,0.0106336174623,0.0200102786211,0.000184244483027,0.0197905287143,0.0150002195012,0.0199850964565,0.010020986076,0.0199937715656,211.967235984,85.4738059542,0.0149459134291,0.0100396887777,74.6871001427,0.0150184624128,0.0100696591155,0.0200016202893,211.968557076,0.0150052885894,0.0150018213911,0.0112365078345,0.0105430206166,77.2666873026,0.0153365913572,0.0148033285993,92.2059780561,92.2066037012,0.0200627828116
2011-08-07 08:00:00,82.7892478996,92.2063189231,0.0199882505334,0.0105649572872,0.0150141199767,0.000183761571499,0.0197685200904,0.015000150992,0.0150047975642,0.0100050637799,0.0199813081654,0.0101662467071,85.4737930996,0.014896756743,0.0100100450675,74.6870975484,0.0149813740879,0.0100391918645,0.0200001556105,211.968546264,0.015006100327,0.0150012919902,0.0112347615328,0.0105050427701,0.0149799956748,0.0151549912513,0.014003629599,74.6872478457,92.2045434171,0.0196676942282
2011-08-07 09:00:00,82.7891957446,92.2062263426,0.0199488053134,0.0100415412665,0.0150008486356,0.000183224434631,0.0150042351983,0.0150000517684,0.0149995444652,0.0100024924852,0.0199203829202,0.0100612020695,85.4737554899,0.012991713639,0.0100037969032,74.6870941213,0.0100198186353,0.0100072534893,0.0199995770424,211.968525273,0.0150126010672,0.015001203024,0.0111573848693,0.0102375431459,0.0149772390626,0.015019318634,0.0100261115228,74.6868319189,0.0151562389328,0.015027599294
2011-08-07 10:00:00,0.0150393746798,0.015083432369,0.0150051706827,0.0100196258802,0.0149998540858,0.000182601843948,0.0149996136654,0.0149999900899,0.0149985386867,0.0100021750555,0.0197032222422,0.0100389716924,64.1058291553,0.0100308620455,0.0100032408115,69.1729791908,0.0100086274074,0.0100049639551,0.0199988216197,211.968431384,0.0150062981503,0.0150011663658,0.0100014066376,0.0100324639315,0.0149745607905,0.0149770059672,0.0100118823442,74.6853209925,0.0150502308859,0.0149984108511
2011-08-07 11:00:00,82.7886769837,0.0159280936459,0.0150008468006,0.0100197094514,0.0149996275442,0.000181941160887,0.0149990157529,0.0149999995804,0.0149996940726,0.010002740808,0.019911993373,0.0100060984091,64.1054888937,0.0100260570025,0.0100039194676,74.6870835701,0.0150102975274,0.0100051208774,0.0199978260217,158.977261285,0.0150036949328,0.0150011573574,0.0100009319363,0.0100254586975,0.0100039407826,0.0149400213918,0.0100620422328,74.6870965173,0.015098850295,0.015547304773
2011-08-07 12:00:00,82.7892175916,92.2063040756,0.0150096112627,0.0104749003845,0.014999693367,0.000181254389802,0.0150052819375,0.0150001463151,0.019958638943,0.0100056672971,0.019982903054,0.0100038087669,64.1054668572,0.0148953089922,0.0100105531928,74.6870987396,0.0150236064106,0.0100093140086,0.0199979256107,92.2067532223,0.0150164496925,0.0150013031632,0.0100014639372,0.0100379521773,0.0100012468731,0.0149084123025,0.0147937400651,74.6873353678,92.2064461042,0.0206870665437
2011-08-07 13:00:00,89.4122390539,92.2063249979,0.0150067961182,0.0105937724853,0.0149997792207,0.00018062260021,0.0197641085673,0.015000463191,0.0199908082994,0.0100204495377,0.0199952764472,0.0100044866484,85.4737157294,0.014937043267,0.010038898401,74.6871042576,0.0150263247432,0.0100614812342,0.0199991018309,158.976107278,0.0150046750144,0.0150014610801,0.0112344376339,0.0104241884148,0.0100033864079,0.0149564700098,0.014811586899,92.2086072725,92.2068104613,0.0204093475581
2011-08-07 14:00:00,89.4122877386,211.968470253,0.0198281056658,0.0106232556351,0.0149999381279,0.000179982504893,0.0198014322689,0.0150004356657,0.0200017254242,0.0100329860677,0.0200059853465,0.0100094992448,85.4737969708,0.014947809865,0.0100481527678,74.6871252901,0.0150322712634,0.0100788255556,0.0199999041492,211.967918845,0.0150021301814,0.0150015677408,0.0112355219134,0.0105230836822,0.014970821122,0.0149920089941,0.014904149756,92.2069242075,92.206967736,0.0209191125534
2011-08-07 15:00:00,110.385678782,211.96854111,0.0199954706374,0.0107847078364,0.0150002401303,0.000179389625197,0.0199879044058,0.0150009049865,92.2063090952,0.0115549438973,0.0201060395615,0.0100502661274,85.4738013306,0.0149967614701,79.9155937605,92.2063424538,0.0150667383141,0.0102298466508,0.0200024462572,211.967996591,0.015004496482,0.015002487464,0.0112377994958,0.0106202671414,0.0149767764387,0.0150314386384,211.967889892,92.2064672827,113.834730583,92.206874517
2011-08-07 16:00:00,110.385724523,211.968543626,0.0200033548317,93.5400249765,0.0150014296449,0.000178777639544,0.034512734987,92.2062830191,92.2063251528,0.0135923323169,0.0248344247738,0.0100614385821,85.4738060393,98.3802584135,79.9163089164,92.208737676,0.0460109236223,11.6731884857,0.0212523843697,211.967104644,0.0150264011928,0.0150047135584,0.0149714971006,211.968517824,0.0149783712084,0.0151023886062,211.968462909,92.2063006959,113.835250259,92.2068868025
2011-08-07 17:00:00,110.385736969,211.968540739,92.2063412409,93.5401146738,0.0185145060369,0.000178194534995,92.2063066424,92.2063237959,211.968471425,0.0135989457943,0.0248539041408,0.0101920093209,85.4738081148,98.3803686656,79.9163139578,92.2087508972,0.0460275504053,11.6732013227,92.2063210635,211.968378835,22.7125821602,0.0150491476913,0.0149790510623,211.968735187,0.0150007850531,0.0200156062278,211.968492602,92.2062478152,113.834850252,92.2068852085
2011-08-07 18:00:00,110.385747733,211.968527846,92.2063575424,93.5401336729,0.0185242514117,0.00017751811741,92.2063128385,211.968553473,211.968505139,0.0136010906949,0.0248626305271,92.2056890766,85.4738091227,98.3803836522,79.9163159135,92.2087545473,0.0460321817328,11.6732056273,92.2063222418,211.968531664,52.2122354679,0.0152028648114,0.0149797792876,211.968775745,77.2667740269,0.020068296456,211.968504269,92.2061730845,92.207379647,92.2068950174
2011-08-07 19:00:00,110.385750702,211.968084838,92.2063617421,93.5401391115,0.0185412953,0.000176820161756,92.2063178109,211.968556444,211.968520194,0.0136023752794,0.0248628570866,92.2057002104,85.4738099893,98.3803878296,79.9163164558,92.2087558401,0.046033524188,11.6732069171,92.2063225696,211.968539232,22.7125799833,92.2062111567,0.0149800112641,211.968787894,77.2667752524,0.0201041134784,211.968507211,92.2058686519,92.2073380835,92.2069065672
2011-08-07 20:00:00,110.385751598,92.2063293717,92.2063636165,93.5401390013,0.0185456367941,0.000176253568421,92.2063182162,211.968555878,211.968522331,0.0136027194637,0.0248626991713,92.2057028222,85.4738097277,98.3803888393,79.916316399,92.2087564167,0.046034380684,11.6732068046,92.2063225722,211.96854272,22.7125577377,92.2062806375,0.0149800707518,211.96879104,77.2667755357,0.0201128742818,211.968511074,74.6863969801,92.2068060049,92.2069418286
2011-08-07 21:00:00,110.385748533,92.2063226428,92.2063654171,93.5401375649,0.018522763185,0.000175436751891,92.2063175437,211.968554741,211.968523132,0.0136024905064,0.0248601372828,92.2057035944,85.4738091421,98.3803881354,79.9163162207,92.2087567349,0.0460346087342,11.673206431,92.2063224554,211.968543194,22.7125669548,92.2062500682,0.0149800779536,211.968791618,77.2667756666,0.0201080418463,211.968513506,74.6860667049,92.206764968,211.966066966
2011-08-07 22:00:00,110.385747058,92.2063076452,92.2063663245,93.5401343818,0.0185209091927,0.000174511231345,92.2063155889,211.968545848,211.968523304,0.013601786646,0.0248571118043,92.2057037869,85.4738099324,98.3803859755,79.9163160553,92.2087569498,0.0460344349304,11.673205686,92.206322677,211.968528765,22.7125526154,92.2060263158,0.014980051672,211.968789403,77.2667757095,0.0200958987604,211.968514674,74.6836690869,92.2067671053,211.968546184
2011-08-07 23:00:00,110.385745327,0.0150694159255,92.2063665922,93.5401319381,0.0185171589231,0.000173609117073,92.206314076,211.968327144,211.968523308,0.0136010696013,0.0248536498919,92.2057037386,85.4738098815,98.3803847103,79.9163159405,92.2087570118,0.046034395847,11.6732045353,92.2063230551,211.96849508,22.7125308905,74.6873832109,0.01498000538,211.968798286,77.2667757449,0.0200890977614,211.968514285,0.0153059637606,92.206945563,211.96888937
2011-08-08 00:00:00,110.385743525,0.0150047192002,92.2063640353,93.5401299215,0.0150979257451,0.000172861662603,92.2063102402,92.2063268993,211.968522908,0.0136000914404,0.0248494671695,92.2057034236,85.4738096252,98.3803843001,79.9163152803,92.2087569079,0.0460343695428,11.6732037452,92.2063223227,211.96784982,22.7125758988,92.2062633884,0.0149799466568,211.968798694,77.2667757457,0.0200721212064,211.968515376,0.0150290674237,92.2070767361,211.968508741
2011-08-08 01:00:00,110.385742854,0.0150015911275,92.2063627565,93.5401279346,0.0150055320309,0.000172193503703,92.2063037645,92.2063242304,211.968523469,0.0135994867173,0.0248462851345,92.2057031182,85.4738094253,98.3803839746,79.9163151103,92.2087569372,0.0460344318605,11.6732026616,92.2063217651,92.2063987744,22.7125786675,92.2062624488,0.0149798820755,211.968798421,77.2667757647,0.0200538075152,211.968516346,0.0187136391344,92.2080911285,211.969065547
2011-08-08 02:00:00,110.385746817,0.0150010024604,92.2063615756,93.5401236177,0.0150029788124,0.000171652447178,92.2063049982,92.2063233594,211.968523055,0.0135983930497,0.0248448192031,92.2057027797,85.4738090108,98.3803821005,79.9163149702,92.2087570261,0.0460345428392,11.67320132,92.2063215089,92.2063758134,22.7125523877,92.2062725133,0.0149798063203,211.968791084,77.2667757693,0.0199613677685,211.968517494,74.6860557918,92.2094640032,211.969216677
2011-08-08 03:00:00,110.385753933,0.0150009527105,92.2063629846,93.540118045,0.0150025501514,0.000171084050697,92.2062903633,92.2063221375,211.968521515,0.0135968003092,0.0248422510891,92.2057025247,85.4738088784,98.3803810568,79.9163143913,92.2087572614,0.0460346449297,11.673199625,92.2063218415,92.2063711226,22.6943415044,92.2062900112,0.0149797206827,211.968796072,77.2667757822,0.0151226583054,211.968518514,92.2051461973,211.967585814,211.969323469
2011-08-08 04:00:00,110.385763622,0.0150004378201,92.2063641739,93.5401098651,0.0150025055888,0.000170895736243,92.2054790114,92.2063179176,211.96852181,0.0135931828563,0.0248396692274,92.2057020846,85.4738098688,98.3803797378,79.916313411,92.2087569518,0.0460351663815,11.67319745,92.2063224373,92.2063669883,0.0150052507986,92.206296096,0.0149795724032,211.968805104,77.2667757539,0.015013347125,211.968520587,92.205858604,211.968375147,211.969421078
2011-08-08 05:00:00,110.38577176,0.015000164844,92.2063654368,93.5400814992,0.0150018977384,0.00017074518387,0.0198848537901,0.0150626495698,211.968521113,0.0135232753731,0.0248111575082,92.2057010383,85.4738103608,98.3803751461,79.9163030014,92.2087554455,0.0460334913846,11.6731854833,92.206322613,92.2063577662,0.0150020013008,92.2062908475,0.0149792465223,211.968807963,77.2667756354,0.0150079437708,211.968517511,92.2062084625,211.968554192,211.969540805
2011-08-08 06:00:00,110.385773321,0.0150000764678,92.2063679424,70.1551551962,0.0150007589914,0.000170389669429,0.0150681673624,0.0150012702985,211.968512026,0.0100488998262,0.0200435976719,92.2056997081,85.4738093968,79.688122523,64.7320124169,92.208750287,0.0373696587054,0.0121983746557,92.2063212442,0.0151400479148,0.0150021067969,92.2063000954,0.0149750871543,211.968737631,77.2667752769,0.0150068966332,211.968391302,92.2062491998,211.968588407,211.969421071
2011-08-08 07:00:00,110.385771939,0.0149999154433,92.2063637368,70.1548242088,0.0150001337908,0.000169881330812,0.0150508419308,0.0150003218978,92.2063445202,0.010033864192,0.0200197180245,92.2056904631,85.473801463,79.6881007612,64.7319975577,92.2087273389,0.0372892075714,0.0121633036444,92.2062920484,0.0150314610569,0.015002149789,92.206297687,0.011251659199,211.967851296,77.266771146,0.0150042880755,171.694510512,92.2050175422,211.968547991,211.969279861
2011-08-08 08:00:00,110.385771973,0.0149996498236,92.2063453217,70.1547673745,0.0149999030464,0.000169297266614,0.0150357448384,0.0150000427977,92.2063180487,0.0100092922255,0.0200010624603,0.0143814530343,85.4737701458,79.6880906066,64.7319640608,92.2063046388,0.0372845163942,0.0121230918717,0.0200026077762,0.0150197723684,0.015002620114,92.2062929384,0.0112497019621,171.695047945,0.0132449600449,0.0150036158527,171.694510517,0.0154177626825,211.96846304,211.968798392
2011-08-08 09:00:00,110.385771496,0.0149993719933,0.0200020497886,0.0101139845421,0.0149996756307,0.000168635023412,0.0150266601312,0.0149999280313,92.206314761,0.0100036707035,0.0199920394721,0.0143416102408,64.1055610904,73.7852768335,0.0100112161161,74.6888552688,0.0372834249859,0.0100123057456,0.0199997346117,0.0150174530423,0.0150032309088,92.2062444423,0.011235204168,171.694745459,0.0132404314674,0.0150021150359,171.694514932,0.016574065304,211.968266369,158.976800495
2011-08-08 10:00:00,110.385766472,0.0149990191424,0.0199949940285,0.0100341190505,0.0149994206843,0.000168025530763,0.0150140553204,0.01499988644,92.2063125916,0.010003121686,0.0199853393448,0.0143262591012,64.1054524715,0.0141462994211,0.010007745468,74.6888388472,0.0372794746767,0.0100070090534,0.0199983144795,0.0150169356232,0.0150040004234,92.2058481646,0.0100011856312,171.694732599,0.0132391432222,0.0150016821476,171.694511643,0.0204487910498,211.967643779,158.976403943
2011-08-08 11:00:00,110.385763652,0.0149987144769,0.0199671754529,0.0100595236981,0.0149992980415,0.000167417644136,0.0150041985448,0.0149998831573,92.2063139822,0.0100039581027,0.0199878621875,0.0100138421954,64.1054559163,73.7852021277,0.010030708413,74.6888438884,0.037282656398,0.0100076041212,0.019998158411,0.0150193607639,0.0150051630731,92.2062849565,0.0100006533968,171.694708377,0.0127535348531,0.0150039013521,171.694513919,0.0152747409774,211.96830602,158.976392992
2011-08-08 12:00:00,110.385767345,0.014998737492,0.0199666169843,70.1545910842,0.0149993650059,0.000166754987079,0.0150026832047,0.0149999071739,92.2063170004,0.0100094756612,0.0199956893249,0.010006949601,64.1054658311,79.6880946099,64.7319789107,92.2062875029,0.0372876429043,0.0120992206791,0.0199986417576,0.0150081386004,22.7125490249,92.2063111703,0.0100012066448,171.694719026,0.0100033900088,0.0150017322615,171.694522207,0.0162534656759,211.968305298,158.976470956
2011-08-08 13:00:00,110.385765532,0.0149990774775,0.0199744856229,70.154770613,0.0149994610596,0.00016605341937,0.0150000284739,0.0149998590189,92.2063261942,0.0100328571423,0.0200087944972,0.0100090429172,64.105469268,79.6881025015,64.7319965345,74.6888436195,0.0459657625852,0.0121570429575,0.0199986231735,0.0150039822299,22.7126047596,92.2063229909,0.0112449662252,171.694737867,0.0100092242122,0.0150036646094,211.9683513,0.0150137334194,211.968503529,158.976475017
2011-08-08 14:00:00,110.3857646,0.014999851149,0.0199713712814,70.1548145464,0.0149995736461,0.000165401473064,0.0150001815771,0.0149998750883,113.834956022,0.0100460652589,0.0200393129645,0.0101939459949,85.4737678421,79.6881130761,64.7320052284,74.6888329063,0.0460290055252,0.0121723966214,0.0199992787913,0.0150028588055,52.2123731785,92.206689966,0.0112498349653,171.6947576,0.0132376490612,0.0150131586255,211.96851741,0.0150475816215,211.968555721,211.920778423
2011-08-08 15:00:00,110.385763273,0.015002032462,0.019989400044,70.1549955488,0.0149997788797,0.000164675586636,0.0150065202367,0.0149999154047,113.834960365,92.1921199238,0.024821944102,0.0143360387024,85.4737905591,98.3780805376,183.714752835,74.688865757,0.0460308604629,26.8149870384,0.0199999117664,0.0150063670981,52.2123949791,92.2067145102,0.0112519425588,211.968430708,0.0132397684373,0.0150173929897,211.968523434,0.0257452254768,211.968827049,211.968538296
2011-08-08 16:00:00,110.385759644,0.0150620143558,0.0199987409405,215.037688448,0.0150000800795,0.000163972743493,0.0150344515776,0.0149999893125,113.834959484,92.2061301564,0.0570230385084,0.0143454864547,85.4738036267,98.3803981461,183.714884133,92.2080714069,0.0460305754867,26.835401371,0.0200010725347,0.0150216883849,52.2124020499,92.2063458425,0.0149846655498,211.968825832,0.0132411109067,0.0150517118404,211.968524114,211.96335445,211.969150158,211.968538452
2011-08-08 17:00:00,110.385753687,92.206277906,0.0200036403366,215.037823391,0.0150027157356,0.000163322562804,0.0199849187364,0.0150001363708,113.834956618,92.2061370558,0.0570404394971,0.015019403408,85.4738093063,98.3804127693,183.714889214,92.2084153482,0.0460307328561,26.8354106706,0.0200513249669,92.2063349965,52.2124074144,92.2063129585,0.014988560652,211.968850312,0.0150007959382,0.015302102607,211.968523864,211.965894527,211.969122796,211.968379419
2011-08-08 18:00:00,110.385752885,92.2063023714,0.0200039399381,215.037846756,0.0200060221502,0.000162685016785,0.0200017392535,0.0150006610693,113.834948929,92.2061391906,0.0570517415635,211.965752224,85.473810734,98.3804196043,183.714891298,92.2084174943,0.0460301763424,26.8354140717,0.0246831319647,92.2067230118,52.2124143607,92.2063160038,0.0149891136242,211.968855843,0.0163468991199,0.0198833771092,211.968523857,211.965821987,211.96901574,211.968421456
2011-08-08 19:00:00,110.385740738,92.2062004533,0.0200052314279,215.037852917,74.687112324,0.000162132313924,0.0200045408194,0.0150040348587,92.2063169563,92.2061404589,0.0570501751016,211.965759776,85.4738113088,98.3804209774,183.714891913,92.2084137997,0.0460293298844,26.8354151484,0.0246773440928,211.968502911,52.2124105356,92.2063119175,0.0149892759122,211.968856973,0.0163473714249,0.0199429355002,211.968522428,211.965607197,211.968840165,211.968350132
2011-08-08 20:00:00,110.385729239,92.2054835925,0.0200050249235,215.037853875,74.6871161732,0.000161460572988,0.0200031904897,0.0151371288226,92.2063086219,92.2061409244,0.0570474537612,211.965761765,85.473811057,98.3804202119,183.714891838,92.2084110692,0.0460293788457,26.8354149006,0.0200036458472,211.968539552,52.2124134896,92.2063083494,0.0149892813986,211.968856206,0.0163474130923,0.019954471105,211.968520562,211.966054934,211.968687471,211.968066879
2011-08-08 21:00:00,110.385707393,0.0151527946272,0.0200043343376,215.037852267,74.687116851,0.000160576252413,0.0199988316086,0.0200080082532,0.0214320640386,92.2061405681,0.0570444769625,211.965762259,85.4738104353,98.3804190816,183.714891641,92.2083787458,0.046027790804,26.835414463,0.020000927914,211.968544324,52.2124133316,92.2063062906,0.0149892543169,211.968853808,0.0163474458927,0.0199106313092,211.968518,211.966064264,211.968510865,92.2069045047
2011-08-08 22:00:00,110.385683231,0.0150670869449,0.0200034377707,215.037849919,74.6871166996,0.000159691886483,0.019992178823,0.0199802204008,0.0200051797648,92.2061400422,0.0570411664351,211.965762159,85.47381073,98.3804153574,183.714891579,92.2079837704,0.0460242250948,26.8354134846,0.0200003417101,211.968539496,52.2124047956,92.2063033415,0.0149892107771,211.968855799,0.0163474012695,0.0197515784945,211.968514394,211.966081189,211.968242156,92.2068244127
2011-08-08 23:00:00,110.385658253,0.0151616283191,0.0200030940465,215.037846689,74.6871173258,0.000158914042121,0.0199932865142,0.0150309714953,0.0200014874522,92.2061392088,0.0570371692729,211.965761937,85.4738105687,98.3804088894,183.714891446,92.206271719,0.0460128235523,26.8354121484,0.0200001252799,211.968531988,52.2124007637,92.2063012215,0.0149891562068,211.968854256,0.0163473818867,0.0155541836088,211.968513432,211.966016869,211.96779509,92.2067661309
2011-08-09 00:00:00,110.385701815,92.2063090894,0.0200080607571,215.037846357,74.6871157809,0.000158210966264,0.0199962403346,0.0150027603631,0.0200040894882,92.2061384846,0.0570315752679,211.965761627,85.473810284,98.3804095895,183.714891284,92.2062802855,0.0460111640594,26.8354109022,0.0200000598325,211.968523529,52.2123995378,92.2063041697,0.0149890957429,211.968854546,0.0163473040954,0.0150894987135,211.968512269,211.96610162,211.967587893,92.2067679277
2011-08-09 01:00:00,110.385636537,92.2063143728,0.0200092808521,215.037844936,74.6871162952,0.000157591305492,0.0200015746984,0.0150032044704,0.020004768175,92.2061374482,0.0570294144396,211.965761404,85.4738098521,98.3804079841,183.714891032,74.6870719701,0.0460138985201,26.835410021,0.0200000114262,211.968527714,52.2123973998,92.2063029893,0.0149890107281,211.968853931,0.0163473850279,0.0151589141312,211.96851154,211.965993172,211.967236677,92.2062882153
2011-08-09 02:00:00,110.385598775,92.2063159526,0.0200068819294,215.037842321,74.6871177453,0.000156964592528,0.0200019476949,0.0150060082303,0.0200052193867,92.2061361684,0.0570275124255,211.96576108,85.473808968,98.380406794,183.714890661,74.6871697452,0.0460206840297,26.835408926,0.0200000710791,211.968529722,52.2123956776,92.2063036172,0.0149889302032,211.968852978,0.0163474453274,0.0152263463376,211.968509474,211.966042888,92.2067439463,0.0241226371438
2011-08-09 03:00:00,110.385693362,92.2063228831,0.0200078785855,215.037842601,74.6871186625,0.000156411830204,0.0200052363467,0.0161778704698,0.0200018992158,92.2061342042,0.0570244710144,211.965760626,85.4738095378,98.3804066339,183.714890281,92.2061178598,0.0460239930239,26.8354077162,0.0200003106528,211.968537648,52.2123942752,92.2063060041,0.0149888319876,211.968853178,0.0163475307168,0.015155113166,211.968506827,211.966157406,92.2066123636,0.0243464785148
2011-08-09 04:00:00,110.385705741,92.2063242576,0.0200145175914,215.037842141,74.687119971,0.000156214439802,0.0200110109238,92.2063183,0.0200000289098,92.2061301976,0.0570211380773,211.965759929,85.4738101289,98.3804039866,183.714889883,92.1924988454,0.0460241682665,26.8354071377,0.0200010196024,211.968545303,52.2123932537,92.2063099339,0.0149886376424,211.968857162,0.0163475628986,0.0152465289237,211.968501551,211.966065328,0.0685243730292,0.0211477326048
2011-08-09 05:00:00,110.385683596,92.2063230998,0.0203455621276,215.037843409,74.687120762,0.000156086746242,0.0200130796825,92.2063192037,0.0199963913048,92.2060262363,0.0569700454784,211.965758723,85.4738104206,98.3804015161,183.714883477,0.0150123333426,0.0460211538333,26.8354020124,0.0200027096189,211.968554188,52.2123981966,92.2063136694,0.0149882301978,211.968851543,0.0163475324615,0.015401652616,211.968470684,211.965722299,0.0153662469569,0.0200937267634
2011-08-09 06:00:00,0.0150689365064,92.2063207689,0.0246512900834,215.037793083,74.6871174309,0.000155626371308,0.0200130450496,92.2063186562,0.0150663681868,0.0100684911882,0.0248006057888,211.965757127,85.473808478,98.3803790403,148.809069159,0.014997784921,0.0460035970268,21.7367683482,0.0200015292622,211.968582578,52.2124233947,92.2064722525,0.0149807954945,211.968832872,0.0163473522923,0.0150920123308,0.0118306010649,92.2062981117,0.0150318292026,0.0199986154525
2011-08-09 07:00:00,0.0113647591093,92.2062973499,0.0200008493738,174.180696145,74.687111633,0.000155135645201,0.0200005420596,92.206315022,0.0150149122791,0.0100529341761,0.0247114096472,211.965744698,85.4737840205,79.6881334636,148.809057991,0.014976635645,0.0147809144598,21.7366765203,0.0199998082772,211.96858968,52.212558617,92.2063210723,0.0112272135413,211.968779175,0.0163451868261,0.015103674145,0.0110092316685,92.206097102,0.0150146410105,0.0199526888857
2011-08-09 08:00:00,0.0112910775449,92.2061598589,0.0199982231523,174.180670907,60.4965620235,0.000154537576031,0.016217608066,92.2063194737,0.0150063998851,0.0100122718509,0.0246206619858,36.090705331,64.1054133319,79.6881058443,148.809054966,0.0149705830998,0.0122170230885,21.7366690171,0.0199989348178,211.968565917,52.2126333062,92.2063069031,0.0112251886913,211.968051025,0.0132412461013,0.0152607928243,0.0109783666445,0.0150231632647,0.0149980189729,0.0198126360388
2011-08-09 09:00:00,0.0102264872855,92.2061869594,0.0199957998887,174.180669536,60.4965584312,0.000153965440855,0.0162072237805,92.2063196222,0.0150004212203,0.0100043332644,0.0200118592215,36.0906824633,64.1053630987,79.688089773,148.809050767,0.0149304394463,0.0122082227313,21.7365903924,0.0199965808041,211.968548658,52.2126702893,92.2062988866,0.0112221822862,171.694774871,0.0132393473478,0.015115918102,0.0100231808927,0.0149912057055,0.0149917767022,0.0155352025888
2011-08-09 10:00:00,0.0100102194207,92.2062871337,0.0199898776043,174.180661613,56.0153632463,0.0001533979148,0.0159372415494,92.2063212715,0.014999349145,0.0100036573574,0.0200032880065,36.0906704803,64.1053322134,79.6880418614,148.809031352,0.0100124048554,0.0100137829456,0.0101528981167,0.0199887926463,211.968540791,52.2124611149,92.2062823419,0.0100034185354,171.694759904,0.0132380198298,0.0150421210126,0.0100099921744,0.0149845820616,0.0149923838264,0.0150943523806
2011-08-09 11:00:00,0.010019992803,92.2063159222,0.0199953073218,174.180650244,0.0199458379258,0.000152820925652,0.016188549011,92.2063220102,0.0149995016656,0.0100052993801,0.0200036504383,0.0100328243535,64.1053035759,79.6880780679,148.809001004,0.0147968891157,0.0100082166456,21.7366187124,0.0199853605396,211.968551112,52.2124112093,0.0151303159308,0.0100014283065,171.694755049,0.0124934127896,0.0150454450469,0.0100126440331,0.0149894685662,0.014997316781,0.0198554318271
2011-08-09 12:00:00,0.0112401386627,92.2063258509,0.0199998164781,174.18064775,0.0150027073063,0.000152275432611,0.0162064210639,92.2063232094,0.0149998685211,0.0100192656124,0.0200135167233,0.0100094303907,64.105308123,79.6880834723,148.809050021,0.0149685638758,0.0101152796709,21.7366695222,0.0199885132549,211.968552674,52.2124541222,0.0150198674018,0.0100021397298,171.69474521,0.0100024471034,0.0150260518653,0.010049125176,0.0149951522743,0.015001316905,0.0199794346118
2011-08-09 13:00:00,0.0112763773844,92.2063317493,0.019999310328,174.180666978,56.0153672734,0.000151674354948,0.0162121968743,92.2063223394,0.0150004454971,0.0100532138051,0.0246907621849,0.010016355446,64.1053629951,79.688082342,148.809056808,0.0149717820471,0.0122047048115,21.7366724879,0.0199892423321,211.968548402,52.2124109704,0.0150150470376,0.0112142653498,171.694741387,0.0100047396351,0.015045871869,0.0109907175318,0.0149941427062,0.0149996460163,0.0198686423796
2011-08-09 14:00:00,0.0113052368807,92.206350901,0.0200026916678,174.180703292,60.496552384,0.000150928802444,0.0162219744785,92.206322159,0.0150125400864,0.0100676185558,0.0247303810732,36.0905203632,64.1053655062,79.6881001622,148.809064964,0.0149743879429,0.0122109451498,21.7366793175,0.0199962594246,211.968554644,52.2123930456,0.0150094603681,0.0112250459306,171.694750007,0.01323612891,0.0150703562082,0.0110065654594,0.0150023217445,0.015006044717,0.0199034200593
2011-08-09 15:00:00,0.0113348747217,211.968517203,0.0200081144626,215.037584823,60.4965621819,0.000150345339717,0.0199937305149,92.2063253063,0.0188929998404,211.967793292,0.0569633044121,36.0906780448,64.1054418772,79.6881239286,183.71487779,0.0149868239348,0.0122241887113,26.8351264687,0.0199991949494,211.968565545,52.2123852076,0.0150068296238,0.0112266858986,171.694768656,0.0132391694712,0.0150287860046,0.0110707094742,0.0150182959905,0.0150514260911,0.0200131778695
2011-08-09 16:00:00,0.014971893828,211.968545895,0.0200103400245,215.037833568,74.6871278859,0.000149764534936,92.2063262801,211.968536117,0.0200022054603,211.968549463,0.057234622539,36.0906865503,85.4737883638,98.3803738687,183.714889824,0.0150166108612,0.0150737214574,26.8353996146,0.0200002266663,211.968577825,52.2123919339,0.01500533527,0.0149547848528,211.968583813,0.013241086821,0.0150513821344,0.0146804581469,0.0160797691803,92.2060409578,0.0264696424765
2011-08-09 17:00:00,0.015005198622,211.968549188,0.020033242787,215.03785116,171.694467756,0.000149121808104,211.968487657,211.96855652,0.0200131151591,211.968559876,0.0572495563556,92.2051399118,85.4738065173,98.380386199,183.714892055,0.0184867680223,0.0150771581995,26.8354044057,0.0200048476836,211.968617855,52.2123922448,0.0150038367902,0.0149605409194,211.968825436,0.0150002871467,0.0152172649921,0.0147016438876,91.961155435,92.2065465667,0.0266819064715
2011-08-09 18:00:00,0.0150108307426,211.968550174,92.2062807092,215.037856957,171.694543849,0.000148498970074,211.968542936,211.968558399,0.0200161254636,211.968563248,0.0572580342929,211.967135776,85.4738083304,98.3803914537,183.714893158,0.0184883197985,0.0150786575566,26.8354063552,0.0200694018532,211.968626359,52.2123811641,0.0150021449099,0.014961117675,211.968831508,0.016417680842,92.2065953884,0.0147079437009,92.2061822518,92.2066212216,0.0267642654432
2011-08-09 19:00:00,0.0150085946494,211.96855051,92.2063426651,215.037856293,171.694547324,0.000147828989159,211.968550807,211.968558942,0.020016298432,211.968565155,0.0572543827344,211.967142728,85.4738095094,98.3803914323,183.714893257,0.0184888094151,0.0150787531693,26.8354065958,0.020336946589,211.968605536,52.2123770433,0.0150016047799,0.0149612827237,211.968830927,0.0164186337112,92.2089982561,0.014709502394,92.2059628748,92.2066751228,0.0267682827571
2011-08-09 20:00:00,0.0150070191666,211.968550972,92.2063564898,215.037852724,171.694548705,0.000147262079379,211.968553555,211.968559186,0.0200149049865,211.968566032,0.05725217655,211.96714471,85.4738096219,98.3803898962,183.714892888,0.0184887883505,0.0150783700622,26.8354060944,0.0200173336734,211.968587143,52.212375094,0.0150013276164,0.0149612938261,211.968827818,0.0164188615058,92.2090915466,0.0147098970898,33.2548276862,92.2066565083,0.0267190993127
2011-08-09 21:00:00,0.0150042746247,211.968549554,92.2063611768,215.037848639,171.694549077,0.000146415694714,211.968553869,211.968558919,0.0200127603267,211.968565794,0.0572481834102,211.967145156,85.4738098518,98.38038674,183.714892348,0.0184883954594,0.0150776369624,26.8354053967,0.0200033009964,211.96855497,52.2123710838,0.0150009164841,0.0149612640874,211.96882457,0.0164189775914,92.2091222877,0.0147097025096,33.2546689228,92.2066352492,0.0266307619392
2011-08-09 22:00:00,0.0150011708209,211.968547543,92.2063629654,215.03784275,171.6945489,0.000145654650944,211.96855319,211.968558058,0.0200092889661,211.968564711,0.0572432164592,211.967145002,85.473810108,98.3803824997,183.714891902,0.0184881018888,0.0150764214104,26.8354042129,0.0200020678176,211.968465646,52.2123658452,0.0150006235948,0.014961218142,211.968825502,0.0164190144773,92.2091390418,0.0147093467162,26.9372517269,92.2065872658,0.0264500921132
2011-08-09 23:00:00,0.0149972589328,211.968545942,92.2063646966,215.0378366,171.694548971,0.000144783338226,211.968552713,211.968557265,0.0200043288086,211.968563437,0.0572366127771,211.96714478,85.473809607,98.3803779959,183.714891402,0.0184875262218,0.0150750105476,26.8354028294,0.0200015340828,92.2063864422,52.2123620207,0.0150004550242,0.0149611578966,211.968822847,0.0164190603612,92.2091416952,0.0147086701757,26.9364378611,92.2065626585,0.026216431883
2011-08-10 00:00:00,0.0149940860938,211.96854373,92.2063671262,215.037832411,171.694548625,0.000144129967002,211.968550692,211.96855592,0.0200048579858,211.968562874,0.0572343966216,211.967144421,85.4738091573,98.3803734391,183.71489087,0.0184875338708,0.0150724609861,26.8354012963,0.0200014822236,92.2063371873,52.2123592755,0.0150003823707,0.0149610991585,211.968819711,0.0164190334398,92.2091299385,0.0147082370376,26.936554127,92.206553468,0.0258137792586
2011-08-10 01:00:00,0.0149915467645,211.968542119,92.2063683493,215.037828546,171.694548485,0.000143552428123,211.968549359,211.968554927,0.0200025836493,211.968562369,0.0572268528989,211.967144044,85.4738089659,98.3803699933,183.714890102,0.0184867057345,0.0150721029939,26.8353999299,0.0200018609331,0.0150201380499,52.2123544895,0.0150003927985,0.0149610306774,211.96881662,0.0164190938863,92.2091321179,0.0147074300709,33.2537257016,92.2065432375,0.0263211265321
2011-08-10 02:00:00,0.0149934504594,211.968537742,92.2063692559,215.037819789,171.69454842,0.000143009545976,211.968547486,211.96855321,0.0200014584346,211.968562116,0.0572193797923,211.967143649,85.473808128,98.3803668276,183.714889166,0.0184870296563,0.0150699979339,26.8353983244,0.0200026454401,0.0150064598834,52.2123475765,0.0150004294355,0.0149609410018,211.968812901,0.0164191588286,92.2091368213,0.0147063523648,33.2542344136,92.2064752143,0.0263374669923
2011-08-10 03:00:00,0.0149970980796,211.968541682,92.2063706547,215.0378096,171.694548519,0.000142494175981,211.968546007,211.968550641,0.0200002686867,211.968562565,0.0572096942606,211.967143177,85.4738086691,98.3803612295,183.714887983,0.0184877737063,0.0150671218222,26.8353960279,0.0200167388311,0.015003601688,52.2123333377,0.0150005938225,0.0149608265195,211.968808792,0.0164192502371,92.2091395473,0.0147046235732,33.2546720597,92.206321918,0.0262573545065
2011-08-10 04:00:00,0.0149988015548,211.968541654,92.2063690611,215.037795101,171.694548453,0.000142249544462,211.968542333,211.968537601,0.0199990973033,211.968562998,0.0572004747171,211.967142494,85.4738079341,98.380348752,183.714886734,0.0184861397955,0.0150616412219,26.8353937647,0.0246806217823,0.015002160118,22.7151481207,0.0150012008629,0.0149606193714,211.968799074,0.0164192977688,92.2091332271,0.014701786811,33.2547307062,92.2062714692,0.0247849612844
2011-08-10 05:00:00,0.0149949937214,211.968531322,92.206366586,215.037744715,171.694548425,0.00014226113094,211.968534544,92.2063299891,0.0199967632116,211.968540118,0.0570493504092,211.967141258,85.4738083982,98.3802903059,183.7148805,0.0184772953371,0.0150353323459,26.835382494,0.0246833443353,0.0150011698532,22.7125751594,0.0150021931287,0.0149602144556,211.968781509,0.0164193047106,92.2091253939,0.014687738468,33.2546839764,92.2056906259,0.0202522832459
2011-08-10 06:00:00,0.0149480570855,211.968531293,92.2063641854,0.0462430006354,171.694548042,0.000141957973634,211.968517729,92.2063240998,0.0199830435431,171.694679791,0.0247896546326,211.967139764,85.4738022851,0.0132548851724,183.714832261,0.0150023956717,0.0118266620457,26.8347753911,0.0246767302284,0.0150010987737,52.2122564264,0.0150034169464,0.0149491428798,211.967321713,0.0164192313974,92.2090616192,0.0105657086696,26.936056149,0.0165237215159,0.0200498366557
2011-08-10 07:00:00,0.0103004460265,92.2063716854,92.206340758,0.0106439983167,171.694530896,0.000141364091188,0.0200091969304,0.0150330440907,0.0162160435286,171.694546996,0.0245610263464,211.967126982,85.4737528818,0.0102151093529,148.809048241,0.0149872860989,0.0118024014378,0.0169734054261,0.0200003814446,0.0150014574115,22.7125703412,0.0150039305355,0.0100076998446,0.0177147243814,0.0164176887453,92.2082065267,0.0104676300513,0.0151096476106,0.0155744795866,0.0200165451583
2011-08-10 08:00:00,0.0102624373157,92.2063291142,0.0200153838247,0.0105840293814,74.6871335866,0.000140927523528,0.0150118726742,0.0150004730605,0.0162119384941,171.694543939,0.0243046489226,92.205813377,64.1053392271,0.0101786689537,148.809021081,0.0149760010136,0.0117855989481,0.0169563341162,0.0199993668379,0.0150016019239,0.0150145271067,0.0150033936177,0.0100056705679,0.0176814870402,0.0132997598908,0.0161384300569,0.0104374834562,0.0152567679418,0.0152540528842,0.0200139534333
2011-08-10 09:00:00,0.0100799092211,92.2063254403,0.0200012944526,0.0100936233355,74.6871295231,0.00014034998166,0.015000235277,0.0150001429643,0.0161965142672,171.694544129,0.0200548914478,92.2057862852,64.1052603177,0.0100359319761,148.809016764,0.0149692620283,0.0100084482188,0.0169402230213,0.0199978272224,0.0150013845012,0.0150041093269,0.0150029165047,0.0100022455469,0.0176345330835,0.013298099711,0.015778132264,0.0101164666178,0.0153341485472,0.015028060789,0.0199800700691
2011-08-10 10:00:00,0.0100194558202,92.206323766,0.0199978507272,0.0100423354395,74.6871278922,0.00013975377353,0.0149947958678,0.0149999963703,0.0159932656504,171.69454398,0.0200185299191,92.2057756961,0.0100154335775,0.0100184015346,148.809014202,0.0148865645987,0.0100042556544,0.0104538488262,0.0199955805122,0.0150012912533,0.015002241754,0.0150025719347,0.0100005357445,0.0100480394812,0.0132967931409,0.0156712046607,0.0100277163187,0.0342007650797,0.0150173830817,0.0199706420833
2011-08-10 11:00:00,0.0100200619784,92.2063242765,0.0199995030117,0.0100376993691,74.6871174575,0.000139166316937,0.0149877626345,0.0149999262286,0.0162131657144,171.694546386,0.0244768085459,0.0103567830874,0.0100115898971,0.0100171619107,148.809016199,0.014937149609,0.0100084550564,0.0100266278887,0.0199959315263,0.0150018841127,0.0150015231122,0.0150025892378,0.0100004186324,0.0100367236933,0.012376133797,0.0154109452836,0.0100325142471,26.936011961,0.0150271261264,0.0199742072316
2011-08-10 12:00:00,0.0100248200627,92.2063272355,0.020004102984,0.0100619467315,74.687072183,0.000138605979046,0.0149876696217,0.0149998775915,0.0162212902822,171.694554672,0.0245510814844,0.0100194464766,0.0100143544779,0.0100231885545,148.809021122,0.0149718101474,0.0117924129336,0.0102680721026,0.0199976330626,0.0150020773897,0.015002361446,0.0150024416282,0.0100004868253,0.0100972688463,0.0100022972957,0.0150349512376,0.0102959100934,26.9362681217,0.0150493192494,0.0200254283661
2011-08-10 13:00:00,0.0101962323608,92.2063311877,0.0200061630231,0.0105053495215,74.6870902324,0.000137967865416,0.0149939340997,0.0149998495816,0.0162247040181,171.694688492,0.0245643869393,0.0100332397784,0.0100582244525,0.0101387569654,183.714744088,0.0149758917984,0.0117992040025,0.0169351172511,0.0199992434866,0.0150025186576,0.0150017298796,0.0150049915893,0.0100010445663,0.0176010679341,0.0100080912607,0.0151400705434,0.0104589762533,26.9372567634,0.0150527142567,0.0199807503379
2011-08-10 14:00:00,0.0102607473103,92.2063446593,0.0200128926065,0.0106265358851,74.6871249659,0.000137347362803,0.014998013676,0.0149998486165,0.0199872466102,211.968529794,0.0249402352025,92.205684529,64.1053058609,0.010202307517,183.714819025,0.014981590902,0.0118048320603,0.0169567688249,0.0200003334006,0.0150032176231,0.0150018721604,92.2062131424,0.0100054270604,0.0176906530634,0.0132959727581,0.0156052435462,0.0104722561981,92.206260827,0.0154785901241,0.0200277097373
2011-08-10 15:00:00,0.0103038232403,211.968502414,0.0246899478892,0.0107915924066,74.6871289436,0.000136805570197,0.0150006060977,0.0149998744629,0.0199982507883,211.968559383,0.030317529698,92.2057802122,64.1053655277,0.0102836068203,183.714813704,0.0150066578002,0.0118305115745,0.0169760866082,0.0200573918667,0.0150039980486,0.0150017814942,92.2063006969,0.0100071743151,0.0177504538155,0.0132981727713,0.0156698156988,0.0105672681899,92.2063581708,0.0289134910096,0.0201363014051
2011-08-10 16:00:00,0.0159148119328,211.968545477,0.0246913104554,0.0440611768149,74.6871318286,0.000136267381049,0.0150051665528,0.0149999060939,92.2062010546,211.968564603,0.0303272642518,92.2057889646,85.4737671241,0.015209940094,183.714803598,92.2061271497,0.0149931310926,0.0209428635316,92.206320814,0.0150057180711,0.0150048739936,92.2063197401,0.0140783681183,211.968065734,0.0133005924254,0.0157548007669,0.0139624453404,211.961806018,92.2063504979,0.020559820752
2011-08-10 17:00:00,0.0163373081343,211.968549678,0.0246910612911,0.0441501397814,99.5828755369,0.00013567997255,0.0185231573916,0.0149999446055,92.2062954662,211.968566217,0.0303353971249,92.2060500441,85.4738024891,0.0152993757085,183.71481335,92.2061359576,0.0150072663434,0.0209496924085,92.2063254813,0.0150082799873,22.7125887672,211.968425229,0.0140937875,211.968157953,177.624653823,0.0209188123804,0.013985380235,211.96776781,92.2065498243,0.0371826354256
2011-08-10 18:00:00,0.0163517943277,211.968549869,0.0246857035828,0.0441681487449,99.5828865893,0.000135135881198,0.0185360058945,0.0150000767451,92.2062994461,211.968565925,0.0303463361185,211.967206859,85.4738067055,0.0153119251708,183.714814074,92.2061377354,0.0150110381794,0.0209524196234,92.2063256603,0.0150131495401,52.2123338233,211.968403215,0.0140944747965,211.968171648,177.624714785,0.0210046660377,0.0139921186511,92.2069262283,92.2064728435,0.037787003709
2011-08-10 19:00:00,0.0163535143961,211.968548926,0.0245107835398,0.0441722829712,99.5828890528,0.000134478155663,0.0185373387007,0.0150000282183,92.2063000477,211.968565494,0.0303286484396,211.967214112,85.4738089224,0.0153153898857,183.714810699,92.2061379905,0.0150120538643,0.0209530792232,92.2063244361,0.0150537411689,52.212324403,211.968479337,0.0140946795632,211.968175958,177.624715511,0.0210223505296,0.0139939764175,92.2068790073,92.2065380232,0.0378425519267
2011-08-10 20:00:00,0.0163535783288,211.968549127,0.0200116575873,0.04417241335,99.5828906299,0.000133960471244,0.0185318676995,0.0149999927296,92.2062990042,211.968564475,0.0303192302183,211.967216072,85.4738087947,0.0153165643853,183.714802732,92.2061379303,0.0150125052096,0.0209527024926,92.2063229431,0.0211854338838,52.2123235311,211.968498472,0.0140947182866,211.968176805,177.624715698,0.0210415225709,0.0139944957411,92.2067071536,92.2064181038,0.0375687416189
2011-08-10 21:00:00,0.0163514699006,211.968547541,0.0200052791871,0.0441710329676,99.5828901478,0.000133233032926,0.0185279378644,0.0149999575172,92.2062973239,211.968563201,0.030301894445,211.967216597,85.4738082016,0.0153154262461,183.714779734,92.2061382855,0.0150127613737,0.0209521841282,92.2063215036,0.0213737931046,52.2123247484,211.968503766,0.0140947121437,211.968176197,177.624715806,0.0210295968279,0.0139944028403,92.206405406,92.2061474413,0.032935992788
2011-08-10 22:00:00,0.0163494552768,211.968545424,0.020002396219,0.0441683795146,99.582889091,0.000132324888598,0.0185242560355,0.0149999145384,92.2062931407,211.968560872,0.0296744839461,211.967216399,85.4738094831,0.0153133323564,183.714763295,92.2061385067,0.0150125966631,0.020951233743,92.2063188598,0.0210096059128,52.2123163381,211.968503722,0.0140946838187,211.968178202,177.624715837,0.0210178788641,0.0139941140594,92.2063200067,92.2060531523,0.029071213209
2011-08-10 23:00:00,0.0163478181261,211.968542416,0.020001299784,0.0441657765001,99.582889024,0.000131604572597,0.0185228109226,0.014999895893,92.206269078,211.968558044,0.0247988336855,211.967216109,85.4738087888,0.0153116840975,183.714736359,92.2061384566,0.0150123455716,0.0209501017107,92.2063111186,0.0160760856346,52.212318036,211.968500647,0.0140946405571,211.968177214,177.62471587,0.0210142077858,0.0139935274976,92.2062932452,92.2056338275,0.0287965199945
2011-08-11 00:00:00,0.0163463600587,211.968538156,0.020000491101,0.0441638608029,99.5828868995,0.000130958499548,0.0150248205755,0.0149999308499,92.2061499402,211.968556991,0.0246882377542,211.96721561,85.4738087197,0.0153104212379,183.71476384,92.206138162,0.0150119006028,0.0209491824191,92.2062786989,0.0150391436167,52.2123249427,211.968468231,0.014094589867,211.96817636,177.6247159,0.0209622374425,0.013992986739,92.2062564072,92.1983054749,0.0325541156204
2011-08-11 01:00:00,0.0163448130647,211.96853595,0.0200004176506,0.0441616548197,99.5828866422,0.000130421472245,0.0150814301951,0.0149999215615,74.6871543081,211.968555793,0.0236447903225,211.967215318,85.4738084477,0.0153087097588,183.714741414,92.2061377348,0.0150116025648,0.0209480748788,74.6871222658,0.0151017688757,52.2123261288,211.968480926,0.014094528083,211.968174834,177.624715931,0.0209396696252,0.0139921378906,92.2061949781,92.2061771386,0.0294002266379
2011-08-11 02:00:00,0.0163457214917,211.968532776,0.0200004802072,0.0441572384545,99.5828859505,0.00012991799621,0.0184617970461,0.0149999443653,74.6871223483,211.968553492,0.0246105892095,211.967214976,85.4738077632,0.01530716938,183.714702068,92.2061373242,0.015011201675,0.0209466591405,74.687117481,0.0165338323147,52.2123262176,211.968484496,0.0140944452696,211.968172972,177.624715947,0.020979275201,0.0139911495725,92.2061973727,92.2064449409,0.0288504035147
2011-08-11 03:00:00,0.0163478787276,211.968541915,0.0200006844328,0.0441511876517,99.5828858492,0.000129428095832,0.0185109908632,0.0149999966802,74.6871107297,211.968552469,0.0247358217341,211.96721458,85.473808541,0.0153048156053,183.714677659,92.2061370684,0.0150105681861,0.0209448965069,92.2062811333,92.2063255101,52.2123264321,211.96847825,0.0140943483616,211.968171945,177.624715967,0.0209704868506,0.0139895728721,92.2062489163,92.2063909408,0.0289178678541
2011-08-11 04:00:00,0.0163503273701,211.968544905,0.020001054,0.0441422221521,99.5828849524,0.00012925997576,0.0185162932963,0.0150000533953,92.2044910095,211.968549513,0.0247761517298,211.967214018,85.4738084398,0.0153004395842,183.714712902,92.2061357031,0.0150096944722,0.0209420803648,92.2063059311,92.2063613421,52.2123249942,211.968439764,0.0140941477543,211.96816944,177.624715958,0.0209195408561,0.0139872543712,92.2061908087,92.2062077242,0.0289133947732
2011-08-11 05:00:00,0.0163480541949,211.968542881,0.0200019272373,0.0441053289327,99.5828826872,0.000129232961079,0.0184471433445,0.0150001315148,92.2062250491,211.96854881,0.0200806500475,211.967212868,85.4738086459,0.0152843031689,183.714554731,92.206130173,0.0150040418157,0.0209224098683,92.2063060216,92.2063871385,52.2123286617,211.968414429,0.0140937006914,211.968153016,177.624715902,0.0208077697621,0.0139747952528,0.0180979200354,92.2052132802,0.0288913361797
2011-08-11 06:00:00,0.0162104123483,211.968532844,0.0200101489906,0.0104306735184,74.6871490025,0.000128836922705,0.0150201232926,0.0150003832396,92.2062859658,211.968522684,0.0200016420537,211.967211391,85.4738015341,0.0106174617138,0.0200010169152,0.0150120420182,0.0100747949733,0.0100491756367,92.2062812106,92.2063819496,52.2123378313,171.694478873,0.0140576625816,211.966556418,177.624715644,0.0157254806702,0.0102183883016,0.0151028257375,74.6875186877,0.0292985025374
2011-08-11 07:00:00,0.010094186424,211.968513982,0.0200035734088,0.010141971275,74.6871281016,0.000128324973904,0.0150031666983,0.0150004794704,74.6871130933,171.694736046,0.0199888721985,211.967200225,85.4737332991,0.0101678312154,0.0199313151608,0.0149962287027,0.0100405412963,0.0100240897844,0.0200057241462,211.968271785,52.212348637,211.967553983,0.0100042269589,0.0104986832899,177.624712617,0.0151272996476,0.0101054804455,0.0150159277038,74.6874993995,77.1069686134
2011-08-11 08:00:00,0.0100484507485,211.968323331,0.0200006840132,0.0100627673779,0.0150339745845,0.000127805049756,0.0150003574737,0.0150006864456,74.6871021832,171.694529028,0.0199742644731,158.975215452,64.1053514107,0.0101326502952,0.016237990343,0.0149910680526,0.0100271361288,0.0100087228219,0.020000349715,211.968479108,52.2123739495,211.968125419,0.0100024913945,0.0104578333127,77.266800509,0.015021656788,0.0100653595023,0.0150106136244,74.6873903,77.1076666022
2011-08-11 09:00:00,0.0100060634244,92.2063419842,0.0199982007438,0.0100154751673,0.0150092907288,0.000127264455384,0.0149985520244,0.0150010677169,74.6870994655,171.694525391,0.0199620487053,158.975185591,64.105308253,0.0100247795698,0.0162282362571,0.0149774408569,0.0100057026078,0.0100037153732,0.0199991877614,211.968484012,52.2124843705,211.967109209,0.0100006456898,0.0101039937338,77.2667979302,0.014998658878,0.0100096252586,0.015011932175,74.6871330833,77.1077103361
2011-08-11 10:00:00,0.0100033489373,92.2063348736,0.0199938350347,0.0100099323294,0.0150002459274,0.000126745447674,0.0149965082666,0.0150016836301,74.6870949477,171.694523204,0.0199435587925,158.975175,0.0100352767678,0.0100113911729,0.016224506937,0.0100403561754,0.0100037690196,0.0100028306798,0.0199971178677,211.968016637,52.2126640266,171.694542512,0.0100003053195,0.0100305252711,77.2667955627,0.0149919340701,0.0100068906197,0.0150156340986,74.6875394833,77.1074832292
2011-08-11 11:00:00,0.0100031211372,92.2063475127,0.0199951945075,0.0100097817482,0.0149996872623,0.000126173099737,0.014995142126,0.0150055137003,74.687096482,171.694523023,0.0199493008279,92.1975946427,0.0100245264374,0.0100106783079,0.016222926978,0.0100158470063,0.0100039856675,0.0100029969586,0.0199949732967,171.69137573,52.2127002814,171.694534937,0.0100002131303,0.0100296154929,0.014916526774,0.0149929965603,0.0100072204089,0.0150237799553,74.6877470559,57.8310151354
2011-08-11 12:00:00,0.0100036146845,211.968349131,0.0200010453879,0.0100153371563,0.0149996470148,0.000125615453617,0.0149949819849,0.0158150575909,74.6871052452,171.694522411,0.0199670125135,0.010023119801,0.0100426443439,0.0100175997558,0.0162233550627,0.0146274408372,0.0100065424189,0.0100042257552,0.0199981047743,92.2279895823,52.2127600842,171.694501211,0.0100002820145,0.0100411463982,0.010003282148,0.0150063993747,0.0100125220883,0.0159476258211,74.6881070289,57.8309859762
2011-08-11 13:00:00,0.0100070359625,211.96849922,0.0200094373388,0.0100565128494,0.0149997319686,0.000125104280911,0.0149959275507,0.015006088577,92.2062989452,171.694522622,0.0199737129935,0.0100474087093,64.1052751237,0.0100954068206,0.0162250054383,0.0149851656893,0.0100306315166,0.0100115825295,0.0199991803944,211.968517437,52.2127381319,171.69435501,0.0100006890683,0.010410455035,0.0100665360718,0.0150109476513,0.0100897374258,0.0166178191704,74.6911921131,57.8308615608
2011-08-11 14:00:00,0.0100617105268,211.968534868,0.0205033999158,0.0101370564535,0.0150000160623,0.000124517263078,0.014999001627,0.0151033253695,92.2063117771,171.694529355,0.0199926412601,158.974995163,64.1053347433,0.0101589625544,0.0162301061173,0.0149931534904,0.0100416017028,0.0100268143598,0.0200011540116,211.968550037,52.2127110253,171.694522306,0.0100026798089,0.0104741094003,77.2667817557,0.0150872111362,0.0101072823975,92.206261206,92.2067573359,92.2053201587
2011-08-11 15:00:00,0.0101135956643,211.968548529,92.2063621447,0.0102900949413,0.0150016876742,0.00012388035509,0.0150026841073,92.2063228983,92.206316115,211.968441367,0.0200039911292,158.975179419,64.105416159,0.0102579397796,0.0199847673521,0.0150027763812,0.0100797503137,0.0100712417495,0.0200543388039,211.968559372,52.2124366691,211.968297023,0.0100045653295,0.0105350349427,77.2667975039,0.0151155444055,0.0101973640578,92.2067465577,211.96832823,122.941522924
2011-08-11 16:00:00,110.385585701,211.968553938,92.2063638335,0.0462358288779,0.0150267919233,0.000123310576265,0.0150329851921,92.206324457,92.2063190292,211.968539325,0.0246410124638,158.975187953,85.4737804928,211.967998881,0.0200192428505,92.2063156481,0.0246662938325,0.0159967590804,92.2063235606,211.968576539,52.2126477768,211.968393727,0.0140827709681,211.967890284,77.2667992533,0.0153306415273,211.968170426,211.968375762,211.968906675,122.943842823
2011-08-11 17:00:00,110.385672149,211.96855547,92.2063657074,0.0463264015542,74.6871295394,0.000122797845321,92.2063065356,211.968338547,92.2063213974,211.968542974,0.024659925734,158.975514799,85.4738051376,211.968062967,0.0200252224637,92.2063417247,0.0246761289273,0.0160098348995,211.968519535,211.968594384,52.2124510568,211.968459193,0.0140983815863,211.967980696,177.624797927,211.968042588,211.968234818,211.96841853,211.969187135,211.968385813
2011-08-11 18:00:00,110.38568449,211.968555311,92.2063668565,0.0463442464548,74.6871335004,0.000122256627208,92.2063293973,211.968555318,92.2063230453,211.968543188,0.0246622806054,211.967214334,85.4738082798,211.96807579,0.0200262638472,92.2063450328,0.0246791591089,0.0160140146821,211.968532541,211.968614249,52.2124035749,211.968492643,0.0140990894583,211.967996613,177.624824569,211.968258635,211.968245224,211.96842943,211.96918331,211.968405413
2011-08-11 19:00:00,110.385686096,211.96855565,92.2063678064,0.0463485031409,92.2062964496,0.000121735918256,92.2063254874,211.968557679,92.2063229285,211.968543618,0.0246598692667,211.967220905,85.4738099327,211.9680788,0.0200256025722,92.2063459255,0.0246800890122,0.0160149518243,211.968537645,211.968620719,52.2123635358,211.968494696,0.0140992969803,211.968000787,177.624825317,211.968324226,211.968247976,211.968430362,211.96929033,211.967982684
2011-08-11 20:00:00,110.385686358,211.968555703,92.2063670455,0.0463477719695,92.2063181271,0.000121278812808,92.2063239303,211.968558493,92.2063183671,211.968543116,0.0246567466576,211.967222566,85.4738098472,211.968079306,0.0200242123835,92.2063463788,0.0246803805491,0.01601482326,211.968532504,211.968624045,52.2123591986,211.968489286,0.0140993384019,211.968001593,177.624825495,211.968333258,211.96824899,211.968422067,211.96920848,122.943775027
2011-08-11 21:00:00,110.385684485,211.968555103,92.2063672214,0.0463458777527,92.2063209312,0.000120598879504,92.2063264784,211.968558446,92.20631554,211.968541954,0.0246535604149,211.967222889,85.4738089797,211.968077697,0.0200211775451,92.2063466419,0.0246804665088,0.0160143250308,211.968505026,211.968617542,52.2123332206,211.968430185,0.0140993303991,211.968000797,177.62482558,211.968405697,211.968249227,211.968414226,211.968745864,122.9435562
2011-08-11 22:00:00,110.385682656,211.968554627,92.2063667568,0.0463430073989,92.2063032244,0.000119813749236,92.2063260637,211.96855792,92.2063135544,211.968539941,0.0246506763647,211.967222717,85.4738091719,211.968075392,0.0200196061474,92.2063468794,0.0246801303787,0.0160135559394,211.968415356,211.968593993,52.2123206114,211.967587167,0.0140992873186,211.96800013,177.624825589,211.968444215,211.968249233,211.968406575,211.968612449,92.2077746744
2011-08-11 23:00:00,110.385680273,211.968554294,92.2063683785,0.0463403847453,92.2063189275,0.000119146408665,92.2063283558,211.968557556,92.2063125407,211.968537581,0.0246480801271,211.967222455,85.4738093497,211.968074132,0.0200178222079,92.2063468883,0.0246797052919,0.0160125245954,211.968495406,211.968574236,52.2123157401,92.2064877924,0.0140992318532,211.968001929,177.624825586,211.968414461,211.968249019,211.968400935,211.968535909,92.2072666441
2011-08-12 00:00:00,110.385679021,211.968553896,211.968472642,0.0463387354235,92.2061699726,0.00011852699869,92.2063453598,211.968557384,92.2063137945,211.96853509,0.0246508196316,211.967221997,85.4738090628,211.968073062,0.0200166071094,92.2063466088,0.0246791257337,0.0160116173497,211.968529569,211.968561007,52.2123150812,92.2069297645,0.0140991753942,211.968000945,177.624825552,211.968398536,211.968248682,211.968386615,211.968488086,92.2071784877
2011-08-12 01:00:00,110.385676681,211.968554341,211.968534989,0.0463363422812,74.6872920497,0.000118031723525,92.2063475255,211.968557677,92.206314279,211.968532613,0.0246497529891,211.967221577,85.4738089486,211.968071385,0.0200155002573,92.2063464882,0.0246786791359,0.0160106543061,211.968547203,211.96856009,52.2123120333,113.835153462,0.0140991085604,211.967999869,177.624825594,211.968436353,211.968248586,211.968372133,211.9684498,92.2071151406
2011-08-12 02:00:00,110.38567747,211.968554421,211.968553101,0.0463315520405,92.2063126575,0.0001175607734,211.968057974,211.96855774,92.206316965,211.96853004,0.0246488116594,211.967221201,85.4738085405,211.968069574,0.0200144534744,92.2063464603,0.0246783705755,0.0160093010756,211.968550891,211.968559349,52.2123098166,92.2077020358,0.0140990213734,211.967998147,177.624825632,211.968474524,211.968248822,211.968359043,211.968367745,92.207044103
2011-08-12 03:00:00,110.385680956,211.968556243,211.968604952,0.0463258455731,92.2063244996,0.000117157105416,211.968515848,211.96855785,92.2063258709,211.968523718,0.0246471584679,211.967220821,85.4738089189,211.968067002,0.0200125026049,92.2063466023,0.0246778504715,0.0160076787456,211.968553242,211.968558806,52.2123081466,92.2064785635,0.0140989177874,211.967992401,177.624825677,211.968500246,211.968248617,211.96838432,211.968321308,92.2070487213
2011-08-12 04:00:00,110.385683228,211.968557716,211.968637024,0.0463163930399,92.2063279519,0.000116945202535,211.968541446,211.968558177,92.2063304621,211.968516963,0.0246491056843,211.967220301,85.4738087401,211.968061877,0.0200104731536,92.2063462729,0.0246772950365,0.0160052963881,211.968555614,211.968558634,52.2123064593,92.2064611024,0.0140987113302,211.967990627,177.62482568,211.968513128,211.968249303,211.968416781,211.968315922,92.2070517821
2011-08-12 05:00:00,110.385681618,211.968556384,211.968647133,0.046279170535,92.2063308327,0.000116844119028,211.968548603,211.968559094,92.2063308697,0.0188789617395,0.0244873785727,211.967219196,85.4738096397,211.968044532,0.0199905224537,92.2063447669,0.024673150305,0.0159891708364,211.968556466,211.968556453,52.2123069127,92.2063620304,0.0140982418467,211.967978228,177.624825643,211.968542204,211.968246512,211.968425775,211.968402602,92.2070736945
2011-08-12 06:00:00,110.385638399,211.968552904,211.968652542,0.0105362295739,92.2063335762,0.00011656076864,211.968557409,211.968560038,92.2063234458,0.0100285830576,0.0199989933837,211.967217918,85.4738057231,0.0110957792557,0.0100522929602,92.2063317446,0.019998775337,0.0100541704978,211.968555615,211.968555794,52.2123082286,92.2063714037,0.0140704989558,211.967216393,177.624825445,211.968531665,171.6944318,211.968379694,211.96844747,92.2071572019
2011-08-12 07:00:00,82.7885515448,211.968546974,211.968652261,0.0102064347224,92.2063322805,0.000116127297807,211.968557492,211.968560415,92.206314234,0.0100156895997,0.019970748288,211.967208036,85.4737807362,0.0104244545954,0.0100402280522,74.6870964568,0.0199675012265,0.010028274254,211.968553212,211.96857816,52.2123071757,92.2063136484,0.0100064997208,0.0108483550086,177.624822682,211.968502028,171.694285279,211.96820319,211.96840349,92.2073109226
2011-08-12 08:00:00,82.7884855693,211.968532976,211.968650225,0.0101279231454,92.206321414,0.000115603361811,211.968554528,211.968560281,74.6872271729,0.0100045631967,0.0199557196275,158.975006405,64.1054245191,0.0103916217427,0.0100167884924,74.687086242,0.0199595528434,0.0100115185994,211.968547337,211.968579867,52.2123073962,92.2063050149,0.0100046735111,0.0108062474705,143.87604595,211.967702036,171.694281277,171.695692293,211.968142299,92.2075948036
2011-08-12 09:00:00,82.7882299031,211.968524736,211.968641958,0.0100234641508,74.6871320476,0.000115059787339,211.968541684,211.968559829,74.6871268194,0.0100023461461,0.0198876833517,158.974957957,64.1053450923,0.0100500223756,0.0100040938175,74.6870777699,0.0195805560149,0.010004453314,171.694534676,211.968553212,52.2123084639,92.2063008779,0.0100010672184,0.0103658714943,143.876043644,158.976758046,171.69427973,171.694549836,211.968406114,92.2072357909
2011-08-12 10:00:00,0.0100111314604,211.968509779,211.96857192,0.0100134708491,74.6871304361,0.000114597578046,211.96830618,211.968558935,74.6871052876,0.0100018970944,0.019496649032,158.974948543,0.0100975744496,0.0100184026334,0.010002942652,69.1547628562,0.0100258904769,0.0100035244123,171.694517519,211.968513449,52.2123078114,92.2062991827,0.0100005054519,0.0100398361248,143.876040542,158.976615605,171.694279634,171.694387058,211.968452008,92.2072038857
2011-08-12 11:00:00,0.010008002481,211.968520876,171.694623427,0.0100132460339,74.6871298456,0.000113988149167,171.694578424,211.968557315,69.1570717911,0.0100022524956,0.0194469330885,92.2057450628,0.0100552775251,0.0100165870534,0.0100036989204,0.0150126619944,0.0100783882132,0.0100036926341,158.976423901,211.968216661,52.2123077625,92.2063015644,0.0100004087894,0.0100320984604,0.014991249899,158.976608379,171.694278318,171.693907908,211.968604537,92.2072218017
2011-08-12 12:00:00,0.0100224734052,211.968531328,171.694626629,0.0100221364109,74.6871295485,0.000113449300157,211.968534891,211.968556595,74.6871162975,0.0100039495627,0.019920775407,0.0100251725569,64.1052913525,0.0100293133146,0.0100110628109,0.0155399210414,0.0199502347391,0.0100053622082,158.976403771,92.2064404305,52.2123326933,92.2063055665,0.0100005015042,0.0100668115316,0.0100052261381,158.9772677,171.694278324,92.2064575942,211.96877446,92.2078219054
2011-08-12 13:00:00,82.7884016459,211.968539079,171.694696727,0.0101130437531,74.6871295188,0.000112819862448,211.968536954,211.968552116,74.6871289036,0.0100139340301,0.019963144537,0.0100466566278,64.1053435004,0.0103549328765,0.0100386760464,74.6870774593,0.0199629218467,0.010016400209,158.976358246,92.2063712226,52.2123176567,92.2063040236,0.0100022140352,0.0107708471789,0.0149672325724,158.976907097,171.694280173,171.6942663,211.968613252,92.2073613681
2011-08-12 14:00:00,82.7884784018,211.968549326,211.968617292,0.0102001792423,74.6871299186,0.000112306831186,211.96854723,211.968543344,92.2063053895,0.0100264366018,0.019991948165,158.972608668,64.1053685646,0.0104149840552,0.0100480361801,74.6870850983,0.0199688645945,0.0100312188663,171.694527707,92.2063667448,52.2123117757,92.2063093687,0.0100049456344,0.0108218928322,143.876027858,211.968493234,171.69428497,171.694796205,211.968656066,211.96781706
2011-08-12 15:00:00,82.788516091,211.968553475,211.968649734,0.0103967087576,74.6871314084,0.000111756210066,211.968553498,211.968528518,211.968429878,0.0103858783163,0.0200245904698,158.974949673,64.1073732995,0.0105479426249,0.019934748184,74.6870921771,0.0200093417626,0.010089667734,211.968547367,92.2063851124,52.2123100995,92.2063305315,0.0100068380344,0.0108712943017,143.876043547,211.968581387,171.694371378,211.968273846,211.968966976,211.969501605
2011-08-12 16:00:00,110.384653189,211.9685563,211.968654171,0.0467346729037,74.6871443183,0.00011129265069,211.968562156,211.968522299,211.968527163,0.0133561945097,0.0247872906736,158.974958464,85.4737873353,211.968422281,0.0199842333268,92.2062854497,0.024662934319,0.0143656674599,211.968557562,92.2065010036,52.212350883,211.968346414,0.0139826249135,0.0134880174242,143.876045246,211.968637847,211.968239287,211.96843337,211.969237007,211.969665448
2011-08-12 17:00:00,110.384691865,211.96855672,211.968657858,0.0468095913735,171.69450222,0.000110788460392,211.96856716,190.203686404,211.968531951,0.0133621414392,0.0248012214654,158.97506511,85.4738064545,211.968469999,0.0199880491419,92.2062938735,0.0246686720323,0.0143772829746,211.968559355,171.689871714,52.2123470827,211.968487296,0.0139917370449,0.0135263843178,177.624759293,211.968668686,211.968247912,211.968444515,211.96931071,211.969693234
2011-08-12 18:00:00,110.384699464,211.968556182,211.968661896,0.0468254433557,171.69450677,0.000110324103895,211.96856996,211.968515662,211.968533365,0.0133639181397,0.0248046365477,211.967079566,85.4738085238,211.968481315,0.0199895571645,92.2062955456,0.0246711909033,0.01438110858,211.968560302,211.968312563,52.2123398895,211.968493417,0.0139924190813,0.0135381598948,177.624765699,211.968731295,211.968251121,211.968451171,211.969408457,211.969712335
2011-08-12 19:00:00,110.384700077,211.968556389,211.968663237,0.0468293254128,171.694510337,0.000109747161489,211.968570103,92.2063314386,211.968533426,0.0133650541092,0.0248047461169,211.967086682,85.4738096306,211.968484232,0.0199897456417,92.2062961034,0.024671873347,0.0143820547201,211.968560212,211.96846225,52.2123195234,211.968490431,0.0139926041021,0.0135403988233,177.62476634,211.968753909,211.968251278,211.968453288,211.969376704,211.969692426
2011-08-12 20:00:00,110.384699882,211.968556327,211.96866156,0.0468282867888,171.694514228,0.000109313626213,211.968569333,92.2063260196,211.968532998,0.0133652589534,0.0248046190605,211.967088338,85.4738094391,211.968484574,0.0199895504327,92.2062963555,0.0246720230571,0.0143818636569,211.968559632,211.968478072,52.2123238522,211.968479895,0.0139926292943,0.0135413459173,177.624766515,211.968690973,211.968250827,211.968443347,211.969287478,211.969651659
2011-08-12 21:00:00,110.384697784,211.968555336,211.968659514,0.0468268199276,171.69451052,0.000108710149845,211.968567949,92.2063247412,211.968532681,0.0133649209663,0.0248040485088,211.967088818,85.47380868,211.968483031,0.019989375194,92.2062964842,0.0246719975994,0.0143813727167,211.96855911,211.968305975,52.2123116125,211.968437574,0.0139926123984,0.0135404108979,177.624766661,211.968698395,211.968250213,211.968433448,211.969165858,211.969593017
2011-08-12 22:00:00,110.384696017,211.968554454,211.968656696,0.0468240574821,171.694507058,0.000108040403911,211.968565413,92.206323987,211.968532289,0.0133642319202,0.0248030260567,211.967088777,85.4738087281,211.968480825,0.0199891293007,92.2062965379,0.0246715731425,0.0143805544908,211.968558707,211.964795191,52.2122990751,211.968223089,0.0139925624353,0.0135389022841,177.624766693,211.968675134,211.968249192,211.968424651,211.968858262,211.969497887
2011-08-12 23:00:00,110.384693467,211.968553723,211.968654926,0.0468214205855,171.694506171,0.000107464169813,211.968562732,92.2063231427,211.968532269,0.0133634938696,0.0248018603675,211.967088572,85.4738082875,211.968478871,0.0199888377197,92.2062965273,0.0246710382984,0.0143795266765,211.968558481,92.2064451306,52.2122920994,211.967016263,0.0139925037173,0.0135374968713,177.624766697,211.968673894,211.968247863,211.968413105,211.968754465,211.969437928
2011-08-13 00:00:00,110.384691105,211.968554069,211.96865249,0.0468188456303,171.694504361,0.000106891680868,211.968548441,92.2063227225,211.968534135,0.01336266302,0.0247946416614,211.967088356,85.4738076876,211.968478198,0.0199884384328,92.206296508,0.0246704044422,0.0143787229295,211.968558504,92.2063751562,52.2122841674,211.966875967,0.0139924484675,0.0135353442268,177.62476664,211.968645874,211.968246526,211.968338534,211.968691222,211.969288012
2011-08-13 01:00:00,110.384688707,211.968553817,211.968649948,0.0468166177785,171.694499152,0.000106341041097,211.968548054,92.2063223501,211.96853415,0.0133617124215,0.0247958515822,211.967087963,85.4738072428,211.968476245,0.0199880115139,92.2062962437,0.0246698350619,0.0143774565298,211.968558449,92.2063697018,52.212282773,92.211082369,0.0139923710352,0.0135337716864,177.624766799,211.968637301,211.968245129,211.968328737,211.968647379,211.969236036
2011-08-13 02:00:00,110.384686428,211.968553302,211.968646729,0.0468118972777,171.694482314,0.000105863190171,211.968549613,92.2063232822,211.968533661,0.0133606001305,0.0247959906857,211.967087515,85.4738064921,211.96847407,0.019987344227,92.2062956426,0.0246691453504,0.0143760698554,211.968558511,92.2063663937,52.2122817234,92.2075348595,0.0139922728127,0.0135311285762,177.624766813,211.968656047,211.968243074,211.968301147,211.968635201,211.969213917
2011-08-13 03:00:00,110.384685512,211.968553933,211.968640851,0.0468050652119,171.69446058,0.000105350128581,211.968549334,92.2063238961,211.968532559,0.0133586161371,0.0247927075625,211.967086942,85.473806203,211.968470584,0.019986007354,92.2062950007,0.0246680361791,0.0143742555695,211.968558595,92.2063680123,52.2122800758,92.2074200321,0.0139921372544,0.0135274256493,177.624766779,211.968638283,211.96823952,211.968347613,211.968620285,211.96923725
2011-08-13 04:00:00,110.384684404,211.968554304,211.968624496,0.0467948173002,171.694273459,0.000104938078207,211.968550282,92.2063241386,211.968531894,0.0133541472528,0.0247881940471,211.967086161,85.4738051558,211.96846335,0.0199838505366,92.206294157,0.0246664412806,0.0143713112926,211.968558712,92.2063684789,52.2122765659,92.208797832,0.0139918632472,0.0135226945252,177.624766682,211.968667091,211.968234067,211.96832534,211.968654373,211.969353891
2011-08-13 05:00:00,110.384677028,211.968552419,211.96860737,0.0467553481401,74.6878933059,0.000104633844379,211.968550438,92.2063241827,211.968529356,0.0130610855503,0.0247327067449,211.967084507,85.4738027514,211.968440728,0.0199657638106,92.2062913669,0.0246591010038,0.0143528881713,211.968558798,92.206367795,52.2122725382,92.2114443135,0.0139912690375,0.0135076641048,177.624766551,211.968699587,211.968207675,211.968243674,211.968607447,211.969234273
2011-08-13 06:00:00,110.384559447,211.968540706,211.968610833,0.010856382449,74.6871457832,0.000104352568227,211.968542839,92.2063257663,211.96849642,0.0100240249418,0.020012749723,211.967082067,85.4737865484,0.0107830549235,0.0100399088202,92.206254177,0.0162804084624,0.0100568059777,211.96855793,92.2063648276,52.2122705814,92.2070058643,0.0137744209498,0.0113011334997,177.624766255,211.968672104,0.010486954733,211.968424897,211.968537863,211.968347129
2011-08-13 07:00:00,0.0102368685806,211.968485233,171.694601922,0.0105289303339,74.6871327833,0.000104047244104,171.694548544,92.2063254205,158.976034343,0.010012019629,0.0199938452936,211.96705942,85.473526195,0.0103200202958,0.0100288951242,69.1548996515,0.0162402007491,0.0100298639627,211.968552405,92.2063792193,52.2122706849,92.2065809431,0.0100043708699,0.0102319924829,177.624762547,211.968690576,0.01039051731,211.96831374,211.968444176,158.978156788
2011-08-13 08:00:00,0.0101191596374,92.2064131414,171.69457548,0.0104327570172,74.6871308272,0.00010374520649,171.694536188,92.206325412,158.976011026,0.0100033426119,0.0199756314839,0.0101368643166,64.1052709925,0.010287865549,0.0100097356018,69.1548872206,0.0162317074559,0.0100127082585,171.694519237,92.2064049908,52.2122712249,92.2063165123,0.0100025848686,0.0101955653873,62.5861066546,211.96860401,0.0103789558217,211.967381815,211.968231097,158.977209323
2011-08-13 09:00:00,0.0100928382431,92.2063409655,171.694542045,0.0100336344182,74.6871298524,0.000103276812576,171.694538694,92.2063250371,92.2063172572,0.0100018447749,0.0196764919986,0.0101057787644,64.1049608905,0.0100439808156,0.0100034269431,69.154867184,0.0100710445871,0.0100047100817,158.976428241,92.2063810481,52.2122700307,92.2063072594,0.0100006815995,0.0100805509142,62.5861042291,211.968501772,0.0102376322484,176.332883014,211.96718747,158.977077455
2011-08-13 10:00:00,0.0100217217522,92.2063378448,92.2063721035,0.0100176190497,74.687128647,0.000102727216367,171.694544024,92.2063245811,0.0200681171833,0.0100015600899,0.0111095809743,0.0100903024681,0.0100139989739,0.0100181630785,0.0100026115806,0.0149568845407,0.010010627896,0.0100037055399,92.2063237323,92.2063689675,52.2122684924,92.2063038989,0.010000361238,0.0100322377227,62.5861011149,211.967307729,0.0100345196975,171.697603731,171.699732171,158.976779287
2011-08-13 11:00:00,0.0100070810006,92.2063446877,92.2063688535,0.010016980139,74.6871227303,0.000102165025375,211.968470295,92.2063243798,0.0200356133382,0.0100019046368,0.0179977129281,0.0100089599942,0.0100096372444,0.0100161511993,0.0100032818559,0.0100145595559,0.0100165808358,0.0100038937727,92.2063229302,92.2063684474,52.2122674408,92.206303165,0.0100003202901,0.0100341127002,0.0100890109974,158.978252761,0.0101848091513,171.696474136,171.696262316,158.972518321
2011-08-13 12:00:00,0.0100058389473,211.968382783,171.694589047,0.0100367653286,74.6871065044,0.000101652566775,211.9664849,92.2063246923,92.2063115251,0.0100033212384,0.0199244387986,0.0100050446139,0.0100177506482,0.0100278613934,0.0100079717421,0.0149472911284,0.0162255748068,0.0100055179667,92.2063242923,92.2063855375,52.2122666434,92.2063096489,0.0100003902523,0.0100488853886,0.010007860457,211.968314552,0.0103720296897,171.695306934,171.697163194,158.976955493
2011-08-13 13:00:00,0.0100080041922,211.968520269,171.694586215,0.0104627428765,74.6871260546,0.00010116310227,171.694540763,92.2063235107,92.2063167662,0.0100119551325,0.0199875833975,0.0100059344464,0.0101986612539,0.0102557077722,0.0100288604884,0.0150063521954,0.0162362086305,0.0100178651263,92.2063257653,92.2064577931,52.2122652693,92.2063270533,0.0100008430126,0.0101935936573,0.0100665612367,158.976658482,0.0103763454136,171.698532608,211.947148653,158.977115702
2011-08-13 14:00:00,0.0100458220278,211.968544376,171.694595528,0.0105339466646,74.6871298529,0.000100719059846,171.694541467,92.2063233872,158.976008857,0.0100237553737,0.0200030351384,0.010017850424,64.1052362799,0.0103105713257,0.0100383400336,69.1548828408,0.0162399597598,0.0100324059953,158.976439281,92.2095656416,52.2122636121,211.967393341,0.0100029046177,0.0102120589749,62.5860991207,158.976626119,0.0103854268862,211.968297649,211.967218691,158.977442542
2011-08-13 15:00:00,0.0101115200015,211.968551374,211.968539783,0.0107952305715,74.6871317219,0.000100265923026,171.694541716,92.2063244158,158.976041058,0.0103356113471,0.0204632582448,0.0100982310376,64.1052993365,0.0104147429897,0.0198896625865,69.1548916697,0.0162675043559,0.010086943694,171.694522312,211.96787941,52.2122625353,211.968481737,0.0100046982239,0.0102443261963,62.5861039896,211.968338105,0.0104071627496,211.968406408,211.968413838,211.969338702
2011-08-13 16:00:00,0.0132857039856,211.968554552,211.968591727,0.0463850600656,74.6871444458,9.98219817353e-05,171.694543651,92.2063272437,211.968526408,0.0130810148764,0.0569537042215,0.0101085430468,85.4737429638,211.96778884,0.0199773673698,92.2063097212,0.0200483939256,0.01356994944,211.968551692,211.968472433,52.2122662757,211.96849278,0.0133231126688,0.0126391294261,62.5861055856,211.968563524,0.0128265213352,211.968455709,211.968643238,211.969606368
2011-08-13 17:00:00,0.0133803169687,211.968554175,211.968626327,0.0464525567978,171.694543172,9.94044150176e-05,211.968516368,211.968548597,211.968535249,0.0130869607891,0.0569834517284,0.0108000480592,85.4737972287,211.967842274,0.0199814670867,92.2063298243,0.020053179623,0.0135810829819,211.968557112,211.968532357,52.2122678564,211.96848597,0.0133319588852,0.0126883982172,77.266816582,211.968586227,0.0128379094434,211.968456592,211.968634597,211.969630324
2011-08-13 18:00:00,0.0133908403028,211.968554364,211.968611672,0.046468101894,171.694550653,9.89453586129e-05,211.968553189,211.968557743,211.968538176,0.0130888142359,0.056992077809,92.2058412827,85.4738043191,211.967854116,0.019982947505,92.2063330813,0.02005520178,0.0135847929485,211.968557693,211.968541195,52.212268243,211.968485893,0.0133326514902,0.0127017887048,77.2668243445,211.968629076,0.0128420608354,211.96844864,211.968668533,211.969637708
2011-08-13 19:00:00,0.0133904931239,211.968554181,211.968645449,0.0464719263609,171.694551589,9.84791228165e-05,211.968560174,211.968559188,211.968539673,0.0130898319956,0.056992394659,92.2058506431,85.4738069824,211.967856861,0.0199832125414,92.2063338514,0.0200557442301,0.0135856875055,211.968557068,211.968550574,52.2122667853,211.96838293,0.0133328354618,0.0127049399845,77.2668249733,211.968637921,0.0128432578736,211.968451481,211.968695153,211.969620027
2011-08-13 20:00:00,0.0133900948513,211.968554009,211.968649932,0.0464711759581,171.694552106,9.8075363272e-05,211.968559835,211.968560071,211.968539879,0.0130900405887,0.0569912426993,92.2058525026,85.4738071743,211.967857251,0.0199830050012,92.2063342028,0.0200557288023,0.0135855190043,211.96855563,211.96855549,52.2122675489,211.966103446,0.0133328748579,0.0127052665173,77.2668251189,211.968650657,0.0128434113749,211.968435419,211.96851645,211.969546615
2011-08-13 21:00:00,0.0133876989286,211.968552627,211.968651855,0.0464696036078,171.694552103,9.75504820275e-05,211.968563674,211.968559909,211.968539553,0.0130898906532,0.0569894105976,92.2058532024,85.4738068157,211.96785576,0.0199827273921,92.2063343501,0.0200555062925,0.0135850675411,211.968554677,211.968551738,52.2122648456,92.2063865018,0.013332869061,0.0127045615508,77.2668252016,211.968646619,0.0128432106684,211.968409832,211.968454917,211.969495343
2011-08-13 22:00:00,0.0133853332927,211.968550944,211.968652734,0.0464666200307,171.694551635,9.69442618092e-05,211.968562706,211.968559171,211.968539099,0.0130892722662,0.0569877688973,92.2058533413,85.4738071997,211.967853403,0.0199823746927,92.2063343982,0.0200550668789,0.0135843358247,211.968553487,211.968545116,52.2122613227,92.2063212487,0.0133328369885,0.0127037379493,77.2668252195,211.968642043,0.0128428922464,211.968385952,211.968359428,211.969417107
2011-08-13 23:00:00,0.0133825633263,211.968549492,211.968653365,0.0464639195465,171.694551388,9.634581191e-05,211.968560328,211.968558373,211.968538627,0.0130884050068,0.0569858012016,92.2058532565,85.4738067199,211.967851332,0.0199820990442,92.2063343849,0.0200545242272,0.0135833040666,211.968553977,211.968538466,52.2122578537,92.2063123059,0.013332782935,0.012705378222,77.2668252053,211.968570543,0.0128421801178,211.968361977,211.968377018,211.969405355
2011-08-14 00:00:00,0.0133805930175,211.968548685,211.968652677,0.046461562045,171.694550146,9.58058617942e-05,211.968551645,211.968558719,211.968538393,0.0130879760579,0.0569873974897,92.2058531676,85.4738068575,211.967850685,0.0199820348257,92.2063342226,0.0200539193661,0.0135823451021,211.968555478,211.968529963,52.2122557263,92.2063185233,0.0133327171422,0.0127043013027,77.2668251758,211.968542863,0.012841321571,211.968286101,211.968371894,211.96947274
2011-08-14 01:00:00,0.0133772738751,211.968547375,211.968651333,0.0464595860691,171.694549002,9.53042298189e-05,211.96855269,211.968558282,211.96853814,0.0130868842725,0.0569867314053,92.2058528195,85.4738063086,211.96784853,0.0199814511795,92.2063340108,0.0200533123959,0.0135812564767,211.968555132,211.96852175,52.2122528869,92.2063119206,0.0133326436759,0.0127025432377,77.2668251219,211.968524087,0.0128404084243,211.968275503,211.968306756,211.969515904
2011-08-14 02:00:00,0.0133749615102,211.968544788,211.968651221,0.0464535865064,171.694548928,9.4915134591e-05,211.968553307,211.96855793,211.968537809,0.0130857542207,0.0569846360176,92.2058523779,85.4738051844,211.967846008,0.0199805358886,92.2063335964,0.0200525618358,0.0135798676287,211.968555484,211.968505048,52.2122505506,92.2063075993,0.0133325437657,0.0127006025496,77.2668250461,211.9684876,0.0128388498449,211.968207458,211.968378814,211.969539917
2011-08-14 03:00:00,0.0133726076486,211.968544781,211.968653418,0.0464461943298,171.694550141,9.44744792739e-05,211.968554312,211.968557601,211.968537003,0.0130838093099,0.0569794035345,92.2058518912,85.4738049532,211.967842187,0.0199789566825,92.2063332007,0.0200512884239,0.013577731573,211.968555652,211.968479112,52.2122480913,92.2063038754,0.0133324051571,0.0126977340623,77.2668249428,211.968415133,0.0128361864735,211.968054849,211.96835588,211.969546374
2011-08-14 04:00:00,0.0133707577737,211.968543288,211.968654301,0.0464337214107,171.69455049,9.39916116041e-05,211.968554904,211.968556999,211.968536368,0.0130794483219,0.0569695632214,92.2058513309,85.4738026965,211.967835247,0.0199764321685,92.2063328023,0.0200494502516,0.0135745256337,211.968555635,211.968450028,52.212242686,92.206299288,0.013332112212,0.0126920908908,77.2668247373,211.968173797,0.0128319172175,211.96736524,211.968179365,211.969564607
2011-08-14 05:00:00,0.0133651852722,211.968522169,211.968655006,0.0463899641227,171.694550758,9.36450506557e-05,211.968554709,211.968556429,211.968533639,0.0128331622941,0.0567160874424,92.2058497961,85.4737993626,211.967813113,0.0199489199742,92.2063315927,0.0200418055194,0.0135577862285,211.968556121,211.968266041,52.2122329482,92.2062938519,0.0133314744305,0.0126767596133,77.2668244731,158.983141079,0.0128151641205,92.2066546323,211.968047198,211.969516816
2011-08-14 06:00:00,0.0101009783518,92.2063297181,211.968655079,0.0262369014517,171.694550472,9.34408535208e-05,211.968536338,211.968554816,211.96849524,0.0100360256448,0.0201228979877,92.2058478322,85.4737714155,0.0107405745625,0.0100386639264,92.2063098937,0.0101046920726,0.0100579567644,211.968554075,92.2063734333,52.2122145745,92.206296457,0.0100397813516,0.0103530309824,77.2668239314,158.976448237,0.0101057664147,92.2065739464,211.936294777,211.968834239
2011-08-14 07:00:00,0.0100254039049,92.2063150246,211.968652518,0.0260046739111,171.694548043,9.32880078109e-05,211.968480625,211.968551916,92.2063202565,0.0100226171603,0.0200708789201,92.2058386603,64.1053354046,0.0103139848594,0.0100283582212,74.6871249896,0.0100718310053,0.0100312402686,211.968535695,92.2062472769,52.2122092713,92.2062916698,0.010003732775,0.0101169627562,77.2668087404,158.976390235,0.0100508424403,92.2063409573,171.694774771,158.977795135
2011-08-14 08:00:00,0.0100057725264,92.2060583694,211.968632215,0.0258762017025,171.694535133,9.30353093965e-05,171.694536865,211.968545845,92.2063029405,0.0100047758728,0.0200102556184,0.0148804495189,64.1052552814,0.0102827521573,0.0100066051302,74.6871193883,0.0100564079452,0.0100157450076,171.694521799,0.0150177212917,52.2122140975,92.2062909541,0.0100019156002,0.0100843447645,0.0150070698314,158.976409279,0.0100282532683,92.2062878415,171.679070959,158.977072312
2011-08-14 09:00:00,0.0100021570074,92.2061627177,211.968538081,0.010044920092,139.072587841,9.26330690183e-05,171.694526073,211.968351604,92.206292978,0.0100027590098,0.0197876824923,0.0147161803006,0.0100376277688,0.0100520199733,0.0100032353991,74.6870136203,0.0100073148384,0.0100049558196,171.694517881,0.0150097983921,52.2122184296,92.2062984545,0.010000571908,0.0100290665979,0.0150050398879,158.976408169,0.0100072845363,92.2062455765,92.2066981084,158.976079439
2011-08-14 10:00:00,0.0100014543198,92.2062608065,171.694643564,0.0100211291527,139.072585132,9.21848404024e-05,92.2063495523,92.2063275809,92.2062593925,0.0100028053681,0.0100380977026,0.0146950355497,0.0100112185675,0.0100190477206,0.0100028817795,0.0100123252501,0.0100047656409,0.0100037503192,158.976435065,0.0150096696703,52.2122187703,92.2063021302,0.0100003666007,0.0100179740891,0.0149942574123,158.976425896,0.0100046447421,92.2060779226,92.2067328681,92.2068456796
2011-08-14 11:00:00,0.0100014153647,92.2062934567,211.968502873,0.0100246386235,139.072584361,9.17771597993e-05,171.694518234,92.2063250216,92.2062145268,0.0100045141597,0.0100964333338,0.0100106287948,0.0100086406291,0.010016133848,0.0100034137421,0.0100108193713,0.0100047775353,0.01000385348,158.976316243,0.0150189972119,52.212203994,92.2063069803,0.0100003795434,0.010016453535,0.0100029021105,158.976513289,0.0100063213586,92.2052379028,92.207067529,92.206839156
2011-08-14 12:00:00,0.0100015849803,92.206321623,171.694640843,0.0101078532376,139.072582452,9.14418598129e-05,171.694539732,92.2063249324,92.206284815,0.0100153529536,0.0199896609915,0.0100058645405,0.0100110413439,0.0100271899812,0.0100099258447,0.0149872932623,0.0100131029039,0.010005451152,158.97641055,0.0186600693992,52.2121473403,92.2063126023,0.0100005456983,0.0100190585469,0.0100017814763,158.976473473,0.0100181305351,0.0153036774546,171.693522411,92.2071589172
2011-08-14 13:00:00,0.0100028034973,92.2063237512,211.968526982,0.0259801996667,139.072584001,9.10601732789e-05,171.694537362,92.2063243039,92.2062922232,0.0100292776425,0.020062010417,0.0100117623417,64.1051764866,0.0102502749879,0.010029410687,74.6871113625,0.0100658472476,0.0100177319589,171.694513818,0.0150027307402,22.7125367313,92.2063333668,0.0100011805728,0.0100634405427,0.0149973363184,158.976529367,0.0100386155318,92.2062348378,211.967778136,158.977101931
2011-08-14 14:00:00,0.0100115621935,92.2063279705,211.968456574,0.0260252210225,139.072584491,9.06879027027e-05,211.968409436,92.2063237672,92.2062976123,0.0100428265529,0.0200993661847,0.0141963095557,64.1052696646,0.0103047463861,0.0100387115666,74.6871210931,0.0100745354036,0.0100331173756,171.694519684,0.015005360547,22.7125480859,92.2064731661,0.0100028794308,0.0101013769498,0.0150033322513,158.976907869,0.0100503771684,92.2063228582,211.968477045,211.960186172
2011-08-14 15:00:00,0.0100498212837,211.968469516,211.968552761,0.0265214579362,139.072586068,9.03137956902e-05,211.968545329,92.2063242296,92.2063166827,0.01341104987,0.0251305001378,0.0147057424123,64.1054333646,0.0104039384083,0.019931622229,74.6871412242,0.0101133141139,0.0100864367185,211.968525512,0.0150093747633,52.2122132354,211.968191836,0.0100045647946,0.0101396341908,0.0150053079339,211.967869885,0.0100855871733,92.2065428394,211.968590043,211.969454441
2011-08-14 16:00:00,110.385129396,211.968527763,211.968640054,0.0463922462523,139.072595242,8.9921405279e-05,211.968556926,92.2063254785,113.834928524,0.0137763701715,0.0570980619042,0.0147161455189,85.4737780423,98.3824019771,0.0200387903158,211.968502493,0.0197119766601,0.0147690500698,211.968541325,0.0150640771752,52.2122275835,211.968398528,0.0133102021373,0.0125053017949,0.015007127873,211.968414021,0.0125303808615,92.2074442307,211.96888071,211.969630422
2011-08-14 17:00:00,110.38540572,211.968532688,211.968651743,0.046447924274,171.694548142,8.94779137225e-05,211.968561137,211.96846654,113.834931416,0.0137828990311,0.0571293702901,0.0149455957804,85.4738038694,98.3824546199,0.020043317483,211.968542727,0.0197213318088,0.0147824508667,211.968544394,92.206362389,52.2122300739,211.968444332,0.0133199865794,0.0125505645233,77.2668268673,211.968461478,0.0125515646618,92.2107700295,211.968814806,211.969650316
2011-08-14 18:00:00,110.385422357,211.968526179,211.968653033,0.0464626368278,171.694550006,8.91360850855e-05,211.968559701,211.968555626,113.834931834,0.013784965382,0.0571380761979,92.2058139908,85.4738076652,98.382466198,0.0200449240229,211.968546977,0.0197242184493,0.014786430671,211.968546286,211.968125546,52.2122209252,211.968440918,0.0133207377512,0.0125625782864,77.2668449451,211.968505317,0.01255759524,211.963609743,211.968967456,211.969654853
2011-08-14 19:00:00,110.385425284,211.968520575,211.968653924,0.0464672616762,171.694551167,8.87514221555e-05,211.968559915,211.968557662,113.834929878,0.0137862970655,0.0571397270914,92.2058236297,85.4738089351,98.3824693855,0.0200450090601,211.968548778,0.0197251072363,0.0147874196672,211.968543775,211.968524338,52.2122161045,211.968489937,0.0133209428328,0.0125666234215,77.2668457865,211.968524512,0.0125591826229,211.963303079,211.969050143,211.969646082
2011-08-14 20:00:00,110.385426705,211.967380652,211.968652967,0.0464667746138,171.694551747,8.84117620273e-05,211.968558589,211.968558445,113.83492203,0.0137863186661,0.0571393636808,92.2058255749,85.4738086757,98.382470275,0.0200446315218,211.968550318,0.0197253082247,0.014787360923,211.968538811,211.968538068,52.2122021148,211.968491003,0.0133209954739,0.0125669842857,77.2668459944,211.968525636,0.0125597288126,211.963920304,211.968875284,211.969621337
2011-08-14 21:00:00,110.385425416,92.2063368229,211.968651997,0.0464649014419,171.694551748,8.77229943387e-05,211.968559077,211.968557684,113.834902629,0.0137860630188,0.057138377017,92.2058262606,85.4738077519,98.3824691442,0.0200445612071,211.968552121,0.0197251986592,0.0147869426091,171.694537773,211.968542944,22.7126609093,211.968488115,0.0133209990355,0.0125669801595,77.2668460887,211.968523104,0.0125597573074,211.964112909,211.968676565,211.969602725
2011-08-14 22:00:00,110.385424143,92.2063276615,211.968651441,0.0464621625046,171.694551025,8.71068979932e-05,211.968558879,211.968556344,92.2063920805,0.0137853578672,0.0571364813829,92.2058264548,85.4738084104,98.3824670218,0.0200444961539,211.968553315,0.01972487154,0.0147863081143,171.694522162,211.968539444,22.7124849873,211.96845946,0.013320969865,0.0125692595169,77.2668460953,211.968514209,0.0125597451143,211.964162802,211.968564614,211.969582826
2011-08-14 23:00:00,110.385422499,92.2063249885,211.968651337,0.0464592643202,171.6945508,8.64920158699e-05,211.968559216,211.968555102,92.2063430943,0.0137846590703,0.0571339993912,92.2058263775,85.4738091517,98.382465722,0.0200444922106,211.968554109,0.019724514192,0.0147852706126,171.69452269,211.968532185,0.0150427943112,211.968407892,0.0133209234064,0.0125681316459,77.2668460805,211.96850673,0.0125591346257,211.964152504,211.968537819,211.96956538
2011-08-15 00:00:00,110.38542092,92.2063249657,211.96863037,0.0464572754358,171.694550175,8.59933998862e-05,211.968557238,211.968552531,92.2063200959,0.0137838898466,0.0571309840608,92.2058261841,85.4738092477,98.3824647213,0.02004429615,211.968554286,0.0197241613731,0.0147843204092,171.694520815,211.96834992,0.0150141198934,211.968064725,0.0133208692254,0.0125672519699,77.2668460291,211.968501745,0.0125586192706,211.963758781,211.968527158,211.969563127
2011-08-15 01:00:00,110.385419315,92.2063229304,211.968644428,0.0464550218151,171.694550164,8.55788358775e-05,211.968558137,211.96855401,92.2063281155,0.0137830680174,0.057127815245,92.2058259371,85.4738091694,98.3824625613,0.0200439103593,211.968554557,0.019723697332,0.0147833976119,171.694525295,211.96840525,0.0150102956604,171.694435244,0.0133208024773,0.0125656812677,77.2668460073,211.968493888,0.0125580423886,211.963342436,211.968537092,211.969535814
2011-08-15 02:00:00,110.385418272,92.2063205235,211.968649587,0.0464503578883,171.694550793,8.52631720411e-05,211.968558248,211.968553758,92.2063495012,0.0137820852848,0.0571243888478,92.2058255901,85.4738088717,98.3824598308,0.0200432256102,211.968555787,0.019723334652,0.0147822361715,211.968539178,211.968493753,0.0150106834493,171.694420805,0.0133207131387,0.0125633758916,77.2668459628,211.968478823,0.0125574722801,211.963659875,211.968548861,211.969504475
2011-08-15 03:00:00,110.385417851,92.2063204644,211.96865156,0.0464442659312,171.694550778,8.49809955772e-05,211.968558147,211.968553934,113.834922135,0.0137804183812,0.0571191134372,92.2058251776,85.4738094546,98.3824560113,0.0200418585688,211.968558404,0.0197227735073,0.0147807730175,211.968546076,211.968522312,0.0150126919837,211.968159517,0.0133205910008,0.0125605683865,77.266845897,211.9684658,0.0125563007953,211.963742716,211.968578481,211.969474546
2011-08-15 04:00:00,110.385417546,92.2063192886,211.968652838,0.0464349832376,171.694550357,8.49432966676e-05,211.968557011,211.968555466,113.834927802,0.013777075361,0.0571109976542,92.205824427,85.4738095727,98.3824485407,0.0200396391383,211.968559518,0.0197220237052,0.014778716864,211.96855423,211.968535047,0.0150099278748,211.968456235,0.0133203400696,0.0125531634962,77.266845757,211.968451405,0.0125548284051,211.96375552,211.968703289,211.96946197
2011-08-15 05:00:00,110.385413458,92.2063111904,211.968654643,0.0464005122428,171.694550089,8.50856758981e-05,211.968555302,211.968557464,113.834913684,0.013696895878,0.0570167874943,92.2058231153,85.4738105734,98.3824276023,0.0200149594356,211.968559617,0.0197165868084,0.0147650222396,211.968557038,211.968543499,0.0150336524506,211.968485931,0.0133198012469,0.0125447390248,77.2668455481,211.968424964,0.0125461407198,211.963901343,211.968873005,211.969285623
2011-08-15 06:00:00,110.385172453,0.0150144045472,211.968655864,0.0117706655978,171.694549073,8.48695702033e-05,211.96855073,211.968558449,92.2063153409,0.0103487168612,0.0248319351697,92.2058209472,85.4738108657,0.0106091139119,0.0100527101491,211.968545321,0.0108732076754,0.0100831779625,211.968551861,211.968564906,22.7125770611,211.968360313,0.0133076437057,0.0102648977399,77.2668450979,211.968318667,0.0101565765489,211.963553046,211.968809231,211.968016794
2011-08-15 07:00:00,82.7893767615,0.0150033680627,211.968647652,0.0114171378654,171.694536338,8.4537125323e-05,211.96850521,211.968556187,92.2063089853,0.0103345275864,0.0248027485226,92.2058086025,85.4738089371,0.0102002623198,0.010041761809,171.694556761,0.0108192339442,0.0100467465236,211.968522439,211.968563849,22.7125611298,211.968125508,0.0100128807281,0.0101082808064,77.2668360277,158.976287031,0.010083811674,171.693975168,211.968555121,92.2079513392
2011-08-15 08:00:00,82.7893588479,0.0150011247035,171.694737981,0.011329213182,74.6871821611,8.42299334614e-05,171.694500481,211.96854465,92.2062975284,0.0100164152106,0.0245003223502,0.0148563417312,85.4738024148,0.0101658133601,0.0100127922277,171.694539206,0.0108083684106,0.0100251212277,92.2063456688,211.968543418,22.7125486005,92.2069046725,0.0100112854316,0.0100783281852,0.0148295024868,158.976097013,0.0100571600933,171.691009097,211.968300741,92.2069963547
2011-08-15 09:00:00,82.7893135428,0.0150004289675,171.694493109,0.010049773449,74.6871696729,8.38234874799e-05,171.6944897,158.976309287,92.2062937814,0.0100051031977,0.0198905063798,0.0147249705927,85.4737517165,0.0100286701948,0.0100035523999,171.694538412,0.0100199059869,0.0100064505049,92.2063250757,211.968516408,28.0467575309,92.206316413,0.0100072734024,0.0100290753257,0.0148274402147,158.976005085,0.0100098413232,171.690760613,171.695627456,92.2067902183
2011-08-15 10:00:00,82.7891525497,0.0150001639337,92.2063701338,0.010022250772,74.687132933,8.34858246984e-05,92.2063251017,92.206328771,92.2062882765,0.0100051460578,0.0100548358009,0.0147048790786,64.1054020122,0.010013341554,0.0100034251342,171.694538312,0.0100072466512,0.0100046879946,92.2063229092,211.968040111,22.7144636034,92.2063030985,0.0100010758198,0.0100179015523,0.0148244877941,158.975811371,0.0100067938774,171.690048027,171.695305899,92.2067543296
2011-08-15 11:00:00,82.7891623541,0.0150002487198,92.2063726369,0.0100215017638,74.6871308438,8.30130673985e-05,92.2063299154,92.2063331249,92.2062824955,0.0100182496339,0.0200714914394,0.0100120847432,64.1053760793,0.0100120404564,0.0100039244171,171.694541287,0.0100077629891,0.0100050451227,92.2063225016,158.976684479,52.212043312,92.206298132,0.0100008186523,0.0100134693061,0.0100050658762,92.2077091004,0.0100069851309,171.684260768,171.695782256,92.2067664041
2011-08-15 12:00:00,82.7892069794,0.0150010395353,92.2063696411,0.0100515500473,74.6871305699,8.26756029019e-05,158.976481929,158.97637809,92.2062931969,0.010333952153,0.0247869702597,0.0100058344878,64.105353029,0.0100213701127,0.0100189395661,171.694551066,0.0100416450822,0.0100079630655,92.2063218495,211.968455503,52.2122008404,92.2062650349,0.0100019004845,0.0100187166626,0.0100016460953,158.975543579,0.0100140236955,92.2078291559,171.695665917,92.2067879097
2011-08-15 13:00:00,82.7893439246,0.0150020596296,92.2063647197,0.0113590162662,74.6871313795,8.22587234877e-05,92.2063711926,92.2063285482,92.2063019464,0.0103432828927,0.0248101527676,0.0100065773021,64.1053603839,0.0101373908377,0.0100424182964,211.968405547,0.0108109318806,0.0100347179168,92.2063220639,211.968506432,52.212201262,92.2055938323,0.0100062343143,0.0100583097023,0.0100021576763,158.975829547,0.0100652568518,171.690820054,211.967246318,92.2068346868
2011-08-15 14:00:00,82.7893655109,0.0150074275692,92.2063712294,0.0114224149949,74.6871319132,8.18576782432e-05,158.97698647,92.2063981753,92.2063170434,0.0103588279009,0.024838014708,0.0100268137385,64.1053883441,0.0101917479104,0.0100521319106,211.968510916,0.0108194745874,0.0100495439573,92.2063238175,211.968524429,52.2122025867,92.2062972464,0.010011263677,0.0101002926023,0.0148215216024,158.975955613,0.0100855463523,171.692365932,211.968383742,92.2078096407
2011-08-15 15:00:00,82.7893976903,92.2063040149,171.694516423,0.0118334333372,74.6871668764,8.13935369225e-05,171.694497631,211.968546232,211.968404142,0.0374896422176,0.0570149580192,0.0147122103086,85.4734053302,0.010295116559,183.632434023,211.968546074,0.0108763613081,0.0101659851488,92.2063419946,211.968537361,52.2122050702,92.2063068985,0.0100127558111,0.0101735677252,0.0148272561913,158.976081565,0.0102080131047,211.968035639,211.968693871,211.967931049
2011-08-15 16:00:00,110.385383561,92.2063245632,211.968587057,0.047080830073,74.6871800544,8.10390156358e-05,211.96852436,211.96855684,211.96852433,0.0376080057492,211.968202876,0.0147239296999,85.4737982447,98.3867162842,183.714039005,211.968555547,0.0150613482246,0.0169237747245,211.968524675,211.968543992,52.21220799,92.2066687201,0.0133109552896,211.967765244,0.0148292550952,158.976283299,0.0148514671279,211.968342074,211.969208015,211.969458555
2011-08-15 17:00:00,110.3854693,92.2063243275,211.968654663,0.0471419967008,171.694548498,8.05663313996e-05,211.968550556,211.968559915,211.968529749,0.0376140225962,211.968222122,0.0149372825466,85.4738090248,98.3867678894,183.714045094,211.968560253,0.0150672811023,0.0169345280603,211.968558272,211.968544502,52.2122108483,211.968449583,0.0133199957565,211.967900322,177.624565353,211.968268713,0.0148753899049,211.968367474,211.969272734,211.969584326
2011-08-15 18:00:00,110.385481376,92.2063225672,211.968656622,0.0471564916811,171.694552867,8.02595787435e-05,211.968554152,211.968561153,211.96853238,0.0376157515397,211.968231101,122.94162511,85.4738106793,98.3867789038,183.714047396,211.968561666,0.0150693494137,0.0169380720717,211.968560572,211.96745097,52.2122110692,211.968461636,0.0133207626306,211.967919004,177.624890661,211.968418484,0.01488166004,211.96839823,211.969300494,211.969621513
2011-08-15 19:00:00,110.385483632,92.2063209532,211.968657536,0.0471596799519,171.694553936,7.99100738172e-05,211.968557002,211.968561644,211.968532623,0.0376167922678,211.968229418,122.941634987,85.4738113625,98.38678095,183.7140479,211.968561415,0.0150697130163,0.0169389269118,211.968560831,211.967780966,52.2122092053,211.968471642,0.0133209787163,211.967923862,177.624891699,211.968472092,0.0148835668115,211.968404372,211.969335849,211.969628664
2011-08-15 20:00:00,110.385485328,92.206320335,211.968657129,0.0471591610043,171.694554514,7.94689241764e-05,211.968557581,211.968560183,211.968532036,0.0376171081025,211.968228076,122.941636918,85.4738108022,98.3867808244,183.714047929,211.968560851,0.0150693896179,0.0169387668721,211.968560545,211.968324969,52.2122076956,211.968444437,0.0133210364801,211.967925783,177.624891964,211.968498106,0.0148842652721,211.968403028,211.969193252,211.969616008
2011-08-15 21:00:00,110.385483835,92.2063195976,211.968655993,0.0471572783945,171.694554643,7.87371012718e-05,211.968557834,211.968558387,211.968531207,0.0376167389885,211.968226648,122.941637549,85.4738097086,98.3867792281,183.714047781,211.968560771,0.0150693405707,0.0169382236757,211.968560125,211.968410532,52.212204034,211.965395749,0.0133210367227,211.967926145,177.624892114,211.968503495,0.0148845133015,211.96839583,211.968972375,211.969602636
2011-08-15 22:00:00,110.385482226,92.2063188381,211.968654578,0.0471547157328,171.694554402,7.81356812064e-05,211.968556851,211.968555853,211.968529894,0.0376159564863,211.968224356,122.941637621,85.4738103277,98.3867765802,183.714047544,211.968560807,0.0150688358369,0.0169373380695,211.968559693,211.96830711,52.2121993452,92.2063434887,0.0133209931042,211.967928728,177.624892177,211.968511939,0.0148843813113,211.968387509,211.968731703,211.969578031
2011-08-15 23:00:00,110.385480478,92.206318269,211.968653614,0.0471519017361,171.694554379,7.76222205533e-05,211.968556949,211.968549213,211.968528586,0.0376151080068,211.968221604,122.941637525,85.4738105803,98.3867750952,183.714047268,211.968560662,0.0150683870333,0.0169361150907,211.96855958,211.968376337,52.2121945283,92.20632336,0.0133209432135,211.967928955,177.624892204,211.968511769,0.01488383354,211.96838425,211.968638792,211.969529737
2011-08-16 00:00:00,110.385482193,92.2063234311,211.968650363,0.0471502185411,171.694554194,7.71665949996e-05,211.968555888,211.968470927,211.968528968,0.0376144800812,211.968212918,122.941637354,85.4738106772,98.3867744917,183.71404706,211.968560486,0.0150676489442,0.0169350705498,211.968559536,211.968496069,52.2121965103,92.206317037,0.0133209114371,211.967928374,177.62489221,211.968497871,0.0148833830723,211.968370313,211.96866628,211.969453995
2011-08-16 01:00:00,110.385480065,92.2063218829,211.968650248,0.0471473975727,171.69455403,7.67858451725e-05,211.968556006,92.206360206,211.968528238,0.037613501543,211.968209091,122.94163707,85.4738102877,98.3867748294,183.714046542,211.968560231,0.0150678147101,0.0169338723777,211.96856004,211.968489202,52.21219332,92.2064020229,0.0133208478889,211.967927957,177.624892206,211.968502489,0.0148827717062,211.968377953,211.968741564,211.969374218
2011-08-16 02:00:00,110.385483746,92.2063206636,211.968649215,0.0471425442129,171.694553982,7.64847510012e-05,211.968555071,92.2063275931,211.968526776,0.0376122778775,211.968204394,122.941636857,85.4738096948,98.386774186,183.71404587,211.968560387,0.0150677911176,0.0169325754316,211.968560643,211.968287903,52.2121912514,171.693591262,0.0133207760367,211.96792697,177.624892197,211.968510272,0.0148820185828,211.968394702,211.968708353,211.969401965
2011-08-16 03:00:00,110.385489357,92.2063216597,211.968648664,0.0471372198367,171.69455415,7.62465439008e-05,211.968554494,92.2063255352,211.968526687,0.0376103198199,211.968197068,122.941636435,85.4738097037,98.3867693122,183.714045086,211.968561044,0.015067196912,0.0169309079,211.968561006,211.967733427,52.2121906045,211.967292344,0.0133206805307,211.967926587,177.624892216,211.968522678,0.0148810945708,211.968422344,211.968764117,211.969549898
2011-08-16 04:00:00,110.38549519,92.2063227026,211.968647793,0.0471280690481,171.694554262,7.61840961623e-05,211.968554583,92.2063248982,211.968528557,0.0376061465642,211.968187474,122.941635923,85.4738103253,98.3867658932,183.714043565,211.968560915,0.015065797282,0.0169285127555,211.968561586,92.2085163541,52.2121876099,211.968384961,0.0133204904938,211.967924526,177.624892209,211.96854658,0.0148799194928,211.968442328,211.969136548,211.969601058
2011-08-16 05:00:00,110.385500308,92.206321994,211.968649525,0.0470965017906,171.69455448,7.6271095605e-05,211.96855498,92.2063243019,211.968527924,0.0374844503532,211.967946642,122.941634992,85.4738113562,98.3867552464,183.71403108,211.968559591,0.0150607218686,0.016913498091,211.968561755,92.2064090338,52.2121846481,211.968455582,0.0133200675855,211.967920467,177.624892151,211.968568335,0.0148734849082,211.968440083,211.969175007,211.969594549
2011-08-16 06:00:00,110.38546834,92.2063208466,211.968653454,0.0345291349284,171.694554313,7.60977025297e-05,211.968552465,92.2063251061,211.968520066,0.0101020735566,0.046224213828,122.941633769,85.4738069527,98.386482563,79.9157894191,211.968550604,0.012226934148,0.0100917657204,211.968560781,92.2064061259,52.2121909709,211.968461479,0.0133009367623,211.96786536,177.624891909,211.968570612,0.0128302067936,211.968389728,211.969156438,211.969543956
2011-08-16 07:00:00,82.7891837174,92.206305731,211.96862913,0.0342678424967,171.694551685,7.58251544314e-05,211.968496926,92.2063245652,171.694501955,0.0100868970775,0.0461852033457,122.941626572,85.4737596232,79.6928778644,79.9157732787,171.694564356,0.0121939097131,0.0100529037472,211.96855571,92.2063669281,52.2121897461,211.967605304,0.0100070425733,171.693982368,177.62488862,211.968548052,0.0120297508555,211.968224263,211.968835701,211.969324007
2011-08-16 08:00:00,82.7891248721,92.2061335815,92.2063922897,0.0341777255954,171.694492559,7.55324637244e-05,171.694461432,92.2063225876,171.694484795,0.0100127130325,0.0428272553933,92.2059572758,64.1053708592,79.6928435443,79.9157508042,171.694528732,0.0121859443996,0.0100273513125,171.694538202,92.2063464153,52.2121860847,171.693769963,0.0100051415572,171.693949458,77.2668494215,211.96556631,0.012014553973,211.966722014,211.968546292,158.977297929
2011-08-16 09:00:00,0.0100281074494,74.7069116197,92.2063668009,0.0100533739944,139.072582436,7.51283185788e-05,171.694451277,92.2062209635,92.2063166728,0.010004684997,0.0247874242329,92.2057698334,64.105331423,73.7902894991,0.0100105974888,171.694524337,0.0100264040159,0.0100066718471,158.976415416,92.2063124943,52.2121823858,92.2063884543,0.0100009336441,158.980333281,77.2668467125,158.976522566,0.0119444911189,171.694332222,211.968167846,158.976912077
2011-08-16 10:00:00,0.0100056522682,74.7010870287,92.206354603,0.0100222656518,128.77091193,7.47882772424e-05,158.976380994,0.0150025674376,92.2062999022,0.0100044864031,0.0246495332491,92.2057589691,0.0100689747726,0.0100374610536,0.0100068753943,158.976869427,0.0100084916408,0.0100047978142,92.2063244141,92.2047953876,52.2121774675,92.2063409493,0.0100005124245,0.0100937741587,77.2668444991,158.976473725,0.0114233628045,171.693667617,171.695651608,92.2068001167
2011-08-16 11:00:00,0.0100063648183,92.2061466145,0.0203243079805,0.0100266864099,74.6871328622,7.44417185618e-05,92.2063316659,0.0150011578164,92.2063090312,0.0100081069302,0.024801191955,0.0100259887437,0.01002608792,0.0100351109954,0.010488177631,158.979257854,0.0100125616354,0.0100052956598,92.206323984,0.0150329287141,52.2121718201,92.206377647,0.0100005318662,0.0100649933915,0.014920662503,158.97646012,0.01135160472,92.2070848964,171.695382374,92.2067200128
2011-08-16 12:00:00,0.0100271535265,92.2063056728,92.2063605293,0.0102177487067,74.6871320033,7.40583164555e-05,92.2063365258,0.0150015266921,92.2063155519,0.0100665103024,0.0428489745671,0.0100068857425,0.0100541849154,0.0101601207805,79.9157657946,171.694520512,0.0121487077289,0.0100091333313,92.2063264399,0.0150213152458,52.2121829726,171.693418106,0.0100007914779,158.975751264,0.0100033758844,158.976480156,0.0118437806311,92.2066793116,171.692891585,92.2066743162
2011-08-16 13:00:00,82.7891466564,92.2063122368,92.2063638823,0.0342354885715,74.6871326967,7.37197154243e-05,92.2067040959,0.0150016649779,158.976252099,0.0100905491829,0.0461900518369,0.0100090385184,64.1053131119,79.6925928164,79.9157734419,171.694525753,0.0121903425956,0.0100418274522,158.976406142,0.0150299801618,52.2121782406,171.693387914,0.0100034411425,171.693949534,0.0100293946558,158.976477912,0.0120147534912,171.692587934,171.695079709,92.2067790617
2011-08-16 14:00:00,82.7891738846,92.2063194576,92.2063681707,0.0342783706216,128.770858576,7.33371916052e-05,158.976690199,92.2060682661,171.694492172,0.0101062858561,0.0462578146381,0.0148107647682,64.1053571785,79.6928471842,79.9157795693,171.694530614,0.0121996321398,0.0100567486803,171.694526095,92.2006043272,52.2121778537,211.968409122,0.0100061169819,171.69397142,77.2668348949,158.976515213,0.0120307152515,171.694433671,211.966802881,158.976942239
2011-08-16 15:00:00,82.7892497459,92.2063227908,92.2063814649,0.0346289446536,139.072582099,7.29480568264e-05,171.694455161,92.2063238482,211.968521463,0.0489439192187,0.0570737607859,92.2057545449,85.4734410108,79.692900729,98.6614399594,211.968496778,0.0148708273952,0.0102678593281,211.968536799,92.2063306506,52.2121796175,211.968499997,0.0100084244049,171.694039007,77.2668461375,158.976704233,0.0138481983628,211.968144003,211.96850094,211.968216276
2011-08-16 16:00:00,110.385684126,92.20632474,92.2063942834,0.047603948959,171.694530844,7.25471886067e-05,211.968331315,92.2063259369,211.9685391,0.0491878226733,0.0571104853676,92.205767077,85.4737935994,211.968794531,98.6614571915,211.968545767,0.0210369084947,0.0169235695663,211.96855772,92.2063743468,52.2121865644,211.968506934,0.014114664019,211.96839064,77.2668479328,211.968348762,0.0150369498813,211.9683642,211.968865194,211.969521253
2011-08-16 17:00:00,110.385723997,92.2063242525,113.835055701,0.0476618082005,171.694552982,7.21934955314e-05,211.968548155,211.968523865,211.968543183,0.0491944307694,0.0571218987864,92.2058433684,85.4738081186,211.96883477,98.661460035,211.96855066,0.0210460309347,0.016933732105,211.968560892,211.968508368,52.2121891759,211.968509258,0.0141215338806,211.968436598,177.624923237,211.968609888,0.0150488077152,211.968371301,211.969095556,211.969585866
2011-08-16 18:00:00,110.385733325,92.206326746,113.835062987,0.0476754416652,171.694554322,7.18966637602e-05,211.968551582,211.968550239,211.96854566,0.0491962442345,0.0571261090734,211.966532265,85.4738102312,211.968844566,98.6614612725,211.968551815,0.0210488773322,0.0169371558922,211.968560902,211.968610693,52.2121876981,211.968506676,0.0141222397912,211.968449298,177.624945936,211.96865947,0.0150528893508,211.968269168,211.969137684,211.96958749
2011-08-16 19:00:00,110.385733618,92.20632571,113.83504415,0.0476787775168,171.694554796,7.16034751281e-05,211.968555266,211.968555223,211.968546071,0.0491973488541,0.0571205070328,211.966539076,85.4738113708,211.968846841,98.6614611848,211.968551594,0.0210497951658,0.0169379314514,211.968559905,211.968625907,52.2121860818,211.968504667,0.0141224233489,211.968452239,177.624946711,211.968686733,0.015053913274,211.968259829,211.96925096,211.969560073
2011-08-16 20:00:00,110.385733118,92.2063266519,92.2064657252,0.0476775192818,171.694555101,7.12312377854e-05,211.968556899,211.968558167,211.968545613,0.049197524305,0.0571167116511,211.966540486,85.4738111707,211.968846847,98.6614607916,211.96855127,0.0210500397483,0.0169377068072,211.96855743,211.968638751,52.2121877612,211.968500553,0.0141224569177,211.968452457,177.6249469,211.96868644,0.0150541826193,211.96827848,211.969102239,211.969508754
2011-08-16 21:00:00,110.385730482,92.2063303921,92.2064603963,0.0476758345251,171.69455519,7.06245032548e-05,211.968557875,211.968559256,211.968544804,0.04919724694,0.0571129428792,211.966540994,85.4738103006,211.968844905,98.6614603809,211.968550935,0.0210500870458,0.0169371599472,211.96855399,211.968635456,52.2121841716,211.968476683,0.0141224346136,211.968451341,177.624946981,211.968678367,0.0150538757312,211.968316714,211.96871324,211.969507134
2011-08-16 22:00:00,110.385729652,92.206333329,92.2064841794,0.0476728702692,171.694554923,7.00510424983e-05,211.968559331,211.968558259,211.968543801,0.0491965339758,0.0571078495231,211.966540879,85.4738102166,211.968842235,98.6614597792,211.968550748,0.021049772007,0.0169363639641,211.968549338,211.968619145,52.2121790414,211.968270164,0.0141223981706,211.968449598,177.62494699,211.968660575,0.0150534020308,211.968335935,211.968558855,211.969511212
2011-08-16 23:00:00,110.385727848,92.2063373836,113.83513085,0.0476701455174,171.694554911,6.95427671484e-05,211.968561599,211.96855753,211.968542987,0.0491955839569,0.0570999858989,211.966540739,85.4738109108,211.968841067,98.6614589991,211.968550445,0.0210493470281,0.0169351588276,211.968547149,211.968594263,52.2121762057,171.693726725,0.0141223436185,211.968448528,177.624946973,211.968663069,0.015052663392,211.968347806,211.968525028,211.969517317
2011-08-17 00:00:00,110.385725629,92.2063523917,113.835208432,0.047667946564,171.694554566,6.91590688492e-05,211.968560249,211.968555955,211.968542651,0.0491947840773,0.0570838345609,211.966540503,85.4738108919,211.968839476,98.6614577601,211.968550144,0.0210489066743,0.0169342138767,211.968553526,211.968574769,52.2121727814,171.693747696,0.0141222767598,211.968447284,177.624946914,211.968659269,0.0150518756635,211.968340742,211.968401902,211.969526305
2011-08-17 01:00:00,110.385724032,92.2063733481,113.835218014,0.047665911683,171.694554384,6.8782420281e-05,211.968562601,211.968556161,211.968542392,0.049193897773,0.0570536438393,211.966540137,85.473810506,211.968838027,98.6614563485,211.968549824,0.0210484609639,0.0169331377676,211.96855612,211.968573867,52.2121722747,92.2066868044,0.0141222072254,211.968449652,177.624946907,211.968652219,0.0150511477779,211.968361537,211.968460433,211.96950655
2011-08-17 02:00:00,110.385724861,92.2063888504,113.835214244,0.0476615168808,171.694554303,6.84826415213e-05,211.968563496,211.968556276,211.968541478,0.0491926584071,0.0570262046593,211.966539796,85.4738097582,211.968837132,98.6614542913,211.968549705,0.02104808713,0.0169318724576,211.968556624,211.968573037,52.2121719572,171.693049919,0.0141221171462,211.968447983,177.624946901,211.96863881,0.0150502398212,211.968366261,211.968505059,211.96949859
2011-08-17 03:00:00,110.385727284,211.968468989,113.835213318,0.0476547260888,171.694554451,6.83515023772e-05,211.968564719,211.96855728,211.968540228,0.0491908797804,0.0570124978847,211.96653935,85.473809989,211.968833058,98.6614516087,211.968549857,0.0210474871985,0.0169302346988,211.968556898,211.96857261,52.212172072,171.693929813,0.0141219992757,211.96844672,177.624946919,211.968660513,0.0150485714816,211.968387051,211.968510028,211.969536944
2011-08-17 04:00:00,110.385728768,211.968522861,113.835215647,0.0476458861026,171.694554514,6.82106868728e-05,211.968566033,211.968558378,211.968541179,0.049186905223,0.0570074702489,211.966538853,85.4738102958,211.968828701,98.6614478086,211.96854924,0.0210467607033,0.016927829754,211.96855827,211.968576154,52.2121712142,211.967693762,0.0141217755449,211.968442839,177.624946892,211.968692027,0.0150462801536,211.968408856,211.968617999,211.969557688
2011-08-17 05:00:00,110.385725164,211.968436982,113.835249577,0.0476075693393,171.694554654,6.8420038538e-05,211.968566791,211.968560546,211.968540507,0.0490965242757,0.0567965803055,211.966537779,85.4738113739,211.968812393,98.6613973273,211.968546693,0.021042256867,0.0169134081199,211.968558708,211.968585508,52.2121734321,211.96811109,0.014121270867,211.968434868,177.624946806,211.968733219,0.0150337489424,211.968377912,211.968700254,211.969495874
2011-08-17 06:00:00,110.385653003,113.831863995,113.83556207,0.0112683132676,171.694553905,6.82433100309e-05,211.968564919,211.968562034,211.968529203,0.0370485115888,0.0247527355207,211.966536683,85.4738060335,98.3829094243,64.7325250525,211.968483437,0.0170843078111,0.0100796747659,211.968553714,211.968627449,52.2121753264,211.968369128,0.0140994795902,211.968287323,177.624946505,211.968709981,0.0104409303526,211.968189132,211.968605438,211.968473672
2011-08-17 07:00:00,0.0103253501119,92.2063359792,113.835102525,0.0108730598998,171.694547134,6.80126384709e-05,211.96855169,211.968562336,171.694522116,0.0370353274945,0.0247183466907,211.966529742,85.4737644957,98.3818626947,64.7325139407,171.694380463,0.0170030499685,0.0100444520977,92.2063537349,211.968631722,52.2121784994,211.968226537,0.0100200007747,171.694206434,177.624942128,211.968567738,0.0102869256727,171.69432032,211.968473614,158.977001643
2011-08-17 08:00:00,0.0102740411014,92.2063293255,92.2064169293,0.0107717550183,74.6871676201,6.76516408245e-05,171.694539576,211.968562339,171.694511797,0.0100419447251,0.020196268912,0.0152613906011,64.1053746153,98.3818301164,64.7325076858,171.694373235,0.0169946823244,0.0100209150748,92.2063261746,211.968597173,52.2121776361,211.968209797,0.0100180764126,171.69417098,0.0150136107736,158.976977007,0.0102530198447,92.2063469188,211.967179757,92.2068868195
2011-08-17 09:00:00,0.0100095800283,92.2063272366,92.2063715886,0.0100368858548,74.6871388755,6.73189260596e-05,171.694521539,211.968562233,92.2063269613,0.0100096098131,0.0200080878922,0.0150577444481,64.1053315013,0.0149413279045,0.0199137617106,158.976553566,0.0100323859698,0.0100061348502,92.2063237239,211.968554508,52.2121767883,92.2082535245,0.0100015878349,171.693715992,0.0150104372337,158.97661907,0.0100182278776,92.2063023965,171.694903606,92.2067618321
2011-08-17 10:00:00,0.0100044287172,92.2063275162,92.2063686978,0.010019253357,74.687132615,6.70058486044e-05,92.2063813885,211.968561327,92.2063183459,0.0100132918236,0.0200097686138,0.0150388061051,0.0102065139227,0.0100399412101,0.0100095858296,0.0100416672428,0.0100072464772,0.0100046834561,0.0200090217986,211.968533601,52.2121741979,92.206318825,0.0100007668308,0.0101200389144,0.0150074411389,158.976586146,0.0100086154358,92.2062886429,171.693041915,92.2066994652
2011-08-17 11:00:00,0.0100039958896,92.2063288438,92.2063686086,0.0100186905506,74.6871312614,6.67441178226e-05,92.206341452,211.968561446,158.97609683,0.037024059096,0.0246025805866,0.0100118750945,0.0100318722151,0.0100369548021,0.0100237823801,0.0100232804063,0.0100076401332,0.0100049898433,0.0200013684853,211.968529388,52.2121711673,92.2063114646,0.0100007189176,0.0100908828987,0.0148040509654,158.976574411,0.0100142856025,92.2062942201,171.694982008,92.206767758
2011-08-17 12:00:00,0.0100055982521,92.206332944,92.2063698027,0.0100395988998,74.6871306559,6.64259906833e-05,171.694494992,211.968562141,171.694513987,0.0370372663483,0.0247005509958,0.0100066876314,0.0100526358331,0.0101482577113,64.7324997027,92.2061763274,0.0100234936864,0.0100076513451,92.2055871461,211.96852631,52.212174984,92.2063055537,0.0100013333741,0.0115471404643,0.0100032309942,158.976619772,0.010144185705,171.694272603,171.695350536,158.976817361
2011-08-17 13:00:00,0.0100248724093,92.209285366,92.2063697148,0.0108158473865,74.6871304995,6.60289648601e-05,171.694526474,211.968563097,171.694604794,0.0370422659843,0.0247216767877,0.0100081322343,64.1052911286,98.3818163915,64.7325125181,171.694365298,0.016992124739,0.0100328438755,92.2063206514,211.96854999,52.2121698659,92.2063026325,0.0100158955055,171.694146319,0.0148936382879,211.968478079,0.0102734429199,171.694547532,211.954510714,158.97708383
2011-08-17 14:00:00,0.0102852617157,211.968532813,92.2063832422,0.0108783411153,74.6871310767,6.56850916125e-05,171.694571775,211.968563247,211.968520719,0.0370554699754,0.0247622459244,0.0100783364969,64.1053470564,98.3818555402,64.7325187589,171.694376738,0.0170022438528,0.0100479775169,92.2063256644,211.968591559,52.2121711683,92.2063033544,0.010018982395,171.694187526,0.0150006218651,211.968552654,0.0102889484129,211.968091903,211.968111821,158.979218378
2011-08-17 15:00:00,0.0103401875437,211.96854762,92.206513713,0.0112423162273,74.6871332657,6.53575688648e-05,211.968548294,211.968563157,211.968537828,0.0870782226946,0.0327910938864,0.0150467579378,64.1056937919,98.3820094798,79.9166787336,171.694391534,0.0170492605919,0.0101979534385,92.2063688668,211.96861517,52.2121818976,92.2063469644,0.0100219129759,171.694256205,0.0150095634747,211.968661128,0.0103760367181,211.968361602,211.968559667,211.96941155
2011-08-17 16:00:00,110.385654876,211.968553138,211.968623702,0.0475843904556,74.6871393552,6.50755994542e-05,211.968551443,211.968563134,211.968545722,0.0871779949125,0.0328656439996,0.0150582131991,85.4737922384,226.164554227,79.9166939837,211.968476287,0.0457366291081,0.0170148479498,211.968557237,211.968631644,52.2126982128,211.968449071,0.0149908066066,211.968489112,0.0150115961377,211.968716977,0.0135596390276,211.968410911,211.96900421,211.969596363
2011-08-17 17:00:00,110.385709843,211.968554189,211.968655372,0.0476487374915,74.6871838998,6.47148768024e-05,211.968550676,211.968563423,211.96854824,0.0871841261757,0.0328803686821,0.0152909084017,85.4738088351,226.164594851,79.9166961037,211.968485551,0.0457449731384,0.0170257593926,211.968562119,211.968641514,52.2127153838,211.968505275,0.0149971916319,211.968536317,177.624933004,211.968713764,0.0135779481809,211.968412055,211.969059184,211.969630926
2011-08-17 18:00:00,110.385719463,211.968554725,211.9686577,0.0476631773013,171.694401902,6.43854418137e-05,211.968550275,211.968564305,211.968549626,0.0871858661068,0.0328869387981,211.967056051,85.4738110709,226.164604862,79.9166962346,211.968487679,0.045747668796,0.017029038333,211.968562719,211.968646803,52.2126959674,211.968508941,0.0149978784181,211.9685483,177.624954554,211.968704001,0.0135831038967,211.968421345,211.969081356,211.969661094
2011-08-17 19:00:00,110.385721226,211.968554324,211.968658776,0.0476665760583,171.694433059,6.41940257949e-05,211.968550299,211.96856412,211.968549193,0.0871869317387,0.0328765228883,211.967063302,85.4738121217,226.164606789,79.9166959003,211.968488154,0.0457483352635,0.0170298539762,211.968562727,211.96864639,52.2126890044,211.968500964,0.0149980475462,211.968551611,177.624955374,211.968708824,0.0135842235768,211.96838077,211.969098446,211.969652438
2011-08-17 20:00:00,110.385720099,211.96855362,211.968658949,0.047665769413,171.694439376,6.39194811853e-05,211.968547924,211.968563885,211.968547865,0.0871869785161,0.032872776018,211.967064697,85.4738118696,226.16460691,79.9166957635,211.968488334,0.0457484553028,0.0170295479258,211.968562149,211.968649043,52.2127010824,211.968475803,0.0149980695823,211.968552264,177.624955575,211.968672417,0.0135845930264,211.968300031,211.968765927,211.969619162
2011-08-17 21:00:00,110.385718235,211.968551972,211.968658715,0.0476640863242,171.6944408,6.31994187491e-05,211.968545288,211.968563021,211.968546324,0.0871865559433,0.0328688888614,211.967065121,85.4738111919,226.164605055,79.9166956202,211.968488425,0.0457484139067,0.0170291232589,211.968561992,211.968642978,52.2123005807,211.968471409,0.0149980427092,211.968551523,177.624955686,211.968638531,0.013584363067,211.96823167,211.968566436,211.969592521
2011-08-17 22:00:00,110.385715243,211.96855011,211.968657938,0.047661414704,171.694440569,6.269803476e-05,211.968540767,211.968561387,211.968544116,0.0871857645694,0.032863567958,211.967065018,85.4738108664,226.164602204,79.9166955672,211.968488467,0.0457479810349,0.0170282166919,211.968561929,211.968628883,52.2121730914,211.968472679,0.0149979846828,211.96855245,177.624955702,211.968648523,0.0135840240829,211.96819041,211.968490013,211.969570327
2011-08-17 23:00:00,110.385712465,211.968548656,211.968657245,0.0476581977626,171.694441652,6.22678335661e-05,211.968540554,211.96855963,211.968541988,0.0871847631748,0.0328553919434,211.967064796,85.4738105827,226.164600174,79.9166951134,211.968488385,0.0457474961103,0.0170271515514,211.968562043,211.968611788,52.2121622783,211.968481066,0.014997918698,211.968552007,177.624955681,211.968605185,0.0135833021758,211.96820453,211.96843884,211.96954108
2011-08-18 00:00:00,110.385711629,211.968547496,211.968656159,0.0476561466465,171.694441046,6.19045156458e-05,211.968539682,211.968559676,211.968542109,0.0871840248543,0.0328478844295,211.967064334,85.4738112039,226.164599747,79.9166948255,211.968488215,0.0457469642369,0.0170261675749,211.968561921,211.968593295,52.2121595457,211.968435956,0.0149978480618,211.968550765,177.624955644,211.968626008,0.0135824669152,211.968162213,211.968281115,211.969527537
2011-08-18 01:00:00,110.385709206,211.968545198,211.968655225,0.0476541176897,171.694442452,6.16098082157e-05,211.96854115,211.968558903,211.968540471,0.0871830665271,0.0328393084646,211.967064086,85.4738110726,226.164597837,79.9166940612,211.968487978,0.0457463975915,0.0170250693545,211.968562188,211.968581938,52.212157048,211.968480722,0.0149977767155,211.968549968,177.624955618,211.968636004,0.0135817652711,211.967910195,211.967993603,211.969483655
2011-08-18 02:00:00,110.385710417,211.968541175,211.96865521,0.0476490929962,171.694443255,6.13493763003e-05,211.968541394,211.968558369,211.968538837,0.0871817107947,0.0328225126441,211.967063777,85.4738105854,226.164595579,79.9166935316,211.968487941,0.0457459416669,0.0170238397372,211.968562621,211.96857589,52.2121574478,211.968494762,0.0149976830618,211.968548435,177.624955602,211.968628955,0.0135809181736,211.967758278,211.967930375,211.969435401
2011-08-18 03:00:00,110.385713963,211.968542767,211.9686558,0.0476431066117,171.694444056,6.11628774895e-05,211.968543499,211.968557965,211.968538519,0.0871794425745,0.032802161591,211.967063304,85.4738106096,226.164592661,79.9166929109,211.968488045,0.0457452567675,0.0170219773251,211.968563788,211.968577967,52.2121570113,211.968499163,0.014997563374,211.968546971,177.62495561,211.968663407,0.01357944302,211.967909686,211.968059286,211.969424666
2011-08-18 04:00:00,110.385716806,211.968544377,211.968657129,0.0476334704231,171.694445131,6.11508812953e-05,211.968544776,211.968557708,211.968540648,0.087175304638,0.0327812893436,211.967062641,85.4738116235,226.164587113,79.9166923187,211.968487525,0.0457442519318,0.0170195445534,211.96856672,211.968582347,52.2121598652,211.968505765,0.0149973292035,211.968544016,177.624955579,211.968658117,0.0135772437186,211.967828037,211.968159308,211.969400509
2011-08-18 05:00:00,110.385715564,211.968537971,211.968658742,0.0475954534079,171.694447277,6.13871150316e-05,211.968543765,211.968558815,211.968540795,0.0871421685505,0.024848572027,211.967061444,85.4738127803,226.164570966,79.9166837882,211.968485421,0.0457379250703,0.017002868546,211.968569859,211.968593597,52.212226384,211.968509016,0.0149967828689,211.968536706,177.624955505,211.968687126,0.0135655562265,211.964038381,211.967755017,211.968974586
2011-08-18 06:00:00,110.38564686,211.968395945,211.968660111,0.0108048547755,171.694441906,6.12797218405e-05,211.968536808,211.968559123,211.968534433,0.0273918934832,0.0200671883053,211.9670597,85.4738096454,169.623972816,64.7325221357,211.968428046,0.0117598038991,0.0100832980487,211.968565146,211.968623368,52.2127570885,211.968513738,0.0149588674521,211.968416468,177.624955227,211.968639824,0.0102462415336,92.206324019,92.207376313,92.2081253279
2011-08-18 07:00:00,0.0147783719192,92.2063471308,211.968656717,0.0104183855288,171.694410932,6.10023988166e-05,211.968076018,211.968560148,171.69454906,0.0273574076129,0.0200343705737,211.967045284,85.4737904745,169.622966371,64.7325144633,107.769820978,0.0117133104556,0.0100504715446,211.968561451,211.968639818,52.2187037286,211.968515185,0.0100202710335,171.694444305,177.624952285,211.968299111,0.0101240654832,92.2060256856,92.2067111859,92.2074674075
2011-08-18 08:00:00,0.0147318774364,92.2063363607,211.968609292,0.0103369998306,74.6871411274,6.0750461099e-05,92.2063395758,211.968560846,171.694510987,0.0273394625551,0.0200011900963,0.0150438581168,64.1059008039,169.622933281,64.7325081071,107.769813307,0.0117019634738,0.0100250392447,211.968556214,211.968642781,52.2138957344,211.9685151,0.0100183243597,171.694412159,77.2683191229,158.976630464,0.0100946848382,0.0152426719434,92.2063584356,92.2067622184
2011-08-18 09:00:00,0.0100233699155,92.2063288228,171.694238557,0.0100363452243,74.6871354112,6.04632511884e-05,92.2063261825,211.968561259,92.2063677782,0.0100265214202,0.0199943760947,0.0150091453739,64.1053751801,98.381527459,64.7324559468,107.769633155,0.0100189098808,0.0100063824209,211.968352299,211.968618695,52.2128384098,211.968513094,0.0100019228221,171.69420793,77.2683148051,158.976535523,0.0100132479229,0.0150251290993,0.0151867576237,92.2065897316
2011-08-18 10:00:00,0.0100059659743,92.2063253258,92.2063677834,0.0100186568985,74.6871318729,6.01761083579e-05,92.2062360144,211.968561659,92.2063154354,0.0100072707628,0.0199941643465,0.0149925537725,64.1053433711,0.0100496281956,0.0197420809676,0.0100782694241,0.010007705268,0.0100047130546,158.97643715,211.968566011,52.2127282742,211.968511763,0.0100008263311,0.0101762455203,77.268313277,158.976490309,0.0100081363534,0.0150203374831,0.0150687828519,92.1612922077
2011-08-18 11:00:00,0.0100051189105,92.2063288126,92.2063658699,0.0100180569883,74.68712781,5.98974298377e-05,0.0203472210802,211.968562064,92.2063159095,0.0100085777393,0.0199978900827,0.0100155489657,64.1053148484,0.0100470345194,0.0196345112129,0.0100332902483,0.0100079882131,0.0100050822959,92.2063287652,211.968553258,52.2127042497,211.968513712,0.010000795844,0.0101044040914,77.2668702821,158.976412262,0.010008435815,0.0150209549799,0.0151768890183,92.2066646356
2011-08-18 12:00:00,0.0100074127629,92.206340853,92.2063663176,0.0100378026008,74.687121299,5.95617388247e-05,92.2061627741,211.968561404,92.2063227584,0.0102435252638,0.0200089585802,0.0100076599444,64.1052677187,0.0143365298758,64.7325017309,92.206267248,0.0100484107101,0.0100086395238,92.206329482,211.968535168,52.2126986782,211.968519943,0.0100014076589,158.977185875,0.0150000295634,158.976411608,0.0100174606559,0.0150227866508,92.2063865002,92.2067824215
2011-08-18 13:00:00,0.0143596301395,92.2063463926,92.2063660232,0.0103505336399,74.6865126896,5.92177715971e-05,92.2060929493,211.968560482,171.694509993,0.027349306784,0.0200380416543,0.010010657756,64.1053668192,169.622920652,64.7325155661,107.769807504,0.0117058080324,0.0100392947669,158.976426613,211.968548211,52.2126894623,211.968522057,0.0100155458835,171.694397277,0.015000005016,158.976395883,0.0101039250701,0.015057092386,92.2066629848,92.2075674178
2011-08-18 14:00:00,0.0147431596792,92.2064090798,92.2063680637,0.0104171873028,74.687127943,5.89365797497e-05,92.2063164745,211.968561252,171.694520823,0.0273632941213,0.0200627054955,0.0148122318356,64.1054092533,169.622958466,64.7325269109,107.769816198,0.0117149220977,0.010054573959,171.694534375,211.968566712,52.2126828071,211.968522395,0.0100191322345,171.694429382,0.0150031420413,158.976502084,0.0101249716743,92.2060933655,92.2079303303,92.2080435602
2011-08-18 15:00:00,0.0148182490521,211.968508444,171.694226854,0.0106968444124,74.6871332076,5.86276214868e-05,92.2063338091,211.968562509,211.968532407,0.0364144107569,0.0247616851566,0.0150033974202,85.4737528371,169.623120384,183.71466509,107.76982852,0.01180982835,0.0102906386912,211.968554546,211.968575326,52.2126882075,211.968529783,0.0100222874162,171.694502269,77.2683128323,211.968404375,0.010230482058,92.2079576601,211.968515366,211.968450034
2011-08-18 16:00:00,110.385683276,211.968541412,171.694473307,0.0478689411201,74.6871417698,5.83603677507e-05,92.2063601409,211.968562838,211.96853954,0.0365181245909,0.0247810399229,0.0150132258644,85.4738040985,226.165118288,183.714699415,143.692885664,0.0454407741847,0.0170411501704,211.968560616,211.968613465,52.2127568314,211.968530077,0.0322876644276,211.968529615,77.2683149852,211.968605392,0.013541314281,211.968377933,211.968924719,211.969366485
2011-08-18 17:00:00,110.385723712,211.968543503,211.968224894,0.047933618876,171.694543359,5.81703647104e-05,211.968484028,211.968563335,211.968542111,0.0365243139789,0.0247875469574,0.103081819697,85.4738109204,226.165153886,183.71470354,143.692893622,0.0454482997485,0.017051370371,211.968562682,211.968637117,52.2127297241,211.968526057,0.0322966610342,211.968569087,177.624849962,211.968685713,0.0135597291814,211.968426037,211.969004455,211.969499974
2011-08-18 18:00:00,110.38573274,211.96853496,211.96839195,0.0479481467679,171.694553902,5.78871399204e-05,211.968562321,211.968564339,211.968544266,0.0365260986599,0.0247873942117,211.967141303,85.4738124742,226.16516321,183.714704851,143.69289552,0.0454505079764,0.0170547779017,211.968562937,211.968643146,52.2127149453,211.96852227,0.0322973902559,211.968580483,177.624938065,211.968714544,0.0135647577788,211.968438914,211.968995055,211.969563766
2011-08-18 19:00:00,110.385732058,211.968531647,211.968239298,0.0479514367187,171.694555338,5.754185817e-05,211.968568591,211.968564662,211.968543596,0.036526987824,0.0247849434505,211.967148634,85.47381316,226.165165287,183.714704925,143.69289586,0.0454511601654,0.0170555248873,211.968561778,211.968640227,52.2127069577,211.968521595,0.0322975538553,211.968583083,177.624938965,211.968732473,0.0135660608536,211.968422907,211.969070676,211.969569707
2011-08-18 20:00:00,110.385731312,211.968531551,211.968236098,0.0479502363087,171.694555903,5.72741467951e-05,211.968569514,211.968564539,211.96854179,0.0365271426196,0.0247830800193,211.967150115,85.4738128493,226.165164996,183.714704607,143.692895896,0.0454513605358,0.0170552394768,211.968559687,211.968646128,52.2127171581,211.968518099,0.0322975828602,211.968583436,177.624939217,211.968719972,0.0135663602959,211.968381221,211.968908667,211.969554185
2011-08-18 21:00:00,110.385728927,211.968524363,211.968294684,0.0479486031652,171.694556067,5.67928751466e-05,211.968567216,211.968563902,211.968540259,0.0365267863067,0.024780303107,211.96715065,85.4738122358,226.165162948,183.714704202,143.69289591,0.0454513473062,0.0170546342046,211.968557539,211.968643294,52.2126822653,211.96851465,0.0322975657792,211.96858233,177.624939345,211.968684821,0.0135661616578,211.968361686,211.968625095,211.969545948
2011-08-18 22:00:00,110.385726379,211.968516459,211.968287705,0.0479453597364,171.694555572,5.62695120933e-05,211.968555145,211.968562873,211.968538333,0.0365260953715,0.0247767302081,211.967150532,85.4738121755,226.16516026,183.714703736,143.692895914,0.0454510200296,0.0170537692684,211.968554224,211.968633074,52.2121790155,211.968510561,0.0322975124493,211.968583058,177.624939386,211.968606741,0.0135658163252,211.968352303,211.96853146,211.969541384
2011-08-18 23:00:00,110.3857234,211.968510095,211.968226316,0.0479424667667,171.694555332,5.58362873085e-05,211.96852845,211.968562074,211.968536059,0.0365252169321,0.0247721887339,211.967150378,85.4738120505,226.165157869,183.714703135,143.692895672,0.0454506006587,0.0170526459842,211.968549137,211.96861681,52.212141831,211.968507257,0.0322974438131,211.968582232,177.624939406,211.968561964,0.0135652311503,211.968359317,211.968523177,211.969538999
2011-08-19 00:00:00,110.385723099,211.968459472,92.2063908433,0.0479397875462,171.694555096,5.5534107802e-05,211.968548297,211.968561807,211.968534206,0.0365242691615,0.0247667085168,211.967150092,85.473812226,226.165155589,183.714702462,143.692895287,0.0454498367872,0.0170515946581,211.96855399,211.968596329,52.2121338374,211.96850126,0.0322973648528,211.968581174,177.624939297,211.968490748,0.0135644424821,211.968407373,211.968518104,211.969527675
2011-08-19 01:00:00,110.385721473,211.968502567,92.2063696709,0.0479377683287,171.694555545,5.52492101586e-05,211.968546344,211.968561414,211.968526371,0.0365233525145,0.0247605534008,211.967149722,85.4738120826,226.165153621,183.71470169,143.692895019,0.0454493358261,0.0170505677803,211.968546675,211.968578919,52.2121285996,211.968470578,0.0322972766542,211.968579629,177.624939402,211.968430498,0.013563670972,211.968407812,211.968552473,211.969532429
2011-08-19 02:00:00,110.385723712,211.968503081,92.2063666313,0.04793296659,171.694556084,5.50238340541e-05,211.968531947,211.968560994,211.968464676,0.0365219050997,0.0247548754522,211.967149368,85.4738115327,226.165151159,183.714700356,143.692894706,0.0454489009593,0.0170490803626,92.2063446406,211.968569531,52.2121256714,92.20657216,0.0322971659867,211.968578493,177.624939468,211.968038028,0.0135628643472,211.968416503,211.968557388,211.969534709
2011-08-19 03:00:00,110.385727621,211.968522381,92.2063684529,0.0479267831958,171.694556425,5.48510867214e-05,211.968545694,211.968560734,211.966133711,0.0365197998613,0.0247497810968,211.967148917,85.4738117186,226.165148414,183.714698738,143.692894514,0.0454483266936,0.0170473034853,92.2063281642,211.968562142,52.2121220777,171.694296969,0.0322970451904,211.968576967,177.624939545,211.967657053,0.0135613808665,211.968431605,211.968572237,211.969538906
2011-08-19 04:00:00,110.385730798,211.968531768,92.2063713044,0.0479166776245,171.694556673,5.49294701172e-05,211.968559538,211.968560848,92.2063559215,0.0365147414898,0.0247466282227,211.967148289,85.4738121397,226.165144312,183.714696008,143.692893211,0.0454473787184,0.0170449003625,92.20632784,211.968557143,52.2121186083,211.968161727,0.0322968115485,211.968572882,177.624939596,211.968229454,0.0135593251702,211.968451587,211.96877478,211.969533427
2011-08-19 05:00:00,110.385730076,211.968523121,92.2063883895,0.0478772190402,171.694556979,5.51860052505e-05,211.968569289,211.968562071,92.2063156984,0.0362749374064,0.0246483046653,211.967146994,85.473813411,226.165128532,183.714658504,143.692888644,0.0454412850849,0.0170271651741,92.2063296562,211.968552734,52.2121199522,211.968071162,0.0322962717327,211.96856515,177.624939597,211.968381547,0.0135480171134,211.96842614,211.968852837,211.969464212
2011-08-19 06:00:00,110.38568579,92.2063476147,113.835013242,0.0107878947774,171.694556783,5.50763044988e-05,211.968568484,211.968563836,0.0200013528254,0.0100441051261,0.0200141417915,211.967145262,85.4738116387,169.626568654,0.0104190562409,143.692476046,0.0128271056219,0.010080824923,92.2063655843,211.96850887,52.2121316728,92.2064909891,0.0322550711228,211.968439985,177.624939481,211.96766545,0.0104601351246,211.968272809,211.968834118,211.968972507
2011-08-19 07:00:00,82.7892470316,92.2063327247,92.206374374,0.0104230100519,171.694555479,5.48294913946e-05,211.96856883,211.968563992,0.0163038507611,0.0100289482837,0.0200011799127,211.96713131,85.4737994761,169.623458968,0.0104048873493,0.0150985699541,0.0127726618996,0.0100495173825,92.2063232225,211.968338569,52.2121184336,92.2063077697,0.0100107504403,171.694465346,177.624937918,211.968099415,0.0103677996603,171.697246915,211.968589988,92.2068272229
2011-08-19 08:00:00,82.7892015581,92.2063262684,92.2063685797,0.0103493132316,171.694548979,5.46004425301e-05,211.968568141,211.968562764,0.0162032947589,0.010006879375,0.0199951435048,92.205846579,85.4736647259,169.623426016,0.0103671800635,0.0150920578111,0.0127610727749,0.0100247619946,0.0200324342237,92.2063772099,52.2121125478,92.2062940072,0.0100088471119,171.694432399,143.876200482,211.96841287,0.0103019422525,171.693968106,211.968381134,92.2065201244
2011-08-19 09:00:00,82.7891628176,92.206323921,92.2063639904,0.0100389286433,139.072616469,5.43097456064e-05,211.968559214,211.968558383,0.0161983403917,0.0100031653202,0.0199856842119,92.2058223406,64.1053769296,169.543093453,0.0100068898694,0.0150901147881,0.0100240153973,0.0100063775285,0.0200101079647,92.2063276156,52.2121112733,0.0152543776093,0.0100023179333,171.694323706,143.876198844,211.96848067,0.0100192945071,92.2065909228,171.833706336,69.1563926102
2011-08-19 10:00:00,0.0150328222308,92.2063231566,92.2063543946,0.0100201560415,139.072591161,5.40778041876e-05,171.694627778,211.96854238,0.0158319949304,0.0100026721615,0.019959682076,92.2058081941,64.1053314389,0.010086049891,0.010004981811,0.0150732903689,0.0100083344871,0.0100048734972,0.0200002601575,0.0151216567249,52.2121066637,0.0150155336021,0.0100008312053,0.0182359312501,143.876196485,211.968397066,0.0100108278337,92.2064321645,171.694877828,69.1560890344
2011-08-19 11:00:00,0.0149413312608,92.2063240874,0.0200339572524,0.0100194670537,139.072588867,5.3823892989e-05,171.694547125,92.2063280756,0.0161276621512,0.0100033669697,0.0199604603464,0.01006774553,64.1047371968,0.0100807839999,0.0100067986654,0.0150016499208,0.0100091984829,0.0100054110909,0.0199998071806,0.0150168189785,52.212102834,0.0150081750627,0.0100006464641,0.0101937506966,77.2668243181,211.968326686,0.0100132128477,92.2064645569,211.964787494,69.1561346536
2011-08-19 12:00:00,0.0148009827856,92.2063270075,0.020002161655,0.0100414444997,139.072586128,5.35413319387e-05,171.69456118,92.2063248489,0.016202945524,0.0100070587214,0.0199875923217,0.0100117779949,64.104951008,98.3802932513,0.010334459203,0.0150001336027,0.0101214741198,0.0100094787834,0.019999488038,0.0150233571112,52.2121078466,0.0150059117548,0.0100008274347,171.679562528,0.0150043530217,211.968171049,0.01010884233,171.694327003,211.968414874,69.1562097835
2011-08-19 13:00:00,82.7891728105,92.2063434737,0.0200006605577,0.010352481485,139.072581696,5.32475900589e-05,171.694558551,92.2063237659,0.016224236578,0.0100282692176,0.0199974169658,0.0100208574524,64.1053445518,169.623410883,0.0104044014205,0.0150015992345,0.0127644904045,0.0100400003093,0.0199994781973,0.0150088914679,52.2121026289,0.0150020578073,0.0100026328565,171.694421923,77.2668600384,211.968052353,0.0103575712358,211.967786331,211.968565595,92.2067651048
2011-08-19 14:00:00,82.7892058392,211.968409716,0.0200284880341,0.0104201571287,139.07258962,5.28773225556e-05,171.694641979,92.206245595,0.0174563575871,0.0100420973034,0.0200061107901,92.205640167,64.1053916731,169.623448437,0.0104150867072,0.0150331305626,0.0127735190653,0.0100542882631,0.0200000263042,0.0150080101841,52.2120960289,0.0150019973281,0.0100090368756,171.694452348,143.876196537,158.976873038,0.0103754764021,211.968231327,211.968607515,92.2080887796
2011-08-19 15:00:00,82.7892699086,211.968531791,92.2063635472,0.0106915655705,139.072593572,5.2570065714e-05,211.968548684,0.0150016990029,0.0199927201617,0.0137072971414,0.0200657855887,92.2058178549,85.4737587581,169.623559624,183.714650163,0.0150875890224,0.015128694,0.0102855220094,0.0200031010473,0.0150122424523,52.2120903081,0.0150023613646,0.0100114667272,211.968156371,143.876199005,211.96835979,0.0128783234377,211.968405841,211.96851872,92.2081498792
2011-08-19 16:00:00,110.385592638,211.968543869,92.2064135316,0.0558775854199,171.694552089,5.22980913287e-05,211.968566281,0.0150044607652,0.0199952145141,0.0138963371918,0.0247139227316,92.205826626,85.473803405,226.164679095,183.714740486,0.0151097742721,0.0158820462066,0.0169953418853,0.0200597461716,0.0150372986992,52.21206548,0.0150028315391,0.0150353664056,211.968468993,143.876201175,211.968502118,0.0133703478751,211.968396327,211.968370765,92.2080847049
2011-08-19 17:00:00,110.385625401,211.968543426,211.968577386,0.055944616987,171.694556543,5.20933339231e-05,211.968574005,92.2063241671,0.0199985845638,0.0139025417793,0.0247251390083,211.966572795,85.4738116669,226.164709127,183.71474523,92.2062247932,0.015887680556,0.0170056848911,92.2063236044,92.2063260669,22.7125220596,0.0150039295265,0.0150448168915,211.968492404,177.624947343,211.968691309,0.0133821288789,211.968326997,211.968141267,92.2068523732
2011-08-19 18:00:00,110.38563344,211.968538858,211.968644346,0.05595865274,171.694557424,5.1813520871e-05,211.96857388,92.2063253506,0.0200002320126,0.0139043613252,0.0247281800546,211.967341893,85.4738124649,226.164717772,183.71474669,92.2062334549,0.0158894074745,0.0170089756428,92.2063263385,92.2063623228,0.0150055900776,0.0150019616699,0.0150454725618,211.968500399,177.624949877,211.968720921,0.0133861537538,211.968146784,211.967537986,92.2067415269
2011-08-19 19:00:00,110.385632319,211.968526564,211.968601969,0.0559620293202,171.694557933,5.16109178152e-05,211.968575273,92.2063245565,0.0200004001006,0.0139053227519,0.0247240334526,211.967349242,85.473813035,226.16471905,183.7147468,92.2062348036,0.0158899674919,0.0170097672326,92.2063274022,92.2064366796,0.0150027584167,0.0150031396469,0.015045622205,211.968501493,177.624950356,211.968757314,0.0133870342073,211.966867783,92.2066423334,92.2064905427
2011-08-19 20:00:00,110.385631512,211.968520656,211.968553622,0.0559613026313,171.694558453,5.12995053553e-05,211.9685761,92.2063237084,0.019999666604,0.0139053635666,0.0247216108269,211.967350594,85.4738126091,226.16471888,183.714746502,92.2062353198,0.0158902489528,0.0170095604695,92.2063265936,211.968423061,0.0150019908598,0.0150032560329,0.0150456324941,211.968500776,177.624950459,211.968723438,0.0133870999036,92.2062777141,92.2061934541,0.0202198753169
2011-08-19 21:00:00,110.38562918,211.968395308,211.96854967,0.0559601236769,171.694558398,5.08985350233e-05,211.968575152,92.2063238728,0.0199994705602,0.013904959451,0.0247188890303,211.967351161,85.4738119147,226.164717365,183.714746224,92.2062356406,0.015890179647,0.0170091580584,92.2063263265,211.968509857,0.0150010913829,0.0150033145138,0.0150456080253,211.968499717,177.624950491,211.96871375,0.0133870048272,0.0156958788521,3.55036926907,0.0200671918471
2011-08-19 22:00:00,110.385626299,92.2063695578,211.968543853,0.0559578052271,171.694557765,5.04528327953e-05,211.968573111,92.2063233609,0.0199989198642,0.0139041007781,0.024715059376,211.967351024,85.4738124534,226.164714721,183.714745933,92.2062358561,0.0158896327488,0.0170083701242,92.2063263955,211.968516555,0.0150005855772,0.0150035863806,0.015045565842,211.968497774,177.624950462,211.96868089,0.0133865278348,0.015044097878,3.54811275188,0.0200035484326
2011-08-19 23:00:00,110.385623607,92.2063349003,211.968535125,0.0559549946579,171.694557611,5.00642364621e-05,211.968571016,92.2063235387,0.0199985149601,0.0139034391723,0.0247104477044,211.967350658,85.4738116334,226.164712202,183.714745511,92.2062360957,0.0158888964408,0.0170073392441,92.2063269061,211.968509327,0.0150003394988,0.0150044589103,0.0150455043703,211.968495779,177.624950418,211.968675077,0.0133857001795,0.0150138185125,0.0150352295891,0.0199876912798
2011-08-20 00:00:00,110.385623179,92.2063267491,211.968513432,0.0559527312682,171.694557207,4.98086456265e-05,211.968565142,92.2063217235,0.0199986544631,0.0139024900757,0.0247048345576,211.967350264,85.473811565,226.164709037,183.714744715,92.2062363283,0.015887797109,0.0170065874973,92.2063278486,171.695985133,0.0150002802228,0.0150045734723,0.0150454178599,211.968494115,177.624950299,211.968643004,0.0133849296299,0.0150085203506,3.54816876284,0.0200101755471
2011-08-20 01:00:00,110.385620448,92.2063245489,92.2064073522,0.0559502663833,171.694556959,4.95689882083e-05,211.968562534,92.2063248856,0.0199977039029,0.0139015282291,0.0247003800266,211.967350073,85.4738113372,226.164706764,183.714744476,92.206236232,0.0158871243215,0.0170053948906,92.2063280548,211.968382386,0.0150000598653,0.0150066935961,0.0150453165422,211.968495422,177.624950277,211.968651626,0.0133840350202,0.0150084602145,0.0150851659213,0.0199934955681
2011-08-20 02:00:00,110.385618455,92.2063226707,92.2063837957,0.0559455496889,171.694556833,4.93153554417e-05,211.968561341,92.2063261406,0.0199967713959,0.0138998207113,0.0246957568092,211.967349912,85.4738099826,226.164703682,183.714743866,92.2062358861,0.0158864692268,0.0170037589947,92.2063259719,211.968406705,0.0150001036128,0.015015607564,0.0150452053931,211.9684893,177.624950215,211.968641239,0.0133827235906,0.0150086628166,0.0150886323251,0.0199834836529
2011-08-20 03:00:00,110.38561835,92.2063196154,92.2063840477,0.0559395273337,171.694556779,4.90386765764e-05,211.968563668,92.2063303025,0.0199944975997,0.0138978681897,0.0246858488331,211.967349502,85.4738099768,226.164699324,183.714742501,92.2062355035,0.0158848827884,0.017001734019,92.2063247376,211.96844354,0.0150002043277,0.0150325895583,0.0150450519462,211.968485154,177.624950156,211.968626667,0.0133803700613,0.015009137305,3.54778234051,0.0199853844262
2011-08-20 04:00:00,110.385617262,92.2063121315,92.2063854277,0.0559298045874,171.694556573,4.87998448548e-05,211.96856521,122.941763051,0.019989107899,0.0138931956748,0.0246800264113,211.967349304,85.4738092777,226.164692138,183.714740237,92.2062348916,0.0158817260538,0.0169987652607,92.2063237948,211.968475073,0.0150003100551,0.0150493334845,0.0150447519406,211.968478958,177.624950033,211.968626514,0.0133767305136,0.0150105689208,3.54875946792,0.0199905984816
2011-08-20 05:00:00,110.385609829,92.2061542101,92.2064227215,0.0558972308976,171.694556483,4.87648164167e-05,211.968565516,211.967797715,0.0199150916513,0.0136139203886,0.0200386095837,211.967348587,85.4738085186,226.164672933,183.714716607,92.2062326537,0.0158677835182,0.0169804926107,92.2063233273,211.968489581,0.0150006127701,0.0150337051386,0.0150440523974,211.968463348,177.624949851,211.968598354,0.0133616457393,0.0150213775902,3.54935751965,0.020003676532
2011-08-20 06:00:00,110.38526078,0.0150058417732,113.835026017,0.0420278467099,171.694556173,4.87395607129e-05,211.968559698,211.968515038,0.0150124687431,0.0100379879199,0.0200004306632,211.967348098,85.4737965099,158.97710018,0.0162410338548,92.2060746709,0.0100508680329,0.0123415925574,92.2063034221,211.968526825,0.0150015540889,0.0150715369039,0.0147117672734,211.967397532,177.624949433,211.968522472,0.0101029082317,0.0152922176577,92.2065918198,0.0200229762922
2011-08-20 07:00:00,0.0100606534667,0.015002161441,92.2063783541,0.041824568126,171.694549184,4.88168279217e-05,211.968399944,92.2063591234,0.0150049209113,0.0100236500262,0.0199893618679,211.967343897,85.4730902007,158.976763483,0.0162246147689,0.0101879200897,0.0100247468038,0.0123173584299,0.020068966442,211.96851903,0.0150013315896,0.0150908958179,0.0100071845205,158.975606232,177.624943229,211.966922943,0.0100368553229,0.0152302131045,92.2065819152,0.01998644926
2011-08-20 08:00:00,0.0100221399711,0.0150007240265,92.2063674841,0.0416910912098,139.072557454,4.87605467199e-05,158.976792782,92.2063310727,0.0150007781584,0.0100054178133,0.019977053883,171.693590368,64.1053240998,158.976722199,0.0161987694337,0.0101807387729,0.0100135254131,0.0119895551758,0.0200006448021,211.968445994,0.0150013308859,0.0182226174537,0.0100053451559,158.975569332,62.5861743856,158.976545034,0.0100154603058,0.015137145866,92.2064507709,0.0199595763598
2011-08-20 09:00:00,0.010004413007,0.0150002040774,92.2063651969,0.0100668762024,139.072551491,4.85635613825e-05,158.976726211,92.2063263611,0.0149991073686,0.0100026572095,0.0199308035491,171.693554057,64.105194905,98.3814054824,0.0100104536759,0.0100228075788,0.010004240464,0.0100096032241,0.0199996561169,158.976567335,0.015001507055,0.0150223669108,0.0100011536107,158.975193125,62.5861722082,158.976473909,0.0100060980552,0.015109090923,92.2065090507,0.0199884795014
2011-08-20 10:00:00,0.0100027423447,0.0150002868547,92.2063628133,0.0100260402317,128.770912455,4.82603370583e-05,92.2063561968,92.206325181,0.0149977967217,0.0100023230108,0.0194587052457,171.693550511,0.0100227562996,0.0100467251577,0.0100065573589,0.0100058715169,0.0100028876543,0.0100064316533,0.0199971185664,92.2063840639,0.0150015084284,0.0150100406143,0.0100006123923,0.0100613487625,62.5861687484,158.976425287,0.0100045392805,0.015087102258,92.2063498753,0.0199977189224
2011-08-20 11:00:00,0.0100025271341,0.0150010869566,92.2063644352,0.0100255321273,74.6871339269,4.79336811595e-05,92.2063446568,92.2063218807,0.0149975922257,0.0100034873929,0.0196530345214,171.693546622,0.0100262567552,0.0100415433356,0.0100180200715,0.0100051920015,0.0100040836484,0.010007036211,0.0199868172939,92.2063794815,0.015001511296,0.015007442274,0.0100005735408,0.0100480800459,0.0149991039512,158.97640711,0.0100044625869,0.0151926891722,92.2064837088,0.0200034883661
2011-08-20 12:00:00,0.0100037112658,0.0150369982353,92.2063679115,0.0100741749782,74.6871334291,4.76976600507e-05,92.2064399789,92.2063227082,0.0149979969945,0.0100080405731,0.0199641852741,171.693529514,0.0101239303402,0.0144904956082,0.0162175902941,0.0100082631957,0.01000909073,0.012188478592,0.0199915236552,211.968513846,0.0150015904917,0.0150091938304,0.0100006821439,0.0101455198625,0.0149955777919,158.976402862,0.0100056794048,0.0152643442151,92.2066856412,0.0200454829113
2011-08-20 13:00:00,0.0100126735642,92.2062830343,92.2063712479,0.0418025133069,74.6871340339,4.74217111818e-05,158.976753436,92.2063139694,0.0150002221842,0.0100245013395,0.0199859922178,171.693516958,64.1052791707,158.97674451,0.0162245558174,0.0101707085168,0.0100175659093,0.0123190178452,0.0200004160936,211.968517661,0.015001831513,0.0150094391724,0.010002158946,158.975542578,57.9502045736,158.97642402,0.0100151388818,0.0155468103328,211.967455747,0.0200751369195
2011-08-20 14:00:00,0.0100369712183,92.2063217464,92.2063899056,0.0418484382154,128.770914457,4.72074245461e-05,158.976784623,92.2063244758,0.015008043978,0.0100378746223,0.0199987490366,171.693550496,64.1053223576,158.976762884,0.0162323191463,0.0101835444289,0.0100246747721,0.0123261687057,0.02008868343,211.968522207,0.0150025335107,0.0153915004245,0.0100058765043,158.975585914,62.5861712005,158.976462234,0.010035829485,92.2062725786,211.967963168,0.0200710221923
2011-08-20 15:00:00,0.0100658155653,92.2063264126,211.968490207,0.0423666062072,139.072554632,4.70183508521e-05,158.976800553,92.2063258643,0.019991300774,0.0131403589725,0.0200584072304,171.693553556,64.1053806939,158.976864305,0.0200042861541,0.0101973289736,0.010043142718,0.0125165949457,92.206325482,211.968530503,0.0150117360927,92.2062907944,0.010008450012,158.975651144,62.586172288,158.976564648,0.0100688817372,92.2068327101,211.968316046,0.0201006147415
2011-08-20 16:00:00,0.0133372149936,92.2063744267,211.968631489,0.0557158677746,171.694539086,4.69057223252e-05,211.968502669,92.2063352072,92.2063036274,0.0132403382147,0.024762920704,171.69355865,85.4737712719,211.968637523,0.0200422052678,92.2063279291,0.0124013469634,0.0168533923019,211.968551048,211.968524756,52.212061896,92.2063085653,0.0149739419605,211.967510593,62.5861734115,211.968217829,0.0124527989859,211.96815514,211.968442316,0.0201269418539
2011-08-20 17:00:00,0.0133939062041,92.2069477953,211.968655498,0.0557570462605,171.694552109,4.67174798643e-05,211.968538662,211.96855454,92.206316543,0.0132462511101,0.0247747347338,211.967325032,85.4738047226,211.968661514,0.0200458966198,92.206341394,0.0124086447891,0.0168634593682,211.968561463,211.968549234,52.2120693479,211.96838479,0.0149796112631,211.967569653,77.2668789939,211.968529196,0.0124693026046,211.968264076,211.968451677,0.0201493784202
2011-08-20 18:00:00,0.0134033086508,211.968515111,211.968657011,0.0557685705265,171.694554293,4.6432091479e-05,211.968544962,211.968557682,92.2063583931,0.0132481122578,0.0247805814174,211.967353914,85.47380935,211.968669359,0.0200477256449,92.2063438684,0.0124110900724,0.0168666387878,211.968562838,211.968602888,52.2120659583,211.968489473,0.0149802513486,211.967582651,77.2668811621,211.968560059,0.0124740245747,211.968326207,211.968488001,0.0201069377597
2011-08-20 19:00:00,0.0134034337594,211.968528373,211.968656815,0.0557710088518,171.694554917,4.62914422469e-05,211.96854556,211.968558349,113.834681909,0.0132489921303,0.0247771844658,211.967357473,85.4738107768,211.968670326,0.0200481180083,92.2063444704,0.0124117992889,0.0168674828378,211.968562924,211.968591539,52.2120636339,211.968506724,0.0149803841465,211.967585907,77.2668815338,211.968570732,0.0124752741244,211.968350833,211.968498643,0.0200575134997
2011-08-20 20:00:00,0.0134031294363,211.968531434,211.96865347,0.0557698370414,171.694555191,4.60589991065e-05,211.968544749,211.96855753,113.834858339,0.013249030137,0.0247747669396,211.967358086,85.4738108901,211.968669896,0.0200483369951,92.2063447431,0.0124120406994,0.0168672275982,211.968562443,211.96859364,52.2120647043,211.968509037,0.0149803980801,211.967586747,77.2668816019,211.968569462,0.0124756288287,211.968370943,211.968362162,0.0200367920325
2011-08-20 21:00:00,0.0134013299241,211.968527757,211.968639291,0.0557680124489,171.694554781,4.56735039585e-05,211.968542629,211.968556602,113.834927701,0.0132488073293,0.0247724590255,211.967358472,85.473810337,211.968668171,0.0200483225059,92.206344798,0.0124119539156,0.0168668025605,211.968561492,211.96857775,52.2120641477,211.968507518,0.0149803751426,211.967586383,77.2668816364,211.968567053,0.0124754974321,211.968382924,211.968066968,0.0200430479194
2011-08-20 22:00:00,0.0133994262973,211.968516661,211.968620682,0.0557650066626,171.694553467,4.53481578737e-05,211.96853994,211.968555129,113.834941021,0.0132481847552,0.0247689850873,211.967358174,85.4738102043,211.968665552,0.0200480815091,92.2063448184,0.0124116183359,0.0168660797588,211.968560405,211.968557466,52.2120629107,211.96850594,0.0149803236121,211.967585434,77.2668815939,211.968562561,0.01247529555,211.96840011,211.967529032,0.0200627149374
2011-08-20 23:00:00,0.0133968603486,211.968503585,211.968560453,0.0557621739779,171.694552768,4.50114263579e-05,211.968537691,211.968553535,113.834945237,0.0132474194377,0.0247647984189,211.967357877,85.4738113952,211.968663142,0.0200477604815,92.2063447681,0.012411220185,0.0168650714462,211.968558891,211.968547202,52.2120615185,211.968504244,0.0149802564055,211.967584054,77.2668816246,211.968541423,0.0124746971688,211.9684093,211.966309973,0.0201155593855
2011-08-21 00:00:00,0.0133949458989,211.968498839,171.694577297,0.0557591627665,171.694552655,4.47023774562e-05,211.968535163,211.968546961,113.834948217,0.0132466349793,0.0247665599542,211.967357618,85.4738109965,211.968660846,0.0200470353658,92.2063446343,0.0124107210195,0.0168641261126,211.968552573,211.968543529,52.2120617394,211.968503188,0.0149801848332,211.967585551,77.2668815804,211.968512693,0.0124741233836,211.968416169,211.96686519,0.0244039450596
2011-08-21 01:00:00,0.0133919196534,211.968466564,171.694570728,0.0557567598254,171.694551034,4.44316654161e-05,211.968534193,211.968552158,113.83494949,0.0132456924121,0.0247624412652,211.967357396,85.473810437,211.968658104,0.0200456695124,92.206344318,0.0124102248818,0.0168630405003,211.968550405,211.968539389,52.2120610059,211.968502127,0.0149800987486,211.967584054,77.2668815134,211.968500875,0.0124735083939,211.968417541,211.967678176,0.0211572523003
2011-08-21 02:00:00,0.0133895090498,211.967903008,171.694599925,0.0557511936555,171.694546667,4.42120341385e-05,211.968532287,211.968554105,113.834950119,0.0132444399266,0.0247572904295,211.967357042,85.4738097837,211.968655033,0.020042709387,92.2063438768,0.0124096378478,0.0168614332426,211.968545377,211.968534095,52.2120608302,211.968502617,0.014979979131,211.967581818,77.2668814467,211.968484395,0.0124722610039,211.968416445,211.967512371,0.0215162531949
2011-08-21 03:00:00,0.0133876999561,211.968085591,211.968517465,0.0557429596168,171.694544745,4.40538730767e-05,211.968527957,211.968555796,113.834949748,0.0132422520657,0.0247501401957,211.967356465,85.4738091955,211.968650747,0.0200376162952,92.2063433824,0.0124087007739,0.0168589884492,211.968547321,211.968534019,52.212060438,211.968503654,0.0149798092232,211.967578121,77.2668813782,211.968496733,0.0124703846719,211.968418388,211.967313328,0.0346530872557
2011-08-21 04:00:00,0.0133855746275,211.835338934,211.968527975,0.0557285080621,171.694537246,4.38619230458e-05,211.968512497,211.968556134,113.834949707,0.0132373019364,0.0247398062846,211.967356016,85.4738081439,211.968642265,0.0200297922911,92.2063428761,0.0124073838044,0.0168551898316,211.968546843,211.968532627,52.212058401,211.968502176,0.0149794612976,211.967572081,77.266881236,211.968498556,0.0124677123168,211.968426737,211.967549979,92.2066552459
2011-08-21 05:00:00,0.0133792741394,92.206504478,211.968526229,0.0556708189274,171.694526687,4.37112711866e-05,211.968457971,211.968555378,113.834947546,0.013159743889,0.0201351851192,211.967354928,85.4738067703,211.968618096,0.0199854535539,92.2063412402,0.0124015138288,0.0168262157694,211.968546528,211.9685284,52.2120560055,211.968500657,0.0149786779306,211.967552113,77.2668810206,211.96849603,0.0124563225915,211.968386955,211.967901692,92.2067088179
2011-08-21 06:00:00,0.010103697195,92.2063462323,211.968512953,0.010457686818,171.694507273,4.36922833678e-05,92.2063677567,211.968557472,92.2063253339,0.0100682694325,0.020003633607,211.96735347,85.4737875089,0.0110784016473,0.0100410155877,92.20626978,0.0100376862691,0.0100456108987,211.968508814,211.968547765,52.2120556945,211.968499749,0.010114568913,0.0139294289038,77.266880576,211.968468662,0.0100671806414,211.968222242,211.968082449,92.2067432989
2011-08-21 07:00:00,0.0100249439368,92.2063440745,92.2063893603,0.0101908748757,74.687136121,4.36676552795e-05,92.2063364107,211.968556147,92.2063073959,0.0100525553805,0.0199909534569,211.967328231,64.106110328,0.0107570251179,0.0100309413187,74.687123316,0.0100230014325,0.0100250046794,92.2063359892,211.968537023,52.2120561198,211.968482895,0.0100051609877,0.0110452584518,77.2668699769,211.968462825,0.0100353790121,171.695063368,211.967976783,92.206748154
2011-08-21 08:00:00,0.0100052458202,92.2063361213,92.2063721005,0.0101145663197,74.6871324268,4.36115666169e-05,92.2063214707,211.968554296,92.206300486,0.0100156628176,0.0199734188875,171.693561273,64.1052922877,0.0107266262314,0.0100148135229,74.6871157252,0.0100127572682,0.0100096096771,92.2063267983,211.968503355,52.2120574502,211.968409555,0.0100033619579,0.0110089512397,0.0150160018847,211.968466542,0.0100159815224,92.2070873392,171.698257743,92.2067365257
2011-08-21 09:00:00,0.0100021602885,92.2063297423,92.2063690348,0.0100216497575,74.6871302609,4.34770611995e-05,92.206326759,211.968542989,85.3762195998,0.0100037352073,0.0196655659156,171.693556171,0.0100938398707,0.0100986278036,0.0100033032985,0.0147819756898,0.0100042614707,0.010004292232,92.2063257908,211.9684841,52.2120585338,171.69411893,0.0100008672858,0.0105154694642,0.0150139382739,211.968440471,0.0100053472267,92.2063456985,171.695127029,92.2067306968
2011-08-21 10:00:00,0.0100015110076,92.2063259457,92.2063613535,0.0100129512381,74.6871213753,4.33267021697e-05,92.206320834,92.2063357051,0.0148658476561,0.0100025538222,0.0193076004374,171.693523164,0.0100114584513,0.0100274961146,0.0100024943282,0.0100106989615,0.0100032145819,0.0100033473663,92.2063242712,211.968388124,52.2120563327,92.2063159014,0.0100005141626,0.0100426564842,0.0150118285991,158.976511139,0.0100039509881,92.2063355864,171.69494626,92.2066900619
2011-08-21 11:00:00,0.0100014714443,92.2063263753,92.2063567812,0.0100126011666,0.0199718257721,4.322172965e-05,92.206311891,92.206326468,0.0149927812041,0.0100043181754,0.0197431549299,158.975709235,0.0100089445994,0.010025135625,0.0100029793573,0.0100144955332,0.0100033498886,0.0100035049324,92.2063206977,211.968318542,52.2120518342,92.2063058069,0.0100005219855,0.0100349077282,0.0149991992233,92.2338387128,0.0100039778103,92.2063503268,171.694973423,92.2066742838
2011-08-21 12:00:00,0.0100015982207,92.2063541397,92.2063652639,0.0100197932833,0.0200275526912,4.31250226992e-05,0.0150157409778,92.2063261831,92.2062897342,0.0100176902046,0.0199759412254,92.2058083984,0.0100112502605,0.0100545469444,0.0100053311883,69.1607321212,0.0100050281403,0.010004830744,92.2063216201,211.968112878,52.2120497034,92.2063191593,0.0100006554983,0.010070312013,0.0149983607889,0.0150516580943,0.0100054921315,92.2064871387,171.695347677,92.206696578
2011-08-21 13:00:00,0.0100027080099,92.2083601201,92.2063635424,0.0100972131206,74.6869053313,4.28674041765e-05,0.0150015961201,92.2063167823,92.2063059681,0.0100551371518,0.0199922497832,171.693557453,0.0100613929304,0.0107117049761,0.0100280316739,74.6871180226,0.0100163414433,0.0100141771974,92.2063247741,158.977320488,52.2120456122,171.699558906,0.0100013235705,0.0109732339581,0.0149976090703,0.0155612601998,0.0100182539908,171.694619446,211.968030573,92.2067446247
2011-08-21 14:00:00,0.0100119023805,211.968500941,92.206365541,0.010186437864,74.687126661,4.26302091602e-05,0.0150052739875,92.2063151243,92.2063150353,0.0100678176392,0.0200047734169,171.693560115,64.1052901813,0.0107522042985,0.0100381689112,74.6871233878,0.0100256578651,0.0100289959877,92.2063279815,92.2065058452,52.2120465469,211.968491982,0.0100039939535,0.0110262068596,0.0150095747828,158.976137263,0.010038307795,211.968256853,211.968462042,211.968071589
2011-08-21 15:00:00,0.0100469200303,211.968541251,92.2063796777,0.0104087769483,74.6871313983,4.25225556378e-05,92.2063222888,92.2063251979,113.835007454,0.0132913696444,0.0201530727968,171.693563119,64.1054642822,0.0109193553127,79.9157731843,74.6871654095,0.0100662820572,0.0101026265135,92.20639111,158.976947058,52.2120500716,211.968510391,0.010006279732,0.0110968059091,0.0150135274624,158.97638537,0.0101028419961,211.968402515,211.968624097,211.969341912
2011-08-21 16:00:00,110.385481249,211.968549888,211.968545881,0.0471322968172,74.6871344394,4.23952340903e-05,92.2063353926,92.2063271785,113.835021182,0.0133935699746,0.0247702447995,171.693572749,85.4737862325,226.165430858,79.9159490124,211.968209083,0.0202208794019,0.016762246591,211.968554697,211.968362576,52.212055228,211.968512269,0.0185541027339,211.968363409,0.015014801111,158.976701699,0.0130012048195,211.968453621,211.968976526,211.969484193
2011-08-21 17:00:00,110.385680269,211.968550327,211.968654566,0.0472026508615,171.694504758,4.2222528646e-05,211.967447973,211.968549315,113.835025303,0.0133998287654,0.0247819931065,211.967322014,85.4738073236,226.165483069,79.9159540073,211.968220368,0.0202303784072,0.0167736356666,211.968561195,211.968542676,52.2120557276,211.968511153,0.0190034289769,211.968456469,0.0151197837446,211.968331873,0.0130208351805,211.968458823,211.969087471,211.969549954
2011-08-21 18:00:00,110.385696431,211.968549706,211.96865785,0.0472170302411,171.694546891,4.20824237269e-05,211.96851637,211.968556984,113.835025068,0.0134017662424,0.0247858593052,211.967370384,85.4738111183,226.165494152,79.9159556193,211.968222964,0.0202331865563,0.0167771033861,211.96856225,211.968586282,52.212052117,211.968507403,0.0190043713489,211.96847395,77.2668217913,211.968466388,0.0130260425704,211.968466197,211.969116307,211.969592083
2011-08-21 19:00:00,110.385698488,211.968551237,211.968656975,0.0472206898155,171.694550185,4.19521988167e-05,211.968542954,211.968560648,113.835022627,0.0134027114957,0.0247851296922,211.967375988,85.4738124892,226.165496876,79.9159558834,211.968223506,0.0202339407917,0.0167780796021,211.968560602,211.968601164,52.2120489238,211.968506362,0.0190045977978,211.968479546,77.2668229995,211.968503523,0.0130274683599,211.968462708,211.96916889,211.969583561
2011-08-21 20:00:00,110.38569922,211.968551693,211.968657411,0.047220579333,171.694551809,4.1665638901e-05,211.968553764,211.968560944,113.835021406,0.0134027722448,0.024784148339,211.967377205,85.4738123734,226.16549777,79.91595572,211.968223672,0.0202340414521,0.0167778969981,211.968553957,211.968618833,52.2120470477,211.968502934,0.0190046544287,211.9684813,77.2668234216,211.96851911,0.0130279680712,211.968453721,211.969065773,211.969531369
2011-08-21 21:00:00,110.38569709,211.968549924,211.968659407,0.0472188822678,171.694552351,4.11958162043e-05,211.968560001,211.968560003,113.835020335,0.0134024235322,0.0247822874162,211.967377721,85.4738113598,226.165496252,79.9159554609,211.96822382,0.0202338766725,0.0167775129518,211.968555157,211.968615429,52.2120430737,211.968503551,0.0190046508076,211.968480247,77.2668237935,211.968518495,0.0130280272588,211.968444827,211.968926106,211.969478846
2011-08-21 22:00:00,110.385695767,211.968548044,211.96865935,0.0472163106156,171.694551786,4.0772800954e-05,211.96856083,211.968558583,113.835018534,0.0134016511709,0.0247790960692,211.96737767,85.4738119038,226.165493541,79.9159550826,211.968223917,0.0202335187725,0.0167767140432,211.968553962,211.968605068,52.2120396862,211.968500158,0.0190046130695,211.968481358,77.2668239249,211.968516127,0.013027851312,211.968438809,211.968683521,211.969441165
2011-08-21 23:00:00,110.385694029,211.968546,211.968658898,0.0472140345549,171.694551836,4.03952922576e-05,211.968560931,211.968558228,113.835016173,0.0134008370705,0.0247761516112,211.967377335,85.473811889,226.165491676,79.9159547723,211.968223898,0.0202332011348,0.0167756749218,211.968555186,211.968593662,52.2120362256,211.968487544,0.0190045641432,211.968482391,77.266824028,211.968512801,0.0130272207061,211.968435445,211.968602515,211.969396428
2011-08-22 00:00:00,110.385693617,211.96853969,211.968658703,0.0472118254794,171.694550658,4.0161244282e-05,211.968563813,211.968557306,113.83501387,0.0134000071402,0.0247747173041,211.967377081,85.4738118251,226.165491211,79.9159540639,211.9682239,0.0202327915898,0.016774710953,211.968557689,211.968580948,52.2120362802,211.968501665,0.0190044916711,211.968481685,77.2668240397,211.968504484,0.0130266531242,211.968434823,211.968564601,211.969027943
2011-08-22 01:00:00,110.385693985,211.968540009,211.968658191,0.047209620088,171.694551332,4.00352802396e-05,211.968565865,211.968557789,113.834994101,0.0133992481321,0.0247738235451,211.967376802,85.4738116248,226.16548979,79.9159532356,211.968223729,0.0202324713882,0.0167738268557,211.968556002,211.968575403,52.2120347025,211.968441332,0.0190044452501,211.968480316,77.2668241228,211.968492921,0.013026032005,211.968431586,211.968535067,211.968543921
2011-08-22 02:00:00,110.385696771,211.968541111,211.968657881,0.0472056104129,171.694551391,3.98848688308e-05,211.968567907,211.968558787,92.2063282622,0.0133981184495,0.0247723981927,211.967376455,85.4738114234,226.165488274,79.9159523924,211.968223791,0.0202322209825,0.0167726401966,211.968553485,211.968573008,52.2120334945,92.2070618025,0.0190043744711,211.968479608,77.2668241649,211.968494598,0.0130254584722,211.968424764,211.968502475,211.968141589
2011-08-22 03:00:00,110.385701659,211.968544791,211.968658732,0.0471999787289,171.694552018,3.98661754929e-05,211.968570351,211.968559908,92.2063159939,0.0133963402539,0.0247707311888,211.967376277,85.4738126556,226.165485661,79.9159512571,211.968224077,0.0202318903021,0.0167709767154,211.96855746,211.968572331,52.2120325633,92.2066102718,0.0190042990416,211.968476742,77.2668242243,211.968512664,0.0130242852498,211.968422418,211.968521252,211.968231237
2011-08-22 04:00:00,110.385706196,211.968547527,211.968660055,0.0471912400123,171.694551991,4.00253088863e-05,211.968572539,211.968561603,92.2063165159,0.01339276324,0.0247692536905,211.967376464,85.4738132732,226.165483211,79.9159492953,211.96822383,0.0202314311012,0.0167686341725,211.968561461,211.968575756,52.2120309288,171.694328545,0.0190041605368,211.968478095,77.2668242269,211.968565013,0.0130226911518,211.968426577,211.968615658,211.968550855
2011-08-22 05:00:00,110.385709356,211.968545834,211.968663196,0.0471558337311,171.694551692,4.04131859508e-05,211.968574339,211.968564011,92.2063134689,0.0132763825022,0.0247470333643,211.967376441,85.4738143303,226.165472323,79.91592614,211.968222383,0.020227122167,0.0167515685202,211.968563057,211.968587103,52.212032416,211.968328514,0.0190037996643,211.968473854,77.2668241786,211.968574962,0.0130130146224,211.968400943,211.968598919,211.96767344
2011-08-22 06:00:00,110.38566878,211.968535965,211.968667258,0.0107747741764,171.694550332,4.04706280853e-05,211.968573774,211.96856554,92.2063147112,0.010040956147,0.0200295015567,211.967376835,85.4738110618,211.96842588,0.0105352090783,211.968197034,0.0163903797429,0.0100817719829,211.968562524,211.968616909,52.2120420341,171.69442458,0.0189937816972,211.968394226,77.26682387,211.968550335,0.0102367294349,211.968301801,211.968566715,158.977424342
2011-08-22 07:00:00,82.7892963988,211.968487225,211.968660801,0.0104252236873,171.694539205,4.02384883546e-05,211.968562412,211.968565672,0.020009919668,0.0100270803583,0.0200110081912,211.96737467,85.4737892193,183.192724571,0.0105226647003,171.694235483,0.0163653689558,0.010051185966,211.968555417,211.968620162,52.2120384673,211.965582099,0.0142308765207,171.694440046,77.2668200472,211.968403318,0.0101460919101,211.968344049,211.968490411,158.977343011
2011-08-22 08:00:00,82.7892565383,92.2063524899,211.968657108,0.0103373568787,74.6871491245,4.00209437974e-05,211.968572832,211.968565566,0.019993762455,0.0100064370572,0.020000133431,211.967349664,64.1054680725,183.192692577,0.0104721343445,171.694229268,0.0163555374976,0.0100240954338,171.694541986,211.968586222,52.2120333484,92.2066396203,0.0142290112944,171.694414529,0.0150080640637,211.968581846,0.0101074574155,211.968178256,211.968527554,158.977393277
2011-08-22 09:00:00,0.012206053571,92.2063320171,211.968636791,0.0100344420783,74.6871409364,3.98182617203e-05,211.968573722,211.968564658,0.0198867799938,0.0100030389816,0.0199885676221,171.693588828,64.1053682367,169.624257266,0.0100075585434,171.693914189,0.010033295791,0.0100064905735,171.694529407,211.968559314,52.21202955,92.2063726217,0.0141115387751,171.694347851,0.0150056773301,211.968566547,0.0100148716278,211.964198306,211.968579943,211.965116487
2011-08-22 10:00:00,0.0100085787192,92.2063286374,171.694652971,0.0100188522486,74.6871333441,3.95793915079e-05,211.968571976,211.968564476,0.0149996143099,0.0100026491154,0.0199661790713,171.693577093,64.1052772354,0.0103033986366,0.0100050049697,0.0151500510245,0.0100101216332,0.0100048789202,92.2063332563,211.968553442,52.2120250663,92.2063534959,0.0100014580408,158.976526594,0.015000148783,211.968487656,0.0100084508847,171.695199875,211.96875894,211.968815858
2011-08-22 11:00:00,0.0100074119394,92.2063318383,211.968534536,0.010018383867,74.6871315417,3.94470471886e-05,211.96856925,211.968564527,0.0149994583758,0.0100034102072,0.0199720236107,171.693572857,0.0107962348543,0.0103276614251,0.0100085599742,0.0149352409793,0.0100125416594,0.0100053655098,92.2063289911,211.968552716,52.2120215837,92.2063754184,0.0100012341532,0.0114442161167,0.0149654727401,211.9684488,0.010009399364,211.968207841,211.968960015,211.969426017
2011-08-22 12:00:00,0.0100671105588,92.2063595949,211.96865309,0.0100390032099,74.6871288649,3.93666533855e-05,211.968544337,211.968565398,0.0150010476685,0.0100073052961,0.0199901880998,171.693566619,64.1053312137,169.624248192,0.0104836035921,158.976253657,0.0162581694621,0.0100093140407,158.97640659,211.968588264,52.2120282719,211.968351326,0.0100022608968,171.694109472,0.0100035588236,158.977182729,0.0100244263053,211.968319324,211.969044338,211.969434418
2011-08-22 13:00:00,82.7892442777,211.968488297,211.968656887,0.0103588864322,74.6871291348,3.9258288638e-05,171.694545712,211.968565887,0.0198096742985,0.0100276980564,0.0200024642231,171.693570659,64.1053779519,183.19268604,0.0105224768497,171.694226314,0.0163607111013,0.0100415110264,171.694526126,211.968619633,52.2120207813,171.694774228,0.0142252448862,171.694406265,0.0149926835896,211.968318263,0.0101309265393,211.968383257,211.96907198,211.969389651
2011-08-22 14:00:00,82.7892826606,211.968544662,211.968658438,0.0104246727092,74.6871322712,3.9046206504e-05,171.694546376,211.968565776,0.0199949304023,0.0100421605302,0.020021679688,171.693569436,85.4734305436,183.192720083,0.010533755879,171.694232767,0.0163697197137,0.010056548653,171.694549176,211.968627268,52.2120154335,211.968370932,0.0142296911822,171.694435246,0.0150014862956,158.976487674,0.0101506039277,211.968440898,211.969006822,211.968903144
2011-08-22 15:00:00,82.7895923816,211.968551143,211.968660272,0.0107381778528,74.6871369743,3.87067260082e-05,171.694552443,211.968565612,0.0200133535164,0.0186285024722,0.0247328682187,171.693573269,85.4737801678,183.193021816,183.714714456,171.694257326,0.0207348737125,0.0104206832056,211.968560172,211.968631541,52.2120188067,211.968496303,0.0142338680588,171.694541535,0.0150057187355,158.976412873,0.0104187289544,211.968464085,211.969047907,211.968979566
2011-08-22 16:00:00,110.38572881,211.968553358,211.96866083,0.0525030466973,74.6871452686,3.85493202829e-05,211.968390427,211.968565594,92.2063247006,0.0188420082751,0.0248066217022,171.693577484,85.4738062867,226.165881382,183.714835023,211.968444897,211.967384685,0.0350052567981,211.968564888,211.968636474,52.2120288405,211.96850955,211.968321561,211.968549749,0.0150077513972,158.976402057,0.0156789195215,211.968472758,211.969053271,211.968805109
2011-08-22 17:00:00,110.385749426,211.968553821,211.968664026,0.0525621690514,171.694505861,3.83950713357e-05,211.968551594,211.968565726,211.968519486,0.0188486899635,0.024817523707,211.967301361,85.4738127514,226.165906401,183.714840483,211.968452637,211.967391844,0.0350151772872,211.968569621,211.968637458,52.2120306781,211.968513397,211.968337312,211.968585127,177.624948494,158.97646179,0.0156986707645,211.968484006,211.96904719,211.969107972
2011-08-22 18:00:00,110.38575539,211.968553711,211.968672212,0.0525750453329,171.694540207,3.82194440744e-05,211.968562317,211.968565721,211.968531933,0.0188506819136,0.0248214109209,211.967376516,85.4738143801,226.165913875,183.714842328,211.968454363,211.967394016,0.035018224535,211.968575085,211.968638886,52.2120215099,211.96850982,211.968338178,211.968595266,177.624967731,158.97653517,0.0157036020665,211.96849138,211.969083967,211.968522748
2011-08-22 19:00:00,110.385753585,211.96855338,211.968667092,0.0525777441364,171.694541968,3.81815765565e-05,211.968559692,211.968565951,211.968532707,0.0188516659801,0.0248172936153,211.967379375,85.4738148049,226.16591491,183.714842668,211.96845472,211.967394512,0.0350188753978,211.968573569,211.968639586,52.2120216966,211.968510931,211.968338392,211.968597089,177.624968548,158.97648452,0.0157047139815,211.96847875,211.969081511,211.968444566
2011-08-22 20:00:00,110.385752185,211.968553011,211.96866294,0.0525771157648,171.694542769,3.79480718802e-05,211.968553406,211.968565638,211.968532464,0.0188517058608,0.0248149375646,211.967379649,85.4738143705,226.165914671,183.714842432,211.968454793,211.96739451,0.0350185784547,211.968570666,211.968645234,52.2120231621,211.968509641,211.968338457,211.968597144,177.624968757,158.976492105,0.0157050974123,211.968458872,211.968935829,211.96793847
2011-08-22 21:00:00,110.385749133,211.968551536,211.96866077,0.0525755046319,171.694543169,3.73580984974e-05,211.968551974,211.968564608,211.968531859,0.0188513600195,0.0248122557359,211.967379574,85.4738136315,226.165912375,183.714842263,211.96845478,211.967394358,0.0350180030977,211.968567767,211.968636916,52.2120173339,211.968507939,211.968338461,211.968594947,177.624968849,158.976506821,0.0157050601651,211.968447088,211.968720215,211.968348768
2011-08-22 22:00:00,110.385746477,211.968550069,211.968658878,0.0525722288475,171.694542183,3.69817269893e-05,211.968549445,211.968561861,211.968531275,0.0188505965128,0.0248084113081,211.967379063,85.473813625,226.165909185,183.714841819,211.9684548,211.96739383,0.0350170599412,211.968565552,211.968624746,52.2120128709,211.968505339,211.968338434,211.968593623,177.624968873,158.976466685,0.015704679691,211.9684397,211.968617118,211.968553732
2011-08-22 23:00:00,110.385742396,211.968549109,211.968656947,0.0525693881646,171.694542324,3.67000616571e-05,211.968552763,211.968558618,211.968531434,0.0188497249159,0.0248028580533,211.967378497,85.4738132384,226.165906618,183.71484152,211.968454616,211.96739335,0.0350158370573,211.968564747,211.968607459,52.2120099119,211.968503219,211.968338388,211.968592182,177.624968877,158.976670321,0.0157041607565,211.968435926,211.96860017,211.968974046
2011-08-23 00:00:00,110.385741893,211.96854724,211.968655741,0.0525664110854,171.694540183,3.64913498822e-05,211.968566113,211.968558448,211.968532839,0.0188488433855,0.0247918689429,211.967378002,85.4738131336,226.165904453,183.714840804,211.96845416,211.967392925,0.0350147295711,211.968564255,211.96859519,52.2120097726,211.968505001,211.968338353,211.968590289,177.62496888,211.968397825,0.0157035528309,211.968432827,211.968576191,211.969315527
2011-08-23 01:00:00,110.385738557,211.968548176,211.968644453,0.0525648024894,171.694543243,3.6357059788e-05,211.968560553,211.96855768,211.968533135,0.0188479306402,0.0247898435368,211.967377485,85.4738130789,226.165902223,183.714840533,211.968453894,211.967392505,0.0350136618126,211.968563481,211.968583867,52.2120082579,211.968506904,211.968338293,211.968590085,177.62496889,211.968449539,0.0157029534337,211.968431205,211.968576157,211.96935657
2011-08-23 02:00:00,110.385738767,211.968549162,211.968559058,0.0525601344387,171.694544287,3.62214762371e-05,211.968563198,211.968557429,211.968533614,0.0188466629242,0.0247869032943,211.967376951,85.4738128967,226.165900132,183.714840262,211.968453725,211.96739209,0.0350123719248,211.968561886,211.968579535,52.2120078913,211.968508432,211.968338222,211.968588638,177.624968892,211.968456459,0.01570205641,211.968432207,211.968599197,211.969395435
2011-08-23 03:00:00,110.385743685,211.968551142,211.968495173,0.0525539740287,171.694545074,3.61478369059e-05,211.96856876,211.968556855,211.96853359,0.0188446533249,0.0247861185561,211.967376389,85.473813006,226.165898158,183.714839545,211.968453799,211.967391442,0.0350102647694,211.968561373,211.968579273,52.2120074521,211.96851034,211.968338156,211.96858837,177.624968936,211.968459944,0.0157007388112,211.968446186,211.968603851,211.96943355
2011-08-23 04:00:00,110.385746197,211.96855309,171.694719302,0.0525444836286,171.694545203,3.63634085384e-05,211.968571264,211.9685569,211.968534392,0.0188403541415,0.0247862524076,211.967375866,85.4738141426,226.165895498,183.714838368,211.968453044,211.967390409,0.035008086776,211.9685617,211.96858148,52.2120077461,211.968514971,211.968338026,211.968589913,177.624968956,211.968456528,0.0156989911172,211.968466559,211.968738623,211.96946138
2011-08-23 05:00:00,110.385744861,211.968552614,211.968430518,0.0525053482074,171.694545362,3.68242498954e-05,211.968572333,211.968558369,211.968534139,0.0186651466955,0.024755103899,211.967374844,85.4738150898,226.165882754,183.714822883,211.968450307,211.967383903,0.0349907623803,211.96856011,211.968590016,52.2120128779,211.968525254,211.968337659,211.968584886,177.624968926,211.968446126,0.0156880711856,211.968467471,211.968787211,211.969471501
2011-08-23 06:00:00,110.385679254,211.968548675,211.968545198,0.0110380574127,171.6945451,3.6799959489e-05,211.968566437,211.968558599,211.968528617,0.0100556267536,0.0200312573704,211.967373377,85.4738118564,226.096862356,0.0200831874281,211.968270268,41.9134866538,0.0101083949138,211.968537453,211.968617023,52.2121745821,211.96852738,211.968327239,211.968497533,177.624968769,211.968417735,0.0119013325192,211.968437913,211.968690419,211.969430035
2011-08-23 07:00:00,0.0151476324954,211.968543197,171.694610428,0.0106687387521,171.694539276,3.65109399348e-05,211.968564076,211.968559501,211.968439212,0.0100400856946,0.0200100517367,211.967367706,85.4737904504,169.625268039,0.0200665618121,92.2067167544,41.9134309976,0.010073549058,92.2063260063,211.968625503,52.212641515,211.968527399,0.015013642311,171.694536669,177.624966603,211.968219225,0.0117932080285,211.968367199,211.968515352,211.96930273
2011-08-23 08:00:00,0.01510058116,211.968522397,171.694597883,0.0105950913629,74.687186932,3.63358798375e-05,211.968536634,211.968559634,171.694500874,0.010009423235,0.0199969756795,211.967317374,64.1054452132,169.625235056,0.0200579616074,92.2067095687,41.91341966,0.0100433366843,92.2063111504,211.968591597,52.2126560335,211.96852359,0.0150114314938,171.694510886,143.876223653,158.976362275,0.0117598946796,211.967910149,211.968379021,211.966139997
2011-08-23 09:00:00,0.0106068398362,211.968488898,171.694593368,0.0100483757959,74.6871633739,3.61234951306e-05,171.6945241,211.968559621,171.693949378,0.0100036656355,0.019984551677,171.693532791,64.1053708203,169.624349951,0.0198912335564,92.2063400575,0.0101068565143,0.0100078635905,0.0200037689052,211.968550574,52.2127029105,211.968521495,0.0149795776978,171.694454035,143.876221772,158.976195493,0.0113554026382,171.694784977,211.968294045,158.977256469
2011-08-23 10:00:00,0.0100091215075,211.968336739,92.2063703952,0.0100228247943,74.6871330663,3.59748544382e-05,92.2063283181,211.968559665,92.2063188788,0.0100031323973,0.0199689998995,171.693520999,64.1053150328,0.0108167058032,0.0100307359586,0.014975180774,0.0100122855782,0.0100057547019,0.0199996910619,211.968526663,52.2128580911,211.968517407,0.0100016610702,158.97756322,143.876220295,92.2066764447,0.0101409156282,171.694626717,211.968293048,158.977170387
2011-08-23 11:00:00,0.0100076806538,211.968344617,92.2063675633,0.0100228389508,74.6871299855,3.5898901396e-05,0.0150012993289,211.968561339,92.2063171521,0.0100041656459,0.019973801652,171.69351483,64.1051970151,0.0105695858238,0.0199648854415,0.0148765879414,0.0100145334727,0.0100063747432,0.0199992389244,211.968519198,52.2129645405,211.968513772,0.0100013759489,158.976279209,133.218713022,0.0150514363273,0.0115895444739,171.686244149,211.968460354,158.976871329
2011-08-23 12:00:00,0.0100149250114,211.968512022,92.2063698842,0.0100517260014,74.6871311414,3.56853543791e-05,92.2063287944,211.968560331,92.2063296965,0.0100109011414,0.0199912099724,158.975645785,64.1053059236,169.62413451,0.0200271610309,92.2054605901,0.0149941815982,0.0100125443052,0.0199996646739,211.968519255,52.2126815699,211.968507085,0.0100028973193,171.694337104,0.0149819968719,92.2064784936,0.0117464755446,171.694610451,211.968506127,158.977235456
2011-08-23 13:00:00,0.0149502698311,211.968533161,92.2065068509,0.0106048680274,74.6871323085,3.55335755118e-05,92.206345833,211.968560074,171.694490825,0.0100402402179,0.0200044080155,92.2058439697,64.1053603678,169.62522288,0.0200626034228,92.2067049116,41.9134226063,0.0100647971554,0.0200021862303,211.968526998,52.2126598045,211.968419095,0.0150018447225,171.694500103,133.218764138,158.962013671,0.0117793202379,171.694752854,211.968509942,211.9683116
2011-08-23 14:00:00,0.0151062234274,211.968547078,171.694602052,0.0106682968842,74.6871325762,3.54239945222e-05,171.694486946,211.968563553,171.694501854,0.010055348892,0.0200261585851,158.975695436,64.1054001751,169.625261222,0.0200701762258,92.2067134686,41.9134318761,0.010079242343,92.2063033941,211.968537488,52.2126540492,92.2066659419,0.015011645128,171.694527776,143.876219827,158.976147725,0.0117950221256,211.968097689,211.968522029,211.968461668
2011-08-23 15:00:00,0.0151826540619,211.968552614,211.968647499,0.011029476344,74.6871521619,3.52554266991e-05,171.694521884,211.968565253,211.968504897,0.0354457598537,0.0247803821277,171.693502112,85.4737601389,169.625485868,0.0205844824089,92.2067294585,41.9135302586,0.0109837063176,92.2063212044,211.968540854,52.2126452047,92.2063723548,0.0150149845016,171.694635771,143.87622161,158.976278027,0.0119382713855,211.968407798,211.968998363,211.969393055
2011-08-23 16:00:00,110.385719076,211.968555971,211.96865892,0.108799445175,74.6871740758,3.5038456624e-05,211.968519831,211.968565841,211.968524919,0.0356065576498,0.0248600963794,171.693517913,85.4738078508,226.165895982,98.6605715569,211.968486894,211.967840453,143.093812364,92.2063269415,211.968555306,52.2126469102,92.2063674878,211.968376187,211.968600639,143.876223197,211.968150198,0.0158191589648,211.968460732,211.969094243,211.969568099
2011-08-23 17:00:00,110.385751964,211.968556481,211.968664287,0.10885690349,171.694550557,3.49078990515e-05,211.968553939,211.96856632,211.968528193,0.0356127619042,0.0248715168139,171.693530297,85.4738139164,226.165919939,98.6605788664,211.968500624,211.967848078,143.093822252,211.968534007,211.968590886,52.2126243217,92.2063168508,211.968383929,211.968631488,177.624965633,211.968420182,0.0158361689987,211.968468846,211.969140645,211.969666996
2011-08-23 18:00:00,110.385759029,211.968556647,211.968669213,0.108869741161,171.694557082,3.47437134544e-05,211.968551687,211.968566347,211.968529204,0.0356147614468,0.024875874807,211.967310769,85.4738151928,226.165927338,98.6605809043,211.968502785,211.967850195,143.093825401,211.968556718,211.968589212,52.212616459,92.2063080482,211.96838468,211.968640358,177.624968615,211.968469863,0.0158404340491,211.968479843,211.969515711,211.969708253
2011-08-23 19:00:00,110.385758295,211.968556442,211.968666858,0.10887223946,171.694558269,3.46846284781e-05,211.968555035,211.968566525,211.968527233,0.0356157405841,0.0248692369173,211.967314603,85.4738157771,226.165928374,98.6605816265,211.968503613,211.967850825,143.093826021,211.968558591,211.968575197,52.2126051849,92.2063009433,211.968384863,211.968641677,177.624969059,211.968484767,0.0158416346947,211.968466076,211.969205472,211.969659577
2011-08-23 20:00:00,110.38575762,211.968555986,211.968661177,0.108871644186,171.694558826,3.44712971693e-05,211.968558707,211.96856642,211.968524662,0.0356157730815,0.024866271078,211.967315289,85.4738153895,226.16592822,98.6605819405,211.968504032,211.967851063,143.093825729,211.968559932,211.968573672,52.212397475,92.2062938038,211.968384904,211.968641169,177.624969163,211.968499773,0.0158420193471,211.968445555,211.969065907,211.9695529
2011-08-23 21:00:00,110.385755528,211.968554733,211.968659656,0.108869477419,171.694558828,3.40149221013e-05,211.968559382,211.96856566,211.968519846,0.0356154437385,0.0248629339905,211.96731563,85.4738145226,226.165926355,98.6605819037,211.968504199,211.967851173,143.093825118,211.9685612,211.968572707,52.2120099759,92.2062597265,211.968384901,211.968639774,177.624969194,211.968508514,0.015841965685,211.968434827,211.968903902,211.969482248
2011-08-23 22:00:00,110.385753846,211.96855378,211.968657316,0.108866436996,171.694558553,3.35741052882e-05,211.968559478,211.968564418,211.968508792,0.0356146503585,0.024858280234,211.967315429,85.4738148075,226.165923211,98.660582086,211.968504322,211.96785085,143.09382415,211.968561574,211.968558826,52.2119922583,0.0150744474309,211.968384861,211.968637682,177.624969165,211.968502756,0.0158415577832,211.968430287,211.968739243,211.969452672
2011-08-23 23:00:00,110.385751557,211.968553479,211.968656,0.108863532474,171.694558526,3.33201820154e-05,211.968558896,211.968562556,211.968506451,0.035613733615,0.0248518422418,211.967315221,85.4738149393,226.165920604,98.6605822381,211.968504282,211.967850469,143.093822977,211.968561848,211.968550404,52.2119863826,0.0150248634236,211.968384807,211.968636127,177.624969137,211.968510505,0.0158408095204,211.968426112,211.96866739,211.969426528
2011-08-24 00:00:00,110.385750828,211.968554338,211.968656974,0.108861069367,171.694558295,3.31566689903e-05,211.968559089,211.968561668,211.968518567,0.0356129379837,0.0248514991834,211.967314936,85.473814876,226.165918277,98.6605818263,211.968504206,211.967849878,143.093821909,211.968562941,211.968534182,52.2119836983,92.2061515952,211.968384771,211.968634162,177.624969123,211.96851888,0.0158400963904,211.968424116,211.968659862,211.96942447
2011-08-24 01:00:00,110.385750499,211.968554447,211.968652615,0.108858872202,171.69455799,3.30097961636e-05,211.968557715,211.968561283,211.968517612,0.0356120096441,0.0248473344997,211.967314561,85.4738146515,226.165916172,98.6605820216,211.968504119,211.967849499,143.093820864,211.968562873,211.96853804,52.2119807074,92.2062905616,211.968384717,211.968633187,177.624969135,211.968517479,0.0158394403246,211.968422591,211.968616616,211.969407142
2011-08-24 02:00:00,110.385752317,211.968554698,211.968645059,0.108854154148,171.694557929,3.2868181021e-05,211.968556786,211.968561054,211.968515602,0.0356107115335,0.0248425815041,211.967314179,85.4738143653,226.16591394,98.6605819174,211.968504189,211.967849151,143.093819484,211.968562591,211.968545024,52.2119771642,92.2062970012,211.968384659,211.968631471,177.62496913,211.968518538,0.0158385963118,211.968424682,211.968656859,211.969392262
2011-08-24 03:00:00,110.385756265,211.968556,211.968651616,0.108848390426,171.694558037,3.28433205331e-05,211.968557057,211.968560659,211.968514743,0.0356087586947,0.0248395421248,211.967313609,85.4738144361,226.165912157,98.6605814463,211.968504365,211.967848638,143.093817754,211.968563027,211.968552587,52.2119744636,92.2063039237,211.968384587,211.968630872,177.624969174,211.968522497,0.0158372688503,211.968439331,211.968682942,211.969415847
2011-08-24 04:00:00,110.385759159,211.968557316,211.968655806,0.10883845918,171.694558104,3.30702523946e-05,211.968557929,211.968560474,211.968514938,0.0356045204981,0.0248358215287,211.967312975,85.4738150522,226.165909392,98.6605804852,211.968503993,211.967847805,143.093814913,211.968564055,211.968555411,52.2119722753,92.2063149088,211.968384469,211.968632019,177.624969186,211.968523037,0.0158352223097,211.968464394,211.968930592,211.969448456
2011-08-24 05:00:00,110.385759028,211.968557378,211.968658255,0.108798294807,171.694558164,3.3412958025e-05,211.968557521,211.968561662,211.968509203,0.0354464241583,0.0247816964098,211.967311705,85.4738160041,226.16589624,98.6605712032,211.968502528,211.967842386,143.093795987,211.968564739,211.968562421,52.2119720411,92.2086278083,211.968384114,211.968625963,177.624969131,211.968522855,0.015823747323,211.968435881,211.968890512,211.969381193
2011-08-24 06:00:00,110.385725014,211.968556368,211.968661991,0.0113761312843,171.694558077,3.3419799988e-05,211.968552743,211.968563891,171.694447763,0.010062803604,0.0200341975584,211.967310387,85.4738130597,211.968605921,79.9150371373,211.968480476,171.69394188,0.0101537271715,211.968563059,211.968585862,52.2119698981,211.968478393,211.968375234,211.968509553,177.624968901,211.968419654,0.0118808757822,211.968362608,211.968627635,211.968589428
2011-08-24 07:00:00,82.7893242922,211.96855497,211.968660065,0.0109943950715,171.694553296,3.32614348185e-05,211.968104753,211.968559943,171.694431594,0.0100478711616,0.0200121098995,211.967299301,85.4737935687,183.192186382,79.9150252016,171.694471831,171.69391408,0.0101184490398,211.968528192,211.968574153,52.2119704769,211.968502479,0.0150139835961,171.694560206,177.624966292,158.976457096,0.0116119105776,211.967840386,211.968446595,158.976931396
2011-08-24 08:00:00,82.7892836427,211.968552892,211.968657874,0.0109298568233,139.072597546,3.31392321404e-05,171.694522157,211.968557092,92.2063303358,0.0100117154833,0.0199981696719,0.0150222673747,64.10548443,183.192155808,79.9150060843,171.694465916,171.69390409,0.0100883643946,158.976458649,211.968517589,52.2119696474,211.968505798,0.0150117026867,171.694531999,143.876214527,158.976318631,0.0115804934181,171.694718574,211.967969749,158.976462234
2011-08-24 09:00:00,82.7887691776,211.968549733,211.968657427,0.0100652747159,139.07258714,3.29389395563e-05,171.694514578,211.96854849,92.206314527,0.0100043553387,0.0199877819474,0.0149558025603,64.1053833135,169.624461969,0.0100238219991,171.694446259,0.0111919796755,0.0100109042784,92.206328472,92.2064060535,52.2119680919,211.968508444,0.0149898482155,171.694468749,143.876212323,92.2071927973,0.0100446235387,171.694272588,211.964426464,92.2067645936
2011-08-24 10:00:00,0.0100091589343,211.968543487,211.968653205,0.0100268325813,128.770969279,3.28053438276e-05,158.976558868,92.2063318672,92.206312559,0.0100037661726,0.019978115081,0.0149323362835,64.1053293926,0.011337718353,0.0100109990338,92.2062918935,0.0100154186948,0.0100071997549,92.2063267188,92.2063373825,52.2119662782,211.968508254,0.0100017865274,158.977365147,143.876210837,0.0150425046049,0.0100145292954,171.694366899,171.696405307,92.2067105068
2011-08-24 11:00:00,0.0100102407853,211.968533513,211.968638709,0.010026914721,74.687141522,3.26915841143e-05,171.694470405,92.2063263409,92.2063154627,0.0100049204332,0.0199828453772,0.0100113990947,64.1053023206,0.0105999575281,0.0100262176305,92.206230507,0.0100232202672,0.0100082785694,92.2063264998,0.0150375619637,52.211964428,211.968509006,0.0100013462708,0.0131978109192,77.2668542865,91.7370063908,0.0100159206907,171.694717259,171.697657371,92.2069198094
2011-08-24 12:00:00,0.0100338424545,211.968536579,211.968657044,0.0100648682975,128.770927124,3.26052975756e-05,171.694517629,92.2063249438,92.2063203979,0.0100148110786,0.0199934919693,0.0100059171655,64.1053636857,169.62440612,79.9149934926,158.97651747,171.69354824,0.0100199421115,92.2063304765,0.0150309702031,52.2119643664,211.968512474,0.0100029618283,171.694346712,0.0100068516577,158.976333821,0.0101074296796,171.695705364,211.967672875,158.976794743
2011-08-24 13:00:00,82.7892394778,211.968542381,211.968657699,0.0109282939622,128.770932852,3.24800294902e-05,171.694523387,0.0150062224481,171.694434582,0.0100483601821,0.0200057970091,0.0100075073128,64.105414606,183.192143278,79.9150243585,171.69446251,171.693908371,0.0101113299101,171.694528427,0.0150314967118,52.2119617096,211.968511565,0.0150004375558,171.694520686,0.0149693519789,158.976388319,0.0115930535075,211.968134741,211.968506057,158.977092103
2011-08-24 14:00:00,82.7892936087,211.968549704,211.968629324,0.0109924588397,139.072581023,3.23332148108e-05,171.694518488,0.0150032719037,171.694467203,0.0100640628175,0.0200269129067,0.0101491908399,85.4737642708,183.192180594,79.9150355412,171.694467943,171.693917131,0.0101247657958,211.968539168,0.015072341224,52.2119623202,211.968512224,0.0150117601809,171.694547159,143.87617797,211.968380183,0.0116131624292,211.968320921,211.96872759,211.968615975
2011-08-24 15:00:00,82.7894636784,211.968554034,211.968654466,0.0113429805691,139.072588262,3.21240407002e-05,171.694525064,92.2063213653,211.968530424,42.1126766294,0.0247386967911,0.0149489249137,85.4738044798,183.192481687,183.714829426,171.694478714,171.694371138,0.0396517649573,211.968564311,92.2047249337,52.211963852,211.968519428,0.0150152027156,171.694665858,143.876211537,211.968103797,0.0118420150276,211.968409631,211.968959733,211.969161433
2011-08-24 16:00:00,110.385743412,211.968556857,211.968656874,0.111802009032,171.694545505,3.19667721866e-05,171.694540225,92.2063264303,211.968541167,42.112819507,0.0248117588183,0.0149588070186,85.4738123359,226.165906414,183.714864896,211.968486311,211.968144769,143.094171922,211.968568609,92.206350632,52.211967558,211.968522324,211.968396928,211.968607647,143.876213322,211.968256179,0.0166246707554,211.968452984,211.969156301,211.969224122
2011-08-24 17:00:00,110.385762232,211.968557302,211.968658163,0.111860972271,171.694557437,3.18627967256e-05,211.968543917,211.968553811,211.968545513,42.112825674,0.0248219721781,0.0155172048369,85.4738153208,226.165929489,183.714869301,211.968493026,211.968151339,143.094181094,211.968575629,122.942501392,52.2119692939,211.968522084,211.968401814,211.968634898,177.624962019,211.968554767,0.0166426447679,211.968469252,211.969037599,211.969236835
2011-08-24 18:00:00,110.385766737,211.968557081,211.968661814,0.111873187264,171.694558503,3.17455654362e-05,211.968557315,211.968564142,211.968547559,42.1128275858,0.0248244141208,211.967186612,85.4738158811,226.165936761,183.714870686,211.968494547,211.968153364,143.094184075,211.968574654,211.968541046,52.2119724537,211.968519786,211.968402449,211.968643533,177.624966837,211.968582085,0.0166470134815,211.968477421,211.969077182,211.969253284
2011-08-24 19:00:00,110.385765756,211.968556886,211.968661656,0.111875932873,171.694558635,3.17309827369e-05,211.968562201,211.968565041,211.968547376,42.1128285406,0.0248225108587,211.967193607,85.4738159666,226.165937611,183.714870812,211.968494906,211.968153836,143.094184599,211.96857439,211.968528733,52.2119760717,211.96851858,211.968402588,211.968644819,177.624967373,211.968601273,0.0166480974508,211.968456865,211.969142765,211.969163955
2011-08-24 20:00:00,110.385765114,211.968556567,211.968659561,0.111875500712,171.694558695,3.13975106836e-05,211.968563851,211.968564912,211.968546185,42.1128284955,0.0248214839909,211.967194998,85.4738155421,226.165937243,183.714870417,211.968494917,211.968153841,143.094184192,211.968572868,211.968511506,52.2119725842,211.968514936,211.968402606,211.968644094,177.624967501,211.96860349,0.0166487092644,211.96842917,211.968900288,211.968938013
2011-08-24 21:00:00,110.385762622,211.968555609,211.968658089,0.111873776444,171.694558378,3.08691118956e-05,211.968566049,211.968563533,211.968544751,42.1128280994,0.0248197209475,211.967195638,85.4738149588,226.165934772,183.714870133,211.968494964,211.968153671,143.094183592,211.968569662,211.968416313,52.2119651771,211.968511753,211.968402579,211.968642352,177.624967546,211.968598281,0.0166485111408,211.968409041,211.968612711,211.968891497
2011-08-24 22:00:00,110.385760774,211.968554748,211.968656188,0.1118705541,171.694557583,3.05079713727e-05,211.968566488,211.968559364,211.96854238,42.1128272896,0.0248172368333,211.967195639,85.4738152704,226.165931656,183.714869731,211.968494992,211.968152695,143.094182694,211.968566936,122.942855642,52.2119595326,211.968510031,211.968402514,211.968640016,177.624967536,211.968589011,0.0166481163126,211.968395112,211.968501964,211.968835452
2011-08-24 23:00:00,110.385756671,211.968554243,211.968655079,0.111867740687,171.694557234,3.02382774468e-05,211.968566611,211.968557072,211.96854035,42.1128264193,0.0248142424438,211.967195567,85.4738152615,226.165928912,183.714869261,211.968494574,211.968152198,143.094181388,211.968566052,92.2065379066,52.2119572801,211.968509278,211.968402454,211.968638684,177.624967524,211.968581451,0.0166474415558,211.968379999,211.968472706,211.968758941
2011-08-25 00:00:00,110.385756374,211.968554114,211.968657419,0.11186496884,171.694556964,3.00382673221e-05,211.968566631,211.96855676,211.96853742,42.1128254343,0.0248119811246,211.967195437,85.4738151306,226.165926395,183.714868985,211.968494144,211.968151606,143.094180561,211.968565717,92.2063946318,52.2119528887,211.968507886,211.968402393,211.968637102,177.624967505,211.968589365,0.0166467816976,211.968383146,211.968475576,211.969068949
2011-08-25 01:00:00,110.385754493,211.968554008,211.968658089,0.111863229002,171.694555527,2.99570841372e-05,211.968566134,211.968553405,211.968537035,42.1128244198,0.0248064054304,211.967195178,85.4738148825,226.165923909,183.714868478,211.968492106,211.968151149,143.09417958,211.968565877,92.2063687452,52.2119534151,211.968507938,211.968402322,211.968636359,177.624967486,211.968588881,0.0166460894932,211.968372716,211.968474749,211.96899795
2011-08-25 02:00:00,110.385754479,211.968554071,211.968658165,0.111858332789,171.694553867,2.98784382664e-05,211.968564999,211.96854505,211.96853922,42.1128230738,0.0248003002928,211.967194829,85.4738145949,226.165921701,183.714867696,211.968493055,211.968150734,143.094178184,211.968566124,92.2063574816,52.2119534673,211.9685087,211.968402244,211.968633824,177.624967449,211.968586958,0.0166452915274,211.968369012,211.968470299,211.968872121
2011-08-25 03:00:00,110.385760523,211.96855517,211.968657823,0.111852419782,171.694552786,2.98378532118e-05,211.968564626,211.96854071,211.968538498,42.1128210154,0.0247988325956,211.967194386,85.4738148597,226.165919769,183.714866538,211.968494661,211.968150003,143.094176329,211.968566626,92.2063543901,52.2119544592,211.968511505,211.96840216,211.968633512,177.624967459,211.968569517,0.0166438689448,211.968380456,211.96847071,211.968970636
2011-08-25 04:00:00,110.385763075,211.968556312,211.968657711,0.111842849384,171.694552449,3.00853897663e-05,211.968563984,211.968530751,211.968540428,42.1128161735,0.0247969608159,211.967193796,85.4738153867,226.165916842,183.714864386,211.968494433,211.968148892,143.094173499,211.968569094,92.2063513162,52.2119559318,211.968519757,211.968402024,211.968633727,177.624967445,211.968576432,0.0166418001036,211.968401635,211.968589039,211.969023722
2011-08-25 05:00:00,110.385762183,211.968555671,211.968658077,0.111802389748,171.694551435,3.05443132083e-05,211.968563001,211.968545734,211.968539029,42.1125924153,0.0247651438619,211.967192725,85.4738160532,226.16590303,183.714841649,211.968492962,211.968141797,143.094154204,211.96857056,92.2063500934,52.2119698174,211.968541684,211.968401653,211.968626871,177.624967356,211.968576681,0.0166292715648,211.968369001,211.968551555,211.968880425
2011-08-25 06:00:00,110.385725606,211.968553731,211.968657739,0.0112553400881,171.694550037,3.05956875395e-05,211.968553402,211.968558285,211.968529001,0.0100658846909,0.0200420961395,211.967190962,85.4738137368,211.968351036,0.0200178237671,211.968482989,171.693563094,0.0101762297114,211.968567832,92.2064015657,52.2125573219,211.968555676,211.968391945,211.968505202,177.624967058,211.968524604,0.012446396754,211.968235054,211.968573308,211.963580131
2011-08-25 07:00:00,82.7892797722,211.96854999,211.968585633,0.0108512297326,74.6872099418,3.04955389461e-05,211.968550403,211.968556532,171.694551066,0.0100496799048,0.0200138912598,211.967177988,85.4738003876,183.193448157,0.0200031045658,171.69444133,171.693529158,0.0101383286566,211.968564543,92.2063561341,52.2126091879,211.968552184,0.0150429378606,171.694550085,177.624962985,211.968370741,0.0123598928813,171.694723344,211.96832385,158.97660179
2011-08-25 08:00:00,82.7892334495,211.96854329,171.694626399,0.0107831153403,74.6871434012,3.03230180756e-05,211.968548651,211.968553261,171.694519012,0.0100102502201,0.0199989009288,92.2058746295,85.4735042244,183.193417549,0.0199681371692,171.694429713,171.693517978,0.01011143685,211.968555768,92.2063141318,52.2126138161,211.968555304,0.0150407470664,171.694521428,0.0150045564211,158.977617645,0.0123291998515,171.693738133,171.695221747,158.975643972
2011-08-25 09:00:00,0.0150036282715,211.96853264,171.694627929,0.0100555431454,74.6871338289,3.02028920864e-05,211.968519135,211.968514339,171.694514563,0.0100040245882,0.0199897500687,92.2058447969,64.1053929407,169.624475341,0.0100105574841,171.694406774,0.0100899784015,0.01001058884,171.694539576,0.0173535521273,52.2126162635,211.968553066,0.0149932504417,171.694460157,0.0150002173431,158.976456436,0.0100594835169,92.206330679,171.694811793,92.2066807842
2011-08-25 10:00:00,0.0100086151966,211.968519813,92.2063707043,0.0100251776704,74.6869867782,3.00216009591e-05,171.694534397,92.206329179,171.694477616,0.0100034020836,0.0199822228057,92.2058294496,64.1053546215,0.0105349098416,0.0100073866197,92.2027244404,0.0100126466505,0.0100070756777,92.2063292252,0.015055999429,52.2125866697,211.968543637,0.0100016737644,158.977320245,0.0149975269434,158.976411976,0.0100167408252,92.2063070393,171.69336064,92.2065854933
2011-08-25 11:00:00,0.0100072094916,211.968524722,92.2063726319,0.0100244685139,0.0150031138448,2.98960719278e-05,171.694517025,92.2063251055,171.69450923,0.0100048046801,0.0199861036531,0.0100802655162,64.1052547867,0.0103082469228,0.0100124769008,0.0100643397643,0.0100153417113,0.0100082252574,92.2063278465,0.0150559544333,52.2121264865,211.968540129,0.0100014645915,158.970276125,0.0118725225195,158.976572676,0.010018609901,92.2063397019,171.694821078,92.2065891793
2011-08-25 12:00:00,0.0100171382393,211.968542584,171.694616804,0.0100553157939,0.0183048607205,2.98156481788e-05,92.2063450048,92.2063231304,171.694516408,0.0100160655243,0.0199959393987,0.0100324901365,64.1053432931,169.624333052,0.0199675485377,92.2063862277,92.2059216509,0.010021379099,92.2063338549,0.0150693654885,52.2125760162,211.968520134,0.0100028572018,171.694342429,0.0100027476517,211.968373898,0.0103534299473,92.2071121763,171.695073855,158.976432321
2011-08-25 13:00:00,82.7891344709,211.968548706,171.694618825,0.0107817931834,74.687131107,2.97397953801e-05,92.2063390727,92.2061874746,171.694519152,0.0100501311337,0.0200044228852,0.0149696150288,64.1053660453,183.193405321,0.0200023610286,171.69442291,171.693522944,0.0101308703765,171.694527898,0.0150463771354,52.2125633801,211.968513792,0.0150151180009,171.694511437,0.014980515056,158.976951257,0.0123488060142,211.966399534,211.968322722,158.976682068
2011-08-25 14:00:00,82.7892410852,211.968552201,211.968626484,0.0108498017327,74.6871344842,2.95764362802e-05,171.694503308,92.2062926456,171.694559187,0.010065896815,0.0200258931236,92.2058181495,64.105404865,183.193442268,0.0200137740998,171.694430021,171.693532028,0.0101445243234,211.968491635,0.0170391653923,52.2125736759,211.968512313,0.0150409752048,171.694536173,0.0149973545483,158.976450284,0.0123650195151,211.968258557,211.96854556,211.968388771
2011-08-25 15:00:00,82.7893226953,211.96855444,211.968652497,0.011249594459,74.6871459098,2.93544314132e-05,171.69453913,92.2063261695,211.968531754,0.0177385927113,0.0247528022662,92.2058393269,85.4737520308,183.193769235,183.714738406,171.69443739,171.693755187,62.2457811218,211.968561659,92.2063411737,52.2125620768,211.968513879,0.0150452518669,171.694649824,0.0149992658959,158.976597917,0.0125417332841,211.968335283,211.968822489,211.968921443
2011-08-25 16:00:00,110.385730412,211.968555264,211.968655746,64.2545007538,171.694533466,2.9233064929e-05,211.968552734,211.968451159,211.968545431,0.0179041244817,0.0247992880282,92.2058467429,85.4738079245,226.165888798,183.714776425,211.9684353,211.968338874,143.094470606,211.968565639,202.881499515,52.2125744138,211.968515522,211.968409518,211.968583024,0.0150006440393,211.968409949,0.0168350955754,211.968341236,211.968872338,211.969031114
2011-08-25 17:00:00,110.385754693,211.968555506,211.968658858,64.2545589355,171.694553959,2.9109468385e-05,211.968563744,211.968562524,211.968548765,0.0179101569313,0.0248100949524,92.205987311,85.473814727,226.165910924,183.714780617,211.968441291,211.968346192,143.094479684,211.968568006,211.968549036,52.2125289251,211.968516045,211.968413706,211.968607568,0.019802072358,211.968528201,0.0168518440904,211.968335534,211.968860163,211.969061995
2011-08-25 18:00:00,110.385759442,211.968555185,211.968661452,64.2545711902,171.694557007,2.8983679057e-05,211.968565727,211.968564199,211.968550557,0.0179121678027,0.0248086525851,211.9671644,85.4738162492,226.165917855,183.714781871,211.968442582,211.968348265,143.094482253,211.968568728,211.968605333,52.2125501123,211.968512008,211.968414324,211.968615235,0.0198232524494,211.968545293,0.016856127115,211.968321207,211.96879403,211.969078003
2011-08-25 19:00:00,110.385758722,211.968554201,211.968663481,64.2545740141,171.694556904,2.90117113357e-05,211.968565876,211.968564947,211.968549908,0.0179130712258,0.0248055035211,211.967171371,85.4738164524,226.165918311,183.714781844,211.968442826,211.96834875,143.094482763,211.968567037,211.968615958,52.2125301055,211.968507277,211.968414449,211.968616506,0.0198238838615,211.968536514,0.0168572302384,211.968302285,211.968713654,211.969031173
2011-08-25 20:00:00,110.385758242,211.968553301,211.968662631,64.2545733142,171.694557205,2.87478019923e-05,211.968565121,211.968564974,211.968548717,0.0179132115651,0.0248037811202,211.967172783,85.4738164145,226.165917873,183.714781356,211.968442939,211.968348739,143.09448255,211.968565773,211.968624618,52.2121446194,211.968502239,211.96841446,211.968615894,0.0198240450318,211.968516005,0.0168575084613,211.968276032,211.968578096,211.968941273
2011-08-25 21:00:00,110.38575597,211.968551659,211.96866138,64.2545715659,171.694556708,2.83042759689e-05,211.96856359,211.968564703,211.968547419,0.0179129148866,0.0248011794453,211.967173261,85.4738163917,226.165915461,183.71478086,211.968443068,211.9683486,143.094482008,211.968565371,211.968620168,52.211954948,211.968497955,211.968414438,211.968614441,0.0198241596585,211.968498132,0.0168572855039,211.968250958,211.968459888,211.968804444
2011-08-25 22:00:00,110.385753864,211.968549464,211.968659115,64.2545686613,171.694555573,2.792631975e-05,211.96856077,211.968564144,211.968545778,0.0179121125798,0.0247970972755,211.967173288,85.4738162168,226.165912389,183.714780491,211.968443149,211.968348526,143.094480989,211.968564929,211.968608931,52.2119384585,211.968492887,211.968414393,211.968612044,0.0198242175486,211.968483046,0.0168567831915,211.968228914,211.968370404,211.968516933
2011-08-25 23:00:00,110.385751641,211.96854755,211.968657564,64.2545653013,171.694555072,2.77367272742e-05,211.968557767,211.968563484,211.96854445,0.0179113821069,0.0247916971084,211.967173084,85.4738162968,226.165909253,183.714780066,211.968443052,211.968347977,143.094479831,211.968564706,211.968592487,52.2119342599,211.968487203,211.968414328,211.968610297,0.0198242742949,211.968441077,0.0168560695666,211.968205097,211.968294972,211.96838311
2011-08-26 00:00:00,110.385749879,211.968547994,211.968657503,64.2545627965,171.694549471,2.75570411639e-05,211.968558398,211.968562871,211.968543438,0.0179103745756,0.024788226554,211.967172775,85.4738160169,226.165906896,183.714779402,211.968442662,211.968347321,143.094478648,211.968564671,211.968587025,52.2119320131,211.968478394,211.968414254,211.96860861,0.0198243175873,211.968366865,0.0168552861375,211.968156089,211.968293082,211.968586697
2011-08-26 01:00:00,110.385747902,211.968547886,211.968656279,64.2545608728,171.694547239,2.74327282935e-05,211.968548161,211.968562376,211.968542454,0.0179093749856,0.0247852897492,211.967172522,85.4738157084,226.165904402,183.71477853,211.968442433,211.968346997,143.094477297,211.968564688,211.96857396,52.2119308038,211.968461467,211.96841418,211.968606605,0.0198243502552,211.967278748,0.0168544165604,211.968123667,211.968229803,211.96866617
2011-08-26 02:00:00,110.385748088,211.968548425,211.968655579,64.2545563456,171.694549448,2.73728814852e-05,211.968518151,211.968562364,211.968541262,0.0179081180567,0.024783627048,211.967172178,85.4738152861,226.165901649,183.71477742,211.968442324,211.968346597,143.094475863,211.968564805,211.968570203,52.2119289421,211.968455365,211.968414091,211.968604527,0.0198243259136,69.156809287,0.0168534280349,211.968091189,211.968237311,211.968680345
2011-08-26 03:00:00,110.385751462,211.968550091,211.968655527,64.2545499339,171.694552679,2.7377121869e-05,211.968540215,211.968562555,211.968539084,0.0179059585613,0.0247824488479,211.967171711,85.4738156948,226.165898481,183.71477595,211.968442259,211.968345892,143.094473654,211.968564766,211.968569323,52.2119283203,211.968429428,211.968414009,211.968603566,0.0198243100972,69.1554901153,0.0168518590753,211.968073755,211.968197699,211.968692017
2011-08-26 04:00:00,110.385753349,211.968551649,211.968655531,64.2545402229,171.69455276,2.75500029466e-05,211.968543568,211.96856275,211.968538187,0.0179007706784,0.0247803833419,211.967171084,85.4738161032,226.165893751,183.714772842,211.968441366,211.968344606,143.094470229,211.968564875,211.968569433,52.2119288732,211.968378947,211.96841388,211.968603405,0.019824266545,69.1554394496,0.0168494044505,211.96802492,211.968386952,211.968655262
2011-08-26 05:00:00,110.385749662,211.968549699,211.968656529,64.2544992569,171.694552662,2.79619837783e-05,211.96854215,211.968563674,211.968531193,0.0175954479783,0.0247457202928,211.967169895,85.4738167223,226.165873309,183.71471795,211.968437946,211.968337183,143.094448694,211.968564074,211.968573269,52.211939854,211.968045424,211.968413526,211.96859357,0.0198240966089,92.20700199,0.0168347799292,211.967758866,211.968199595,211.968374062
2011-08-26 06:00:00,110.385651389,211.968548281,211.96865048,0.0130009164585,171.694549318,2.79795672e-05,211.968434963,211.968564669,211.968498377,0.0100484863752,0.0200270985241,211.967167982,85.4738132397,169.624349983,0.0199710161121,211.967568796,0.0147871606819,0.010119061933,211.968559814,211.968590284,52.2125100065,30.66101663,211.968406343,211.968435321,0.0198233455677,69.1569086618,0.0104695914642,211.852975634,211.96691973,83.3431784552
2011-08-26 07:00:00,0.0148993720281,211.968535303,211.968473607,0.0126670332485,74.6871377405,2.78892018665e-05,92.2063627719,211.968565306,81.0565056332,0.0100332129548,0.0200080177688,211.967155575,85.4737955374,169.622507908,0.0199572970644,0.014965971983,0.014699905667,0.0100879105398,92.2063912654,211.968586649,52.212544771,30.6609728299,158.97630204,171.694449891,0.0197991250869,69.1552150681,0.0102870057737,43.6578490985,92.2147547938,0.021229863358
2011-08-26 08:00:00,0.0148534061844,211.963667799,92.2063762072,0.0125918092418,74.6871313379,2.77103825566e-05,92.2063325231,211.96856545,0.0162590417836,0.0100084475126,0.0199957588924,0.010771783792,64.1054393635,169.622473998,0.0199466463208,0.0149573413417,0.0146896820818,0.0100545353711,74.6871413533,211.968550731,52.2125013807,0.0150839675991,158.976300007,171.694415733,0.0149982349394,0.0150279497619,0.0102593939353,43.6575284352,92.2131413215,0.0199860469695
2011-08-26 09:00:00,0.0102437316946,92.2063313753,92.2063744001,0.0100687053295,60.4965811146,2.7635595814e-05,92.2063315521,211.968565131,0.0162457230665,0.0100037478256,0.0199825507121,0.0106358524951,64.1053823698,169.622003707,0.0191125209353,0.0149371341171,0.0101267522708,0.0100078471975,0.0200002175337,211.968228224,52.2123873668,0.015007899197,158.976285663,171.694331494,0.0149962461403,0.015068842104,0.0100286910553,43.6570043715,92.2065378312,0.0197058274069
2011-08-26 10:00:00,0.0100093539806,92.2063262787,92.2063645133,0.0100266257206,0.0200092644284,2.75999281535e-05,92.206317746,211.968563571,0.0150314190466,0.0100031626843,0.0199652347176,0.0106048376705,64.1053505282,0.0101673273128,0.0100296399236,0.010051987835,0.0100107750398,0.0100050847,0.0199976918018,92.2063554321,52.2119399552,0.015003937573,0.0100085951803,0.0103858766773,0.0149937125142,0.0151724073448,0.010012955562,43.6568346605,92.206454822,0.0196489377808
2011-08-26 11:00:00,0.0100077524999,92.2063280991,92.206361469,0.0100266248952,0.0150120604173,2.73901341292e-05,92.2063273524,211.968557362,0.015005532305,0.0100042678299,0.019970872773,0.0100079049075,64.1053341346,0.0101417820161,0.0102561442601,0.0100271792022,0.0100127037099,0.0100062192709,0.0199942189523,92.2062181556,52.2119200699,0.0150031116842,0.0100576904113,0.0101254092126,0.0100176735581,69.1546586083,0.0100137270417,43.6573955737,92.206482159,0.0196895249305
2011-08-26 12:00:00,0.0100106087075,92.2063309904,92.2063664006,0.0100761921964,0.0199714954516,2.72503468626e-05,92.2063373257,211.968556832,0.0153310372203,0.0100104444099,0.0199909421608,0.0100045840681,64.1053576181,169.61579167,0.0199408749658,0.014780630479,0.0146270833011,0.0100160399746,0.0199963325165,92.2059146884,52.2119119335,0.0150025793556,0.0150035813045,158.977351491,0.0100021040155,69.155063206,0.0100436787294,43.6569749184,92.2063396983,0.0196311378536
2011-08-26 13:00:00,0.0144242020724,211.968174291,92.2063686713,0.0126139205579,56.0153833083,2.70655878769e-05,113.834960468,211.968545621,0.0162468550087,0.0100343320789,0.0200052281478,0.0100056436061,64.105408346,169.622461985,0.0199564205431,0.014953418769,0.0146922152394,0.0100814441906,0.0199997624624,0.0150173581511,52.2119077944,0.0150022030154,158.976289165,171.694396035,0.0100035564248,92.2065507172,0.0102659552905,43.6574993102,92.2134545074,0.0199112338225
2011-08-26 14:00:00,0.0148590486507,211.968525845,92.2063679717,0.0126747528534,60.4965765885,2.69374855042e-05,113.834971959,211.968336387,0.0162557346979,0.0100491750322,0.0200258516098,0.0100174772023,64.1057707759,169.622499087,0.0199649090141,0.0149590633626,0.0146995553069,0.0100945049299,69.1548378472,0.0150038385226,52.2119047256,0.015002346478,158.976300045,171.694429067,0.0149906316363,92.2068698983,0.0102875816626,43.6586432858,113.843488374,0.0219677780685
2011-08-26 15:00:00,0.0149353272223,211.968544353,113.83501809,0.0133678995684,60.4965902953,2.67949892446e-05,113.834971484,211.968547103,0.0200096863379,0.0142794151866,0.0247643912666,0.0106258567227,85.4737800907,169.622700644,0.0246391330568,0.0149697474138,0.0150600075196,62.2456485543,92.2063233465,0.0150070522357,52.2119031125,0.0150041954662,158.976303262,171.694500889,0.0149960266655,92.2069834667,0.0104569067748,100.361899931,211.967745792,0.026375042075
2011-08-26 16:00:00,0.0198931597506,211.968549742,113.835028923,215.034575861,74.6871321544,2.67710739806e-05,113.834966809,211.968554994,0.0200669168086,0.0143745238331,0.0248059647049,0.0106370904016,85.4738095824,226.162785439,0.0246550992857,0.0184703967815,0.0181567832155,143.094348881,92.206327467,0.0150265990112,52.211902245,0.0150102499162,211.968412061,211.968475828,0.0149976310553,92.2069973252,0.0136668023733,100.361984826,211.968158825,0.0264629846906
2011-08-26 17:00:00,0.0199312920252,211.968550659,113.835025224,215.03463144,74.6871344237,2.6715683133e-05,113.834970452,211.968558727,0.0200708755832,0.0143798910334,0.0248176611231,0.0149755797473,85.4738157019,226.162804135,0.0246579542871,0.0184753037252,0.0181601938791,143.09435701,92.206354192,92.2063406038,52.211895602,0.0150544201213,211.968414497,211.968501392,0.015036252881,92.2069844365,0.0136803320305,100.361964359,211.967896161,0.0264381783104
2011-08-26 18:00:00,0.0199369239701,211.96854665,211.968620442,215.034643118,74.6871351096,2.64756164889e-05,113.834976599,211.968563241,0.0200672524079,0.0143817163961,0.0248155101309,92.2058825735,85.4738166591,226.162809769,0.0246583598621,0.0184758805371,0.0181609653885,143.094359383,92.2064823586,122.939636193,52.2118196123,30.6609609189,211.96841498,211.968508592,77.2668644422,92.2070093834,0.0136838478146,100.361912707,113.844635006,0.0263776466131
2011-08-26 19:00:00,0.0199367746785,211.968543673,113.835140712,215.03464547,74.6871357856,2.63574574154e-05,113.834977267,211.968563966,0.0200651065264,0.014382587598,0.0248125939601,92.2058889202,85.4738165068,226.162810256,0.0246580445231,0.0184756092399,0.0181608265775,143.094359952,92.2063551481,211.968285571,22.7124410848,30.6609608943,211.968415055,211.968510058,77.2668652378,92.2069739511,0.0136847339684,53.9043256085,113.844404904,0.0262854777404
2011-08-26 20:00:00,0.0199365422572,211.968540764,113.835035138,215.034643955,74.6871362982,2.61423892676e-05,92.2063913076,211.968563297,0.0200634644479,0.0143826126928,0.0248107296277,92.2058902432,85.4738159177,226.162809725,0.02465749915,0.0184751502284,0.0181603829179,143.094359669,92.2063510933,211.967992952,22.7124231536,30.6609542105,211.968415036,211.968509846,77.2668654579,69.1552599425,0.013684941589,53.899574335,113.843684359,0.0261199212431
2011-08-26 21:00:00,0.0199337895219,211.96853961,113.834968804,215.034643392,74.6871360422,2.58866408729e-05,113.834968847,211.968562192,0.020060480151,0.0143823301622,0.0248079923243,92.2058907588,85.4738155293,226.162807743,0.0246572321517,0.0184749863937,0.018160756264,143.094359188,92.2063561748,211.946840834,0.0150243077158,30.6609649272,211.96841499,211.968508083,77.2668655669,92.2067075539,0.0136847523152,43.6778597603,92.2065869246,0.0254819402085
2011-08-26 22:00:00,0.0199332588098,211.968536345,92.2063664041,215.034640553,74.6871347829,2.55430144269e-05,113.834965822,211.968559679,0.020050043555,0.0143817028698,0.0248042439386,92.2058907034,85.4738158119,226.162805146,0.0246570403144,0.0184742926146,0.0181606712207,143.094358362,92.2063539164,122.940740846,0.0150091236539,30.6609783454,211.968414904,211.96850725,77.2668656153,92.2068914677,0.013684399833,43.6576492498,92.2063142849,0.0208915639867
2011-08-26 23:00:00,0.0199313101999,211.968532471,92.2063627708,215.034637846,74.6871336514,2.52964562446e-05,113.834956715,211.968557894,0.0200067226459,0.0143808357497,0.0247992685886,92.2058905584,85.4738156919,226.162802831,0.0246569313902,0.0184714818587,0.0181604559623,143.094357371,92.2063258016,113.831979761,0.0150079141264,70.4848960555,211.968414803,211.968504835,77.2668656258,92.2068501254,0.0136837600203,43.6575356501,92.2062130309,0.0201990373799
2011-08-27 00:00:00,0.0199263449101,211.968503954,92.2063653462,215.034634746,74.6871320907,2.5096648941e-05,113.83496112,211.968556897,0.0200317610574,0.0143798866042,0.024790894256,92.2058902097,85.4738154219,226.162800587,0.0246570390274,0.0150461937027,0.0181600102735,143.094356416,92.206325016,92.2063994681,0.0150691777067,70.484956215,211.968414687,211.968503698,77.2668655241,92.2064694604,0.0136828042843,43.6578196836,92.206056267,0.0200727489709
2011-08-27 01:00:00,0.0199263405874,211.96851012,92.206372996,215.034632844,74.68713094,2.49429716002e-05,113.834961025,211.968554564,0.0200199328585,0.0143789537676,0.0247870820156,92.2058899992,85.4738148507,226.162797984,0.0246564751615,0.0153034024927,0.0181600105219,143.094355318,92.2063251892,92.2063668134,0.022884323618,70.4849534963,211.968414538,211.968501082,77.2668655362,92.2067450138,0.0136818386974,53.8944007974,92.2058837748,0.0200253649684
2011-08-27 02:00:00,0.0199286922858,211.968514082,113.834661248,215.034628663,74.6871300827,2.47845685316e-05,113.834947601,211.968544771,0.0200241919868,0.014377350283,0.0247845551789,92.2058896789,85.473814106,226.16279456,0.0246554621299,0.0184683247732,0.0181593658415,143.09435389,92.2063265094,92.2063622814,22.7118919721,70.4849494391,211.968414326,211.96849813,77.2668655072,92.2068194661,0.0136804442866,53.8942671346,0.0173780433063,0.0200112392721
2011-08-27 03:00:00,0.0199306825195,211.968518315,92.2064248769,215.034623513,74.6871302573,2.4749726614e-05,113.834936904,211.968542853,0.0200204017655,0.0143748780941,0.024782254324,92.2058892325,85.4738143906,226.162789531,0.0246535711608,0.0184752949934,0.0181579348385,143.094351941,92.2063290272,92.2063585381,0.0150358522957,70.4849520744,211.968414098,211.968495149,77.2668654536,92.2069159594,0.0136778934638,43.6578976903,0.0153733121313,0.0200015722402
2011-08-27 04:00:00,0.0199301346826,211.968508752,92.2063742564,215.034614802,74.6871302211,2.47503208645e-05,113.834941259,211.968541964,0.0200184885079,0.0143689719447,0.0247776452673,92.2058884713,85.4738149128,226.162779468,0.0246496670938,0.0184766489432,0.0181547561413,143.094348862,92.2063302645,92.2063553272,0.0150079787311,70.484949451,211.968413675,211.968490459,77.2668653464,92.2069223006,0.0136733697409,43.6574177914,0.01509837206,0.0200000656614
2011-08-27 05:00:00,0.0199236020472,211.968458926,92.2063719423,215.034588821,74.6871292063,2.48496023515e-05,113.834898212,211.968541881,0.0199990311354,0.012732938609,0.0247087496574,92.205886999,85.4738149381,226.162744982,0.024439383736,0.0184756702596,0.0181362356737,143.094328487,92.2063266061,92.206348875,0.0150050931419,70.4849368523,211.96841261,211.968474512,77.266865139,92.2069244738,0.0136504246256,43.6573055129,0.0150216691934,0.019955729965
2011-08-27 06:00:00,0.0196107334274,92.2065628982,113.834471093,215.031322427,74.6871258448,2.50215166212e-05,113.834875342,211.968540738,0.0150332255069,0.0100257054477,0.0200142745902,92.2058842622,85.4738132352,0.012793814861,0.0100480735661,0.0149985184235,0.0101942240304,0.0100686449905,92.2063488864,92.2063127349,0.0150029900729,30.6609815028,0.0150069603898,211.96611549,77.2668646782,92.206768176,0.0101248118595,0.0153028223396,0.0149846086792,0.0152951647877
2011-08-27 07:00:00,0.0150817220298,92.2063279103,92.2063635439,161.276632,0.0199782735121,2.51661285795e-05,92.2062648139,92.2063269034,0.0150077714806,0.0100124463517,0.0199980616322,92.2058530477,85.4738104536,0.0121560552792,0.010036745329,0.0149724180023,0.0101679755745,0.010043890871,92.2063305034,0.0152157462539,0.0150031825827,30.6609720616,0.0113062027061,171.694255124,77.2668422719,92.2064398604,0.0100619190374,0.0150082134061,0.0149704884271,0.0150251188967
2011-08-27 08:00:00,0.0150593502432,92.2063237489,92.2063410568,161.276580043,0.0150062092648,2.52274336735e-05,0.0150382964835,92.2063242532,0.0149996458935,0.0100033632359,0.0199869115199,0.010041590292,85.473801437,0.0121153826536,0.0100113934854,0.0149684665494,0.0101543845805,0.0100196427644,92.2063238649,0.0150317853987,0.0150021629775,30.6611225059,0.0113042428942,171.694220764,0.0100135756204,69.1552642694,0.0100350512216,0.0149943861756,0.0149550019719,0.0149885670573
2011-08-27 09:00:00,0.0150060867833,92.2063216036,74.6871338464,161.275679868,0.015000334026,2.51496698762e-05,0.0150035785154,92.2063215313,0.014997841471,0.0100018353242,0.0199573803483,0.0100265636757,85.4737743437,0.0114372554313,0.0100034229898,0.0149671730985,0.0100100955236,0.0100054223844,92.2063231776,0.0150169006354,0.0150029164589,37.8511706251,0.0112752152091,171.694007531,0.0100116836547,69.1551679964,0.0100117163542,0.0149882469803,0.0149346458018,0.0149688277965
2011-08-27 10:00:00,0.0149787527158,92.2063188593,0.0200002257794,0.010045931228,0.0149997182025,2.50935909522e-05,0.0149990306181,69.1547916219,0.014996434357,0.0100015909946,0.0195392387805,0.0100097882449,85.4735979727,0.010044012108,0.0100026318809,0.0149665984031,0.0100051186502,0.010003957028,92.2063212838,0.0150173620811,0.0150035201733,30.6609783557,0.0100014485962,158.975424268,0.0100047586545,69.1551439697,0.0100085721568,0.0149876257776,0.0149252440865,0.0149585226755
2011-08-27 11:00:00,0.0149894662214,92.2063170377,0.0199987472461,0.0101120559724,0.0149994064591,2.50017701084e-05,0.0150023523517,0.015006012056,0.0149972177733,0.0100019823734,0.0193329392792,0.0100034118809,64.1054260931,0.0100473119812,0.0100033049909,0.0149671372568,0.0100056678662,0.0100045915378,92.2063151664,0.015016136971,0.0150051516681,30.660962682,0.0100022575423,0.0101598927906,0.0100012053905,69.1551790633,0.0100089814449,0.0149904137488,0.014935559019,0.0149672531652
2011-08-27 12:00:00,0.0150046960152,92.2063198986,0.0200006778448,161.27622366,0.0149994461743,2.49228456827e-05,0.0149999355702,0.0150011710218,0.0149992494494,0.0100038389862,0.0199576432345,0.0100028911735,64.1053853605,0.0120556636347,0.0100101656942,0.0149686824036,0.0100195055163,0.0100085375009,92.2062703023,0.0150096648376,22.7124456116,30.6609628421,0.0112715951683,0.0101105752521,0.0100008507692,69.1551415062,0.0100139761625,0.0150053669549,0.0149564502373,0.014989652241
2011-08-27 13:00:00,0.0150616390056,92.2063231109,0.019998282844,161.276523541,0.0149997050342,2.47629564867e-05,0.0149980526862,0.0150008938118,0.015004193784,0.0100132055458,0.0199920060436,0.0100031800651,64.1053339412,0.0121263544783,0.0100360855105,0.0149721733383,0.0101619954746,0.0100357872597,92.2063022958,0.0149998397277,22.7124134936,30.6609561459,0.0113008249691,171.694211576,0.0100011655503,69.1547931745,0.0100439418668,0.0150279127738,0.0149758177133,0.0150392475696
2011-08-27 14:00:00,0.0150733908066,92.2063452601,0.0200119890615,161.276612774,0.0150000741455,2.46108194956e-05,0.0150016470016,0.0150007558944,0.0150188434651,0.0100250778674,0.0200061641614,0.010004961398,64.1053707883,0.0121528131196,0.0100460314483,0.0149959499276,0.0101719111213,0.0100493455939,92.2063190903,0.0149990250303,0.0151007110433,30.6609526844,0.0113045728487,171.694244825,0.0100066641032,69.1550480252,0.0100644773177,0.01565144082,0.0150002384338,0.0154988833093
2011-08-27 15:00:00,0.015098188588,211.968530703,74.687151551,161.27688622,0.0150024571367,2.45617930982e-05,0.0150278186722,0.0150010721902,0.0199903194855,0.0128630993021,0.0203382605198,0.0100214155225,64.1054216784,0.0149016048553,0.0199857114885,0.0150010771407,0.0148852475978,0.0104468943994,92.2063218553,0.015002499302,22.7124570411,30.6609504522,0.011306803443,211.964077523,0.0100119693668,69.1551384176,0.0101561162998,43.6570732033,0.0150735590126,0.0200116710469
2011-08-27 16:00:00,0.0151968772364,211.968527771,92.2063594711,215.034345002,0.01511985016,2.4569994659e-05,0.019985353035,69.1547359798,0.0199999428825,0.0130462743402,0.0247755815687,0.0100317098869,85.4737959765,0.0150382751213,0.0200250630586,0.0150069599007,0.0149649458372,62.2462490579,92.2063231608,0.0150305062172,52.2117834078,30.6609525917,0.0149991727842,211.968262655,0.0100143885552,69.1553240843,0.0129140462113,43.6572221741,0.0154904296538,83.3421671895
2011-08-27 17:00:00,0.0195724061823,211.968463531,92.2063666998,215.034377892,74.6871338101,2.44981760423e-05,0.0200215286248,92.2063244795,0.0200034692851,0.0130520464743,0.0247865396644,0.0104360503207,85.4738122761,0.0150503954345,0.0200291039828,0.0150280074441,0.0149700529412,62.2462575579,92.2063245912,92.2063525739,52.2118375389,30.6609601119,0.0150036837784,211.968282177,0.0150764013413,92.2068331224,0.0129286316117,43.6571831755,0.01561879687,83.3426646699
2011-08-27 18:00:00,0.019607303656,211.968492049,92.2063735339,215.034386226,74.6871460491,2.437513487e-05,0.0204366645674,92.2064223232,0.0200058685057,0.0130540158858,0.0248023807621,92.2058728695,85.4738143162,0.0150544451827,0.0200299483582,0.0184674359977,0.0149716775315,62.2462598993,92.206324543,211.959912712,52.2118694291,37.8521401184,0.0150042886801,211.968288003,0.0150920535613,92.2068749238,0.0129322358851,43.6570716259,0.0157625787325,83.3429158348
2011-08-27 19:00:00,0.0196143006992,210.137661587,92.2063715273,215.034387289,74.6871479386,2.43086355517e-05,0.0200328915925,211.968444515,0.0200070971345,0.0130548195541,0.0247941201284,92.2058797228,85.4738145353,0.015053022945,0.020029805263,0.018476302443,0.0149720557964,62.2462603905,92.2063228571,211.968513337,52.2118723143,30.6610069039,0.0150044034803,211.968289508,0.0150926866637,92.2068577789,0.0129333089999,43.6571098086,0.0191380813354,83.3429688156
2011-08-27 20:00:00,0.0196160365188,92.2063850007,92.2063672536,215.034385986,74.6871496804,2.40011960179e-05,0.020024210008,92.2063890063,0.0200046291437,0.0130549595264,0.0247888842086,92.2058810431,85.4738146128,0.015051850981,0.0200292645138,0.0184789649992,0.0149720339123,62.2462601047,92.2063217666,211.968540618,52.2118726158,30.6609599111,0.0150044363602,211.968289594,0.01509286702,92.2068354802,0.0129335699088,43.6572067029,0.0194003998644,83.3429752006
2011-08-27 21:00:00,0.0196169222283,92.2063334831,92.2063662391,215.034383607,74.6871500197,2.37262517162e-05,0.0200227827322,92.2063276353,0.0200005694048,0.0130546945092,0.0247853870656,92.2058816374,85.4738149037,0.015049389233,0.0200291024465,0.0184799555217,0.0149718691776,62.2462596949,92.2063201157,211.968541439,52.2118704697,30.660957137,0.0150044544823,211.968289592,0.0150929708291,92.2068655633,0.0129336383877,43.6572424478,0.0194417630536,83.342977201
2011-08-27 22:00:00,0.0196172281347,92.2063270788,92.2063645379,215.034380114,74.6871496593,2.34962346071e-05,0.020019923918,92.2063253926,0.02000097771,0.0130541702021,0.0247817642561,92.20588169,85.4738143238,0.0150447396101,0.0200290196354,0.0184804934659,0.0149711214997,62.2462590546,92.2063175998,211.968539486,52.2118623885,30.6609540952,0.0150044333565,211.968288084,0.0150929965293,92.2068970277,0.0129333581738,43.6572554921,0.0194808622687,83.3429719493
2011-08-27 23:00:00,0.0196163852378,92.206325105,92.2063629888,215.034376547,74.6871498261,2.32955521334e-05,0.0200173012068,92.2063242323,0.0200015956396,0.013053373364,0.0247772417123,92.2058816031,85.4738138115,0.0150412640764,0.0200291177913,0.0184806175339,0.0149708324366,62.2462579537,92.206319754,211.968535101,52.2118419371,30.6609515668,0.0150043984591,211.968287297,0.0150930119938,92.2069032846,0.0129328018456,43.6572585726,0.0194983714118,83.3429503839
2011-08-28 00:00:00,0.0196157341291,92.2063274565,92.2063620509,215.034373587,74.6871493123,2.31103067583e-05,0.0200087178179,92.2063227025,0.0199989493165,0.013052611006,0.0247705856729,92.2058813974,85.4738135027,0.0150373755817,0.0200294549945,0.0184804559774,0.014970370467,62.246256962,92.2063067127,211.96853807,52.2118574008,30.6609503804,0.0150043377597,211.968286284,0.0150929513455,92.2068551491,0.0129323250724,43.657248021,0.0192463234019,83.342844998
2011-08-28 01:00:00,0.0196131446681,92.2063272886,92.2063577757,215.034370546,74.6871493959,2.30175424376e-05,0.0200073293817,92.2063202047,0.020000623133,0.0130517666028,0.0247619964423,92.2058811025,85.4738129045,0.0150355326499,0.0200290836135,0.0184804095387,0.0149698728186,62.2462562496,92.2063048849,211.96853355,52.211843801,30.6609380238,0.0150042743354,211.968284557,0.0150929605049,92.2068682107,0.01293153047,43.6572444643,0.0193095266033,83.3427475788
2011-08-28 02:00:00,0.0196117693858,92.206324437,92.2063429651,215.034364706,74.6871492573,2.29148669383e-05,0.0200054653492,92.2060446851,0.0200017014077,0.0130505082079,0.0247575990613,92.2058806851,85.4738120141,0.0150341081847,0.0200283849446,0.0184801718745,0.0149693318116,62.2462548702,92.206305518,211.968531248,52.2117454387,0.0151705371335,0.0150041885284,211.968282361,0.0150929299138,92.206876289,0.0129304677491,43.6572164839,0.0192946056526,62.507851667
2011-08-28 03:00:00,0.0196118880793,92.2063216949,92.2052188131,215.034356124,74.6871492175,2.28187341452e-05,0.0199997561061,0.0150135003666,0.0200020335064,0.0130487107385,0.0247522283785,92.2058800958,85.4738117953,0.0150302107228,0.0200268466328,0.0184795999042,0.0149684326117,62.2462527779,92.206313413,211.968526668,22.7124970566,0.0150510607857,0.0150040634799,211.968279781,0.0150928696092,92.2068758366,0.0129286183654,43.6571414895,0.0173487606761,62.5073223941
2011-08-28 04:00:00,0.0196099113194,92.2063156503,0.0200199657587,215.034340591,74.6871488746,2.27313606461e-05,0.0199957612402,0.0150058356545,0.0200014444027,0.013043841732,0.0247406150682,92.2058792982,85.473810899,0.0150220357078,0.0200237854837,0.0184787214587,0.0149669926069,62.2462492043,92.2062997743,211.968522285,22.7121436915,0.0150487372402,0.0150037827374,211.968275791,0.0150927458338,92.2068868784,0.0129258449446,43.6566119111,0.015207374377,62.5072432032
2011-08-28 05:00:00,0.0196003729994,92.2059914138,0.0200049022461,215.034278776,74.6871480691,2.27570540473e-05,0.0199791063605,0.0150027350535,0.0199996722095,0.0102275503005,0.0200547077901,92.2058776778,85.4738086849,0.0149990453035,0.0199724111042,0.0184757991385,0.0149616668947,62.246224029,0.0201137202409,211.968512427,0.0150056787212,0.0151524772465,0.0150030718426,211.968267759,0.0150925356592,92.206875167,0.012914488587,0.0154850666388,0.0150316067907,62.5071583053
2011-08-28 06:00:00,0.0105883792108,0.0150062146378,0.0200013911557,0.0105314823707,74.6871394542,2.28238061663e-05,0.0150314001978,0.015002145342,0.0199945280611,0.0100198941493,0.0199963741452,92.2058745577,85.4737784565,0.010657583905,0.0100294225802,0.0149624057834,0.0121273663581,0.0100491449971,0.020000889865,211.968535607,0.0149998428519,0.015010131997,0.0100733435663,211.968216651,0.0150921035938,69.1559855936,0.0104233239983,0.0150053194359,0.0150093300975,62.5071204389
2011-08-28 07:00:00,0.0100447818514,0.0150007256598,0.019998948676,0.010193663311,74.6871332658,2.29930623784e-05,0.0150078266247,0.0150005826491,0.0162896552063,0.010008356549,0.0199736264901,92.205835721,63.4369231744,0.0103060686299,0.0100191594746,0.0138462291087,0.012107860669,0.010028141374,0.0199990914135,211.968537419,0.0149997011037,0.0150059498559,0.0100039936089,171.694291971,0.0150847670043,69.1552137855,0.0103537265474,0.0149941559584,0.01500404632,62.5070857695
2011-08-28 08:00:00,0.0100089511518,0.0149992255456,0.0199970019582,0.0100889279275,60.4965802549,2.30330199049e-05,0.015000569685,0.0150002840553,0.0162038958971,0.0100025165342,0.019953139468,0.0100374456959,63.4367964059,0.0102792318645,0.0100048687957,0.0138385240295,0.0121017711246,0.0100102940548,0.0199943948939,211.968529759,0.0149995690578,0.0150035348443,0.0100022182109,171.694229875,0.0100200015575,69.1549243675,0.0103423872334,0.0149886223518,0.0149974173605,62.5071127066
2011-08-28 09:00:00,0.0100031031336,0.0149989887131,0.0199906800528,0.0100181018737,60.4965762617,2.29901872037e-05,0.0149992477814,0.0150000602975,0.0153802553842,0.0100013668289,0.019061919483,0.0100219558718,0.0100283895718,0.0100450168278,0.0100026424471,0.0100124426144,0.012081179782,0.0100042088085,0.0199439310991,211.968342074,0.014999354351,0.0150016451719,0.0100006296608,171.694198821,0.0100176263272,69.1550502313,0.0103215377334,0.0149904179374,0.0149940846779,62.5071436337
2011-08-28 10:00:00,0.0100020851491,0.0149988071576,0.019980578735,0.0100113371322,56.0154471842,2.28824010894e-05,0.0150003046327,0.0149999559116,0.0149918959788,0.0100011872182,0.0100221123846,0.0100078479851,0.0100099426219,0.0100102135139,0.0100021112733,0.0100049778702,0.0100143353459,0.0100033565068,0.0150014740145,92.2064526486,0.0149993202502,0.0150012034935,0.0100004157368,0.0100362253742,0.0100107750332,69.1552452149,0.0101011267659,0.0149924178011,0.014995285342,62.5070946991
2011-08-28 11:00:00,0.0100019948053,0.0149992105889,0.0199830081527,0.0100117729616,56.0153120008,2.28115743101e-05,0.0150036193195,0.0149999285787,0.0149858231289,0.0100014962723,0.0100213369981,0.0100033988592,0.0100075749726,0.0100097642857,0.0100026369746,0.0100047923027,0.0100081514947,0.0100036714534,0.0150021679213,92.2063583252,0.0149992961664,0.015001040113,0.0100004575846,0.0100202447541,0.0100012599916,69.1552441604,0.0100244861526,0.0150032391505,0.0150148244898,62.5072278002
2011-08-28 12:00:00,0.0100020544651,0.0149989502521,0.0199867250858,0.0100192915496,0.0200051834901,2.27181587943e-05,0.0150020560755,0.0149999036995,0.0153124593615,0.0100026378073,0.0194821284849,0.0100024719676,0.0100081279667,0.0100164051251,0.0100049166818,0.0100088419789,0.0100137474588,0.0100053300845,0.0199424011834,92.2063306539,0.0149998095714,0.0150010582988,0.01000045347,0.0100341794734,0.0100007260565,69.1552770799,0.0101908934161,0.0150213673437,0.0151059043073,62.5076189514
2011-08-28 13:00:00,0.010003166216,0.0149995834297,0.0199859721537,0.0100997291516,0.0200049524608,2.26679302168e-05,0.0149992687111,0.0149998886301,0.016213380364,0.0100087368477,0.0199689863407,0.0100026361089,0.0100165959385,0.0102108203231,0.0100195764626,0.0138372699342,0.0120922301601,0.0100183083028,0.0199933231008,0.0150283950522,0.0149996993285,0.015000961272,0.0100009969975,158.976452856,0.0100009619966,69.155255031,0.0103198508099,0.0154398251649,0.0156612636398,83.3429139607
2011-08-28 14:00:00,0.0100160813685,0.0150003963951,0.0199908549661,0.0101920208739,56.0154014473,2.27238656318e-05,0.0150038120668,0.0149999515908,0.0202786653485,0.0100209049336,0.0199921084523,0.0100043644994,63.4367740688,0.0102964126255,0.0100295872202,0.0138441763617,0.0121066789268,0.0100334274262,0.0199980818094,0.0150100679699,0.0149999563659,0.0150012369445,0.0100030937278,171.694213684,0.0100088918166,69.1552932091,0.0103481597171,43.6557876697,92.2056124563,83.3429979091
2011-08-28 15:00:00,0.0100624816145,0.0150022382672,0.0199985548441,0.010458609724,60.4965783909,2.26453752853e-05,0.0150129759769,0.0150000375493,81.0564993143,0.0128340704699,0.0200138510208,0.0100153308729,63.4368756723,0.0104080350696,0.0199760146308,0.013862486746,0.012148501426,0.0101718295455,0.019999728523,0.015027784283,0.0150012907686,0.0150021712117,0.0100053353586,171.694248907,0.010017470822,69.1554477366,0.0103924440622,43.6571539695,92.2062866544,191.5920822
2011-08-28 16:00:00,110.385649273,0.015009692139,0.020006960794,93.540037951,74.6871334646,2.25941336175e-05,0.0199975387444,0.0150003094243,81.0565136175,0.0131789730877,0.0246856454033,0.010026053777,85.4737653758,0.0198000335997,0.0200319094645,211.968295363,92.2060453526,62.2461610833,0.0200043833091,92.206331275,0.0151367713952,0.0150038302274,92.2061799924,211.968202118,0.0100197714474,69.1575058714,0.0128736704408,43.6572611422,92.206782076,191.592497309
2011-08-28 17:00:00,110.385750528,0.0151370728895,0.0247083750514,93.5400970816,171.694523512,2.25809060353e-05,92.206317554,0.0150058962172,81.0565211987,0.0131847318319,0.0246997278521,0.010269045005,85.4738077108,0.019840910007,0.0200363263804,211.968310575,92.2060536689,62.2461716357,0.0246932734212,92.2082575513,22.7124079196,0.0150096202046,92.2062715429,211.968247557,177.624906125,122.942161827,0.0128889770168,43.6572820477,92.2076058596,191.592828794
2011-08-28 18:00:00,110.385761254,0.0150295948361,0.0247151802477,93.5401087465,171.694552954,2.26143401001e-05,92.2063228588,92.2063203167,81.0565327859,0.0131867769688,0.0247018920023,92.205956072,85.4738128688,0.0198498632288,0.0200373849824,211.968312671,92.2060559663,62.2461745939,0.0265830440986,211.968493582,0.0150226380825,0.0150284381241,92.2062723962,211.968257914,177.624943111,122.942299582,0.0128929603636,43.6572554734,92.2078555814,191.592925967
2011-08-28 19:00:00,110.385763192,0.0151478958809,0.0247150976384,93.540111466,171.694555841,2.26091783538e-05,92.2063277386,92.2063186922,81.0565171252,0.0131875962959,0.0247024815364,92.2059647347,85.4738140821,0.0198517751114,0.0200374347299,211.968313403,92.2060566282,62.2461753879,0.0246965851269,211.968540103,0.0150235628436,0.0150108794337,92.2062726115,211.968260328,177.624943983,122.942368789,0.0128941191977,43.6572354275,92.208431514,191.592877106
2011-08-28 20:00:00,110.385764433,0.0152009471139,0.0247134504825,93.5401110397,171.694557718,2.24044962553e-05,92.206329266,92.2062068863,81.0565134279,0.0131876281416,0.024702116282,92.2059664573,85.4738145674,0.0198527883816,0.0200372671628,211.968313586,92.2060568249,62.246175253,0.0246931433973,211.968552033,0.0150210183817,0.0150048270552,92.2062726847,211.968261656,177.62494422,122.9423972,0.0128944410995,43.6572497527,92.2083797717,191.592638966
2011-08-28 21:00:00,110.385763377,92.205959823,0.0247084525547,93.5401091638,171.694557993,2.20429490318e-05,92.206328592,92.2063233525,81.056510415,0.0131872819169,0.0246998824847,92.2059671489,85.4738144727,0.0198516761639,0.0200373397476,211.968313888,92.2060567405,62.2461748636,0.0246907065236,211.968552334,0.015007807227,0.0150026414857,92.2062727106,211.968260197,177.624944313,122.942411183,0.0128944362081,43.657260611,92.2079994968,191.592449275
2011-08-28 22:00:00,110.385762713,92.2057694642,0.0247008378414,93.5401068858,171.694557365,2.17293070216e-05,92.2063269355,0.0201649300776,81.0565056898,0.0131865340553,0.0246963715473,92.2059672879,85.4738143698,0.0198498008429,0.0200372325901,211.968314039,92.2060566231,62.2461742003,0.0246816311566,211.968549146,0.0150048913222,0.0150020447713,92.2062726714,211.968259908,177.624944343,122.942415584,0.0128942788741,43.6572670238,92.2078704855,191.592230896
2011-08-28 23:00:00,110.38576118,92.2054480306,0.0245936761458,93.540104452,171.69455729,2.15394398473e-05,92.2063258371,0.0150786546004,81.0565015118,0.0131859175038,0.0246923802358,92.2059672381,85.4738142257,0.0198482701522,0.0200371984461,211.968313993,92.2060563405,62.2461731668,0.0200631678434,211.968546751,0.0150050783101,0.0150017701921,92.2062726445,211.96825832,177.624944373,122.942417284,0.0128935805507,43.6572657558,92.2077102607,191.591755669
2011-08-29 00:00:00,110.385761013,92.2063107308,0.0200271401812,93.5401025124,171.694556601,2.13773035849e-05,92.2063240188,0.0150315130457,81.0564991387,0.0131850708272,0.0246934997016,92.2059671853,85.4738139074,0.0198471130832,0.020036960586,211.968313911,92.2060559243,62.2461724228,0.0200063792683,211.968532356,0.0152963333988,0.0150014349023,92.2062725889,211.968258073,177.624944363,122.942414824,0.0128928974371,43.6572667561,92.2070194611,83.3429419187
2011-08-29 01:00:00,110.385761192,92.2063044421,0.0200183363547,93.5401006027,171.694557507,2.12780515635e-05,92.2063233206,0.015004616438,81.0564988798,0.0131842826242,0.0246879552797,92.2059669871,85.4738137444,0.0198455104791,0.0200366509358,211.968313722,92.2060555841,62.2461715311,0.0200043568808,211.968526058,0.0150634012632,0.0150011763929,92.2062725621,211.968255948,177.624944363,122.942406691,0.0128921782124,43.6572526374,92.2066901519,83.3429350121
2011-08-29 02:00:00,110.385762722,92.2063187969,0.0200182581406,93.5400965676,171.694557994,2.1302557487e-05,92.2063245547,0.0150031375264,81.0564985286,0.0131833594265,0.0246883112531,92.2059666857,85.4738137681,0.0198439137782,0.020036165297,211.968313633,92.2060552606,62.2461703887,0.0200044186813,211.968522782,0.0150366271856,0.0150009764796,92.2062725237,211.968254956,177.624944376,122.942413029,0.0128911590511,43.6572247007,92.206767429,83.3429413838
2011-08-29 03:00:00,110.385766522,92.2063181082,0.0200247782618,93.5400909057,171.694558531,2.14188651245e-05,92.2063264351,0.0150062709658,81.0564981167,0.0131817343235,0.024691125967,92.2059662775,85.4738148838,0.0198424665424,0.0200353805863,211.968313747,92.2060547719,62.2461687681,0.0200225058624,211.968519958,0.0150224987374,0.0150012628975,92.2062724927,211.968254228,177.624944454,122.9424226,0.0128893059468,43.6572222665,92.2068333218,83.3429702245
2011-08-29 04:00:00,110.385769617,92.2063153898,0.0202059037349,93.5400809784,171.694559086,2.1730546297e-05,92.2063285359,0.0150521610794,81.0564990195,0.0131778028712,0.0246924298,92.2059657919,85.4738157294,0.0198397709331,0.0200336203744,211.968313205,92.2060540224,62.2461663862,0.0246918893845,211.968523592,0.0150152075106,0.0150023421164,92.2062724387,211.968253923,177.624944497,122.942434112,0.0128862914395,43.6570319659,92.2066562702,83.3430089701
2011-08-29 05:00:00,110.385770756,92.2062917164,0.0246933817425,93.5400402455,171.694559525,2.22478883405e-05,92.2063285691,0.0151822344987,81.0564960815,0.0124164465867,0.0246591238242,92.2059648694,85.4738166551,0.0198269600489,0.0200107594099,211.96831075,92.2060482155,62.2461470061,0.0246933067893,211.968536049,0.0150081415189,0.0150039025777,92.2062721364,211.96824492,177.624944461,122.942428735,0.0128722481513,0.0155396840711,92.2062195163,83.3429243563
2011-08-29 06:00:00,110.385730977,0.0150056813209,0.0246887525991,0.0108128094426,171.694558184,2.22969892741e-05,92.2063271453,0.0150369100441,81.0564530802,0.010026278039,0.0200082990411,92.2059631494,85.4738128864,0.0151185290173,0.0100742473083,211.968130269,74.6867819583,0.0100665386571,0.0200135033204,211.968553601,22.7123379061,0.0150067002576,92.2062654753,211.967973978,177.624944228,122.942243499,0.0101135037973,0.0150130443383,0.0269363493981,83.3409693349
2011-08-29 07:00:00,82.7893791407,0.0150020999254,0.0200078723734,0.010516627593,171.694544428,2.21657295853e-05,74.6876668482,0.0150067004198,60.796683317,0.0100128580299,0.0199952414701,92.2059488914,85.4737816392,0.0147553711371,0.0100619990584,0.0150237764231,74.6867505082,0.0100396801599,0.020000014372,211.96854012,0.0150091208206,0.015003800878,0.0150018839696,171.685385224,177.624941209,92.2068128167,0.0100596939469,0.0149964548684,0.0158668818719,62.5072502883
2011-08-29 08:00:00,82.7893171358,0.0150008325626,0.0200017363153,0.0104025917731,128.770919735,2.21229154677e-05,74.6871239583,0.0150131884965,0.020014303224,0.0100034205433,0.0199845650807,0.0101827806537,64.1053946411,0.0147086914828,0.0100150314963,0.0150153066354,74.6867393828,0.0100134830271,0.0199990442995,211.968509727,0.0150039415462,0.0150030027145,0.0149998515805,171.685347229,143.876154605,0.0155650462043,0.0100299467283,0.014988730006,0.0150492449931,0.0199703680898
2011-08-29 09:00:00,0.0100375321403,0.0150004130961,0.0200002635139,0.0100316742403,128.77091054,2.20502662224e-05,0.020000768888,0.0150155422787,0.0199984739769,0.0100020767266,0.0199585441705,0.0101565173471,64.1053569005,0.0101041553121,0.0100049442231,0.0149568500701,0.0100349099907,0.0100048181691,0.0199977248544,211.968490298,0.0150032716653,0.0150028071033,0.014654627169,158.976145093,143.876152273,0.018629058592,0.0100078634785,0.0149824274573,0.0150062814697,0.0199212077313
2011-08-29 10:00:00,0.0100071399435,0.0150003826713,0.0200003526359,0.0100179567826,74.6871367249,2.20003232007e-05,0.0150044096207,0.0150896154462,0.0199954519377,0.0100018131182,0.0198877125765,0.0101332858961,0.0100557294963,0.0100292521654,0.0100039180523,0.0100197008962,0.010011086414,0.0100038086463,0.0199942127957,211.968485577,0.0150035506184,0.0150026154134,0.0100012562975,0.010062988659,143.876133041,92.2066925457,0.0100059892104,0.0149819978585,0.0150029485555,0.0199932895345
2011-08-29 11:00:00,0.0100080708303,0.0150008656907,0.0200095872451,0.0100185998018,74.6871352431,2.19350679369e-05,0.0200043975028,92.2063114455,0.0200026823764,0.0100023445633,0.0199109260186,0.0100066862411,0.010122369257,0.0100315171431,0.0100050329953,0.0100217813024,0.0100121093935,0.010004227995,0.0199979969031,211.968496726,0.0150047051701,0.0150028015863,0.0100009951724,0.0100490262024,0.0149491421693,92.2067405579,0.0100077260409,0.0149900806702,0.0150346227269,0.0200598330227
2011-08-29 12:00:00,0.0100898959226,0.0150001241415,0.0200286979218,0.0100443961284,74.6871360614,2.18127609666e-05,74.6871283839,92.2063218373,60.79667444,0.0100042816749,0.0199739089798,0.0100048188068,64.1053448115,0.0101708807547,0.0100184140584,0.0149259479053,0.0100706574012,0.0100069648034,0.0199992008727,211.968503122,22.7124337517,0.0150034231315,0.0100020855285,0.0102871393876,0.0100047433269,92.2068267955,0.0100148864961,0.0149933955624,0.0152627133626,62.5074156335
2011-08-29 13:00:00,82.7893404478,0.0150027239049,0.020082705415,0.0104607502537,74.6872210162,2.1701090937e-05,74.6871354992,92.2063209727,60.796678439,0.0100160147214,0.019993532311,0.0100058888346,64.1054133057,0.0147203686983,0.0100625409286,0.0150051475002,74.6867442082,0.010030792088,0.0199995525234,211.968547496,22.7124243815,0.0150028025346,0.0149957461112,171.685330491,0.0149924585809,92.2068310841,0.0100425659527,0.0150066988555,0.0264709733401,62.5075427171
2011-08-29 14:00:00,82.7893783327,92.2058634172,92.2063357443,0.0105237966053,128.770905613,2.16055566165e-05,74.687151392,92.2063233143,60.7966868608,0.010030112373,0.0200165463157,0.0100230768284,85.4737790862,0.0147582126264,0.0100746410462,0.0150172023238,74.686753955,0.0100460199531,0.0199998907159,211.968555678,22.7124970857,0.0150027645535,0.0150002937406,171.685371998,143.876147761,92.207177259,0.0100628297671,0.0166853291845,92.2061492297,83.3430126422
2011-08-29 15:00:00,110.385686474,92.2063260979,92.2063572474,0.011111764263,128.77091932,2.15205883865e-05,211.968344795,92.2063247119,81.0564661702,0.0156539191482,211.677351752,0.0101515798653,85.4738031256,0.0152327164647,183.714664826,0.0150331760687,92.2059209433,0.010604291634,0.0200008203493,211.968573947,52.2117957361,0.0150039619426,0.0150033047144,171.685478785,143.876152334,211.968403899,0.0101900874234,43.657273875,211.967820187,83.3433799709
2011-08-29 16:00:00,110.385779178,211.968523614,92.2063610007,215.034609451,171.69454428,2.14320388741e-05,211.968547036,92.206328641,81.0564866104,0.0158444237916,211.968429866,0.0101618811249,85.4738129674,211.968812648,183.714838902,211.968507814,211.967544381,143.09469792,0.0200209114178,211.968599835,52.2118153425,0.0150043468189,211.968471762,211.968503896,143.876154778,211.968587936,0.013445738414,43.6574855573,211.968205408,83.3435131792
2011-08-29 17:00:00,110.385794902,211.968537183,92.2063634714,215.034658815,171.694560342,2.13546830277e-05,211.968558822,211.968552572,81.0564908631,0.015850270983,211.96845423,0.0152862793578,85.4738161415,211.968841964,183.714844424,211.968525894,211.96755085,143.094707362,0.0246991766103,211.9686116,52.2118178227,0.0150042527016,211.968478954,211.968547528,177.624960723,211.968654236,0.0134620571191,43.6577314206,211.968373643,83.3434685657
2011-08-29 18:00:00,110.385798903,211.968542311,92.2063665163,215.03466956,171.694561875,2.1388055789e-05,211.96856432,211.968561121,81.0564921088,0.0158524241079,211.96845805,211.96725672,85.4738171633,211.968849591,183.714846184,211.968528386,211.967552681,143.094710165,0.0265700610035,211.968613813,52.2118205229,0.0150045037228,211.968479643,211.968556974,177.624964473,211.968666481,0.0134660726899,43.657512551,211.968341278,83.3433851715
2011-08-29 19:00:00,110.385796483,211.968540201,92.2063667976,215.034672005,171.694562064,2.14232393623e-05,211.968565057,211.968561391,81.0564909519,0.0158532518134,211.968457848,211.967263744,85.4738172372,211.968850603,183.714846549,211.968529194,211.967553025,143.094710814,0.0247013712184,211.968618987,52.2118203041,0.0150033079066,211.968479803,211.968559134,177.624964924,211.968696436,0.01346715511,43.6574729192,211.968255164,83.3431588059
2011-08-29 20:00:00,110.385793812,211.968541248,92.2063647496,215.034670388,171.694562447,2.11132223596e-05,211.968564421,211.968559544,81.0564894577,0.0158532377225,211.968456865,211.967265206,85.4738167136,211.968850458,183.71484637,211.968529516,211.967553109,143.094710451,0.0246975991421,211.968623998,52.2118181046,0.0150020504655,211.968479824,211.968559374,177.624965037,211.968717629,0.0134676146155,43.6574224173,211.967796385,83.3429512751
2011-08-29 21:00:00,110.385789273,211.968540138,92.2063649848,215.034668642,171.694562527,2.07786628248e-05,211.968563254,211.96855715,81.0564882107,0.0158528533617,211.968454953,211.967265797,85.4738158031,211.968848418,183.714846081,211.968529919,211.967553047,143.094710027,0.0200724847928,211.968614114,52.2118138803,0.015001277683,211.968479801,211.968558285,177.624965088,211.968716577,0.0134676185711,43.6573810852,211.967047808,83.3429086584
2011-08-29 22:00:00,110.385786948,211.96853958,92.2063646726,215.034664483,171.694562158,2.05012188852e-05,211.968560706,211.968553337,81.056486604,0.0158520796937,211.968452252,211.967265759,85.4738161366,211.968845626,183.714845774,211.968530269,211.967552626,143.094709111,0.0200128398701,211.968603161,52.2118095214,0.0150008742443,211.968479769,211.968556723,177.624965084,211.968726908,0.0134674304301,43.6573790308,92.2102884485,83.3428592079
2011-08-29 23:00:00,110.385784979,211.9685404,92.2063654434,215.034661011,171.694562193,2.03154481708e-05,211.968559474,211.968547684,81.0564845348,0.0158511799625,211.96844935,211.96726566,85.4738161173,211.968843282,183.714845358,211.968530429,211.967552117,143.094707879,0.0200113950167,211.968591675,52.2118072342,0.0150008436505,211.968479728,211.968555069,177.624965089,211.968767131,0.0134668330315,43.6573919536,92.2062268318,83.3427756996
2011-08-30 00:00:00,110.385782898,211.968534545,92.2063639175,215.034657336,171.694561869,2.01872976567e-05,211.968561167,211.968543029,81.0564834974,0.0158503463717,211.968444774,211.967265547,85.4738159448,211.968841109,183.714845275,211.968530283,211.9675514,143.094706498,0.0200127384176,211.968574022,52.2118058216,0.0150012217617,211.968479725,211.968554756,177.624965063,211.968754873,0.01346619967,43.6574743555,0.0159468977507,83.3427277951
2011-08-30 01:00:00,110.385782212,211.968541317,92.2063645532,215.034654178,171.694561864,2.01288425693e-05,211.968560328,211.968542137,81.0564825175,0.01584941066,211.968445025,211.967265349,85.4738156396,211.968838964,183.714844793,211.968530417,211.967550809,143.094705542,0.0200153025751,211.968568158,52.211802591,0.0150016049909,211.968479679,211.96855343,177.624965077,211.968750071,0.0134655114156,43.6572954829,0.0154316624635,83.3426295711
2011-08-30 02:00:00,110.385785042,211.968546461,92.2063651921,215.034650482,171.694562028,2.00916692134e-05,211.968558523,211.968543077,81.0564816966,0.0158480309316,211.968445312,211.967265077,85.473815237,211.968836176,183.714844271,211.968530794,211.967550319,143.094704443,0.0200293878597,211.96856548,52.2117987907,0.0150020387686,211.968479617,211.968552796,177.624965074,211.968722302,0.0134648891499,43.6572434743,0.0154662227603,83.3425936971
2011-08-30 03:00:00,110.385794857,211.968549641,92.2063674755,215.034647898,171.694562347,2.0188457604e-05,211.968560588,211.968548812,81.056479658,0.0158461817666,211.968445763,211.967264694,85.4738159106,211.968833207,183.714843363,211.968531405,211.967549664,143.094703067,0.0246946222537,211.968566743,52.2117952461,0.0150028098968,211.968479561,211.968553279,177.624965109,211.968797276,0.0134635187723,43.6572258586,0.015380890951,83.3427240943
2011-08-30 04:00:00,110.385807328,211.96855175,92.206427568,215.034640991,171.694562731,2.04850902269e-05,211.968564188,211.968553093,81.0564761059,0.0158418762616,211.968445004,211.967264124,85.4738171618,211.968828335,183.71484155,211.968531521,211.967548392,143.094701472,0.0247014476524,211.968569973,52.2117922508,0.0150053561723,211.968479493,211.968555304,177.62496512,211.96882035,0.0134615853705,43.6571631198,0.0152869589008,83.3426510617
2011-08-30 05:00:00,110.385811471,211.968551183,113.835131945,215.034602326,171.694562998,2.08958618491e-05,211.96856841,211.968556457,81.0563708239,0.0151107379739,211.968420436,211.967263184,85.4738180262,211.968806859,183.714817679,211.968530884,211.967539933,143.094684414,0.0266028889902,211.968579951,52.2117986883,0.0150128518895,211.968479227,211.96855231,177.624965037,211.968834043,0.0134496456427,0.0157089467372,0.0150907785481,83.3396048964
2011-08-30 06:00:00,110.385796072,211.968548146,113.835141397,93.539794856,171.694562703,2.09713923574e-05,211.968572858,211.968558717,0.0200097453897,0.0100334339874,158.976707497,211.967261469,85.4738161176,0.0176766395896,0.0117920703613,211.968515918,74.6867613757,0.0101752808122,0.0246998125038,211.968600855,52.2118029764,0.0150073871911,211.968475081,211.968468007,177.62496473,211.968792168,0.0103684202152,0.0150203599722,0.0150556373407,0.0222751839195
2011-08-30 07:00:00,110.385771734,211.968542923,113.835142588,93.5395596581,171.694560084,2.08180289473e-05,211.968559352,211.968559666,0.0199975897627,0.0100194612402,158.976662015,211.967248431,85.4738045737,0.0173742496367,0.011778908637,171.694512465,74.6867304446,0.0101476641353,0.0200045646321,211.96861196,52.2118025712,0.0150050597368,158.976363661,171.694518604,177.624960002,211.968408883,0.0103123997481,0.015007430891,0.0150422990299,0.0205562233451
2011-08-30 08:00:00,110.385427659,211.968532927,113.835147612,93.5393701298,171.694495673,2.07950104262e-05,211.968485574,211.9685592,0.019289889768,0.0100044787385,158.974097751,92.2060928852,85.4707214885,0.0173332432204,0.0116759103261,171.694508987,74.6867166889,0.0100418478957,0.0200003575304,211.968618327,52.2117993163,0.0150059978625,158.976361439,171.694490724,0.0150367619117,158.976776718,0.0102107421876,0.0150058360525,0.0150268060775,0.0200319023745
2011-08-30 09:00:00,89.4125443476,211.968514444,113.835137902,0.0100350889785,139.072592668,2.0699184582e-05,171.69457178,211.968558268,0.0150035152736,0.0100024969358,92.2062087244,92.2060728955,64.1053761588,0.0101035383116,0.0100070251628,171.694506851,0.010030465324,0.0100067469871,0.0199999545026,211.968617264,52.2117969366,0.0150050971572,158.976338336,171.693162213,0.0150337720969,158.976680772,0.010015534181,0.0150066711733,0.0150126235511,0.0200026329055
2011-08-30 10:00:00,89.4125169247,211.96850068,92.2064714365,0.0100177931613,139.072578766,2.07090356748e-05,171.694555167,211.96855794,0.0150051313639,0.0100021786965,0.020027630393,92.2060476775,64.1052623976,0.0100288907743,0.0100044149903,171.694502652,0.0100095577785,0.0100051164689,0.0199996309487,211.968615713,52.2117955302,0.0150044174501,0.0100033591868,158.976286208,0.0150290937241,158.976651783,0.0100094900175,0.0150171524672,0.0150116911192,0.0200291151899
2011-08-30 11:00:00,89.4125180665,211.968513616,92.2064594524,0.0100178860987,128.770915628,2.05607010918e-05,211.968534798,211.968559357,0.0199789500394,0.0100026491484,0.0201602154108,0.010044332419,64.1050669018,0.01002851906,0.0100081917724,171.694290722,0.0100106774336,0.0100062405608,0.0199996016524,211.968613233,52.2117938983,0.0150039774346,0.0100021799275,158.977451732,0.0100058530435,158.976665325,0.0100117858754,0.01503810897,0.015063880457,0.0201437940324
2011-08-30 12:00:00,89.4125204425,211.9685319,92.2064651379,0.0100687080078,128.770911868,2.04430920435e-05,211.968557728,211.968561991,0.0199972784052,0.0100051076298,92.2062886163,0.0100314972083,64.1053594173,0.0101146881183,0.0117362035598,158.976670017,0.0150207096865,0.0100193198478,0.0199996278812,211.968607683,52.21179701,0.0150030966145,0.0149875156333,171.69447704,0.0100023687668,158.976706949,0.0100758180475,0.0158644264765,0.015077448639,0.0220360682804
2011-08-30 13:00:00,89.4125449411,211.968536517,92.2064463135,93.5395388159,128.770933194,2.03645750422e-05,211.968551367,211.968562094,0.0200073832098,0.0100211560452,158.976659788,0.0100404453515,64.1053896184,0.0173486595064,0.0117793325912,171.694508979,74.686726529,0.0101441867164,0.0199999092554,211.968612146,52.2117931098,0.0150025269348,158.976339167,171.694506219,0.0148178094979,158.976727496,0.0103053484819,0.0150420920469,0.0152014228415,0.0258411106542
2011-08-30 14:00:00,110.38572352,211.96854626,92.2064769647,93.539584651,139.072590396,2.04997391355e-05,211.968524179,211.968562365,0.0200257842196,0.0100353660617,158.976723768,92.2060507591,64.105494853,0.0173759570881,0.0117924052951,171.694512947,74.6867344289,0.0101610067316,0.0200015432933,211.968613823,52.2117938491,0.0150025930047,158.976361444,171.694524663,0.0150222117289,158.976801956,0.0103250698135,0.0151222144862,0.0159633091759,0.0296057499957
2011-08-30 15:00:00,110.385776612,211.968551545,211.968503807,93.5404073109,139.072594566,2.01574719911e-05,211.968556811,211.968562775,81.0564674693,0.0154196109708,211.968772255,92.2060702722,85.4737765246,0.0176402998286,183.714814457,211.968461467,74.6872947699,143.094888965,0.0200383118673,211.968616769,52.2117964351,0.0150047644002,158.976364503,171.694671758,0.0150332808182,211.967460749,0.0137595910198,0.0184038730497,92.2042005766,0.0297140194978
2011-08-30 16:00:00,110.385794545,211.968553789,211.968607664,124.731098073,171.694552911,2.013237017e-05,211.968564434,211.968563169,81.0564916193,0.0155678782917,238.106685672,92.2060783226,85.4738100871,226.164560117,183.714833881,211.968531382,92.2060111373,143.095127978,92.2063247436,211.968622352,52.2117993996,0.0150259157633,211.968501963,211.968624574,0.0150353648192,211.968559266,0.0143121210325,0.0191242148297,92.2059486735,0.0297583832121
2011-08-30 17:00:00,110.385809767,211.968554675,211.968639823,124.731152049,171.694561112,2.01273634363e-05,211.968572407,211.968563534,81.0564950882,0.0155731666764,238.106700673,211.965530219,85.4738158858,226.164592489,183.714837178,211.968534617,92.2060166984,143.095136199,211.968542606,211.968621483,52.2117996729,30.6609203654,211.968506254,211.968659511,177.624958019,211.968924816,0.0143263926221,0.0245733276407,92.2061291599,0.029812024743
2011-08-30 18:00:00,110.385811355,211.968555019,211.968646121,124.731164164,171.694562226,2.00746224423e-05,211.968581141,211.968564232,81.0564961884,0.0155750636131,238.106700804,211.967812905,85.4738174941,226.164600142,183.714838048,211.96853528,92.2060185452,143.095138639,211.968552739,211.968617967,52.2117971218,30.6609409392,211.96850686,211.968668404,177.624963436,211.968979832,0.0143303058491,0.0188845521096,92.2057944727,0.0298129776457
2011-08-30 19:00:00,110.385804026,211.968554407,211.968645878,124.731166883,171.694562109,2.01477037771e-05,211.968581729,211.968564544,81.0564959788,0.0155757529468,238.106699279,211.967825503,85.4738176573,226.164600941,183.714837878,211.968535313,92.2060187899,143.095139099,211.96855273,211.968621106,52.2117968174,30.6609487797,211.968506994,211.968669968,177.62496394,211.968963799,0.0143312997657,0.0153707681664,92.2055345128,0.0297488554834
2011-08-30 20:00:00,110.385800778,211.96855411,211.96864332,124.731166612,171.69456231,1.99485946746e-05,211.968580257,211.968564067,81.0564951241,0.0155758049098,238.106698225,211.967827896,85.4738171698,226.1646008,183.71483745,211.968535241,92.2060189576,143.095138722,211.968551098,211.968623948,52.2117947113,30.6609517638,211.968507008,211.968669845,177.624964065,211.968981504,0.0143314932938,0.0151811881804,92.204465632,0.0296645277667
2011-08-30 21:00:00,110.385794953,211.96855299,211.968641705,124.73116487,171.694562289,1.9615919841e-05,211.968579553,211.968563408,81.0564939998,0.0155754294496,238.106695922,211.967828821,85.4738160367,226.164599102,183.714837296,211.968535154,92.2060191658,143.095138235,211.968545745,211.96860932,52.2117915639,30.6609519687,211.968506993,211.968668612,177.624964106,211.9689511,0.0143312977296,0.0152112000034,92.2041442491,0.0295311007252
2011-08-30 22:00:00,110.385791059,211.968552023,211.968638553,124.731162364,171.694561877,1.92843884532e-05,211.968576444,211.968562541,81.0564926071,0.0155747075699,238.106692094,211.967828783,85.4738163027,226.164596771,183.714837028,211.968535155,92.2060189193,143.095137422,211.9685316,211.968596971,52.2117881988,30.6609524669,211.968506941,211.968667202,177.624964088,211.968995573,0.0143308729818,0.015270383494,92.202944504,0.0293053110046
2011-08-30 23:00:00,110.385788373,211.968551255,211.968638429,124.731160349,171.694561828,1.91140933948e-05,211.968574116,211.968561734,81.0564912582,0.0155738089325,238.10669011,211.967828665,85.4738163334,226.164594684,183.714836649,211.968534965,92.2060185936,143.095136346,211.968536796,211.968585263,52.2117854534,30.660952978,211.968506903,211.968665746,177.624964083,211.96896889,0.0143301995308,0.0153483300968,0.0500086571532,0.0285279690104
2011-08-31 00:00:00,110.385787536,211.968550645,211.968641347,124.731158358,171.694560862,1.90036275291e-05,211.968571832,211.968560894,81.0564914547,0.0155728874909,238.106683345,211.967828426,85.4738163837,226.164592894,183.714835648,211.968534761,92.2060180008,143.095135264,211.968551601,211.968575972,52.2117842603,30.6609392673,211.968506856,211.968664791,177.624964018,211.968998769,0.0143294607176,0.0188970118867,0.0186181279468,0.0257504166257
2011-08-31 01:00:00,110.38578592,211.968549536,211.968633463,124.731156417,171.694560229,1.89056645849e-05,211.968571038,211.968560427,81.0564921114,0.0155718924833,238.10668607,211.967828182,85.4738162413,226.16459135,183.714834607,211.968534526,92.2060175224,143.095134346,211.968552119,211.968570555,52.2117823553,30.6609470308,211.968506815,211.968663484,177.624964041,211.969018546,0.0143287341785,0.018916795219,0.0159773262862,0.0210838512547
2011-08-31 02:00:00,110.385787401,211.968548687,211.968599332,124.731153232,171.694560117,1.88864637482e-05,211.968570172,211.968560068,81.0564930804,0.0155705684572,238.106689931,211.967828216,85.4738158013,226.164589566,183.714833421,211.968534523,92.2060173277,143.095133292,211.968552481,211.968567262,52.2117819992,30.6609529968,211.968506772,211.968663023,177.624964077,211.969010116,0.0143277448609,0.0190858319605,0.0160681918578,0.0206233716677
2011-08-31 03:00:00,110.385793472,211.968549492,211.968573573,124.731150178,171.694560744,1.89716972072e-05,211.968570753,211.968560299,81.0564939361,0.0155687480289,238.106693829,211.96782828,85.4738161308,226.164588184,183.714831777,211.968534643,92.206017065,143.095132059,211.968553513,211.968565302,52.211782942,30.6609606775,211.968506738,211.968664174,177.62496415,211.969038029,0.0143260381232,0.0193580402305,0.0155832161961,0.0205435586824
2011-08-31 04:00:00,110.385799002,211.968550301,211.968593784,124.731144589,171.694561142,1.92295245299e-05,211.968572427,211.968560924,81.0564951229,0.015564487376,238.106696837,211.967828522,85.4738173883,226.164585972,183.714828958,211.968534098,92.2060161764,143.095130162,211.968555608,211.968565735,52.2117836755,30.661008085,211.968506698,211.968666647,177.624964202,211.969047828,0.0143232749539,0.0199127563328,0.0153014675542,0.0203883475484
2011-08-31 05:00:00,110.385797982,211.968549235,211.968635022,124.73112207,171.694560999,1.961030682e-05,211.968572469,211.968562228,81.0564946442,0.0153334574563,238.106677687,211.967828938,85.4738180903,226.164576143,183.714798008,211.968531459,92.2060099063,143.095119048,211.968556162,211.968571262,52.2117864134,37.8497818679,211.968506461,211.96866422,177.624964188,211.96906537,0.0143056570959,0.0191993380267,0.0151009178,0.0201702314126
2011-08-31 06:00:00,110.385768884,211.968548184,211.968642787,93.5489902725,171.694559765,1.97565430307e-05,211.968567493,211.968563353,81.0564890807,0.010053411904,211.968466855,211.967829656,85.473814372,226.164428893,148.80897229,211.968398876,0.0151115324309,107.321599457,211.968550634,211.968588372,52.2117908285,30.6609635286,211.968502385,211.968629506,177.624964021,211.968954749,0.0102543058864,0.015462027949,0.0150336694634,0.0200623850808
2011-08-31 07:00:00,82.7894000934,211.968542006,211.968635163,93.548840937,171.694528486,1.96854496626e-05,211.968543036,211.96856352,65.655755364,0.0100400008732,192.8664298,211.967825127,85.4737864831,169.623940846,148.808963018,171.694465344,0.0150733754911,107.32155411,92.2063545437,211.968591177,52.2117943375,30.6609592609,158.976408632,171.694650041,177.624962353,211.968473861,0.0101417066259,0.0153108568626,0.015012593154,0.0200071382535
2011-08-31 08:00:00,82.7893443462,211.968516882,211.968543807,93.5484184725,74.6871607767,1.95997174868e-05,171.694532247,211.968563399,0.0200004231533,0.0100065327147,192.866413782,171.693968132,64.105408876,169.623897099,137.788956561,171.694458368,0.0150598176454,107.321543788,92.2063256815,211.968570293,52.211793223,30.6609579406,158.976406473,171.694599822,143.876219186,158.977009358,0.0100900024646,0.015067340504,0.0150145400252,0.0199975570471
2011-08-31 09:00:00,0.0109197161727,92.2064423045,211.968443316,0.0100407169379,74.6871407492,1.95247858744e-05,171.694519409,211.968563257,0.0199368940102,0.0100032016556,192.866370565,171.693944043,64.105363043,169.62287027,0.0100103282203,92.2063051952,0.0100119453872,107.321030522,92.2063230201,211.968544169,52.2117936857,30.6609544818,92.206299844,171.694578362,143.876216732,158.976871647,0.0100103355802,0.0150883228114,0.0150074421452,0.0199858430532
2011-08-31 10:00:00,0.0100092041292,92.2063307022,171.694700965,0.0100189364599,74.6871350108,1.94632566614e-05,158.976220005,211.968563147,0.0150078301826,0.0100028330572,192.86639295,171.693939672,64.1051918303,0.0100559626885,0.0100076491292,0.010011452638,0.0100063886101,0.0100148221954,92.2063179317,211.968526255,52.2117923762,30.6609526525,0.0100021495056,171.694518408,143.876209806,158.976831162,0.0100071708253,0.0152761269292,0.0150017897046,0.0199972356004
2011-08-31 11:00:00,0.010010289274,92.2063265658,211.968473205,93.5484454988,74.6871341432,1.93452699156e-05,92.2063319805,211.968563025,0.0199894903099,0.0100037898775,192.866419598,171.693939324,0.0100727857831,0.0100502679534,0.0100354865002,0.0100117863257,0.010007225434,0.0100112407342,92.2063222958,211.96854686,52.2117943581,30.6609531247,0.0100028900417,0.0101861770122,0.0150028312897,158.976822486,0.0100076899959,0.0155048984018,0.0150153222101,0.0200106568914
2011-08-31 12:00:00,0.0100168116579,92.2063286792,171.694611364,93.5488199808,74.6871339002,1.93281416069e-05,92.2063297159,211.968563072,0.0200006656916,0.0100116276555,192.866428016,171.693937781,0.0110406134746,0.0102681571129,148.808952052,92.2054518003,0.0100297199664,0.0100205628602,92.2063127978,211.968562881,52.2124450846,30.6609603735,0.014998684536,158.978091408,0.0150072730517,158.976826314,0.0100146747417,0.0171856952812,0.0150318759035,0.0200061529202
2011-08-31 13:00:00,82.7893283522,92.2063341339,92.206365396,93.5488298692,74.6871348985,1.92991939873e-05,92.2063682934,211.968562896,65.6557539051,0.0100444200871,192.866445768,171.693938828,64.1053565221,169.623777963,148.808965581,171.69445814,0.0150653556549,107.321533288,92.2063177396,211.968569229,52.2124544002,30.6609587125,158.976404012,171.694578049,143.876196734,158.976852375,0.0101245354944,43.6567972926,0.015056903211,0.0200906536757
2011-08-31 14:00:00,82.7893690725,211.968475055,171.694588377,93.5488534261,74.6871387723,1.92039355215e-05,171.694516956,211.96856277,81.0564689362,0.0100646717906,211.96847764,171.693946393,64.1053826322,169.623913186,148.808979614,171.694464759,0.0150761649726,107.321553826,92.2063230322,211.968571631,52.2124602204,30.6609599187,158.976407041,171.694604826,143.876215217,158.97693048,0.0101470352687,43.6572261091,0.0158192391216,0.0204014260919
2011-08-31 15:00:00,110.383339643,211.968539751,211.968531366,93.5490213957,74.6871609788,1.91136128913e-05,171.694532343,211.968563038,81.056511426,0.0323778920576,238.106681175,171.693961316,85.4737253716,169.624018228,183.714834722,171.694491165,92.2054391528,107.322068096,92.206328882,211.968573064,52.2124582769,30.6612710022,158.976410369,171.694695072,143.876216562,211.968018742,0.0104821514599,43.6573280269,92.2062230351,83.3429434089
2011-08-31 16:00:00,110.385775431,211.968547954,211.968641343,215.035161637,171.694513233,1.90362231117e-05,211.968542507,211.968563345,186.336763066,0.0324204612931,238.106701935,211.967420524,85.473809468,226.165491011,183.714848935,211.968522897,211.967962421,143.095361988,211.968549629,211.968582803,52.2124726963,70.4849071339,211.968517327,211.968656177,143.876218454,211.96855916,0.0151472512984,100.360929796,211.967742607,191.592759456
2011-08-31 17:00:00,110.385790241,211.968549922,211.968648155,215.035231141,171.694544084,1.89657764647e-05,211.96855749,211.968564091,186.336771976,0.0324248882427,238.106708053,211.968446371,85.4738164231,226.165521677,183.714852105,211.968530876,211.967969547,143.095371117,211.968560412,211.968592598,52.212449139,70.4849255175,211.968520274,211.968683941,177.624965315,211.969092052,0.0151641973756,100.36117815,211.968090919,191.592926958
2011-08-31 18:00:00,110.385793671,211.968549489,211.968652785,215.035244134,171.694545642,1.89756506536e-05,211.968561555,211.968564256,186.33677322,0.0324266096332,238.106705063,211.968464979,85.4738180248,226.16552837,183.714853046,211.968532234,211.967971335,143.095373676,211.968565533,211.96859497,52.212462853,70.4849288717,211.968520761,211.968690662,177.624968506,211.969140362,0.015167944712,100.361212236,211.968211485,191.592956535
2011-08-31 19:00:00,110.385792127,211.968548741,211.968653791,215.035246982,171.694545714,1.90864010518e-05,211.968562459,211.968564262,186.336773597,0.0324270733026,238.106701326,211.968469188,85.473818104,226.165529069,183.714853024,211.968532625,211.96797176,143.095374147,211.968564112,211.968595445,52.2124947685,70.4849282912,211.968520841,211.968691103,177.624968871,211.969141996,0.0151690318657,100.361135758,211.968237161,191.592949894
2011-08-31 20:00:00,110.385790961,211.968548058,211.968650814,215.035246392,171.694546122,1.89334693934e-05,211.968562125,211.968563515,186.336773879,0.0324270958344,238.106698578,211.968470165,85.4738176145,226.165529134,183.714852718,211.968532686,211.967971799,143.095373788,211.968562246,211.968598732,52.2124788693,70.4849107084,211.968520825,211.968690254,177.624969022,211.969130937,0.0151693772157,100.360717323,211.968140246,191.592934318
2011-08-31 21:00:00,110.385788958,211.968545754,211.968649042,215.035244628,171.694545997,1.85432254113e-05,211.968561646,211.968562576,186.336773431,0.0324266844701,238.106696304,211.968470393,85.4738167149,226.165527298,183.714852329,211.968532821,211.967971714,143.095373171,211.968561246,211.96858904,52.2122559627,70.48471275,211.968520785,211.96868798,177.624969089,211.969093238,0.0151693536701,100.359847101,211.967830883,191.592912951
2011-08-31 22:00:00,110.385786989,211.968543896,211.968647452,215.035241664,171.694544095,1.82300300795e-05,211.968560009,211.968560933,186.336772835,0.0324250829207,238.106692372,211.968469279,85.4738166853,226.165524846,183.714851683,211.968532988,211.967971287,143.09537218,211.968560814,211.968574848,52.2117910804,57.0929295732,211.968520705,211.968685529,177.624969091,211.969068497,0.0151689502349,100.357626308,211.96744723,191.592890376
2011-08-31 23:00:00,110.385785298,211.968543443,211.968646464,215.035239813,171.694543475,1.80339774395e-05,211.968558752,211.968559336,186.336771799,0.0324245412085,238.106685851,211.968468038,85.4738170791,226.16552273,183.714850876,211.968532943,211.967970791,143.095371012,211.968560585,211.968561964,52.2117774845,57.0928817781,211.968520633,211.968684063,177.624969088,211.969053761,0.01516836578,100.354722558,211.96707809,191.592830457
2011-09-01 00:00:00,110.385784154,211.968540489,211.968645799,215.035237886,171.694542707,1.7956123925e-05,211.968558418,211.968559477,186.336770664,0.0324237958564,238.106670721,211.96846766,85.4738168861,226.165520907,183.714850436,211.968532801,211.967970166,143.095369757,211.968559911,211.968556981,52.2117718927,30.6610374475,211.968520605,211.968683247,177.624969042,211.96904847,0.015167614942,100.361247303,211.967769391,191.592774324
2011-09-01 01:00:00,110.385783702,211.968540408,211.968645784,215.035235654,171.694543685,1.79468927322e-05,211.968558774,211.968559164,186.336768989,0.0324230172626,238.106653552,211.968465696,85.4738165794,226.165519165,183.714849763,211.96853279,211.967969652,143.095368799,211.968560526,211.96855473,52.2117693688,70.4847852983,211.968520544,211.968682289,177.624969031,211.969086947,0.0151668881714,100.361167659,211.967917397,191.592806838
2011-09-01 02:00:00,110.385785122,211.968541635,211.968646148,215.035233733,171.694544931,1.79554147132e-05,211.968559419,211.968558695,186.336768957,0.0324216181273,238.106637937,211.968465109,85.4738160223,226.165517339,183.714848914,211.968532944,211.967969191,143.095367566,211.968561045,211.968553282,52.2117685287,70.4849150296,211.968520481,211.968680513,177.624969007,211.969036818,0.0151658749611,100.361281475,211.968010838,191.59283743
2011-09-01 03:00:00,110.385789494,211.968544607,211.968646818,215.035231009,171.694546238,1.80303220973e-05,211.968559665,211.968558394,186.336769923,0.0324199089393,238.106639109,211.968465726,85.4738168145,226.165516231,183.714848107,211.968533408,211.967968715,143.095366333,211.96856204,211.968553218,52.2117678134,70.4849275049,211.968520456,211.968680553,177.624969127,211.969028506,0.0151641221397,100.361375384,211.968122825,191.592885639
2011-09-01 04:00:00,110.385793082,211.968547127,211.968648751,215.035228167,171.694547021,1.83193583617e-05,211.968559979,211.968558798,186.336771047,0.0324158251829,238.1066279,211.96846671,85.4738181334,226.165514091,183.714846471,211.968533215,211.967967807,143.095363961,211.968576198,211.968554765,52.2117718557,70.4849358594,211.968520453,211.968682429,177.624969228,211.969070569,0.0151613002619,100.361433029,211.968263687,191.592908737
2011-09-01 05:00:00,110.385793813,211.968546514,211.968654084,215.035210941,171.6945475,1.87371560003e-05,211.968559058,211.96856022,186.336769191,0.032111928152,211.96860439,211.968469738,85.4738192347,226.16550201,183.714826878,211.968532071,211.967960421,143.09534537,211.968585259,211.968560665,52.2119002585,70.4849399913,211.968520308,211.968676681,177.624969246,211.969139141,0.0151477781799,100.361408639,211.968391034,191.59285921
2011-09-01 06:00:00,110.385771395,211.968546081,211.968649995,174.178537725,171.694546351,1.88196303658e-05,211.968549749,211.968560515,150.932964225,0.0245054857782,92.2064592474,211.96847259,85.4738172874,183.194060576,148.809004109,211.968481653,171.693819577,0.0101127799527,211.968564293,211.96857,52.2125633403,70.4849361637,211.968517416,211.96848907,177.624969127,211.969060074,0.0122597202707,100.361259117,211.968332811,191.592419989
2011-09-01 07:00:00,89.4124840639,211.968543978,211.96864501,174.178488611,171.694534444,1.87401003264e-05,211.967895627,211.968559871,150.932774719,0.0244745447263,92.20633338,211.968473998,85.4738059157,183.193970599,148.808994969,171.694510499,171.693795775,0.0100791884753,211.96856037,211.968565108,211.967740784,70.4849354028,171.694500297,171.694612347,177.624966884,211.968473335,0.0122392522615,81.2930184251,211.968268483,143.6945378
2011-09-01 08:00:00,82.7894005078,211.968538059,211.968626678,161.276293666,128.77132737,1.86407118806e-05,92.2063502246,211.968557451,81.0565013186,0.0100127203183,92.2062768223,211.968472233,85.4736397219,183.193702602,0.0199933912484,171.694506728,171.693786741,0.0100402304286,211.968556477,211.968524236,52.2530352341,70.4849347724,171.694498894,171.694585655,143.876225129,158.977113786,0.0111599746312,43.6582954821,211.968197104,143.694475928
2011-09-01 09:00:00,82.7893458719,211.96850635,211.968526716,0.0100410204697,128.77130382,1.86114532791e-05,92.2063272679,211.968556057,81.0564965534,0.0100060596334,0.0207546395528,211.968441164,64.1054178054,0.0102817982059,0.0100134418735,171.694503563,0.010138988056,0.0100073348404,211.968512539,158.976225318,211.967605667,70.4849317806,158.976513933,171.694431456,143.8762237,158.976917859,0.0100156666929,43.6573107234,211.967683566,83.3433829179
2011-09-01 10:00:00,82.7860596022,211.967985576,171.694650963,0.010020092471,74.6871378863,1.84965583572e-05,92.2062932831,211.96855285,81.056492407,0.0100068244857,0.0200052766117,211.967388585,64.1053840631,0.0100353040422,0.0100102177256,171.69450023,0.0100100910708,0.0100054988204,171.694556018,92.206340338,52.2531931061,70.4849269342,0.0100064465398,0.0103065038951,143.876220607,158.976874905,0.0100089504334,43.6572824017,171.694895349,83.3429862526
2011-09-01 11:00:00,82.7893560625,92.2063605468,171.694631926,0.0100208723789,74.6871356521,1.84289928289e-05,0.0200563943024,211.968544836,81.0565640541,0.0243047378915,0.0200107100777,171.694474419,64.1053725781,0.0100348646118,0.0102587960327,171.694502158,0.0100108173285,0.01000613697,171.694554662,92.2063289005,52.2126913444,70.4849260336,0.0100030566049,0.0105788917295,133.218809121,158.976864877,0.0100240884682,43.6572938097,171.694984067,83.3429472527
2011-09-01 12:00:00,82.789481916,92.2063346368,171.694632964,0.0100632287066,74.6871358231,1.83830202788e-05,92.2062759637,158.977544902,150.932775654,0.0244987641673,92.2061727032,171.694469079,64.1053624103,0.0146300267045,148.808994858,171.694501708,0.0158180079614,0.0100131351806,171.694556422,92.2063370689,52.2132455937,70.4849196216,0.0150064557907,171.694436058,133.218865386,158.976874059,0.0122284513811,81.2926096145,171.694866186,83.3429427978
2011-09-01 13:00:00,89.4124833618,92.2063600527,171.694773464,174.178542937,74.6871409237,1.83976749174e-05,92.2063176636,158.976785369,150.932778439,0.0245042512027,92.206317419,211.967028452,64.1053754053,183.1939603,148.809001417,171.694504346,171.693791288,0.0100716640322,171.694572145,92.206431033,52.2124866903,70.4848325816,171.694497502,171.694587265,143.876221218,158.976899462,0.0122489170021,100.36128611,211.966526222,83.343128036
2011-09-01 14:00:00,110.385736498,211.968469544,211.968532682,215.034515935,128.771312963,1.82950246905e-05,92.20633074,211.968532777,150.932782221,0.0245226623129,92.2063496236,171.694476216,64.1054129106,183.194000834,148.809018202,171.694508325,171.693800877,0.0100864116675,211.968552937,211.968335642,52.2124615627,70.4848656205,171.694499306,171.694620351,143.876223789,158.976965907,0.0122651768988,100.361450938,211.968034551,143.694718996
2011-09-01 15:00:00,110.385780137,211.968528662,211.968623418,215.035409871,128.771329072,1.81788970895e-05,92.2063497566,211.968552776,186.336732412,0.0323976130948,211.968410462,171.695409409,85.4737794218,226.165740224,183.714855772,171.694529109,211.96779175,62.2467719363,211.968560367,211.968465795,52.2124641352,70.4849299231,171.694502401,211.968459965,143.876224707,211.967885675,0.0151887813941,100.361518595,211.96838467,191.59292596
2011-09-01 16:00:00,110.385791832,211.968539877,211.968644701,215.035482196,171.694553085,1.81602948041e-05,92.2065017746,211.968556196,186.336776225,0.0324263745646,211.968501679,211.967406022,85.4738132346,226.165812983,183.714872245,211.968526903,211.967858138,143.095762605,211.96857177,211.968504651,52.2124927129,70.48493984,211.968525257,211.968722054,143.876236973,211.968624614,0.0152222060635,100.361563501,211.968514561,191.593123643
2011-09-01 17:00:00,110.385799197,211.968543105,211.968651158,215.035504097,171.694562623,1.80956053609e-05,211.968513193,211.968557743,186.336793449,0.0324307130194,211.968514092,211.968461742,85.4738179109,226.165827554,183.714875962,211.968531052,211.967863136,143.095771554,211.968608234,211.968517082,52.2124771029,70.4849418013,211.968527534,211.968743979,177.624968819,211.9690896,0.0152292492753,100.361596806,211.968497947,191.593247166
2011-09-01 18:00:00,110.385800139,211.968548253,211.968661342,215.03551119,171.694563626,1.81416378201e-05,211.968539902,211.968557818,186.336801809,0.0324322370361,211.96851598,211.968476415,85.473818999,226.165833051,183.71487707,211.96853158,211.967864657,143.095773846,211.968622737,211.968525752,52.212524973,70.4849409544,211.968527979,211.968750866,177.624970397,211.969142724,0.0152316535433,100.361626315,211.968558006,191.593240644
2011-09-01 19:00:00,110.385797615,211.968547509,211.968654273,215.035512497,171.694563838,1.82749209642e-05,211.968542379,211.968557773,186.336801949,0.0324325219576,211.968514704,211.96847817,85.4738190425,226.165832965,183.714876996,211.968531588,211.967864862,143.095774383,211.968612931,211.968509875,52.2552691984,70.4849398853,211.968528041,211.968751425,177.624970608,211.969149077,0.0152321563004,100.361574065,211.968501958,191.59316017
2011-09-01 20:00:00,110.385795711,211.968546465,211.968649436,215.035510583,171.694564314,1.80808837818e-05,211.968544069,211.968556993,186.336800389,0.0324325832853,211.968514329,211.968477817,85.4738185766,226.165832362,183.714876623,211.968531356,211.967864829,143.095774008,211.968607028,211.968405301,52.212569079,70.4849351355,211.968528001,211.968751249,177.62497069,211.969129082,0.0152322285664,100.361534079,211.968377828,191.593072292
2011-09-01 21:00:00,110.385792742,211.968543662,211.968647881,215.035508267,171.694564486,1.76785092581e-05,211.968545281,211.96855612,186.336796083,0.0324322048836,211.968513294,211.968476988,85.4738174432,226.165830069,183.714876494,211.968531282,211.967864513,143.095773464,211.96860309,211.965956,52.212420728,70.4849306762,211.968527944,211.968749499,177.624970746,211.969097251,0.0152319912279,100.361516614,211.968251673,191.593029729
2011-09-01 22:00:00,110.385790275,211.968540499,211.968646036,215.035504733,171.694564085,1.73528379235e-05,211.968544369,211.968553158,186.336788771,0.0324313702437,211.968511292,211.968475416,85.4738174287,226.165826958,183.714876282,211.96853127,211.967863375,143.09577246,211.968580465,92.2066465491,52.2117757789,70.4849272584,211.968527848,211.968748025,177.624970716,211.969071385,0.0152315385662,100.361509763,211.968185192,191.59303295
2011-09-01 23:00:00,110.385788609,211.968537862,211.968644822,215.035501398,171.694564108,1.72539073981e-05,211.968544154,211.968544801,186.336787167,0.0324307880696,211.968508938,211.968473787,85.4738172176,226.165824698,183.71487614,211.968531086,211.96786199,143.095771125,211.968568725,92.2063508541,52.2117534467,70.4849267638,211.968527776,211.968746067,177.62497069,211.968988545,0.015230735938,100.36150502,211.96809221,191.593039308
2011-09-02 00:00:00,110.385788465,211.968526368,211.968646296,215.03549838,171.694563993,1.71501626396e-05,211.968545265,158.976659863,186.336796128,0.0324300141611,211.968502378,211.968471992,85.4738168845,226.165822251,183.714876013,211.968530727,211.967861672,143.095769806,211.968566092,92.2063091866,52.2117456771,70.4849292649,211.968527734,211.968745586,177.624970602,211.968967409,0.0152298135036,100.361515418,211.968107171,191.593114846
2011-09-02 01:00:00,110.385787802,211.968525486,211.968645616,215.035494793,171.694563811,1.71164137467e-05,211.968548139,211.968518361,186.336799621,0.0324290375206,211.968501894,211.968470679,85.4738165017,226.165820441,183.714875953,211.968530547,211.967862393,143.095768916,211.968565316,92.2063263897,52.2117417462,70.4849315416,211.968527682,211.968744417,177.624970551,211.968871499,0.0152288067743,100.361515888,211.968094639,191.593107703
2011-09-02 02:00:00,110.385789467,211.968527367,211.968645096,215.035490642,171.694563847,1.71094102849e-05,211.968549651,211.968512236,186.336801638,0.0324278924738,211.968501706,211.968469381,85.4738159989,226.165819949,183.714875716,211.968530537,211.967862587,143.09576797,211.968565852,92.2063357118,52.2117399312,70.4849338763,211.968527628,211.968743605,177.624970626,211.968818344,0.0152277526093,100.361522009,211.968127115,191.593155143
2011-09-02 03:00:00,110.385794927,211.968536921,211.968645294,215.035485396,171.694564166,1.71906429521e-05,211.968550702,211.968366061,186.336802202,0.0324260635014,211.968500842,211.968467961,85.4738167458,226.165819508,183.714875484,211.968530723,211.967862562,143.095766709,211.968577209,92.2063645095,52.2117397919,70.4849372981,211.968527621,211.968745023,177.624970821,211.968969845,0.0152257748471,100.361545485,211.968123516,191.593278162
2011-09-02 04:00:00,110.385799084,211.968542489,211.968646412,215.03547559,171.694564662,1.74390185317e-05,211.968551787,211.968523683,186.336803986,0.0324215227406,211.968496941,211.968467019,85.473818387,226.165818621,183.714875031,211.968529986,211.967861921,143.095764561,211.968603103,211.966042521,52.2117451379,70.4849434269,211.968527622,211.968748489,177.624970959,211.969090363,0.0152223233245,100.361606321,211.96823791,191.593340498
2011-09-02 05:00:00,110.385799599,211.968541976,211.968648212,215.035431296,171.694565076,1.78596549164e-05,211.968552193,211.968548609,186.336803438,0.0320270114681,211.968443616,211.968466065,85.4738196713,226.165812123,183.714869412,211.968526975,211.9678569,143.095747299,211.968605502,211.968466608,52.2118667929,70.4849566721,211.968527481,211.968746258,177.624971007,211.969105509,0.0152023558893,100.361543901,211.968242992,191.593318881
2011-09-02 06:00:00,110.385775726,211.968537918,211.968646535,70.1554166239,171.694564882,1.79254425044e-05,211.968549506,211.968555499,186.336773776,0.0257888330087,92.206541985,211.96846451,85.4738185235,226.165763788,183.714654351,211.968362316,171.693966826,0.0103404953035,211.968570365,211.968526483,52.2124817234,70.4850188331,211.968524526,211.968702448,177.624970927,211.969087117,0.0108140984771,100.361466551,211.968200126,191.593245729
2011-09-02 07:00:00,89.4124944044,211.968532177,211.968625868,70.1550756107,171.694563013,1.77912982338e-05,211.968533537,211.968554706,150.932824556,0.0257678803874,92.2064577272,211.9684539,85.4738163473,183.194282023,148.809045587,92.2063527276,171.693942419,0.0103048458725,211.968559905,211.968532661,52.2456307957,70.4850276939,171.694506464,171.694787584,177.624969147,211.968974278,0.0107652774577,100.360601326,211.96778328,191.593006303
2011-09-02 08:00:00,89.4124653483,211.968530743,171.694608297,70.1549986143,171.694550452,1.77549402119e-05,171.69452597,211.968553069,150.932810619,0.0100564891123,92.2062930479,211.967437659,85.4738094724,183.194233238,148.809040994,92.2063453436,171.693927418,0.0102418937862,211.963679259,211.968528898,52.212507694,70.4850516137,171.694504941,171.694670675,143.876229734,211.962916164,0.0105022244552,81.2923069328,171.694106232,191.592873181
2011-09-02 09:00:00,82.7893812837,211.96852659,92.206412761,0.0100523330323,139.072596522,1.76827862364e-05,171.694515073,211.96854775,150.932802915,0.0100068464177,4.08783338244,171.69423024,85.4737908864,169.623853191,148.809037446,92.2062403324,0.0100180819151,0.0100108327776,171.694533742,211.968507771,52.2125730763,70.4849965751,171.694495904,171.69461285,143.876226303,158.976898326,0.0100286941875,43.6573739569,171.684952631,143.694949091
2011-09-02 10:00:00,82.7893463908,211.968509771,92.2063646148,0.0100227497209,139.072592119,1.76192249298e-05,158.976473029,158.976805473,139.752694258,0.01000545651,0.0200150384334,171.694219371,64.1054294514,0.010041493353,148.809023131,0.0100150455732,0.0100077925617,0.0100076391048,92.2063423122,211.96842926,52.21248045,70.4849653821,0.0100085783614,0.0102403301745,143.876225567,158.976841258,0.0100213611027,43.6573986544,92.2062010161,143.688613496
2011-09-02 11:00:00,82.789347501,211.968510885,92.2063648874,0.0100245478109,128.770938279,1.75577059601e-05,92.2063409919,92.2063286749,139.753589948,0.0100604523096,0.0200279074369,171.694217062,64.1054084732,0.0100433489667,148.809035515,0.0100196787464,0.0100129981235,0.010009262374,92.2063265613,211.968433707,52.2124376057,70.4849540155,0.010003304666,0.0102443161998,143.876224488,158.976822805,0.0105368551665,43.6585446182,92.2062656778,83.3430602064
2011-09-02 12:00:00,82.7893709371,211.96853895,92.2063736522,0.0105720699681,128.770843209,1.74479849854e-05,92.2063237023,92.2063513951,150.932809139,0.0257767391187,92.206264104,171.694217067,64.1053823917,0.0144236664515,148.809039773,92.2060053313,171.69387373,0.0100265938166,92.2063289683,211.968295562,52.2121650012,70.4849477167,0.0149952750043,171.694526949,143.876225097,158.976818654,0.0107409542404,81.2927464435,92.2062583282,143.672792936
2011-09-02 13:00:00,89.4124842847,211.968530026,171.694602925,70.1550184692,128.770929513,1.73375963473e-05,158.976547764,92.2063225308,150.932818024,0.0257881270153,92.2064494817,171.694216688,64.1053827972,183.194218951,148.809041764,92.2063389033,171.693940655,0.0102993679651,171.694364101,211.968318371,52.2117760855,70.4849455688,171.694500135,171.695027525,143.876225811,158.976844519,0.0107634081518,81.2927407543,92.2078802746,143.694684348
2011-09-02 14:00:00,110.385385474,211.968535738,211.968537396,70.1550686976,139.072590959,1.73634163744e-05,171.694516021,92.2063225333,186.336755106,0.025819541894,92.2064850054,171.694214577,64.1054081623,183.194248306,148.809044985,92.20634885,171.693948939,0.0103152528645,211.968471774,171.692697901,52.211756298,70.4849491041,171.694505176,211.968553004,143.876226338,158.977045196,0.0107772494181,81.2947610341,171.693940352,143.694929708
2011-09-02 15:00:00,110.385759767,211.968541505,211.968634436,70.1555193118,139.072597477,1.72817964058e-05,171.694533512,158.976372674,186.336779925,0.0326279161901,211.968391519,171.694215905,85.473752143,226.165509341,183.71485129,92.2063674123,211.967812518,143.095369603,211.968559153,211.966549586,52.2117851766,70.4849620984,171.694509973,211.968716379,143.876227941,211.968192285,0.012149475936,100.36146294,211.967781852,191.592895708
2011-09-02 16:00:00,110.385785338,211.968543074,211.968642841,93.5414794414,171.694558349,1.72098729918e-05,211.968542379,211.968553653,186.336853265,0.0326451115085,211.968437094,171.694220077,85.4738125678,226.165752846,183.714865525,211.968065984,211.967857857,143.095987643,211.968562388,211.968440577,52.2123597911,70.4849670126,211.968529241,211.968732802,177.624956195,211.968617013,0.0138361179703,100.361506924,211.968131717,191.593098858
2011-09-02 17:00:00,110.385794895,211.968543548,211.968645652,93.5415223905,171.694563753,1.71930648592e-05,211.968554207,211.968555083,186.336858913,0.0326490346334,211.968446516,211.967380309,85.473818237,226.165763973,183.714867729,211.968073844,211.967862362,143.095996068,211.968565925,211.968498634,52.2123087224,70.4849527338,211.968530673,211.968738285,177.62496949,211.9689851,0.0138473651027,100.361516579,211.968169524,191.593227224
2011-09-02 18:00:00,110.385796537,211.968545154,211.968647174,93.5415321765,171.694564891,1.71635913847e-05,211.968556615,211.968556538,186.336862341,0.0326510200667,211.968444206,211.968163053,85.4738193696,226.165767947,183.714867875,211.968075112,211.967863639,143.0959983,211.968565856,211.968511046,52.212301648,70.4849473503,211.968531036,211.968740065,177.624970512,211.969018106,0.013850225151,100.361531557,211.968233999,191.59326297
2011-09-02 19:00:00,110.385794523,211.968545796,211.968647265,93.5415334727,171.694564992,1.7151433262e-05,211.968557811,211.968556414,186.336860421,0.0326515518605,211.968442915,211.968166524,85.4738194575,226.165767309,183.714866938,211.968075446,211.967863914,143.095998817,211.968564167,211.968408352,52.2123579603,70.4849414323,211.968531067,211.968737649,177.624970546,211.969007201,0.013850911296,100.36151938,211.968208079,191.593231418
2011-09-02 20:00:00,110.385793806,211.968546288,211.968646001,93.5415324104,171.694565389,1.69129197838e-05,211.968557998,211.968555154,186.33685899,0.0326515591257,211.968442119,211.968166096,85.4738191203,226.165766357,183.714865187,211.968075587,211.96786389,143.095998427,211.968562489,92.2063377739,52.2121995167,70.4849371704,211.96853102,211.968735289,177.624970452,211.968970781,0.0138510229103,100.361503737,211.968014594,191.593176647
2011-09-02 21:00:00,110.385791878,211.96854483,211.968645147,93.5415301031,171.694565213,1.6685889003e-05,211.968557899,211.968554145,186.336857958,0.0326510552249,211.968441183,211.968165205,85.4738183826,226.165764243,183.714863928,211.968075535,211.967863734,143.095997896,211.968561595,92.2062973736,52.2117536431,70.4849335046,211.968530976,211.968732976,177.624970364,211.968952468,0.0138508414594,100.361491478,211.967688631,191.593096244
2011-09-02 22:00:00,110.385790358,211.968543207,211.968643228,93.5415276356,171.694564503,1.648865115e-05,211.968557108,211.96855302,186.336856768,0.0326500081727,211.968438371,211.968163783,85.4738182053,226.165761017,183.714862563,211.968075486,211.967863236,143.095997026,211.968560837,0.0153156037857,52.2117279686,70.4849290069,211.968530884,211.968729174,177.624970211,211.968943829,0.0138502297219,100.361481516,211.966909226,191.593028204
2011-09-02 23:00:00,110.385787991,211.968542028,211.968641578,93.5415248591,171.694564349,1.62977295437e-05,211.968556235,211.968549562,186.336855522,0.0326492351564,211.968434383,211.968162167,85.4738180291,226.165757816,183.714862181,211.968075429,211.967862609,143.095995905,211.968560541,0.0150286261969,52.2117204306,70.4849222869,211.968530693,211.96872605,177.624970047,211.968914312,0.0138494509378,100.361471507,211.953302382,191.592993544
2011-09-03 00:00:00,110.385786712,211.968537868,211.968640344,93.5415218134,171.694563998,1.61979906391e-05,211.968554816,211.968499752,186.33685342,0.0326486729553,211.968431008,211.968160187,85.4738176466,226.165755209,183.71486212,211.968075338,211.967861733,143.095994772,211.968560202,0.0150072699979,52.2117184813,70.484902762,211.9685301,211.96872203,177.624969946,211.968889347,0.0138486417945,100.36146527,92.2083215262,191.59298496
2011-09-03 01:00:00,110.385784754,211.96853736,211.968638896,93.541518467,171.694563622,1.61095290796e-05,211.968553389,92.2063238382,186.336849623,0.0326475554491,211.968428244,211.968158521,85.4738173264,226.165751525,183.714862223,211.968075043,211.967861029,143.095993685,211.968560372,0.01501303783,52.2117150532,70.4847844701,211.968530226,211.968717522,177.624969819,211.968873467,0.0138475874128,100.361469881,92.2072895543,191.592986342
2011-09-03 02:00:00,110.385784087,211.968538636,211.968636827,93.5415145571,171.694563585,1.60490256426e-05,211.968552202,92.2063189116,186.336845914,0.0326465069424,211.968424372,211.968156728,85.473816378,226.165747943,183.714861973,211.968074601,211.967860265,143.095992428,211.968560568,0.0150686096139,52.2117133635,57.0929359089,211.968530232,211.968712574,177.624969626,211.968834401,0.0138462242201,100.361479337,92.2071808413,191.592983561
2011-09-03 03:00:00,110.385784043,211.968539384,211.968634014,93.5415090963,171.694563682,1.6007397192e-05,211.968552314,92.2063177447,186.33684161,0.0326446245023,211.968419446,211.968154802,85.4738157609,226.165744351,183.714860877,211.968073988,211.967859143,143.095990713,211.968561036,92.2062687222,52.2117124161,30.6611186198,211.968530444,211.968706613,177.624969498,211.968856118,0.0138437890167,100.361486705,92.2070187782,191.592953335
2011-09-03 04:00:00,110.385783431,211.968540035,211.968629415,93.5414982298,171.694563715,1.6050263027e-05,211.968552546,92.2063165831,186.336836702,0.0326409977839,211.968409138,211.968152212,85.4738161361,226.165736394,183.714858622,211.968073118,211.967857094,143.09598778,211.968561365,92.2063127855,52.2117111199,30.6610279678,211.968530397,211.968697981,177.624969337,211.9688567,0.0138391841092,100.361498332,92.2068898716,191.592938135
2011-09-03 05:00:00,110.38577732,211.968540137,211.968623535,93.5414546247,171.694563706,1.61657619589e-05,211.968552317,92.2063142439,186.336797613,0.0325742936713,211.968239858,211.9681474,85.4738163586,226.165706131,183.71483201,211.968069946,211.967846362,143.095972541,211.968561597,92.2064742336,52.2117087889,30.6610869154,211.96853025,211.968671927,177.624969112,211.968832809,0.0138156193509,100.361470003,92.2063848808,191.59282283
2011-09-03 06:00:00,110.385589825,211.96853946,211.968603728,0.0110128962901,171.694563518,1.6386255759e-05,211.968548467,92.2063165828,186.336650464,0.0106444243694,74.5253818158,211.968136511,85.473810254,0.0240155373873,148.808973808,92.2063230319,0.0101091387948,0.010172494988,211.968559052,211.968433564,52.2117127868,70.4849098202,211.968527294,211.967554642,177.624968686,211.968669155,0.0101171530367,100.36137658,92.206260672,83.3442820479
2011-09-03 07:00:00,0.0101342049946,211.968535136,92.2064039328,0.0104991125117,171.694560196,1.65663737566e-05,211.968503036,92.2063141974,139.752599928,0.0106251134596,74.5253341121,211.967548227,85.4737193922,0.0229632494056,148.808963277,0.0145060373256,0.0100818630613,0.0100937307764,211.968510569,211.968503962,52.2117198908,70.4849173752,171.694509772,158.974330699,177.624964282,211.968321171,0.0100615474957,81.2941867575,92.206193415,83.343407028
2011-09-03 08:00:00,0.0100818788974,211.968524267,92.2063572985,0.0103777566816,171.694531844,1.67323419574e-05,171.694480949,92.2063112964,81.0565023816,0.0103770838311,69.0058438323,92.2074945318,64.1053919667,0.022921817222,0.0204856813576,0.0144984724571,0.0100663534355,0.0100458050749,92.2063492095,211.968519935,52.2117287629,70.4849124893,171.694508334,158.974288884,143.876203195,158.976689251,0.0100311564706,81.2927583097,92.2060901279,83.342881032
2011-09-03 09:00:00,0.0100062399281,211.968525241,92.2063517491,0.0100301939279,139.072582714,1.66765513156e-05,171.694352476,92.2063110871,81.0564948407,0.0100065371331,0.0200153009664,92.2074788183,64.1053571647,0.0100871812482,0.0100095473083,0.0102706943038,0.0100079374201,0.0100067300408,92.2063236275,211.968521369,52.2117247795,70.4849145292,171.694503681,0.0115774187967,143.876200378,158.976496796,0.010007705734,43.6578419886,92.2056327433,0.0202154351832
2011-09-03 10:00:00,0.0100033183727,211.968528812,92.2063408795,0.0100161484432,139.072501176,1.65979153178e-05,92.2063256462,92.2063091656,81.0564711222,0.0100054104944,0.0200111322445,92.2060033899,64.1050419144,0.0100263775756,0.0100059592912,0.0100081756377,0.0100052010852,0.0100049222085,0.0200471384015,211.968517452,52.2117158762,70.4849168989,0.0149740728237,0.0100457351787,143.876199162,158.976440446,0.0100052396741,43.6573655312,0.0166795792822,0.0192765473685
2011-09-03 11:00:00,0.0100030680662,211.968533334,92.2063167668,0.0100169173707,74.6871389011,1.6508301755e-05,92.2063171852,92.2063049944,81.056483118,0.0100146838863,74.5251604782,0.0100077570948,0.0109141868204,0.0100253852274,0.0100259771444,0.0100073788272,0.0100054945815,0.0100055472802,0.0200016381045,211.968516176,52.2117069859,70.4849196813,0.0100084315862,0.0100415239351,143.876192536,158.976427218,0.0100053748984,81.2882655912,0.0155358093175,0.0198618423711
2011-09-03 12:00:00,0.0100038386313,211.968538855,92.2063514296,0.0100351818428,74.687136551,1.63968568506e-05,92.2063189145,92.2063070728,81.0564976035,0.0106042620283,74.5253309652,0.0100061479961,64.1053094178,0.0100717854321,148.808951803,0.0100235685927,0.0100132952367,0.0100104933026,92.2063170877,211.968508935,52.2117012176,70.4849261614,0.0155427298046,0.0101071825317,133.218819173,158.976432967,0.0100089162336,100.356787245,92.2060494493,83.3429005421
2011-09-03 13:00:00,0.0100105482084,211.968537581,92.2063526354,0.0104175200163,74.6871373863,1.63641209064e-05,92.2063371593,92.2062336548,139.752596994,0.0106246457881,74.5253328632,0.0151904062794,64.1053756042,0.0229106136901,148.808966232,0.0144941164052,0.0100754279792,0.0100816099354,92.2063235506,211.968479529,52.2116992261,70.4849287592,171.694507478,158.974265383,143.876192579,158.97645223,0.0100428072162,81.2934814312,92.2060319843,83.3436061315
2011-09-03 14:00:00,0.0101096591733,211.968543162,92.2063577793,0.010497989508,74.6871598759,1.63260588338e-05,171.694466659,92.2062797727,139.752608642,0.0106392389736,74.5253409658,92.2074741532,64.1054753934,0.0229538405313,148.808980369,0.0145025202312,0.0100854532832,0.0100979476948,92.2063322567,211.968304438,52.2116981602,70.4849285195,171.694508992,158.974313187,143.876199457,158.976494945,0.0100655445664,100.361315164,92.2063132929,83.3442835758
2011-09-03 15:00:00,0.0101883033349,211.968547044,92.2064314252,0.0108968258588,139.072580495,1.63852944164e-05,171.694487148,92.2063154568,186.33670914,0.0141978470267,92.00657098,92.2074804956,85.4738012912,0.0231841182975,183.714821262,0.0145204931636,0.0104834859465,0.0115902181826,211.967175867,211.968352629,52.2117016855,70.484930592,211.96848789,158.974422134,143.876200274,158.990497274,0.0102072831317,100.36146554,211.967737029,191.592862316
2011-09-03 16:00:00,110.385653964,211.968549013,211.968594797,93.5406634947,139.072673487,1.64543847068e-05,211.968510969,92.2063175549,186.336730048,0.0142343907813,92.0066066093,92.2074890081,85.4738155379,131.178109866,183.714834123,0.0180328653049,92.2059808414,62.2471727794,211.96855546,211.96843715,52.2117070254,70.4849317118,211.968530991,211.968351745,143.876201987,211.968469534,0.0129583357989,100.361498025,211.968190909,191.593010375
2011-09-03 17:00:00,110.385697386,211.968549611,211.96861714,93.5407128459,171.694548436,1.6392772714e-05,211.968525798,211.968532352,186.336733639,0.0142386027192,92.0066139475,122.943450789,85.4738183195,131.178138085,183.714837192,0.01803945596,92.2059871471,62.2471816187,211.968559434,211.968492463,52.2116999746,70.4849297635,211.968532113,211.968401232,177.624937822,211.968536874,0.0129724975163,100.361515996,211.968264113,191.593111054
2011-09-03 18:00:00,110.385702966,211.96854963,211.968621338,93.5407231828,171.694550045,1.62849755314e-05,211.968534316,211.968543332,186.33673551,0.0142403879685,92.0066165418,122.944032862,85.4738188132,131.178144802,183.714838052,0.0180404653128,92.2059887002,62.2471838041,211.968559371,211.96850123,52.2116964729,70.4849249025,211.968532397,211.968411263,177.624939107,211.968543386,0.0129757547641,100.361591294,211.968428456,191.593157341
2011-09-03 19:00:00,110.385702786,211.968549166,211.968620678,93.5407248508,171.694550226,1.62485332564e-05,211.968532706,211.968543179,186.336734127,0.0142408687472,92.0066119731,122.944038557,85.4738189483,131.178145598,183.714838161,0.0180408359601,92.2059891046,62.2471843657,211.968558829,211.968513855,52.2116970882,70.4849224669,211.968532439,211.968413828,177.624939253,211.96853595,0.0129767423047,100.361554181,211.968424724,191.593132253
2011-09-03 20:00:00,110.385702661,211.968548842,211.968618433,93.5407233158,171.694550782,1.60604580123e-05,211.968526728,211.968542468,186.336733234,0.0142407753015,92.0066086381,122.944039768,85.4738189533,131.178145372,183.714837782,0.0180409540803,92.2059891484,62.2471840637,211.968557847,211.968516671,52.2116915878,70.4849124472,211.96853244,211.968414339,177.62493926,211.968523046,0.012976939458,100.361530575,211.968396362,191.593099649
2011-09-03 21:00:00,110.385701506,211.968547614,211.9686154,93.5407217628,171.694551085,1.58446902838e-05,211.968523601,211.968542251,186.336732358,0.0142404398198,92.0066061006,122.944040318,85.4738185767,131.178143728,183.714837464,0.0180409959186,92.2059889271,62.2471835746,211.968556646,211.968509129,52.211686001,70.4848595884,211.968532416,211.968413848,177.624939292,211.968504112,0.0129768194875,100.361513618,211.968302943,191.593055994
2011-09-03 22:00:00,110.385700086,211.968546151,211.96861065,93.5407190889,171.694549656,1.56206469393e-05,211.968518918,211.968541709,186.336731246,0.0142396593665,92.0066028738,122.944040319,85.4738183794,131.178141418,183.714837109,0.0180410505126,92.2059885457,62.2471827918,211.968554864,211.968500255,52.2116822869,30.6614636989,211.968532358,211.968413095,177.624939282,211.968467864,0.0129766411464,100.361502113,211.968197648,191.593006536
2011-09-03 23:00:00,110.385698188,211.968545154,211.968603055,93.540716381,171.69454889,1.54662676183e-05,211.968517215,211.968541311,186.336730048,0.0142387163879,92.0065990382,122.944040167,85.473818171,131.178139059,183.714836716,0.018041003157,92.2059880726,62.2471817797,211.968551917,211.968489226,52.2116793814,30.6609736501,211.968532279,211.968411822,177.624939257,211.968454842,0.0129759449812,100.36149448,211.968223183,191.59296857
2011-09-04 00:00:00,110.385696906,211.96854531,211.968550035,93.5407134994,171.694546393,1.5362238638e-05,211.967725198,211.96854236,186.336727713,0.0142378334373,92.0065931768,122.944039824,85.4738176347,131.178136899,183.714836392,0.0180410750849,92.2059874426,62.2471807545,211.968544348,211.968468963,52.2116780542,30.6609946604,211.968532066,211.968411203,177.624939227,211.968075476,0.0129752628977,100.361477631,211.968135583,191.592966063
2011-09-04 01:00:00,110.385694247,211.968544915,211.968576056,93.540710067,171.694540905,1.52616715911e-05,211.968474825,211.968541796,186.336724243,0.0142368832541,92.006590073,122.944039522,85.4738171422,131.178133951,183.714835783,0.018040686527,92.2059866836,62.2471796032,211.968527129,211.9684474,52.2116753685,30.660959231,211.968531852,211.968410094,177.624939149,211.968352943,0.0129744737885,100.361477201,211.968133919,191.592945808
2011-09-04 02:00:00,110.385693884,211.968544183,211.968572189,93.5407055263,171.694518859,1.52398839585e-05,211.968503317,211.968541131,186.336718263,0.0142354761013,92.0065840584,122.944039258,85.4738164244,131.178131244,183.71483484,0.0180401701369,92.2059858586,62.2471781289,211.96853915,211.968404862,52.2116730836,30.660953066,211.96853202,211.968408882,177.624939066,211.968272683,0.0129730715048,100.361481896,211.968156036,191.592922406
2011-09-04 03:00:00,110.385694491,211.968542672,211.968559168,93.5406988592,171.694473012,1.51736816511e-05,211.968499889,211.968540732,186.336700014,0.0142330963494,92.0065718029,122.944038678,85.4738166898,131.17812749,183.714833247,0.0180397308479,92.205984746,62.2471760078,211.968534498,211.968221809,52.2116705337,30.6609573462,211.968531986,211.968407836,177.62493898,211.968209602,0.0129708519607,100.361486809,211.968166005,191.592895891
2011-09-04 04:00:00,110.385692737,211.968541269,211.968534014,93.5406860265,74.687147479,1.51762297722e-05,211.968489623,211.968540418,186.336622871,0.0142276645663,92.0065406694,122.944037934,85.4738168342,131.178119221,183.714829581,0.0180390475589,92.205982498,62.2471719034,211.968512884,211.965321775,52.2116673061,30.6609554789,211.968531842,211.968405107,177.624938806,211.968192061,0.0129665076,100.361502982,211.968155142,191.592878483
2011-09-04 05:00:00,110.385687701,211.968536342,171.695094498,93.5406287472,74.6871381286,1.51566801097e-05,211.968462191,211.968540241,81.0565011779,0.0112253191053,0.020075714691,122.944036615,85.4738167082,131.178089042,183.714724724,0.0180363060712,92.20597113,62.2471378061,211.968339921,0.0156344324009,52.2116581979,30.6609508415,211.968531551,211.968401127,177.624938496,211.968006655,0.0129454004595,100.361484412,211.968217197,191.592730777
2011-09-04 06:00:00,110.385528252,211.968531153,211.968515277,0.0107800873429,74.6871362826,1.53928134135e-05,211.968493827,211.968540593,0.0200098448417,0.0100316839369,0.0200037771706,122.944033891,85.4738155362,98.3833758105,0.0100504545373,0.0149773964154,0.0100937620121,0.0100639249281,92.2063558611,0.0151374514342,52.2116394804,30.6609432114,211.968526872,211.968341744,177.624937715,158.976817248,0.0101039107467,100.361451617,211.968114736,83.3438406496
2011-09-04 07:00:00,82.7892805118,211.968513048,92.2062825108,0.0105231703316,74.6871341436,1.55970731084e-05,211.968490034,211.968539479,0.0189631211514,0.0100177912923,0.0199941892237,122.944027545,85.4738029212,98.3832561395,0.0100402557095,0.0145509243987,0.0100721958335,0.0100386289769,92.2063250211,0.0150261017361,52.2116422788,30.6609225293,171.694511898,171.694418481,177.619719393,211.967234968,0.0100620422691,100.361384647,211.968048838,83.3430626896
2011-09-04 08:00:00,82.7892571221,211.968468543,92.2062692051,0.0104341799785,0.0200259256817,1.58134240923e-05,211.968437949,211.968536017,0.0151066688017,0.0100041179331,0.0199773894485,122.943987867,85.4738057964,98.3832094351,0.0100174827792,0.0145435352854,0.0100528668768,0.0100132617805,92.2063227711,0.0150046632461,52.2115944335,0.0150212571751,171.694510125,171.6943876,0.0149958753512,211.968153475,0.0100268883226,81.2936333036,211.967829464,83.3429025434
2011-09-04 09:00:00,82.789228378,92.2129093833,92.2062635911,0.0100300139787,0.0200046799615,1.5855715113e-05,92.2063155843,211.968516479,0.0149937361067,0.0100023405611,0.0198416956136,74.6870109054,85.4738121477,0.0110319132319,0.0100034473044,0.010756926492,0.0100072187666,0.0100048365066,92.2063222587,0.0150086173892,22.7120601108,0.0150154626089,171.694509658,171.694271168,0.0149938595116,158.979349149,0.0100075674104,81.2933027802,211.966770461,83.3428582407
2011-09-04 10:00:00,0.0150146673225,92.2063584403,92.2062417889,0.0100164229757,0.019966167957,1.58743532583e-05,74.6871301663,0.0150534888652,0.0149146599146,0.0100021070581,0.0101371758278,74.6869715093,85.4738150897,0.0100335946958,0.0100034837502,0.0100079909336,0.0100046058575,0.0100039084038,92.2062383309,0.0150044396729,0.015014955728,0.0150080826673,171.694505673,0.0100748386198,0.0149691274054,158.976243798,0.0100053217139,100.351347967,171.697865516,83.3428418625
2011-09-04 11:00:00,0.01475770367,92.206327845,92.2062349233,0.0100173696069,0.0150005929828,1.57533116071e-05,69.1552283737,0.0150127276878,0.0149825551029,0.010002963757,0.0199098826698,69.1547724162,85.4738101033,0.0100331778266,0.0100035878615,0.0100078557961,0.010005281513,0.0100041936377,92.2063138959,0.0150072380642,0.0150050775862,0.0150086836896,171.694507274,0.0100462633622,0.0100016425125,158.976207239,0.0100055631218,100.361305749,171.697165618,83.3428708855
2011-09-04 12:00:00,0.0150277899209,92.2063327563,92.2062609686,0.0100328182414,0.0150004526083,1.57040643088e-05,69.1550071729,0.0150082769425,0.0149991949157,0.0100097016582,0.019989443378,0.0100048447079,85.4737822557,0.0120295937944,0.0100114605096,0.0100558839797,0.0100145433217,0.0100066365664,92.2063231339,0.0150034765411,0.0150042029349,30.6608257384,171.694508737,0.0102033706702,0.0100010397862,158.976122694,0.0100095800502,100.361393904,171.695267147,83.3429069939
2011-09-04 13:00:00,82.7892049395,92.2063599809,92.2062645879,0.0104621109875,0.0150045662372,1.57209540241e-05,0.0187359839088,0.0150055819996,0.0189213100532,0.0100210729468,0.019999401537,0.0100053666255,85.4737882767,98.3832360882,0.010040344021,0.0145423973169,0.010067094749,0.0100303211816,92.2063345745,0.0150000743352,0.0150057072014,30.6609405105,171.69451003,171.694378249,0.0100072399209,158.976119242,0.0100491221754,100.36139032,211.967362995,83.343035987
2011-09-04 14:00:00,82.7892734945,211.96848916,92.206267208,0.0105281338511,0.0199943502809,1.56819334125e-05,69.151557825,0.0150042683162,0.0189663130226,0.0100335167026,0.0200189938448,0.0100114247415,85.4738132649,98.3832644337,0.0100517451779,0.01454987365,0.0100770781786,0.010045226057,92.2064101842,0.0150012655186,0.0150056968489,30.6609494777,171.694510803,171.694425515,0.0149918353153,158.976188532,0.0100695243212,100.361445134,211.96806506,83.3469655833
2011-09-04 15:00:00,110.385291293,211.968532358,92.2069090744,0.0110763755288,0.0200021829866,1.56919780214e-05,74.6871181276,0.0150042857305,0.0248642375589,0.0130431659932,92.2053957603,0.0152014525118,85.4738171259,98.3839861688,183.714630264,0.0146000125982,0.0147317729487,0.0108557412926,211.968553438,0.0150065726643,0.01501410247,70.4845653769,211.968505559,211.96837506,0.0149940256252,158.976409091,0.0102757371872,100.36149012,211.968226976,111.124130117
2011-09-04 16:00:00,110.38577162,211.968535064,113.834975562,215.037337291,0.0200089736906,1.56765845688e-05,92.2063084656,0.0150055009184,0.0248788414889,0.0130900043865,92.2062472152,74.686966612,85.4738186816,226.163662027,183.71479203,92.2062740985,92.2057119748,211.967789898,211.968557568,0.0150662536598,0.0152013053867,70.4849166141,211.968530417,211.968525345,0.014996271693,211.96807008,0.0139537960088,100.361535893,211.968353394,111.124479541
2011-09-04 17:00:00,110.385788505,211.968533867,211.968415695,215.03739981,74.6871263942,1.56459345197e-05,92.2063192399,0.0344033957835,0.0248841271247,0.0130943417114,92.2062615051,74.6869796823,85.4738191326,226.163692561,183.714797076,92.2062809125,92.2057184182,211.967800784,211.968558265,0.0151164914407,22.7119559108,70.4849247362,211.968531417,211.968552084,103.022362677,211.9681973,0.0139712770949,100.361595133,211.968355207,111.124446485
2011-09-04 18:00:00,110.385790365,211.968533234,211.968402845,215.037412003,74.687129054,1.57257543378e-05,92.2063223664,0.0344890762875,0.0248805580393,0.0130955545687,92.2062675802,92.206143482,85.4738191877,226.163699762,183.71479842,92.2062822574,92.2057198478,211.967803574,211.968558269,0.0151006160531,22.7120030388,70.4849276277,211.968531534,211.968560254,103.022389192,211.968218062,0.0139752244111,100.36159505,211.96853593,111.124478669
2011-09-04 19:00:00,110.385790758,211.968528201,113.834886847,215.037414419,74.6871302124,1.57324650967e-05,92.2063210319,0.0344815250171,0.0248780063165,0.0130959971657,92.2062668021,92.2061479744,85.4738190416,226.163701462,183.714798817,92.2062828611,92.205720391,211.967804384,211.968557853,0.0151136316151,22.7120615334,70.4849304116,211.968531616,211.96856251,103.022389924,211.968210636,0.0139763579868,100.361507353,211.968393654,111.124075433
2011-09-04 20:00:00,110.385790517,211.9685195,92.2062774318,215.037413625,74.6871316005,1.55454582232e-05,92.2063184931,0.0150822702565,0.0248773998361,0.0130960274597,92.2062662212,92.206148936,85.4738186796,226.1637016,183.714798757,92.2062826657,92.2057206074,211.967804223,211.96855759,0.015113141393,22.7120140246,70.4849282639,211.968531573,211.968562987,103.022390204,211.96819703,0.0139768072551,100.361463768,211.968278099,111.123691618
2011-09-04 21:00:00,110.38578732,211.968466306,92.2062644802,215.037411215,74.687130439,1.52599832006e-05,92.2063188811,0.0150079252323,0.0248764916976,0.0130955800612,92.20626425,92.2061492982,85.4738180242,226.163699668,183.714798641,92.2062824538,92.2057204193,211.967803729,211.96855687,0.0150991054488,0.0150674110242,70.4849258162,211.968531488,211.968561829,103.02239039,211.968190265,0.01397682074,100.361431777,211.968136625,83.3434657623
2011-09-04 22:00:00,110.385782669,92.2064063315,92.2062615282,215.037408449,74.6871289076,1.49265913066e-05,92.2063179738,0.015003756349,0.0248749493528,0.0130949142644,92.2062612054,92.2061492473,85.4738182577,226.163696135,183.714798512,92.2062816216,92.2057201342,211.967803023,211.96855547,0.0150786159016,0.0150182763192,70.4849237401,211.968531383,211.968560575,103.022390481,211.968163988,0.0139767019409,100.361403885,211.968019156,83.342980285
2011-09-04 23:00:00,110.385778717,92.2063263353,92.2062600041,215.037406393,74.6871278615,1.4810632373e-05,92.2063169859,0.0150024313462,0.0248722228639,0.0130943311591,92.2062566026,92.2061490895,85.473818531,226.163693984,183.714798382,92.206280564,92.2057197843,211.967801929,211.968551603,0.0150312414154,0.0150096987079,70.4849221579,211.968531293,211.968559091,103.022390526,211.968128189,0.0139760827475,100.361381504,211.967974462,83.3429218072
2011-09-05 00:00:00,110.385785455,92.206317926,92.2062583262,215.037404314,74.6870957178,1.48067284603e-05,92.2063112001,0.0150021545953,0.0248703409532,0.0130935437575,92.2062544205,92.2061489835,85.4738183268,226.163695934,183.714798129,92.2062827267,92.2057194293,211.967801067,211.968484739,0.0150090455282,0.0150086121971,70.4849207174,211.968531294,211.968559986,103.022390556,158.977418215,0.0139756787129,100.36137216,211.967983084,83.3429291094
2011-09-05 01:00:00,110.385783349,92.206317614,92.2062545237,215.037402615,60.4965800131,1.47914567255e-05,92.2063142121,0.0150013183215,0.0248634658126,0.0130925951379,92.2062550597,92.2061487124,85.4738180997,226.16369307,183.714797789,92.2062819983,92.2057192893,211.967800218,211.968319953,0.0150113099086,0.0150042116459,70.4849209474,211.96853121,211.968559012,103.022390603,158.976572051,0.0139750993723,100.361370164,211.967665821,83.3428965525
2011-09-05 02:00:00,110.385788233,92.2063173354,92.2062487599,215.037400821,74.6843064717,1.48052549518e-05,92.2063122729,0.0150006573967,0.0248122966566,0.0130912703679,92.2062551518,92.2061483573,85.4738179206,226.163691986,183.714797346,92.2062818938,92.2057189515,211.967799349,211.968531108,0.0150197190618,0.0150029123982,70.4849220699,211.968531127,211.968559559,103.022390637,211.967606883,0.0139745398624,100.361375079,211.967707064,83.3428860253
2011-09-05 03:00:00,110.385797903,92.2063183994,92.2062539942,215.03739978,74.6871223505,1.492342912e-05,92.2063100064,0.0150003570462,0.0246939511469,0.0130891799246,92.2062547121,92.2061479631,85.4738189737,226.163692232,183.714796509,92.206283131,92.2057186056,211.967798479,211.968550617,0.0150132643356,0.0150031899974,70.4849249197,211.968531121,211.968561477,103.022390725,211.967950239,0.0139735936157,100.361367219,211.967948118,83.3428940662
2011-09-05 04:00:00,110.385804843,92.20631766,92.2062570652,215.037398249,74.6871258883,1.53483565808e-05,92.2063054088,0.0150002539336,0.0247954487706,0.0130841763729,92.2062522136,92.2061475444,85.4738201694,226.163692986,183.714794875,92.2062829312,92.2057178116,211.967797347,211.968553827,0.0150141590499,0.0150034463644,70.4849316661,211.96853116,211.968565281,103.022390804,211.967930427,0.0139717969518,100.36135693,211.968057671,83.3429165784
2011-09-05 05:00:00,110.38580727,92.2063112174,92.2062581027,215.037384877,74.6871254306,1.58050159605e-05,92.206250134,0.0150002502051,0.0200331246984,0.0102434200812,92.2062082008,92.2061469352,85.4738210986,226.163688585,183.714773751,92.206281456,92.2057107298,211.967787299,211.968553934,0.015026296132,0.0150040668234,70.4849485167,211.968530982,211.96856322,103.02239076,211.967593387,0.0139590189161,100.361207138,211.967351365,83.3427708807
2011-09-05 06:00:00,110.385798696,92.2062820718,92.2062562652,174.180315354,74.687111602,1.58699504839e-05,0.0200016653643,0.0150002639368,0.0200006972634,0.0100226589258,0.0201245920932,92.2061453876,85.4738212549,183.193370569,0.0200391371547,92.2062620409,0.0123447217433,171.693898264,211.968549433,0.0150773070344,0.0150298438091,70.4849312755,211.968528924,211.968473085,103.022390605,0.0154675705,0.0109969400566,43.657178042,92.2061553704,0.020002151153
2011-09-05 07:00:00,110.385781603,0.0150254497053,0.0200114926663,174.180254849,0.0150097430989,1.58785332256e-05,0.0150143080841,0.0150000732667,0.0199931240636,0.0100096623391,0.0200578611841,92.2061317988,85.4738205385,183.192586931,0.0200263108444,74.6870889645,0.0123026368767,171.693883021,92.2063334798,0.0150710897494,22.7120079062,70.4849308872,171.694505867,171.694537355,103.022387616,0.0150666253535,0.0109539859709,43.6570550439,74.6875874751,0.0195807294515
2011-09-05 08:00:00,110.385321796,0.0150042296454,0.0200008357795,161.278239238,0.0150014784341,1.58645986861e-05,0.0150030618091,0.015000014584,0.0198468335275,0.0100025550662,0.0200051746465,0.0105515391774,85.4738190553,169.623320553,0.0199355260607,74.687085739,0.0122959251717,171.693855681,92.2063184279,0.0150724185872,52.2114044975,70.4849278596,171.694503588,171.694511428,77.2668640857,0.0150163875096,0.0108845287956,35.3631762682,74.6846599252,0.015048725558
2011-09-05 09:00:00,89.412501059,0.0150018399597,0.0199917935684,0.0103247920929,0.0150002414017,1.57977207614e-05,0.0150001597369,0.0149999725296,0.0150081387274,0.0100015410812,0.0199898741503,0.0105324997944,85.4738173093,169.622548965,0.0100067396228,74.6870839501,0.0122467757724,0.0100245419516,74.6871140348,0.0150484238323,52.2116111485,70.4849194754,171.694497688,171.694454573,77.2668621981,0.0150288317282,0.0108999016929,35.3624846792,0.0150854402168,0.0149958789985
2011-09-05 10:00:00,89.4124872088,0.0150007675745,0.0199379451488,0.0121152715433,0.0149999800573,1.57995107244e-05,0.0149989311967,0.0149999319993,0.0150025103653,0.0100013607695,0.0199793725871,0.0105075036571,85.473812957,0.0160693377719,0.010005591488,74.687083558,0.0100095994235,0.0100075098956,0.0200049002426,0.0150224599063,52.2116251421,70.4849062897,0.0149982119245,158.977744506,77.2668588003,0.0150096712709,0.0109195545089,35.3609682035,0.0150395099484,0.0149891654558
2011-09-05 11:00:00,89.4124875242,0.0150009754908,0.0150098692549,174.180238125,0.0149999170206,1.58118863311e-05,0.014999157244,0.0149998812597,0.0150462094779,0.0100017135285,0.0199865476989,0.0100072275451,85.4738146915,183.192445152,0.0100101263198,74.6870844035,0.0100252644563,0.010010736976,0.0200030001675,0.0150157593056,52.2116296842,70.4848513164,0.014999936475,171.69387564,0.010009815829,0.0150073118849,0.0106062711225,35.3623366614,0.0150410206931,0.0149952455054
2011-09-05 12:00:00,89.4124979178,0.015002341314,0.0150035845779,174.180260433,0.0149998493467,1.57603103784e-05,0.0149992359998,0.0149998395317,0.0199939420452,0.0100032369235,0.0199978702218,0.0100054671528,85.4738165439,183.192573098,0.0199894598074,74.6870862486,0.0122904295151,92.2063232651,0.0200026285718,0.0150062618255,52.2116334719,30.6609468243,158.976402079,171.694489136,0.0100020507808,0.0149920152664,0.0101458201468,43.6538581625,0.0150748606653,0.0150471132092
2011-09-05 13:00:00,89.412519999,0.0150085694851,0.0150079474175,174.180265803,0.0149997900747,1.57553213098e-05,0.0149997435298,0.0149997776367,0.0200018619822,0.0100119175576,0.0200288572188,0.0100068917379,85.4738141862,183.192599423,0.0200267211097,74.68708656,0.012298120591,171.693880544,69.1547257674,0.0150448924309,52.2116330276,30.6609279102,171.69449792,171.694525609,0.0100113251164,0.0149902503531,0.0109465107529,43.6569615959,0.0158753379493,0.0194524969812
2011-09-05 14:00:00,110.385625435,92.2062881997,0.0199337387102,174.180282092,0.0149999176672,1.56700121134e-05,0.015001506772,0.0149997886983,0.0246978144898,0.0100249569772,0.0200759995515,0.0100963382408,85.4738183553,183.192644874,0.0200408218277,74.6870889499,0.012304873514,171.693908789,74.6871115029,0.015076929139,52.2116324143,30.6609214248,171.694503431,171.694593197,77.2668567492,0.0150079473181,0.0109660004969,43.657092878,92.1997906049,0.0199314388072
2011-09-05 15:00:00,110.385778424,92.2063078303,0.0199926203036,215.023140926,0.015000576303,1.55948393464e-05,0.0150059760514,0.0149998510851,0.0247195603566,0.0125501115735,92.206315957,0.0105297428042,85.4738185329,226.16367831,183.714843681,74.687109523,0.0151771120946,211.968466928,92.2062759783,0.0150692974127,52.211631159,30.6609284677,171.694505328,211.968590719,77.2668621903,0.0150403339772,0.014663216709,43.6576646213,92.2056462502,0.0201426651737
2011-09-05 16:00:00,110.385788511,92.2063125965,0.0200003252712,215.037664321,0.0150343674101,1.55099929415e-05,0.0150230790133,0.014999960304,81.0564874642,0.0126034098924,211.968404431,0.0105400915232,85.4738195172,226.163710223,183.714867513,92.2062127972,0.0151898637674,211.968479595,92.2063169029,0.0150258831481,52.2116309779,30.6609417112,211.968525149,211.96927756,77.2668645916,0.0154368659716,0.0149822036816,43.657738959,92.2059676212,0.0266968557731
2011-09-05 17:00:00,110.385792576,92.2063106914,0.0200183670037,215.037697199,0.0200255846971,1.54852045591e-05,0.0199869026653,0.0150001443355,81.0564876153,0.0126078839414,211.968419691,211.966902162,85.4738202645,226.163720336,183.714871232,92.2062703739,0.0151916398307,211.968483679,92.2063196056,0.0150087548855,52.2116293475,30.660948815,211.968526508,211.969307368,177.624954435,92.2071602469,0.0149923728493,43.6575538548,92.2054971035,0.0269669272269
2011-09-05 18:00:00,110.385792763,92.2063073102,0.0246068062787,215.037705591,0.0206834032811,1.55457128041e-05,0.0199992085455,0.0150003789501,0.024706190217,0.0126097494079,211.968429286,211.967332127,85.4738208267,226.163723352,183.714872205,92.2062740726,0.0151915641687,211.968484968,92.2063198523,0.015003684624,52.2116257749,30.6609310706,211.968526795,211.969314673,177.624958954,92.2072432818,0.014994712785,43.6572051889,92.2058615729,0.0268639476895
2011-09-05 19:00:00,110.385787055,92.2063057573,0.0200224540367,215.037706719,0.0200312468672,1.55019934242e-05,0.0200009962208,0.015000065777,0.0247012877442,0.0126101467036,211.968425347,211.967337161,85.4738207043,226.163721873,183.714872201,92.2062732485,0.0151905508133,211.96848518,92.2063186417,0.0150031084993,52.2116256672,30.6609241021,211.968526796,211.969315852,177.624959365,92.2072740572,0.0149951677925,43.6570753145,92.2054376113,0.0211081031303
2011-09-05 20:00:00,110.38578455,92.2063044007,0.0200037094251,215.037704933,0.0200279501971,1.53099929259e-05,0.0199991906362,0.0149999393879,0.0200377147509,0.0126101141216,211.968423933,211.967338235,85.473820327,226.1637199,183.714872,92.2062740264,0.0151889711857,211.968484705,92.2063155098,0.0150025103884,52.2116220006,30.6609119069,211.968526721,211.969315124,177.62495947,92.2072876623,0.0149951712903,43.6570470518,92.2045577755,0.0205559160872
2011-09-05 21:00:00,110.385781498,92.2062997648,0.0200022372751,215.03770305,0.0200263335003,1.48875264227e-05,0.0199997803752,0.0149998747874,0.0200173980532,0.0126099059911,211.968421642,211.967338467,85.4738194843,226.163716512,183.714872021,92.2062764652,0.0151880824364,211.968483957,92.2063101929,0.0150013243145,52.2116132724,0.0152253129924,211.96852665,211.969313843,177.624959514,92.2072739912,0.0149950827301,43.6570189288,74.6861484736,0.0205815189516
2011-09-05 22:00:00,110.385779201,92.2062852975,0.020001380032,215.037698868,0.0200246167343,1.45881087041e-05,0.0199975956878,0.0149997890121,0.0200110328559,0.0126091164262,211.96841857,211.967338286,85.4738192946,226.163711435,183.714871874,92.206277938,0.0151862209003,211.968482813,92.2062932655,0.015000326684,52.2115893045,0.0150128594004,211.968526557,211.969311353,177.624959517,92.2072707567,0.0149950806123,43.6569675962,74.6860631056,0.0208742883228
2011-09-05 23:00:00,110.385778234,92.2059864001,0.020001366753,215.037696461,0.0200235764698,1.43285952743e-05,0.0199957061586,0.0149997295414,0.0200113106834,0.0126084542599,211.968414737,211.967338053,85.4738192288,226.163706378,183.714871765,92.2062787146,0.0151844366683,211.96848148,74.6871128312,0.0149997321523,52.2113482276,0.0150063697408,211.968526478,211.96931033,177.624959511,92.2072584963,0.0149945950523,43.6564766453,74.6859083389,83.3378365398
2011-09-06 00:00:00,110.38576724,0.0150375963975,0.0200048095826,215.037693502,0.0200057794253,1.42609335835e-05,0.0199924500581,0.0149997090457,0.0246230796613,0.0126078049179,211.968410074,211.967337854,85.4738185798,226.16369068,183.714871629,92.2062776757,0.0151779369966,211.968479872,74.6871031527,0.0149993268146,22.7120045515,0.0150019710461,211.968526394,211.969309599,177.624959517,92.2072329889,0.0149934623451,0.0153465789701,0.0151138221138,83.3427516659
2011-09-06 01:00:00,110.385773329,0.0150205351496,0.0200011009493,215.037691438,0.0199989293559,1.42391197401e-05,0.019985932137,0.0149996883365,0.0246787887947,0.0126069082936,211.968403478,211.967337501,85.4738185124,226.163694477,183.714871589,92.2062791223,0.0151785868689,211.968478781,74.687100154,0.0149990934646,0.0150102406471,0.0150019227275,211.96852631,211.969308954,177.624959501,92.2072371714,0.014993286741,0.0150672920346,74.6859143256,83.3427706999
2011-09-06 02:00:00,110.38578143,0.0150094091714,0.0200002824011,215.037689353,0.0199953790673,1.42880545691e-05,0.0199719161692,0.0149996796853,0.0246891289747,0.0126055741011,211.968397836,211.967337281,85.4738179646,226.163692101,183.714871585,92.2062795888,0.0151810041449,211.968477747,74.6871011014,0.0149989842399,0.0150055125107,0.0150032821861,211.968526198,211.969309235,177.624959493,92.2072135496,0.0149932292095,0.0150328991891,74.6849259709,62.507459519
2011-09-06 03:00:00,110.385788995,0.0150059855797,0.0200001414424,215.037686599,0.0199511057749,1.4428475438e-05,0.0199589810285,0.0149996808691,0.0246960788893,0.0126034473555,211.968397306,211.967336823,85.4738188295,226.163686326,183.714871309,92.2062800235,0.0151832285449,211.96847649,92.2061935348,0.0149991484517,0.0150048227878,0.0150055796674,211.968526065,211.969311242,177.624959541,92.2071909951,0.0149931382673,0.0150275190474,74.6860829497,83.3424048799
2011-09-06 04:00:00,110.385793188,0.0150028056369,0.0200008814437,215.037685298,0.0199779824697,1.484025643e-05,0.0199418087128,0.0149996973469,0.0246969918549,0.0125987427139,211.968391023,211.967336262,85.4738201313,226.163685525,183.714870967,92.2062796444,0.0151844680432,211.968474638,92.2062897497,0.0149994152422,0.0150036766357,0.0150123751468,211.968525915,211.969316975,177.62495957,92.2071518008,0.0149925769438,0.0150214192682,74.6860923958,83.3428020758
2011-09-06 05:00:00,110.385790745,0.0150007632423,0.0200023049247,215.037676041,0.0199355081248,1.53356387081e-05,0.0150722654598,0.0149997485602,0.0246937885722,0.0103609380133,211.9681795,211.967335498,85.4738209749,226.163675114,183.714862198,92.2062770388,0.01516942081,211.968460744,92.2062875711,0.0150000590149,0.015001869174,0.0150174205777,211.968525489,211.969316678,177.624959491,92.206910652,0.0149859114771,0.0150105743509,74.6866439504,83.3428323308
2011-09-06 06:00:00,110.385759281,0.0149999223402,0.0200043046346,215.037635777,0.0150042351643,1.54019777119e-05,0.0150150573383,0.0149998197732,0.0200045646553,0.0100520669534,69.1547938742,211.967334009,85.4738173899,226.163580767,148.809047365,92.2057949707,0.0123619002211,171.694438988,0.0200066816214,0.0150008036142,0.0150013618011,0.0150079443029,211.968516808,211.969306446,177.624959155,0.0150315369316,0.0145981873907,0.0150035881604,92.2051466295,83.3428562336
2011-09-06 07:00:00,82.7893641601,0.0149994412616,0.0200011792442,215.037397646,0.0150004462537,1.53604232308e-05,0.0150085251108,0.0149998386345,0.0199978897522,0.0100333766152,69.1547484551,211.967319158,85.4737816335,183.192405532,148.809040313,0.0150032055969,0.0123014518005,171.694424431,0.0199996752418,0.0150016013819,0.0150010670725,0.0150055625701,92.2063467853,211.969295534,177.624952746,0.0149965530573,0.0121271539929,0.0150025752257,92.2060194828,83.3428069921
2011-09-06 08:00:00,82.7893106921,0.0149992880181,0.0200027656948,174.180370754,0.0149999721291,1.53161247431e-05,0.0150058855946,0.0149998387239,0.0199842352973,0.0100046222476,0.020120254105,0.0174467891067,64.105400308,183.192363856,148.809034904,0.0149937810435,0.0122964573663,171.694418832,0.0199979392422,0.0150017365241,0.015001064752,0.0150055123111,92.2063441229,211.969252148,77.2669812169,0.0149745948927,0.0121144382322,0.0150108113319,92.2060057761,83.3425831849
2011-09-06 09:00:00,0.0100819211155,0.0149993123658,0.0200019509376,174.180286025,0.0149997968371,1.5176534493e-05,0.0150067844984,0.0149998309993,0.0150041859206,0.0100026407958,0.0200020505065,0.0174243164732,64.1053581758,169.622712191,148.809016419,0.0139826940906,0.0122900391033,171.694407057,0.019991066432,0.0150012186212,0.0150011212355,0.0150042892747,92.2063381699,171.695139902,77.2669791921,0.0148964298095,0.0113646763005,0.0150354395265,92.2059814458,62.5077536699
2011-09-06 10:00:00,0.0100057406506,0.0149993359179,0.0200511919477,0.0103090829758,0.0149996636258,1.52110521423e-05,0.0150061201506,0.0149998273534,0.014998775036,0.0100024528957,0.0199975283564,0.0174057035954,0.0100383258772,0.0100239936943,148.808682731,0.0100084436599,0.0122674556049,158.976409302,0.0150062284661,0.0150006691627,0.0150012858763,0.0150032184991,0.0149965287018,158.978736264,77.2669684633,0.0148267427083,0.0100152162197,0.0152501828299,92.2058245147,62.5075143916
2011-09-06 11:00:00,0.0100052388828,0.0149995182288,0.024651877093,0.0100957872749,0.0149995600806,1.522046624e-05,0.015006139664,0.0149998167737,0.015000145111,0.0100031560938,0.0200066825566,0.0100130527549,0.0100201248464,0.0100199331719,148.809007391,0.0100084830791,0.0122802561228,92.2061294092,0.015019162055,0.0150005732104,0.0150010785967,0.0150029034479,0.0149654842678,0.010106411301,0.0100048082656,0.0147981153285,0.0100106843262,43.6569868085,92.2060122116,62.507551221
2011-09-06 12:00:00,0.0100100558708,0.0150002791889,0.0246483135922,0.0102325751637,0.0149995456945,1.52900082143e-05,0.0150057102682,0.0149998072308,0.0198247038903,0.0100087943006,69.1544718164,0.0100070519395,0.0100287429396,0.0100631464847,148.809037047,0.010453822438,0.0122896121215,92.2063868209,0.0199763412728,0.0150004475786,0.0150031181605,0.0150025879859,0.0149980123841,158.970629868,0.0100019921894,0.0147880151293,0.0100276049437,43.657050336,92.2060610801,62.5082661775
2011-09-06 13:00:00,82.7892310178,0.015001743479,0.0246414648228,161.278430201,0.0149995941192,1.52632975906e-05,0.0150049879546,0.0149997950044,0.0199986159499,0.0100478855638,69.1547498766,0.0100087195623,64.105304467,169.623007165,148.809042488,0.0149927553845,0.0123024460785,171.694408388,0.0199953089384,0.0149998403678,0.0150021443189,0.0150026551188,92.2062786433,171.695087921,0.0100056579315,0.0147913970361,0.0121133552559,43.6573099581,92.2063102257,83.342840022
2011-09-06 14:00:00,82.7893228924,0.0150100374856,0.0246338058879,174.180344179,0.0149997091967,1.52329378274e-05,0.0150043445141,0.0149998096065,0.0200814337485,0.0101063138527,69.1548079853,0.016502933543,64.1053752779,183.192371338,148.80907665,0.0150018192829,0.0123126454876,171.694421692,0.0199991584529,0.0150010415651,0.0150014477066,0.0150026683134,92.2063438387,171.695121206,77.2669728399,0.0148872776459,0.0121319317894,100.359903935,211.967098468,191.592034755
2011-09-06 15:00:00,82.7896180644,92.2062872574,0.0200171611967,174.18039944,0.0149998903129,1.51396560674e-05,0.0150068424338,0.0149998355689,81.0564901864,211.968182945,92.2062943144,0.0174207974395,85.4735823976,183.192439166,183.714870249,0.0150517580981,211.961534349,211.967695138,0.0200006922499,0.0150009180528,0.0150011710622,0.0150030553841,92.2063458996,171.695205691,77.2669794389,0.0149803259334,0.0130753835444,100.360865905,211.9679952,191.592637351
2011-09-06 16:00:00,110.385784121,92.2063061979,0.0200053949762,215.037479267,0.0150002230993,1.50279237232e-05,0.0150094360638,0.014999850435,81.0564994819,211.968218535,92.2063252528,0.0174308150064,85.4738101962,226.163585197,183.714877143,0.0186333834293,211.96824842,211.968430846,0.0246861905696,0.0150010737485,0.0150012230289,0.0150026020338,211.968494138,211.969270071,77.2669824144,0.0149989991223,0.0208810044685,100.360952445,211.968087359,191.592761381
2011-09-06 17:00:00,110.385800648,92.2063091576,0.0200062508229,215.037501817,0.015001101242,1.50344320856e-05,0.0150103577683,0.0149998500957,81.0565026117,211.968223221,92.2063418751,211.967193122,85.4738186803,226.163605115,183.714879189,0.0186374446644,211.968254684,211.968436008,0.0246917539866,0.015001642913,0.0150007029713,0.0150022399387,211.968497898,211.969292153,177.624959666,0.0150057966901,0.0208956702296,100.360959456,211.96813698,191.592826817
2011-09-06 18:00:00,110.385802057,92.206308191,0.0200048914613,215.03750673,0.0150013767019,1.5112478776e-05,0.01501182114,0.0149998511193,81.0565009251,211.968225613,92.2063314571,211.96736412,85.4738203336,226.163609761,183.714879938,0.0186378739977,211.968256305,211.968437419,0.0246992652348,0.015002167935,0.0150004953405,0.0150021552487,211.968498339,211.969294938,177.62496239,0.0150164665106,0.0208991108699,100.360922675,211.96829195,191.592805645
2011-09-06 19:00:00,110.385799858,92.2063087132,0.0200036929634,215.037506095,0.0150010078692,1.51124915365e-05,0.0150100388334,0.0149998570212,81.0564949272,211.968226318,92.2063283569,211.967368816,85.4738204686,226.163609763,183.71487977,0.0186378462858,211.968256682,211.96843758,0.0246875231252,0.0150039386952,0.0150002462061,0.0150019022268,211.968498441,211.96929342,177.624962709,0.0150074865664,0.0208999025145,100.360868177,211.968177339,191.592697537
2011-09-06 20:00:00,110.385799027,92.2063089259,0.0200020302365,215.037503805,0.0150011968366,1.48066610758e-05,0.0150088104404,0.0149998371588,81.056490898,211.96822652,92.2063258625,211.967369796,85.4738200052,226.163609638,183.714879433,0.0186376969187,211.968256747,211.968437028,0.0200139751136,0.0150041620268,0.0149998947542,0.0150018438072,211.968498419,211.969290824,177.624962776,0.015006271015,0.0209000033367,100.360796302,211.968072253,191.592415714
2011-09-06 21:00:00,110.385796572,92.206308207,0.020001118635,215.037500845,0.0150016492868,1.4398463676e-05,0.0150074350422,0.0149997948505,81.0564869659,211.968226243,92.2063222559,211.967370125,85.4738190687,226.163607435,183.71487916,0.0186375137983,211.96825668,211.968436274,0.0200016565919,0.0150024829676,0.0149995206554,0.0150015201714,211.968498358,211.969287472,177.624962791,0.0150017254431,0.020899811295,100.360788399,211.968009281,191.592005149
2011-09-06 22:00:00,110.385795032,92.2063073134,0.0200002780434,215.037496189,0.0150016524918,1.41627226858e-05,0.015006159749,0.0149997496359,81.056478466,211.968225484,92.2063163819,211.967369832,85.4738192285,226.163605082,183.714879,0.0186371891883,211.968256326,211.96843523,0.0200006796952,0.0150015106377,0.0149991745816,0.0150020336714,211.968498265,211.969282885,177.624962772,0.0150024660321,0.020899538634,100.360772602,211.967854538,83.343044481
2011-09-06 23:00:00,110.385793523,92.206305494,0.0199998820164,215.037493129,0.0150028831408,1.40474233335e-05,0.0150056719095,0.0149997148381,81.0564499382,211.9682248,92.2063076247,211.967369651,85.4738186306,226.163604306,183.714878683,0.0186364884901,211.968255859,211.968433862,0.0200003903427,0.0150007813425,0.0149989346992,0.0150028769949,211.968498184,211.969280346,177.62496275,0.0150011595603,0.0208987791972,100.360735524,211.967299548,83.3428753744
2011-09-07 00:00:00,110.385792255,92.2063070179,0.0200002491917,215.037489361,0.0150057432774,1.39636070569e-05,0.0150056497095,0.0149996956348,81.0563612727,211.968224372,92.2062824191,211.967369352,85.4738183082,226.16360294,183.714878386,0.0186363262852,211.968255302,211.968432572,0.0200004147261,0.0150005210203,0.0149988516867,0.0150118562815,211.968498047,211.969277388,177.624962738,0.0150011714356,0.0208980377689,100.360606824,211.966957374,83.3428395239
2011-09-07 01:00:00,110.385791124,92.2063038481,0.0199996679929,215.037485814,0.015077565605,1.38890089545e-05,0.0150067724858,0.0149996912611,81.0552663964,211.968223739,92.2062794101,211.967368973,85.4738178589,226.163601293,183.714878092,0.0186351545767,211.968254795,211.968431377,0.0200005357891,0.0150011151028,0.0149988008398,0.0150102066743,211.96849802,211.969275297,177.624962715,0.0150011536875,0.0208972544794,100.360510505,211.959274017,83.3428204371
2011-09-07 02:00:00,110.385792917,92.2063024159,0.019999622097,215.037481642,0.0185211747495,1.39179754143e-05,0.0150090288906,0.0149996992962,0.0202898438835,211.96822313,92.2062794824,211.967368558,85.4738175725,226.163599596,183.714877928,0.0186338020049,211.968254306,211.968430068,0.0200007222082,0.015001819159,0.0149989812414,0.0150058668021,211.968497989,211.969272784,177.624962705,0.0150013655846,0.0208962074163,100.360237838,211.960385702,83.3428178997
2011-09-07 03:00:00,110.38579676,92.2063014671,0.0199997821291,215.037475059,0.0185242461117,1.40342011749e-05,0.0150170216492,0.0149997175931,0.0201274535904,211.968222525,92.2062833445,211.967368091,85.4738184331,226.163597187,183.714877551,0.0186330350734,211.968253769,211.968428513,0.0200010766855,0.0150017651392,0.0149990837651,0.0150032461158,211.96849797,211.969273285,177.624962762,0.0150036070562,0.0208946944358,100.360053505,92.2176727419,83.3428363137
2011-09-07 04:00:00,110.385800012,92.2062940089,0.0200007640171,215.037465207,0.0199299492391,1.44617322967e-05,0.0185046080624,0.0149997715595,0.0201511785037,211.968221786,92.2062813429,211.967367609,85.4738202295,226.163592707,183.714876962,0.0186313128171,211.968252726,211.96842602,0.0200059582203,0.0150022798568,0.0149993813768,0.0150030828253,211.968497933,211.969275901,177.624962799,0.0150102010754,0.0208920411924,100.359020213,92.2075138603,83.3428457036
2011-09-07 05:00:00,110.38579922,92.205559183,0.0200028074815,215.037409483,0.0199945201877,1.48961541163e-05,0.0185169202218,0.0149998731501,0.0200166247935,211.96821156,92.2062261939,211.967366734,85.4738212519,226.163572839,183.714872466,0.0186250151425,211.968244136,211.968403878,0.0245166009585,0.0150034711105,0.0150001068333,0.0150028465359,211.968497599,211.969267684,177.624962706,0.0150707499758,0.0208728621645,43.6570915762,92.2062567324,83.3425011925
2011-09-07 06:00:00,110.385762305,0.0150684416593,0.0200091441869,0.012372715293,0.0199840618579,1.49732118682e-05,0.0150246369029,0.0149998971585,0.020002271805,171.694263922,69.1534268936,211.967364874,85.4738188226,98.3833662381,183.714849671,0.0150927044933,0.0167803482245,0.0101216957621,0.0200174183176,0.0150042544373,0.0150025420945,0.0150035095075,211.968488672,211.968438997,177.624962356,0.0151036405112,0.0152630890367,43.6569727314,92.2060151956,0.0211238286062
2011-09-07 07:00:00,82.7894197434,0.015005847406,0.0200035714055,0.0121450707623,0.0185225078623,1.49062162967e-05,0.0150047991095,0.0149998941344,0.0199984733455,171.694254109,69.1533693087,211.967348477,85.473817679,98.3831147741,148.809047067,0.0150871164679,0.0167544905574,0.0100891273512,0.0200011138684,0.0150089911442,0.0150024041608,0.0150034238518,92.206307583,171.695068624,177.624956505,0.014989468017,0.0152147132785,43.6539319411,92.2056314469,0.020004648689
2011-09-07 08:00:00,82.7893582364,0.0150019745678,0.0200019847939,0.0117691107792,0.0150053190759,1.4897731742e-05,0.0150051876484,0.014999865134,0.0199956492514,171.694245297,69.1528769717,92.2059442392,85.4738175904,98.3830506625,148.809037128,0.0150854077618,0.0167222212504,0.010024583883,0.0199999919635,0.0150137234943,0.0150023047276,0.0150030912173,92.206305466,171.695040934,133.218673465,0.0149597009231,0.0150904323916,0.015061287174,0.015122673848,0.0199295868504
2011-09-07 09:00:00,82.7892685069,0.0150005362745,0.0200021290008,0.010027680089,0.0150031760689,1.48772786996e-05,0.0150108185886,0.0149998443889,0.0199952941334,158.976160105,0.0199998279653,92.2059232548,85.4738155955,0.0100590274932,148.809028574,0.0150838533559,0.0100087182381,0.010006135582,0.0199996476031,0.0150178347272,0.0150024290438,0.0150029704829,0.0149978895969,171.694640481,133.218671355,0.0149278188644,0.0111601158278,0.0150046361249,0.0150207553634,0.0192546172025
2011-09-07 10:00:00,0.0149991088446,0.0150000256573,0.0200014561021,0.0100162082524,0.0150016889179,1.48439807608e-05,0.0150256601205,0.0149998322206,0.0199936669515,0.0102115550984,0.0199942960315,92.2059052059,64.1054217949,0.0100241338862,79.9159973809,0.015036464103,0.0100058682754,0.0100047709959,0.0199991930494,0.0150212220364,0.0150025951261,0.0150027734911,0.0100018496103,0.0101091725205,133.21866109,0.0149352843031,0.0102568916706,0.0149947859482,0.0150107593264,0.0191852329391
2011-09-07 11:00:00,82.7892803728,0.0149997423671,0.0200000298667,0.0100187139959,0.0150012849834,1.47405671981e-05,0.0150649104437,0.014999821362,0.0199964746601,158.975439796,0.0199963841401,0.0100147546106,64.105195647,0.0100342276448,79.9161608255,0.0150106981638,0.010008116999,0.0100052347889,0.0199993874377,0.0150369873982,0.0150030022056,0.0150027722602,0.0100017263206,0.0100774048985,0.0100065357963,0.0149794064434,0.0138530336835,0.0149966791858,0.0150282237899,0.0199623136714
2011-09-07 12:00:00,82.7893668856,0.0149999614274,0.0200007677053,0.0100833504098,0.0150010180398,1.46742911555e-05,0.0187981882483,0.014999820882,0.0199989792069,171.6942452,0.0200021789457,0.0100067692391,0.010621943022,98.3800299955,148.809018982,0.0150501082044,0.0153888837116,0.0100102135837,0.0199995164851,0.0150275955174,0.0150040831255,0.0150025179462,0.0100049289437,158.977268972,0.0100020011805,0.014999614725,0.0150004759794,0.0150058338378,0.0151574168944,0.0200185172864
2011-09-07 13:00:00,82.7893806503,0.0150001863704,0.0199962805471,0.0121243707108,0.0150008334041,1.46959164576e-05,0.0152378794026,0.0149997855494,0.0199990176895,171.694255089,69.1533607226,0.0100099407309,64.1053889771,98.3830955287,148.809034583,0.0150810198182,0.0167519272103,0.0100822642442,0.0199994091375,0.0150419473818,0.0150036070012,0.0150022014305,92.2062813087,171.695030063,0.0100110540469,0.0149971950926,0.0152121339014,0.0160682692786,92.2059936599,0.0214624910906
2011-09-07 14:00:00,82.7894147152,0.0150021830391,0.02000018905,0.0121743306705,0.0150009638184,1.47153166674e-05,0.0152906245173,0.0149998090103,0.0200033783087,171.69426652,69.1533871069,92.2055483697,64.1054559331,98.3831205899,148.809039919,0.0150846098614,0.0167608131113,0.0101007970445,0.0200002540153,0.0150525560298,0.0150053639102,0.0150021579179,92.2063061546,171.695073943,133.218663779,0.0150168389303,0.0152331820323,43.6569937334,92.2065119449,83.3424866441
2011-09-07 15:00:00,82.789573739,0.0150058265915,0.0200028680163,0.0136897073695,0.0150040806735,1.46782001755e-05,0.0199018215163,0.0149998573824,0.0200272532711,211.968267503,92.2061817489,92.2059200177,85.4737776468,98.3835090611,183.714842,0.0150931187957,211.966603339,211.967996033,0.0200048653781,0.0150656866595,0.0150082077962,0.0150028397595,92.2063111526,211.967541962,133.218671469,0.0153249765813,211.968042866,43.6570302818,211.964871153,83.3427513414
2011-09-07 16:00:00,110.385790499,0.0150060248371,0.0200103161601,93.5431045637,0.0199887119823,1.46275042351e-05,0.0199111722533,0.014999928253,81.0564746715,211.968290811,92.2062715235,92.2059303473,85.4738147815,226.164217601,183.714861074,92.2062503718,211.968526467,211.968370537,92.2063090863,0.0150766004871,0.0150100120151,0.0150044455091,211.968519458,211.969832846,133.218674362,0.0186446082277,211.968505362,43.6570406288,211.965932857,83.3428152978
2011-09-07 17:00:00,110.385810059,0.015004395035,0.0246625087486,93.5431498883,74.6871337093,1.46412384496e-05,0.0199121649168,0.0149999952423,81.056482728,211.968294397,92.2062824225,211.96726548,85.4738203519,226.164245386,183.714863274,92.2062586948,211.968534246,211.968378038,92.2063173659,0.0150806507545,0.0150074395564,0.0150181434201,211.96852127,211.969871079,177.624959762,0.0150516438111,211.968522605,43.6570919845,211.966249399,83.3428496282
2011-09-07 18:00:00,110.385815211,0.0150041491793,0.0246748752088,93.5431595503,74.6871351136,1.47756871988e-05,0.0199079237829,0.0150000640608,81.0564843283,211.968296119,92.2062857051,211.967381135,85.473821103,226.164251243,183.714863558,92.2062604496,211.968536319,211.968380109,92.206317797,0.0150761969024,0.0150047120785,0.0150459636725,211.968521565,211.969879283,177.62496226,0.0150292494576,211.968527564,43.6572080945,211.967926445,83.3428495514
2011-09-07 19:00:00,110.38581131,0.0150061739145,0.0246670533876,93.5431610603,74.6871353799,1.4700902933e-05,0.0198361523567,0.0150000044422,81.0564842876,211.968296523,92.2062843058,211.96738549,85.473820971,226.164252336,183.714863305,92.20626061,211.968536633,211.968380437,92.2063161504,0.0151041473939,0.0150057279543,30.6608917659,211.968521595,211.969880155,177.624962541,0.0152022551218,211.968528811,53.8955356442,211.966571762,83.3428267752
2011-09-07 20:00:00,110.385809526,0.0150112180684,0.0201446551764,93.5431594799,74.6871359599,1.44689144242e-05,0.0161375502995,0.0149999450791,81.0564839287,211.96829653,92.2062836876,211.967386388,85.4738205229,226.164252398,183.714862954,92.206260812,211.968536595,211.968380081,92.206313998,0.0151299346684,0.0150054353716,30.6609046924,211.968521562,211.969879494,177.624962594,0.0150200633855,211.968528981,53.8939278169,211.966002909,83.3427880267
2011-09-07 21:00:00,110.385805258,0.0150144522626,0.0200147516631,93.5431573509,74.6871357406,1.41101921656e-05,0.0161370928472,0.0149999251064,81.0564831709,211.968296057,92.206282702,211.967386588,85.4738195643,226.164250393,183.714862615,92.2062609602,211.968536692,211.968379428,92.2062591129,0.0150996727655,0.0150056516695,30.6609026161,211.968521519,211.969878668,177.624962603,0.0150121575105,211.968528663,43.657139601,171.693374106,83.3427318059
2011-09-07 22:00:00,110.385803458,0.0150200098443,0.020004869559,93.5431540218,74.6871351296,1.38541081612e-05,0.016138095718,0.0149998932154,81.0564818048,211.968295145,92.2062805603,211.967386319,85.4738199299,226.164247586,183.714862171,92.2062610042,211.968536233,211.968378392,74.6871178457,0.0150869991124,0.0150064885476,30.6609048708,211.968521457,211.969876785,177.624962574,0.0150134268263,211.968528001,43.657081005,171.692602932,83.3426692394
2011-09-07 23:00:00,110.385801541,0.0150297406023,0.0200021160201,93.5431520508,74.687135005,1.3735014669e-05,0.0161421143183,0.014999887586,81.0564806415,211.96829418,92.2062794948,211.96738608,85.4738196947,226.164246646,183.714862065,92.2062604889,211.968535948,211.968377185,74.6871158706,0.0150835057025,0.0150132239894,30.6609068914,211.96852139,211.969876061,177.624962546,0.0150222589075,211.968526968,43.6570673986,171.692777463,83.3426424231
2011-09-08 00:00:00,110.385803455,0.0152841115781,0.0200027985367,93.5431496228,74.6871350333,1.36853152475e-05,0.0161520905962,0.0149998826666,81.0564811087,211.968293463,92.2062769716,211.96738575,85.4738192881,226.164244438,183.714860237,92.2062604653,211.968535036,211.968376018,74.6871169393,0.0150865077894,0.0150084279597,30.660910083,211.968521289,211.969874477,177.624962527,0.0150181123002,211.968526912,53.8993433246,171.692879969,83.342738096
2011-09-08 01:00:00,110.385801565,92.2061500432,0.0200020242016,93.5431468544,74.6871349602,1.37056584414e-05,0.0161528931881,0.0149998901286,81.0564819215,211.968292503,92.2062753691,211.967385524,85.473819119,226.164243307,183.714859886,92.2062597111,211.968535384,211.968375253,74.6871165955,0.0150969867937,0.0150577149456,30.6609139941,211.968521205,211.969875003,177.624962505,0.0150099440777,211.968526407,43.6646647104,171.692996001,83.3427489895
2011-09-08 02:00:00,110.385802974,92.2063004122,0.0200025138132,93.5431433035,74.6871350183,1.37168834524e-05,0.016160782323,0.0149999130912,81.0564821827,211.96829133,92.2062739062,211.967385269,85.4738185997,226.164242115,183.714859679,92.206260035,211.968535488,211.968374141,74.6871174356,0.0151075946183,22.7120364544,30.6609169405,211.968521123,211.96987489,177.624962494,0.0150135994377,211.968527371,53.9001713034,211.962913246,83.3427708036
2011-09-08 03:00:00,110.385810831,92.20630703,0.0200033172366,93.5431389882,74.6871354452,1.38280429185e-05,0.0162647293908,0.01499999447,81.056481697,211.968289555,92.2062728654,211.967384855,85.4738191313,226.164239848,183.714859305,92.2062597151,211.968536051,211.968373008,74.6871259759,0.0151092900453,52.2115157535,30.6609197521,211.968521069,211.969876459,177.624962536,0.0150157756966,211.968529,53.900607168,211.965972625,83.3428248285
2011-09-08 04:00:00,110.385825294,92.2063089567,0.020008495533,93.5431313839,74.68713654,1.42096397333e-05,0.0199866196981,0.0150001031588,81.0564814516,211.968285856,92.2062686714,211.967384416,85.4738207458,226.164238138,183.714858133,92.2062586167,211.968536642,211.968371532,92.2063150382,0.0151096291492,52.2115513267,30.660928572,211.968521009,211.969881657,177.62496256,0.0150298519447,211.968531305,53.9011078338,211.966234909,83.3428644377
2011-09-08 05:00:00,110.385827515,92.2063085583,0.0200352691993,93.543093942,74.6871367789,1.4674424527e-05,0.0200001288956,0.0150003393559,81.056477129,211.967592776,92.2062054555,211.967383709,85.4738219223,226.164226455,183.714845362,74.6871050686,211.968531854,211.968359434,92.2063171042,0.0151353275596,52.211558504,30.6609495129,211.968520661,211.969879754,177.624962447,0.0150285213574,211.968526383,100.358841067,211.966042766,83.3428200797
2011-09-08 06:00:00,110.385807226,92.2063123183,92.2062526442,70.1566255747,74.6871353601,1.47781642856e-05,0.0199969635113,0.015000830697,81.0543471217,171.694209564,0.0200770905756,211.96738218,85.473819929,211.968686116,148.809030255,74.6870725305,211.968452559,171.694346202,92.2063176331,0.015161175571,52.2115595326,70.4842589792,211.968507821,211.968583713,177.624962091,0.015006984125,211.968250212,53.9006760774,171.693044329,83.3405632262
2011-09-08 07:00:00,110.385787183,92.2063082488,92.2062490622,70.1561585037,74.6871334777,1.4666031812e-05,0.0199831983508,0.0150004129198,65.6557475069,171.694200789,0.0200456335113,211.967371402,85.4738146633,183.192729013,148.809020027,74.6870700361,211.96836136,171.694320366,92.2063111579,0.0346129229632,52.2115596309,30.6609602271,0.0155907854096,171.695610411,177.624956313,0.0150014638139,171.694527591,53.897035167,171.692381893,62.5071059474
2011-09-08 08:00:00,110.385788643,92.2063063214,92.2062213887,70.1559438956,60.4965853624,1.46217574102e-05,0.0162377115639,0.0150003859876,65.6557457546,171.694134988,0.0200007282081,158.975580812,85.4738076347,169.624465683,148.809015799,74.6870709571,171.694543652,171.69430869,74.6871260238,0.0346585872218,52.2115592304,30.6609216023,0.0155889784271,171.695599936,133.21874045,0.0149979140406,171.694518816,43.6591459792,92.2067258331,62.5067449566
2011-09-08 09:00:00,110.385792155,92.2063059236,92.2062400122,0.0100442856597,60.4965795559,1.45623705226e-05,0.0162378151965,0.0150004882007,65.6557453908,158.97651618,0.0199884597173,158.975559619,85.473797353,169.622963116,148.809008581,74.6870704556,171.694517684,0.0100260710381,74.6871197467,0.0346704001435,52.211558247,30.6609127279,0.0150144860756,171.695589839,133.218738357,0.0150124336192,171.69452489,43.6571015426,92.2060608946,0.0200248098379
2011-09-08 10:00:00,110.385751653,92.2063062195,92.2062220065,0.0100244903548,56.0153887258,1.45077892343e-05,0.0162380301631,0.0150005722832,65.6557459741,158.976223953,0.019974611732,158.975536602,64.1054154291,0.014938375455,79.9163433232,74.6870705626,171.694513812,0.0100067642209,74.6871176733,0.0346789209147,52.2115564813,30.6609074076,0.0100046363016,171.695578373,133.218731253,0.0150245098393,171.694524182,43.6571023647,92.2059725469,0.0199974521012
2011-09-08 11:00:00,110.385750543,92.2063071031,74.6873898966,0.0100271699911,0.0200017368941,1.45073806061e-05,0.0163039122766,0.0150006833166,65.6557478228,171.694190497,0.0199826724842,0.0100355224698,64.1054297908,0.0109388388619,148.808982291,74.6870712147,171.694511901,0.0100079875387,74.6871171096,0.0347053843865,52.2115549587,30.6608946041,0.0100043130196,171.695572234,0.0100067268541,0.0150438847059,171.694521014,43.6572840009,92.2060889286,0.0199922770463
2011-09-08 12:00:00,110.385702236,92.2063095021,92.2062284647,0.0100823099146,0.0200024549256,1.44605059591e-05,0.0164772269537,0.0150011065805,65.6557522059,171.694198647,0.0200002430697,0.0100110038264,64.1054192066,169.622698235,148.809009675,74.6870719864,171.694512649,0.010016554136,74.6871169995,0.0347131778298,52.2115541924,0.015022619208,0.0149922399462,171.695585768,0.010001748296,0.0150315350594,171.694519822,43.6598656043,171.692444518,62.5070267891
2011-09-08 13:00:00,89.4125219064,92.2063113156,92.2062459807,70.1561221972,60.4965772849,1.44391659131e-05,0.0199920964709,0.0150009191757,65.6557505756,171.694206491,0.0200531088146,0.0100228646879,64.1053887043,183.192694817,148.809014582,74.6870718112,171.694515934,171.694299008,69.1622981776,0.0400609055483,52.2115542227,0.0150098165553,0.0155813679826,171.695598855,0.0100076110606,0.0150095671446,171.694592541,100.359762742,211.964246368,83.3427861735
2011-09-08 14:00:00,110.381108913,211.968462283,92.2062592038,70.1561722085,60.4965868869,1.4370337249e-05,92.2054481627,0.0150017343045,65.6557592676,171.694219769,0.0201307206598,158.975391542,64.1056036832,183.192731586,148.809021295,74.6870747171,171.69455559,171.694321172,74.6871215822,211.968374639,52.2115545078,0.0150178786656,0.0155895797667,171.695620292,133.218729874,0.0151108342899,171.694551222,100.360822513,211.967858232,191.592390757
2011-09-08 15:00:00,110.385788764,211.968517711,92.2062617772,70.1570167473,74.6871342162,1.42923508488e-05,92.206313883,0.015161483717,81.0564694882,211.968281223,211.968445675,158.97555691,85.4738095951,226.163959118,183.714821848,74.6870823299,211.968519196,211.968342389,92.2063189095,211.968503134,52.2115580715,24.8365284813,0.0155947801761,211.969713993,133.218738447,0.0154452630489,211.968511358,100.360932307,211.9681396,191.592715462
2011-09-08 16:00:00,110.385811344,211.968520195,92.2062713666,93.5424706517,74.6871379946,1.42762796565e-05,92.2064438283,0.0344843548164,81.0564742514,211.968302827,211.968885917,158.975567133,85.4738182389,226.164241297,183.714833857,92.2062598772,211.968533419,211.968428951,211.968502827,211.968527577,52.2115649262,30.6609091414,211.968530193,211.969875242,133.218741233,211.968126078,211.968528484,100.360971365,211.968401383,191.59282273
2011-09-08 17:00:00,110.385832223,211.968518556,211.968385539,93.5425106748,171.694541072,1.43168727212e-05,211.968431418,0.0344868860835,81.0564760951,211.968306158,211.968908008,211.96736032,85.4738213432,226.164256994,183.71483533,92.2062718357,211.96853521,211.968435221,211.968550869,211.968539032,52.2115606017,30.6609142037,211.968532188,211.969886382,177.624959053,211.968408595,211.968531694,100.360999753,211.968478116,191.592901959
2011-09-08 18:00:00,110.385829653,211.96851813,211.968412066,93.5425194821,171.694547318,1.44610907556e-05,211.968427331,0.0345494748544,81.0564767845,211.96830778,211.968910635,211.967400559,85.4738218761,226.1642612,183.714835833,92.2062727244,211.968535561,211.968436944,211.968551501,211.968521047,52.2115618368,30.6609102155,211.968532509,211.969887228,177.624961352,211.968261543,211.96853254,100.361076898,211.968612691,191.59293546
2011-09-08 19:00:00,110.385817787,211.968510475,211.96841185,93.5425209003,171.694548829,1.44606144935e-05,211.968424758,211.968509154,81.056471745,211.968307972,211.968910458,211.967404173,85.4738215046,226.164261319,183.714836006,92.206231517,211.968534701,211.968437392,211.968551431,211.968515308,52.2115619366,30.6609147291,211.968532549,211.969885966,177.624961629,211.968327839,211.968531328,100.360998161,211.968525689,191.592900213
2011-09-08 20:00:00,110.385811343,211.968510266,211.968410285,93.5425192754,171.694552628,1.42240566601e-05,211.968225485,0.0345239552501,81.0564574306,211.968308116,211.968910934,211.967404944,85.4738210431,226.164260966,183.714836047,74.6870953653,211.968534002,211.968436869,211.968551369,211.968205938,52.2115539199,30.6609146653,211.96853252,211.969883339,177.62496169,211.96822869,211.968529857,100.360951139,211.968426511,191.592825989
2011-09-08 21:00:00,110.385803719,211.968507488,211.96840981,93.5425171994,171.694553345,1.39761438731e-05,211.968459224,0.034487362984,81.0563878591,211.968307502,211.968910535,211.967405115,85.4738201674,226.164258778,183.714835197,74.6870951208,211.968533132,211.968436289,211.968551251,0.0347147442277,52.2115476811,30.6609132951,211.968532475,211.969880708,177.624961716,211.968241972,211.96852763,100.360928029,211.96817765,191.592775898
2011-09-08 22:00:00,110.385797772,211.968503259,211.968409194,93.5425143348,171.694552232,1.37010532867e-05,211.968490222,0.0344852343789,0.0203233102554,211.968306848,211.968908696,211.96740472,85.4738198997,226.16425577,183.714832372,74.6870974716,211.968531395,211.968435316,211.968551405,0.0346606647037,52.2115426784,30.6609142798,211.968532407,211.969876867,177.624961697,211.968218429,211.96852507,100.360915132,211.96807066,191.59274617
2011-09-08 23:00:00,110.385791518,211.968502025,211.968409177,93.5425117353,171.69455302,1.35990270107e-05,211.968515307,0.0344844296446,0.0201435029494,211.968306042,211.968906675,211.96740435,85.4738199406,226.164253197,183.714831059,74.6871035934,211.968529539,211.968434083,211.968551735,0.0173926312541,52.2115387407,30.6609166117,211.968532328,211.969874142,177.624961672,211.968418771,211.96852191,100.360903695,211.968103905,191.592738723
2011-09-09 00:00:00,110.385794192,211.968511221,211.968407037,93.5425089284,171.694547403,1.35202059846e-05,211.968473364,0.0344838210356,0.02012768008,211.968305059,211.968899504,211.967403891,85.4738200764,226.164251274,183.714834321,74.6871944295,211.96852696,211.968432866,211.968552502,0.0151064791082,52.2115368666,30.6609167187,211.96853229,211.9698714,177.624961662,211.968513875,211.968522655,100.360906541,211.968054365,191.592719407
2011-09-09 01:00:00,110.385794682,211.968510659,211.968408782,93.542505919,171.69454921,1.35432030088e-05,211.968523264,0.0344831625444,0.0201230479964,211.968303661,211.968899762,211.967403578,85.473819637,226.164249697,183.714833757,92.2062708406,211.96852605,211.968431916,211.968552769,0.0150879605377,52.2115312564,30.6609209651,211.968532205,211.969869947,177.62496164,211.968541121,211.968520324,100.360901361,211.968045748,191.592705481
2011-09-09 02:00:00,110.385800718,211.968514528,211.96841097,93.5425023835,171.694551839,1.35482682369e-05,211.968533894,0.0344811403887,0.0201240285864,211.968302455,211.968902045,211.967403129,85.4738190111,226.164248055,183.714832484,92.206301229,211.96852447,211.968430847,211.968553479,0.0150821824996,52.2115238467,30.6609279102,211.968532147,211.969866377,177.624961619,211.968561006,211.968517149,100.360903153,211.967990379,191.592696604
2011-09-09 03:00:00,110.385810597,211.96851945,211.968412482,93.542497732,171.694554934,1.37349919178e-05,211.96853741,0.0344782850247,0.0201355798515,211.968300722,211.968903595,211.967402493,85.4738190437,226.164246327,183.714831283,92.2063063167,211.968523061,211.968429509,211.968556568,0.0150826591218,52.2115257895,30.66125545,211.968532123,211.969864949,177.62496162,211.968552232,211.968515785,100.360918379,211.968135625,191.592702344
2011-09-09 04:00:00,110.38582443,211.968521524,211.968414882,93.5424887969,171.694556948,1.4058979573e-05,211.968541683,0.0344732448063,0.0248093318484,211.968296245,211.968903183,211.967401964,85.4738208206,226.164243674,183.714830094,92.2063085234,211.968520067,211.968427558,211.968566341,0.0150813923652,52.2115281999,70.484839875,211.968532087,211.969864995,177.624961604,211.968625659,211.968513141,100.360946635,211.96819864,191.592683612
2011-09-09 05:00:00,110.385826387,211.968521237,211.968423741,93.5424419617,171.694557819,1.45244909748e-05,211.968543962,0.034479511579,0.0248082918712,211.968185245,211.968863409,211.967401103,85.4738217803,226.164227656,183.714802705,92.2063086676,211.968488165,211.968413919,211.968571389,0.0150848552087,52.2115308359,70.4848541302,211.968531825,211.969852156,177.624961444,211.968632504,211.968489119,100.360886641,211.968029583,191.592545563
2011-09-09 06:00:00,110.385811845,211.968514837,211.968440507,0.0113309767578,171.694557691,1.46258144396e-05,211.968546308,0.0344836178812,0.0201363672572,0.0108718752509,211.968390641,211.967399154,85.4738176744,211.967840415,148.809015099,92.206307343,171.694476646,171.694157088,211.968571038,0.0150786240728,52.2115374528,70.4848567161,211.968523544,211.96847762,177.624961003,211.968704719,171.694368899,100.360647522,211.967481028,83.3445999252
2011-09-09 07:00:00,110.385785525,211.968511356,211.968417882,0.011088702438,171.694556542,1.45204311857e-05,211.968540865,0.0344831777902,0.0201123352528,0.0108577760966,171.694778865,211.967382994,85.4737868832,169.622622271,148.809009528,74.6871981416,171.694466375,171.694112078,211.968560413,0.0151082605284,52.2115327758,70.484850013,92.2063907715,171.694547917,177.62495236,211.968633577,171.69431363,43.6593195236,92.2064140806,83.3427455359
2011-09-09 08:00:00,89.4125329971,211.968500072,211.96841224,0.0108261504564,171.69455377,1.4457140147e-05,211.968535569,0.0344805814573,0.0201082910785,0.0101595384728,171.694761497,92.2060782464,64.1053961376,169.622590116,148.809005766,74.687115941,92.2060274624,158.976524755,211.968554589,0.0151042085014,52.2115269031,70.4848483107,92.2063886604,171.694508762,0.0150033981695,211.968601944,171.694298734,43.6570482739,92.2060136335,62.5071224089
2011-09-09 09:00:00,89.4125238169,211.968264251,211.968413264,0.0100271852173,171.694535342,1.43712399567e-05,211.968536085,0.0258616306446,0.0200785241869,0.0100065022436,158.976669194,92.2060499219,64.1053502999,169.618324414,148.808982733,74.6871140567,0.0102262376194,0.0100079395641,211.96855276,0.0150842325841,52.2115197507,70.484848715,0.0155071255936,171.69437577,0.0150009779956,211.968687799,158.976487327,43.656982696,0.0165837405218,0.0200202910229
2011-09-09 10:00:00,89.412513149,92.2063233087,211.968411335,0.0100145816345,139.072591984,1.43094307475e-05,211.968532946,0.0150058888006,0.0200016325279,0.0100043538672,92.2062939476,92.2060338501,0.0101304945884,0.0100256946111,148.808983916,74.6871139432,0.0149782589,0.010005209223,211.968551564,0.0150663102358,52.2115054233,70.4848471386,0.010001764866,158.978261163,0.0149943886922,211.968625348,158.976274134,43.6569637912,0.0150712397928,0.019926523917
2011-09-09 11:00:00,89.4125142276,92.2063190888,211.968413442,0.0100169250746,139.072589722,1.42680869002e-05,211.968531076,0.015003201018,0.0200016049264,0.0100056723762,92.2062745304,0.010027678146,0.010031254283,0.0100268103288,148.809004719,74.6871158863,171.694444652,0.0100062347963,211.968550817,0.0150594649738,52.2114034944,70.4848460486,0.0100013557838,171.694488951,0.0100026513687,211.968538969,2.63142367107,43.656959002,0.0151962405922,0.0199361262686
2011-09-09 12:00:00,89.4125179341,211.968348177,211.968421812,0.0100402802976,128.770949411,1.42860540498e-05,211.968533446,0.0258924753966,0.0200029774783,0.0100214200545,158.976597755,0.0100093194962,0.0100529605614,98.5010384784,148.809008312,74.6871229988,171.694465723,0.010097334938,211.968551228,0.0151017473663,52.2114831098,70.4848370425,0.0100027148584,171.694506177,0.0100014558952,211.968527832,158.976421491,43.6570705116,0.0157482543036,0.0200081692728
2011-09-09 13:00:00,89.4125210483,211.968516915,211.968428815,0.0110652665248,128.770941544,1.41547663314e-05,211.968527512,0.0150301473355,0.0201052886557,0.0108559767641,171.694767383,0.010015018121,64.1053337676,169.622541405,148.809013796,74.6871343528,171.694470513,171.694107721,211.968551912,0.0150917613137,22.7121438353,70.4848435241,92.2063434066,171.694513408,0.0100018073385,211.968469004,171.694306577,43.6571303465,92.2057562566,0.020313630378
2011-09-09 14:00:00,89.4125223176,211.968524985,211.968431705,0.0111053891566,139.072589639,1.40430197054e-05,211.968521721,0.0343983368928,0.0201184802159,0.0108737139643,171.694907468,92.2051602848,64.1053750349,169.622607832,183.714605878,92.2063246302,171.694479995,171.694115203,211.968554119,0.0150746630518,52.2114822658,70.4848539427,92.2063889949,171.694530924,0.0149965501371,211.96846213,171.694333945,43.6596321244,92.2061151753,62.5070454548
2011-09-09 15:00:00,110.385740373,211.968530136,211.968420842,0.0119035417073,139.072595588,1.39829077425e-05,211.968535975,0.0344805369671,81.0564985264,0.855986742414,211.9688706,92.2060447524,85.473725223,169.622783203,183.714826282,211.968486958,211.968462185,211.967456371,211.968560114,0.0150500601738,52.2115208626,70.4848616741,92.206394103,171.694778977,0.0150007243106,211.968604016,211.968288397,100.360692392,211.957716451,83.342621325
2011-09-09 16:00:00,110.38581082,211.968535779,211.968417621,93.5416368385,171.694556251,1.40158223943e-05,211.968544329,0.0344829884981,186.336759918,0.856033825764,211.968899791,92.2060555035,85.473811244,226.163069346,183.714830311,211.968505475,211.968485078,211.968269858,211.968568451,0.0150208859352,52.2115242124,70.4848691788,211.968537293,211.968557448,0.0150032701874,211.968808178,211.968307847,100.360786716,211.96360143,83.3428347093
2011-09-09 17:00:00,110.385824676,211.968540201,211.968419539,93.5416788659,171.694560632,1.41207191106e-05,211.968550656,0.0344842554299,186.336772254,0.856037956668,211.968920892,211.96734616,85.4738198724,226.163089192,183.714830128,211.968508826,211.96848818,211.968276485,211.968571611,0.0150130129159,52.2115215084,70.4848691202,211.968539343,211.968574821,77.2669037382,211.968883607,211.968313123,100.360797747,211.967457611,83.3428890904
2011-09-09 18:00:00,110.38582194,211.968539128,211.968417667,93.5416881654,171.694562411,1.42222172542e-05,211.968550461,0.0344855680373,186.336774415,0.85603966087,211.968904639,211.967450374,85.4738210713,226.163094293,183.714828293,211.968509587,211.968489128,211.968278146,211.968570153,0.0150652090248,52.211520854,70.4848674934,211.968539713,211.968577765,77.2669058837,211.968895394,211.968314504,100.360783663,211.967743043,83.3428943022
2011-09-09 19:00:00,110.38581743,211.968536864,211.968412783,93.5416892648,171.694560405,1.41386508276e-05,211.968551499,0.0344847586753,186.33677484,0.856039980311,211.968899826,211.967455046,85.4738210201,226.163094674,183.714828773,211.968509751,211.968489315,211.968278442,211.968564717,0.0150250849673,52.2115200909,70.484865547,211.968539771,211.968577129,77.2669061571,211.968883871,211.968314546,100.360739822,211.965938184,83.3428754083
2011-09-09 20:00:00,110.385816177,211.968536037,211.968408935,93.541688008,171.694559825,1.39178463422e-05,211.968551544,0.0344833616225,186.336775474,0.856040167468,211.968897401,211.967456185,85.4738208807,226.163094547,183.71482897,211.968509885,211.968489215,211.968278163,211.968559438,0.0150074004907,52.2115164501,70.4848625363,211.968539752,211.968576081,77.2669062356,211.968869829,211.968314383,100.360685894,211.957975268,83.3428810518
2011-09-09 21:00:00,110.385811409,211.968532183,211.968410693,93.5416864547,171.694558545,1.36996979883e-05,211.968551488,0.0344200207001,186.336776006,0.856039884038,211.968893823,211.967456461,85.4738198742,226.163092662,183.71482941,211.968509843,211.968488955,211.968277465,211.968553689,0.0150037589291,52.2115127437,70.4848608097,211.968539708,211.968573881,77.2669062719,211.968843566,211.968314033,100.360650457,211.957644208,83.3428499139
2011-09-09 22:00:00,110.385808668,211.96852921,211.96841128,93.5416839193,171.694556292,1.35128546107e-05,211.96854946,0.015004170236,186.336775882,0.856039014562,211.96888757,211.967456196,85.4738197109,226.163090177,183.714829562,211.96850993,211.968488322,211.968276542,211.968552055,0.0150021389157,52.2115081651,70.4848583684,211.968539627,211.968571251,77.2669062425,211.968826654,211.968313151,100.360609284,92.2065835138,83.342831158
2011-09-09 23:00:00,110.385805636,211.968527655,211.968411677,93.5416809571,171.694553737,1.33290365089e-05,211.968545842,0.0150017483041,186.336775474,0.856038481586,211.968874421,211.967455824,85.4738195051,226.163088436,183.714829489,211.968510054,211.96848762,211.968275364,211.968551992,0.0150009882822,52.211504022,70.4848553547,211.968539549,211.968569444,77.2669062013,211.968816565,211.968312173,100.360534358,92.2066105854,83.3428203439
2011-09-10 00:00:00,110.385804743,211.968527683,211.968411,93.5416786652,171.694549456,1.32569105493e-05,211.968541527,0.0150012717359,186.336777036,0.856037966204,211.968859269,211.967455492,85.4738190488,226.163087381,183.7148298,211.968509941,211.968486741,211.968274247,211.968552129,0.0150004262357,52.2115057627,70.4848502035,211.968539473,211.968566663,77.2669062148,211.968762343,211.968311029,100.360636648,92.2063532588,83.3427543998
2011-09-10 01:00:00,110.385802736,211.96852776,211.968410859,93.541675755,171.694536445,1.31909092167e-05,211.968537889,0.0150006667171,186.336777288,0.856037056086,211.968812904,211.967455107,85.4738185701,226.163085224,183.714829054,211.968509862,211.968486012,211.968273103,211.968552887,0.0149999575948,52.2115044371,70.4848474116,211.968539376,211.968564335,77.266906148,211.968719752,211.968309929,100.360556711,92.2061229542,83.3427788654
2011-09-10 02:00:00,110.385801744,211.968528693,211.968410751,93.541671712,171.694483501,1.31992005293e-05,211.968534392,0.0150002774952,186.33677743,0.856035668038,211.968758301,211.967454791,85.4738172681,226.163082228,183.714828364,211.968509668,211.968485182,211.968271648,211.968553827,0.0149996174775,52.2115049059,70.4848474408,211.968539261,211.96856129,77.2669060581,211.968677437,211.968308439,100.360498164,92.2060626324,83.3428185113
2011-09-10 03:00:00,110.385803007,211.968529993,211.968409086,93.5416665869,171.69448888,1.32351477794e-05,211.968529784,0.0150001778894,186.336777202,0.856034001931,211.968729432,211.967454559,85.4738167618,226.163078737,183.714827283,211.968509578,211.968483959,211.968269835,211.968553308,0.0149994292689,52.2115049833,70.4848475436,211.968539121,211.968557341,77.2669059724,211.968650957,211.968305692,100.36040915,92.2061478474,83.3428338349
2011-09-10 04:00:00,110.385802973,211.968530845,211.968404656,93.5416557399,171.69445806,1.32762337425e-05,211.968523232,0.015000117921,186.336777149,0.85602921283,211.968658672,211.967454193,85.4738169701,226.163070032,183.714824836,211.968509475,211.968481711,211.968266261,211.968552636,0.0149994551926,52.211504269,70.4848499358,211.968538908,211.968551192,77.2669058656,211.968606114,211.968300765,100.360195207,92.2060315425,83.3428421026
2011-09-10 05:00:00,110.385799805,211.96852904,211.968384279,93.5416052399,171.694097249,1.33636544508e-05,211.968503776,0.0150000985083,186.336775902,0.855184257248,211.968429675,211.967453701,85.473815749,226.16303979,183.714772093,211.968508775,211.968470271,211.96823398,211.968551872,0.0149997199659,52.2115022572,70.4848524248,211.968538334,211.968533583,77.2669056198,211.968580924,211.968275927,0.0165016796407,92.2050965519,83.3428056163
2011-09-10 06:00:00,110.38568004,211.968525421,211.968377725,0.0107140765293,74.6871377595,1.36115457689e-05,92.2063304727,0.0149999723941,186.336768521,0.0100395641539,92.2062367886,211.967452916,85.4737992073,0.0106113456175,0.0101783482539,211.968502875,0.0102238731668,0.0100706156646,211.96854815,0.015000551795,52.2114983997,70.4848570197,211.968504372,158.976322674,77.266905125,211.968425232,99.5825882764,0.0155885396645,0.0154353031988,83.3420876837
2011-09-10 07:00:00,0.0170010571656,211.968522472,92.2062619169,0.0104610261556,0.0199965435775,1.37912471608e-05,0.0205595419968,0.0149999643137,150.932789652,0.0100247194595,92.2061604813,211.967428937,85.4717267768,0.0103834365725,0.0101665235132,211.968001826,0.0101843955506,0.0100468639636,92.2063251529,0.0150002691698,52.2114999888,70.484854791,0.0100361615801,158.973454219,77.2668651405,158.97599294,99.5824956269,0.015066415143,0.0150166867185,62.5070435465
2011-09-10 08:00:00,0.016955155944,211.96851857,92.2062441733,0.0103312651786,0.0150035624799,1.38459895848e-05,0.0205202057758,0.0149999335801,139.752722794,0.0100047714974,0.0200757380305,171.693650172,64.1053111296,0.0103269729188,0.0100268418322,171.694494354,0.0101610720504,0.0100152776365,92.206318957,0.0150011637638,52.2115015622,70.4848519937,0.0100339597648,158.973415016,0.0149805059673,158.975615954,99.5824832772,0.01499063871,0.0149778573346,0.0199976507232
2011-09-10 09:00:00,0.0100118571132,211.968510727,74.6868916675,0.0100277396345,0.0150001756039,1.37902035974e-05,0.0196646304431,0.0149998789439,81.056496536,0.0100025958918,0.0199890525387,171.69363968,64.1047571255,0.0100284560604,0.0100041114921,171.694490719,0.0100078944885,0.0100052088896,74.687124284,0.0150010760954,52.2115014997,70.4848525815,0.0100030658981,0.0106139359386,0.0149784955724,158.975468385,99.5824653013,0.0149724177486,0.0149548429804,0.0150420201609
2011-09-10 10:00:00,0.0100040242066,211.968501432,0.0199998185636,0.0100162172613,0.0149997015505,1.37043632537e-05,0.0150037496322,0.0149998217493,81.0563412345,0.0100023488329,0.0199740579289,171.693636594,0.0100136189908,0.0100147922902,0.010003898989,171.694489327,0.0100052105207,0.0100043025034,0.0221286372776,0.0150005487662,52.2115010611,70.4848507002,0.0100009485935,0.010046322366,0.0149641084798,158.975201906,92.2066930273,0.0149673629127,0.0149451313026,0.0149860364228
2011-09-10 11:00:00,0.0100037354241,211.968465642,0.0199981049713,0.0100176982041,0.0149994136964,1.36315975296e-05,0.0150014254986,0.0149997856795,81.05649722,0.0100030059154,0.0199833662935,171.693635074,0.0100101576336,0.0100154744763,0.0100047926249,171.694488367,0.0100058561743,0.0100048683592,0.0200023113847,0.0150003669762,52.2115005346,70.4848511623,0.0100011010389,0.0100407983622,0.0100026728423,92.2067872389,92.2065891391,0.0149942736236,0.0149550754897,0.0149995720115
2011-09-10 12:00:00,0.0100061565634,211.968499063,0.0200006744109,0.0100368439083,0.0149994145627,1.35902298487e-05,0.0150039024301,0.0149997587182,150.93277417,0.0100070066704,0.0200164029116,171.693633483,0.0100121775019,0.0100340642994,0.0101273573974,171.694485755,0.0100201360441,0.010008558436,0.0200011005447,0.0150001299226,52.2115039817,70.4848605398,0.0100011840954,0.010124952845,0.0100014616682,158.971146285,92.2066917769,0.0149993652384,0.0149708630954,0.0199291962083
2011-09-10 13:00:00,0.0166084872578,211.968510009,0.0200368908769,0.0104030829803,0.0149995390247,1.35610122729e-05,0.019725942111,0.0149997372982,186.336699565,0.0100281760677,92.2061530557,171.693631776,0.0100478381337,0.0103502883034,0.0101674309287,171.69448499,0.0101784956847,0.0100410840525,0.0200346931279,0.0149998253427,52.211502402,70.4848586738,0.010015145617,158.973401411,0.0100056745532,158.974995778,99.5824407168,0.0149977135131,0.014989058792,62.5070964836
2011-09-10 14:00:00,0.0169755665598,211.968519103,92.2061943874,0.010470218163,0.0149998164704,1.36007488864e-05,0.0205402269148,0.0149997375588,186.336774898,0.0100454007865,92.2062016022,171.693634699,64.105301399,0.0103874769913,0.0101797059391,171.694488471,0.0101884499929,0.0100560283275,74.6871227727,0.0150002852395,52.2115017687,70.4848546719,0.0100347828298,158.973445593,0.0149764408821,158.975545403,99.5824889054,0.0150614442258,0.0150545729881,83.3427854569
2011-09-10 15:00:00,0.0170804284594,211.968523463,92.2062567273,0.0112528173655,0.015000759702,1.36416533298e-05,0.0210848709557,0.014999768281,186.336779907,0.0146625219474,211.96743056,171.693637682,64.1054417049,0.0109161334575,0.0199934018084,171.694495072,92.2059915256,92.2059432431,92.2063190767,0.0150005654432,52.2115029174,70.4848505338,0.0100416695436,158.973588111,0.0149788366705,158.975703795,99.5825459643,0.0154866318683,92.2059945709,83.3430385805
2011-09-10 16:00:00,110.385677332,211.968527032,92.2062604634,93.5414379365,0.0150069578324,1.37103825462e-05,92.2063063594,0.0149998156945,186.336785137,0.0147042259224,211.967617625,171.693647032,85.4737949862,183.975715817,0.0200088149965,211.968499294,92.2061786324,92.2068597451,92.2063224284,0.0150009968924,52.2115033411,70.4848244742,211.968527834,211.964902026,0.0149815511264,211.967353908,122.941401702,0.0179986054814,92.2164966234,191.592472985
2011-09-10 17:00:00,110.385707014,211.968529067,92.20626229,93.541475644,0.0200147113784,1.37390858019e-05,92.2063171667,0.0149998912675,186.33678787,0.0147082346145,211.967627147,211.967421401,85.4738161748,183.975739323,0.0200116632867,211.968503143,92.2061834417,92.2068667834,92.2063267799,0.0150017011451,52.2115003767,30.6800341115,211.968530248,211.964932875,0.0185068955648,211.967521728,122.941409441,0.0187152925267,92.2168641347,191.59264005
2011-09-10 18:00:00,110.385709706,211.968529612,92.2062600211,93.5414844524,0.0200238742047,1.37569130885e-05,92.2063201844,0.0149999884522,186.336789047,0.0147097504466,211.96763583,211.967450717,85.4738188583,183.975745126,0.0200124114918,211.968502921,92.2061845476,92.2068689851,92.2063257482,0.0150016468719,52.2114999519,70.4847865933,211.968530615,211.964940402,0.0185095837289,211.967536297,122.94141149,0.0186080827549,92.2213762759,191.592683961
2011-09-10 19:00:00,110.385709329,211.968527334,92.2062575748,93.5414852738,0.0200257152013,1.36293057914e-05,92.206322763,0.0149999517111,186.336787763,0.0147100800494,211.967631011,211.967452326,85.4738194182,183.975745745,0.0200128056473,211.968502656,92.2061849132,92.2068694029,92.2063228203,0.0150024981624,52.2114998868,30.6609211758,211.968530689,211.964941416,0.018509904297,211.967532902,122.94141194,0.0183290322523,92.2170518378,191.592689404
2011-09-10 20:00:00,110.385709183,211.96852681,92.2062582411,93.541484404,0.0200253193442,1.34569699328e-05,92.2063224827,0.0149999229378,186.336786772,0.014710027006,211.967628509,211.967452288,85.4738196728,183.975745821,0.0200129984445,211.968502438,92.2061849875,92.2068690707,92.2063203808,0.0150021321127,52.2114948794,30.6609114371,211.968530705,211.964941557,0.0185100453636,211.967488188,122.941411994,0.0163245969039,92.2168760056,191.59268728
2011-09-10 21:00:00,110.385707419,211.968524247,92.2062599749,93.5414824729,0.020021176906,1.32793285934e-05,92.2063248504,0.0149998951947,186.336785571,0.0147097134026,211.967625197,211.967452044,85.4738192798,183.975744354,0.0200129407736,211.968502071,92.2061849452,92.206868569,92.2063200757,0.0150010930673,52.2114910161,30.6608854623,211.968530684,211.964940432,0.0185101095233,211.967562178,122.941411801,0.0161159318239,92.2063629573,191.59268707
2011-09-10 22:00:00,110.385705156,211.968522325,92.2062591725,93.5414797798,0.0200192748457,1.30974741761e-05,92.206324747,0.0149998597957,186.336783749,0.0147087677302,211.967621593,211.967451554,85.4738196745,183.975742132,0.0200129831541,211.968501776,92.2061847022,92.2068679788,92.2063198239,0.015000632882,52.2114873365,0.0151180702619,211.968530606,211.964938948,0.0185101132729,211.967585945,122.94141144,0.0159503250112,92.2066041152,191.59268715
2011-09-10 23:00:00,110.385702413,211.968521113,92.2062575696,93.5414766887,0.0200180361742,1.29221659298e-05,92.2063234138,0.0149998194314,186.336781425,0.0147081925542,211.967616932,211.967450738,85.4738191338,183.975739958,0.0200128463774,211.968501511,92.2061843551,92.2068670815,92.206319939,0.0150001546939,52.2114835001,0.0150391162861,211.968530532,211.964938183,0.0185100804359,211.967591162,122.941410704,0.0160192435422,92.2062712267,191.592686819
2011-09-11 00:00:00,110.385700512,211.968521654,92.2062515415,93.54147404,0.0200153914844,1.28291948182e-05,92.2063187812,0.0149998108794,186.336780137,0.0147073401616,211.967613381,211.967449844,85.4738184776,183.975739562,0.0200122358539,211.968501064,92.2061837764,92.206865872,92.2063193869,0.0149998817799,52.211479891,30.6609031247,211.968530446,211.96493669,0.0185100310642,211.967575141,122.941409773,0.0158794203649,92.2069734374,191.592688891
2011-09-11 01:00:00,110.385697578,211.968520745,92.2062456653,93.5414705614,0.0200019372653,1.27583025424e-05,92.2063159694,0.0149997901894,186.336777469,0.0147062365619,211.967604485,211.967448719,85.473817934,183.97573747,0.0200122292114,211.968500413,92.2061833073,92.2068642807,92.2063193798,0.0149993613974,52.2114705288,30.6609008563,211.968530348,211.964934629,0.0185099384699,211.96758094,122.941408858,0.0159716511146,92.2160132825,191.592685696
2011-09-11 02:00:00,110.385695293,211.968520864,92.2062367815,93.5414659089,0.0200002619396,1.26767207148e-05,92.206311588,0.0149997807157,186.336774501,0.0147048021503,211.967587462,211.967447597,85.4738171799,183.975734567,0.0200119325304,211.96849955,92.2061826677,92.2068627912,92.2063187453,0.014999063114,52.2114503555,30.6609077649,211.968530233,211.964931363,0.0185098645706,211.967570597,122.941407532,0.0179826869134,92.2167403974,191.592682391
2011-09-11 03:00:00,110.385693158,211.968520892,92.2062240791,93.5414593628,0.0200053603165,1.26498855307e-05,92.2063102113,0.0149997429362,186.336771921,0.0147024461625,211.967550814,211.967446621,85.4738170782,183.975730284,0.0200109593759,211.96849838,92.2061816306,92.2068607155,92.2063189075,0.0149989495018,52.2113953127,30.6609018392,211.968530073,211.964927255,0.0185097610637,211.967561712,122.941405121,0.0185234955028,92.2167991887,191.592672662
2011-09-11 04:00:00,110.385688918,211.968520438,92.2062005642,93.5414455567,0.0200139463021,1.26075606935e-05,92.2063078489,0.014999729522,186.336766049,0.0146968118262,211.967438727,211.96744522,85.4738170326,183.975720836,0.0200085970252,211.968496999,92.2061795245,92.2068564038,92.2063187882,0.0149989289979,22.7120525279,30.6608932492,211.968529734,211.964921102,0.0185096137463,211.967548036,122.941400381,0.0185075944311,92.2150813188,191.592658861
2011-09-11 05:00:00,110.385677994,211.968518305,92.2060767758,93.5413799328,0.0200130568402,1.2685366907e-05,92.2062990857,0.0149997331084,186.336710443,0.0105775401507,92.2058960574,211.967442931,85.4738161326,183.975689008,0.0199633036658,211.96849226,92.2061684034,92.2068136312,92.2063175946,0.0149990413755,22.7103612856,30.6608920361,211.968528821,211.964905233,0.0185093879945,211.967531946,122.941373122,0.0157233694484,92.206284891,191.592521875
2011-09-11 06:00:00,0.0102180192863,211.968514599,0.0200641286254,0.0104285305258,0.0200094466222,1.28851524219e-05,0.0218253242248,0.0149997302603,81.0565002912,0.0100314879714,0.0200166209393,211.96743737,85.4738000204,0.0103162724571,0.0100417343856,0.0154913864874,0.0100787930731,0.0100587751143,0.0200566728746,0.0149993681269,0.0150143188364,30.6608458672,0.0101352316116,0.0110865393652,0.0185089710949,211.967133292,0.010217621988,0.0154555284491,92.2059620702,83.3443205183
2011-09-11 07:00:00,0.0100503192669,211.968509216,0.0200057984596,0.0102289751526,0.0199965242161,1.31137324573e-05,0.0218149571811,0.0149997104093,81.0564888127,0.0100172784471,0.0199966608506,211.967390185,85.471106296,0.0101763563705,0.0100316783513,0.015175850409,0.0100596723366,0.0100393505678,0.0200026773307,0.0149995441243,0.0150053380036,30.6608808925,0.0100155057621,0.0106494983999,0.0150034946255,211.964649887,0.0101582017825,0.0153080160631,74.6958655378,83.3435908852
2011-09-11 08:00:00,0.0100102249645,211.96849688,0.0200010025315,0.0101135036631,0.0150284860176,1.32748388355e-05,0.0218127808819,0.0149997061338,0.0200424839972,0.0100038516855,0.0199758615381,0.015060021361,64.105352581,0.0101299813726,0.0100068427109,0.0151683353421,0.0100388624926,0.0100146492172,0.0199999377136,0.014999937948,0.0150026680423,30.6604822952,0.0100131121661,0.0106106994869,0.0149901841921,158.975596342,0.0101019686288,0.0150623042164,74.6949013368,83.3427991814
2011-09-11 09:00:00,0.010003102412,211.968405736,0.0199986714586,0.0100210647627,0.0150232567816,1.33428302597e-05,0.0217956042532,0.0149997026591,0.0150755406529,0.0100022275415,0.0196737143153,0.0150347682966,64.1052962881,0.0100215283793,0.0100031698967,0.0100843057495,0.010006190434,0.0100053467609,0.0199991683559,0.0150004375867,0.0150049527567,0.0157151145336,0.0100014823689,0.0100713111015,0.014989003405,158.975626354,0.0100109985845,0.0150137444716,0.0154776826321,83.3425870598
2011-09-11 10:00:00,0.0100021572517,92.2063487345,0.0199939453205,0.0100127630728,0.015001343896,1.3328273552e-05,0.0199862387106,0.0149996974886,0.0149946708937,0.0100020362203,0.0100347351849,0.014820573569,0.0100333284903,0.0100111212671,0.0100031613259,0.0100084295918,0.0100044779373,0.0100042369383,0.0199980553099,0.0150008081958,0.0150092540287,0.0150390043221,0.0100010510525,0.0100282842006,0.0149839875239,158.975733584,0.0100075657803,0.0150147819379,0.0153374548438,83.3390537323
2011-09-11 11:00:00,0.0100021845449,92.2063279034,0.0199954939874,0.01001307746,0.0150004439984,1.32515625201e-05,0.0202064589494,0.0149997067769,0.0149978148458,0.0100025491948,0.0103690620643,0.0100099561036,0.0100127858294,0.0100107079032,0.0100035279163,0.0100081578301,0.0100049969677,0.0100045817968,0.0199981108657,0.0150010691032,22.7116192645,0.0150192188313,0.01000084102,0.0100218631214,0.010012469264,158.976017331,0.0100083219084,0.0151007494919,0.0489520737833,83.3426567548
2011-09-11 12:00:00,0.0100025443072,92.2063216365,0.0199990830729,0.0100234546359,0.0150011378116,1.32576790843e-05,0.0199999903977,0.0149997035682,81.0562997455,0.0100054098899,0.0199699516935,0.0100098816997,0.0100127921568,0.0100199651696,0.0100119471595,0.0100559008987,0.0100121506439,0.0100082469996,0.0199988958421,0.0150012165573,52.2113869955,30.6607696554,0.010001257334,0.010042817227,0.0100057336972,158.975549209,0.0100207245827,0.0152963475031,74.6957136849,83.3428093422
2011-09-11 13:00:00,0.0100050114743,92.2063761218,0.0200351287993,0.0101613030262,0.0150130732268,1.32551203965e-05,0.0218218459595,0.0149996916842,81.0564896925,0.0100213044089,0.0199952308638,0.0100233732126,64.1050042005,0.0101383909586,0.0100341481498,0.0151651822488,0.0100552893657,0.010033671188,0.02000370849,0.0150011349982,52.2114025145,30.6608759023,0.0100105998936,0.0105889628483,0.0149764495113,158.975556113,0.0101470545637,0.015458433914,92.2058946613,83.3436086499
2011-09-11 14:00:00,0.0100382323809,211.968496363,0.0247415796989,0.010238136731,0.0150041192556,1.32561465907e-05,0.0269254231315,0.0149997210226,81.0565013999,0.0100364411776,0.0200099669324,0.0149825005634,64.1053739658,0.0101797778859,0.0100474419745,0.0151739414649,0.0100655071119,0.0100485631163,0.0200428536735,0.0150010049387,52.211439137,30.6609157384,0.0100149104686,0.0106413470146,0.0149885685355,158.975580182,0.0101671192162,0.0344833075112,211.966144209,83.3442089877
2011-09-11 15:00:00,0.0101089757091,211.968508413,0.0247629300599,0.0107602673625,0.0150247437089,1.33878816679e-05,0.0269114183822,0.014999756722,186.336758662,0.0132995727848,92.2056476588,0.0150323479234,85.4737945714,0.010481535029,183.712749173,0.0152070471997,92.2059123185,92.2060608051,92.206317542,0.0150012076418,52.2114585901,70.484485282,0.0100239373513,0.0108043625406,0.0149899172533,158.975602548,0.0109142862855,0.0354464489586,211.967743329,191.592333711
2011-09-11 16:00:00,110.385754631,211.968510072,0.0247739844851,215.036239662,0.0199850731931,1.33631394428e-05,0.0269271073797,0.0149998075912,186.336777374,0.0133335334597,92.2062821312,0.0150433754823,85.4738169207,211.970210627,183.712899181,0.0201762519989,92.206301306,211.964066154,92.2063205908,0.015002900565,52.2114642276,70.4848251048,211.968532895,223.743544447,0.0149943040751,211.964663856,92.2059939752,0.0355029360942,211.967856186,191.592550754
2011-09-11 17:00:00,110.385798142,211.968508445,0.0249494044557,215.036284,0.0200278932445,1.34291098247e-05,0.0269347207394,0.0149999341226,186.336780662,0.0133372749165,92.2062949995,211.967012538,85.4738200881,211.970240682,183.712904345,0.0201809285933,92.2063063748,211.964074015,92.206322782,0.0150092452257,52.2114664643,70.4848410285,211.96853601,223.743729599,177.62492294,211.967333376,92.2060068264,0.0355309054712,211.967914993,191.592584629
2011-09-11 18:00:00,110.385801133,211.968504584,92.2062491513,215.036293973,74.6871317815,1.35913283563e-05,0.0269391495898,0.0150000182558,186.336782146,0.0133388673652,92.2063007217,211.967180814,85.4738207514,211.970247683,183.712906088,0.0201817418704,92.2063077812,211.964076151,92.2063241897,0.0150261550938,52.2114689093,70.4848473871,211.968536471,223.743749714,177.624926466,211.967363519,92.206010279,0.0355130533177,211.968275226,191.592603581
2011-09-11 19:00:00,110.385801694,211.968498194,0.0247608926692,215.036295965,0.0200154511385,1.35023911291e-05,0.0269333805157,0.0149999676198,186.336781414,0.0133390650552,92.206301362,211.967185079,85.4738210413,211.970248828,183.712906631,0.0201821089971,92.2063079559,211.964076727,92.2063231846,0.0150152636414,52.211469343,70.4848376043,211.968536596,223.74375519,177.624926913,211.967360646,92.2060112557,0.0354794407831,211.967893928,191.592545716
2011-09-11 20:00:00,110.385802744,211.96848562,0.0247428307533,215.036294668,0.0200018007615,1.33087167452e-05,0.0269318380731,0.0149999233717,186.336779174,0.0133391725912,92.2062998294,211.967186262,85.4738209349,211.97024882,183.712906894,0.0201816060536,92.2063078891,211.964076535,92.2063208928,0.0150061242261,52.2114661173,70.4848408825,211.968536626,223.743757282,177.624927054,211.967294274,92.2060116105,0.0354486698851,211.967812682,191.592453464
2011-09-11 21:00:00,110.385802634,211.968408823,0.024689581874,215.036292468,0.0199977050541,1.30635749204e-05,0.0269322707467,0.0149998473658,186.336779609,0.0133388615074,92.2062973478,211.967186771,85.4738207033,211.970247485,183.712907194,0.0201824127607,92.206307663,211.964075976,92.2063196993,0.0150040582498,52.2114633638,70.4848281092,211.968536605,223.743755252,177.624927095,211.967289295,92.2060116658,0.0354149328233,211.967736027,191.592279693
2011-09-11 22:00:00,110.385801394,92.2011477825,0.0200281174659,215.036289238,0.0199947877928,1.27819851054e-05,0.0269303199063,0.0149997745489,186.336778314,0.0133383060724,92.2062946569,211.967186767,85.4738208369,211.970245882,183.712907172,0.020182732804,92.2063073072,211.964075149,92.2063187972,0.0150018258368,52.2114597782,70.4844543608,211.968536559,223.74375367,177.6249271,211.96729138,92.206011677,0.0353711664465,211.9675138,191.591826308
2011-09-11 23:00:00,110.385798588,36.7880003054,0.0200114500572,215.036287268,0.0199899258713,1.27004360173e-05,0.0269244328192,0.0149997395367,186.336776709,0.0133374715606,92.2062913811,211.967186612,85.4738204421,211.970245457,183.712907206,0.0201826848495,92.2063069731,211.964074055,92.2063167139,0.0150001201261,52.2114579014,30.6609318629,211.968536505,223.743755015,177.6249271,211.967290772,92.2060112225,0.0353280556016,211.967499297,143.704836041
2011-09-12 00:00:00,110.385788239,36.7879693558,0.0200091616425,215.036285002,0.0150214139122,1.26260576087e-05,0.0268879709492,0.0149997337132,186.336779053,0.0133365741606,92.2062857287,211.967186304,85.4738202061,211.970243895,183.712906973,0.0201815341055,92.2063063772,211.964072849,92.2063151469,0.0149991464408,52.2114539774,30.6609558403,211.968536468,223.743755562,177.624927148,211.967276972,92.2060106638,0.0353066476641,211.967486753,191.592444919
2011-09-12 01:00:00,110.385775823,36.7879565753,0.0200068184518,215.036282854,0.015006506858,1.25714924543e-05,0.0259775160808,0.0149997238518,186.336779011,0.0133355877669,92.2062837544,211.967186151,85.4738200034,211.970242687,183.712906962,0.020179446104,92.206306104,211.96407189,92.2063132475,0.0149989544357,52.2114499429,30.6609311942,211.968536419,223.743753189,177.624927135,211.967180414,92.2060102136,0.035216544141,211.96638611,191.592406172
2011-09-12 02:00:00,110.385786858,36.7879491497,0.0200040268448,215.036281044,0.0150037770132,1.26459961878e-05,0.0199989077455,0.0149996954101,186.336778071,0.0133342081291,92.2062803918,211.967185774,85.4738195845,211.970241783,183.712906869,0.0201788395071,92.206305819,211.964070855,92.2063181271,0.0149987560442,52.2114479927,30.6609239492,211.968536383,223.743755718,177.624927157,211.966883406,92.2060092805,0.0351869333172,211.967402384,191.592439832
2011-09-12 03:00:00,110.385803539,36.7879379213,0.020002857615,215.03627819,0.0150028038047,1.28347786555e-05,0.0151068159355,0.0149996934933,186.336776191,0.0133322999304,92.2062790325,211.967185302,85.4738209242,211.970240535,183.712906536,0.0201805022534,92.2063054268,211.964069643,92.2063178627,0.0149986939081,52.2114496317,30.6609270979,211.968536388,223.743764804,177.624927269,92.2068895709,92.2060078202,0.035218417651,211.96750358,191.592561141
2011-09-12 04:00:00,110.385809594,0.0150492271965,0.0200041157432,215.036274126,0.0150030664722,1.32391295784e-05,0.0150354216586,0.0149997054503,186.336772146,0.0133274123355,92.2062748522,211.967184867,85.4738229295,211.970239862,183.712905395,0.0201802594471,92.2063042108,211.96406726,92.2063190246,0.0149989830765,52.2114511622,30.6609301545,211.968536428,223.743776012,177.624927359,0.0156048630449,92.2060047935,0.0352457678854,211.967632338,191.592574571
2011-09-12 05:00:00,110.385810834,0.0150068851491,0.020005033955,215.036249986,0.0150028009808,1.37003004627e-05,0.0150241820509,0.0149997576841,186.336687913,0.0101918575633,92.2061678771,211.967184204,85.4738235511,211.970232199,183.712888671,0.0201766228831,92.2062933605,211.96404613,92.2063187831,0.0149994486072,52.2114558975,30.6609188075,211.9685363,223.743779584,177.624927336,0.0151824552732,92.2059844445,0.0348212829862,211.967448014,191.592363622
2011-09-12 06:00:00,110.385794544,0.0150020594688,0.0200060099239,174.179244007,0.0150018648106,1.38014675274e-05,0.0150169709016,0.0149998225688,0.0200410855115,0.0100264984911,0.0200870261263,211.967182612,85.473821864,171.695903291,0.020036137823,0.0150754902503,0.0155931904424,0.0101272026644,92.2063050139,0.0150010194948,52.2114564121,30.6609091329,211.968533567,223.743287999,177.624927074,0.0150471760223,0.0162442661249,0.0153882921867,92.2721006821,83.3427045352
2011-09-12 07:00:00,110.385148612,0.0150010242331,0.0200048650201,174.179183865,0.0150006076689,1.37702466316e-05,0.0150115714485,0.0149998483687,0.0199921115449,0.0100133620524,0.0200546684136,211.967168311,85.4738147038,171.695856477,0.0200243934111,0.0150447722393,0.0155694951965,0.010100865564,0.0200008073795,0.0150026664387,52.2114505484,30.6608984901,171.694511442,211.968666081,177.624922434,0.0150241955939,0.0161729280613,0.0153252691552,92.2061107013,62.507097826
2011-09-12 08:00:00,89.4125039409,0.0150010488753,0.0200030607765,161.277170872,0.0150001784096,1.37529055733e-05,0.015007367359,0.0149998607478,0.0199817687795,0.0100033015113,0.0200006192452,92.2060620034,85.4737994081,171.695841563,0.019636852152,0.0150400764151,0.0155558292204,0.0100366094013,0.0199988281706,0.0150033056113,52.2114421883,0.0151270756391,171.694509866,223.743761802,133.218918525,0.0149960960687,0.0157050739465,0.0151768233499,92.2055073532,0.0200488288918
2011-09-12 09:00:00,89.4124932421,0.01500127632,0.0200036365603,0.0100420014744,0.0150000077546,1.37198554414e-05,0.0150056868305,0.0149998524498,0.0185037201426,0.0100020447247,0.0199872050155,92.2060437088,85.4737084016,171.69575502,0.0100072976283,0.0150046393119,0.0149061712632,0.0100069193313,0.0199954226776,0.0150029659889,52.2114024611,0.0150107573027,158.97641286,223.743713257,133.218916843,0.0149644861438,0.010028126145,0.0150133477748,0.0168053387877,0.0200739539833
2011-09-12 10:00:00,89.4124350041,0.0150013537187,0.0200029942455,0.0100236766023,0.0149999275626,1.37120935894e-05,0.01500504089,0.0149998342385,0.0150004879094,0.0100019035755,0.0199773364607,92.2060216592,64.1054001384,158.978007198,0.0100049338956,0.014988736419,0.0100176808689,0.0100055414772,0.0199806996549,0.0150026558169,22.7119351974,0.0150050256715,0.0100044864696,181.23257561,133.218883614,0.0149352450675,0.0100152205517,0.0150041575397,92.2043956085,0.020120721889
2011-09-12 11:00:00,82.7894050568,0.0150019495308,0.0200037209266,0.0101125602849,0.0149999162015,1.36817407084e-05,0.0150080304997,0.0149998016559,0.0150014885274,0.0100023839567,0.0199916337061,0.0100155027047,64.1053605428,0.015025428322,0.0100104125801,0.0149857109037,0.0100255870754,0.0100064725418,0.0199801593579,0.0150021828063,0.0150165116549,0.015003084821,0.0100026097739,181.232464261,0.0100069090888,0.014931209389,0.0100215854502,0.0150520386981,92.2059573112,62.5069636635
2011-09-12 12:00:00,82.7894238671,0.0150031150719,0.0200032465819,174.179124129,0.0149999122542,1.36941495363e-05,0.0150102244512,0.0149997777072,0.0150033078428,0.0100046639659,0.0199998552062,0.0100072433173,64.1053423921,158.9641225,0.0199980848402,0.0149970955818,0.0150148515942,0.0100156026296,0.0199929877249,0.0150013381424,0.0150088123426,0.0150029117993,0.0150030723515,181.232451882,0.0100031730281,0.0149622618738,0.0149517292875,0.0153099359396,92.270991237,62.5070017865
2011-09-12 13:00:00,82.7894146628,0.0150060769929,0.0200042689629,174.179203427,0.0150001162029,1.36810858282e-05,0.0150114303641,0.0149997769342,0.0199863589249,0.0100174289127,0.0200598582772,0.0100132810016,64.1053713124,171.695825567,0.0200258738919,0.0150306701374,0.0155650113571,0.0100964552054,0.0199967363537,0.0150009145065,0.0150164458119,0.0150028957517,171.694505488,181.232451535,0.0100101437934,0.0149893672629,0.0161662063828,0.0153436501324,92.2719378526,62.5072199066
2011-09-12 14:00:00,89.4124933111,0.015008923687,0.0200065758759,174.179285294,0.0150008814071,1.36330299271e-05,0.0150145534631,0.0149997821658,0.0199994366826,0.01003261079,0.020135833661,92.2059414975,64.1054082474,171.695870393,0.0200403680735,0.0150438004317,0.0155736877891,0.0101126907228,0.0199991338167,0.0150011961347,0.0210585076818,0.0150027268221,171.694510473,181.232475424,133.218914103,0.0149979316552,0.0161873080178,0.015351926144,211.964322662,83.3427822017
2011-09-12 15:00:00,110.385734989,0.0150071200899,0.020005733502,215.036900996,0.0150054332806,1.35927413939e-05,0.0150173036063,0.0149998175338,0.0246812267794,0.013478011211,211.968080888,92.2060410715,85.4737683332,211.968498472,183.714774255,0.0150934348565,211.967400491,211.968121931,0.020000207384,0.0150017138706,0.0201186354189,0.0150026808889,171.694516915,211.968199545,133.218917418,0.0150126316552,211.96025716,0.0153900223083,211.966002014,83.3429195622
2011-09-12 16:00:00,110.385812943,0.0150063802606,0.0200039690411,215.037039175,0.0200018642784,1.35768689268e-05,0.0150202163413,0.0149998430591,0.0248292291168,0.0135145046783,211.968350749,92.2060513495,85.473817225,226.163782787,183.71479277,92.206251042,211.968222445,211.968420275,0.0200060030814,0.0150022038924,0.0150096825318,0.0150024276736,211.968547747,223.74376918,133.21892148,0.0150229804152,211.967207349,0.0154851682253,211.96724474,83.3430209022
2011-09-12 17:00:00,110.38582331,0.0150065048913,0.0200033136102,215.037060349,74.6871359127,1.36255715752e-05,0.0150233019141,0.0149998591166,81.0564645,0.0135182679465,211.968361443,211.967314596,85.4738228637,226.16380369,183.714795903,92.2062553172,211.96822743,211.968426474,0.0246838628587,0.0150023209431,0.0150022384289,0.0150021540691,211.968549447,223.743783363,177.62495884,0.0150318691642,211.967218555,0.0159092684627,211.967585331,83.3431222988
2011-09-12 18:00:00,110.385822693,0.0150061428052,0.0200047037306,215.037066622,74.6871391744,1.36418779672e-05,0.0150293307725,0.0149998900568,0.0247755139826,0.0135200401165,211.968363819,211.967395293,85.4738235897,226.16380952,183.714796514,92.2062558109,211.968228602,211.968428078,0.024685690003,0.015002074505,0.01500088732,0.0150023815973,211.968549769,223.743785027,177.624960805,0.0150289699626,211.967221598,0.0154753605711,211.967583676,83.3431443742
2011-09-12 19:00:00,110.385820218,0.0150077406763,0.0200035813472,215.037066824,92.206173437,1.35057591685e-05,0.0150415278135,0.0149999050268,0.0246841287096,0.0135202797112,211.968363463,211.967398938,85.4738235061,226.163810025,183.714796277,92.2062558328,211.968229059,211.968428465,0.0200504352779,0.0150033425767,0.0150002944237,0.015002134459,211.968549807,223.743781937,177.624961012,0.0150293357949,211.967222279,0.0154894218134,211.966945807,83.3430505547
2011-09-12 20:00:00,110.385818304,0.0150097503758,0.0200019989532,215.037064626,92.2063314307,1.32538068923e-05,0.0184942866043,0.0149998798528,0.0246788636972,0.0135202062562,211.968362709,211.967399735,85.4738232243,226.163810037,183.714795872,92.2062556729,211.968229354,211.968428096,0.0200033844439,0.0150030761979,0.0149998083595,0.0150013368793,211.968549757,223.74377839,177.624961041,0.0150472077917,211.967222327,0.0156342303598,211.965958377,83.3429051006
2011-09-12 21:00:00,110.385815906,0.0150107430748,0.0200012759801,215.037061686,92.2063342405,1.2924017328e-05,0.0185751855989,0.0149998371093,0.0246698467268,0.0135194101387,211.968360198,211.967399994,85.4738223885,226.163808197,183.71479553,92.2062557242,211.968229454,211.968427419,0.0200012471824,0.0150028633071,0.0149994527896,0.0150010064414,211.968549684,223.743773922,177.624961039,0.0150791894971,211.967222327,0.0154648398278,211.964947426,83.3427901979
2011-09-12 22:00:00,110.385814326,0.0150094269578,0.0200008222864,215.037058427,92.2063333057,1.27415729905e-05,0.0185836260172,0.0149997930228,0.0246042386171,0.0135189534802,211.968356397,211.967399821,85.4738227833,226.163805449,183.714795471,92.2062558008,211.968229158,211.968426699,0.0200007350908,0.0150022999173,0.0149991501863,0.0150007513495,211.968549596,223.743768592,177.624961,0.0151552520698,211.967222023,0.0153578881152,92.206179487,83.3426912792
2011-09-12 23:00:00,110.385812234,0.015010033305,0.0200005211197,215.037055821,92.2063354219,1.25373471723e-05,0.0185881337832,0.0149997663299,0.020019212202,0.0135179494547,211.968352393,211.967399495,85.4738225891,226.163803004,183.714795489,92.2062558065,211.968228781,211.968425683,0.0200006228604,0.015001757482,0.0149989601998,0.0150005871854,211.968549515,223.743764626,177.624960972,0.0152304991217,211.967221395,0.01531781457,92.206055881,83.3424276365
2011-09-13 00:00:00,110.385809771,0.0150074415735,0.0199998376005,215.037052534,92.2063358777,1.24551884535e-05,0.0150641346948,0.014999767419,0.0200289281521,0.013517236606,211.968352797,211.967399409,85.4738223786,226.163801824,183.714794733,92.2062548268,211.968227989,211.968424349,0.0200007012767,0.0150011257038,0.0149990542299,0.0150006498806,211.968549419,223.74376092,177.624960936,0.0153361902017,211.967220623,0.0152997667272,92.205730525,83.3409580472
2011-09-13 01:00:00,110.385809719,0.015010912007,0.0200001222922,215.037048936,92.2063370342,1.24252228422e-05,0.0185828778223,0.0149997584747,0.0200217159692,0.0135165699494,211.96835122,211.967399155,85.473822164,226.163800466,183.714794855,92.2062549827,211.968227754,211.968423221,0.0200007093615,0.0150021111594,0.0149988903583,0.0150007027243,211.968549378,223.743756491,177.624960923,92.2068740102,211.96721995,0.0152606001467,0.0160624994398,0.02336739061
2011-09-13 02:00:00,110.385811107,0.0150191624652,0.0200007984764,215.03704499,92.2063377366,1.24359175962e-05,0.0185968180403,0.0149997502527,0.0200284729335,0.0135154076349,211.968349031,211.967398843,85.4738212861,226.163798172,183.714794657,92.2062550578,211.968227414,211.968421713,0.020000964093,0.0150011213793,0.014998805963,0.0150007317568,211.968549327,223.743754363,177.624960911,211.967341219,211.967219,0.0151678101882,0.0153782496638,0.0222632481848
2011-09-13 03:00:00,110.385815374,0.015034192536,0.0200018450945,215.037039831,92.2063384343,1.25817361751e-05,0.0186002549065,0.0149997604697,0.0200689270029,0.0135134166722,211.968346348,211.96739848,85.4738223457,226.163794726,183.714793927,92.206255049,211.968226963,211.968420293,0.0200021525732,0.015001235955,0.0149987304113,0.0150008336712,211.968549314,223.743753719,177.624960968,211.967631157,211.967217458,0.0150789648244,0.0152010635059,0.0222394122227
2011-09-13 04:00:00,110.385818549,0.0150327308669,0.0200061880591,215.037031403,92.2063396205,1.29526664387e-05,0.018603537468,0.0149998004707,0.0241883378157,0.0135095519005,211.968339502,211.967398062,85.4738233013,226.163791403,183.714792125,92.2062541474,211.968225919,211.968417502,0.0246840302575,0.0150015649959,0.0149988840345,0.0150015479755,211.968549359,223.743754961,177.624961019,211.967763049,211.967214697,0.015029770167,0.0150696435423,0.0222762618112
2011-09-13 05:00:00,110.385816739,0.0150186317316,0.0200255299881,215.036985114,92.2063402994,1.34225692137e-05,0.0186051894881,0.0149998884277,0.0200019005916,0.0111572729274,211.967866929,211.967397344,85.473824159,226.163774931,183.714764397,92.2062500195,211.96821714,211.968390502,0.0246879004647,0.0150030550045,0.0149992262362,0.0150024723061,211.968549244,223.743740508,177.624960921,211.967813432,211.967193947,0.0150106944801,0.0150459741821,0.0220749780795
2011-09-13 06:00:00,110.385760636,0.0150222222755,0.0201045934288,0.0111819335397,92.2063494659,1.34944922159e-05,0.0186141571891,0.0149999278078,0.0199665491268,0.0100364599733,92.2055313015,211.967395893,85.4738199322,169.622436352,0.0199997054848,0.0150375722023,0.0149321625574,0.0101018009176,0.0200831300622,0.0150046105046,0.014999618394,0.0150027389339,211.968544972,211.968486943,177.624960542,211.967850117,0.0109060979322,0.0150030569176,0.0150212559519,0.0218229570643
2011-09-13 07:00:00,82.7893305671,0.0150054392683,0.0200200952245,0.0109281696105,92.2063372495,1.34505075226e-05,0.0185935486384,0.0149998285449,0.015844878169,0.0100220167561,92.2054846472,211.967384043,85.4737883093,169.622186015,0.0199857357117,0.0150068606622,0.0149058720354,0.0100755376576,0.02000051814,0.0150009114321,0.0149997087197,0.0150026322071,171.694523744,171.694667139,177.624953678,211.967863467,0.0108122461721,0.0150036938742,0.0150178765202,0.0216351010882
2011-09-13 08:00:00,82.7892828512,0.015002981353,0.0200042614423,0.0107516113136,74.6871373433,1.34633882487e-05,0.0150674687643,0.0149997872612,0.0150248885738,0.0100044337753,0.0209361679139,158.975601085,64.1054067843,169.622140379,0.0198557698023,0.0149987132526,0.0148853475582,0.0100256875707,0.0199999789877,0.0149998261799,0.014999715849,0.0150027936148,171.694522235,171.694629013,62.5861493094,211.967836786,0.010742072611,0.0149998187137,0.015016536455,0.0215887001013
2011-09-13 09:00:00,0.0100398043448,0.015002284801,0.0200031608353,0.0100323051809,74.687135326,1.34958436337e-05,0.0150627732458,0.0149997533838,0.015000918345,0.0100025222714,0.0200005444089,158.975578342,64.1053688092,0.0101144511743,0.0100068666641,0.014981187134,0.0100112131479,0.0100065967428,0.0199997540819,0.0149992298842,0.0149997465287,0.0150030700625,158.976398906,171.683772641,62.5861466491,211.965288575,0.0100156837025,0.0150046814932,0.0150126255247,0.0215743601697
2011-09-13 10:00:00,0.0100073105013,0.0150012001726,0.0200009198053,0.0100181496536,74.6871323645,1.34956733821e-05,0.0150591504296,0.0149997315057,0.0149993150244,0.0100022164949,0.0199892811975,158.975546992,0.0106774746992,0.0100314921093,0.0100066524477,0.0101428151876,0.0100068872074,0.0100052412517,0.0199995169652,0.0149988100764,0.014999794835,0.0150028231997,0.0100017681886,0.0101308874561,62.5861406477,158.975989055,0.0100103829448,0.0150046196084,0.0150071290924,0.0214554709738
2011-09-13 11:00:00,0.0100073116834,0.0150015712155,0.0199978077419,0.010020489817,74.6871302392,1.34607607956e-05,0.0150623504799,0.0149997223437,0.0149998498564,0.0100029938606,0.0199945626413,0.0100410658649,0.0100697962246,0.0100339507265,0.0100128806609,0.0149657723832,0.0100084658223,0.010005824661,0.0199994569109,0.0149985431322,0.0149997724624,0.015002876956,0.0100022173124,0.0101082882348,0.0100169628381,158.975980319,0.0100120803687,0.0150116051368,0.0150125860957,0.0215766412435
2011-09-13 12:00:00,0.0100178133341,0.0150033326033,0.0199943268859,0.0100587312225,74.6870524659,1.34609083161e-05,0.0150672797789,0.0149997143027,0.015001365578,0.0100066461528,0.0200058856231,0.0100124153244,64.10521338,0.0103183317769,0.0199613238802,0.0149903946669,0.0102685795,0.0100126729388,0.0199997059785,0.014998092495,0.0149997776028,0.0150023742477,0.0149494483151,171.693414094,0.0100034465028,158.976005262,0.01004929911,0.015012979361,0.0150213439127,0.0283962978512
2011-09-13 13:00:00,82.7892519049,0.0150033319419,0.0198821426443,0.0108893794849,0.0200086466241,1.34258466318e-05,0.0150117805308,0.0149997278475,0.0158081547972,0.0100263238348,92.2054806281,0.0100310687898,64.1053691132,169.622155706,0.0199860431544,0.0150007187532,0.0149018371786,0.0100709070127,0.0199997955539,0.0149955559463,0.0149997255889,0.0150020513805,171.69452136,171.694625835,0.0149879106736,158.97596522,0.0107995722036,0.0150074467888,0.0150218818265,0.028557442086
2011-09-13 14:00:00,82.7893243922,0.0150031372827,0.019979716215,0.0109464904604,69.154788807,1.34347913213e-05,0.0150679145673,0.0149997382717,0.0158552921361,0.0100437244143,92.2056054963,158.975450349,64.1054275906,169.622191569,0.0199971511334,0.0150078120078,0.0149125038821,0.0100866015502,0.0199999318277,0.0149954543035,0.0149997485218,0.0150021688346,171.694523461,171.69465338,62.5861437348,158.975948563,0.0108217937446,0.0150035615813,0.0150264343318,0.0282881297542
2011-09-13 15:00:00,110.385723485,0.0150027314486,0.0199998417067,0.0183400511133,74.6871304572,1.3353112651e-05,0.0150742631174,0.0149997742434,0.0200092780079,0.856154013347,211.968441152,158.975575525,85.4738057321,211.956283405,79.9162800033,0.0150446379239,211.968360517,211.968122658,0.0200025584202,0.0149985119098,0.0149997002561,0.0150023183085,211.968512844,211.967394423,62.586146633,211.964617743,211.956014788,0.0150038067339,0.0150263521011,0.0283960585877
2011-09-13 16:00:00,110.385827611,0.0150021680499,0.02000889329,215.036113298,74.6871363294,1.33064419905e-05,0.0199973580973,0.0149998210629,81.0564521346,0.856197088342,211.96849589,158.975585645,85.4738203751,226.165282193,79.9163670478,211.968505571,211.968473781,211.968463674,0.0246993735599,0.0150011090412,0.0149997196554,0.0150021573413,211.968555268,211.968730269,62.5861483746,211.968307754,211.968446242,0.0150038367022,0.0150212046937,0.0285672037122
2011-09-13 17:00:00,110.385856593,0.0150017881926,0.0246576434891,215.036147887,171.69443337,1.33369917945e-05,92.2062512887,0.0149999325276,81.0564567483,0.856201166615,211.968505317,211.967369762,85.473823978,226.165302645,79.9163712033,211.968512364,211.968478408,211.96847019,92.2063090444,0.0150146991313,0.0149996769814,0.0150020945871,211.968556579,211.968746038,77.2668517783,211.968396832,211.968459025,0.0150050779669,0.015023027304,0.0286432994565
2011-09-13 18:00:00,110.385857537,0.015001357566,0.0246629102191,215.036156062,171.694461126,1.34450875267e-05,92.2062560628,0.0149999914494,81.0564591862,0.856203056145,211.968509314,211.967411102,85.4738245077,226.165307891,79.9163719438,211.96851386,211.968479619,211.968472176,92.2063026797,0.0150454542605,0.014999770316,0.0150022882404,211.968556844,211.968751902,77.2668531343,211.968404608,211.968462316,0.0150023131512,0.0150237467745,0.0286270055317
2011-09-13 19:00:00,110.385848551,0.0150008527495,0.024629567988,215.03615682,171.694463831,1.33073043626e-05,92.2062495324,0.0150000072488,81.056456652,0.856203357293,211.968505024,211.967414337,85.473824421,226.165308072,79.9163720008,211.968514354,211.968479846,211.968472444,0.0266451231095,0.0150901243353,0.0149997438881,0.0150020307136,211.968556875,211.968752652,77.2668532472,211.968407793,211.968463067,0.015001607959,0.0150220590876,0.0284889595256
2011-09-13 20:00:00,110.385842453,0.0150008238509,0.0200120767616,215.036155164,171.694484192,1.30339634272e-05,92.2062058759,0.0149999516625,81.0564551735,0.85620342604,211.968502688,211.967415134,85.4738238682,226.165307645,79.9163717736,211.968514264,211.968479787,211.968472031,0.0246966599603,0.0151260732606,0.0149995375996,0.0150018800093,211.968556823,211.968750889,77.2668532566,211.968409995,211.968463208,0.0149997660624,0.0150072375857,0.0280007897113
2011-09-13 21:00:00,110.385830838,0.0150005517667,0.0200082549622,215.036152267,171.694487156,1.27185374807e-05,92.2062270411,0.0149999117411,81.0564542422,0.856202961799,211.968499906,211.967415317,85.4738230056,226.165305531,79.9163722367,211.968514448,211.968479715,211.968471277,0.0246346028988,0.0151052750121,0.0149992397218,0.0150013573989,211.968556745,211.968748909,77.2668533202,211.968405115,211.968463215,0.0149985188562,0.014999217977,0.0208973854706
2011-09-13 22:00:00,110.385827314,0.0150003414479,0.020006546924,215.036150103,171.694487487,1.24735128005e-05,92.206241138,0.0149998789804,81.0564534188,0.856202111578,211.968495329,211.967414948,85.4738230519,226.165302958,79.9163727765,211.968514467,211.968479224,211.968470318,0.0200090346867,0.0150979562487,0.0149989485692,0.0150010791713,211.968556642,211.968746771,77.2668533178,211.968388611,211.968462863,0.0149973069159,0.0149950623762,0.0202971068746
2011-09-13 23:00:00,110.385823888,0.0150002180695,0.0200068453922,215.036146737,171.694488844,1.23434614381e-05,92.2062574777,0.0149998526907,81.0564528148,0.856201280577,211.968489608,211.96741469,85.4738232126,226.165302417,79.916373259,211.968514254,211.968478717,211.968469048,0.0200049956515,0.0150929749238,0.0149987635221,0.0150008551698,211.968556543,211.968745405,77.2668533691,211.968395105,211.968462384,0.0149967762513,0.0149926025208,0.0201048290277
2011-09-14 00:00:00,110.385821907,0.0149998341139,0.020005231004,215.03614403,171.694488615,1.22485685232e-05,92.2062643496,0.0149998454585,81.0564505764,0.85620080662,211.96847713,211.967414373,85.4738229492,226.165300734,79.9163736,211.968513702,211.968478132,211.968467936,0.0200042756867,0.0150860831784,0.0149986732607,0.0150008625325,211.96855646,211.968742907,77.2668533884,211.968376432,211.968461845,0.0149964920236,0.0149897750048,0.0200787835587
2011-09-14 01:00:00,110.385822128,0.0150001081663,0.0200027366841,215.036141197,171.694489288,1.21977017785e-05,92.2062656316,0.0149998734566,81.0564509527,0.856199461882,211.968475808,211.967413978,85.4738228624,226.165298693,79.91637361,211.968514134,211.968477572,211.968466875,0.0200025056459,0.015110534398,0.0149986240252,0.0150009008076,211.968556392,211.968742614,77.2668534434,211.968388712,211.968461517,0.0149961557238,0.0149893209319,0.0200248084543
2011-09-14 02:00:00,110.385826091,0.0150004545177,0.0200028229828,215.036137623,171.694489555,1.21397246548e-05,92.2062665758,0.0149999135286,81.0564496433,0.856198233878,211.968475913,211.967413558,85.4738225663,226.16529678,79.9163734608,211.968514518,211.968477056,211.968465543,0.0200024948385,0.0151514494561,0.0149985906064,0.0150007187327,211.968556339,211.968741095,77.2668535362,211.96841428,211.968461247,0.0149965502198,0.0149886467683,0.0200100398842
2011-09-14 03:00:00,110.385847122,0.0150011706598,0.0200037363147,215.0361334,171.69449031,1.2297102901e-05,92.2062674353,0.0150000749695,81.0564463405,0.856196512201,211.968476268,211.967413099,85.473823274,226.165294201,79.9163731012,211.968515556,211.968476592,211.968464108,0.0200058031638,0.015544717611,0.0149986199264,0.0150008631896,211.968556332,211.968742356,77.2668536619,211.968421764,211.968460852,0.0149979421786,0.0149923361401,0.0200361895671
2011-09-14 04:00:00,110.385877157,0.0150016344861,0.0200099134752,215.036125131,171.694491967,1.27739763588e-05,92.2062699983,0.0150004971146,81.0564403267,0.856190894962,211.96847322,211.967412571,85.4738246965,226.165290083,79.9163719552,211.968515598,211.968475568,211.968461556,0.0246898020679,0.0344232024266,0.0149988366842,0.0150017752063,211.968556405,211.968743999,77.2668537634,211.968418631,211.968460319,0.0149997924407,0.014998112022,0.0200417503145
2011-09-14 05:00:00,110.385880911,0.0150018435157,0.0200463383578,215.036082874,171.694495682,1.32998663845e-05,92.2062713742,0.0150017421393,0.0201239566292,0.0150405384519,211.968377892,211.967411819,85.4738256701,226.165273225,79.9163551657,211.968514686,211.968466821,211.968437515,0.0246911125861,0.0346421464428,0.0149992534894,0.0150035352594,211.968556347,211.968741159,77.2668537462,211.968404839,211.968451088,0.0150006357984,0.0149974141403,0.0199701328921
2011-09-14 06:00:00,110.385826017,0.0150016896524,0.0242384970275,0.0112669417146,171.694493818,1.34318802892e-05,92.2062570889,0.0150022089477,0.0199827081678,0.0100443544982,92.2063127216,211.967410219,85.4738252579,158.900588391,0.0199935161796,211.968509114,92.2062582723,0.0101627168606,0.0200029971206,0.0346672614866,0.014999798342,0.0150183406262,211.968550579,211.968428952,77.266853482,211.968258273,171.694459812,0.0150004376932,0.014992755787,0.0189283237814
2011-09-14 07:00:00,110.385798456,0.0150021993783,0.0200049614924,0.0110329577258,171.694484683,1.33558692911e-05,74.6870462686,0.015001200344,0.0152929444485,0.0100298514445,92.2062759986,211.967396661,85.4738237296,158.900334316,0.0199810199766,171.694515325,92.2062155583,0.010133980625,0.0199999061049,0.0346698283668,0.0149999349076,0.0150104866139,171.694530467,171.694657016,77.2668499172,158.976336977,171.69443947,0.0150007525333,0.0149880292824,0.0188084253737
2011-09-14 08:00:00,110.385373103,0.0150028163874,0.0200009519986,0.0108352148843,128.770742592,1.33485392482e-05,0.0199960636579,0.0150007264104,0.0150068720617,0.0100055755576,92.2062217623,158.975758963,85.4738214232,158.900286662,0.0198144342826,171.694499286,92.2061989302,0.0100410272156,0.0199991800249,0.034654172655,0.0149999479996,0.0150053270526,171.694529116,171.694628288,62.586149741,158.976235256,158.976570775,0.0149993667581,0.0149868139868,0.0186688506575
2011-09-14 09:00:00,110.38569766,0.0150031596909,0.0200006011956,0.0100318369856,128.770724672,1.33114508373e-05,0.0150064910078,0.0150007025034,0.0150006992351,0.0100028268325,0.0200391662482,158.975742247,85.4738193168,0.0101172765927,0.0100066408419,171.694496529,0.0100160420058,0.0100074713259,0.0199982028606,0.0346311169585,0.0149999362166,0.0150038208469,171.694517022,171.694252565,62.58614851,158.976146092,0.0103932142178,0.0149955355674,0.0149848251717,0.0181567244298
2011-09-14 10:00:00,110.385443016,0.0150034648098,0.0200002339379,0.0100182410096,74.687136752,1.32961592855e-05,0.0150021233861,0.0150008528543,0.0149994565497,0.010002615233,0.0199982234042,158.975718685,85.4738150687,0.0100318786915,0.0100064117832,171.694493365,0.0100071569605,0.010005799772,0.019996506509,0.0346254235526,0.0149998968859,0.0150030923242,0.0149924137513,0.0102067686678,62.5861396855,158.975705641,0.0100472837082,0.0149944186161,0.0149842966989,0.018486104323
2011-09-14 11:00:00,110.385772436,0.015003716532,0.0200006017397,0.0100200461974,74.6871345818,1.33011471572e-05,0.015007463165,0.0150009383142,0.0150005525873,0.0100035180765,0.020022739685,0.0100577472623,85.4738135179,0.0100343170099,0.0100115832501,171.694483642,0.0100099436585,0.0100069971351,0.019995930099,0.034651538512,0.0149998137332,0.0150030325656,0.0149951539512,0.0101872559007,0.0100253391687,92.2058077423,158.976614302,0.0149963433664,0.0149858481608,0.018330228995
2011-09-14 12:00:00,110.385758919,0.0150052746857,0.0200054972649,0.0100534820878,74.6871350819,1.32802093026e-05,0.0199976638833,0.0150011665214,0.0150019842624,0.0100086466214,0.020121920683,0.0100121540997,85.4738128787,0.0116754998284,0.0199594841831,171.694039721,92.2061950888,0.0100268315775,0.0199972279184,0.0346685939427,0.0149998297056,0.015003067674,171.694518889,171.694361361,0.0100041497402,92.2063983009,171.694443116,0.0149999934794,0.0149893765197,0.0186509006899
2011-09-14 13:00:00,110.385758577,0.0150057417356,0.0200095654623,0.0109881797311,74.6871368823,1.32783170529e-05,69.1549997918,0.0150008965724,0.0152786354363,0.0100340735051,92.2062703691,0.0100487671262,85.4738094334,158.900306016,0.0199821556459,171.694490901,92.2062123223,0.01013138201,0.0199984116771,0.034694964211,0.0149997759482,0.0150027923662,171.694529082,171.69463351,0.0149968973344,158.976103718,171.694451143,0.0150003290626,0.0149931686656,0.0189097706994
2011-09-14 14:00:00,110.385765095,0.0150103783318,92.2062411399,0.0110573208001,74.6871461908,1.32582663271e-05,74.6872415889,0.0150014504993,0.0153057155045,0.0100533065876,92.206309219,158.975576566,85.4738173483,158.9003398,0.0199958337353,171.694496766,92.2062182763,0.0101469567787,0.0199994284831,0.0347791026105,0.0149998668461,0.0150035566845,171.694530058,171.694664634,62.5861473099,158.976230612,171.699052006,0.0150004308331,0.0149989450133,0.019935273107
2011-09-14 15:00:00,110.385814173,0.0150292937362,92.2062581758,93.5413752034,128.770737567,1.32573424399e-05,92.2063292233,0.0150026722891,0.0199995893548,1.96790869391,211.968458501,158.975740467,85.473821569,211.865097863,183.71479703,171.694509403,92.2066899234,211.96829566,0.020000983469,211.967346971,0.0149998851107,0.0150067853327,211.968536855,211.968254338,62.5861492844,158.976450733,211.968437937,0.0150006531502,0.0150047538859,0.0200090236285
2011-09-14 16:00:00,110.385865414,36.7873730262,92.2062602404,215.036658049,171.694547113,1.32192705749e-05,211.968530805,0.0344160328501,0.0200117995693,1.9679500954,211.968502798,158.975751385,85.4738238667,211.867918919,183.714842248,211.968521369,113.834838002,211.968482622,0.0265956385721,211.968493663,0.0149999342164,0.0150222814659,211.96855612,211.969094374,62.5861548199,211.968509881,211.968454493,0.0150010220988,0.01500635995,0.0201270856924
2011-09-14 17:00:00,110.38588371,36.7879197342,92.2062622257,215.036690973,171.69456626,1.32250506862e-05,211.968538852,0.034487299073,0.0200160000836,1.96795412069,211.968512034,211.967395002,85.473825051,211.867934637,183.714846446,211.968524902,113.834841392,211.96848855,0.0266887568608,211.968540041,0.0149998263903,0.0151768181225,211.968557007,211.969119075,177.624956598,211.968648258,211.968458255,0.0150021851924,0.0150102121403,0.0200819011152
2011-09-14 18:00:00,110.385874945,36.787935654,92.2062624464,215.036698764,171.694567333,1.33606226369e-05,211.968541538,0.0344887223522,0.0200171164691,1.96795578254,211.968510562,211.967425085,85.473825414,211.86793751,183.714847696,211.968525348,113.834843088,211.968490166,92.2062822682,211.968544773,0.015000096138,0.0150252921936,211.968557184,211.969125686,177.624958662,211.968717751,211.968459253,0.0150013666751,0.0150118790899,0.0200310246648
2011-09-14 19:00:00,110.385860818,36.7879313663,92.2062604368,215.036699607,171.69456745,1.32536454075e-05,211.968541041,0.0344978456105,0.0200160478002,1.96795618551,211.968508865,211.967428005,85.4738251081,211.867939198,183.714848053,211.968525487,113.834843784,211.968490333,0.0266764727493,211.968544431,0.0150001548869,0.0156036319591,211.968557183,211.969125862,177.624958914,211.968752884,211.968459036,0.014999765691,0.0150071135003,0.0199911631055
2011-09-14 20:00:00,110.385849549,36.7879257663,92.2062588135,215.036697874,171.694567935,1.30558215413e-05,211.968541071,0.0345406040904,0.0200150579151,1.96795614387,211.968507778,211.967428691,85.4738245818,211.867941268,183.714848187,211.968525428,113.834844105,211.968489836,0.0266021825716,211.968553605,0.0149999487759,0.0177016239076,211.968557112,211.96912495,177.624958994,211.968734992,211.968458677,0.0149983413237,0.0149992293218,0.0199677640739
2011-09-14 21:00:00,110.385834739,36.7878403039,92.2062581532,215.036695881,171.694567995,1.27648130313e-05,211.968542231,0.0344969201998,0.020014122606,1.96795581034,211.968505655,211.967428838,85.4738234332,211.867939959,183.714848167,211.968525584,113.834843958,211.968489112,0.026596876568,211.968536695,0.0149995667643,0.015032866998,211.968557015,211.969123788,177.624959043,211.968763928,211.968457846,0.0149978622683,0.014994011981,0.019936456507
2011-09-14 22:00:00,110.385831332,0.0153357277395,92.2062571337,215.036692284,171.694567645,1.24997307779e-05,211.968541969,0.0344904857028,0.0200126795633,1.96795480242,211.968502374,211.967428427,85.4738233243,211.8679372,183.714848192,211.968525742,113.834843312,211.968488106,0.0215659524353,211.968443626,0.0149993260864,0.0150163215302,211.968556869,211.969121523,177.624959048,211.96872437,211.968456771,0.0149979182538,0.0149902815517,0.0199141319465
2011-09-14 23:00:00,110.385827642,0.0151290638357,92.2062568171,215.036690036,171.694567554,1.23963055587e-05,211.968541739,0.0344895271028,0.0200113352964,1.96795370373,211.968498043,211.967428016,85.4738234058,211.867935632,183.714848195,211.9685257,113.83484268,211.968486823,0.0215466521085,211.967559112,0.0149992210717,0.0150100613721,211.96855675,211.969119758,177.624959056,211.968731113,211.968455302,0.0149975418575,0.0149882355479,0.0199213539396
2011-09-15 00:00:00,110.385826295,0.015018851237,92.2062585527,215.036687417,171.69456735,1.23427260934e-05,211.968542189,0.0344891373753,0.0200121996016,1.96795284248,211.968479845,211.967427695,85.4738233159,211.867934161,183.714848064,211.968525507,113.834841964,211.968485314,0.0215476148376,0.0361486409776,0.0149994805146,0.0150075519556,211.968556645,211.969119141,177.624959017,211.968778661,211.968453907,0.0149976378563,0.0149867891637,0.0199542143584
2011-09-15 01:00:00,110.385826402,0.0150185377487,92.2062592694,215.036684223,171.694567178,1.23518314866e-05,211.968542998,0.0344891657497,0.0200113002721,1.96795218216,211.968478316,211.967427193,85.4738230747,211.86793257,183.714847843,211.968525247,113.834842025,211.968484163,0.0215461963466,0.0348557349849,0.014999565504,0.0150108022056,211.968556535,211.969117885,177.624959047,211.96871146,211.968452772,0.0149978794253,0.0149887443922,0.0199893578056
2011-09-15 02:00:00,110.385829888,0.0150267595946,92.2062598404,215.036680123,171.694567083,1.24000988741e-05,211.96854412,0.0344893477701,0.0200100273091,1.96795089123,211.968479264,211.967426676,85.4738225315,211.867930844,183.714847545,211.968525178,113.834842079,211.968482952,0.0215481467049,0.0347482527955,0.0150000005795,0.0150085186208,211.968556445,211.969117537,177.624959055,211.968723055,211.968450881,0.0149990566849,0.0149909302292,0.020005932023
2011-09-15 03:00:00,110.385850316,29.797339315,92.2062612714,215.036676758,171.694567361,1.24905180401e-05,211.968545034,0.0344896653328,0.0200077507538,1.9679487523,211.968479711,211.967426145,85.4738231085,211.867928233,183.714847066,211.968525438,113.834842187,211.96848147,0.0265845625457,0.0347194889305,0.0150014338748,0.0150070739014,211.968556402,211.969118777,177.62495913,211.968747148,211.968447635,0.0150012348968,0.0149994255844,0.0200313905975
2011-09-15 04:00:00,110.385874047,36.7879020517,92.2062671099,215.036668566,171.694567831,1.29046138937e-05,211.968546776,0.0344914506936,0.0200057448699,1.96794393923,211.968475569,211.967425515,85.4738244809,211.867923824,183.714845681,211.968524722,113.83484186,211.968478802,0.0265989455655,0.0347066009564,0.0150053074736,0.0150079829355,211.968556421,211.969122638,177.624959207,211.968787753,211.968441257,0.0150024746454,0.0150100985379,0.0200976691756
2011-09-15 05:00:00,110.385875973,36.7878960144,113.834849271,215.036631448,171.694567849,1.33250765499e-05,211.968547386,0.0460719100457,0.0199984025503,1.96687667195,211.968362494,211.967424813,85.4738255758,211.867908131,183.714829322,211.968522116,113.834836515,211.968455996,0.0266392644917,0.0347218832045,0.0150165345017,0.0150075187919,211.968556206,211.969121407,177.624959148,211.968825993,211.9683893,0.0149987337203,0.0150124750813,0.0200727912208
2011-09-15 06:00:00,110.385832611,36.7879403064,113.834864568,93.5421380198,171.694566879,1.35249915119e-05,211.968543559,211.968557645,0.0151211736698,0.0100490159262,92.2063547182,211.967423422,85.4738227846,0.016193455524,148.809004563,92.2062972346,92.2062243299,92.2064459072,0.0200969449632,0.0347846670233,22.7119176765,0.0150047623742,211.968548568,211.969085409,177.624958875,211.968763042,0.010157536639,0.0149972946364,0.0150046924993,0.020009256168
2011-09-15 07:00:00,110.385801277,36.7879372822,113.834826149,93.54198701,171.694551661,1.34707532149e-05,211.968526769,211.96855134,0.0150088866716,0.0100329035097,92.2063045467,211.967408282,85.4738059609,0.0160010349132,148.808995337,0.0150450054184,92.2062088869,92.2064235636,0.0200016486776,0.0346964338609,22.7118908851,0.0150033893993,171.694527049,171.69515977,177.624954401,211.968424519,0.0100981405246,0.0150005545245,0.0150000069436,0.0200078360388
2011-09-15 08:00:00,89.4125822322,36.7879292725,92.2062631068,93.5414759741,128.773235449,1.34610091206e-05,171.694514415,211.968544053,0.0149996791988,0.0100055659203,92.2062348126,158.975667562,64.1054292887,0.0159452391993,148.808976509,0.0150170903754,92.2062016008,92.2063642183,0.0200000163201,0.0346276446341,0.0184323103109,0.0150032092534,171.694525461,171.694973553,143.876210167,158.977018054,0.010034618375,0.0150011618633,0.014994524799,0.0199966596674
2011-09-15 09:00:00,89.412556383,36.7879242798,92.2062596603,0.0100322488697,128.770926443,1.33816073634e-05,171.694499944,0.046040300295,0.0149991460796,0.0100030826297,0.0200167260996,158.97565019,64.1053715577,0.0100563607567,0.0100532779713,0.0100332324877,0.0148997421785,0.0100320620606,0.0199995674844,0.0279741183048,0.0150246006171,0.0150029885767,158.976418714,171.694955224,143.876208506,158.976676071,0.0100082840379,0.0150009226337,0.0149929362113,0.0199971083219
2011-09-15 10:00:00,89.4125459379,36.7879254717,92.2062597647,0.0100198270733,74.6871391334,1.33513978209e-05,92.2063711469,0.0345365986379,0.0149993224978,0.0100029708798,0.0199951918335,158.975626044,64.1049139389,0.0100227669679,0.0100344259157,0.0100072377879,0.0100177180034,0.0100226308402,0.0199992028851,0.02653374104,0.0150110369741,0.0150026667824,0.0100041604777,171.694919875,143.876184645,158.976638703,0.0100066890833,0.0150009246355,0.014994389154,0.0199888923297
2011-09-15 11:00:00,89.4125372789,36.7879348513,92.2062663942,0.0100252688984,74.6871378896,1.33218476148e-05,92.2063225468,0.0344969451562,0.0150005162933,0.0100041185427,0.0200009475738,0.0100505960814,0.0100697397186,0.0100259285324,137.789429291,0.0100073124879,0.0100258206123,0.0102731883603,0.0199993325671,0.0299031398414,0.0150080416815,0.0150026954453,0.0100150516608,171.694387036,0.0100290461609,158.976626146,0.0100078654185,0.0149995476215,0.0150060742651,0.0199515436951
2011-09-15 12:00:00,89.4124590206,36.7879373861,92.2062759367,0.0102348261999,74.6871392378,1.33063240763e-05,92.2063338365,0.0344917076712,0.0150150480362,0.0100123644354,92.2061085035,0.0100124360654,64.0974542138,0.0101287094114,148.808991594,0.0100418051064,92.2061130162,92.206404042,0.0199997714352,0.0346471007393,0.0150097697474,0.0150023819115,158.976418575,171.694164754,0.0100042605828,158.97663423,0.0100148094829,0.0149979370536,0.0151075685526,0.0199875406474
2011-09-15 13:00:00,82.7896061086,36.7879428698,92.2064277301,93.5419777522,74.687200436,1.32945084453e-05,158.976403243,0.0344933960623,0.015110264765,0.0100387268462,92.2062994665,0.0100558182656,64.1053521087,0.0159769084929,148.808996025,0.0150373807976,92.2062043072,92.2064226886,0.0200002543098,0.034637841548,0.015015894669,0.0150022305732,171.694524552,171.694946898,0.0149986646149,158.976655437,0.010084260082,0.0149980617358,0.0186118610239,0.0199858869055
2011-09-15 14:00:00,89.4125408949,36.7879456383,211.968404501,93.542041816,128.773230107,1.33006685124e-05,171.69450672,0.0345001867443,0.0199610572979,0.0100588356967,92.2063515952,158.975505343,64.1053937847,0.0160110634934,148.809003241,0.0150463946669,92.206213733,92.2064372138,0.0200072084506,0.0346157042465,52.210819168,0.0150024794563,171.694526264,171.694968834,143.876206083,158.976727316,0.0101079007686,0.0150099457404,0.0195615356418,0.0199761782333
2011-09-15 15:00:00,110.385791559,36.7879501604,211.968412613,215.036499962,128.773237031,1.32631933009e-05,171.694547405,0.0345408373144,0.0200036081904,1.96830899778,211.968473665,158.975648008,85.4737712377,0.0197864069001,183.714819726,92.2063322764,211.968229285,211.968401555,92.2063193068,0.0346430220222,52.2113359797,0.015004530014,171.694563672,211.968007105,143.876209103,211.968174243,0.0157088915997,0.0151848426287,0.061174311236,0.0201027398843
2011-09-15 16:00:00,110.385841126,36.7879699965,211.968415761,215.037301267,171.694560535,1.32405519384e-05,211.968532643,0.0460210129755,81.0564847258,1.96834368843,211.968509664,158.975658927,85.4738183268,211.967519234,183.714834879,211.968524663,211.968341139,211.968473614,211.968507547,0.034659676001,52.2113433488,0.0150079192376,211.968553273,211.969093338,143.876212909,211.96867489,92.2062845579,0.0152662884325,92.2058322825,0.0274285102228
2011-09-15 17:00:00,110.385854989,84.5699414147,211.968423045,215.037329414,171.694567254,1.33082464179e-05,211.968540685,211.968521652,81.0564915463,1.96834743033,211.968519255,211.967410597,85.4738244398,211.967537444,183.714837772,211.968529087,211.968345613,211.968479206,211.968551303,0.0346618237349,52.2113406687,0.0150119554571,211.968554386,211.969104668,177.624959213,211.968863183,92.2062955405,0.0152853522826,92.205848184,0.0278670130203
2011-09-15 18:00:00,110.385851839,84.5699628516,211.96842963,215.037336456,171.694567837,1.34472148346e-05,211.968541928,211.968547649,81.0564933602,1.9683492489,211.968519603,211.967444041,85.4738251062,211.967542173,183.714838535,211.968529907,211.968347122,211.968480562,211.968553403,0.0346569780433,52.2113495297,0.0150208733409,211.968554605,211.969107414,177.624960627,211.968874479,92.2062985457,0.0152537308247,0.0206482680254,0.0280188662756
2011-09-15 19:00:00,110.385845651,84.5699579692,211.968426407,215.037337453,171.694567556,1.33724663712e-05,211.968541934,0.0459558754603,81.0564918762,1.9683496016,211.968513619,211.967446968,85.4738247873,211.96754247,183.71483858,211.968530182,211.968347429,211.968480686,211.968553231,0.0346464173466,52.2113492138,0.0151764686811,211.968554614,211.969105245,177.624960787,211.968873884,92.2062993125,0.0151909460762,0.0195892908091,0.0279783436825
2011-09-15 20:00:00,110.385842092,84.5699494078,211.968421815,215.037335739,171.694567924,1.31752221749e-05,211.968541962,0.0344901197053,81.0564898613,1.96834966935,211.968510527,211.967447726,85.4738244326,211.967542499,183.714838447,211.968530244,211.968347415,211.968480337,211.968552709,0.0339728420429,52.2113444954,30.660827707,211.968554557,211.969103531,177.62496082,211.968855225,92.2062996755,0.0150848858155,0.0162768167982,0.0278969819409
2011-09-15 21:00:00,110.385834597,45.4174899756,211.968419534,215.037333324,171.69456796,1.28964139968e-05,211.968541141,0.0344886147985,81.0564882154,1.96834925178,211.968506835,211.967447882,85.4738234755,211.967540251,183.714838307,211.96853027,211.968347351,211.968479492,211.968552418,0.0151619463482,52.2113315334,30.6608939491,211.968554469,211.969100517,177.624960839,211.968842825,92.2062997439,0.0150533787688,0.0153248695221,0.0280202814472
2011-09-15 22:00:00,110.385830391,36.7879619612,211.968417144,215.037330149,171.694567467,1.26276572463e-05,211.968539765,0.0344873481607,81.0564867806,1.96834839957,211.968501805,211.967447496,85.4738232279,211.967538187,183.714838196,211.968530326,211.968346931,211.96847851,211.968552333,0.0150907728984,52.2113128033,30.6609048684,211.96855437,211.969096509,177.624960821,211.968834281,92.2062995753,0.0150330620011,0.0151297958821,0.0280683068263
2011-09-15 23:00:00,110.385825637,36.7879530916,211.968416031,215.03732778,171.694567606,1.24820677623e-05,211.968538422,0.0344866374985,81.0564851686,1.96834752408,211.968493953,211.967447128,85.4738227888,211.967537017,183.71483797,211.968530209,211.968346486,211.968477281,211.968552528,0.0150787812948,52.2112860803,30.6609100772,211.96855426,211.969095388,177.62496082,211.968801035,92.2062990053,0.0150223327937,0.0150626649441,0.0280852065804
2011-09-16 00:00:00,110.385824789,36.7879537234,211.968415219,215.037325107,171.694567247,1.24530877049e-05,211.968535229,0.0344871893323,81.0564887868,1.96834689541,211.968483574,211.967446735,85.4738228814,211.96753591,183.714837842,211.968530038,211.968346116,211.968475876,211.968552912,0.0150751567578,52.2112955498,30.6608987476,211.968554172,211.969092247,177.624960837,211.968781981,92.2062983584,0.0152020777454,0.0150816746576,0.0283414654536
2011-09-16 01:00:00,110.385823477,36.7879511074,211.968414564,215.037322462,171.694567338,1.24748146082e-05,211.968534082,0.0344867694913,81.0564882978,1.96834581265,211.968475285,211.967446427,85.473822709,211.96753365,183.714837285,211.968529851,211.968345678,211.968474815,211.968553287,0.0150665686457,52.2111905929,30.6609108512,211.968554089,211.969090323,177.624960848,211.968786396,92.2062976664,0.0150695450733,0.0150691829752,0.0281049792431
2011-09-16 02:00:00,110.385824805,36.7879528597,211.968414215,215.037319285,171.69456756,1.24828546106e-05,211.968532079,0.0344862677827,81.0564889595,1.9683443985,211.968469162,211.967446102,85.4738221558,211.967531894,183.714836172,211.968529906,211.968345264,211.968473698,211.968553655,0.0150650792142,22.7119809559,30.660917371,211.968554,211.969088097,177.62496084,211.968769455,92.2062967414,0.0150473074302,0.015064402261,0.0279937843757
2011-09-16 03:00:00,110.385832563,36.788030645,211.968414251,215.037315224,171.694567892,1.26401125847e-05,211.968531884,0.0344851960972,81.0564904404,1.96834247879,211.968469798,211.967445677,85.4738226481,211.967528661,183.714834458,211.968530126,211.968344786,211.968472217,211.968554889,0.015070275434,52.2110707708,30.6609288235,211.968553941,211.969087107,177.624960923,211.968797114,92.2062953533,0.0151870258761,0.0150693911416,0.0280777415174
2011-09-16 04:00:00,110.385838629,84.5699342609,211.968415438,215.037309678,171.694568367,1.30990777947e-05,211.968531961,0.0344818925152,81.0564919064,1.96833814861,211.968462837,211.967445165,85.4738242093,211.96752563,183.714830232,211.968529444,211.968343798,211.968469796,211.968557952,0.0150737997972,52.2112986423,70.4847903454,211.968553932,211.969087666,177.624961023,211.968808244,92.2062926585,0.0152308798967,0.015061621665,0.0280680744211
2011-09-16 05:00:00,110.385837618,36.7879889293,211.9684167,215.037284385,171.694568357,1.35903195891e-05,211.96852878,0.034482580163,81.0564859658,1.96789963261,211.968042175,211.96744482,85.4738249974,211.967511314,183.714584598,211.968527081,211.968335372,211.968445089,211.96856089,0.0150814248833,52.2113245344,70.4848479441,211.968553692,211.969077272,177.624960978,211.968810694,92.2062737369,0.0152258106181,0.0150255605657,0.0276677846023
2011-09-16 06:00:00,110.385794358,36.7879539954,211.968413052,161.278249491,171.694566896,1.37315364595e-05,211.96850475,0.0150235632332,65.6557588185,0.0113719585688,92.2062692068,211.967443798,85.4738200761,0.0143479957028,0.0200520060211,211.964435202,92.2064620032,0.0103250650276,211.96855515,0.015151077393,52.211334114,70.4848480257,211.968546753,211.968333257,177.624960725,211.968683173,0.0102144508953,0.0152351776307,0.0150044875745,0.020410153756
2011-09-16 07:00:00,82.7893508594,36.7879477195,211.968267199,161.277922145,171.694553259,1.3643984844e-05,92.2063167949,0.015003564965,65.6557504106,0.0113539026666,92.2062346457,211.967435444,85.4737784524,0.0140707677733,0.020042299616,158.97546924,92.2064464368,0.0102928875657,211.968550614,0.0152484166622,52.2113341661,70.484852055,171.694523213,171.694421217,177.624957488,211.967531077,0.0101499204482,0.0151784598351,0.0149975195668,0.0200005853482
2011-09-16 08:00:00,82.7893065922,36.7879449389,92.2062595333,161.277746968,74.6871385586,1.35983158349e-05,74.6871495985,0.0150029834969,65.6557059944,0.0100095136649,92.2053743237,171.693641586,64.1053913183,0.0140081358026,0.019889141788,158.975460697,92.2064379393,0.0102485591088,92.206415375,0.0150874730282,52.211332594,70.4848581115,171.694521496,171.694382115,143.876216273,158.976635537,0.0100543012298,0.015116750542,0.0149966547507,0.0197264249675
2011-09-16 09:00:00,0.0100199010654,36.7879438883,92.2061056502,0.0100406707127,74.6871197345,1.34952292318e-05,74.6871252991,0.015002880136,65.6557387308,0.0100045581449,0.0199985139328,171.6936098,64.1053554158,0.0100450219327,0.0100139324305,92.2059089664,0.0100301444337,0.0100085583501,92.2063391689,0.0150558797625,52.2113288809,70.484863532,158.976359151,158.976130414,143.876214535,158.976580217,0.0100081331814,0.0151748629962,0.0150007415756,0.0150148908266
2011-09-16 10:00:00,0.0100053257901,36.7879435459,0.0200491949238,0.010019815225,56.0154948311,1.34224786294e-05,0.020030560111,0.0150022537045,65.6557522608,0.0100045509015,0.0199832765668,171.693602342,0.0100667138561,0.0100211283639,0.0100183332617,0.0100084899878,0.0100070797283,0.0100055008644,92.2063211,0.0150142559515,52.2113244365,70.4848679869,0.0100024037857,0.0100706910262,143.876210529,158.976532982,0.010006412335,0.0152093701657,0.0150093443433,0.0150004172368
2011-09-16 11:00:00,0.0100048212725,36.7879431993,0.0200083101824,0.0100361742207,0.0150034091718,1.33114984585e-05,69.2115989427,0.0150016258358,65.6557593533,0.0100211544073,0.019997735385,92.2059581481,0.0100319789664,0.0100236000398,0.0199622808355,0.0100079301623,0.0100072797244,0.0100065498514,92.2063204167,0.0150066036698,52.2113224005,70.4848697377,0.0100033734246,0.0100607500318,0.0149624097882,158.976513554,0.0100070508373,0.0152391121963,0.0150379343576,0.0150274662185
2011-09-16 12:00:00,0.0100070311344,36.7879478471,92.2060883187,161.277670431,0.0150011945831,1.32405765237e-05,74.687143009,0.0150010833835,65.6557661272,0.0113583380083,0.0200340836556,0.0100427703629,0.010365137118,0.0100850245561,0.020040249782,0.0100853437136,0.0100294770361,0.010028251037,92.2063206521,0.0150021904564,52.211328151,70.4848635492,0.0150018104578,0.0178096386212,0.0100414543584,158.976646304,0.0100154393945,0.0153185857547,0.0150896798232,0.0198820913019
2011-09-16 13:00:00,82.7889868599,36.7879473331,92.2061076109,161.277889219,0.0150009587538,1.31436429012e-05,92.2063126482,0.0150004801369,81.0565020726,0.0113661033343,92.2062372664,158.975630351,64.1053540843,0.0140436237058,0.0200496010859,158.975459736,92.2064386526,0.0102861313812,92.2063223703,0.015002657966,52.2113291125,70.4848612311,171.694518535,171.694379578,133.218750808,211.968511926,0.0101388377968,0.0152939563791,0.0153714546231,0.0202343675755
2011-09-16 14:00:00,82.7893255314,36.7879506716,92.2062612478,161.277937661,0.0199815629939,1.31226670297e-05,74.6871463529,0.0150002728117,81.0565740979,0.0114113379992,92.2063060659,171.69359747,64.1054081897,0.0140800751591,0.0200696866657,158.97546836,92.2064497811,0.0103018066334,92.2063554123,0.0150043320859,52.2113320251,70.4848648774,171.69452248,171.694414354,143.876213666,211.968231021,0.0101614724368,0.0153570252387,0.0366471133574,83.334401008
2011-09-16 15:00:00,110.385482022,84.5698766123,113.834408175,215.035728088,60.496581737,1.3111039633e-05,92.2063158917,0.0150004539847,186.336789969,211.966497191,211.968465392,171.693606,85.4737992891,98.3813705065,183.714838479,158.975530763,211.968190424,211.968213653,113.835011773,0.0150050454464,52.2113367967,70.484898833,211.968462306,211.967190529,143.876215021,211.96848785,92.2062145374,0.0160312177645,92.2058881085,83.3429838382
2011-09-16 16:00:00,110.385808096,84.569979049,113.834656097,215.037262143,74.6871351819,1.30802594042e-05,92.2063370618,0.0150010279919,186.336824783,211.966513758,211.968495998,171.693611667,85.4738212252,211.971607525,183.714852345,211.967569194,211.968273724,211.968386526,211.968546673,0.0150113581385,52.2113363253,70.4849782047,211.968550758,211.968487534,143.876222923,211.968588021,92.2073892104,0.0180207254326,92.2060115119,191.592551366
2011-09-16 17:00:00,110.385819806,84.569984256,113.834664393,215.037287231,74.6871416728,1.31746872011e-05,92.2063439748,0.0150027145012,186.336830458,211.966517139,211.968503421,211.967406225,85.4738254108,211.971626307,183.714855164,211.967572818,211.96827774,211.968392582,211.968551233,0.0150759180527,52.2113351305,70.4849256046,211.968551737,211.968503231,177.62495745,211.968657826,92.207399193,0.0182604152474,113.829115954,191.592667147
2011-09-16 18:00:00,110.385820136,84.5699864266,92.2064420231,215.037292927,74.6871433468,1.32974571392e-05,92.2063389051,0.0150049487027,186.336829813,211.966518898,211.96850174,211.967422925,85.4738257565,211.971630707,183.714855908,211.967573471,211.968278899,211.968394073,122.941759459,0.0150679796616,52.2113352009,70.4848990017,211.968551933,211.968506926,177.624958302,211.96858634,92.2074019104,0.0183548860809,113.833025154,191.592728462
2011-09-16 19:00:00,110.385819023,84.5699858985,92.2063029168,215.037293398,74.6871437754,1.31683401119e-05,92.2063215518,0.0150037881161,186.336828522,211.966519131,211.968497999,211.967424471,85.4738255044,211.97163105,183.714856006,211.967573667,211.968279145,211.968394397,113.835006393,0.0150804681031,52.2113345961,70.4848707788,211.968551941,211.968506593,177.624958374,211.968623296,92.2074026106,0.0182358144385,113.833007444,191.592736016
2011-09-16 20:00:00,110.385819282,84.569986496,92.2062639676,215.037291505,74.6871450191,1.3013726598e-05,92.2063211918,0.0150026791668,186.33682793,211.966519153,211.968496024,211.967424717,85.4738252523,211.971631136,183.71485572,211.967573741,211.968279158,211.96839395,92.2064060504,0.0150760385568,52.2113309847,70.4848621347,211.968551887,211.968506228,177.624958408,211.968665379,92.2074028919,0.0181513604912,113.832823705,191.592715129
2011-09-16 21:00:00,110.385817538,84.5699856725,92.2062635564,215.03728981,74.6871457121,1.28294620275e-05,92.2063229199,0.0150024161773,186.3368272,211.966518643,211.968493029,211.967424602,85.4738246727,211.971629315,183.714855393,211.967573648,211.96827906,211.968393242,92.2063220199,0.0150682328986,52.2113280949,70.4848564825,211.968551815,211.968504456,177.624958423,211.96863488,92.2074027658,0.0176552802463,92.2062301418,191.59269709
2011-09-16 22:00:00,110.38581592,84.5699850998,92.2062619796,215.037286521,74.6871451114,1.26683318627e-05,92.2063233219,0.0150018730061,186.336825952,211.96651768,211.968488147,211.967424117,85.4738245402,211.971626853,183.714855014,211.967573553,211.968278576,211.968392244,92.2063209897,0.0150677171731,52.2113251752,70.4848487469,211.96855171,211.968502877,177.624958376,211.968613498,92.2074024269,0.0164767321804,92.2060865861,191.592705597
2011-09-16 23:00:00,110.38581418,84.5699850518,92.206261544,215.037283537,74.6871449257,1.25140190481e-05,92.2063234791,0.0150013854854,186.336824582,211.966516804,211.96848203,211.967423561,85.4738242857,211.971626189,183.714854697,211.967573449,211.968277992,211.968391031,92.2063205593,0.0150588782849,52.2113230308,70.4847692377,211.968551605,211.968500855,177.624958319,211.968596443,92.2074018032,0.0158722184103,92.2060213158,191.592715122
2011-09-17 00:00:00,110.385813183,84.5699842003,92.2062609276,215.0372811,74.6871432331,1.24326915804e-05,92.2063196353,0.015000748101,186.336822606,211.966515918,211.968474515,211.967423099,85.4738241831,211.971624262,183.714854369,211.967572977,211.96827723,211.968389795,92.2063204447,0.0150410400766,52.2113217044,30.6609157613,211.968551495,211.968498931,177.62495825,211.968526412,92.2074010213,0.0157861093265,92.2059725796,191.592732813
2011-09-17 01:00:00,110.385811798,84.5699848679,92.2062602717,215.037277527,74.6871409218,1.23949920245e-05,92.2063233733,0.0150003506672,186.336820431,211.966514898,211.968476657,211.967422518,85.4738236797,211.971622417,183.714853786,211.967572562,211.968276618,211.968388603,92.2063205261,0.0150500832119,52.2113203318,30.6609033668,211.968551383,211.968496786,177.624958217,211.968550725,92.2074002757,0.0158165127834,92.205966691,191.592746979
2011-09-17 02:00:00,110.385811402,84.5699860058,92.2062597807,215.037273497,74.6871387498,1.24364857801e-05,92.2063222419,0.0150002206774,186.336817645,211.966513308,211.968474605,211.967421845,85.4738230795,211.971619897,183.714852941,211.967572119,211.968275966,211.968387102,92.2063208177,0.0150516112419,52.2113193297,0.015421240525,211.968551232,211.96849402,177.624958142,211.968588897,92.2073989505,0.0177738235306,92.2060163669,191.592748438
2011-09-17 03:00:00,110.385812046,84.5699875311,92.2062587573,215.037268758,74.6871381274,1.2486493292e-05,92.2063171642,0.0150001820589,186.33681254,211.966511404,211.968466998,211.967421032,85.4738230052,211.97161681,183.714851771,211.967571541,211.968274974,211.968385171,92.2063211372,0.0150606775574,52.2113180201,0.0150361334194,211.968551066,211.968490337,177.624958052,211.968580344,92.2073968691,0.0184802489313,92.2063149367,191.592848276
2011-09-17 04:00:00,110.385811547,84.5699878511,92.2062577125,215.037260371,74.687137863,1.25552649359e-05,92.2063138209,0.0150001770972,186.336804993,211.966506732,211.968450713,211.967419911,85.4738230602,211.971609383,183.714848788,211.967570478,211.968272975,211.968381136,92.2063217137,0.0150707004541,52.2113169732,0.0150151759562,211.968550852,211.968485295,177.624957943,211.96855682,92.2073929462,0.0186059134235,113.833062998,191.593001393
2011-09-17 05:00:00,110.385808869,84.5699863774,92.2062556784,215.037230903,74.6871373817,1.26652527184e-05,92.2063026587,0.0150002473194,186.336789996,211.946092772,211.959838094,211.967418216,85.4738233945,211.971589209,183.714796496,211.967567454,211.968262307,211.9683405,92.2063221869,0.0150772032456,52.2113159317,0.015009527829,211.968550312,211.96847004,177.624957721,211.968560483,92.207373718,0.0159887361452,92.2074011168,191.593029968
2011-09-17 06:00:00,110.385718819,84.569981813,92.2062525516,161.277815631,74.6871357076,1.29358334009e-05,92.2062743749,0.0150001501717,81.056506706,1.47843250318,0.020601565691,211.967414618,85.4738225208,0.0105885578697,0.0103963276258,92.206340886,0.010103186453,0.0101118208337,92.2063203601,0.0150836401393,52.2113162087,0.0150067956713,211.968522815,0.0200358676967,177.624957243,211.96852511,74.6873854035,0.0152981952244,92.2065225299,191.59298737
2011-09-17 07:00:00,82.7893479794,84.5699481659,92.2061049801,161.277718333,0.0199993891592,1.31177603316e-05,74.6871226281,0.0150001739258,65.6557865112,1.47839629102,0.0205629759734,211.967369733,85.4738127353,0.0103889021538,0.0103859218735,0.0150662687547,0.0100820293258,0.0100877809383,92.2062174755,0.0150740296616,52.2113153561,0.0150059515224,92.2063399302,0.0191486091422,177.624942304,211.9685184,74.6873672113,0.01524240929,92.2060003572,191.592840547
2011-09-17 08:00:00,82.7893135208,36.7879534469,92.2060941613,161.276753732,0.0150872077366,1.31856455245e-05,69.2108003047,0.0150001562586,65.6557612244,0.0100097554884,0.0200061690044,0.010098531466,85.4705017322,0.0103235419677,0.0100347503722,0.0150586441836,0.0100564211616,0.0100268048822,92.2060974854,0.015045642999,52.2113135454,0.0150064998959,92.2063380364,0.0191046677608,0.015006112483,158.976518912,74.6873625485,0.0151828767681,92.2059270542,191.592699316
2011-09-17 09:00:00,82.7887242698,36.7879462991,92.2060777895,0.0100349357504,0.0150811391812,1.31215714784e-05,0.0150115833107,0.0150001491265,0.0199863130648,0.0100049641622,0.0199826111559,0.0100777077491,64.1054126442,0.010024992898,0.0100051528618,0.0150327806129,0.0100060233207,0.010006021408,0.0200006083231,0.0150301642058,52.2113109474,0.0150053323774,0.0100352319594,0.010097319864,0.0150037098033,158.976523585,74.6873439787,0.0150759365391,92.2059326415,191.592664107
2011-09-17 10:00:00,0.0100088142958,36.7879442819,0.0200708666346,0.0100184621239,0.0150121721119,1.30492351585e-05,0.0150049319677,0.0150001423419,0.015015489881,0.0100066483839,0.0199618510839,0.0100445586663,64.10538986,0.0100135277856,0.0100048334981,0.0141238019769,0.0100045162513,0.0100047828313,0.0199997487319,0.0150223155413,52.2113078423,0.0150068128612,0.0100016556782,0.0100382312231,0.0149927885306,158.976533969,0.0147549072982,0.0150336991211,92.2060001878,191.592626234
2011-09-17 11:00:00,0.0100069969406,36.7879456301,92.206058518,0.0100253462299,0.0150016611,1.2965040279e-05,0.0153565774395,0.0150001923599,0.0150411128427,1.47841485695,0.0199820726881,0.0100051482372,0.01021871088,0.0100144898238,0.0100081031194,0.010040567924,0.0100050672089,0.0100057218064,0.0199994346106,0.0150179968614,52.2113037676,0.0150147143524,0.0100012112568,0.0100383677041,0.0100018397024,158.976543796,0.0100544640443,0.015056220421,92.206031912,191.59258811
2011-09-17 12:00:00,0.0100139249695,36.787953843,92.2061838822,161.277184355,0.0150062818156,1.28753907126e-05,74.686937884,0.0150004586929,0.0200034599023,1.47842581084,0.020009420986,0.0100035300508,64.1053598335,0.0100319545314,0.0103676922863,0.0148603449899,0.0100137504266,0.0100164985222,0.0200001108102,0.0150199606741,52.2112993815,30.6608846061,0.0100032371531,0.0100944687961,0.0100017389013,158.97661473,69.1550426673,0.0151644340767,92.2060155698,191.592608579
2011-09-17 13:00:00,82.7892690334,84.5699435352,92.2061172969,161.277722033,0.0150092747989,1.28710574972e-05,74.687107537,0.0150000317028,65.6557603115,1.47843008622,0.0205741642519,0.0100043176577,64.1054283768,0.010357262695,0.0103891135259,0.0150515456891,0.0100782811082,0.0100848073146,0.0200119132815,0.0150096532533,52.2112990086,30.66090811,92.2063293502,0.0191041462114,0.0100171707555,158.976471161,74.687356119,0.0152434132709,92.2061515488,191.592666445
2011-09-17 14:00:00,82.7893229715,84.5699829766,92.2062239243,161.277780521,0.0150248637776,1.28835928161e-05,74.6871165847,0.015000179893,65.6557822007,1.47844798741,0.0207955322614,0.0100130607046,85.4737299601,0.0103955646169,0.0104090907427,0.0150594298342,0.0100888992186,0.0101001864694,92.206226609,0.0150054534,52.2113000869,30.6609155476,92.2063389669,0.0191461529997,0.014999794935,158.976481821,74.6873694581,0.0156358806332,211.966169433,191.592899545
2011-09-17 15:00:00,110.384090765,84.5699901359,92.2062564157,215.036757954,0.0150842338569,1.29683957362e-05,92.2062902084,0.0150009191928,81.0565061581,1.97026028521,211.968276432,0.0100733167925,85.4738132271,0.0115685723205,183.714802656,0.0150833696761,92.2057346903,211.968162481,92.2063220276,0.015011126495,52.2112987856,30.6609343417,92.2063541158,0.0194650366574,0.0150036727403,158.976493412,92.2062621067,0.03498623384,211.967598237,191.593098642
2011-09-17 16:00:00,110.385745699,84.5700037033,92.2062604604,215.037068934,0.0199546272519,1.30348797992e-05,92.2063175061,0.0150033226463,81.0565242953,1.97027515167,211.968337537,0.0100851552301,85.4738229045,98.3839745592,183.714821424,0.0185967556749,92.2057926503,211.968421869,211.968542347,0.0150284509898,52.211295766,70.4840719064,211.968532957,211.961480766,0.015006070159,211.968070909,92.2066489036,0.0350802084457,211.967720758,191.5931521
2011-09-17 17:00:00,110.385757384,84.5702236578,92.2062632665,215.037091174,0.0199986582824,1.31229813834e-05,92.2063236038,0.0344151750728,81.0565268199,1.97027808532,211.968343833,92.2057404024,85.4738253728,98.3839935486,183.714824491,0.0185983385654,92.205796451,211.968428044,211.968551815,0.0150435240593,52.2112924116,70.4847653557,211.968534246,211.961504929,0.019790935811,211.968479037,92.2066540557,0.0351041463699,211.967874719,191.593153204
2011-09-17 18:00:00,110.385755884,84.5701794071,92.2062696934,215.037097298,0.0200001879012,1.31144736368e-05,92.2063243272,0.0344878715428,81.0565277986,1.97027954398,211.968349983,92.2060067454,85.4738252559,98.3839982209,183.714825382,0.0185981176851,92.2057975535,211.968429687,211.968551819,0.0150550855006,52.211296692,70.4848424601,211.968534469,211.961510631,0.0197923093066,211.96845086,92.2066556152,0.03510254989,211.968034517,191.593038036
2011-09-17 19:00:00,110.385755073,84.5700463203,92.206267846,215.03709767,0.0200004802327,1.29685759704e-05,92.2063252603,0.0344881943914,81.0565278116,1.97027985855,211.968345714,92.2060104367,85.4738251376,98.3839987943,183.714825416,0.0185990843833,92.2057977621,211.968430205,211.968551489,0.0150544843713,52.211293787,70.4848341053,211.968534522,211.961511915,0.0197925094364,211.968477475,92.2066558769,0.0350885616199,211.967886442,191.592707773
2011-09-17 20:00:00,110.385755078,84.5700519708,92.2062730194,215.037095541,0.0200017983824,1.28478091736e-05,92.2063241532,0.0344881831424,81.0565273873,1.97027965577,211.968343591,92.2060113563,85.4738249421,98.3839989139,183.71482526,0.0185991729788,92.2057976002,211.968429832,211.968551955,0.0150441775926,52.2112882949,70.4848198192,211.968534518,211.961512039,0.0197925812688,211.968445858,92.2066557247,0.0350766144027,211.967768003,191.592596951
2011-09-17 21:00:00,110.385752515,84.5700079918,92.2066317955,215.037093413,0.0200024203515,1.26981017307e-05,92.2063279443,0.0344879235956,81.0565265594,1.97027919496,211.968340376,92.2060116531,85.4738246445,98.3839973804,183.714825,0.0185991763994,92.2057973601,211.968429138,211.968550677,0.0150199721306,52.2112816159,70.4847938932,211.968534471,211.961510694,0.0197926516581,211.968454838,92.2066554159,0.0350727058361,211.967668462,191.592201762
2011-09-17 22:00:00,110.385750344,84.5699988984,211.968314531,215.03709055,0.0200023756482,1.25701572033e-05,92.2063291709,0.0344872717671,81.0565254791,1.97027850423,211.968336206,92.2060115818,85.473824814,98.3839951892,183.714824678,0.0185991662674,92.205796992,211.968428284,211.968549122,0.0150117422146,52.2112667264,70.4841360693,211.968534386,211.961509749,0.0197926366019,211.968419219,92.2066549605,0.035068989533,211.967610739,83.3430459404
2011-09-17 23:00:00,110.385746847,84.5699961101,211.968338306,215.037087215,0.0200024741188,1.24003804344e-05,92.2063299571,0.0344855075393,81.0565251274,1.97027755386,211.968332163,92.2060113636,85.4738246262,98.3839930672,183.714824333,0.0185992936847,92.2057965285,211.968427151,211.968547697,0.0150078917517,52.2112311077,30.6610360785,211.968534287,211.961508688,0.0197925895983,211.968183629,92.2066541663,0.035065985967,211.9675439,83.3428693976
2011-09-18 00:00:00,110.385741563,84.5699967605,211.968347957,215.037084494,0.0200036293733,1.22985787888e-05,92.2063278228,0.0344533196717,81.056528496,1.97027663504,211.968326268,92.2060110015,85.4738245143,98.3839919068,183.714823981,0.0185988111865,92.2057957932,211.968426102,211.968548376,0.0150018465352,22.7120303119,57.0920189466,211.968534168,211.961507182,0.0197924470481,158.976777885,92.2066526953,0.035059435875,211.96745059,83.3428134023
2011-09-18 01:00:00,110.385736651,84.5699978855,211.968348623,215.037080419,0.0200024968478,1.22704154686e-05,92.2063300422,0.0343431520393,81.0565269114,1.9702756942,211.968321197,92.2060106454,85.4738243243,98.3839899925,183.714823358,0.0185989869511,92.2057950393,211.968424995,211.968551005,0.0150012657926,22.7118965996,57.0919274528,211.968534056,211.961505467,0.0197923798075,211.968353474,92.2066510989,0.0350647435088,211.967455854,83.3428114585
2011-09-18 02:00:00,110.385733325,84.5700004175,211.968346889,215.037076008,0.0200018471603,1.22779997938e-05,92.20632491,0.0258369979949,81.0565236743,1.97027417818,211.968316185,92.2060100803,85.4738237872,98.3839867639,183.714822493,0.0185986244092,92.2057942159,211.968423825,211.968551117,0.0150007908753,0.019196080939,57.0923558772,211.968533907,211.961502125,0.0197922684427,211.968285222,92.206649107,0.0350641467911,211.967388065,83.3427927581
2011-09-18 03:00:00,110.385731229,84.5700027928,211.968345148,215.037069079,0.0200013070327,1.22771731158e-05,92.206320991,0.0258110657481,81.0565187167,1.97027179595,211.968306957,92.2060094893,85.4738239791,98.3839824405,183.714820704,0.0185981272466,92.2057930466,211.968422252,211.968552567,0.0150003154703,0.0150390795646,70.4847067926,211.968533688,211.961498158,0.0197921214104,211.968326779,92.2066461606,0.0350697140167,211.967199666,83.3427644927
2011-09-18 04:00:00,110.385725461,84.5700014345,211.968343416,215.037057008,0.0200004501808,1.23499624285e-05,92.2063165822,0.0258685019187,81.0565087968,1.97026524324,211.968280863,92.2060085596,85.4738242464,98.3839744313,183.714816717,0.0185971896473,92.2057905925,211.968419745,211.968553334,0.0150001968806,0.0150158397631,70.4848275507,211.968533294,211.961491867,0.0197919053969,211.968224705,92.2066401644,0.0350713445566,211.966721659,83.3427340331
2011-09-18 05:00:00,110.385709725,84.5699893048,211.968340637,215.037019646,0.019999186333,1.24230712593e-05,92.2063120798,0.0343917437338,81.0564936671,0.0108802875419,92.2062793899,92.2060068761,85.4738234434,98.3839459153,183.714099968,0.0185946159003,92.2057772219,211.968396057,211.968553802,0.015000076155,0.0150093750963,70.484839854,211.968532331,211.961475751,0.0197914904079,158.977319303,92.2066069544,0.0350373048092,211.82248891,0.0201993625412
2011-09-18 06:00:00,0.0153933984683,84.5699834526,211.968355838,0.01052113214,0.0199965090169,1.25729954376e-05,92.2063218845,0.0344317659884,0.0200636889005,0.0100403591014,0.0202661286514,92.2060023637,85.4738227503,0.0104660175065,0.0100541369858,0.0150645280894,0.0100569807321,171.694411669,211.968553885,0.0149995120611,0.0150060025287,70.481662207,0.0150485083842,158.970640911,0.0197906635085,158.976419273,0.0101768094461,0.0348552662084,92.2059414265,0.0199914625357
2011-09-18 07:00:00,0.0152968970789,84.56997715,211.968239567,0.0103481509583,0.0150043340582,1.27908183782e-05,74.6872202974,0.0342496791226,0.0200435229711,0.0100238144291,0.0202149182747,92.205860899,85.4738233581,0.0103821409064,0.0100431395111,0.0150349451521,0.0100407297061,171.694399602,211.968552453,0.014999895549,0.0150062297401,30.6609760873,0.0149984642211,158.970456295,0.0150058783965,158.97636444,0.0101292915527,0.0249594574168,92.2035119087,0.0198043294599
2011-09-18 08:00:00,0.0150312710271,84.5699601802,92.2063017935,0.0101385547569,0.0150005139639,1.29462779528e-05,74.6871243504,0.0150955198452,0.0199926683486,0.0100048123898,0.0200011209171,0.0100490633451,85.4738239504,0.0102399138215,0.0100065059948,0.0150265576104,0.0100177398992,92.2064164664,211.968542802,0.0150004787511,0.015005572734,30.660930961,0.0149967033022,158.970395435,0.0124483220298,158.976289461,0.010064082646,0.0235832476464,74.6868604982,0.0172171485169
2011-09-18 09:00:00,0.0149504899039,36.788031925,92.2062637823,0.0100204598878,0.0149999274594,1.29809765285e-05,69.2108696414,0.0150222242917,0.0150062471826,0.0100027826589,0.0199777390997,0.010033911025,85.4738236799,0.0100177251155,0.0100029760397,0.0150028902487,0.0100045304131,0.0100118060977,171.69455568,0.0150010731195,0.0150042050788,30.660931878,0.014961383458,0.0100737308431,0.0124463382661,158.97628019,0.0100138840369,0.017030938411,74.6855726656,0.0169157149804
2011-09-18 10:00:00,0.0100326258054,36.7879701219,92.2062594498,0.0100151954277,0.0149997484078,1.29732672194e-05,0.0198243002162,0.0150072667256,0.0149973262211,0.0100026441309,0.0198557874574,0.0100107537804,85.4738213639,0.0100107816195,0.0100025557308,0.0149989105914,0.0100032630134,0.0100090155335,171.694496935,0.0150011045617,0.0150028856406,30.6609219567,0.0100099684201,0.0100274975436,0.0124430411964,158.976269051,0.0100104889591,0.0213857280361,0.016087243258,0.0166584735312
2011-09-18 11:00:00,0.0139601454549,84.5696670966,92.2062550066,0.0100195509163,0.0149996516453,1.29933116202e-05,0.0197158684159,0.015004942501,0.0149987475377,0.0100038868327,0.0199823452724,0.010004367947,85.4738178148,0.0100113750212,0.0100037471841,0.0150006718774,0.010003877995,158.976072669,158.976445221,0.0150007826346,0.0150022186242,30.6609200491,0.0100054163747,0.010029833199,0.0100038059523,158.976242886,0.0100117379917,0.0242645046226,74.6845955395,0.0154747834915
2011-09-18 12:00:00,0.0150057048267,84.5699699298,92.2062642349,0.0100658207594,0.0149996816149,1.29910516817e-05,74.6871275883,0.0150042449538,0.0150209020986,0.0100126722362,0.0202067464205,0.0100031180538,85.4738132948,0.0100236693857,0.010021720427,0.0150089878655,0.0100092376381,171.694403853,171.694527645,0.0150004857879,0.0150008648768,30.6609157037,0.0149484189329,0.0101880873929,0.0100017715116,158.976150885,0.010022237738,0.0163775571144,74.6867635783,0.0165779832919
2011-09-18 13:00:00,0.0152840022916,84.5699805953,92.2062667947,0.0103071759773,0.0149995791483,1.29726362104e-05,74.687135518,0.0150033154829,0.0200462595465,0.0100313850847,0.0202656552262,0.0100036576006,85.4738070259,0.0103662276273,0.0100475457477,0.0150268666299,0.0100374018546,171.694410636,171.694548033,0.0149997134626,0.0150008170608,30.6609192082,0.0149970454982,158.970423994,0.0122192093048,158.976295708,0.0101188556493,0.0242301436729,92.2055430047,0.0169560798762
2011-09-18 14:00:00,0.0153142718083,84.5699865987,92.2062805223,0.010366368977,0.0149997420362,1.29645503355e-05,92.2063226163,0.0150030546338,0.0201499065379,0.0100535021331,92.2062601192,0.0100077687391,85.4738116211,0.0104032757078,0.0100675296186,0.0150348007458,0.010048065377,171.694441528,211.968522831,0.0150016037443,0.0150014742324,30.6609405332,0.0149980903009,158.970466907,0.0124450409582,158.976333726,0.0101410799574,0.0301538963555,92.2059304428,0.0199655888307
2011-09-18 15:00:00,110.385052901,84.5699974894,92.2063131349,0.0117187381727,0.0150000167168,1.29862196733e-05,211.968167416,0.0150037937282,81.0565041201,0.0135656017702,211.968410333,0.0100307658461,85.4738197403,0.0155244411395,183.714553014,0.0151005889144,92.2062331546,211.968484953,211.968550005,0.0150115793995,0.0150025630026,70.484821762,0.0150006112584,211.96338392,0.0124465309657,158.976376685,0.015431185835,0.0323606750131,92.2059753659,0.0200192702278
2011-09-18 16:00:00,110.385776345,92.1970099096,211.968384048,215.037822464,0.015001867099,1.30815893895e-05,211.968514078,0.0150300799468,81.0565062857,0.0135832223493,211.968441613,0.0100419391879,85.4738240709,211.967437968,183.714567212,92.2062140478,92.2063649239,211.968507583,211.968552986,0.0150856469362,0.0150037941005,70.4848422614,0.0185175799286,223.744028347,0.0124483867347,211.967817436,92.2060234876,0.0348371598741,92.2059504086,0.020071447019
2011-09-18 17:00:00,110.385800975,92.1973687214,211.968411247,215.037858062,0.0199895990139,1.31677210154e-05,211.968531017,0.03448252087,81.0565038712,0.0135861166019,211.968446842,0.0150911838326,85.473825682,211.967464014,183.714570009,92.2063533216,92.2063693083,211.968512065,211.968553838,0.0346267732993,0.0150045763269,70.4848375805,0.0185184778458,223.744095198,0.0153661808127,211.968391855,92.2060349747,0.0347000193862,92.2059349888,0.0200949060368
2011-09-18 18:00:00,110.385808652,84.5701770915,211.968412771,215.037865962,74.6868535897,1.32531357373e-05,211.968539781,0.0344876965053,81.0565093208,0.0135878238705,211.968446336,92.2060218847,85.4738260539,211.967472893,183.714570761,211.968397089,92.2063708246,211.968513464,211.968553404,0.0346570344321,0.0150067319047,70.4846783733,0.0185186394558,223.744111414,0.0153702132616,211.968447075,92.2060384876,0.0305624297168,92.205893764,0.0200231045996
2011-09-18 19:00:00,110.385812372,84.5700046839,211.968413049,215.037867894,60.4963922759,1.31692421028e-05,211.968540178,0.0344872126273,81.0565062801,0.0135880594019,211.96844603,92.2060269234,85.4738262524,211.967474139,183.714570794,211.968496051,92.2063710327,211.968514091,211.968551043,0.034684409461,0.0150080460349,37.8532289461,0.0185186955096,223.74411372,0.0153706235786,211.96844021,92.2060388814,0.0302640862762,92.2056257431,0.0200060448114
2011-09-18 20:00:00,110.385818053,84.5699982254,211.968412134,215.037866436,74.6869377984,1.29483657195e-05,211.968540145,0.034462608277,81.0565069729,0.0135879670982,211.968445809,92.206028546,85.4738259769,211.967474344,183.714570566,211.968541836,92.2063706863,211.968513944,211.968542814,0.0346995085324,0.0150102574198,37.851990112,0.0185186964268,223.744111765,0.0153708765274,211.968427897,92.2060390814,0.0295343057242,0.0399859668333,0.0199862289394
2011-09-18 21:00:00,110.385816838,84.5699898398,211.968409938,215.0378629,74.687062243,1.27124975032e-05,211.968539171,0.0343608749744,100.069519155,0.0135879220084,211.968443765,92.2060293024,85.473825212,211.96747172,183.714570151,211.968559169,92.206370444,211.968513203,211.96819211,0.0346836205784,0.0150112388626,30.6609371593,0.0185186116065,223.744107579,0.0153710815292,211.968422744,92.2060393888,0.0157094841262,0.0151731044273,0.0199665300315
2011-09-18 22:00:00,110.385815091,84.5699855332,211.968405863,215.03785957,74.6870333906,1.24941006418e-05,211.968537324,0.0342617766019,81.0646146658,0.0135868316853,211.968441136,92.2060294939,85.4738251599,211.967468175,183.714569757,211.9685674,92.2063699673,211.968512623,171.694492456,0.0346704427369,0.0150081890069,30.6609223453,0.0185185176136,223.744096833,0.0153711932353,211.968399456,92.2060394258,0.0153507307691,0.0150360436803,0.0199509581917
2011-09-18 23:00:00,110.385814428,84.5699830872,211.968398412,215.037857417,74.6871194502,1.23787496756e-05,211.968535104,0.0342127789535,100.069645754,0.0135865891081,211.968438665,92.206029534,85.4738251338,211.96746671,183.714569422,211.968570366,92.2063696698,211.968511566,171.694488058,0.0346596912583,0.0150074785623,30.6609167583,0.0185184309377,223.744095012,0.0153712721143,211.968409707,92.2060388742,0.0152756185863,0.0150140791684,0.0199430537763
2011-09-19 00:00:00,110.385813464,84.5699793548,211.968404747,215.037856203,74.6871215011,1.23025067858e-05,211.968530988,0.0342551086938,81.0565370149,0.0135852864674,211.968430786,92.2060294997,85.4738248367,211.967466249,183.714569213,211.968578432,92.2063669786,211.968510467,211.968482898,0.0346193070403,0.0150143135118,30.6609182946,0.0185183320157,223.7440856,0.0153712168502,211.968409824,92.2060367215,0.0152203951979,0.0150030604237,0.0199147364603
2011-09-19 01:00:00,110.385813348,84.5699782234,211.968400519,215.037855466,74.6871300163,1.23123217962e-05,211.968532111,0.0150777441388,186.336633598,0.0135842481004,211.968429805,92.2060294213,85.4738247349,211.967466264,183.714568964,211.968583655,92.2063680839,211.968509901,211.968333831,0.0345138623025,0.0150184400651,30.6609161254,0.0185182184083,223.744081056,0.015371344794,211.968407814,92.2060369329,0.0151487226358,0.0150002603888,0.0199134944486
2011-09-19 02:00:00,110.3858182,84.569976873,211.968387349,215.037856456,74.6871323751,1.23282148171e-05,211.968531818,0.0150082956815,186.336737341,0.0135827135606,211.968431655,92.2060293062,85.4738243601,211.967466779,183.714568414,211.968587732,92.2063692377,211.968509325,171.694486409,0.025494896665,0.0150186731843,30.6609160411,0.0185181116401,223.74409366,0.0153714214833,211.968434573,92.2060375128,0.0150654843351,0.0149998685762,0.019943857834
2011-09-19 03:00:00,110.38582657,84.569976,211.96836312,215.037857865,74.6871340873,1.25036017084e-05,211.968528739,0.0150134834282,186.336760477,0.0135800494975,211.968434902,92.2060290298,85.4738251713,211.967467797,183.714567794,211.968591052,92.2063702703,211.968509175,171.694483047,0.01637784266,0.0151591539635,30.6609149165,0.0185181179299,223.744108688,0.0153715095246,211.968464237,92.2060369068,0.0150304530897,0.0150025147213,0.0199941332944
2011-09-19 04:00:00,110.385836141,84.5699692477,211.968362489,215.037862645,74.6871360531,1.28863544841e-05,211.968528352,0.0256426838793,186.336766299,0.0135737150508,211.968433707,92.2060285965,85.4738265021,211.967469146,183.714565817,211.9685923,92.2063709604,211.968508966,211.968485035,0.0152787292546,22.71188574,30.6609170467,0.0185181654332,223.744146563,0.0153716050359,211.968478176,92.2060355785,0.0150193955795,0.0150088405708,0.0200176503947
2011-09-19 05:00:00,110.385839175,36.7879548362,211.96836709,215.03786298,74.6871380777,1.3447850691e-05,211.968526925,0.0344871931062,186.336767197,0.0102807835436,211.968371858,92.2060282001,85.4738275728,211.967463648,183.714525562,211.968592906,92.2063675473,211.968496723,211.968488104,0.0152688619295,52.2112110132,30.6609195813,0.0185180490972,223.744157747,0.0153715569199,211.968489248,92.2060259653,0.0150104305558,0.0150071936742,0.0199866165825
2011-09-19 06:00:00,110.385839813,36.7879448949,211.968301921,174.180694667,74.6871366726,1.35598398221e-05,211.968522893,0.0344884174858,186.336761498,0.0100633818911,92.2063429109,92.2060266547,85.4738270451,171.693654823,0.0200886553864,211.968592198,74.6871631471,171.694494911,211.968433349,0.0151487612311,52.2112345674,30.6609255906,0.0185125122715,223.744134883,0.0153712343868,211.968476413,69.1546462747,0.0150031263633,0.0150041931612,0.0186853377672
2011-09-19 07:00:00,110.385831633,36.7879382229,92.2062635557,174.180658728,74.6871336382,1.34717480955e-05,211.968389641,0.0344639458397,150.932817402,0.0100549141423,92.2063085874,92.2060097932,85.4738245192,171.693621528,0.0200807156977,211.968588751,74.6871561471,171.694484339,92.2063224723,0.0157680847698,52.2112328369,30.6609149223,0.0149997812432,223.744011739,0.0153642914184,211.968144956,69.1546026684,0.014998819078,0.0150003894835,0.0169797813407
2011-09-19 08:00:00,110.385807679,36.7878549425,92.2062580372,174.18063431,60.4965897714,1.34087830229e-05,171.694469683,0.0150049356668,150.932785019,0.0100350307733,92.2061752716,0.0105402962904,85.4738209788,0.0154133012793,0.0200711000261,211.968468369,0.0152648731734,0.0102207678244,92.206320608,0.0154381103946,52.2112291376,30.6609068379,0.0149987939572,181.232824823,0.0124460243022,158.976413464,69.1544431048,0.0149937467042,0.0149972399021,0.0168856269464
2011-09-19 09:00:00,110.38577531,0.0150085653148,74.6873067894,174.180566892,60.4965785447,1.3374674069e-05,92.206322865,0.015002689232,150.932782943,0.0100056642746,0.0200028045518,0.0105257322678,85.4738216829,0.015252127211,0.0199181475378,171.694567989,0.0100156284447,0.0100104794751,92.206310626,0.0153340611931,52.2112319589,0.0162314107585,0.0149984295215,181.232794905,0.0124444333715,158.976330778,0.0100217973706,0.0149904661143,0.0149956356015,0.0168702914119
2011-09-19 10:00:00,110.385745611,0.015004407531,0.0200035145015,174.180601669,56.0155386961,1.33222230964e-05,0.015005642647,0.0150016869379,150.932781617,0.0100037532134,0.019980215318,0.010462924825,85.4738157553,0.0152489384867,0.0100146150723,171.694564572,0.0100061147113,0.0100108483874,92.2062990737,0.0151459599559,52.2112258155,0.0150146727655,0.0149974792659,181.232797738,0.0123159256168,158.976174375,0.0100121814876,0.0149906181343,0.0150012185631,0.0169993365955
2011-09-19 11:00:00,110.385763559,0.0150050784891,0.0199998946165,174.180685668,56.015296931,1.32678719719e-05,0.0149988677446,0.0150014373603,150.932782623,0.0100040509323,0.0199998888688,0.0100060051394,85.4738152837,171.693657273,0.0100324478148,171.694566267,74.6870643344,171.694469219,92.2062936777,0.0150953828648,52.2112235633,0.0150067418418,0.0149967459198,211.96845879,0.0100013376478,158.976077691,0.0100254448913,0.0149941738038,0.015027298549,0.0171942700522
2011-09-19 12:00:00,110.385705141,0.0150074559634,0.0199997452016,174.180718335,56.0154312065,1.32760236922e-05,0.0199859801705,0.0150015326523,150.93278781,0.0100122191272,92.2060178797,0.0100055341466,85.47381344,171.693988869,0.0200035714078,171.694587597,74.6871639551,171.694492226,92.20630576,0.0150684647822,52.2112356747,0.0150038979219,0.0149969003174,223.744097132,0.0100009172446,158.976231826,69.1545192053,0.0150040946064,0.0152684271643,83.3425606348
2011-09-19 13:00:00,110.385789774,0.0150147587576,74.687210822,215.037848303,60.4965776666,1.33242560877e-05,92.2063173819,0.0150016756556,186.331839174,0.0100546980095,92.2063151209,0.0100067388885,85.473823808,226.165356557,0.0200795238957,171.69460518,74.6871728243,171.69450582,92.2063080133,0.0150661710513,52.2112026945,0.0150038469385,0.0149975692533,223.744162219,0.0100018534586,158.97631521,69.1545975748,0.0151128041572,92.2059249342,83.342865875
2011-09-19 14:00:00,110.385806461,0.0150139437312,92.2061245159,215.037901458,60.4965835861,1.32687453747e-05,171.694445286,0.0150016978886,186.336796547,0.0100753688973,92.2064242326,0.0102498817841,85.4738252134,211.968396005,0.0200963973532,211.968520245,74.6872653264,211.968493312,92.2063198475,0.015036566548,52.2112122118,0.0150065299648,0.0149986239248,223.744164663,0.0124410718341,158.976412786,69.1546301261,0.0152783038185,211.96694585,191.592627267
2011-09-19 15:00:00,110.385818387,0.0150094693376,92.20626133,215.037935379,74.6871391475,1.32147573921e-05,171.694481444,0.0150025155141,186.336818994,0.0299469079005,211.968847624,0.0105252419583,85.4738266658,226.16575721,183.714829378,211.968548809,211.967844049,211.968541319,92.2063231226,0.0150485396785,52.2112346753,0.0150195367936,0.0150000873304,223.74416928,0.0124450200583,158.976652217,211.968169935,0.015335316361,211.967614205,191.592837399
2011-09-19 16:00:00,110.385823064,0.0150088446861,92.2063055935,215.037957187,99.5829879974,1.3246821743e-05,211.968519083,0.0150030812957,186.33682592,0.0299730856838,211.969132629,0.0105387034278,85.4738275799,226.165778793,183.714842266,211.968580983,211.967865306,211.968553834,113.834948806,0.0150629589512,52.2112398127,0.0150381830117,0.0185159193346,223.744174106,0.0124515269561,211.968585625,211.968483981,0.0153923691621,211.967670161,191.592962221
2011-09-19 17:00:00,110.385820766,0.0150080196869,92.206512876,215.037974609,99.5829966802,1.34068292033e-05,211.968528503,0.0150035640719,186.336829117,0.0299766100729,211.969143286,211.967349289,85.4738282252,226.165793924,183.714844816,211.968583141,211.967870592,211.968559447,122.940621941,0.0150763683038,52.2112285773,0.0150746750887,0.0185170542911,223.744180141,177.624943374,211.969029439,211.968499052,0.015604845899,211.967757926,191.593017294
2011-09-19 18:00:00,110.385815264,0.0150084969328,92.2065043118,215.037977937,99.5829961359,1.34315080995e-05,211.968527052,0.0150029865115,186.336828477,0.0299786720855,211.969140103,211.967394897,85.4738279932,226.165799772,183.714845294,211.96858835,211.967873891,211.968560562,113.834951081,0.0150848592887,52.2112002639,0.0196108592676,0.0185172584529,223.744178763,177.624945742,211.969157649,211.968504235,0.0156753449267,211.967742443,191.592989689
2011-09-19 19:00:00,110.385802201,0.0150119475345,92.2062702544,215.037974438,99.5829950337,1.32251604855e-05,211.968527548,0.0150014898506,186.336826177,0.0299788684226,211.969137956,211.967397588,85.4738277859,226.165804403,183.714845027,211.96857416,211.967874016,211.968560545,113.834946424,0.0151163931136,52.2095483699,30.6606942244,0.0185172949071,223.744171492,177.624946018,211.969198015,211.96850592,0.0175584015003,211.967668478,191.592881975
2011-09-19 20:00:00,110.385801175,0.0150171382787,92.2062630513,215.03796088,99.5829968804,1.30304897164e-05,211.968527381,0.0150004967543,186.336823975,0.0299788952286,211.969136782,211.967398253,85.4738271367,226.1658038,183.714844788,211.96857306,211.967875598,211.968559246,92.2064401614,0.0153604896852,0.0151560907714,30.6608880939,0.0185172319939,223.744159333,177.624946149,211.969206225,211.968505863,0.0342086992992,211.967521114,191.592712594
2011-09-19 21:00:00,110.385795838,0.0150105101301,92.2062616174,215.037946429,99.5829974543,1.26965192966e-05,211.968528498,0.0150002173192,186.336816985,0.0299786219863,211.969134416,211.967398434,85.4738262786,226.165800319,183.714844736,211.968574022,211.967877118,211.968557354,92.2063240114,0.0168913479313,0.0150244889358,30.660898475,0.0185172321671,223.744146964,177.62494623,211.969206596,211.968507077,0.0345485973753,211.967338901,191.59271872
2011-09-19 22:00:00,110.385785078,0.0150100919287,92.2062600773,215.037927653,99.5829968917,1.24959026423e-05,211.96852773,0.0150000326035,186.336801421,0.0299778971411,211.969130616,211.967398055,85.4738267164,226.165788001,183.714844626,211.968577882,211.967877658,211.96855515,92.2063229608,0.0344115474394,0.0150049462361,30.6609007197,0.0185172455485,223.744130433,177.624946266,211.969209237,211.968508119,0.0347050892936,211.966635041,191.592725349
2011-09-19 23:00:00,110.385735786,0.0150128392151,92.2062581022,215.037919684,99.5829971005,1.23639462631e-05,211.968521368,0.0149999569316,186.336798451,0.0299772540133,211.969125451,211.967397767,85.4738268104,226.165775528,183.714844553,211.96857141,211.967877887,211.968553643,92.2063227487,0.0346199065379,0.0150035326097,30.6609008346,0.0185172657242,223.744122543,177.6249463,211.969213216,211.968508829,0.0347619260093,211.965691252,191.592709592
2011-09-20 00:00:00,89.4125624717,0.0150152847382,92.2062410674,215.03791534,99.5829964825,1.2303000753e-05,171.694557411,0.0149998909104,186.336794851,0.0299763028192,211.969125136,211.967397424,85.4738263859,226.165770343,183.714844374,211.968573051,211.967876893,211.968552398,92.2063223274,0.0346475409389,0.0150034842923,30.6609044537,0.0185172875586,223.744116451,177.624946297,211.969206282,211.968509656,0.0349026084977,211.967264048,191.592733047
2011-09-20 01:00:00,89.4125533179,0.0150227595496,92.206106413,215.037914497,99.5829947038,1.22738385133e-05,171.694522038,0.0149998914613,186.336799538,0.0299755847812,211.969123124,211.967397048,85.473826204,226.165788915,183.714844063,211.968582508,211.967875662,211.968552221,92.20632235,0.0346574237245,0.0150025826071,30.6608948575,0.0185171735685,223.74411834,177.624946334,211.969123011,211.968509266,0.0349444717776,211.967451813,191.592696834
2011-09-20 02:00:00,89.4125586726,0.0150918253666,74.6873137755,215.037915616,99.5829954353,1.2279735933e-05,171.694521137,0.0149999471392,186.336805942,0.0299745927856,211.969121092,211.967396729,85.4738258946,226.16578622,183.714843342,211.968591266,211.967875638,211.968552522,92.206322621,0.0346586714783,0.0150038936787,30.6602750308,0.0185170422946,223.744121934,177.62494634,211.969090021,211.968508949,0.0349766641632,211.967487839,191.592699619
2011-09-20 03:00:00,110.385763613,36.7879095634,74.6874398538,215.03792446,99.5829973032,1.23518627417e-05,211.964111715,0.01500007637,186.336814583,0.0299731704058,211.969122897,211.967396335,85.473826844,226.165792099,183.714842893,211.968597687,211.967876467,211.968553631,92.2063234769,0.0346570885337,0.0150091618274,0.0152554866426,0.0185170417006,223.744139376,177.624946403,211.969158271,211.968509642,0.0350076336775,211.967621025,191.592868268
2011-09-20 04:00:00,110.385817731,36.7879324151,92.2062494858,215.037947606,99.5829985613,1.28056786618e-05,211.968509608,0.0150003132025,186.336819842,0.0299700082775,211.969121633,211.967395738,85.4738274765,226.165806761,183.714841905,211.96859928,211.96787771,211.968556089,113.834929887,0.0346569124144,0.0150989588646,0.0152808164707,0.0185170733819,223.744170643,177.62494647,211.969220096,211.96851107,0.0350201201959,211.967650739,191.592921031
2011-09-20 05:00:00,110.385823941,36.7879229823,92.2062589852,215.03797037,99.5829992192,1.32462101408e-05,211.968524498,0.0150010012497,186.336819124,0.029917285392,211.969084984,211.967394989,85.473828584,226.165812005,183.714829216,211.968600288,211.967877355,211.968557696,113.834934828,0.0346624960289,22.7117907469,0.0151434319171,0.018516934103,223.744176785,177.624946388,211.969267856,211.968508821,0.0348437164805,211.967662673,191.592870112
2011-09-20 06:00:00,110.385821526,0.0150295680744,92.2062614491,215.037902672,99.5829967203,1.33704264244e-05,211.968512238,0.0150022818609,186.336797874,0.0226914800879,211.968506275,211.967392963,85.4738259709,226.165800422,148.809019664,211.968595172,211.967875558,211.968554441,92.2063223196,0.0346760451697,22.7118491768,0.0151097712647,0.0184857953814,223.744155504,177.624946039,211.969239978,211.968496539,0.0153736856846,211.966915005,191.59266884
2011-09-20 07:00:00,110.385813142,0.0150076996682,92.2062601348,215.037864192,74.6871819815,1.3330105804e-05,211.965623355,0.0150019136465,186.336775398,0.0226771623976,211.96829315,211.96736721,85.4738165786,226.165749908,148.809009916,211.968583514,211.967866198,211.968532485,92.2062943675,0.0346581660024,0.0164432747571,0.0150148026815,0.0149978769332,223.744108517,177.624937402,211.96922441,211.966738417,0.0151186202994,171.694076654,191.592586233
2011-09-20 08:00:00,110.381637984,0.0150069926486,92.20625894,215.037837045,74.6871592627,1.32995159292e-05,171.694525906,0.0150011673889,150.932823794,0.0224930877995,171.694730601,92.2058117669,85.4735367413,226.165219359,148.809004549,211.968589309,171.693988473,211.96852614,85.3762524895,0.0152870886347,0.0150514181729,0.0150092776093,0.0149967821775,223.743536181,77.2668530016,211.96921198,171.694502919,0.0150035024953,171.693333123,143.694744421
2011-09-20 09:00:00,89.4125137143,0.0150141464445,92.2062598805,215.037850265,74.6871485425,1.3267678695e-05,211.96393974,0.0150006536927,150.932818741,0.0100146811238,171.694700224,92.2057959909,64.1053822719,226.163942412,148.80895096,211.968573327,171.693982093,211.968511606,0.0200010069458,0.0150914279328,0.0150326563542,0.0150096485377,0.0149891653424,181.232896341,77.2668511195,211.969059794,171.694493474,0.0149998299724,92.2059943149,143.694279205
2011-09-20 10:00:00,82.7894693902,0.0150180848625,92.2062605021,215.037852438,74.6871437521,1.31871490551e-05,211.968422625,0.0150004248226,150.932814258,0.0100090733772,171.694687153,92.2057602381,64.105270253,211.968313348,0.0200784492579,211.968505372,171.693977955,211.968465676,0.0200002093341,0.0150812072796,0.015028023233,0.0150092799542,0.0100057847737,181.232794518,0.0156814602273,211.968520626,171.694485196,0.0150016505684,92.2057251061,83.3428258293
2011-09-20 11:00:00,82.7895142981,0.0150394273581,92.2062610948,215.037858429,74.6871432429,1.31854533538e-05,211.968450323,0.0150004261207,150.932814363,0.0100163069536,171.694682603,0.0100093872719,0.0100231332511,183.194658778,148.80829593,171.694569932,171.693977476,211.968189522,0.0200005449864,0.0151192566313,0.0150305452337,0.0150130186385,0.0148705735221,181.232799095,0.010001868549,158.977038772,171.694440076,0.0150217407841,92.2058110404,83.342980168
2011-09-20 12:00:00,89.4124830355,0.0150210627496,92.2062628158,215.037875792,74.6871423451,1.31492521886e-05,211.968464016,0.015000965458,150.932815589,0.022550858289,171.694685046,0.0100058548603,0.0100202294498,226.165445177,148.809004045,171.694567691,171.693979778,211.968452488,0.0200016867372,0.0151071130898,0.0150289630086,0.0153705374196,0.0149877529685,181.232863531,0.0100019100523,158.977024679,171.694490624,0.0152100361732,92.2057537554,143.694248342
2011-09-20 13:00:00,89.4125136779,0.0152349575937,92.2062614218,215.037908966,74.6871434499,1.31169079757e-05,211.968329256,0.0150007367283,150.932820825,0.0226839998631,171.694697039,0.0100088185733,64.1052468128,226.165553693,148.809010183,171.694569707,171.693985019,211.968531696,92.206286158,0.0151049626764,0.0150084198645,30.6607548992,0.0149965852001,181.232806527,0.0100024009552,158.977055642,171.694502263,0.0152639631649,92.2061900977,143.694482347
2011-09-20 14:00:00,89.4126838249,36.7879345074,92.2062609459,215.037972467,74.68714874,1.31155330128e-05,211.968453452,0.0150012105372,186.336776547,0.0227602714189,211.968456611,92.2056658929,64.1053789236,226.165769617,148.809020854,171.694583239,171.694115855,211.968551156,92.2063197169,0.0150978573864,0.0150073003976,30.6609033504,0.014997592631,211.96856201,77.2668469852,158.977168613,211.967292536,0.0153156828977,211.966708987,191.583652652
2011-09-20 15:00:00,110.385812308,36.7879430582,92.206262309,215.037978799,74.6871632431,1.31354370123e-05,211.968527111,0.0150035626965,186.336806596,197.752423796,211.96873168,92.2057949304,85.473695671,226.165798315,183.714827982,211.968582203,211.967867354,211.968558186,92.2063229453,0.015105341416,0.0150064512155,30.6609163709,0.0150000480195,223.744103661,77.2668518253,211.968417368,211.968499878,0.0158748809219,211.967650161,191.592616044
2011-09-20 16:00:00,110.385825236,36.787955259,92.2062628291,215.037990531,171.694560999,1.31286563751e-05,211.968534587,0.0150230186916,186.336816086,197.75243443,211.968743123,92.2058075142,85.4738192579,226.16580799,183.714832029,211.968602111,211.967871898,211.96856431,113.834980994,0.0153094218603,0.0150073137703,30.6609212742,0.0199390674562,223.74415312,77.266857574,211.96896265,211.968508926,0.033639490596,211.96775745,191.59268228
2011-09-20 17:00:00,110.385828142,84.569731632,92.2062636187,215.037998279,171.69457833,1.31688363729e-05,211.968535899,0.0344803072364,186.336817671,197.752437528,211.968741123,211.967372568,85.4738268062,226.16581182,183.714833062,211.968602794,211.967872722,211.968566553,113.83499191,0.0195228404514,0.0150085893413,30.6609221168,0.0199404233316,223.744164208,177.624952127,211.969294704,211.968511167,0.034191460267,211.967900178,191.592705424
2011-09-20 18:00:00,110.385826117,84.5699570151,92.2062674219,215.037994457,171.694578526,1.32867238058e-05,211.968534031,0.0344895424447,186.336816569,197.752438941,211.96873544,211.967410329,85.4738272948,226.165809895,183.714832771,211.968602628,211.967873406,211.968566083,113.834986811,0.0198781334558,22.7119655363,30.6609170155,0.0199406660638,223.744161067,177.624953754,211.969289206,211.968510881,0.0340457765074,211.967791668,191.592668715
2011-09-20 19:00:00,110.385822501,84.5699536455,92.2062636778,215.037985916,171.694578179,1.31262115156e-05,211.968531465,0.0344881132347,186.33681367,197.752439339,211.968711406,211.967412823,85.473827263,226.165803282,183.714832385,211.968601997,211.967872468,211.968563531,113.834981863,0.0204502368093,22.7118768831,30.6609167012,0.019940694619,223.744154393,177.624953927,211.969256658,211.968509712,0.0339972270649,211.96770295,191.592631273
2011-09-20 20:00:00,110.385822326,84.5699563508,92.2062624978,215.037968076,171.694578868,1.2935025147e-05,211.968530177,0.0344687179846,186.336806675,197.752439466,211.968658078,211.967413504,85.4738266299,226.165794646,183.71483223,211.968601332,211.96787108,211.968560864,113.834966143,0.0159558847012,22.7118043667,30.6609148444,0.0199406560206,223.74414153,177.624953961,211.969244916,211.968509178,0.0339399663223,211.967541023,191.592566897
2011-09-20 21:00:00,110.385817673,84.5699411382,92.206262378,215.037945211,171.694578408,1.26687752992e-05,211.968529605,0.0150811684616,186.336802586,197.752439039,211.968642419,211.967413638,85.4738261124,226.165773904,183.714832135,211.968600824,211.967870883,211.968557904,92.2064456494,0.015108847295,0.0150610199099,30.6609100822,0.0199406293234,223.74413109,177.624953984,211.969234997,211.968508267,0.0338926602806,211.96706403,191.592567052
2011-09-20 22:00:00,110.385817275,84.5695337497,92.206262016,215.037924638,171.694577189,1.24710285589e-05,211.968525795,0.0150085904027,186.336800961,197.752437792,211.968568841,211.967413254,85.4738257977,226.165712175,183.714832107,211.96860049,211.967870065,211.968555417,92.2063532705,0.0150801779529,0.0150141837293,30.6609022097,0.0199405990037,223.744116595,177.624953971,211.969233953,211.968507019,0.0338729266031,211.966006308,191.592524408
2011-09-20 23:00:00,110.385815381,36.7889017888,92.2062621115,215.037914104,171.694576424,1.22874367778e-05,211.968520517,0.0150054456806,186.336800577,197.752437388,211.968525158,211.967412965,85.4738256111,226.165711948,183.714831722,211.968600072,211.96786964,211.968552881,92.2063567281,0.0150552971113,0.015012972705,30.6609009506,0.0199405856627,223.744106667,177.624953976,211.969250941,211.968505955,0.0338575092207,171.694904758,191.592347246
2011-09-21 00:00:00,110.385811271,36.7883482525,92.2062629773,215.037909564,171.694574106,1.22273937306e-05,211.968489787,0.0150064392456,186.336801492,197.752436833,211.968463973,211.967412672,85.4738255745,226.165690496,183.714830866,211.968599509,211.967867856,211.968550959,92.2063417341,0.0150058039015,22.7118489041,30.6608990815,0.0199405036738,223.744101285,177.624953971,211.969236865,211.968503725,0.0340339934236,211.964897087,191.592581157
2011-09-21 01:00:00,110.385812056,36.788443911,92.2062626593,215.037906628,171.694570173,1.2244230379e-05,211.968489613,0.0150046483421,186.336801328,197.752436495,211.96845875,211.967412382,85.4738253308,226.165686651,183.714829057,211.968599257,211.967867381,211.968550851,92.2063528535,0.0150030109662,22.7118647743,30.6608998021,0.0199405244367,223.744095314,177.624953978,211.969247075,211.968503545,0.0338396907015,171.695011993,191.59255328
2011-09-21 02:00:00,110.385815372,84.5698807668,92.2062632246,215.037905512,171.69457045,1.22882383331e-05,211.968500565,0.0150039498921,186.336801267,197.752435694,211.968466183,211.967412015,85.4738248303,226.16573033,183.714826611,211.968599537,211.967867248,211.968551215,113.834979467,0.0150009868531,22.711855392,30.6609107798,0.019940495047,223.744094091,177.624953981,211.969246828,211.968503417,0.0322085775519,211.9643186,191.592564016
2011-09-21 03:00:00,110.385821618,84.5699631736,92.2062639601,215.037912218,171.694574347,1.24143515604e-05,211.968510183,0.0150034543705,186.336801537,197.752434567,211.968492789,211.967411631,85.4738252728,226.165751456,183.714824845,211.968600356,211.967868658,211.968551708,113.834985201,0.0150001477552,22.711868639,30.6609199295,0.0199404517202,223.744098735,177.624954034,211.969220872,211.968502785,0.0333410444095,211.967384805,191.592635203
2011-09-21 04:00:00,110.385824328,84.5699654449,92.2062669837,215.037929902,171.69457664,1.28341762063e-05,211.968517358,0.0150031848568,186.336802699,197.752433211,211.968536471,211.967411087,85.4738264955,226.165755848,183.714820959,211.968599517,211.967868571,211.968553542,113.835083624,0.0149998714727,52.2107209638,30.6609844383,0.0199404336792,223.744109911,177.6249541,211.969213635,211.968501425,0.0334692844809,211.967636137,191.592658662
2011-09-21 05:00:00,110.385821938,84.5699532433,92.2063205353,215.037950725,171.694576572,1.33386142989e-05,211.968515338,0.0150034221227,186.336800988,197.752420303,211.968455468,211.96741041,85.473827188,226.165747087,183.714353847,211.968596835,211.967862026,211.96855294,211.968539875,0.0150002190493,52.2111666545,70.4848101467,0.0199402096697,223.744093865,177.624953993,211.96921431,211.968492917,0.0332904462974,211.96769888,191.592599321
2011-09-21 06:00:00,110.385708803,36.7879498428,92.2064769969,215.037916638,171.69457606,1.34765069098e-05,211.96850368,0.0150032113061,186.336766232,160.179470575,171.694548872,211.967408597,85.4738200972,226.165507087,0.0162267002078,211.968451,0.0153671355709,211.968549549,113.834980515,0.0150008786099,52.2111738698,70.4848290795,0.0199311699456,211.968513453,177.624953557,211.969017122,171.695524773,0.0332103616074,211.967664463,191.591670728
2011-09-21 07:00:00,0.0124403021931,36.7879435509,92.2062667668,215.037877516,171.694500951,1.3415544386e-05,92.2063356584,0.0150017679982,150.932791621,160.179458086,171.694517558,211.967388843,85.4737437793,183.191260288,0.0162095463848,171.694520889,0.0153360493979,211.968540649,92.2063218529,0.0150016916436,52.2111834713,70.4848416313,0.0150002130023,171.694700014,177.624940425,211.968372193,171.694105393,0.0173005137839,211.967671026,143.694719772
2011-09-21 08:00:00,0.0123877459059,36.7879396376,92.2062624998,215.037793874,74.6874755325,1.33536801186e-05,92.2063168952,0.0150004251451,81.0565462922,160.179451895,92.2062976297,92.2060965299,64.1053642267,183.191210831,0.0161972971387,171.694513412,0.0152736138444,171.694612277,74.6870972021,0.0150014772963,52.2111803979,70.4848508428,0.0149987390806,171.69466473,77.2668714776,158.976934097,171.694075976,0.0159057916462,211.967610606,143.694422293
2011-09-21 09:00:00,0.0100076073548,36.7879387229,92.2062591858,174.181393439,74.6873678564,1.32477975041e-05,0.020016621887,0.0150000860057,81.056509184,148.314444663,158.976198149,92.2060767395,64.105318072,169.621847635,0.0100176582686,92.2063808608,0.0100094505034,171.694533822,0.0200150714813,0.01500164021,52.211183393,70.4848464024,0.0149903350677,158.979688882,77.2668695558,158.976816874,0.0147325764498,0.015460188575,211.967283156,143.694067821
2011-09-21 10:00:00,0.0100037979224,36.7879391082,92.2062497486,174.180766407,74.6871498073,1.3216851712e-05,0.0198566113504,0.0149999681857,81.0565063646,0.0146304848046,158.976592471,92.2060538576,0.0100190951379,0.0100354516592,0.0100099581811,0.0100260216618,0.0100058857282,171.694526301,0.020000041281,0.0150017032634,52.2111833426,70.4848372328,0.0100023428916,0.010061366956,77.2668490689,158.976751254,0.0100163991132,0.0154114805783,171.701847223,83.3428514646
2011-09-21 11:00:00,0.0100036093998,36.7879427433,92.206238431,174.180735716,74.6871493596,1.31461346868e-05,0.0199793427284,0.0149999044608,81.0565067417,148.314473789,171.694513135,0.0100135691289,0.0100139103014,0.0100255544947,0.0100261670052,0.0100499855021,0.0100074486641,171.694523303,0.0199996085961,0.0150022016211,52.2111853156,70.484724698,0.0100014158441,0.0100564137654,0.0100024886074,158.976746664,0.0100192298086,0.0153856845326,171.693770504,83.3427654253
2011-09-21 12:00:00,0.0100048118557,36.7879627775,92.206249929,174.18071682,74.6871484718,1.31577278989e-05,0.0200061542887,0.0149998747572,81.0565113362,160.179447168,171.694520986,0.0100071326307,0.0100202909704,0.0100640194579,0.0162019378756,158.976713545,0.0101818763438,171.694526911,0.0199994788537,0.015001522461,52.2111910689,30.6609385759,0.0100030528647,158.977242252,0.0100019178707,158.976756239,0.0156989648385,0.0153734685287,171.693875225,83.3428266868
2011-09-21 13:00:00,0.0100412366324,36.7879616721,92.2062585777,174.180724072,74.6871503586,1.30362362329e-05,92.2063168434,0.0149998588209,150.932787306,160.179455856,171.694547679,0.0100131197032,64.1052780475,169.622288525,0.0162098341605,171.694515246,0.01533247722,171.694531108,0.0200001912385,0.0150010827155,52.2111908236,30.6609245774,0.0149940902744,171.694640491,0.0100050737407,158.976797505,171.694076211,0.0152545450483,211.966523901,143.694299387
2011-09-21 14:00:00,0.0124210689392,36.7900929931,92.2062576165,174.180740811,74.6874674883,1.3082680338e-05,92.2063263618,0.0149998656987,150.932829746,160.179479109,211.968443173,92.2050057242,64.1053616881,183.191218575,0.0162501608214,171.694520854,0.0153436000143,171.694541515,69.1547428824,0.0150032818086,52.2111938278,30.6609179887,0.0149993034672,171.694670909,77.2668643362,158.976825013,171.69410538,0.015146376289,211.967554853,191.592218762
2011-09-21 15:00:00,0.0127708815093,84.5699526072,92.2062582099,215.037629654,74.6874786926,1.30990570229e-05,92.2114905513,0.0149999166113,186.336801399,197.752416072,211.968538331,92.206073881,85.4737262238,183.191391037,0.0200099009824,211.968502528,211.968406247,211.968534773,92.2063126558,0.0150093056279,52.2111950762,30.6609131408,0.015003705904,211.968044914,77.2668699303,211.967961498,211.968311026,0.0150550407901,211.967592681,191.592656469
2011-09-21 16:00:00,110.385798345,84.5699592995,92.2062562959,215.037915926,171.694560217,1.31403124351e-05,113.834978757,0.015000003775,186.33681016,197.752419547,211.968552038,92.206086095,85.4738188327,226.162059255,0.0200171082756,211.968552598,211.968468665,211.968552481,92.2063225616,0.0150566277839,52.2111940429,30.6609089931,211.968537082,211.96874122,77.2668741763,211.968801678,211.968471437,0.0150342699456,211.967556386,191.592738597
2011-09-21 17:00:00,110.385812072,84.5699463837,92.2062556172,215.037928635,171.694597694,1.32700558061e-05,113.834983611,0.0150001027899,186.336818007,197.752420781,211.9685559,211.9673804,85.4738268837,226.162070486,0.0200186167822,211.968554502,211.968472756,211.968554434,92.2063246605,0.0150857636973,52.2111899541,30.6609075679,211.968538497,211.968752526,177.624950167,211.969048754,211.968478399,0.0150278009701,211.967521723,191.592786737
2011-09-21 18:00:00,110.385812844,36.7879508116,92.2062566688,215.037926849,171.69459813,1.33290383867e-05,113.834982961,0.0150000997651,186.336826175,197.752421885,211.968553076,211.967417964,85.4738273222,226.1620728,0.0200191879348,211.968554808,211.968473949,211.968554445,92.2063237296,0.0150922760895,52.2111816891,0.0150686897238,211.968538736,211.96875516,177.624951663,211.9690434,211.968480443,0.0150174164842,211.967384464,191.592792383
2011-09-21 19:00:00,110.385812961,36.7879596921,92.2062286353,215.03792175,171.694596524,1.31983039443e-05,113.83498141,0.0150000752437,186.336812716,197.752421415,211.968551912,211.967420375,85.473827355,226.162072372,0.0200186668217,211.968554853,211.968474383,211.968554004,92.2063225391,0.0151118716055,52.2111693134,0.0187734966301,211.96853881,211.968753358,177.624951837,211.969044087,211.968480945,0.0150100145953,211.966840794,191.592730028
2011-09-21 20:00:00,110.385811922,36.7879637395,74.6872528648,215.037913086,171.69459847,1.29761733285e-05,113.83497639,0.0150000593271,186.336809278,197.75242127,211.968551162,211.96742108,85.4738272028,226.162072009,0.020017049971,211.968554711,211.968474563,211.968552931,92.2063216413,0.0150943484065,52.2109821565,0.0151112596639,211.968538795,211.968752257,177.624951892,211.969029218,211.968481207,0.0150090779089,211.966500324,191.592679948
2011-09-21 21:00:00,110.385810072,36.7879462349,74.6872550191,215.037903322,171.694599682,1.26917898233e-05,113.834953713,0.0150000353162,186.336806846,197.752420508,211.968549648,211.967421125,85.473826408,226.162069999,0.0200156878854,211.968554675,211.968474632,211.968551483,92.2063202245,0.0150907719643,22.7118529545,0.0150098959471,211.968538758,211.968749816,177.624951924,211.968997069,211.968481039,0.0150092722303,211.942851517,191.592652828
2011-09-21 22:00:00,110.385806676,36.787942528,74.6872426585,215.037893041,171.694599054,1.24525204761e-05,92.2067147077,0.0150000097909,186.336803749,197.752419763,211.968546379,211.967420768,85.4738261699,226.162067517,0.0200146931316,211.968554643,211.968474304,211.968549899,92.2063178231,0.0150953134608,0.0150142945847,0.0150047277079,211.968538724,211.968747155,177.624951921,211.968959462,211.968480596,0.0150129265844,171.69312261,191.592639456
2011-09-21 23:00:00,110.385803471,36.7879407559,74.6872414488,215.037885686,171.694599155,1.22728794582e-05,92.2064190662,0.0150000187504,186.33680026,197.752418497,211.968541746,211.967420453,85.4738261611,226.162066785,0.0200141738125,211.968554484,211.968473862,211.968547945,92.2063129058,0.0151129630501,0.0150031530838,0.0150030376519,211.968538673,211.968744884,177.62495191,211.968946276,211.968479871,0.0150155815599,171.693008466,191.59262984
2011-09-22 00:00:00,110.38580024,36.7879406279,74.6872466103,215.037880692,171.694596274,1.22309155777e-05,92.2063430026,0.0149999914224,186.336790668,197.752416969,211.96853269,211.967420192,85.4738256917,226.162064848,0.0200144542953,211.968554135,211.968473151,211.968546031,92.2063144466,0.0150901911098,0.0150019428855,0.0150024864647,211.968538615,211.968742497,177.624951876,211.968759395,211.96847906,0.0151599128704,211.965271429,191.592627284
2011-09-22 01:00:00,110.385798277,36.7879388098,74.6872292251,215.037876632,171.694598429,1.22184914283e-05,92.2063449695,0.0150001238525,186.336770145,197.752415659,211.968529393,211.967419894,85.4738253826,226.162062961,0.0200142707414,211.968553985,211.968472724,211.9685447,92.2063128572,0.015103170873,0.0150004848127,0.0150036114314,211.968538567,211.968742223,177.62495185,211.968621665,211.968478454,0.0150772562164,211.965926941,191.592615509
2011-09-22 02:00:00,110.385800829,36.7879376055,74.6872252636,215.037873597,171.694599949,1.220784358e-05,92.2063547224,0.0150002627044,186.33669663,197.752413307,211.96852554,211.967419513,85.473824806,226.162061104,0.0200138160048,211.968554027,211.968472421,211.968543591,92.2063100932,0.01512101774,0.0150000589867,0.0150067631627,211.968538499,211.968739883,177.624951842,211.968705487,211.968477765,0.0150649619891,211.965488676,191.592590437
2011-09-22 03:00:00,110.385805816,36.7879389299,74.6872283044,215.03787221,171.694601177,1.24088163847e-05,113.834829409,0.0150005182593,186.336613721,197.752410228,211.96852441,211.967419163,85.4738256848,226.162058892,0.0200126702898,211.968554454,211.968472118,211.968542838,92.2063148491,0.0151207437484,0.0149999420951,0.0150093843474,211.96853843,211.968740692,177.624951911,211.96888032,211.968476635,0.0151447772177,211.965747553,191.592555869
2011-09-22 04:00:00,110.38580839,36.7879373958,92.2061558145,215.037869953,171.694602571,1.28859701355e-05,113.834989697,0.0150012781236,186.336685523,197.752402567,211.968518361,211.967418644,85.4738268899,226.162056524,0.0200111139806,211.968553924,211.968471467,211.968541063,92.2063198481,0.0151197461486,0.015000255844,0.0150249478926,211.968538385,211.968742152,177.624951988,211.968941147,211.968474951,0.015206484189,211.965855658,191.592415455
2011-09-22 05:00:00,110.385805076,36.7879297073,92.2062564435,215.037852342,171.694603624,1.33018551011e-05,113.834992688,0.0150031366972,81.0570656664,197.750476061,211.968435009,211.967418017,85.4738279154,226.162047044,0.0199930116444,211.968552351,211.968465751,211.968522045,92.2063203427,0.0151595646024,0.0150009647386,0.0152936402016,211.968538049,211.968737513,177.624951905,211.968965249,211.968464313,0.0152213306774,211.964123237,83.342912039
2011-09-22 06:00:00,110.385522534,0.0150179618343,92.2062602559,0.0104967701925,171.694602955,1.34039254694e-05,113.834983054,0.0150047170996,65.6557854639,0.0101165511896,0.0264193376343,211.967416417,85.4738220686,0.0109171964617,0.0161979872236,171.694545375,0.01488566652,0.0103508582133,92.2062986895,0.0204639610001,0.0150036220005,30.6609003439,211.968509266,211.968343094,177.624951493,211.968704527,158.976311565,0.0151239259986,92.205836973,83.3426585222
2011-09-22 07:00:00,0.0147885286585,0.0150113258879,92.2062573064,0.0102894429697,171.694594154,1.33477412317e-05,92.2063456611,0.0150027785914,65.6557451567,0.0101008737855,0.0205437040487,211.967402448,85.4737727364,0.0107388460936,0.0161895036815,171.69451752,0.0148635057164,0.0102985763722,0.0200123183987,0.0346212681433,0.0150007616912,0.0150383081717,0.0150222834843,171.694634203,177.624944183,158.97711857,158.976270766,0.0150606926081,74.6925135634,62.507316496
2011-09-22 08:00:00,0.0147235068704,0.0150074226638,92.2061903346,0.0100704495846,139.072629899,1.33052054356e-05,92.2063408123,0.0150012017228,0.0199990240117,0.0100380615248,0.0200680014181,158.97548461,64.1053779172,0.0106286366537,0.0160845307913,171.69449905,0.0148338281854,0.0101772174062,0.0200018095667,0.0203765827244,0.0150004506346,0.0150055896458,0.015020440893,171.69460042,143.876065123,158.976676004,158.976129686,0.0150377609668,74.6873900486,62.5061162543
2011-09-22 09:00:00,0.0100090547619,0.0150050792669,74.6872253441,0.0100164051243,139.0726249,1.33240073269e-05,92.2063487555,0.0150007626784,0.0199952565987,0.0100054466249,0.0200394002822,158.975450502,64.1053362109,0.0100250495632,0.0100072823957,0.0149998980179,0.010008508825,0.0100068671369,0.0200002074148,0.0152977622212,0.0150003957647,0.0150041316217,0.0100247263256,158.977090827,143.876063289,158.976527249,0.0100214141544,0.0150167805546,74.6872924395,62.507107945
2011-09-22 10:00:00,0.010004599478,0.015002968366,74.6871746896,0.0100105605708,128.770983884,1.33084830213e-05,92.2063677168,0.0150005729943,0.0199946530346,0.0100035889946,0.0200253534494,158.975398447,0.0100254112724,0.0100137142618,0.010005818488,0.0100735868938,0.0100060848581,0.0100047794375,0.0199993868895,0.0151246793236,0.0150002962409,0.0150034503889,0.0100010387636,0.0100796755419,133.218770211,158.976169847,0.0100117965659,0.0150133139701,74.6873446636,62.5071805127
2011-09-22 11:00:00,0.0100045147317,0.0150021222593,0.0202144074354,0.0100116914372,74.6871821703,1.32947573155e-05,211.968279085,0.0150006661838,0.0200023305881,0.0100045376216,0.0200206263886,0.0100109659879,0.0100162565734,0.0100147265166,0.0100110317372,0.0150012974653,0.0100074486659,0.0100054264519,0.0199992912761,0.0151754449181,0.0150001732194,0.0150037314232,0.0100009481841,0.0100925465817,0.0100059678055,158.976428245,0.0100188805948,0.0150120065818,92.2049138164,62.5076809459
2011-09-22 12:00:00,0.0100066177698,0.0150008289423,74.6872206106,0.0100241990281,74.6871565191,1.32171492443e-05,211.968524361,0.0150006985947,65.6557696109,0.0100135458736,0.0200257492746,0.0100060946329,0.0100342916932,0.0100386078403,0.0161756839558,171.694457904,0.0112313093513,0.0100124957964,0.0199996431578,0.0150972188077,0.0150002667974,0.0150030438874,0.0100020956219,171.692667379,0.0100022156694,158.976648035,158.976160685,0.015008374792,92.2036543692,83.3426474412
2011-09-22 13:00:00,0.0145863051194,0.0150004417411,74.6872180565,0.0102367065791,128.770951909,1.31784033292e-05,211.968536724,0.0150011468544,65.6557786659,0.0100984497165,0.0200331080344,0.0100100526662,64.1053254442,0.0107143128498,0.0161931946557,171.694517145,0.0148608080076,0.010289714755,0.0200000544395,0.0150980580665,0.0150000075837,0.0150022639962,0.0150084399737,171.694616677,0.0100203037668,158.976704728,158.976268849,0.015010124748,74.6876529893,83.342723839
2011-09-22 14:00:00,0.0147834398977,0.0150007326981,74.6872283599,0.0103118793783,139.072623928,1.31003631448e-05,211.968526846,0.015002860843,81.0565020034,0.0101172899048,0.0200440807497,92.2060002121,64.1053725572,0.0107523415552,0.0162257729201,171.694524327,0.0148725130315,0.0103068032094,0.0200061377846,0.0151485568494,0.0150000783598,0.0150025836313,0.0150213591537,171.694660813,143.876059124,158.976757839,158.97628969,0.0150185783895,92.202514015,83.3426648821
2011-09-22 15:00:00,110.372361368,0.015003258073,92.2062596024,93.5403358195,139.07263243,1.30368385062e-05,211.968547811,0.0150054487301,81.0565078455,0.0137168491426,0.0247194359483,158.975445557,85.4737568332,92.2090745565,98.6620365818,211.968542417,211.968402301,211.968377061,92.206283081,0.0332661450249,0.0150003983626,0.0150045516984,0.0150372966959,211.968687674,143.876063801,211.611567155,211.968437818,0.0150578597248,92.2054077885,83.3427368507
2011-09-22 16:00:00,110.385792485,0.015007001865,92.2062667881,215.037374961,171.694605399,1.30153415513e-05,211.968553265,0.0344880999504,81.0565097948,0.0137350540958,0.024735137785,158.975457105,85.4738207251,92.2093948301,98.6620634568,211.968554297,211.96843534,211.968481485,92.2063229752,0.0346494191815,0.0150010558388,0.0150070436885,211.96855055,211.968709179,143.876067826,211.968687102,211.968511245,0.0151439521023,92.2058424157,83.342771344
2011-09-22 17:00:00,110.385806968,0.0150089842135,211.968363367,215.037402231,171.69460941,1.31705138035e-05,211.968556101,0.0344911336076,81.0565111132,0.0137383526912,0.0247359647061,211.967405272,85.4738277959,92.2094079039,98.6620670279,211.968556184,211.968438616,211.968486463,92.2063259886,0.0346681062067,0.0150005796894,0.0150144077924,211.968551791,211.968718493,177.624954404,211.969005271,211.968518097,0.0152177266975,92.2059265025,83.3427737634
2011-09-22 18:00:00,110.385806804,0.0150116650996,211.968388169,215.03740776,171.694609928,1.32933704728e-05,211.96855739,0.0344926181327,81.0565107793,0.0137398557675,0.0247307020768,211.967442386,85.4738281954,92.2094104792,98.6620680503,211.968556343,211.968439464,211.96848774,92.2063273255,0.0346961706816,0.0150011204715,0.0155059328352,211.968552036,211.968720099,177.624955703,211.969040295,211.968520184,0.015216087205,92.2059427645,83.3427349708
2011-09-22 19:00:00,110.385805441,0.0150091236984,211.968381931,215.037408476,171.694609923,1.31685910166e-05,211.968557386,0.0344925923654,81.0565099893,0.0137401162431,0.0247249098584,211.967444653,85.4738281129,92.2094099064,98.662068341,211.968556484,211.968439519,211.968488013,92.206324903,0.0346865908951,0.0150008786429,0.0158417979748,211.968552083,211.96871933,177.624955907,211.969041794,211.968520481,0.0152502793176,92.2060118584,83.3426073715
2011-09-22 20:00:00,110.385804757,0.0150129834643,211.968332141,215.037406979,171.694610528,1.29244849275e-05,211.968559317,0.0344919867629,81.056508996,0.0137402968408,0.0247217679699,211.96744536,85.4738277682,92.2094093905,98.662068308,211.968556532,211.968439443,211.968487428,92.2063239079,0.0346616476444,0.0150002618253,0.0152443721873,211.968552047,211.968716661,177.624955999,211.969057051,211.968520536,0.0152519868982,92.2059415767,83.3422020845
2011-09-22 21:00:00,110.385801807,0.0150183149932,171.694492423,215.037404478,171.694610778,1.26449197898e-05,211.968560303,0.0344911278198,81.0565081227,0.013739524256,0.0247150889901,211.967445444,85.4738270597,92.2094071509,98.6620682257,211.96855675,211.96843934,211.968486616,92.206323315,0.0330265207513,0.0149999138443,0.0151246882075,211.968551988,211.968715117,177.624956045,211.969006668,211.968520221,0.0152418692976,92.205659592,83.3387854453
2011-09-22 22:00:00,110.385799864,0.015020537522,171.694420348,215.037401467,171.694610462,1.2377532119e-05,211.968559685,0.0344896822175,81.0565072946,0.0137393356797,0.02470030894,211.967445053,85.4738271384,92.2094041669,98.662067998,211.968556924,211.968438821,211.968485693,92.2063232268,0.0151217759885,0.0149996191262,0.0150542836244,211.968551866,211.968711796,177.624956033,211.969014817,211.968519758,0.0152249385308,92.2043697504,0.0220117735976
2011-09-22 23:00:00,110.385796451,0.0150346190023,171.694485482,215.037398872,171.694610547,1.22390074885e-05,211.96855916,0.0344784900044,81.0565066338,0.0137379729435,0.0246777023315,211.967444729,85.4738272789,92.209403093,98.6620676176,211.968556892,211.968438166,211.968484438,92.2063234674,0.0150881539742,0.0149994581391,0.0150260683516,211.968551781,211.968709693,177.624956045,211.969019933,211.968518949,0.0151822881318,0.0156141938212,0.0213169630594
2011-09-23 00:00:00,110.385792999,0.0150253286298,211.968400586,215.037396473,171.694610116,1.21897645588e-05,211.968556931,0.034393658838,81.0565057517,0.0137370061137,0.0246605502915,211.967444426,85.473827308,92.2093996761,98.6620668752,211.968556771,211.968437286,211.968483155,92.2063237444,0.0150559037207,0.0149996752095,0.0150107343837,211.9685517,211.968708324,177.62495607,211.968995486,211.968518517,0.0150328878731,0.0153202723307,0.0214426173568
2011-09-23 01:00:00,110.385793244,0.0150514722589,211.968401451,215.037394046,171.694610051,1.22301699609e-05,211.968556468,0.0163768630957,81.056506295,0.013735933763,0.0246627912355,211.967444186,85.4738270182,92.209397043,98.6620660798,211.968556709,211.968436749,211.968482149,92.2063240071,0.0150474183247,0.014999462145,0.0150176278053,211.968551653,211.968705572,177.624956094,211.96902923,211.968518061,0.015021267477,0.015190674046,0.0212160302778
2011-09-23 02:00:00,110.385796077,0.017836033835,211.968401536,215.037391856,171.694610188,1.22807844049e-05,211.968556418,0.0157757794536,81.0565068548,0.0137345053203,0.0246797731344,211.967443876,85.4738265746,92.2093953675,98.6620654913,211.968557,211.968436159,211.968481054,92.2063246485,0.0150356393657,0.0149994913364,0.0150367041027,211.968551627,211.968704512,177.624956116,211.969033533,211.968517732,0.0150161055448,0.0151193594169,0.0211369837305
2011-09-23 03:00:00,110.3858016,36.7879301353,211.968407775,215.037389316,171.694610637,1.24421866098e-05,211.968557061,0.015521380679,81.0565069627,0.0137326674219,0.0246953260654,211.967443573,85.4738267997,92.2093933252,98.6620651916,211.96855756,211.968435921,211.968479714,92.2063266454,0.0150426185506,0.0149997197883,0.0152127659148,211.968551597,211.968703717,177.624956198,211.969056298,211.968517358,0.0150179848991,0.015189866153,0.0273150940953
2011-09-23 04:00:00,110.385805412,36.7879308615,211.968414878,215.037386235,171.694611471,1.28521952474e-05,211.968558997,0.0151151544451,81.0565073832,0.0137290386688,0.0246978292907,211.967443313,85.4738279524,92.2093921368,98.6620638587,211.968557285,211.968435162,211.968476945,92.2063338895,0.0150440389289,0.0150003257186,30.6608798726,211.968551622,211.968706042,177.624956294,211.969070789,211.968517124,0.0150171745198,0.0151516317398,0.0273733668689
2011-09-23 05:00:00,110.385803024,36.7879163032,211.968421181,215.037375934,171.694611823,1.33343596277e-05,211.968559836,0.0155938306439,81.0565052685,0.0102942354136,0.0200496339898,211.967443029,85.4738287553,92.2093831805,98.6620164531,211.968556364,211.96842974,211.968456709,92.2063569156,0.0150534894096,0.0150013841974,30.6609026587,211.968551479,211.96869991,177.624956244,211.969124665,211.968513849,0.0150057881153,0.015035646754,0.0202189202412
2011-09-23 06:00:00,110.385702032,0.0150136777115,211.968420756,161.278550929,171.694611719,1.34527909469e-05,211.968560542,0.0344898569597,65.6557685923,0.0100301645905,0.0199961874984,211.96744229,85.4738224578,0.0113089628595,79.9162582334,211.968525887,92.2068885736,0.0100959326554,92.2063265718,0.015045474003,0.0150022568626,30.6609058239,211.96854224,211.96859815,177.624956014,211.969064644,171.694587399,0.0149970345051,0.0150155359725,0.0200422310283
2011-09-23 07:00:00,82.7891671918,0.0150056173527,211.968411338,161.278467668,171.694608529,1.33637292224e-05,211.968553538,0.0206825395259,60.7924872193,0.0100146567321,0.0199782271834,211.967436933,85.4737642149,0.011114824954,79.9162472368,171.694527985,92.2068656764,0.0100709052857,92.206322485,0.0150575908703,0.0150005466729,24.835435932,171.694524777,171.694586815,177.624951796,211.968525544,171.694483254,0.0149884185927,0.0150455756056,0.0200404809607
2011-09-23 08:00:00,82.7891074767,0.0150032623621,211.96814528,161.278055105,171.694531954,1.32981080099e-05,211.968529755,0.0150129136267,0.0199994184539,0.010003610312,0.0199575282128,211.967385331,64.1053783779,0.0110316564554,0.0100389409924,171.694522664,92.206852364,0.0100134968907,74.6871308032,0.0150158508459,0.0150002282317,0.0166131773715,171.694523148,171.694481147,143.876212562,158.977215647,171.694466465,0.014982855921,0.0150366529714,0.0200227322852
2011-09-23 09:00:00,0.0100085765784,0.0150035765191,171.694325778,0.010102585269,139.072633005,1.32402398916e-05,171.694528721,0.0150046991628,0.019998255677,0.0100021331826,0.0189324123241,171.693613545,64.1053388589,0.0100263113823,0.010006470424,171.694509264,0.0149600764498,0.0100050219077,69.1547970472,0.0150056582503,0.0150001123209,0.0150738407713,92.2063234411,158.976487413,143.876211041,158.976907557,158.976926229,0.0149760062065,0.0150214327008,0.0199479262856
2011-09-23 10:00:00,0.0100042066432,0.0150062521315,92.2062652797,0.0100507786544,128.77099039,1.31869212282e-05,92.2063252664,0.0150037865255,0.0199998483271,0.0100019845841,0.0101739422129,171.693605355,0.0100260907312,0.0100135236802,0.0100071009409,171.694509772,0.0100235885908,0.0100041392907,0.0200048279821,0.0150019335314,0.0150000030581,0.0151498991587,0.0100024956011,0.0100524206897,143.876180931,158.976861385,158.976617128,0.0149750976407,0.0150116250523,0.0198787113915
2011-09-23 11:00:00,0.0100038691235,0.0150126414911,92.206265508,0.0101347516378,74.6871712695,1.30983097373e-05,92.2063208509,0.0150033013218,60.7924161079,0.0100026505673,0.0187784487131,158.975923891,0.0100180196887,0.0100144939504,0.0199506403616,171.694522275,0.0100286515709,0.0100048117805,0.0200064114718,0.0149996469364,0.0149999906673,30.660612342,0.0100046032908,0.0100472973909,0.0149863330196,158.976845461,171.694369104,0.0149762356684,0.0150277630168,0.0197600017818
2011-09-23 12:00:00,0.0100052583246,0.0150064142752,92.2063556886,161.278160712,74.6871762441,1.3077236075e-05,92.2063250894,0.0150039929749,65.6557618713,0.0100063687268,0.0199435948064,92.2061565453,0.0101224109739,0.0100398736077,79.9162520701,171.694524261,0.0152158955302,0.0100097838932,69.1547896042,0.0149985549707,0.0150003815005,30.6609031982,158.97640932,0.020026062508,0.0149993581619,158.976853042,171.69446313,0.0149826209933,0.0151063753607,0.0198464009144
2011-09-23 13:00:00,82.7889190289,0.01500819699,171.694349307,161.278471277,128.770995129,1.29520830417e-05,158.976375761,0.0150039644475,65.6557732879,0.0100241327922,0.0199769384621,0.0149978438998,64.1053562049,0.0110874650528,79.9162605629,171.694524981,92.2068604322,0.0100673512079,74.6871287455,0.0149970629203,0.015000460796,30.6609065347,171.694523607,171.694471828,143.876206272,158.976883484,171.694479407,0.0149874822466,0.0150043503182,0.0199552001304
2011-09-23 14:00:00,82.789162147,0.0150819782998,171.694410171,161.278521806,139.072633232,1.29177695895e-05,171.694526607,0.0150041237122,81.0564965594,0.0100463842002,0.0199983891939,171.692612409,64.1054081514,0.0111263820157,79.9166786657,171.694526589,92.2068716883,0.0100861901678,92.2063207574,0.0149980233003,0.01500210607,30.660915106,171.694525075,171.694504025,143.876210843,158.97701818,171.694494321,0.0149993320804,0.0150779355305,0.020007052401
2011-09-23 15:00:00,110.385555858,36.7879322855,211.968401112,215.037323223,171.6945427,1.29433866136e-05,211.967870135,0.0150056857654,81.0565097304,0.856484269888,0.0246313487298,171.693606368,85.4737930873,211.963870432,183.71483,211.968521871,211.968370758,211.968411235,92.2063267364,0.0150009203743,0.0154943768535,30.6609228451,211.968536131,211.968176371,143.876212399,211.968448796,211.968488264,0.0151130839601,92.2058166274,0.0204819447888
2011-09-23 16:00:00,110.385764167,36.7879373298,211.968420863,215.037452581,171.694610233,1.30092256692e-05,211.968551645,0.0344695552328,81.0565138136,0.856502870206,0.0247239587078,171.693613244,85.4738234206,211.966659184,183.714836228,211.968551247,211.968399409,211.968467688,211.968554406,0.0150052916336,52.2109796511,30.6609257242,211.968553823,211.968543032,177.624949042,211.968902976,211.968508452,0.0152357748459,92.2059391734,0.0265574261593
2011-09-23 17:00:00,110.385775821,36.7879389644,211.968425889,215.037469419,171.694612434,1.31194777008e-05,211.968559979,0.0344908963929,81.0565162931,0.856505923493,0.024729796104,211.967413811,85.4738284204,211.966674909,183.714837985,211.968552153,211.968402782,211.96847233,211.968558019,0.0150093076689,52.2106529081,30.6609268685,211.968554563,211.968553312,177.624953283,211.969132472,211.968512034,0.0152664150574,92.206043678,0.0266112349872
2011-09-23 18:00:00,110.385774854,36.7879353084,211.968425266,215.037473452,171.69461276,1.31673064386e-05,211.968560881,0.0344910584368,81.0565165916,0.856507550537,0.0247307757059,211.967428016,85.4738286791,211.966678306,183.714838154,211.968552223,211.968403643,211.968473521,211.968557808,0.0150131762589,52.2110876164,30.6609266285,211.968554708,211.968555507,177.624953735,211.969136238,211.968512903,0.0152485691506,92.2059627287,0.0266322674959
2011-09-23 19:00:00,110.385773909,36.7879358664,211.968424647,215.037473232,171.69461248,1.30040085559e-05,211.968559819,0.0344887246154,81.0565154947,0.856507430573,0.0247288786296,211.967429144,85.4738286074,211.966678418,183.714837775,211.968552037,211.96840398,211.968473692,211.968557384,0.0150076632628,52.2110282037,30.6609449981,211.968554711,211.968554817,177.62495377,211.969113311,211.968512862,0.0152212652325,92.2059597427,0.0265730442065
2011-09-23 20:00:00,110.385773429,36.7879366215,211.968424407,215.037471357,171.694612997,1.28324935596e-05,211.968559769,0.0202041723234,81.0565138362,0.856507479639,0.0247276089212,211.967429532,85.4738282937,211.966678367,183.714837084,211.968551825,211.968404102,211.968473226,211.96855713,0.0150052107564,52.2038611912,70.484629186,211.968554664,211.968552845,177.624953732,211.969093113,211.968512677,0.0151959317799,92.205815873,0.0264523462028
2011-09-23 21:00:00,110.385770555,36.7879355474,211.968424445,215.037468001,171.694612917,1.26982267553e-05,211.968559572,0.0150358238058,81.0565125106,0.85650700952,0.0247272242831,211.967429607,85.4738274636,211.966676448,183.714836504,211.968551373,211.96840406,211.968472497,211.968556909,0.0150048697299,52.2109846403,70.4847913799,211.968554586,211.968551811,177.624953713,211.969047274,211.968512332,0.015191519763,92.2058083332,0.026270085678
2011-09-23 22:00:00,110.385768108,36.7879343425,211.968423915,215.037464494,171.69461224,1.24736292416e-05,211.968558113,0.015007366227,81.0565118313,0.856506091147,0.0247253610315,211.967429119,85.4738275072,211.966673863,183.714835849,211.968551136,211.968403617,211.968471524,211.968556595,0.0150068770987,52.210977254,70.4847640077,211.968554515,211.968549225,177.624953653,211.969000895,211.968511397,0.0151851283236,92.2053689927,0.0261264640183
2011-09-23 23:00:00,110.385764746,36.7879330607,211.968423024,215.037461108,171.694612044,1.23318251411e-05,211.968557,0.0150050553658,81.0565123659,0.856505361587,0.0247239405567,211.96742869,85.4738272599,211.966671817,183.714835221,211.968550914,211.968403057,211.968470266,211.968556685,0.0150119810063,52.2109325663,70.4835597789,211.968554427,211.968547395,177.624953611,211.969031947,211.968510266,0.0151736944265,92.2054767779,0.0258331462987
2011-09-24 00:00:00,110.385762343,36.7879313596,211.96842175,215.037458058,171.694611722,1.22523577872e-05,211.968555732,0.0150041345636,81.0565123033,0.856504533767,0.0247168939019,211.967428189,85.4738268426,211.966671956,183.714834678,211.96855063,211.968402223,211.968468959,211.968556521,0.0150131267597,52.2110830941,57.0928150818,211.968554348,211.96854498,177.624953634,211.969046407,211.968509083,0.0152224731127,92.2055337458,0.0261182760948
2011-09-24 01:00:00,110.385757343,36.7879295388,211.968417633,215.037454767,171.694611364,1.2262211934e-05,211.968554899,0.0150040442763,81.0565142717,0.856503332114,0.0247171672597,211.967427728,85.4738268085,211.966669954,183.714833901,211.968550275,211.968401657,211.96846773,211.968556517,0.0150668024733,52.2110163055,57.0932787386,211.968554263,211.968543357,177.624953551,211.969047637,211.96850792,0.0151832266882,92.2046844677,0.0263376621952
2011-09-24 02:00:00,110.38575664,36.787927125,211.968411525,215.037451014,171.694611211,1.23325313616e-05,211.968554649,0.0150043184551,81.0565152786,0.856502056063,0.0247168367437,211.967427166,85.4738260248,211.96666771,183.714833073,211.968549724,211.968400975,211.968466406,211.968556386,0.0150999061591,52.2103917079,70.4848353038,211.968554153,211.968540409,177.624953444,211.969015327,211.968506389,0.0151613057402,92.2055602766,0.0263277904138
2011-09-24 03:00:00,110.385757318,36.7879284614,211.968412568,215.037446047,171.694611501,1.23860357205e-05,211.968554771,0.0150046370026,81.0565136087,0.856499842772,0.0247141955003,211.967426489,85.4738262007,211.966664651,183.714831442,211.96854918,211.968400054,211.968464768,211.968556568,0.015298559049,52.2110780535,70.484862259,211.968554029,211.968536784,177.624953352,211.96895387,211.968503796,0.0151654390806,92.2054135909,0.0263555892876
2011-09-24 04:00:00,110.38575584,36.787920585,211.968416028,215.037437734,171.694611829,1.25002490914e-05,211.968555235,0.0150051602736,81.0565123546,0.856495458155,0.0247085779536,211.967425564,85.4738260575,211.966658722,183.714827813,211.968548067,211.968398459,211.968461149,211.968557137,0.0199838708234,52.2111058302,70.4848716498,211.968553859,211.96853428,177.624953257,211.968962502,211.968499737,0.0151444180862,92.2051536931,0.026331459836
2011-09-24 05:00:00,110.3857476,29.7973406213,211.968418609,215.037417393,171.694612033,1.26509247756e-05,211.968555404,0.0150067869576,81.0565106914,0.01156655069,0.0201288979239,211.967424234,85.4738243715,211.966645786,183.714760452,211.968544972,211.968393203,211.968437725,211.968557385,0.0215971466911,52.2111121803,70.4848753769,211.968553359,211.968524256,177.624953043,211.968967599,211.968485897,0.0150221255005,0.017802841298,0.0235922318407
2011-09-24 06:00:00,0.010197856186,36.7878883771,211.968420232,0.0105173387243,171.694612252,1.28334295328e-05,211.968554624,0.0150079042791,81.0564859588,0.0100381151599,0.0199950225405,211.967421323,85.4738083829,0.0103840234689,64.7319716499,0.0191015863984,0.0159647737817,0.0100635384734,211.968550588,0.0345369997364,52.2111140627,70.4848809776,211.968304598,171.695496517,177.624952546,211.9686556,0.0102474947062,0.0149963654642,0.0150720975584,0.019990342684
2011-09-24 07:00:00,0.0100448551421,0.0151222992557,92.2064071921,0.0103440173277,171.694608415,1.30517218111e-05,211.968382298,0.0150063359556,65.6557728266,0.0100216397247,0.0199690741327,211.967399227,64.105508445,0.010199546145,64.7319585837,0.0188258707784,0.0159334798186,0.0100419035404,92.2063474494,0.0201458383188,52.2111154222,70.4848821322,158.976429535,171.694406938,177.624937478,211.968338878,0.0101831334216,0.0149870477678,0.0150063204876,0.0195576827653
2011-09-24 08:00:00,0.0100070019431,0.0150230042025,92.2062875441,0.0100775366596,171.694537004,1.31088789592e-05,171.694500788,0.0150052306996,60.7925291588,0.0100040419018,0.0199122451195,92.2064315167,64.1053333871,0.0100936015502,64.7319518497,0.0188155538481,0.0159222922023,0.0100090401715,92.2063245318,0.0150949346348,52.2111168924,70.4848829726,158.976426424,171.694385296,0.0150180141706,158.976850713,0.0100664163868,0.0149852120184,0.0149960650795,0.0151999049574
2011-09-24 09:00:00,0.0100026142859,0.0150103629405,92.2062666158,0.0100168979358,139.072635127,1.30150053741e-05,158.976432722,0.0150044365396,0.0199987538451,0.0100025581919,0.0101366415841,92.2063888244,0.0100480491956,0.0100155132842,64.73190467,0.0100098270082,0.0100120350739,0.0100042031019,92.2063206894,0.0150720264569,52.2111166828,70.484883592,0.0100038482966,171.694360409,0.0150157497249,158.976725014,0.0100081903988,0.0149871885285,0.0149756759782,0.0149929910076
2011-09-24 10:00:00,0.0100019274315,0.0150110063727,92.2062633202,0.0100108788526,139.072632043,1.29257369476e-05,92.206325061,0.0150038577221,0.0199959187658,0.0100023891719,0.0100265987267,92.206378319,0.0100102003312,0.0100095404667,0.0198855276034,0.0100059121355,0.010004476638,0.0100036523019,0.0200021635964,0.0150350729457,52.2111157675,70.4848844449,0.0100008716693,0.0104121623283,0.0149929905443,158.976680524,0.0100064953549,0.0149920033912,0.0149633692933,0.0149773711081
2011-09-24 11:00:00,0.0100018772943,0.015017340952,92.206260952,0.0100124813034,128.770973381,1.28374182157e-05,92.2063186384,0.0150036103738,0.0200002748456,0.0100029936824,0.0100511988293,92.2061519795,0.0100083800551,0.0100100372596,64.7318190752,0.0100059429372,0.01000507032,0.0100041691157,0.0200009896167,0.015024789852,52.2111137722,70.4848845671,0.010000896006,0.0100360852987,0.0100020041263,158.976655801,0.0100068484633,0.0149958113049,0.0149647160115,0.0149870359764
2011-09-24 12:00:00,0.0100021409461,0.0150401477184,92.2062663145,0.0100284002387,74.6871684478,1.27781512462e-05,92.2063217705,0.0150039632455,60.7921082676,0.0100079429909,0.0198662505033,0.0100088803886,0.010019500969,0.0100204251035,64.7319504429,0.0100132836533,0.0100121845985,0.0100076889412,92.2060844353,0.0150282524014,52.2111117037,70.4848866304,0.0100062704227,0.0100775295191,0.0100019710594,158.976641346,0.0100150966964,0.0150022954392,0.0149887194275,0.0150177940168
2011-09-24 13:00:00,0.0100076186807,36.7879288475,92.206268229,0.0103091271318,139.072630344,1.27246518438e-05,92.2063405591,0.0150042390047,65.6557745398,0.0100308819869,0.0199699491854,0.0100084473584,64.1053227241,0.0101664654079,64.731957628,0.0188164381662,0.0159247152571,0.0100384163509,92.2063234751,0.0150415682344,52.2111109169,70.4848872805,158.976427832,171.694314773,0.0100024204836,158.976682845,0.0101724721005,0.0150068333246,0.0149935373573,0.0194148112814
2011-09-24 14:00:00,0.010043868498,36.7879411906,92.2063861551,0.0103725966643,139.07263495,1.28451047368e-05,171.694494623,0.0150054598967,81.0565095838,0.0100572018018,0.0199978682134,0.0101574695148,64.1053694069,0.0102090536289,64.7319703171,0.018825668645,0.0159366074713,0.0100553362452,92.2063407754,0.015075858139,52.2111140301,70.4848885194,158.976429671,171.694376594,0.0150033190159,158.976766157,0.0101959536543,0.0150497234811,0.0151021744809,0.0200837180379
2011-09-24 15:00:00,0.0101548204389,84.5695891475,211.968406031,93.5415433538,171.69454694,1.28234811582e-05,171.694526333,0.0151594657377,186.336799176,0.85669603571,0.0246710295559,92.2063796617,85.4737616349,0.0119602703668,79.9159981547,92.2017500652,92.2064003237,211.968105585,211.968549135,0.0151197606662,52.2111155114,70.4848940875,158.976452375,171.694474427,0.0150159221685,211.968032013,92.2064105211,0.0152162524126,92.2059228305,83.3428384451
2011-09-24 16:00:00,0.0134021280211,84.569963014,211.968427223,124.721944989,171.694610644,1.29104044229e-05,211.968545887,0.034492317003,186.336811686,0.85670979567,0.0247218186127,92.2063920628,85.473819357,92.2057863904,79.9160018569,92.2064040495,92.2064547522,211.968253575,211.968559754,0.0346456123696,52.2111151484,70.4848951511,211.968545389,211.968381336,0.0150194225522,211.968672598,92.2067128686,0.0152892514317,92.2060339839,191.59211475
2011-09-24 17:00:00,0.013413867384,84.5699672871,211.968437937,124.721970848,171.694612587,1.30274024442e-05,211.968557097,0.0344937861342,186.336816043,0.856712736717,0.0247275246578,211.967048369,85.4738267679,92.205803156,79.9160030029,92.2064070071,92.2064582695,211.968258751,211.968561214,0.0346871073868,52.2111139741,70.4848905907,211.968546333,211.968391172,177.624614275,211.968890957,92.2067207894,0.0155984666329,92.2071962457,191.592375096
2011-09-24 18:00:00,0.0134134308873,84.5699656951,211.968441461,124.721975978,171.694612684,1.30220455795e-05,211.968558542,0.0344936523337,186.336815291,0.856714167778,0.0247313430164,211.967098839,85.4738272845,92.2058069154,79.9160031346,92.2064077757,92.2064593948,211.968260045,211.968561051,0.0346814746455,52.2111157352,70.4848899722,211.96854652,211.968393542,177.624615747,211.968885922,92.2067230605,0.018929657052,92.2074438305,191.592388695
2011-09-24 19:00:00,0.0134123295275,84.5699662366,211.968439648,124.721976506,171.694612573,1.28639486453e-05,211.96855841,0.0344932338289,186.336814691,0.85671425115,0.0247282569684,211.967101013,85.4738274974,92.2058070783,79.9160025988,92.2064080631,92.2064597136,211.968260287,211.968560726,0.0346737564702,52.211114187,70.4848850323,211.968546555,211.968393356,177.624615995,211.968855964,92.206723858,0.0188804725168,92.2072628579,191.592409255
2011-09-24 20:00:00,0.0134119013026,84.5699675293,211.968437632,124.721975088,171.694612803,1.268954094e-05,211.968558487,0.0344926806588,186.336814187,0.856714200878,0.0247265363977,211.967101783,85.473827669,92.2058071163,79.9160015564,92.2064082126,92.2064596457,211.968259867,211.968560625,0.0346226876112,52.2111114024,70.4848816837,211.968546536,211.968392123,177.624616095,211.968824592,92.2067239511,0.0177950696244,92.2073444821,191.592421521
2011-09-24 21:00:00,0.0134089442998,84.5699650745,211.968434845,124.721972814,171.694612668,1.25530125094e-05,211.968558254,0.0344921900225,186.336813106,0.856713518963,0.0247240156839,211.96710211,85.4738271997,92.2058058362,79.9160004919,92.2064082924,92.2064593728,211.968259244,211.968560168,0.0154889188778,52.2111079593,70.4848800413,211.968546506,211.968390449,177.624616141,211.968830664,92.2067238676,0.0185270730937,92.2065359375,191.592410287
2011-09-24 22:00:00,0.0134068702663,84.5699611195,211.968431659,124.721970253,171.694612147,1.23650408383e-05,211.968557079,0.0344909592537,186.336811602,0.856712809162,0.0247211466947,211.967102,85.4738272991,92.2058039165,79.9159992994,92.2064083039,92.2064589641,211.968258369,211.968559765,0.0151035765262,52.2111052146,70.4848787064,211.968546411,211.968388003,177.624616136,211.968824935,92.2067236251,0.0188853832583,92.2071832788,191.5924025
2011-09-24 23:00:00,0.0134030061721,84.5699602121,211.968429658,124.72196767,171.694611851,1.22570033285e-05,211.968555859,0.0344765180076,186.336809858,0.856712064921,0.0247173683625,211.967101659,85.4738268713,92.2058035698,79.9159981418,92.2064082761,92.2064585288,211.968257139,211.968559502,0.0150869579039,52.2111026867,70.4848776612,211.968546323,211.968386299,177.624616115,211.968699701,92.2067229545,0.0194533095311,92.2065684083,191.592400111
2011-09-25 00:00:00,0.01340048595,84.5699645279,211.968428288,124.72196508,171.694611481,1.21854603293e-05,211.968554172,0.0154807983166,186.336808568,0.856710832047,0.0247119055222,211.967101227,85.4738264473,92.2058018261,79.9159961719,92.2064080991,92.2064580071,211.96825604,211.968559548,0.0150109358299,52.211102555,70.4848828909,211.968546274,211.968384335,177.624616071,211.968655989,92.20672229,0.0200213396774,92.2072301641,191.592439985
2011-09-25 01:00:00,0.013397556559,84.5699662656,211.968427785,124.721962121,171.694610693,1.21533935093e-05,211.968553322,0.0150251971935,186.336807643,0.856709580355,0.0247052589145,211.967100887,85.4738261821,92.2057996587,79.9159938249,92.2064078258,92.2064574531,211.968254676,211.968559456,0.0150050687145,52.2111003005,70.4848825409,211.968546188,211.968381046,177.624616019,211.968682924,92.2067213936,0.0200727825344,92.2067939439,191.592461981
2011-09-25 02:00:00,0.0133945766655,84.569968039,211.968427477,124.721958779,171.694609751,1.21193833637e-05,211.968553133,0.015007769932,186.336806609,0.856707905265,0.0246977992073,211.96710033,85.4738253656,92.2057974407,79.9159923915,92.2064073819,92.2064567843,211.968253445,211.968559595,0.0150012520473,52.2110985717,70.4848826239,211.968546092,211.968378332,177.62461594,211.968679401,92.2067199803,0.0201850561439,92.2071978332,191.592489166
2011-09-25 03:00:00,0.0133942407538,84.5699694149,211.968427282,124.721954719,171.69460906,1.21756297568e-05,211.968552821,0.0150055910039,186.336805781,0.856705800189,0.0246925694438,211.967099724,85.4738253353,92.2057940177,79.915990888,92.2064067977,92.2064557612,211.968251333,211.968559721,0.0149999522078,52.2110975274,70.4848836693,211.968545973,211.968373196,177.624615839,211.968650129,92.2067178106,0.0204253048604,92.2072662197,191.592507309
2011-09-25 04:00:00,0.0133920204665,84.5699689506,211.968427004,124.721946789,171.694608293,1.22593569036e-05,211.968552398,0.0150047035372,186.336804353,0.856700939494,0.0246795128501,211.967098719,85.4738250576,92.2057866365,79.9159860856,92.2064058382,92.2064539333,211.96824766,211.968559852,0.0149994819746,52.2110967209,70.4848854758,211.968545774,211.968365917,177.624615688,211.968641666,92.2067137875,0.0203180787864,92.2072744972,191.592505978
2011-09-25 05:00:00,0.0133856053706,84.569967275,211.968426249,124.721930797,171.694606344,1.228060256e-05,211.968551334,0.015004054306,186.33680127,0.856485872307,0.0200159909232,211.967097029,85.4738230262,92.2057701041,59.936914314,92.2064033694,92.2064475814,211.968227176,211.968559849,0.0149995541529,52.2110954884,70.484887009,211.96854534,211.968348651,177.624615368,211.968657887,92.2067010736,0.0197617034461,92.2060537039,191.592357342
2011-09-25 06:00:00,0.0100626368307,84.5699414677,211.968422717,93.541559302,171.694605905,1.24093586355e-05,211.96854959,0.0150040449423,81.0567457247,0.642799551123,0.0199852257218,211.967092591,85.4738053095,0.010185424862,59.9367404068,0.0151729697255,0.0100491189077,0.0100564092234,211.968554445,0.0150000854842,52.2110934886,70.4848892376,171.694528922,0.0105773854004,177.624614676,211.968601152,0.0101666197876,0.0162756601238,92.2053607459,83.3439166237
2011-09-25 07:00:00,0.0100194750566,36.7882573892,92.2062755421,93.5414933041,74.6872044745,1.25950736631e-05,171.694518301,0.0150010437258,81.0566710118,0.642787389385,0.0199498262645,211.966849168,64.105466254,0.0101107506989,59.9367330211,0.0150946888522,0.0100342673772,0.0100372767298,92.2063472005,0.0150002859513,52.211092298,70.4848898077,171.694519871,0.0103845338277,0.0101076604245,158.977117952,0.0101274907105,0.0153018779089,0.0157841881017,83.34304061
2011-09-25 08:00:00,0.0100033388392,36.7879683924,92.2062649896,0.0102187213936,74.6871579898,1.27300432381e-05,171.694494481,0.0150001910219,81.0565129488,0.642768943275,0.0199027306964,0.0100608673094,64.1053397783,0.0100458826836,59.9367266974,0.0150821389068,0.0100102677851,0.0100087510582,92.2063245724,0.0150022892406,52.2110915947,70.4848887507,171.694518448,0.0103306941861,0.0100097758758,158.976627556,0.0100417478993,0.0151514520367,0.0150834082562,83.3427624782
2011-09-25 09:00:00,0.0100017875143,36.7879487202,92.2062539568,0.0100204428511,74.6871545068,1.27407677012e-05,92.2064177989,0.015000000122,81.0565055846,0.0100504341224,0.0100330155576,0.0100479767608,64.1049593901,0.010012307812,0.0208322049051,0.0100101895378,0.010004078543,0.0100041527777,92.206319386,0.0150019790613,52.2110903342,70.4848857542,92.2063936953,0.0100373403681,0.0100077405579,158.9765659,0.0100080581191,0.0150248638597,0.0150200393171,83.3423049015
2011-09-25 10:00:00,0.0100015320304,36.7879453918,0.0200579788672,0.01001329508,0.0199961707675,1.26911222976e-05,92.2063218996,0.0149998687356,81.0564452513,0.0100096494222,0.0100100829563,0.0100180563666,0.0100251186786,0.0100078875542,0.0100148691532,0.0100058681413,0.0100032215149,0.0100035606254,0.0200001164939,0.0150014634257,52.2110890604,70.4848799769,0.0100043769884,0.0100228629123,0.0100012048909,158.976526688,0.0100064726744,0.0150132625446,0.0150232182997,83.3411941573
2011-09-25 11:00:00,0.0100015165173,36.787949629,0.020006795662,0.010026244708,0.015002301667,1.26898112075e-05,92.2062927015,0.0149998158793,81.0564984641,0.010817908395,0.0100126605184,0.0100036839438,0.010022859903,0.0100082591702,0.0100071140366,0.0100061655018,0.0100037263152,0.0100040408743,0.0199964108203,0.0150021685579,52.2110878076,70.4848741888,0.010004901915,0.0100244785069,0.0100013835286,158.976494506,0.010006826216,0.0150273916187,0.0150569241273,83.3424793896
2011-09-25 12:00:00,0.0100018298558,68.5007113919,92.206253839,93.5414102688,0.0150099401473,1.26567269887e-05,92.2063166928,0.0149998254533,81.0565105949,0.642545342328,0.0185393848415,0.0100038795498,0.0101354120437,0.010016211539,0.0100635569336,0.0100143609392,0.0100065708793,0.0100067954197,92.2062452886,0.0150027302752,52.2110879859,70.4848792452,158.976410404,0.0100342935724,0.0100013354764,158.976520288,0.0100148947231,0.0152022163918,0.0248807236205,83.3427501687
2011-09-25 13:00:00,0.010004077047,84.5699645435,92.2062586672,93.5415159267,74.6864869543,1.26628594031e-05,92.206340892,0.0149997879898,81.0566648966,0.642786329473,0.0199465454672,0.0100043128197,64.1053241511,0.010085434487,59.9367311937,0.0150875859228,0.010031768866,0.0100343418499,92.2063231285,0.0150010343503,52.2110892606,70.4848811905,171.694519067,0.0103349111977,0.010001542787,158.976555949,0.010119704789,0.0154038639398,74.6891423355,83.3429698976
2011-09-25 14:00:00,0.010026453371,84.5699719596,92.2062648632,93.5416104477,74.6871551118,1.27113026142e-05,171.694499155,0.0149998231884,81.0566968848,0.642803450571,0.0199908639299,0.0100087073988,64.1053763149,0.0101234807215,59.9367448968,0.0150963152373,0.0100433030532,0.0100512277937,92.2063273472,0.0149996006546,52.2110913497,70.4848867449,171.69452018,0.0103876130404,0.0100044454683,158.976604756,0.0101430681646,0.0342028723148,211.946985252,83.3445094307
2011-09-25 15:00:00,0.0101090368535,84.5699841675,92.2062768604,215.037303585,74.6871584208,1.27719885699e-05,171.694711896,0.0149998945277,186.33680078,0.856273600016,0.0246301375689,0.0100462333476,85.4737505554,0.0107905026979,183.714797778,92.2063764231,211.967840898,211.968230149,211.968064793,0.0150022810868,52.2110934191,70.4848928504,171.694612272,0.010917301126,0.0100090784255,158.977414482,211.967300044,0.0350562992606,211.96775282,191.592684881
2011-09-25 16:00:00,110.385760444,92.1968719496,113.834893699,215.037602927,171.694541767,1.28386889948e-05,211.968530224,0.0150003814344,186.336808884,0.856282886455,0.0247011863765,0.0100587758891,85.4738201043,92.1980564258,183.714808508,211.968526519,211.967964353,211.968433186,211.968557019,0.0150291060064,52.2110936475,70.4848935718,211.96855193,211.968356835,0.0100150149015,211.968522271,211.968012098,0.0351071704124,211.968083828,191.592939855
2011-09-25 17:00:00,110.385780939,92.1973543902,138.644028696,215.037625743,171.69460109,1.29839742691e-05,211.968547572,0.0150021139146,186.336811295,0.856285644637,0.0247067391401,211.967229542,85.4738277771,92.1980751365,183.714810929,211.96852977,211.967968532,211.968438632,211.968559683,0.015101967978,52.2110937469,70.4848929259,211.968552985,211.968380939,177.62494213,211.968695022,211.968021158,0.0351328563501,211.96848086,191.593048794
2011-09-25 18:00:00,110.38578288,92.1971097987,211.968262914,215.037631037,171.694602505,1.30200260994e-05,211.968551556,0.0150020829749,186.336811193,0.856286645114,0.0247081684277,211.967347062,85.4738285715,92.1980797803,183.71481161,211.968530708,211.967969745,211.968440107,211.968559468,0.0151704345999,52.2111062831,70.4848969358,211.968553236,211.968387106,177.624943963,211.968706406,211.968023871,0.0351223172381,211.968501386,191.593043998
2011-09-25 19:00:00,110.385782855,84.5748833987,113.834897174,215.037631549,171.694601856,1.28807964542e-05,211.968552215,0.0150003800961,186.336810123,0.856286730655,0.0247062782488,211.967349919,85.4738285641,92.1980806504,183.714811733,211.96853118,211.96797004,211.968440483,211.968557608,0.016464393464,52.2111007626,70.4848936325,211.968553326,211.968388761,177.624944266,211.968716024,211.9680247,0.0350893059916,211.968420182,191.592993949
2011-09-25 20:00:00,110.3857836,84.5748024033,113.834882396,215.037629302,171.694602189,1.27296183488e-05,211.968552327,0.015000129591,186.336808751,0.856286539083,0.0247037920059,211.967351006,85.4738282498,92.1980810121,183.714811516,211.968531385,211.96797004,211.968440211,211.968555811,0.0345971465707,52.2110911639,70.4848906424,211.968553346,211.968388676,177.624944353,211.968704863,211.968025075,0.0350659952461,211.968006268,191.592895738
2011-09-25 21:00:00,110.385782083,84.5700260934,92.2063929911,215.037626492,171.694601952,1.25084527887e-05,211.968551988,0.0150000970054,186.336807942,0.856286169893,0.0247009509301,211.967351387,85.4738273964,92.1980792722,183.714811255,211.968531552,211.967969877,211.968439404,211.968551949,0.0346340093032,52.2110852293,70.4848865009,211.968553314,211.968387979,177.624944376,211.968690093,211.968025084,0.0350564316332,211.967837566,191.592712909
2011-09-25 22:00:00,110.385780834,84.5699886803,92.2062903344,215.037623614,171.694600712,1.22699293191e-05,211.968551262,0.0150000948897,186.336807035,0.856285719687,0.0246966787846,211.967351296,85.4738274383,92.1980773906,183.71481092,211.968531747,211.967969564,211.968438402,211.96853344,0.0346507073259,52.2110814145,70.4848795686,211.968553257,211.968386907,177.624944357,211.968665347,211.968025104,0.0350464392846,211.967700675,191.592657027
2011-09-25 23:00:00,110.385778249,84.5699842493,92.2063047964,215.037620965,171.694599551,1.21469208813e-05,211.968550407,0.0150001147346,186.336806663,0.856284795823,0.0246930732022,211.967351101,85.4738279685,92.1980767106,183.714810492,211.968531733,211.967969218,211.968437368,171.695094419,0.0346646155403,52.211078959,70.4848662884,211.968553211,211.968385103,177.624944349,211.968645081,211.968024517,0.0350386217303,211.967586919,191.592630354
2011-09-26 00:00:00,110.385777963,84.5699791189,113.834641797,215.037619054,171.694580962,1.20787991915e-05,211.96854561,0.0150004480189,186.336806033,0.856283879543,0.0246884918597,211.967350925,85.4738278767,92.1980756574,183.714810051,211.96853159,211.967968711,211.968436017,211.968139703,0.0346716352992,52.2110776398,70.4848510281,211.968553214,211.968384474,177.624944373,211.968644471,211.968023977,0.0350675549796,211.967697235,191.592632908
2011-09-26 01:00:00,110.385776567,84.5699786194,92.2063316486,215.037617316,171.694558221,1.20414843415e-05,211.968542382,0.0150004485774,186.33680614,0.856282720814,0.0246895276798,211.967350693,85.4738278654,92.1980740661,183.714809252,211.968531522,211.967968305,211.968435069,211.968462066,0.0346730815996,52.2110759756,70.4845725082,211.96855319,211.968383028,177.624944377,211.968635681,211.968023348,0.0350666038046,211.967678363,191.592629592
2011-09-26 02:00:00,110.385779036,84.5699815015,92.2062791119,215.037615547,171.694555159,1.21088325978e-05,211.968539995,0.01500086523,186.336806729,0.856281091971,0.0246918820221,211.96735032,85.4738278135,92.1980726755,183.714808608,211.968531595,211.967968008,211.968434097,211.968542036,0.034675452239,52.2110747401,57.0899305624,211.968553194,211.96838224,177.624944397,211.968645877,211.968022643,0.0350764463555,211.967703444,191.592636706
2011-09-26 03:00:00,110.385784953,84.5701028131,92.2062730292,215.037614842,171.69457447,1.22464749097e-05,211.968540216,0.0150032205799,186.336807658,0.856278124713,0.0246949018684,211.967349963,85.4738284702,92.1980700741,183.714807958,211.968531984,211.967967844,211.9684331,211.968550151,0.034678136702,52.2110734717,57.0895996298,211.968553229,211.968381109,177.624944493,211.968664349,211.968021607,0.035121127391,211.967759995,191.592692327
2011-09-26 04:00:00,110.385789155,92.1972127696,92.2062755849,215.037614046,171.694600294,1.2686480434e-05,211.968542715,0.0150048545137,186.336809187,0.856271375107,0.0246962028675,211.967349584,85.4738301227,92.1980680773,183.714805983,211.968531424,211.967967483,211.968431915,211.968554635,0.0346830054711,52.211073752,70.4808808073,211.968553369,211.96838294,177.624944592,211.968736,211.968020017,0.035219121595,211.968374708,191.592815604
2011-09-26 05:00:00,110.385786966,92.1971212495,92.206326415,215.037608083,171.694601196,1.31873444844e-05,211.968543376,0.0150128071367,186.336808805,0.0105974220198,0.0246584494854,211.967349062,85.473830966,92.19805833,183.714767865,211.968529575,211.967963633,211.968423581,211.968555229,0.0346926506129,52.2110779858,70.4807526713,211.96855337,211.9683756,177.624944515,211.968777503,211.968011971,0.0351936797429,211.968449468,191.592710624
2011-09-26 06:00:00,110.385579337,84.569986453,113.834877277,174.180467193,171.694601641,1.33160906969e-05,211.968542719,0.0344934825227,186.336788171,0.0100382353871,0.0200423225456,211.967347492,85.4738243359,0.0543119011213,0.0202846001074,171.694517502,0.0101633605028,92.2063920469,211.968535059,0.0347167589772,52.2110829661,30.6609608927,211.968551006,211.96751831,177.624944183,211.968794386,0.0108402873255,0.0350855327913,211.968323115,191.592621101
2011-09-26 07:00:00,0.0103744750945,84.5699746904,92.2062651707,174.180395298,171.69453762,1.32686588855e-05,171.694521465,0.0344924564077,150.932808347,0.010024347619,0.0200030695393,211.96732639,85.473769357,0.0542117472579,0.0202731309681,171.694434282,0.0101441161225,92.2063640921,92.2063282296,0.0347345232192,52.2110763324,30.6609294309,171.694528215,171.694165482,177.624935876,211.968147667,0.0107876116521,0.035032812408,211.967757845,143.69512363
2011-09-26 08:00:00,0.0102849588388,84.5699709167,92.2062461911,161.289611674,139.072624951,1.32455299586e-05,158.976493723,0.0344907582444,81.0569803086,0.0100055245164,0.0199916377231,158.975326286,64.1053845806,0.054073866842,0.0202218005337,171.694424635,0.0100858093044,92.2063229075,92.2063241385,0.0346786396256,52.2110697949,30.6609163205,171.694527035,171.694115185,133.218858119,158.976734382,0.010572918467,0.0349854109328,211.967623632,143.694667165
2011-09-26 09:00:00,0.0100065368598,84.5699694548,0.0200082773053,161.278096895,128.770949614,1.32350017315e-05,92.2063107777,0.0344919743055,81.056511708,0.0100028749549,0.0199780015896,158.975311832,64.1053498437,0.0100366720713,0.0100110805296,92.2061582646,0.0100064842888,0.0100149157033,92.2063205888,0.027457286618,52.2110615905,0.0154847338905,171.69452124,0.0101454576456,133.218856297,158.976641357,0.010011618928,0.0350560721715,171.694573829,143.694223656
2011-09-26 10:00:00,0.010003848501,84.5699679323,0.0200008753898,161.277619555,74.687158725,1.31988953949e-05,0.0198030701986,0.0344927023042,81.0565081534,0.010002699463,0.0199704105282,158.975262752,0.0100306124166,0.0100212388057,0.0100066011225,0.0100097442137,0.0100052670307,0.0100077384962,0.0200178254268,0.0151312375488,52.211021372,0.0150185512727,92.2063168314,0.0100420352803,77.2669727038,158.976609333,0.0100082524512,0.0350934744964,171.694286964,83.3430523645
2011-09-26 11:00:00,0.0100038234019,84.5699674953,0.0200009442481,161.278446545,74.6871583606,1.31813456308e-05,0.0151121554555,0.0344931562735,81.0565105444,0.010003729937,0.0199852684941,0.0100134797786,0.0100198302039,0.0100612513136,0.0100139720778,0.0100121032385,0.0100061124764,0.0100095920222,0.0200033085447,0.0150931168828,22.7118437457,0.0150224064568,158.976397695,0.0100432271764,0.0100018621274,158.976595212,0.0100102208934,0.0351097187157,171.694439075,83.3428684668
2011-09-26 12:00:00,0.0100053563569,84.5699663203,0.0200309700456,174.180363388,74.6871663033,1.3157928489e-05,92.2066953076,0.0344932417109,81.0565386636,0.0100094872547,0.0199936243366,0.0100060106572,0.0100690600082,0.0539109241994,0.0201348692612,92.2063783819,0.0100295237833,0.0100914179766,0.0200041926315,0.0150802705386,52.2110376845,30.6609219292,171.694521758,0.0106361853484,0.0100017124977,158.976621925,0.0100570596972,0.0351599962487,211.956694175,143.694584734
2011-09-26 13:00:00,0.0101062510754,84.5699677995,92.2062617831,174.180395151,139.072623073,1.31683455042e-05,211.968124619,0.0344927419716,150.932808303,0.0100293909244,0.0200017116397,0.0100119840148,64.1053635173,0.0542008705142,0.0202734253301,171.694428373,0.0101423004813,92.2063586084,92.2063178975,0.0150948631038,52.2110134903,30.6609331459,171.694526883,171.694129656,0.0100067009627,158.976676694,0.0107817510833,0.0351909388802,211.967947354,191.592491182
2011-09-26 14:00:00,0.0103693438746,84.569966451,92.2062969583,174.180441195,139.072628041,1.32157430012e-05,171.694529571,0.0344929412777,186.336791551,0.0100509488728,0.0200241232295,158.975151104,64.1057626424,0.0542327465777,0.0202908173568,171.694435838,0.0101546029061,92.206375238,92.2063253189,0.0152200685193,52.2110313713,30.6609326796,171.694528308,171.694169904,133.218852427,211.967688253,0.0108065147642,0.0351836675592,211.968159596,191.592666562
2011-09-26 15:00:00,110.385248025,84.5699645331,211.968427606,215.037646796,171.694560332,1.31818810311e-05,211.968525991,0.0344944608723,186.336817165,0.0155808124431,0.0246871703797,158.975311565,85.4738089125,211.948783356,183.714815295,211.968463739,211.968465649,211.968451976,211.968534828,0.0344444278801,52.2110310319,30.6610851828,211.968549727,211.968090198,133.218857134,211.968583129,211.968332066,0.0352140908932,211.968500733,191.593125021
2011-09-26 16:00:00,110.385834119,84.569956848,211.968442294,215.037701456,171.694613742,1.30737899178e-05,211.968557012,0.035211327975,186.336826901,0.0155946227188,0.0246984669033,158.975327171,85.473827521,211.949108931,183.714824114,211.968548316,211.968503177,211.968495262,211.968562097,0.034688297502,52.2110037489,70.4847547196,211.968555894,211.968523518,133.218864718,211.968841777,211.968482779,0.0352084747609,211.968516821,191.593245904
2011-09-26 17:00:00,110.385843767,36.78805675,211.968505883,215.037714769,171.694616415,1.3198659353e-05,211.968562365,211.968545659,186.336836372,0.0155977120038,0.0247004205392,211.968138014,85.4738312706,211.949121836,183.71482631,211.968550563,211.968506469,211.96849949,211.968568112,0.0347090371004,22.7118305396,70.4848348759,211.968556461,211.968539514,177.62495189,211.968924045,211.96848985,0.0351405259881,211.968546857,191.593310777
2011-09-26 18:00:00,110.385843401,36.787939607,211.968519085,215.037716736,171.694616911,1.32472491907e-05,211.968564346,211.968556476,186.33683105,0.0155991303741,0.0246943570079,211.968218779,85.4738313083,211.949124802,183.714826869,211.968551074,211.968507449,211.968500665,211.968571268,0.034709285313,22.7116833748,30.660945821,211.968556566,211.968542999,177.624952835,211.968924566,211.968491893,0.0351150755755,211.968544154,191.59326641
2011-09-26 19:00:00,110.385842351,36.7879348666,211.968516622,215.03771628,171.694616612,1.31075261672e-05,211.968564649,211.968545586,186.336824895,0.0155993443286,0.0246921548098,211.968221361,85.4738309688,211.949124482,183.714826743,211.968551181,211.96850763,211.968500726,211.968570339,0.0347030776863,0.0151391896598,57.0924941857,211.968556553,211.968542829,177.624952931,211.968924676,211.968492241,0.0350661558215,211.968422957,191.593172941
2011-09-26 20:00:00,110.385842188,36.7879259969,211.968511977,215.037713549,171.69461704,1.28661973278e-05,211.968564385,0.0352974257356,186.336821805,0.0155993703047,0.0246905146706,211.968222331,85.4738303655,211.949124243,183.714826521,211.968551146,211.968507569,211.968500228,211.968567368,0.0346871272988,0.0151308867771,70.4714870124,211.968556486,211.968541495,177.62495294,211.968899925,211.968492153,0.0350068240238,211.968032522,191.592928247
2011-09-26 21:00:00,110.385839682,0.0150343550343,211.968508265,215.037709947,171.694616832,1.2585170417e-05,211.968564805,0.0344992969787,186.336816631,0.0155989928526,0.0246866351528,211.968222641,85.4738296432,211.949121916,183.714826387,211.968551156,211.968507472,211.968499278,211.96856467,0.0346714120503,22.7112750658,70.4848142845,211.968556376,211.968540621,177.624952936,211.968884597,211.968492034,0.0349393202311,211.967712947,191.592712953
2011-09-26 22:00:00,110.385838071,0.0150061037418,211.968497648,215.037705968,171.694615828,1.23867289237e-05,211.968563901,0.034494858017,186.336808382,0.0155983023396,0.0246780967779,211.968222069,85.4738295191,211.949119152,183.714826175,211.968551234,211.968507037,211.968498298,211.9685637,0.0345276606973,0.0150284534364,70.4848531056,211.968556255,211.968538527,177.624952905,211.968881037,211.968491624,0.0347975020524,211.967550318,191.592668529
2011-09-26 23:00:00,110.385836005,0.0150019548676,211.968471982,215.037702318,171.694615621,1.22447144184e-05,211.968563399,0.0344940924529,186.336805228,0.0155975424499,0.0246586514771,211.968221606,85.4738295465,211.949117924,183.714826003,211.968551143,211.968506532,211.968496929,211.968563571,0.0154951003901,0.0150153451497,70.4848637672,211.968556109,211.968536949,177.624952882,211.968865186,211.968490896,0.0341745919077,211.967560674,191.592645943
2011-09-27 00:00:00,110.385835665,0.0150011070136,211.968456987,215.037699152,171.694615221,1.21983342957e-05,211.968561675,0.0344936721118,186.336798638,0.0155966008393,0.0246329273892,211.968221387,85.4738294662,211.949116306,183.714826258,211.96855093,211.968505915,211.968495466,211.968563672,0.0150738780274,0.0150272783981,70.4848244647,211.968555912,211.9685354,177.624952846,211.968859663,211.968490325,0.0166019321854,211.965019285,191.592620434
2011-09-27 01:00:00,110.38583418,0.0150001708731,211.968453352,215.037695977,171.694614988,1.22005384135e-05,211.968562113,0.0344934155661,186.33680248,0.0155957571345,0.0246307188376,211.968221087,85.4738293572,211.949114046,183.714825906,211.968550803,211.968505406,211.968494496,211.968563914,0.0150537122953,0.0150699550703,70.4848590804,211.968555854,211.968532964,177.624952848,211.968786411,211.968489509,0.0154097874077,211.967019059,191.592595031
2011-09-27 02:00:00,110.385836026,0.0149998778037,211.968450681,215.037691868,171.694614988,1.22788955412e-05,211.968562574,0.0344929675658,186.336805696,0.015594711749,0.0246504927472,211.968220909,85.4738287535,211.949111505,183.714825329,211.968550935,211.968505079,211.968493291,211.968564627,0.0150237549935,22.7118188647,70.4848791994,211.968555814,211.968531702,177.624952835,211.968776566,211.968488785,0.0152917776514,211.966213309,191.592579611
2011-09-27 03:00:00,110.385840341,0.0150008078207,211.968453684,215.037688202,171.694615409,1.24437183606e-05,211.968563151,0.034492037142,186.336809114,0.0155924990851,0.0246752554273,211.968221024,85.4738295243,211.949108808,183.714824427,211.968551289,211.968504814,211.96849204,211.968568841,0.0150152232824,52.210914963,70.4848859028,211.968555781,211.968531535,177.624952905,211.968783647,211.968487816,0.0152966863361,211.967100084,191.592642782
2011-09-27 04:00:00,110.385843467,0.0150009975708,211.968494023,215.037681813,171.694616517,1.29127551788e-05,211.968564396,0.0344915187097,186.336812579,0.0155881493065,0.0246817310434,211.968221031,85.4738311909,211.949105087,183.714822081,211.968550678,211.968504261,211.968490556,211.968576239,0.0150106037831,52.2110225227,70.4848942847,211.968555782,211.968532373,177.624952987,211.968855697,211.968486085,0.0152823433686,211.96746992,191.592697081
2011-09-27 05:00:00,110.385842047,0.015000856896,211.968507659,215.037661336,171.694616817,1.34140999608e-05,211.968565449,0.0344927788072,186.336810841,0.0140321192154,0.0206977383246,211.968221853,85.4738320284,211.949092594,183.714763024,211.968548849,211.968500246,211.968480678,211.968594369,0.0150096446437,52.2110346643,70.4849018728,211.968555554,211.968525378,177.624952888,211.96888757,211.968478144,0.0152497817366,211.96687052,191.592635644
2011-09-27 06:00:00,110.385773721,0.0149995697508,211.968516463,0.0106625517992,171.694616702,1.35396623951e-05,211.968565325,0.0344937448958,186.336648338,0.0100456352727,0.020005334678,211.968222605,85.4738261656,0.011164370408,0.0198710445465,171.694608043,0.0102530881556,0.010080206578,211.968570549,0.0150248902426,52.2110396843,70.4849075945,211.968549271,211.967800118,177.624952494,211.968885227,0.0132485102032,0.0151642208818,171.692565033,143.694970327
2011-09-27 07:00:00,82.7893538146,0.014999196715,211.968439727,0.0104736960614,171.694613041,1.34982564187e-05,211.968547307,0.034492526696,81.0565335043,0.0100299015438,0.0199989317849,211.968209821,85.4737803292,0.0110323617899,0.0198598929398,171.694493017,0.0102331304503,0.0100581623651,211.968561796,0.0150326111935,52.2110375123,70.4849047521,171.694525054,171.694403456,177.624943468,211.968556709,0.0131907192261,0.0152398630256,171.69224432,143.69477765
2011-09-27 08:00:00,82.7893129991,0.0149987111086,211.968430615,0.0101189117472,171.694544797,1.33969814696e-05,171.694541452,0.0341793309701,81.0565130782,0.0100066531658,0.0199938666106,171.694269935,64.1053888501,0.0109240391952,0.0100191160554,171.694486066,0.0101814259309,0.0100119014372,211.968557072,0.0150428619349,52.2110351286,70.4849016719,171.694523383,171.694358219,143.876203,211.96723637,0.0130334188884,0.0152676587036,171.692188489,143.694733215
2011-09-27 09:00:00,0.0100126491555,0.0149985675361,211.968420619,0.0100196045939,139.072636257,1.3276958101e-05,171.694525528,0.0150181477271,81.0565062594,0.0100033407986,0.0199892566044,171.694260757,64.1053523593,0.0100278920498,0.010005099117,92.2064718364,0.0100068978736,0.0100048058804,171.694542343,0.0150406681395,52.2110318289,70.4848991767,0.0150061107839,0.0103206805577,143.87620133,158.976724682,0.0100131068191,0.0152391056877,92.206247529,143.694897852
2011-09-27 10:00:00,0.0100044975478,0.0149984589117,171.694475256,0.01001298162,128.771000161,1.32215892806e-05,158.976317913,0.0150067213558,81.0564566452,0.0100030398135,0.0199871867668,171.69425571,0.0100360871091,0.0100152333418,0.0100048702067,0.0100251577755,0.0100054849913,0.010004108893,158.976374568,0.0150373883301,52.2110248826,70.4848970999,0.0100027540017,0.0100484152169,133.2186865,158.976677209,0.0100085836306,0.0152259458936,92.2060285511,143.694806755
2011-09-27 11:00:00,0.0100044128029,0.0149986688674,92.2063099885,0.0100152525728,74.6871808327,1.31841392209e-05,92.2063426972,0.0150054219241,81.056225177,0.0100035162076,0.019988064503,171.694238488,0.0100255271303,0.0100175795149,0.0100067172356,0.0100330936857,0.0100063427693,0.0100048030443,92.2063269851,0.0150255889686,52.2110036511,70.4848958617,0.010002932437,0.0100526146417,0.0100041831583,158.976664603,0.0100105367409,0.0152374419455,171.691050139,191.588554185
2011-09-27 12:00:00,0.0100072532016,0.0149991618877,92.2062915494,0.0100367703972,74.6871795294,1.31663626455e-05,158.975092721,0.0150061373203,0.0202924344547,0.0100084408947,0.0199906510727,171.694249531,0.0111088452853,0.0100793828195,0.0198313395146,158.976416744,0.0100456432542,0.0100093113573,92.2063301882,0.0150292259887,52.2109907119,70.4848898981,0.0150006414469,158.976421935,0.0100019143939,158.976669123,0.0101123013721,0.0152259220165,171.689627502,191.592674583
2011-09-27 13:00:00,82.789233326,0.0150004567175,171.694461101,0.0104381982413,128.770977837,1.31747158027e-05,171.694512159,0.0150058751359,81.0565098577,0.0100360706942,0.0199951336582,171.694258803,64.1053608297,0.0110141317927,0.0198646646487,171.694488099,0.0102313519306,0.0100556552795,171.694521941,0.0150134753958,52.2109330063,70.4848881184,171.694522128,171.694374992,0.0149893635707,158.976692442,0.0131848447998,0.0152382634188,171.692738729,191.592676805
2011-09-27 14:00:00,82.7893433351,0.0150032271349,171.694494327,0.0105052530904,139.072635533,1.31624248343e-05,171.694530852,0.0150064931534,81.0565347442,0.0100616299519,0.0200053745263,171.694262814,64.1054315647,0.0110506953717,0.0199028503673,171.694494207,0.0102438372311,0.0100732927566,211.968509003,0.0150103861604,52.2110235429,70.4848942113,171.694524578,171.694409797,143.876199828,158.976801527,0.0132104648223,0.0153266228807,211.966846964,191.59264103
2011-09-27 15:00:00,110.385737403,0.0150073391377,211.96842797,215.035949051,171.694486429,1.31356907182e-05,211.968460824,0.0150835720237,186.336794346,1.96054380454,0.0246569380803,171.694269081,85.4738067254,0.0149229297582,183.714836587,211.968485702,211.968473526,211.968415723,211.968561129,0.0150166695967,52.2110305951,70.4849066764,211.968530138,211.968357833,143.876202235,211.968379094,211.968351012,0.0160641182348,211.967617292,191.592680867
2011-09-27 16:00:00,110.385845741,0.0150042604538,211.968439457,215.036661945,171.69461324,1.31675296621e-05,211.968554968,0.0344924314428,186.336805656,1.96055645156,0.0246889201248,171.69435103,85.4738285821,0.0151529507165,183.714844773,211.968525001,211.968504254,211.968491222,211.968569254,0.0150470408088,52.2110302673,70.4849109596,211.968552206,211.968573393,143.876210592,211.968679967,211.968468705,0.0174130393694,211.967720904,191.592725557
2011-09-27 17:00:00,110.385852346,0.01500297636,211.968480288,215.036684198,171.694615058,1.33505493573e-05,211.968562377,0.0344938810435,186.336808233,1.9605595837,0.0246915613384,211.968443222,85.4738320197,0.0151651939546,183.714846969,211.968526561,211.968507328,211.968495863,211.968572622,0.0150740058267,52.2110285555,70.4849074347,211.968552782,211.968586305,177.624952933,211.968817377,211.968475196,0.018493996612,211.967802759,191.592766846
2011-09-27 18:00:00,110.385851219,0.0150029231171,211.968483561,215.036689208,171.69461485,1.33745116212e-05,211.968563861,0.0344947591903,186.336805737,1.96056095079,0.0246903665239,211.96846173,85.4738320523,0.015166646975,183.714847565,211.968526866,211.968508054,211.968497166,211.968571059,0.0150819385267,52.2110276742,70.4849033469,211.968552858,211.968590469,177.624953631,211.968819967,211.968477093,0.0342792424516,211.967794458,191.592648415
2011-09-27 19:00:00,110.385849532,0.0150023389634,211.968479246,215.036690112,171.694614553,1.320763566e-05,211.968563506,0.0344943355223,186.336804879,1.96056105101,0.024686206844,211.968463733,85.4738319237,0.0151661985416,183.714847567,211.968526932,211.968508234,211.968497393,211.968568029,0.0150720081638,52.2110259834,70.4848977187,211.968552857,211.968590844,177.624953711,211.968800244,211.968477392,0.0194868937578,211.967746205,191.592576394
2011-09-27 20:00:00,110.38584912,0.0150029076951,211.968468042,215.036688268,171.694614695,1.29620720903e-05,211.968562849,0.0344935366645,186.336805368,1.96056126103,0.0246822378601,211.968464573,85.4738315379,0.0151656317889,183.714847287,211.9685269,211.968508159,211.968496898,211.968564437,0.015032139578,52.2110222581,70.4848921822,211.9685528,211.968589609,177.624953714,211.968730792,211.968477346,0.0192030836853,211.967698743,191.592573269
2011-09-27 21:00:00,110.385846432,0.0150023613746,211.968444879,215.036686204,171.694614532,1.26491680069e-05,211.968561559,0.034491406817,186.336805513,1.96056081077,0.0246783011457,211.968464575,85.4738306834,0.0151637835634,183.71484705,211.968526694,211.968508055,211.968496132,211.968563009,0.0150199692878,52.2110132228,70.4848728858,211.968552732,211.968587727,177.624953736,211.96868629,211.968477092,0.0190485914224,211.967551757,191.592504189
2011-09-27 22:00:00,110.385844431,0.0150023290031,211.968435611,215.036683298,171.694613812,1.24555657617e-05,211.968560071,0.0344240393446,186.3368059,1.9605596897,0.024671401521,211.968463842,85.4738302612,0.0151610451658,183.714846692,211.968526576,211.968507512,211.968495177,211.968562321,0.0150124357355,52.2109411151,57.0926295837,211.968552655,211.968585479,177.624953725,211.968704616,211.968476593,0.0180503161575,211.967148354,191.592526878
2011-09-27 23:00:00,110.385841521,0.0150027932959,211.968432803,215.036680843,171.694613314,1.22817199858e-05,211.968559145,0.0150606056829,186.336806627,1.96055898889,0.0246663269626,211.968463324,85.4738306194,0.015160308079,183.71484641,211.968526444,211.968506855,211.968493936,211.968562115,0.0150076936494,22.7118186025,30.6609628169,211.968552584,211.968584202,177.624953714,211.968691163,211.968475647,0.0159457486638,211.966376858,191.592559547
2011-09-28 00:00:00,110.385840926,0.0150029786037,211.968431122,215.036677921,171.694611877,1.21867027006e-05,211.968560218,0.015034495172,186.336806747,1.96055838944,0.0246002509774,211.968462961,85.4738305152,0.0151601178177,183.714846182,211.968526367,211.968506298,211.968492663,211.968562214,0.0150038829729,22.7118121325,30.660960776,211.968552529,211.968582531,177.624953708,211.968744772,211.96847492,0.0189461608193,211.967396315,191.592605392
2011-09-28 01:00:00,110.385839235,0.0150053908767,211.968430824,215.036675298,171.694610284,1.21789617634e-05,211.968559481,0.0150118812456,186.336806951,1.96055740564,0.0246330460255,211.968462384,85.4738303008,0.0151583356783,183.714845844,211.968526082,211.968505631,211.968491824,211.968562627,0.0150043466576,22.7087139817,30.6609432724,211.96855244,211.968581347,177.624953681,211.968734447,211.968473825,0.0184553923996,211.966944528,191.592578133
2011-09-28 02:00:00,110.38584031,0.0150239577184,211.968431264,215.036672024,171.694611159,1.22142891941e-05,211.96855886,0.0150079848285,186.336806836,1.96055579575,0.0246599210622,211.968462318,85.4738298325,0.0151562039738,183.714845281,211.968525658,211.968505188,211.968490861,211.968562995,0.0150046798283,0.0150263360251,30.6609415217,211.968552324,211.96857966,177.624953672,211.968727659,211.968472682,0.0185425658753,211.966969109,191.592492688
2011-09-28 03:00:00,110.385844955,36.7879316458,211.968431608,215.036668237,171.694612648,1.23897924028e-05,211.968558923,0.0150074491652,186.336807241,1.96055393599,0.0246703344331,211.968462193,85.4738306852,0.0151542481401,183.714844552,211.968525273,211.968504893,211.968489812,211.968563588,0.0150034839883,0.0150096512061,30.6609451098,211.968552245,211.968579344,177.624953743,211.968752519,211.968471358,0.0190221055603,211.967099636,191.592519237
2011-09-28 04:00:00,110.385848097,36.7879376999,211.968433319,215.03666354,171.694613827,1.27933373864e-05,211.968559967,0.0150079171842,186.336808045,1.96054921289,0.0246740613984,211.968462452,85.4738320302,0.0151512169108,183.71484255,211.968524465,211.968504269,211.968488502,211.968566176,0.0150029191657,0.0150079512539,30.6609904929,211.968552214,211.968580524,177.624953843,211.968769917,211.968469427,0.0190353227821,211.967366762,191.592517223
2011-09-28 05:00:00,110.385845067,36.7879381988,211.968437823,215.03664681,171.694613942,1.33116635799e-05,211.968560525,0.0150176608694,186.336807622,0.011008284093,0.0244607528883,211.968463371,85.4738328753,0.0151422303749,183.714806039,211.968522534,211.968500314,211.968480193,211.968566528,0.0150027914439,0.0150084534455,57.0924466914,211.96855188,211.968573424,177.624953777,211.968768395,211.968461438,0.0155055167909,211.967245481,191.592396737
2011-09-28 06:00:00,110.385661553,36.787922806,211.968451619,0.0105207491748,171.694613211,1.34238337268e-05,211.968558496,0.0199889587121,186.33677664,0.0100410197425,0.020003236642,211.968464441,85.4738270879,0.010446420125,79.9159920832,211.968305646,0.0149858244522,0.0100938765253,211.96856238,0.0150086053259,0.0151109201067,70.4848790731,211.968528599,211.968084701,177.624953504,211.968753245,158.975921506,0.0151828052495,92.2057148177,83.3428014037
2011-09-28 07:00:00,0.017617744173,0.0150581044315,211.968422173,0.0103395270537,171.694534588,1.33635647672e-05,211.968213723,0.0150069196462,81.0564563399,0.0100251015817,0.0199947057406,211.968461143,85.4737837542,0.0103085004308,79.9159809688,171.694475587,0.0149651745098,0.0100698529288,211.968467888,0.0150097211793,0.0150056363772,70.4848793552,158.976392975,171.694450821,177.624947398,211.968181097,158.975849,0.0150112765998,74.6863534535,0.0224626439075
2011-09-28 08:00:00,0.0175444505163,0.0150033883028,171.694438885,0.0100796260611,128.770961662,1.33547916929e-05,171.694487231,0.0150046043686,65.6557639026,0.0100042921366,0.0199856298041,211.968207249,64.1053933824,0.0101877600194,0.0100253406875,171.694468577,0.0148851265705,0.0100122540672,158.976427375,0.0150105744354,0.015001969501,70.4848742692,158.976390378,171.694408003,143.876211197,158.976623312,158.975726261,0.0149924580488,0.0150834538697,0.0201387214472
2011-09-28 09:00:00,0.010010094163,0.0150024648888,92.2063115319,0.0100161139508,74.6871592065,1.33326319476e-05,158.976272665,0.0150010203928,0.0199998406672,0.0100023861755,0.019975776472,171.694483942,64.1053570871,0.0100154363692,0.0100045057954,0.0154258591252,0.0100080346937,0.01000474082,92.2063266889,0.0150069083274,0.0150011675745,70.4847913781,0.0149606930685,158.973794586,143.876209925,158.976539186,0.0100234326746,0.0149888324477,0.0149998398833,0.0163209389095
2011-09-28 10:00:00,0.0100048329157,0.0150028503427,92.2062718463,0.0100110544025,74.687156874,1.33255775039e-05,92.2063244368,0.0150003291743,0.0199948110687,0.0100021495144,0.0199639685859,171.694460326,0.0100526894958,0.0100094658821,0.0100045231936,0.0100086064821,0.0100053764459,0.0100040466957,92.2063252871,0.015004221716,0.0150007883014,57.0927599429,0.0100013688395,0.0100516558309,143.876197941,158.976495964,0.0100128260864,0.0149960808184,0.0149894640614,0.0150219699896
2011-09-28 11:00:00,0.0100053410471,0.0150109597853,92.2062720855,0.0100124863193,74.6871503034,1.33314322471e-05,92.2063219954,0.0150001721864,0.0199939406835,0.0100029452071,0.0199130839717,171.694458224,0.0100311563137,0.0100104967569,0.0100079423981,0.010008330824,0.0100095564086,0.0100047029676,92.206325594,0.0150014257602,0.0150006999382,30.661045545,0.0100013899067,0.0100553469173,0.0150008067398,158.976478596,0.0100251369017,0.0150239584056,0.0149906987448,0.0150281290108
2011-09-28 12:00:00,0.0100104571428,36.7879235621,92.2063922184,0.0100279608579,74.687157385,1.33197066008e-05,92.2063232727,0.0150002753495,0.0199987168293,0.0100073606406,0.0199568958462,171.694458098,64.1052895826,0.0100297587843,79.9159713138,0.0100747646346,0.0149268964423,0.0100100440387,92.2063260838,0.0149995066367,0.015001697634,30.6609688586,0.0149827726462,158.977642945,77.2668358542,158.976431466,0.0182285859485,0.0151964207802,0.0150224231512,0.0197002308766
2011-09-28 13:00:00,0.0175221083274,36.7879376019,171.694434706,0.010297722126,74.687158833,1.32377985241e-05,92.2063539016,0.015000347218,0.020361791365,0.0100335133589,0.0199788050275,171.694458734,64.1053751224,0.0102888018641,79.9159859056,171.694458533,0.0149640016178,0.0100672046225,158.976425999,0.0149975048719,0.0150011874266,30.6609515181,158.976388634,171.694422203,143.876205461,158.976506276,158.975832814,0.0152553536843,74.6874020967,0.0200742401126
2011-09-28 14:00:00,0.0176124485458,36.7879524578,211.968374268,0.0103686805932,128.7709538,1.32222450184e-05,171.694484687,0.0150008486296,65.655776162,0.0100614004678,0.0199990609669,171.694459312,64.1054621707,0.0103255472572,79.9160219658,171.694472593,0.0149761374755,0.0100860189932,211.968195356,0.0149978519373,0.0150014004113,70.4762931524,158.97639267,171.694457558,143.876209925,158.976561713,158.975856359,0.0152328356308,92.2060017999,0.0229282211955
2011-09-28 15:00:00,110.385659971,84.569957539,211.968429963,215.034272504,128.771556554,1.31800819478e-05,171.694520364,0.0150045200202,81.0565107416,1.97189501964,0.0246523248195,171.694461555,85.4738052276,0.0147602349899,98.661754611,171.694558135,211.968385059,211.968452793,211.968561578,0.0149993259776,0.0150020745354,70.4848936601,211.968411465,211.968423923,143.87621103,211.967802082,211.968291056,0.0152189567597,92.2060159662,0.0287964752437
2011-09-28 16:00:00,110.385851787,84.5699662282,211.968435696,215.036771905,171.694612477,1.31609631454e-05,211.968536951,0.015007414442,81.0565159113,1.97190670758,0.024673126481,211.967287056,85.4738293623,0.0150842622212,98.6617587339,211.968535331,211.968419198,211.968510586,211.968568504,0.0150015513234,0.015003034286,70.4848976776,211.968546394,211.96858892,177.624945556,211.968525182,211.96842362,0.0151736705158,92.2060185213,0.0288542790011
2011-09-28 17:00:00,110.385859674,84.5699680564,211.968444051,215.03679397,171.694615775,1.32687153246e-05,211.96854909,0.0150199816064,81.0565176024,1.97190994999,0.0246751189377,211.968456512,85.4738330066,0.0150956619143,98.6617600312,211.96853805,211.968422408,211.968514704,211.968572658,0.0150061544194,0.015003702613,70.4848967839,211.968547137,211.968602558,177.624952668,211.968630433,211.968430961,0.0150985843341,92.2059200532,0.028674872492
2011-09-28 18:00:00,110.385860135,84.5699688475,211.968442261,215.036798601,171.694615822,1.33453945044e-05,211.96855094,0.0344787659959,81.0565172205,1.97191120359,0.0246732633957,211.968466012,85.4738331097,0.0150968252762,98.6617598333,211.968539011,211.968423556,211.968515853,211.968570142,0.0150088593543,0.0150246182207,70.4848959167,211.968547253,211.968605137,177.624953064,211.968620347,211.968433543,0.0152493701885,92.2056790949,0.0218889084734
2011-09-28 19:00:00,110.385859299,84.569968155,211.968435646,215.036798863,171.694615657,1.31561306003e-05,211.968550573,0.015064231964,81.0565161158,1.97191126501,0.0246698287594,211.968465785,85.4738328974,0.0150966929011,98.6617590159,211.968539412,211.96842428,211.968516015,211.968566524,0.0150107224178,0.0150087366356,70.4848903178,211.968547283,211.968604871,177.624953086,211.968615869,211.968434221,0.0152358067709,92.2045157727,0.0218348191896
2011-09-28 20:00:00,110.385858875,84.5699686267,211.968432431,215.036796765,171.694615937,1.28935011268e-05,211.968550207,0.0150142420147,81.056514656,1.97191105002,0.0246681738064,211.968465394,85.4738324805,0.0150963351544,98.661757982,211.968539503,211.968424733,211.968515518,211.968563994,0.0150085706782,0.0150040418264,70.4848847244,211.968547231,211.968604342,177.624953085,211.968590946,211.968434473,0.015262434088,74.6873381252,0.0218201095588
2011-09-28 21:00:00,110.385856506,84.5699684714,211.968431297,215.036794698,171.694615871,1.25945462547e-05,211.968549321,0.0150152060109,81.0565128786,1.97191061045,0.024665099714,211.968464519,85.4738315471,0.0150945300136,98.6617565288,211.968539612,211.968424864,211.96851477,211.968562869,0.0150051681959,0.0150030274957,70.4848612569,211.968547159,211.968602603,177.624953088,211.968579452,211.968434289,0.0153162496618,74.6872728837,0.0218849150553
2011-09-28 22:00:00,110.385855408,84.5699687697,211.968429888,215.036791752,171.694615388,1.23404671102e-05,211.968548277,0.0150127402088,81.0565116483,1.9719096333,0.0246595008271,211.968462821,85.473832009,0.0150919269771,98.6617540859,211.968539744,211.968424601,211.968513638,211.968561938,0.015003146843,0.0150023333983,70.4847467243,211.968547081,211.968600525,177.624953055,211.968558841,211.968433912,0.0154756907782,74.6874596385,0.0219629662272
2011-09-28 23:00:00,110.385852663,84.5699695285,211.968429242,215.036788992,171.694615317,1.22106033401e-05,211.968548016,0.0150161632678,81.0565110765,1.97190864701,0.0246500900723,211.968461333,85.4738317089,0.0150916727238,98.6617515753,211.968539657,211.968424191,211.968512317,211.968561524,0.0150021849389,0.0150020837315,57.0936992053,211.968547008,211.968598658,177.624953009,211.968552427,211.968433334,0.0160909069944,74.687961235,0.0220643649419
2011-09-29 00:00:00,110.385851399,84.5699710867,211.968431211,215.036786671,171.694615065,1.21137126033e-05,211.968551146,0.015042408645,81.0565122421,1.97190747318,0.024630070897,211.968460072,85.4738313882,0.0150918466363,98.6617480795,211.968539519,211.968423819,211.968510973,211.968562582,0.0150015631742,0.0150030962809,70.4847923724,211.968546977,211.968597643,177.624952968,211.968579764,211.968432533,0.032400370067,92.2053590972,0.0222984952973
2011-09-29 01:00:00,110.385850709,84.5699728813,211.968431312,215.03678334,171.694614864,1.21241403314e-05,211.968550789,0.0150528687055,81.0565119575,1.97190634408,0.0246125262687,211.96845861,85.4738309664,0.0150899885648,98.6617482047,211.968539408,211.968423576,211.968510122,211.968562784,0.0150011839502,0.0150023083024,70.4848382806,211.968546921,211.968596033,177.624952943,211.968601242,211.968431866,0.0348905630971,92.2059348075,0.0223790985158
2011-09-29 02:00:00,110.38585224,84.5699786929,211.968431552,215.036779663,171.69461491,1.21837737366e-05,211.968550679,0.0151232848305,81.0565106233,1.97190476004,0.024616943994,211.968457285,85.4738305444,0.015087989034,98.6617472892,211.96853953,211.96842353,211.968509143,211.968563245,0.0150018225002,0.0150020095693,70.484870443,211.968546858,211.968594699,177.624952907,211.968602865,211.968431122,0.035002609674,92.20600189,0.0244484126769
2011-09-29 03:00:00,110.385856822,84.5704265046,211.968432051,215.036775895,171.694615337,1.2293872349e-05,211.968551322,0.03414135842,81.0565091651,1.97190294386,0.0246298202543,211.968456097,85.4738313086,0.0150854890392,98.661748357,211.968539916,211.96842355,211.968508087,211.968564001,0.0150058896351,0.0150021030054,70.484888421,211.968546795,211.968593645,177.624952943,211.968612172,211.968430175,0.0350672064091,211.965787086,83.342778017
2011-09-29 04:00:00,110.385859848,92.1972881451,211.968434126,215.036770849,171.694615991,1.27611301109e-05,211.968552666,0.0344746425419,81.0565089016,1.97189846241,0.0246264635835,211.968454771,85.4738327198,0.0150841585745,98.6617460308,211.968539373,211.968423503,211.968507041,211.968567468,0.0150359278086,0.0150027161876,70.4848980817,211.968546753,211.968595024,177.624953007,211.968640646,211.968428675,0.0351107404972,211.967512713,83.3432968117
2011-09-29 05:00:00,110.385857957,92.1986852099,211.968439579,215.036755385,171.694616211,1.3219721809e-05,211.96855303,0.0344943684697,81.0565059471,0.0141462943156,0.0200267643666,211.968453198,85.4738336134,0.0150763801299,79.9161370238,211.968537679,211.968421482,211.968499665,211.968569588,0.0151040710432,0.0150047647143,70.4849065006,211.968546423,211.968588843,177.624952851,211.968635225,211.968421837,0.0350821736797,211.967583434,191.592301182
2011-09-29 06:00:00,110.385775005,92.1971586296,211.968446549,0.0105146226765,171.694616133,1.32654283979e-05,211.96854953,0.0344956528505,60.792287507,0.0100710064385,0.0199903639029,211.968448826,85.4738283809,0.0104430112529,0.0200210525206,171.694751829,171.694418562,0.0100858593669,211.968564084,0.0346973133234,0.0150075030206,70.4849228555,211.968418643,211.968005995,177.624952344,211.968613627,92.2071985673,0.0350324036206,211.967628444,191.592548973
2011-09-29 07:00:00,82.7892656304,84.5699938739,211.968426866,0.0103457795965,171.694607202,1.32092811529e-05,158.976619286,0.0344951466435,60.7922706639,0.0100492578368,0.0189532954508,211.96828799,85.4737874919,0.010339411641,0.0200102940256,171.694490435,171.694407345,0.010062650425,211.968553392,0.034717527567,0.0150062886709,70.4849257189,0.0150003880455,171.69443851,177.62493351,158.977048525,92.2070886841,0.0349676319452,211.967536046,191.592567482
2011-09-29 08:00:00,82.7892154425,84.5699737693,171.694441891,0.0100829632679,139.072640025,1.31200955654e-05,158.976584328,0.0344693949869,0.0200001904134,0.0100045932661,0.0189257548382,171.693674217,64.1053909165,0.0102225720234,0.0100328709029,171.694483553,171.694364733,0.0100111060577,171.694528906,0.0347142144413,0.0150081061653,70.484927185,0.0149981965717,171.694395098,77.2668909718,158.976512494,92.2069490683,0.0349931732998,211.966576546,191.592620621
2011-09-29 09:00:00,0.0100119563687,84.5699691281,171.694312412,0.0100156627349,139.072634328,1.30380805014e-05,92.2063317298,0.0150227336844,0.0199933434691,0.0100028160084,0.0167121442654,171.693645734,64.105353365,0.0100176024933,0.0100052116575,92.206403215,0.0100145241398,0.0100047991602,92.2063280939,0.0346927921983,0.0150099313447,70.4849137442,0.0100025510452,0.0105612414689,77.266888948,158.976438437,0.0100205654445,0.0348234926263,171.739887756,191.592615902
2011-09-29 10:00:00,0.0100051070236,84.5699617346,92.2062717969,0.0100107544162,128.770942186,1.30694154886e-05,92.206317316,0.0150074036395,0.0199759798467,0.0100026708012,0.010024468522,171.693601182,0.0100549012551,0.010011075123,0.0100045265358,0.0100252376153,0.0100079687756,0.0100040919884,92.2063256193,0.020810753414,0.0150104482556,70.4849060964,0.0100007810205,0.0100484252711,0.0150003719582,158.976358487,0.0100121073955,0.0284871763375,211.966881723,191.592620767
2011-09-29 11:00:00,0.0100050302435,84.5699611471,92.2062715148,0.0100126261069,74.6871606679,1.30245117479e-05,92.2062581512,0.0150063601546,0.0199890690255,0.0100038393172,0.0100546237248,0.0100308512727,0.0100293073006,0.010014280031,0.0100115937738,0.0100569594198,0.0100090678845,0.0100047414285,92.2063257788,0.0160241503613,0.0150124484959,70.4849025414,0.0100008590332,0.0100538193634,0.0100019546036,158.976314103,0.0100154819127,0.0344049220567,211.967634825,191.592627092
2011-09-29 12:00:00,0.0100084842003,84.5699618613,92.2062746939,0.0100276934749,74.6871593565,1.29701615281e-05,92.2063214198,0.0150263080083,60.7921926757,0.0100231152775,0.0189074069556,0.0100113091822,0.0125924338128,0.0100447675798,0.0200115865564,158.976114448,0.0149867932024,0.0100096280951,92.2063284371,0.015135158846,22.7118083298,70.4849100252,0.0100016283405,158.976731403,0.0100016161655,158.976358297,0.0150654416584,0.0350652291398,171.694077597,191.592655327
2011-09-29 13:00:00,82.7890417662,84.5699638806,171.694403815,0.0103083141887,74.6871766519,1.30102830764e-05,92.2063304757,0.0150137318552,60.7922818663,0.0100689019899,0.0189430709219,0.0100531677281,64.1053539035,0.010321949144,0.0200227112938,171.694484396,171.694409061,0.0100605608305,158.976656435,0.0151099546023,22.7121148497,70.4849081159,0.0149958975426,171.694410446,0.0149849742808,158.976436752,92.2070784136,0.035080190342,211.967847449,191.592715814
2011-09-29 14:00:00,82.7892587524,84.5699629446,171.694504763,0.0103770833676,139.072634568,1.29662658281e-05,158.976586677,0.0258350098495,81.0565071859,0.0101448356429,0.0199935512455,171.693484565,64.1054141753,0.0103576289674,0.0247141525743,171.694491591,171.694429171,0.0100798894878,211.968535625,0.0151038541645,52.2109398936,70.4849134447,0.0149999139793,171.694445356,77.2668861907,158.976502409,92.2071022927,0.035078940379,211.967864311,191.592743051
2011-09-29 15:00:00,110.385751793,84.5699622868,211.968429555,215.035474921,171.694544671,1.29605290031e-05,158.976930285,0.0344952880663,186.336795794,1.97117151826,0.0233688483433,171.693643219,85.4737962323,0.0149195962185,0.0247252081082,211.968495497,211.96848668,211.96846647,211.968563124,0.0150999446159,52.2109549371,70.4849471753,0.0150508697879,211.968395972,77.2668899879,211.96355912,211.968374481,0.0350847597343,211.967891177,191.592871488
2011-09-29 16:00:00,110.385864898,84.569961197,211.968437891,215.037045419,171.694614852,1.29853541536e-05,211.968542334,0.0344965646361,186.336805894,1.97117964064,0.0233955258719,171.69365289,85.4738298831,0.0153420550466,0.0247273516279,211.968538203,211.968497777,211.968510837,211.96857775,0.0150864810398,52.2109552983,70.4849255425,211.968548535,211.968571987,77.2669013263,211.968543132,211.968445775,0.0350939301941,211.967916608,191.592954882
2011-09-29 17:00:00,110.385871506,84.5699513538,211.968450377,215.037066803,171.69461684,1.31187552943e-05,211.96855389,0.0344975480401,186.336808613,1.9711820055,0.0233996915771,211.96747254,85.4738335665,0.0153542431062,0.0247276495931,211.968540044,211.96850019,211.968515139,211.968584554,0.0150870812267,52.2109524385,70.4849163648,211.968549361,211.968585291,177.624946809,211.968663193,211.96845188,0.0351006030241,211.968183026,191.592978662
2011-09-29 18:00:00,110.385871352,36.7879512051,211.96845569,215.03707115,171.694616621,1.31282838241e-05,211.968554686,0.0345025066847,186.336807916,1.97118225268,0.0233979724637,211.967485525,85.4738335111,0.0153567351452,0.0247261268432,211.968540611,211.968500916,211.968516204,211.968586214,0.015121045786,52.2109656497,70.4849131283,211.96854951,211.968588302,177.62494764,211.968675079,211.968453861,0.0351118771747,211.968426619,191.592950198
2011-09-29 19:00:00,110.385870137,36.7879414619,211.968449946,215.037071842,171.69461646,1.30018660067e-05,211.968554545,0.034497798413,186.336807197,1.97118208424,0.0233930419862,211.967486709,85.4738335261,0.0153566848214,0.0247252696038,211.968540719,211.968501016,211.968516279,211.9685795,0.0151059928343,52.2109628432,70.4849058898,211.968549526,211.968587374,177.624947755,211.968668943,211.96845434,0.0350207051747,211.968105137,191.592813333
2011-09-29 20:00:00,110.385869926,36.7879410239,211.968440859,215.037069574,171.69461669,1.27642052532e-05,211.968555211,0.0344964657811,186.336806823,1.97118193839,0.0233899485713,211.967487123,85.4738331772,0.0153563815197,0.0247238744505,211.968540685,211.968501006,211.968515939,211.968575971,0.0150666061423,52.2109542968,70.4849016418,211.968549458,211.968586875,177.624947798,211.968663077,211.968454511,0.0287387622986,211.967809363,191.592679837
2011-09-29 21:00:00,110.385867579,36.7879394792,211.968435751,215.037067478,171.694616531,1.25052181393e-05,211.968556008,0.0344958748234,186.336806322,1.97118153841,0.0233865160401,211.96748698,85.473832504,0.0153548948694,0.024723174163,211.968540641,211.968500929,211.968515184,211.968566503,0.0150242226901,52.2103312383,70.484898874,211.968549377,211.968584923,177.624947815,211.968663248,211.968454223,0.0154197097447,211.967541537,191.592662673
2011-09-29 22:00:00,110.385866061,36.7879370217,211.968433155,215.037064702,171.694615949,1.23423349224e-05,211.968555382,0.0344952250269,186.336805868,1.97118051579,0.0233811378187,211.967486424,85.4738324788,0.0153524245688,0.0247225074938,211.968540674,211.968500493,211.968514281,211.968564704,0.0150113560941,22.7117844192,70.4848977291,211.96854928,211.968582703,177.624947795,211.968655669,211.968453903,0.015276771146,211.96694,191.592655288
2011-09-29 23:00:00,110.385863807,36.787933111,211.968432101,215.037062202,171.694615699,1.22187249268e-05,211.968554818,0.0344947134019,186.336805666,1.97117981237,0.0233740417064,211.967485985,85.4738324162,0.0153511316316,0.0247222638941,211.968540556,211.968499943,211.968512637,211.968564287,0.0150074643299,0.015032647642,70.4848976077,211.968549211,211.968581226,177.62494778,211.968668525,211.968453099,0.0152495310007,211.966360579,191.592647566
2011-09-30 00:00:00,110.385863307,0.0150852507647,211.96843189,215.037059373,171.694615241,1.2120221078e-05,211.968553263,0.0344929841288,186.336806055,1.9711789969,0.0233543675862,211.967485495,85.4738321361,0.0153514130726,0.0247205649349,211.968540408,211.968499315,211.968511552,211.968564333,0.0150033711615,0.0150094549751,70.4848976919,211.968549163,211.968580185,177.624947705,211.968695009,211.968452845,0.0153964835186,92.2064120224,191.592619668
2011-09-30 01:00:00,110.385861749,0.0150087110592,211.968432031,215.037056194,171.694614499,1.20770185569e-05,211.968553543,0.0344930594512,186.336806886,1.97117786428,0.0233568526369,211.967485023,85.4738319346,0.0153492461398,0.0247203308851,211.968540239,211.968498749,211.968510573,211.968564498,0.0150029799088,0.0150108155299,70.4848984502,211.968549106,211.968577996,177.6249477,211.96871376,211.968451922,0.0153661773266,92.2060161951,191.592600178
2011-09-30 02:00:00,110.385862788,0.0150063770742,211.968432547,215.037053041,171.694614153,1.2109381352e-05,211.968553763,0.0344919574017,186.336807624,1.97117651216,0.0233477283189,211.967484615,85.473831465,0.0153470502585,0.0247205985718,211.968540216,211.968498404,211.968509611,211.96856487,0.0150021365251,0.0150194010785,70.4848987485,211.968549054,211.968576512,177.624947696,211.968714388,211.968451139,0.0153138650241,92.2059361159,191.592595118
2011-09-30 03:00:00,110.385867015,0.015017497869,211.968433039,215.037049331,171.69461469,1.22342812905e-05,211.968554357,0.0344906311884,186.336807941,1.97117435968,0.0233388447254,211.967484131,85.4738320797,0.0153452049561,0.0247211968147,211.968540397,211.968498193,211.96850872,211.968566405,0.0150022627363,22.7113263419,70.4849002799,211.968549014,211.968575466,177.624947775,211.968729515,211.968450171,0.0153493553451,92.2060293984,191.592627155
2011-09-30 04:00:00,110.385870137,0.0150170421301,211.968435179,215.037044869,171.69461555,1.26870436892e-05,211.968555891,0.0344907320298,186.336808617,1.97116983037,0.0233217863631,211.967483546,85.4738333643,0.0153427357503,0.0247214505825,211.968539592,211.968497708,211.968507616,211.968576671,0.0150030236942,22.711838589,70.4849083727,211.968548995,211.968576623,177.624947859,211.968760538,211.968448551,0.0154788690568,92.207078053,191.592641222
2011-09-30 05:00:00,110.38586747,0.0150051457603,211.968440663,215.037029749,171.694615636,1.31283183756e-05,211.968556493,0.0344946891072,186.336808136,1.9708989221,0.0200038399118,211.967483014,85.4738345139,0.0153343351318,0.0200641874043,211.968537205,211.968494005,211.968501266,211.968578497,0.0150053880921,52.2109364822,70.4849230793,211.968548686,211.968569374,177.62494776,211.968776429,211.968441903,0.0155084185832,92.2091848714,191.592627786
2011-09-30 06:00:00,110.385726579,0.0150004874447,211.968448018,0.0106311561085,171.694614784,1.319389308e-05,211.968554951,0.0344961684023,186.33674185,0.644582864642,0.0199865959046,211.967481624,85.473830121,0.0108729320672,0.0200261986099,158.976344648,0.0148981718362,0.0101197972856,211.968565416,0.0150551991519,52.2109454644,70.4849526422,211.968479104,211.967377702,177.624947382,211.96876591,92.2061562822,0.0152894661834,92.2060074704,191.59223002
2011-09-30 07:00:00,0.0161195889399,0.0149989673577,211.968424476,0.0104737692021,171.694452976,1.32236243295e-05,171.69461028,0.0344954050768,81.0565302243,0.644569095191,0.0172852094731,211.967466662,85.473790393,0.0107494854211,0.0200223647288,158.976233182,0.0148797847757,0.0100965083355,211.968551316,0.0151390374661,52.2109323948,70.4849467731,92.20542741,171.694393584,177.624935029,211.968292194,92.2061017772,0.0152191847749,92.2059039011,83.3428140291
2011-09-30 08:00:00,0.0160535277486,0.014997868871,171.694439141,0.0100871389251,74.6872282087,1.31569577138e-05,171.694511243,0.0259506979531,81.0565123543,0.644540569798,0.0172516625825,171.693647886,64.1053957558,0.0106422954578,0.0200179412229,158.976223344,0.014841212315,0.0100153159678,171.694484217,0.0151905460496,52.2108610656,70.4849596639,92.2054250814,171.694348113,133.218933266,158.97669702,92.2060032874,0.0150763518522,74.687296553,62.507761269
2011-09-30 09:00:00,0.0100091555345,0.0149973437255,92.2062828794,0.0100185514599,74.6871594707,1.32051155125e-05,158.97638422,0.0150074495821,81.0564889936,0.010030012051,0.0100769819259,171.693636059,64.1053552483,0.0100320933567,0.0200112594876,0.01482080493,0.0100089264005,0.0100053308328,92.2063281388,0.0159230696684,22.7371558208,70.4849298674,0.0100023099449,0.0102850406163,133.218931428,158.976613315,0.0100197511237,0.0149939619743,0.0150881754746,0.0226314697241
2011-09-30 10:00:00,0.0100046063485,0.0149970212793,92.2062716568,0.0100132227874,74.6871577489,1.3188702881e-05,92.2063265416,0.0150054317548,0.0199997054252,0.0100256185766,0.0100814412502,171.693625467,0.0102840831117,0.0100177981585,0.0200131899144,0.010010843575,0.0100066756246,0.0100045268424,92.206326559,0.035619828061,22.7118097563,70.4849145039,0.0100009582388,0.0100502536841,0.0150071472891,158.976587798,0.0100111782441,0.0149792264786,0.0150127139594,0.0197939706277
2011-09-30 11:00:00,0.0100044941404,0.0149972098812,92.2062719011,0.0100167300903,74.687154581,1.31085748852e-05,92.2063236206,0.015004566285,0.0199970316251,0.644179968865,0.0172373254834,0.0101101611187,0.0100392137783,0.0100191273343,0.0200211667514,0.0100129096866,0.0100083905093,0.0100055102935,92.2063264008,0.0357595524354,22.7117863895,70.4849098556,0.010000871936,0.0100524367792,0.0100020708488,158.976579327,0.0100152698469,0.0149819146956,0.0150069769862,0.0193450348073
2011-09-30 12:00:00,0.0100069994268,0.0149975989738,92.2062921769,0.0100462029998,74.6871557626,1.30140193439e-05,92.2063391377,0.0150060545596,0.0200388781032,0.644557464747,0.0172681962476,0.0100134472618,0.0101304853257,0.010058396012,0.0200256909471,0.0150244699366,0.0144392805899,0.0100140320248,92.2063280153,0.0358219901076,52.1944542265,70.4849103923,0.0100017183291,158.976198606,0.010001965415,158.976597029,0.0150931801255,0.0149900674686,0.0150070693058,0.0199974771724
2011-09-30 13:00:00,0.0155446946466,0.0149983243919,171.694437668,0.0104438650712,74.6871584851,1.29517081098e-05,171.694295842,0.0150062992495,81.0565089569,0.644568488433,0.0173394355304,158.976815773,64.1053469907,0.0107327121614,0.0200357607074,158.976223737,0.0148783298364,0.0100949557984,171.694518103,0.0358313225324,52.2085314457,70.4849096677,92.2054215999,171.694366296,0.014887630961,158.976634973,92.2060955031,0.014998242191,0.0150605132909,0.0219223659189
2011-09-30 14:00:00,0.0161155449659,0.0149994791482,211.968391157,0.0105105989467,74.6871735333,1.29138931203e-05,171.694515321,0.0150147271628,81.0565300597,0.64457943748,0.0199965652082,171.693630846,64.1053907679,0.0107697457219,183.708736485,158.97623413,0.0148915862701,0.0101143519368,211.968543062,0.0362691151959,52.2109101596,70.484918228,92.2054272296,171.694399451,133.218929665,158.976714364,92.2061220262,0.0150131742192,74.6857678837,62.5072238352
2011-09-30 15:00:00,110.385719928,0.0150020545029,211.968431005,215.036073035,74.6872499456,1.28707397549e-05,211.968489234,0.0344958592737,186.336791533,0.858214160872,0.0200338645837,171.693636033,85.4737991221,92.2048032383,183.714772407,211.968300615,211.968465741,211.968461954,211.968563273,211.967279072,52.210934116,70.4849539843,92.2063564954,211.968328093,133.218932471,211.968112836,211.968368355,0.0150728184406,92.2055401595,83.3427784991
2011-09-30 16:00:00,110.385869241,0.0150031814308,211.968454102,215.036896581,171.694610876,1.2896917122e-05,211.968553251,0.0344974988746,186.336805217,0.858225179881,0.0213234706093,171.693649876,85.473831055,92.2051158211,183.714778457,211.968448889,211.968484374,211.96850321,211.96857219,211.968431971,52.2109389662,70.4849538512,211.968552879,211.968472594,133.218940419,211.968645359,211.968431439,0.0150905331558,92.2052795772,83.3428190719
2011-09-30 17:00:00,110.385876321,0.0150039189997,211.9684684,215.036916683,171.694616346,1.3049260819e-05,211.968560069,0.0344996376592,186.336807867,0.85822866982,0.021325717567,211.967452843,85.4738344993,92.2051275537,183.71478028,211.968451154,211.968486985,211.968507219,211.96857592,211.968501193,52.2109423533,70.4849418696,211.968553678,211.968484562,177.624925309,211.968802484,211.968436796,0.0151489959025,92.205907315,83.3428648978
2011-09-30 18:00:00,110.385876052,0.0150072020723,211.968468598,215.03692086,171.694616316,1.29924244627e-05,211.968560149,0.0345087887468,186.336808568,0.858229918676,0.0213210403326,211.96745847,85.4738343738,92.2051297158,183.714780474,211.968451718,211.968487696,211.968508309,211.968574159,211.96851875,52.2109455104,70.4849250434,211.968553832,211.968486796,177.62492595,211.96879046,211.96843852,0.015189098057,92.205608358,83.34289773
2011-09-30 19:00:00,110.385874768,0.0150047349423,211.968461525,215.036921429,171.694616179,1.280723544e-05,211.968559763,0.0345029170212,186.336808052,0.858230167267,0.0213088378388,211.967459012,85.4738342563,92.2051295017,183.714780073,211.968451863,211.96848786,211.968508403,211.968571369,211.968516568,52.2109456346,70.4849138164,211.968553846,211.96848619,177.624926025,211.968810351,211.968438906,0.0151702559659,92.2049018404,83.3428443295
2011-09-30 20:00:00,110.385874932,0.0150047009806,211.968454579,215.036919637,171.694616472,1.26131637925e-05,211.968559854,0.0345006154351,186.336807398,0.858230124854,0.0212840843268,211.96745904,85.4738339119,92.2051292766,183.714779584,211.968451926,211.968487844,211.968508008,211.968568818,211.968428738,52.2109449215,70.4849074264,211.968553798,211.9684851,177.624926068,211.968811058,211.968438901,0.0150913463853,92.2046444167,83.342824158
2011-09-30 21:00:00,110.385872391,0.0150047786397,211.968452266,215.03691743,171.694616218,1.24985719265e-05,211.968559894,0.0344988238703,186.336806805,0.858229523003,0.0207043254611,211.967458839,85.4738332812,92.205127659,183.714779816,211.968451819,211.968487803,211.968507271,211.96856668,211.967520015,52.210944002,70.4849018224,211.968553723,211.968483385,177.624926099,211.968794114,211.968438601,0.0151029398658,74.6852955119,83.3428291199
2011-09-30 22:00:00,110.385870643,0.0150054100639,211.968444369,215.036914906,171.694615478,1.22536823577e-05,211.968558954,0.0344977605956,186.336806084,0.858231131299,0.0200392179647,211.967458164,85.4738334661,92.2051251776,183.71478003,211.968451819,211.968487333,211.968506221,211.968566084,0.0379353952788,52.2109401373,70.4848989986,211.968553636,211.968480827,177.624926084,211.968783211,211.968438075,0.0151278866175,74.68492058,83.3428509569
2011-09-30 23:00:00,110.385868533,0.0150083492977,211.968440182,215.036912004,171.694615088,1.21363949624e-05,211.968558253,0.0344971366793,186.336805437,0.858230560962,0.0200211945649,211.96745756,85.4738329749,92.2051231647,183.714780277,211.968451821,211.96848679,211.968504917,211.968565873,0.0360044585064,52.2109394274,70.4848975982,211.968553531,211.968478946,177.624926057,211.968770295,211.968437279,0.0151791254825,74.6851425385,83.3428657136
2011-10-01 00:00:00,110.385866214,0.0150064958849,211.968439237,215.036908737,171.694613979,1.20744961803e-05,211.968557133,0.0344970420104,186.336805142,0.858230035081,0.0200178873046,211.967456963,85.4738327085,92.2051216023,183.714780181,211.968451818,211.968486186,211.968503702,211.968565814,0.0359028866281,52.2109395927,70.4848973015,211.968553476,211.968476562,177.624926052,211.968758208,211.968436433,0.015263618197,74.6851545283,83.3428012323
2011-10-01 01:00:00,110.385864203,0.0150091149465,211.968438866,215.036905743,171.69461291,1.2039865373e-05,211.96855685,0.0344969408337,186.336805455,0.858229448835,0.0200162879743,211.967456097,85.4738323937,92.205119602,183.71477942,211.968451567,211.968485629,211.968502667,211.968565838,0.0358927950204,52.2109394649,70.4848968236,211.96855338,211.968473839,177.624926011,211.968757306,211.968435555,0.0152745583489,74.6846612402,83.3428157401
2011-10-01 02:00:00,110.385862802,0.015054582239,211.968437845,215.036901996,171.694612315,1.20535731722e-05,211.968556512,0.0344968651189,186.336805566,0.858228468924,0.0200169240355,211.967455172,85.473831528,92.2051175968,183.714778294,211.968451123,211.968485004,211.968501515,211.968565791,0.0358826381177,52.2109392625,70.4848965626,211.968553251,211.968470731,177.624925924,211.968755223,211.968434143,0.0152483047319,92.2018248365,83.3427994892
2011-10-01 03:00:00,110.385863185,36.7879206105,211.968437952,215.036897384,171.694612639,1.20397095786e-05,211.968556492,0.0344968652981,186.33680564,0.858226950564,0.0200233627312,211.967454264,85.4738318572,92.2051149519,183.71477656,211.968450685,211.96848418,211.968500174,211.968565885,0.0358913053447,52.2109392921,70.4848973673,211.968553094,211.968466697,177.624925831,211.968750598,211.968432021,0.0152538786972,92.2030993939,83.3427950044
2011-10-01 04:00:00,110.385862849,36.7879317905,211.96844063,215.036890785,171.694613267,1.22239158858e-05,211.968556688,0.0344969868084,186.336805646,0.858224435173,0.0200353554017,211.967452889,85.4738314348,92.2051111025,183.714773029,211.968449717,211.968482871,211.968498171,211.968566774,0.0359012104499,52.2109403596,70.4848994854,211.968552881,211.968461685,177.624925721,211.968727771,211.968428479,0.015248062794,92.2033470173,83.3427999484
2011-10-01 05:00:00,110.385856212,36.7879319371,211.968446749,215.03687322,171.694613189,1.23320925764e-05,211.968556496,0.0344976164185,186.336805269,0.857993976626,0.020003836951,211.967451067,85.4738313571,92.2050992319,183.714724414,211.968447266,211.96847913,211.968491515,211.968567917,0.0359342090194,52.2109405808,70.4849023927,211.968552258,211.968446682,177.624925479,211.968749845,211.968419546,0.0151458811193,92.2030397893,83.3427952708
2011-10-01 06:00:00,0.0103509493823,0.0150269547575,211.968451243,0.0105019016638,171.6946129,1.25466222528e-05,211.968555865,0.0344986113143,186.336764164,0.695143644562,0.0199952363966,211.967445981,85.4738238526,0.0102714733082,0.0161913068485,92.2062980949,0.0100765769172,0.0100847907003,211.968564172,0.0359565754123,52.2109471367,70.4849092787,0.0106489469048,0.0139914254092,177.624924879,211.968751948,0.0103072255116,0.0150118317177,0.0192699814846,62.5098992761
2011-10-01 07:00:00,0.0101041927356,0.0150176493279,211.968426175,0.0103490592389,171.694487535,1.27643213372e-05,211.968231323,0.0344986818451,150.932787968,0.695136564235,0.0173290946496,211.967366004,85.4734244551,0.0101787973181,0.0161785403956,92.2062350252,0.0100603304962,0.0100644280062,211.968550544,0.0368514497111,52.2109541411,70.4849103422,0.010013656301,0.0137004353847,77.2668637249,211.967824264,0.0102676600072,0.0149942813521,0.0150947584896,62.5069711058
2011-10-01 08:00:00,0.0100174827217,0.0150145810185,171.694452425,0.0100833223373,74.6873124605,1.28362076508e-05,171.694507629,0.0344975459959,139.752773847,0.695117125644,0.0172734205001,0.0105580085499,64.105345329,0.0100780965424,0.010088243538,92.2062251081,0.010023399845,0.0100109219607,171.694528748,62.2336551128,52.2109591923,70.4849112282,0.0100109674284,0.0136453928217,0.0102037947505,158.976673537,0.0100757442589,0.014985506293,0.0150135757312,0.0184045218104
2011-10-01 09:00:00,0.0100039666167,0.0150238195266,171.6943669,0.0100172859742,74.6871626359,1.28162176661e-05,158.976448814,0.0344964078085,81.0565096353,0.0100382146103,0.0172580289795,0.0105453205785,64.1051200538,0.0100156663662,0.0100049867147,0.0100162843729,0.0100051008235,0.0100045945749,92.2063290846,62.2365509769,52.2109613347,70.4849090391,0.0100010686363,0.0100716582609,0.0102018701168,158.976600164,0.0100092885447,0.0149826483171,0.0149921534433,0.0150379311051
2011-10-01 10:00:00,0.0100026974869,0.0171894839281,92.2062724808,0.0100113339652,74.687159271,1.27524257964e-05,92.2063276682,0.0344954838283,81.0564913572,0.0100178667568,0.017258377548,0.0104291702651,0.0100153346992,0.0100099268817,0.0100040690996,0.0100075037991,0.010004196832,0.0100039663258,92.2063258596,50.4110294512,52.2109577962,70.4849066733,0.0100006376017,0.0100362823487,0.0100036683128,158.976570227,0.0100079134926,0.0149885700686,0.0149906162892,0.0150158450403
2011-10-01 11:00:00,0.0100026530305,36.7879317059,92.2062715902,0.0100130000988,74.6871578113,1.26726870316e-05,92.2063225093,0.0344935380355,81.0564997444,0.0155080144603,0.0172730530699,0.0100082247379,0.0100106898869,0.0100108756122,0.0100056854104,0.0100080436022,0.0100049038102,0.0100048835907,92.2063255202,46.678313109,52.2109497609,70.4849046381,0.0100006488777,0.0100366219584,0.0100008357118,158.976556317,0.0100094140847,0.0150105889546,0.015035694453,0.0151126110582
2011-10-01 12:00:00,0.0100034674322,36.7879385234,92.2062728572,0.0100297443368,74.6871564199,1.25971437507e-05,92.2063251665,0.0344824736884,81.0565085979,0.695116345151,0.017286903087,0.0100065316415,0.0100135983723,0.0100224744339,0.0161179844175,0.0100871623739,0.0100126184612,0.0100118940587,92.2063261473,211.968146545,52.2109464766,70.4849038305,0.0100007825147,0.0100868120051,0.010000586026,158.976560656,0.0100294740393,0.015102554033,0.0150913374133,0.0199777402352
2011-10-01 13:00:00,0.0100118183868,84.5699051457,171.694254767,0.0103115176354,74.6871587685,1.2581910134e-05,158.976205157,0.03449233053,139.828131842,0.69513879244,0.0198915078832,0.0100105675271,64.105115947,0.0101562682478,0.0161797638626,92.2062276458,0.0100585474727,0.0100635692124,158.976090352,211.968064198,52.2109428238,70.4849033814,0.0100077098254,0.0136653455327,0.0100010389757,158.976592557,0.0102633666332,0.0152755988776,0.0207283331945,62.5070709618
2011-10-01 14:00:00,0.0101037212407,84.5699679721,171.694449974,0.0103811754008,74.6871678376,1.26601138529e-05,171.694506083,0.0344955845599,150.93281794,0.695159722755,0.0199992536823,0.0104788350197,64.1053505483,0.0101950391529,0.0162031469548,92.2062365196,0.0100708152257,0.010082744049,171.694538145,211.968241545,52.2109398721,70.4849053577,0.0100134178596,0.0137078323437,0.0101967645439,158.976649752,0.0102901619605,0.0345487359234,211.961186051,83.3427851074
2011-10-01 15:00:00,0.0110552000875,84.5699831701,211.968426322,93.5527358715,74.6873207794,1.27630341826e-05,171.694593214,0.0344978913754,211.965316641,0.858469190772,0.024703060525,0.0105456528072,85.4737450821,0.0146247938375,0.0199995245638,92.2081824171,92.2064636773,211.968427529,211.968560298,211.96845311,52.2109404074,70.4849175334,0.010056794123,0.018082497444,0.0102028097694,211.967183706,92.2067130125,0.0350487066853,211.967717586,191.592410162
2011-10-01 16:00:00,110.385829211,84.5702812239,211.968440992,93.5537098872,171.694608785,1.28311922056e-05,211.968549019,0.0345050727705,211.965372986,0.858475491714,0.0247592682986,0.0105626789793,85.4738281285,0.0153680853025,0.0200032028118,122.940841063,92.2064828617,211.968468248,211.968566704,211.968516757,52.2109433956,70.484924288,211.968507822,0.0203852939777,0.0102143924899,211.968635702,92.2067632398,0.0350957528051,211.967885993,191.592551821
2011-10-01 17:00:00,110.385840115,84.5701778788,211.968455072,93.5537291349,171.694616582,1.28841227297e-05,211.968557221,0.0348307114597,211.96537689,0.858477871955,0.0247672753864,211.966978418,85.4738331992,0.0153811238879,0.0200042689632,122.940843388,92.2064854694,211.968472373,211.968569743,211.968532088,52.2109584262,70.484923035,211.968508722,0.020401358378,77.266787769,211.968730909,92.2067684372,0.0351264264138,211.968104671,191.592594049
2011-10-01 18:00:00,110.385840516,84.5699798163,211.968458434,93.5537334252,171.694616815,1.28205517353e-05,211.968558073,211.968554859,211.965377099,0.858478571798,0.0247705259375,211.967004226,85.4738335693,0.01538412064,0.0200037627179,122.940844088,92.2064860648,211.96847336,211.968569295,211.968537841,52.2109430991,70.4849189595,211.968508892,0.0204054834755,77.2667886185,211.968744829,92.206770286,0.0351332067681,211.967985072,191.592594653
2011-10-01 19:00:00,110.385839479,84.5699734749,211.968453786,93.5537336021,171.694616758,1.2670779173e-05,211.968557777,0.0348797637145,211.965376683,0.858478435764,0.0247697760305,211.967005999,85.4738336479,0.0153842121228,0.0200034802614,122.940844383,92.2064863034,211.968473561,211.968567684,211.96853392,52.210931372,70.4849068674,211.968508937,0.0204059428593,77.2667888246,211.968742757,92.2067709654,0.0351202949784,211.967835522,191.592602966
2011-10-01 20:00:00,110.385839205,84.5699713405,211.968448362,93.5537318557,171.694617067,1.25185777996e-05,211.968558144,0.0347219676854,211.965375944,0.858478415924,0.0247692068905,211.9670066,85.4738335784,0.0153842705639,0.0200029370846,122.940844496,92.2064862029,211.968473155,211.968566449,211.968515571,52.2109243603,70.4848994613,211.968508924,0.0204057976709,77.2667889405,211.968727927,92.2067711594,0.0351124690618,211.967762464,191.59261073
2011-10-01 21:00:00,110.385836681,84.5699684724,211.968439363,93.5537297193,171.694616987,1.23727337387e-05,211.968557938,0.0345052610568,211.965375265,0.858478021084,0.0247676709449,211.967006863,85.473833135,0.0153824541705,0.0200025584054,122.940844464,92.2064859692,211.968472494,211.968564745,211.968465724,52.2109196598,70.4848945309,211.968508876,0.0204044857006,77.2667890013,211.968718295,92.2067709967,0.0351013327448,211.967884203,191.592614316
2011-10-01 22:00:00,110.38583481,84.569965546,211.968432558,93.5537267399,171.694616507,1.21747563194e-05,211.968556794,0.0344994926646,211.96537444,0.858477249486,0.0247661166514,211.967006596,85.4738332254,0.0153802380137,0.0200017469121,122.94084444,92.2064855431,211.968471655,211.968563597,211.968105249,52.2109160075,70.4848899268,211.968508823,0.0204038600483,77.2667889997,211.968692597,92.2067707503,0.0350948466281,211.967735862,191.592619962
2011-10-01 23:00:00,110.385832287,84.5699626509,211.968430015,93.5537236024,171.694616434,1.20189840967e-05,211.968556286,0.0344983938491,211.965373627,0.858476322475,0.0247646268791,211.967006315,85.4738330503,0.0153781131821,0.0200010909913,122.940844432,92.2064851061,211.968470244,211.96856293,0.0446159113299,52.2109128909,70.4848868493,211.968508737,0.0204018195,77.266788983,211.968664549,92.2067702049,0.0350910778265,211.967759365,191.592623824
2011-10-02 00:00:00,110.385830568,84.5699583932,211.968429428,93.5537210277,171.694616371,1.19452887055e-05,211.968555592,0.034498190268,211.965372709,0.858475303781,0.0247635197019,211.967005968,85.4738326602,0.0153760949611,0.020000399898,122.940844329,92.2064843922,211.968468986,211.968562832,0.0359408374895,52.2109102874,70.4848882649,211.968508625,0.020400421407,77.2667889417,211.968627641,92.2067696316,0.0350883360384,211.967762969,191.592621819
2011-10-02 01:00:00,110.385827085,84.5699512969,211.968428829,93.5537172371,171.694616097,1.17508791577e-05,211.968555142,0.0344979413108,211.965372055,0.858474024097,0.0247655554574,211.967005448,85.4738321817,0.0153736460841,0.0199995489364,122.940844089,92.206483928,211.968467772,211.968562438,0.0358563320702,52.2109069074,70.4848865684,211.968508509,0.0203983797198,77.2667889158,211.968630899,92.2067687799,0.0350842866704,211.967759667,191.592623722
2011-10-02 02:00:00,110.385824647,84.5698187516,211.968428191,93.5537131097,171.694615936,1.17438925725e-05,211.968554806,0.0344977606464,211.965371092,0.858472079848,0.0247663404962,211.967004963,85.4738313533,0.0153708026176,0.0199984707433,122.940843617,92.2064833537,211.968466517,211.968562077,0.0358439154619,52.2109024949,70.4848854686,211.968508374,0.0203956994759,77.2667888707,211.968618479,92.2067675306,0.0350867716593,211.967775064,191.592623528
2011-10-02 03:00:00,110.385822951,36.787977765,211.968427302,93.553707821,171.69461587,1.17665602565e-05,211.968554363,0.03449765667,211.965369759,0.858469009517,0.0247650212776,211.967004322,85.473831282,0.0153672646913,0.0199969818349,122.940843031,92.2064824335,211.968465145,211.968561648,0.0358446990004,52.2108959849,70.4848846134,211.968508174,0.0203923427832,77.2667887921,211.9686088,92.2067656342,0.0350929388255,211.967750312,191.592625398
2011-10-02 04:00:00,110.385819741,36.7879413006,211.968426334,93.5536982169,171.694615871,1.19904952667e-05,211.968554076,0.0344976447077,211.965367196,0.858462074688,0.0247622363512,211.967003326,85.4738311445,0.0153615074327,0.0199938538287,122.940842065,92.206480859,211.968462634,211.968561247,0.0358460389066,52.2108880251,70.4848845736,211.968507836,0.0203858743534,77.2667886854,211.968604392,92.2067621624,0.0350909735426,211.967932043,191.592621795
2011-10-02 05:00:00,110.385809693,36.7879349934,211.968425,93.5536764486,171.694615652,1.21127466188e-05,211.968553364,0.034497648886,211.96536182,0.0102688184174,0.0247070578307,211.967001711,85.4738297459,0.0153454166975,0.0199513172085,122.940839795,92.2064767105,211.968456277,211.968560667,0.0358509394602,52.2108414988,70.4848850128,211.968506909,0.0203705570506,77.2667884375,211.968605359,92.2067537082,0.0350993576435,211.967996272,191.592615603
2011-10-02 06:00:00,0.0101233717398,0.015004887931,211.968422022,0.0103322186903,171.694615382,1.22488563419e-05,211.968550954,0.0344978235888,186.336805281,0.0100965643161,0.0200556063389,211.966997739,85.4738173918,0.0101808792234,0.0102497809457,92.2060685541,0.0100623881341,0.0100609889648,211.968556352,0.0358706147263,52.2108576479,70.4848869714,0.0100222485837,0.0106613474824,77.266787895,211.968592851,0.010425142372,0.0348427973881,211.967651549,143.694670972
2011-10-02 07:00:00,0.0100409500376,0.0149995975175,0.0214271266544,0.0102034682926,171.694550343,1.24017192845e-05,158.97679089,0.0344971636774,186.336698515,0.0100363166106,0.0200303571706,211.966925514,64.1053835855,0.0101041075305,0.0102395154148,92.2060320657,0.01004782233,0.0100429466193,92.2063332137,0.0359268710221,52.2108402441,70.4848860259,0.0100051883699,0.0104505055595,0.0103366911316,158.977207169,0.0103879924434,0.0270689107546,211.961838516,143.694084005
2011-10-02 08:00:00,0.0100059816886,0.0149981708083,0.0208753775559,0.0100485860077,139.072627775,1.2520761813e-05,158.97672933,0.0344963369612,150.932811796,0.0100040539685,0.0199496941306,0.0100916312053,64.1052976488,0.0100379689388,0.010011941275,92.2060211328,0.0100141333614,0.0100085957175,92.2063140011,0.035897485134,52.2108588359,70.4848843107,0.0100022316298,0.0103833051452,0.0100122714256,158.976553003,0.0103079217068,0.0153914763955,171.693776967,83.3428271189
2011-10-02 09:00:00,0.0100026369803,0.0149978850567,0.0208386454436,0.0100136915712,128.771039608,1.26434511216e-05,158.975707379,0.0344951669078,81.0565158303,0.0100024843848,0.0198641545585,0.0100811222536,0.010039647775,0.0100111282494,0.0100038932605,0.010010709348,0.0100046637492,0.0100043098573,92.2063101819,0.0358658023618,52.2108686197,70.4848810202,0.0100006335655,0.0100363724247,0.0100103996413,158.976501445,0.0100123060509,0.0152754759461,92.2061017541,83.3427644924
2011-10-02 10:00:00,0.0100020960226,0.0149978534876,0.020830157855,0.0100091836603,74.6871669119,1.2657348234e-05,92.206322351,0.0258769299652,81.0564987898,0.0100024978618,0.0199748783166,0.0100250731933,0.0100105480087,0.0100072841766,0.0100036667241,0.0100067906388,0.010003556928,0.0100037848229,0.0200081914488,0.0358430582648,52.2108640359,70.4848757206,0.0100003837682,0.0100227584619,0.0100013471516,158.976465995,0.0100084559681,0.0152462462827,92.2060493001,83.3427362534
2011-10-02 11:00:00,0.0100020776581,0.0149984450147,0.0208005217985,0.0100102903764,74.6871598197,1.26391815568e-05,92.2063166555,0.0150072602034,81.0565020667,0.010006451905,0.0200211923382,0.0100052359606,0.0100076184374,0.0100077260596,0.0100063187486,0.0100072193906,0.0100043428991,0.0100045394884,0.0199988138767,0.0358492897243,52.2108427014,70.4848693156,0.0100004843075,0.010021861155,0.0100013162296,158.976448085,0.0100096446833,0.015240104991,92.2062186536,83.3427614257
2011-10-02 12:00:00,0.0100022700723,0.0149991182176,0.0208293750821,0.0100201106967,74.6871599827,1.26392393506e-05,92.2063191921,0.0150065668331,81.0565113922,0.0100839353896,0.0200508347983,0.0100040314111,0.0100102272814,0.0100147045352,0.0102281908887,0.0100374643237,0.0100099540337,0.010008517733,0.0201360171085,0.0361699632039,52.2108876833,70.4848572307,0.0100006599919,0.0100361539638,0.010001466292,158.976460801,0.0100270600474,0.0152549676255,171.692947424,83.3430108819
2011-10-02 13:00:00,0.0100047868,0.0150015652456,0.020831951437,0.010156925625,74.6871632762,1.26569974623e-05,92.206335052,0.0150067492368,150.932788048,0.0100988341934,0.0200794794539,0.0100050759776,0.0101209870086,0.0100805508948,0.0102470305868,92.2060262522,0.0100465819764,0.0100418781099,92.2063099018,0.0359292081836,52.2108824706,70.4848475505,0.0100019009635,0.0104069001987,0.0100013369235,158.976492476,0.0103807695972,0.0153644177563,171.693615411,143.694209502
2011-10-02 14:00:00,0.0100426829421,0.0150098159231,0.0208369885378,0.0102342198918,139.072620744,1.27977563656e-05,158.976725039,0.015091614403,150.932818023,0.0102743108547,0.024776749672,0.0100220460659,64.1053185759,0.0101199478643,0.0103022252072,92.206034792,0.0100593220432,0.0100604290355,92.2063152103,0.0358559329978,52.2108895387,70.4848578809,0.0100051379546,0.0104578777284,0.0100061607896,158.976545005,0.0104065698296,0.0276428966426,211.967373247,191.592259781
2011-10-02 15:00:00,0.0102150714323,36.7879292642,0.020898565486,93.5424334418,139.072636518,1.27506493731e-05,158.976760176,0.0344960594161,186.336803887,1.95834362241,0.0568556158294,0.0100823827307,85.4736970729,0.0123254124792,79.9201142079,211.968213658,211.968310536,211.968449576,211.968316353,0.0358548145794,52.2108947898,70.4848576075,0.0100195863116,0.0123767689999,0.0100117967582,211.931310904,211.968222548,0.0343147780052,211.967751571,191.592590904
2011-10-02 16:00:00,110.385926996,36.7879349038,0.0478754010383,93.5440342339,171.694614497,1.28477355837e-05,211.96854042,0.0344969072605,186.336808067,1.95835146913,0.0568733584424,0.0100989504588,85.4738277173,0.0154338191843,79.9201207057,211.968531563,211.968335777,211.968496847,211.968528357,0.0359187262123,52.2108969404,70.4848478194,211.9685306,211.968351588,0.010022353916,211.968563481,211.968335489,0.0344168281953,211.967812236,191.592639727
2011-10-02 17:00:00,110.385939766,36.7879383533,0.047885132941,93.5440548777,171.694618454,1.29782606309e-05,211.968550716,0.0344978709868,186.336810269,1.95835439184,0.0568762179382,211.96736529,85.473833746,0.0154493807382,79.9201226105,211.968534205,211.96833888,211.968501185,211.968528961,0.0464255140568,52.2108970202,70.4848173517,211.968531703,211.968372258,177.624943946,211.968621761,211.968342489,0.0343338275944,211.967760829,191.592650062
2011-10-02 18:00:00,110.385942897,36.7879457417,0.0478849047166,93.5440598096,171.694618676,1.29336348239e-05,211.968551438,0.034500267219,186.336807897,1.95835533039,0.0568770823379,211.967398144,85.4738342547,0.0154535998502,79.9201229839,211.968535071,211.968339687,211.96850254,211.968528098,211.968377011,52.2108923877,0.0152422678296,211.968531961,211.968377375,177.624945079,211.968628511,211.968345025,0.0339255020979,211.967612455,191.592626363
2011-10-02 19:00:00,110.385944159,84.5699164326,0.0478790465271,93.5440602871,171.694618561,1.27658200537e-05,211.968551307,0.0344974298972,186.336805665,1.95835533332,0.0568748337357,211.967400529,85.473834588,0.0154543087003,79.920122757,211.968535527,211.968340115,211.968503045,211.968526037,0.0463886650185,52.2108845657,0.0150900260971,211.968532052,211.968378634,177.624945325,211.968622979,211.968345883,0.0317658917683,211.967542912,191.592592052
2011-10-02 20:00:00,110.385946023,84.5699624585,0.0478743608687,93.5440587877,171.694618798,1.2581666326e-05,211.96855124,0.0344964316889,186.336803212,1.95835531098,0.0568730225963,211.96740141,85.473834552,0.0154549882923,79.9201222929,211.968535668,211.96834013,211.968502709,211.968525431,0.035916354816,52.2108496198,0.0150583396214,211.968532063,211.968379118,177.62494541,211.968619516,211.968346276,0.0279463975556,211.967608937,191.59255297
2011-10-02 21:00:00,110.385945431,84.5699670836,0.0478671300814,93.5440558876,171.694618717,1.24109838541e-05,211.968550618,0.034495866959,186.33679987,1.95835465098,0.0568700175757,211.967401761,85.4738337255,0.015453407457,79.9201227171,211.968535786,211.968340009,211.968501885,211.968524969,0.0358452688487,22.7118050154,0.0150475220906,211.968532039,211.968378408,177.624945426,211.968607053,211.968346368,0.02777423841,211.967324624,191.592490946
2011-10-02 22:00:00,110.385945982,84.5699686442,0.0478574457914,93.5440528483,171.694618249,1.22686259424e-05,211.968549333,0.0344948695551,186.33679434,1.95835390976,0.0568661353567,211.967401566,85.473834351,0.0154511498792,79.9201231558,211.968535918,211.968339744,211.96850085,211.968523472,0.0358261598826,0.0150454781749,0.0150399836573,211.968531999,211.968377131,177.624945416,211.968579059,211.968346372,0.02770750129,211.966901156,191.59231944
2011-10-02 23:00:00,110.385946211,84.5699702242,0.047853310016,93.5440502473,171.694618153,1.2137123207e-05,211.96854825,0.0344932573512,186.336787466,1.95835300462,0.0568609092047,211.967401331,85.4738341307,0.0154497417668,79.9201233895,211.968535848,211.968339477,211.968499676,211.968521421,0.035806629875,0.0150079610411,0.0150394695054,211.968531943,211.968375855,177.624945415,211.968555705,211.968345955,0.0278534670595,171.700129863,143.695069427
2011-10-03 00:00:00,110.385946414,84.5699744776,0.0478195816004,93.5440476878,171.694617796,1.20515099743e-05,211.968546218,0.0344947705588,186.33679553,1.95835217105,0.0568546640333,211.967401205,85.4738339503,0.0154502408255,79.9201233345,211.968535682,211.968339119,211.968498505,211.968518787,0.0355123549267,0.0150021137779,0.0150471136432,211.968531864,211.968375215,177.624945413,211.968564213,211.968345323,0.0343160131504,171.694110408,191.592199627
2011-10-03 01:00:00,110.385946368,84.5699775831,0.047844571307,93.5440451742,171.69461754,1.20424219545e-05,211.968545366,0.034478211675,186.336795183,1.95835113302,0.0568528705289,211.967400956,85.4738338779,0.0154489099095,79.9201230618,211.968535532,211.96833878,211.968497604,211.968510462,0.0157603058496,0.0150021070098,0.0150504685223,211.968531831,211.968373692,177.624945428,211.968587453,211.968344775,0.034142672954,171.698426078,191.592372406
2011-10-03 02:00:00,110.385948812,84.569982807,0.047839542133,93.5440420715,171.694617533,1.20862886788e-05,211.968544571,0.0150107063725,186.336790925,1.95834990857,0.0568510397311,211.967400609,85.4738334732,0.0154474963701,79.9201225883,211.968535684,211.968338537,211.968496748,211.968510241,0.0156022789465,0.0150036517763,0.0150507224722,211.968531809,211.968373101,177.624945447,211.968586706,211.968344117,0.0345193718799,211.967275716,191.592453536
2011-10-03 03:00:00,110.3859541,92.1970660468,0.0478149193796,93.5440388082,171.694617771,1.22539100832e-05,211.968543473,0.0150066493363,186.336776955,1.95834793418,0.0568508784977,211.967400201,85.4738348115,0.0154457872646,79.9201220037,211.968536105,211.968338487,211.968496087,211.968510633,0.0155780678459,0.01500976418,0.0150541582514,211.968531816,211.968372864,177.62494554,211.9685962,211.968343263,0.0347629957138,211.967605701,191.592495723
2011-10-03 04:00:00,110.385961165,92.1972572661,0.0478458894362,93.5440350062,171.694618261,1.27370014035e-05,211.968543756,0.0150056893104,186.33677779,1.95834425377,0.0568445986752,211.967399854,85.4738360534,0.0154443593497,79.9201206493,211.968535518,211.968338358,211.968495426,211.968508484,0.0152286521503,22.7118099497,0.0150704531514,211.968531846,211.968374069,177.624945633,211.968622824,211.968342046,0.0349047772216,211.967737348,191.592471711
2011-10-03 05:00:00,110.385962092,92.1972085574,0.0478535354693,93.5440206138,171.694618271,1.32458481522e-05,211.968542949,0.0150055289092,186.336772414,1.95802939139,0.0565826951692,211.967399482,85.4738366896,0.0154366993328,79.9201058748,211.968533445,211.968335627,211.968491189,211.968502089,0.0150210906471,52.210851643,0.0152708517407,211.96853162,211.968366587,177.624945545,211.968636563,211.968335917,0.0348919674369,211.967711997,191.592266856
2011-10-03 06:00:00,110.385874259,84.5699865431,0.047840975864,0.0104823892538,171.694617723,1.33316296476e-05,211.968538701,0.0150067054431,0.0203737340217,0.0105668282288,0.0200655313737,211.967398353,85.4738337035,0.0105594695561,64.7352597625,171.694348842,0.0102316794859,0.0100960452149,24.874907615,0.0150103148019,52.2108673596,0.0345827853188,211.968508569,171.694800131,177.624945135,211.968630957,0.0123588985434,0.0348163182055,211.96762843,83.3428362511
2011-10-03 07:00:00,82.7894597663,84.5699701276,0.0208115792903,0.01032464445,171.694559303,1.32757766138e-05,92.2063197042,0.0150043081356,0.0202311064862,0.0105532006517,0.0200192122283,211.967389395,85.4737628157,0.0104068125667,64.735251562,171.694293962,0.0102142239461,0.0100742162617,0.0200171650129,0.0150076015755,52.2108641419,0.0345560355421,158.976398565,171.69423998,177.624927528,211.967898324,0.0123150562602,0.0345589423913,211.967292676,83.342712546
2011-10-03 08:00:00,82.7894081902,84.56996615,0.0200611241447,0.0100669556379,74.6875232916,1.32555818391e-05,85.937484276,0.0150009319366,0.0199994601608,0.0100279774833,0.0199837354719,158.97563231,64.1053829939,0.0102255155923,59.9408892544,171.694280457,0.0100729833168,0.0100103432301,0.0199999737575,0.0150079061358,52.2108680803,0.0152543845997,158.976395718,171.69418871,143.875899229,158.976568184,0.011520282185,0.0281666193862,211.965376828,62.508722831
2011-10-03 09:00:00,0.0100117377908,84.569963478,0.0200060803368,0.0100169449788,74.687468534,1.32248459879e-05,79.5722787196,0.0150000517444,0.0199893086713,0.0100061452853,0.0196718688351,158.975619405,64.10534438,0.0100205768526,0.010005078201,0.014747826547,0.0100063130282,0.0100045861387,0.0199973876389,0.0150091873367,52.2108714603,0.0150526142223,0.0100041314068,0.0101114078322,143.875897538,158.976475533,0.0100106582701,0.0263955276392,92.2066477684,62.5080828627
2011-10-03 10:00:00,0.0100050647202,84.5699597701,0.0200008026014,0.0100109141994,74.6871592362,1.31863350592e-05,0.0199511215197,0.0149998913376,0.015004885215,0.0100042384938,0.0194018403784,158.975578908,0.0100424375953,0.0100125812204,0.0100041732969,0.0100115950498,0.0100054099564,0.0100041066962,0.0150032490503,0.0150051017113,52.2108727128,0.0150412810761,0.0100009800307,0.0100408303722,77.2668683265,158.976441527,0.0100082811278,0.0154151102983,92.2061143317,62.5079661168
2011-10-03 11:00:00,0.0100050598858,84.5699578708,0.0200052024016,0.01001267889,74.6871574064,1.31425363829e-05,0.0150108789061,0.0149998348421,0.015005409627,0.0100072149887,0.0198044754348,0.0100253209895,0.0100320412571,0.0100145305462,0.0100059405347,0.0100152111616,0.0100063306166,0.0100047734713,0.0150010297838,0.0150102497191,52.2108746927,0.0150374622246,0.010001210383,0.0100491783143,0.0100030379879,158.976407323,0.010010535892,0.0153223503267,92.2060514521,62.5079977041
2011-10-03 12:00:00,0.0100097306294,84.5699638197,0.0200473714463,0.0100292552759,74.687155135,1.31307173271e-05,0.0199866303233,0.0149998095401,0.0199745861187,0.0104931347474,0.0199934569283,0.0100103393529,0.0101046844955,0.0100397213642,64.7352233561,92.2063827256,0.0100670774599,0.0100112484065,0.0199954835387,0.0150083881966,52.2108737208,0.0150526390081,0.0100075600481,0.0165183479797,0.0100011652098,158.976440383,0.0103754010941,0.0316564679387,92.2059310667,83.3417407112
2011-10-03 13:00:00,82.7894055591,84.5699646923,0.0200493864719,0.0102906052905,74.6871575282,1.317040688e-05,0.0200359623208,0.0149998067478,0.0200128013726,0.0105581532769,0.0200191484572,0.0100413436085,64.1053479051,0.0103891979295,64.7352552354,171.694288415,0.0102139308481,0.0100740654872,0.0200001871059,0.0150085148396,52.210876209,0.0150426210634,158.976395967,171.694213301,0.0100069310855,158.976461085,0.0123125532201,0.0281623423397,92.2059508445,83.3426753835
2011-10-03 14:00:00,82.7894662506,84.5699687016,0.020046105892,0.0103609718931,74.68715996,1.32348178597e-05,85.9374774567,0.0149998303225,81.0562135881,0.010593624547,0.0200564537908,158.975553512,64.1053973644,0.0104272097556,64.7353031749,171.694296785,0.0102285940366,0.010094478449,0.0200094675631,0.0150098233681,52.2108793062,0.0150391441787,158.97639864,171.69425151,143.875894694,158.976523268,0.0123431869219,0.0281965255436,92.205960514,83.3427147916
2011-10-03 15:00:00,211.967535077,84.5699788423,0.0207599227169,215.035845446,74.6875221659,1.32185788842e-05,92.2063129844,0.0149999116402,81.0565174063,211.968132799,0.0249508868798,158.975618986,85.4738019564,211.968215492,183.714819517,211.968503309,211.968513381,211.968492157,0.0204026571497,0.0154625427264,52.2108855299,0.0150379681079,211.968531504,211.968338405,143.875898592,211.967908353,211.968462184,0.0285890612811,92.2059869843,83.3427262189
2011-10-03 16:00:00,211.967868872,84.5718248134,0.0208087595928,215.03678654,171.694591109,1.32121065917e-05,106.095655036,0.0150000266495,81.0565259056,211.968140873,0.0249743526298,158.975632622,85.4738346522,211.968762838,183.714824251,211.968534909,211.968528673,211.968519617,24.874896904,0.0157155144012,52.2108841233,0.0150354282776,211.9685696,211.968531651,143.875915953,211.968578386,211.968508727,0.0316505786514,92.2059866578,83.342729523
2011-10-03 17:00:00,211.967882029,84.5826090257,0.0208098063185,215.036805314,171.694608382,1.33043341532e-05,106.0956605,0.0150002411425,81.0565436607,211.96814386,0.0249797058236,211.967427814,85.4738372068,211.968776108,183.714825622,211.968536533,211.968531126,211.968523105,24.8748982461,0.0358326910567,52.2108757221,0.0150309946548,211.968570303,211.968544559,177.62494772,211.968598808,211.968514056,0.0325502778756,92.2059579958,83.3427181229
2011-10-03 18:00:00,211.967883839,84.5700741826,0.0208087869419,215.036809489,171.694607812,1.32531986089e-05,106.09565985,0.0150011626816,81.0565336422,211.968145027,0.0249747997284,211.967441574,85.4738370358,211.968779091,183.714825396,211.968536877,211.968531786,211.968524165,24.8748984596,0.0358666921526,52.2108621229,0.0150573299262,211.968570449,211.968547292,177.624948405,211.968583766,211.96851565,0.0348890187003,92.2057356761,83.3426833036
2011-10-03 19:00:00,211.967884184,84.5699914258,0.0208064805471,215.036809898,171.694607133,1.31076812957e-05,106.095656922,0.0150019411515,81.0565248144,211.968144983,0.0249721454452,211.967442835,85.4738368882,211.968779256,183.714824932,211.968536964,211.968531873,211.968524331,24.8748970351,0.0358722404817,52.21085412,0.0150353789317,211.968570468,211.968547077,177.624948496,211.96857206,211.968516049,0.0348607712403,92.2057884225,83.34258587
2011-10-03 20:00:00,211.967885875,84.5699839314,0.0207999403858,215.036808407,171.694607236,1.28086940011e-05,106.095656517,0.0150025894631,81.0565216459,211.968144898,0.0249697957217,211.967443298,85.4738365445,211.968779223,183.71482439,211.968536924,211.968531775,211.968523857,24.8748951036,0.0358402187043,52.2108112535,0.015006417683,211.968570406,211.968545882,177.6249485,211.968592817,211.968516009,0.034723364276,92.2057505385,83.3426036246
2011-10-03 21:00:00,211.967885365,84.5699728209,0.0207842395615,215.036805377,171.694607008,1.25680797984e-05,106.09565635,0.0150028389051,81.0565174888,211.968144385,0.0249663357227,211.967443343,85.4738360511,211.968777017,183.714823841,211.968536859,211.968531677,211.96852296,24.8748851234,0.0358241712896,0.0150232729611,0.0150034797681,211.968570312,211.96854393,177.624948496,211.968587497,211.968515643,0.0345959411044,92.2057552757,83.3427305178
2011-10-03 22:00:00,211.967885901,84.5699684582,0.0207648053819,215.03680195,171.694605934,1.22574467803e-05,106.095647612,0.0150030721184,81.0565118893,211.968143569,0.0249639783622,211.967442898,85.4738365139,211.968774151,183.714823496,211.968536869,211.968531173,211.968521906,24.8748575411,0.0357848451876,0.0150028386515,0.0150022074822,211.96857019,211.968542226,177.624948461,211.968579402,211.968515221,0.0341918516486,92.2057956705,83.3427466834
2011-10-03 23:00:00,211.967886065,84.5699656056,0.0208003658173,215.036799428,171.694605741,1.21062178231e-05,106.095623808,0.0150035144049,81.0565094912,211.96814275,0.0249610623293,211.967442596,85.4738362968,211.968772983,183.71482317,211.96853672,211.968530619,211.968520608,24.8748237612,0.0346450961271,0.0150001967519,0.0150017402659,211.968570089,211.968540572,177.624948425,211.968558907,211.968514601,0.0299357847505,92.2058629745,83.3427045076
2011-10-04 00:00:00,211.967885526,84.569963523,0.0208056212366,215.036796954,171.694604205,1.2103215682e-05,92.2063365771,0.0150025557443,81.0565080617,211.968141893,0.0249591582346,211.96744221,85.4738359443,211.968772342,183.714822734,211.96853623,211.968529979,211.968519395,20.1486711186,0.0156083372247,0.0149996249332,0.0150010453795,211.968570017,211.968539551,177.624948404,211.968538373,211.968513845,0.0348907465044,92.2059963171,83.3427823094
2011-10-04 01:00:00,211.967885338,84.5699576106,0.0208084631354,215.036794457,171.694602001,1.21388618182e-05,92.2063947298,0.0150021662473,81.0565081516,211.968140523,0.0249609675235,211.96744191,85.4738357595,211.968770487,183.714822435,211.968536072,211.968529457,211.968518408,24.8748812123,0.0156049843398,0.0149990479515,0.0150027226948,211.96856993,211.968537512,177.624948374,211.968530217,211.968513091,0.0348518161565,92.2060431548,83.3427709375
2011-10-04 02:00:00,211.967887175,84.5699298159,0.0208122004345,215.036790106,171.694600842,1.22015995666e-05,106.095642556,0.0150021037888,81.0565066311,211.968139545,0.024963119415,211.967441539,85.4738355427,211.968768876,183.714822161,211.968536058,211.968529081,211.96851737,24.8748963555,0.0155912022789,0.0149988873805,0.0150056994297,211.968569843,211.968536816,177.624948356,211.968536551,211.968512496,0.0348179449179,92.2063980791,83.3427763821
2011-10-04 03:00:00,211.967891741,36.7901441164,0.0208152086173,215.0367872,171.694604495,1.24080535772e-05,106.095655604,0.0150018719469,81.0565053702,211.968137511,0.024965747973,211.967441048,85.4738362057,211.968765778,183.714821684,211.968536365,211.968528928,211.968516893,24.8748981183,0.0155886021748,0.0149990994716,0.0150111029706,211.968569766,211.968535346,177.624948414,211.968531474,211.968511648,0.0349225203953,113.834183885,83.3428379364
2011-10-04 04:00:00,211.967896864,36.7879440602,0.0247109129945,215.036783581,171.69460625,1.28503948077e-05,106.095661319,0.0150016802794,81.0565063799,211.96813291,0.0249657771056,211.967440335,85.4738371378,211.968764469,183.71481994,211.968535482,211.96852856,211.96851593,24.8748996311,0.0155931474541,0.0149997267973,0.0150275521805,211.968569744,211.968536706,177.624948487,211.968507037,211.968510384,0.0349804339246,211.963775376,83.3429880837
2011-10-04 05:00:00,211.967896206,36.7879338725,0.0247446553755,215.03676783,171.694606489,1.32605294337e-05,106.095663788,0.0150023544428,81.0565037011,0.0108496151392,0.0249380308379,211.967440034,85.4738380381,211.968754888,183.71479227,211.968532729,211.968525342,211.968511636,24.8749008277,0.0156111054765,0.015000198642,0.0150352048655,211.968569423,211.968529926,177.624948357,211.968497629,211.968504512,0.0349849234744,211.967297602,83.342856833
2011-10-04 06:00:00,211.967810117,36.7867891826,0.0247502160696,0.0104677523584,171.694604253,1.33133897552e-05,106.09566215,0.015003777302,0.0200064066415,0.0100418940687,0.0200811375402,211.967438928,85.4738361582,0.0107014407344,0.0204765135409,92.2064518325,92.2063609941,0.0101040934117,24.8748987055,0.0177175557655,0.015000096605,0.0150558768309,211.968543135,211.966813681,177.624947866,211.968461582,158.976401127,0.034537402409,113.833774853,83.34274466
2011-10-04 07:00:00,158.975893021,0.0150066749405,0.0247354714099,0.0103099279769,171.694548019,1.32774631244e-05,92.2063377649,0.015001497746,0.0199978765526,0.0100231259997,0.0200476451742,211.967430518,85.4737757108,0.0105458604309,0.0204665234537,92.2063408308,92.2063438533,0.0100816454821,0.0200929345347,0.0209803485014,0.015000055162,0.0150362454308,158.976420044,171.69441805,177.6249182,158.976328449,158.976363899,0.0310992941848,113.73303383,83.3426922598
2011-10-04 08:00:00,158.975840781,0.0150028321557,0.0246690992812,0.0100594637009,139.072577256,1.33354479015e-05,92.206322708,0.0150005123686,0.0199780821923,0.0100038052771,0.019954826567,158.975626817,64.1053870569,0.0103329408766,0.0100232164358,92.2063082805,92.2062807605,0.0100117071623,0.0200014653217,0.0155816587818,0.0150000944246,0.0150267802419,158.976417671,171.694374357,77.2668611295,158.976161548,158.976318284,0.0155037122063,92.2061420126,83.3421326298
2011-10-04 09:00:00,0.010016349311,0.0150035988124,0.0208545902575,0.0100166873598,139.072572437,1.33478142279e-05,92.2063160041,0.0150002116847,0.0150021292417,0.010002598434,0.0100626923928,158.975612681,64.1053492981,0.0100224501972,0.010004891957,0.0149876786339,0.0100082851808,0.0100049136728,0.0199999472886,0.015508043597,0.0150002499724,0.0150064099001,0.0100046284402,0.0104931181379,77.2668591765,158.976046673,0.0100588181782,0.0152717962997,92.2060191604,62.5070510577
2011-10-04 10:00:00,0.0100061451632,0.0150025463173,0.0208170907578,0.0100109284346,128.770908734,1.3344232842e-05,92.2063073094,0.0150000956801,0.0149995641673,0.0100024913944,0.0100269685623,158.975554925,0.0100402228212,0.0100135786952,0.0100051180166,0.0100243538084,0.0100066080697,0.0100041421648,0.0199994924483,0.0151418556016,0.0150001906795,0.0150033300532,0.0100012204659,0.0100603350235,0.0149964815574,92.207089474,0.0100209747757,0.0152324305499,92.2059772769,62.5067088366
2011-10-04 11:00:00,0.0100061493922,0.0150022316106,0.0208126263042,0.0100125008608,74.6871609406,1.33382324461e-05,92.206316778,0.0150000371327,0.0150006511282,0.0100032130349,0.0100961073519,0.0100199666492,0.0100290193432,0.0100156790953,0.0100168555212,0.0101704743713,0.0100083038477,0.0100049476878,0.0199997217522,0.0152841955409,0.0150000848802,0.0150024401013,0.0100011444471,0.0100977227948,0.0100019131799,92.2068238075,0.0100342260495,0.0152060027914,92.2059257329,62.5065815206
2011-10-04 12:00:00,0.0100119799536,0.0150011086646,0.0208192002519,0.0100289372852,74.6871610499,1.32860778384e-05,92.2063238252,0.0150000263648,0.0150224355252,0.0100104248345,0.0199740707285,0.0100104259815,0.0100766634044,0.0100427223421,0.0204617971672,0.015003560672,92.2061925624,0.0100108984824,0.0200003366053,0.0155843876966,0.0149999228041,0.0150023759904,0.010006146363,158.976677642,0.0100019234825,158.975990362,158.975745186,0.0150750120906,92.2057114161,62.5065290154
2011-10-04 13:00:00,158.975809889,0.0150033771004,0.020809743059,0.010275211289,74.6871611228,1.32986206994e-05,92.2063212064,0.0150000202889,0.0199954018867,0.0100364853556,0.0200680493215,0.0100265324424,64.1053505923,0.0105271773413,0.0204745489986,92.206331131,92.2063435626,0.0100810514067,0.020003758378,0.0155966671921,0.0149998036418,0.0150019376303,158.976416278,171.694396672,0.0100039150521,158.976154555,158.97636009,0.0151097202357,92.2055714558,62.5065556289
2011-10-04 14:00:00,158.975894598,0.0151881065421,0.0208093061869,0.0103471405767,128.770926458,1.33019055866e-05,92.2063457399,0.0150000400324,0.0200126638345,0.0100783816526,0.0247390111569,158.975489005,64.1054022238,0.0105656781706,0.020523622483,92.206343643,92.2063600797,0.0101021821087,0.0200912158115,0.0162749281348,0.0149998277652,0.015001695392,158.976419897,171.694431057,77.2668543611,158.976265031,158.976386406,0.0151435530819,92.2028641523,62.5069543554
2011-10-04 15:00:00,211.968040396,36.7879339044,0.0208090372549,215.036435521,139.072576882,1.32504429645e-05,106.095654727,0.0150003443225,81.056434813,211.968412904,211.96848062,158.975611929,85.4738081068,211.968530947,183.71480472,211.968478584,211.968517031,211.968501361,24.8748877097,0.0357884891037,0.0150001428513,0.0150021949557,211.968527533,211.968446092,77.266860104,211.96811689,211.968491769,0.0151991814556,92.2054478694,83.3414890771
2011-10-04 16:00:00,211.968183267,36.78793936,0.0208103872151,215.037229259,171.6945529,1.33115924832e-05,106.095656757,0.0150040565499,81.0564397481,211.968421029,211.968511193,158.975627165,85.4738361447,211.968968248,183.714810054,211.968554775,211.968529016,211.968523572,24.8748990514,0.035821160435,0.0150003371949,0.0150021693705,211.968572682,211.968572151,77.2668802343,211.968207972,211.968516435,0.0152094252467,92.2056720258,83.3418073985
2011-10-04 17:00:00,211.96819512,36.7879452791,0.0208286902906,215.037247611,171.694557524,1.34472281387e-05,106.095656128,0.0150058289879,81.0564427901,211.968424074,211.968516752,211.967414365,85.473838295,211.968980708,183.714811616,211.968557408,211.968531251,211.968527039,24.8748997942,0.0358156270654,0.0150002370143,0.0150024971852,211.968573341,211.968583304,177.624947169,211.968214181,211.968520783,0.0151966206643,92.2053312548,83.3418125961
2011-10-04 18:00:00,211.968196638,36.7879472208,0.0208299151732,215.037251712,171.694556662,1.34048976707e-05,106.095648043,0.0150059573366,81.0564402035,211.968424988,211.968520671,211.967425484,85.473838159,211.96898331,183.714811745,211.968557849,211.968531765,211.968527936,24.8748998878,0.0218943494606,0.01500001396,0.0150031094852,211.968573454,211.968585475,177.624947916,211.968196502,211.968521996,0.015076483052,0.0190004661107,83.3417654514
2011-10-04 19:00:00,211.968197297,36.7879529094,0.020811303561,215.037252415,171.694556703,1.32634231368e-05,106.095612478,0.0150046677704,81.0564397829,211.968425091,211.968515562,211.967426717,85.4738380954,211.968983073,183.714811614,211.968557809,211.96853186,211.968528066,24.8748991035,0.0157827721929,0.0149996792987,0.0150032357276,211.968573481,211.968585526,177.624948039,211.968166344,211.968522232,0.0150537676245,0.0156184585026,83.3415566087
2011-10-04 20:00:00,211.968198947,36.7879560975,0.0208091470298,215.037250788,171.694557258,1.30401316868e-05,106.095539737,0.0150037122023,81.0564382896,211.968424962,211.968512388,211.967427122,85.4738377395,211.968982919,183.714811487,211.968557739,211.968531754,211.968527653,24.8748982951,0.0155852902013,0.0149994055262,0.0150026825769,211.968573423,211.968584219,177.624948061,211.968179067,211.968522087,0.0150460322715,0.0153961928215,83.3405543599
2011-10-04 21:00:00,211.968198551,36.7879428582,0.0208065005306,215.037248285,171.694556852,1.27648135129e-05,106.095539331,0.0150018028963,81.0564364051,211.968424422,211.968509349,211.967427136,85.4738371475,211.968980682,183.714811333,211.968558403,211.968531621,211.968526769,24.8748967744,0.015042742417,0.0149991945262,0.0150023607445,211.968573343,211.968582641,177.624948068,211.96818311,211.968521757,0.0150199559066,0.0151618058239,0.0215106218434
2011-10-04 22:00:00,211.968199223,36.7879400555,0.0208046981737,215.037244807,171.694555783,1.24990846795e-05,92.2074142692,0.0150007281333,81.0564338942,211.968423503,211.968506761,211.96742671,85.4738371886,211.968977753,183.71481129,211.968559028,211.96853105,211.968525738,24.8748944083,0.0150047345522,0.014999066257,0.0150021566411,211.968573256,211.968579675,177.624948048,211.968155589,211.968521144,0.0150093679177,0.0150419363204,0.0205516324701
2011-10-04 23:00:00,211.968199766,36.7879395841,0.0208036507361,215.03724175,171.694555144,1.24478422205e-05,92.2063514678,0.0150002825203,81.0564302182,211.968422687,211.968503725,211.967426344,85.4738372126,211.968976293,183.714811298,211.968559405,211.968530372,211.968524235,24.8748932051,0.0150015870039,0.0149990548853,0.0150022411487,211.96857317,211.968579056,177.624948038,211.968104681,211.968520583,0.0150016145459,0.0150137794656,0.0203258309525
2011-10-05 00:00:00,211.96820082,36.7879347098,0.0208014742362,215.037239619,171.694549596,1.24023967609e-05,92.2063198344,0.0149999445689,81.0563876586,211.968421756,211.968497573,211.967426,85.4738370122,211.968975666,183.714811207,211.968559222,211.968529679,211.968522921,24.8748925079,0.0150002361003,0.0149989869441,0.0150016775361,211.968573117,211.968577089,177.624948023,211.967977451,211.968519663,0.0150060290362,0.0149969482926,0.0201891901121
2011-10-05 01:00:00,211.968201606,36.7879349055,0.0207862342967,215.037236138,171.694548443,1.23713560013e-05,92.20631621,0.0149999117613,81.0564062398,211.968420657,211.968492103,211.967425541,85.4738369141,211.96897363,183.714811059,211.968559383,211.968529152,211.968521962,24.8748910113,0.0149998083166,0.0149989915507,0.0150014924735,211.968573058,211.968575846,177.624948006,211.967709463,211.968518984,0.0150050888425,0.0150018488979,0.0201763641742
2011-10-05 02:00:00,211.968203788,36.7879342804,0.020745904825,215.037233136,171.694549021,1.23907976221e-05,92.2063183952,0.0149998818612,81.0564181956,211.968419312,211.968488449,211.967424912,85.4738363325,211.968971719,183.714810732,211.968559927,211.968528787,211.968521375,24.8748936031,0.0149995801842,0.0149990797556,0.0150015151772,211.968572981,211.968574191,177.62494801,211.968090798,211.96851835,0.0150056276033,0.0150028094389,0.0201780821927
2011-10-05 03:00:00,211.968208506,36.787935905,0.0207852132358,215.037229859,171.694551714,1.25516717512e-05,92.2063231387,0.014999840799,81.0564211501,211.968417093,211.968489627,211.967424348,85.4738368511,211.968968302,183.714810244,211.968561249,211.968528537,211.968520583,24.8748974304,0.0149995434871,0.0149993314165,0.0150020086303,211.96857293,211.968574148,177.624948078,211.968141235,211.968517518,0.0150086547454,0.0150155806186,0.0202941740289
2011-10-05 04:00:00,211.968214647,36.7879363783,0.0208005900225,215.037224655,171.694553751,1.29048320615e-05,106.094359806,0.0149998375519,81.056423092,211.968412482,211.968484551,211.967423471,85.4738380087,211.968967029,183.714808663,211.968561413,211.968528132,211.968519485,24.8748993357,0.0149996800695,0.0150001047373,0.0150040723717,211.968572938,211.968576026,177.624948165,211.968160506,211.968516371,0.0150117740069,0.0150348724655,0.0234471690852
2011-10-05 05:00:00,211.968215907,36.7879332526,0.0208053164837,215.037208424,171.694553553,1.33531383549e-05,106.095300783,0.0149998887995,81.0564128248,0.0114191637148,211.968231421,211.967422138,85.4738391161,211.968956855,183.714789935,211.968560908,211.968524741,211.968515572,24.8749002759,0.0150003256729,0.0150006473041,0.0150084937419,211.968572683,211.968569998,177.624948076,211.968156419,211.968510099,0.0150099993221,0.01504822104,0.0260116690847
2011-10-05 06:00:00,211.968116369,0.0150225940433,0.0208056871285,0.0105927945848,171.694551711,1.35390527722e-05,106.094305979,0.0149999698688,60.7923209183,0.0100472989272,0.0247846454424,211.967418994,85.4738379276,0.0112918586114,79.9162283318,211.968498997,0.0155844413264,0.0101324612389,24.8748997791,0.0150018227432,0.0150007553629,0.0150261731391,211.968551258,211.965857008,177.624947663,211.968099774,158.976372372,0.0150004691875,0.0150089988604,0.0202536331607
2011-10-05 07:00:00,158.976201739,0.0150021003488,0.0208022723072,0.0104431646677,74.6871884518,1.35244189177e-05,92.2063143188,0.0149999422661,60.7922855967,0.010028070867,0.0247490161943,211.967402679,85.4737922422,0.0111790275982,79.9162179072,171.694539687,0.0155659757723,0.0101104722888,24.8748982183,0.0150034873084,0.0150003465953,0.0150284578598,158.976479197,171.694484454,177.624930434,211.967726878,158.976334323,0.0149846305917,0.014999029346,0.0201939449968
2011-10-05 08:00:00,158.976161298,0.0149999331963,0.0207960708608,0.0100848608404,74.687159842,1.34912614071e-05,92.206294622,0.0149999290771,0.0200077255735,0.0100044901849,0.0201216959614,0.0101453292928,64.1054013869,0.0110340540947,0.0100386649193,171.694536651,0.0155250221331,0.0100134977289,24.8748939893,0.015003681914,0.0150002678901,0.0150291232114,158.976476292,171.694445417,143.876061458,69.1566668706,158.976307629,0.014972840189,0.0149994861137,0.020138175009
2011-10-05 09:00:00,0.0150354498496,0.0149992413244,0.020745256868,0.0100190227836,74.6871589905,1.34029279126e-05,0.0200441693661,0.014999915962,0.0200033085496,0.0100028974856,0.0100463106888,0.0101334074664,64.1053631732,0.0100290292965,0.010005238776,171.694536315,0.0100108020855,0.0100052021877,24.8748880086,0.0150035125678,0.0150002150763,0.0150274695413,0.0100047662087,0.0118544134094,143.876059726,69.156418663,158.976228992,0.0149617770118,0.0149962449158,0.0201120720646
2011-10-05 10:00:00,0.0100119253427,0.0149989666364,0.0200334999595,0.010012370653,74.6871569374,1.32962551745e-05,0.020003418913,0.0149999104301,0.0200013982015,0.0100027530963,0.0100227836648,0.0100580061589,0.0102673086892,0.0100169506724,0.0100045852684,171.694536249,0.0100076820681,0.0100043731271,24.8747183898,0.0150033602241,0.0150001838995,0.01502415586,0.0100013559659,0.0100687198732,77.2668458261,69.1563638841,0.0156642452005,0.0149618470169,0.0149937451272,0.0201420108243
2011-10-05 11:00:00,0.0100113420533,0.0149992519241,0.020019131358,0.01001466875,74.6871471068,1.33439466452e-05,0.0200000470578,0.014999907837,0.0200122841868,0.010003559628,0.0100643519378,0.01000551597,0.0100396213665,0.0100200521032,0.010012945509,171.694536237,0.0100109060342,0.0100054278181,20.1486783741,0.0150033906277,0.0150001988948,0.0150191270955,0.0100014385842,0.0100998680861,0.0100012763343,69.1565046758,0.0149170246457,0.0149698528258,0.015000189614,0.0202328952654
2011-10-05 12:00:00,0.0100566506392,0.0150002388755,0.0207598323784,0.0100398012105,74.6871454738,1.33376282915e-05,0.0200018451285,0.0149999079109,60.7923144772,0.0100136125983,0.0200801228164,0.0100043769563,0.0101642546112,0.0100805950309,79.9162071567,171.694536144,0.0150211592304,0.0100151305307,24.8748840587,0.0150032734866,0.015001044334,0.0150043505268,0.010008104722,171.690489254,0.010001854693,69.1564294688,158.976088147,0.0149810448576,0.0150135916764,0.0204759856347
2011-10-05 13:00:00,158.97612242,0.0150024174875,0.0205527689716,0.0104155653768,74.6871450879,1.3320099831e-05,0.0200099872254,0.0149999049353,60.7923222377,0.0100426189805,0.0247543937175,0.0100048324887,64.1053603606,0.011163120616,79.9162241762,171.69453744,0.0155641315742,0.0101106140631,24.8748937725,0.0150040475504,0.0150012430923,0.0150031610952,158.976476887,171.694465344,0.0100056630462,69.1567731452,158.976326169,0.014992250725,0.0150181719763,0.0205218101017
2011-10-05 14:00:00,158.976202172,0.0150198375958,0.0207691374608,0.0104853768303,74.6871517663,1.33079115742e-05,0.0245480273233,0.0149999082396,81.0564234526,0.0100969226037,0.0248853664299,0.0100392472948,64.1054110597,0.0112009993265,79.9162707067,211.968456809,0.0155790398286,0.0101336414527,24.8748945426,0.0150046507504,0.0150019102961,0.0150029779324,158.976479333,171.694500427,143.876056216,92.2075922139,158.9763534,0.0150208306524,0.0153606290498,0.0223659563625
2011-10-05 15:00:00,211.968287742,36.7879270867,0.0207889304914,215.03709627,74.6871594996,1.33548601261e-05,0.0246801411179,0.0149999334269,81.0564920242,211.968443029,211.968476325,0.0101340370938,85.4738113565,211.970069877,183.714824839,211.968560194,211.968520456,211.968514283,24.8748977904,0.0150087542661,0.0150033529732,0.0150038719925,211.968550821,211.968511446,143.876060815,92.2082627301,211.968514126,0.0151672245183,0.0191992141302,0.0264641912364
2011-10-05 16:00:00,211.968341085,36.7879334463,0.0207681764375,215.037550754,92.2063468904,1.33694409409e-05,0.0246797375924,0.0149999530792,81.0564972527,211.968450782,211.968499119,0.010151676478,85.4738378285,211.970426712,183.714829669,211.968561937,211.968530952,211.968530344,24.874898818,0.0150164686153,0.01500400393,0.0150034979805,211.968577474,211.968661048,143.876084789,92.2082928066,211.968529285,0.0152066150691,92.2058262238,0.0266784365697
2011-10-05 17:00:00,211.968348654,36.7879364414,0.0207786637694,215.037568355,92.2063500098,1.34347197745e-05,0.0246735097057,0.014999974444,81.0565005026,211.968453602,211.968503435,211.967399315,85.4738400637,211.970438846,183.714831069,211.968561776,211.968533285,211.968533328,24.8748989439,0.0150359343538,0.0150024727123,0.0150031416238,211.968578097,211.968672717,177.62494803,92.2082582979,211.968533433,0.0152406782764,0.0343383206143,0.0267053828374
2011-10-05 18:00:00,211.968349558,36.7879379299,0.0207568917891,215.037572192,92.2063460747,1.33223699258e-05,0.0246269924254,0.0149999977556,81.0564970222,211.9684545,211.968500474,211.967420822,85.4738399783,211.970441313,183.714831319,211.968560477,211.968534031,211.968534239,24.8748991019,0.0155779186996,0.0150021477128,0.0150022041477,211.968578226,211.96867552,177.624948674,92.2064406877,211.968534892,0.0152564161159,0.0186176484774,0.0266924798474
2011-10-05 19:00:00,211.968349206,36.7879405531,0.0200071298816,215.037572704,74.687162044,1.31813284455e-05,0.0200294213102,0.0149999727406,81.0564953765,211.968454544,211.96849801,211.967422714,85.4738398517,211.970441211,183.714831022,211.968559523,211.968534285,211.968534379,24.8748969634,0.0155887758625,0.0150009079746,0.015001584939,211.968578236,211.968674817,177.624948763,92.2070277773,211.968535161,0.015250966816,0.0181887909589,0.0266415486704
2011-10-05 20:00:00,211.968350014,36.787947058,0.0200027450966,215.037570562,74.687160636,1.29619507605e-05,0.0200036983274,0.0149999263049,81.0564936316,211.968454444,211.968495709,211.967423444,85.4738396284,211.970440933,183.714830691,211.968559183,211.968534324,211.968533872,24.874883597,0.0155568646221,0.0150000564504,0.0150008957515,211.968578172,211.968673824,177.624948778,92.2079051321,211.968535021,0.0152377612441,0.015746637544,0.0265536912818
2011-10-05 21:00:00,211.968349458,36.7879495446,0.0200013699869,215.037568022,74.6871598582,1.26299121358e-05,0.0199814710004,0.0149998752532,81.0564914297,211.968453843,211.968493134,211.967423734,85.4738390382,211.970438914,183.714830789,211.968558444,211.968534237,211.968532857,0.0200736614186,0.0150224060361,0.0149994278631,0.0150003800847,211.968578083,211.96867141,177.624948772,92.2078423209,211.968534724,0.0152196107607,0.0151298784949,0.0259987776739
2011-10-05 22:00:00,211.96834933,36.7879466099,0.0200003713488,215.037563781,74.68715859,1.24138238197e-05,0.0150632719876,0.0149998235846,81.0564881316,211.968452946,211.968490084,211.967423616,85.4738389942,211.970435868,183.714830734,211.968558158,211.968533767,211.968531867,0.0200146784619,0.0150051655475,0.0149991347741,0.0150001217498,211.968577998,211.968669637,177.624948732,92.2074891389,211.968534321,0.0151988713672,0.0151224393263,0.0214336274365
2011-10-05 23:00:00,211.968349347,36.7879426291,0.0199997973302,215.03756135,74.6871354952,1.2294777066e-05,0.0150170616853,0.0149997902858,81.056482851,211.968452067,211.968487797,211.96742348,85.4738390371,211.970434207,183.714830679,211.968557735,211.968533199,211.968530398,0.0200071989046,0.0150016595012,0.0149989493206,0.0150000252929,211.968577906,211.968667833,177.624948708,92.206327832,211.968533668,0.0151630643826,0.0150547791428,0.0204830431711
2011-10-06 00:00:00,211.968349332,36.7879361723,0.0199995670768,215.037558304,0.0199996924675,1.22611305229e-05,0.0150113969162,0.0149997846095,81.0564842953,211.96845101,211.968483607,211.967423186,85.4738388349,211.970433418,183.714830018,211.968557674,211.968532317,211.968529235,0.0200053718646,0.0150004019424,0.0149988365553,0.014999985701,211.968577834,211.968665985,177.624948655,0.0159697126743,211.968532895,0.0151824432134,0.015032086076,0.0213312596812
2011-10-06 01:00:00,211.968349186,36.7879376392,0.0199995052095,215.037555262,0.0191828563921,1.22067134747e-05,0.0150093326895,0.0149997759931,81.0564801161,211.968450053,211.968484437,211.967422953,85.4738385736,211.970431715,183.714829896,211.968556771,211.968531894,211.968528292,0.0200035561044,0.0150011811879,0.0149988083826,0.0150000116021,211.968577762,211.968665489,177.624948614,0.0156863548002,211.968532325,0.0151981429286,0.0150347200541,0.0203713200613
2011-10-06 02:00:00,211.968351207,36.787939428,0.0199995043894,215.037552162,0.01621684216,1.22251054039e-05,0.0150084886518,0.0149997760128,81.0564746896,211.968448662,211.96848605,211.967422592,85.4738378646,211.970429816,183.714829841,211.96855652,211.968531687,211.968527328,0.0200030311849,0.0150031546713,0.0149988606109,0.0150000877715,211.96857768,211.968663647,177.624948585,0.0155551568611,211.968531984,0.0151671711181,0.0150523408152,0.0201763687765
2011-10-06 03:00:00,211.968355463,36.7879413235,0.0199997058123,215.037548621,0.0162140795655,1.23621262948e-05,0.0150083234122,0.0149997769547,81.0564721883,211.968446499,211.968487887,211.967422235,85.4738390456,211.970426297,183.714829576,211.968557153,211.968531673,211.968526512,0.0200038593306,0.0150032842108,0.0149990167877,0.0150003198776,211.968577624,211.968665245,177.624948643,0.0152878779843,211.968531303,0.0151345025918,0.0151291949912,0.0202807752705
2011-10-06 04:00:00,211.968360299,36.7879392803,0.0200006601333,215.037544756,0.0199908958718,1.28111298203e-05,0.0150095902594,0.014999796579,81.0564766309,211.96844183,211.968486031,211.967421865,85.4738401125,211.970425084,183.714828465,211.9685557,211.968531482,211.968526065,0.0200551749137,0.0150036312282,0.0149995205324,0.0150014504765,211.968577613,211.968667246,177.624948722,0.0152323353368,211.968530454,0.0150861149158,0.0152481686832,0.0203383236598
2011-10-06 05:00:00,211.968360324,36.7879342236,0.020003220588,215.037529037,0.0199975572013,1.32611502894e-05,0.0150119645992,0.0149998551019,81.0564659089,92.2145129961,211.968432667,211.967421614,85.4738412035,211.970413942,183.714814733,211.968550718,211.968528795,211.968521864,0.0246928784548,0.0150050320213,0.0149998988319,0.0150047049286,211.968577345,211.968663016,177.6249486,0.0151753274411,211.968525864,0.0150273440906,0.0150684910088,0.0202428371558
2011-10-06 06:00:00,211.968304578,36.7878800553,0.0200086878552,0.0107405564046,0.0199975207671,1.33350058015e-05,0.0150130038618,0.0149999255,0.0200016016536,0.0100537628604,0.0248272212384,211.967420664,85.4738407132,0.012713971463,148.808795158,0.0150155060462,171.694478753,0.0101727017068,0.0200172317003,0.0150045067978,0.0150000546553,0.0150144392873,211.968560563,211.968258897,177.624948112,0.0150785995796,171.69447652,0.0150056042198,0.015025098863,0.0202321860812
2011-10-06 07:00:00,158.9762935,0.0150113662979,0.0200268830588,0.0105826122801,0.0150172995097,1.33738026135e-05,0.0150125139679,0.0149998863765,0.0199921398359,0.0100341662201,0.0247875209941,211.967415946,85.473814194,0.0125495141319,148.808784566,0.0149997158271,171.694455415,0.0101500281002,0.0200008919547,0.0150056941153,0.0150000275925,0.0150091550958,171.694513951,171.694589653,177.62492672,0.0150660544134,171.694411346,0.0150039015032,0.0150247414773,0.0202735512228
2011-10-06 08:00:00,158.976240164,0.0150038574756,0.0200073995691,0.0101093849535,0.0150085095443,1.34146758509e-05,0.0150110449379,0.0149998307988,0.0199831198469,0.0100045443442,0.0243024998615,158.975504716,64.1054564283,0.0123987940577,0.0100544647926,0.0149946551774,171.694410345,0.010015744161,0.0200000630677,0.0149997862619,0.0150001705978,0.0150036864539,171.694511182,171.694556643,77.2668323382,0.0150549452071,171.694368174,0.0150037199028,0.0150181103269,0.0200596153297
2011-10-06 09:00:00,0.0100348012433,0.0150030500616,0.0200054513981,0.0100190097844,0.0150071758947,1.33932360005e-05,0.0150174142332,0.0149998038771,0.0150979079755,0.0100028125728,0.0100400507062,158.975487264,64.1053986675,0.0100276953657,0.0100050821417,0.0149761472061,0.0100229961804,0.0100054861633,0.0199996187212,0.0149981891462,0.0150003215594,0.0150026052825,0.0100037659934,158.978091247,77.2668303793,0.0150386997663,0.0154163149506,0.0150027506446,0.0150152825795,0.0199994697388
2011-10-06 10:00:00,0.0100071183304,0.0150021443591,0.019999322476,0.010012263631,0.0150030217892,1.33776011371e-05,0.0150059691521,0.014999783674,0.0150004630886,0.010002706795,0.0100203178877,158.975442728,64.1029858059,0.0100155056191,0.0100048054246,0.0102218003185,0.0100130512135,0.0100045275498,0.0199992979881,0.0149964962064,0.0150004774217,0.0150018519624,0.0100011082368,0.0100828978197,71.5432687897,0.01503427249,0.0149172678502,0.0150028799966,0.0150130749196,0.0199455088146
2011-10-06 11:00:00,0.0100075234054,0.0150023150895,0.0199971336612,0.0100146924535,0.0150022661611,1.33437675389e-05,0.0150029730654,0.0149997748665,0.0149998421316,0.0100035926555,0.0101325523247,0.0100194995627,0.0100707157251,0.0100185346727,0.0100133768944,0.0146578131408,0.0100969147982,0.0100057946365,0.0199993036922,0.0149955086172,0.015000260833,0.0150018104284,0.0100015867839,0.010126679695,0.010001909823,0.0150294423592,0.0150457894763,0.0150024757495,0.0150221695492,0.0199569902532
2011-10-06 12:00:00,0.0100267351172,0.0150009227205,0.0199948807322,0.0100407321674,0.0150007035005,1.32727700416e-05,0.0150017147825,0.0149997713541,0.0150006084885,0.0100152102209,0.0246511467683,0.010013081785,64.1053007674,0.0101116013286,148.808773609,0.0149814085474,171.694393645,0.0100262362849,0.0199996540168,0.0149955470003,0.0150017094556,0.0150018115549,0.015019634667,171.694083771,0.0100017610593,0.0150375642135,158.976338994,0.0150023703947,0.0150254266051,0.0199907721464
2011-10-06 13:00:00,158.976228075,0.015001008985,0.0199468124815,0.0105556380373,0.0150009928716,1.32577733967e-05,0.0150066160768,0.014999770224,0.0199149593758,0.0100485644837,0.0247958290434,0.0149113267968,64.1054305387,0.012527401392,148.808789333,0.0149956571406,171.694453898,0.0101512074163,0.0200004047024,0.0149969556611,0.0150009718324,0.0150013034147,171.694511836,171.694569094,0.0149782102825,0.0150642447254,171.694397688,0.0150020848253,0.0150532354639,0.0200555308886
2011-10-06 14:00:00,158.976296321,0.0150014247071,0.0199931899987,0.0106233534539,0.01500206996,1.32753889756e-05,0.015023176402,0.0149997985911,0.0199925916631,0.0101113236288,0.024985812229,158.975446377,85.4738026602,0.0125650111976,148.808820148,0.0150009218109,171.694469186,0.0101750386749,0.020004232168,0.0149984598904,0.0150002711394,0.0150012983938,171.694513734,171.694611878,77.2668285734,0.0151825563974,171.694427459,0.015001946469,0.0151180987309,0.0201409175762
2011-10-06 15:00:00,211.96836904,0.0150012427558,0.0200005459614,215.037463182,0.0150083797084,1.32572107226e-05,0.0151190594454,0.0149998465704,0.0200139879959,211.968415644,211.968564914,158.975485358,85.4738379215,211.969748912,183.714595561,0.0163574511076,211.968477608,211.968518074,24.8748769407,0.0150011908746,0.0150001832857,0.015002092117,211.968541895,211.968859754,77.2668310533,0.0197638690527,211.968542087,0.0150026234655,0.0151997816271,0.0201478015892
2011-10-06 16:00:00,211.968422678,0.0150012301598,0.0208023582,215.037822069,0.0199772860518,1.33336407624e-05,0.0186782169061,0.0149999023708,0.0201437304392,211.9684225,211.968592561,158.97549807,85.4738415777,211.970215342,183.714599247,211.968483338,211.968482429,211.968531026,24.874897797,0.0150027705895,0.015000433033,0.0150036631488,211.968550044,223.744100823,77.2668418884,0.019944930272,211.968556557,0.0150035823755,0.015117227083,0.0201700553875
2011-10-06 17:00:00,211.968428551,0.0150009748563,0.0208052041919,215.037839095,0.0199964128354,1.34455749368e-05,0.0198806156215,0.0149999546621,0.0237862673244,211.968425303,211.96859834,211.967397595,85.4738421772,211.97022696,183.714600254,211.968486716,211.968483836,211.968534137,24.8748988943,0.015003927782,0.0150006565022,0.0150054033963,211.968550519,223.744130077,95.3911533753,0.0199134117019,211.968561531,0.0150029107774,0.0150224776576,0.0201053217209
2011-10-06 18:00:00,211.968425764,0.0150000207261,0.0208052007692,215.037842877,0.0199972924228,1.33608380993e-05,0.0185561768394,0.0149999526824,81.0564869869,211.96842605,211.968596233,211.967406999,85.4738417232,211.970229143,183.714600025,211.968485726,211.968483968,211.968535007,24.8748992103,0.0150060644723,0.0150015272176,0.0150070083862,211.968550566,223.74413712,95.3911537823,0.0199094683851,211.968563109,0.0150016276425,0.0150061992841,0.0200337443347
2011-10-06 19:00:00,211.96841873,0.0149996630089,0.0208031195502,215.037843939,0.0199980822307,1.32452972548e-05,0.0185454659903,0.0149999306548,81.056500691,211.968426056,211.968593518,211.967408183,85.4738414556,211.970229019,183.714599484,211.96847981,211.968483747,211.968534922,24.8748981521,0.0150080460072,0.0150004236655,0.015006953487,211.968550507,223.744136659,95.3911538186,0.0199238365106,211.968562866,0.0150000918807,0.0150033246226,0.0200133507284
2011-10-06 20:00:00,211.968415329,0.0149994042495,0.0207827203111,215.03784137,0.0199980841397,1.30676863407e-05,0.0185439899684,0.0149999122193,81.0565036303,211.968426033,211.968591201,211.967408643,85.4738412263,211.970228252,183.714598989,211.9610651,211.968483428,211.968534462,24.8748969256,0.0150070373173,0.014999852818,0.0150055005553,211.968550395,223.744132144,95.3911538705,0.0199372656549,211.968562145,0.0149984949486,0.0149965815957,0.0200071513535
2011-10-06 21:00:00,211.968409876,0.0149989752655,0.0200143964394,215.037838985,0.0199977731941,1.28104942004e-05,0.0185407084389,0.0149998789086,81.056502316,211.968425355,211.968587678,211.967408834,85.4738402711,211.970225191,183.714598564,211.968483828,211.968483035,211.968533648,24.8748953538,0.015004076309,0.0149994744955,0.0150066073102,211.968550265,223.744126293,95.3911539023,0.0198417713681,211.96856184,0.0149975184704,0.0149935351883,0.0200302459263
2011-10-06 22:00:00,211.968408614,0.0149987475697,0.0200048048695,215.03783499,0.0199959857394,1.26649931686e-05,0.0185306729284,0.0149998474686,81.0565000377,211.968424543,211.968584358,211.967408482,85.4738405826,211.970220696,183.714598436,211.968494344,211.968482107,211.96853237,24.8748898174,0.0150026061932,0.014999331966,0.01501006319,211.968550108,223.744112117,95.3911538715,0.0190571423819,211.968561372,0.014997010507,0.0149911869126,0.020093723465
2011-10-06 23:00:00,211.968407647,0.0149986297748,0.0200032134319,215.037831762,0.0199917780252,1.25358096382e-05,0.0150812628669,0.0149998248142,81.0564999759,211.968423481,211.968580353,211.967408315,85.473840701,211.970218234,183.714598156,211.968497981,211.96848105,211.968531063,24.8748583064,0.0150019332691,0.0149993402357,0.0150169011426,211.968549942,223.744107091,95.3911538255,0.0152662639314,211.96856088,0.0149966670437,0.0149957947794,0.0202382179219
2011-10-07 00:00:00,211.968399386,0.0149986100252,0.0200021904662,215.037829421,0.0161992383427,1.25206822437e-05,0.0150167362483,0.0149998192848,81.0564939172,211.968422481,211.968578685,211.967408006,85.4738406071,211.970215583,183.714596193,211.968494977,211.96848111,211.968530013,24.8748915971,0.0150021783054,0.0149993819431,0.0150178520727,211.968549711,223.744101952,95.3911537503,0.0150573696496,211.968560315,0.0149964842051,0.0149988362606,0.0212796410012
2011-10-07 01:00:00,211.968376802,0.014998551759,0.0200023796642,215.03782839,0.0161988583543,1.2500040029e-05,0.0150167717368,0.0149998335249,81.0565052521,211.96842161,211.968577743,211.967407693,85.4738404786,211.970214585,183.714596503,211.96849372,211.968480382,211.968529032,24.8748927867,0.0150018333585,0.0149993924876,0.0150102601327,211.968549384,223.744105219,95.3911536947,0.0150547921492,211.968560152,0.0149969091598,0.0150205350448,83.3368275556
2011-10-07 02:00:00,211.968383921,0.014998687722,0.0200033693482,215.037826908,0.016200920695,1.25457090495e-05,0.0150175311912,0.0149998407339,81.05650659,211.96842018,211.968577487,211.967407293,85.4738404089,211.970212481,183.714596526,211.968498463,211.968480015,211.96852806,24.874892747,0.0150027646985,0.014999439924,0.0150091223946,211.968549003,223.744110899,95.3911535658,0.0150235183568,211.968561085,0.0150002984192,0.0150594457964,83.3419572307
2011-10-07 03:00:00,211.968401913,0.0149991282725,0.020004085682,215.037828361,0.019992504914,1.26620650004e-05,0.0150335261413,0.0149998433898,81.0565058288,211.968417792,211.968577837,211.967406988,85.4738410061,211.970208712,183.714595924,211.968502559,211.968479607,211.968527599,24.8748943186,0.0150044090972,0.014999547925,0.0150149548264,211.968548726,223.744126577,95.3911535134,0.0150182005159,211.968563383,0.0150045986125,0.017494972073,83.3426157722
2011-10-07 04:00:00,211.968406431,0.01499938811,0.0200075170615,215.037831485,0.0199986565637,1.30319520398e-05,0.0184873371299,0.0149998809846,81.0565085809,211.968412995,211.968574223,211.967406616,85.4738416075,211.970217026,183.714593786,211.968503469,211.968478692,211.96852686,24.8748977024,0.0150090692884,0.0150000971377,0.0150237491216,211.968548533,223.74415689,95.3911534645,0.0150203287104,211.96856535,0.0150137801716,0.0186184017518,83.3427245622
2011-10-07 05:00:00,211.968410638,0.0149993357896,0.0202106406624,215.037831267,0.0200005192078,1.3443120621e-05,0.0185275811212,0.0149999976297,81.0565116028,211.967146366,211.968522482,211.967406138,85.4738427269,211.970217499,183.714568441,211.96850303,211.968472784,211.968523375,24.8748982457,0.0150374706687,0.0150004145267,0.015028295222,211.968547834,223.744164101,95.3911531868,0.0150553817854,211.968563547,0.0150135806437,0.0236378291483,83.3427508885
2011-10-07 06:00:00,211.968411561,0.0149988891381,0.020799803522,174.180666612,0.0200010880262,1.35184110848e-05,0.0185268045583,0.0150002422611,81.05650214,0.0100492179026,0.0247242420133,211.967404944,85.4738431111,171.695886333,0.019982025106,211.968500897,136.299613728,171.694443115,24.8748970799,0.0155888843369,0.0150005282532,0.0150303531924,0.0151196740667,223.744081719,95.3911523353,0.0150711061702,211.968473124,0.0149964293203,0.0151543254324,83.342652915
2011-10-07 07:00:00,211.968411799,0.0149986521427,0.0204943252966,174.180633686,0.0199963089863,1.35755478301e-05,0.0150167503262,0.0150000915747,81.056470313,0.0100285606204,0.020083084267,211.967400952,85.4738375604,171.695870451,0.0199715235936,211.968495318,136.299602948,171.694419201,20.1486673864,0.0156299903172,0.0150004356673,0.0150257688005,0.0150006374918,223.744071575,0.0151730714188,0.0150071309558,171.694580281,0.0149959885132,0.0150258108264,62.5075220284
2011-10-07 08:00:00,211.968412444,0.014998598077,0.0199984829725,174.180611279,0.0162003335287,1.35657180426e-05,0.0150058756533,0.0150000640876,65.6557906337,0.0100037875874,0.0199265065294,92.2058788053,85.4738343604,171.695872161,0.0100367510712,211.968426786,136.29960172,0.0100146315372,20.1486675476,0.0155896134972,0.0150003837185,0.0150129148977,0.0149993032368,223.744075755,0.0149935109559,0.0149909960045,171.694563059,0.014997825836,0.0150108287193,62.5069470641
2011-10-07 09:00:00,211.968411613,0.0149988577548,0.0199418187304,174.180565507,0.0161978642081,1.3498299789e-05,0.0150020996189,0.0150000505608,65.6557886587,0.0100022149477,0.0100620126443,92.2058651539,85.4738369048,171.695888335,0.0100048299622,171.694497199,136.29960023,0.0100094380102,20.1486657735,0.0155608083412,0.0150004456821,0.0150048505577,0.0149906889802,223.744166907,0.0149903998662,0.014989755165,171.694572363,0.0149917696542,0.0150058095072,62.5070193134
2011-10-07 10:00:00,211.968403617,0.0149990303933,0.0150052243768,174.180530407,0.0161945629145,1.34456176943e-05,0.0150000801519,0.0150000878129,65.6557878739,0.0100021987479,0.0100360370547,92.2057277247,85.4738361182,171.695884586,0.0100043112843,171.694492357,136.299597358,0.0100060406915,20.148661848,0.0151425798199,0.0150005128091,0.0150027093514,0.0100194946582,223.744165775,0.0149891666071,0.0149936213249,171.694577083,0.0149890484438,0.0150040066919,62.5071440861
2011-10-07 11:00:00,211.968402885,0.0149991938952,0.0150151309744,174.180617054,0.0151721538716,1.34515467258e-05,0.0149991689694,0.0150000945136,65.6557913723,0.0100033197293,0.019396053239,0.0100106583806,85.4738389064,171.695894121,0.0100105964489,171.694492459,136.299596949,0.0100175423768,20.1486633902,0.0154769232918,0.0150006615844,0.0150020993206,0.0139524336402,223.744165712,0.0149868972174,0.0150008157127,171.695028962,0.0149845201208,0.0150441328315,62.50755819
2011-10-07 12:00:00,211.968414443,0.0149993636856,0.019977697984,174.180633721,0.01517575587,1.33731953083e-05,0.0150001554365,0.015000194764,81.056482634,0.0100114166647,0.0199840197434,0.0100084474802,85.4738382874,171.695915905,0.0199597180606,171.69474487,136.299600252,171.694423538,20.1486679711,0.0155653028832,0.0150018773024,0.0150013758751,0.0149959031,223.744159555,0.0149861138977,0.0150032437662,211.968401221,0.0149902192185,0.0155048553894,62.5176448525
2011-10-07 13:00:00,211.968412011,0.0149993707258,0.0199986833219,174.180671145,0.0161955150955,1.33556956542e-05,0.015000619307,0.0150000748036,81.0565053469,0.010043480253,0.0200661675173,0.0100200451178,85.4738340011,171.695899224,0.0199762880583,211.968444346,136.299602819,171.694438967,20.1486558647,0.0155786549855,0.0150060632617,0.0150012586692,0.0149991761299,223.744153563,0.0149892324104,0.0149990711988,211.968496793,0.0149980038255,92.2059627865,83.3426490205
2011-10-07 14:00:00,211.968419249,0.0149995400426,0.0200022676644,215.037768766,0.0161992958112,1.33434052741e-05,0.0150092532499,0.0150001534739,81.0565235204,0.0101036962217,0.0201107105941,92.2057877303,85.4738355177,211.970183767,0.0199981816088,211.968498865,136.29963235,211.968451745,20.1486653853,0.0155980384041,22.7118316065,0.0150016894913,0.0150001267422,223.744160378,0.0149897888211,0.0150130107261,211.968546945,0.0150103964445,92.2060093359,83.3427906308
2011-10-07 15:00:00,211.968424862,0.0149997070457,0.0200220690635,215.037838497,0.0199899547121,1.33143582351e-05,0.0199725881182,0.0150007066871,100.069707781,122.957260944,0.0248271300068,92.2058650054,85.473838756,211.970218128,183.714715589,211.968501971,168.271107577,211.968546314,24.8748937854,0.0158122745523,52.21074668,0.0150035456242,0.015003352088,223.744163438,0.0149904867095,0.0151392474062,211.968557775,0.0150159460362,92.2063557591,83.342895306
2011-10-07 16:00:00,211.96843366,0.0149999587448,0.0207619486783,215.037847605,74.6871582176,1.337704044e-05,92.2063158767,0.015004989329,100.069721283,122.957267604,0.0248404284978,92.2058806378,85.4738422335,211.970224396,183.71472672,211.968502915,168.271109447,211.968554935,24.874897514,0.0353791178486,52.2107549695,0.0150057832376,0.018520500396,223.744166382,0.0149990853222,92.2092265328,211.968563981,0.0150162322,92.2060684759,83.3434828707
2011-10-07 17:00:00,211.968426493,0.0150000822049,0.0208015683231,215.037850491,74.6871618019,1.35379705915e-05,92.2063456321,0.0150057239273,100.069724211,122.957270362,0.0248420403849,211.967315842,85.4738430803,211.970226574,183.714729831,211.968501587,168.271109635,211.968557669,24.8748980895,0.0358272202746,52.2107559855,0.0150056020262,0.018521055835,223.744167343,0.0185062031389,92.2101714443,211.968566194,0.0150112742574,92.2059605169,83.3430004813
2011-10-07 18:00:00,211.968422909,0.015000254988,0.0208050735242,215.037850078,74.6871627274,1.33743710885e-05,92.2063609225,0.0150058210555,100.069724841,122.957271089,0.0248380273399,211.967323578,85.4738426573,211.970226933,183.714730464,211.968500411,168.271108467,211.968558402,24.8748972789,0.0358549567955,52.2107529354,0.01500383115,0.0185212618182,223.744160269,0.0185062934899,92.2103337102,211.96856767,0.0150052371597,92.205883027,83.3428880995
2011-10-07 19:00:00,211.968417832,0.0150003584093,0.020802399871,215.037848522,74.6871630181,1.31917547669e-05,92.2063576474,0.0150051446269,100.069722549,122.957271265,0.0248336639755,211.967324699,85.4738424148,211.970225954,183.714730628,211.968497214,168.271109442,211.968558247,24.8748933514,0.0359704075224,52.2107520644,0.0150030043833,0.018521363954,223.744148843,0.0185061751861,92.2102954851,211.968566186,0.0150052281191,92.205954859,83.3427899194
2011-10-07 20:00:00,211.968417545,0.0150007132597,0.0207946444994,215.037846147,74.6871629777,1.30513700509e-05,92.2063436333,0.015005595368,100.069701644,122.957271304,0.0248291349325,211.96732527,85.4738422061,211.970225859,183.714730585,211.968492779,168.271110224,211.968557664,24.8748857017,0.0358930002092,52.2107506748,0.0150017707796,0.0185214194198,223.744138943,0.0185060993208,92.2062336104,211.968564872,0.0150062372909,92.2059821841,83.3427651792
2011-10-07 21:00:00,211.968412548,0.0150011422621,0.0207746888822,215.037844542,74.6871629892,1.28576783727e-05,92.2063446681,0.0150057851228,81.0565448977,122.957270878,0.0248255541341,211.967325323,85.4738415457,211.970223637,183.714731188,211.968472784,168.271110122,211.968556522,24.8748224357,0.0358434140765,52.2107493399,0.0150010270453,0.0185214439206,223.744121756,0.0185059868967,69.158985738,211.968562086,0.0150107473287,92.2059882998,83.3427471625
2011-10-07 22:00:00,211.968407014,0.0150015817552,0.020040709594,215.037840369,74.687162356,1.26205873759e-05,92.2063238345,0.0150053845115,81.0565318021,122.957270039,0.0248202527096,211.967324966,85.4738414414,211.970218788,183.714731879,211.968265104,168.271109603,211.968554674,0.0200607282697,0.0358230878568,52.2107475004,0.0150005288471,0.018521380171,223.744102859,0.0185058673787,69.1581440267,211.96855943,0.0150264518522,92.2061082433,83.3427389414
2011-10-07 23:00:00,211.968398408,0.0150023230707,0.0200117043257,215.037835471,74.6871624177,1.24924543311e-05,92.2063196481,0.0150044916719,81.0565340942,122.957268901,0.024819861075,211.967324529,85.4738414822,211.970215055,183.714732043,171.69452493,168.271108764,211.968552488,0.0200212152018,0.0357569507585,52.210745528,0.0150003012478,0.0185212733605,223.744091742,0.0185057872288,69.1580782635,211.968557331,0.0150660538361,92.2060809546,83.3427322366
2011-10-08 00:00:00,211.968338519,0.0150022826062,0.0201078706197,215.037832279,74.6871623595,1.24228768972e-05,92.2063186747,0.015002418178,100.069723575,122.957268193,0.0248201208009,211.967324156,85.4738413406,211.970216203,183.714732452,171.694495407,168.271106223,211.968551563,0.0200142736421,0.0357213172876,52.2107450142,0.015000334143,0.0185210122993,223.744080227,0.018505716191,69.1580600461,211.968554099,0.0151558137223,92.2060697735,83.342749871
2011-10-08 01:00:00,211.96836678,0.0150051566287,0.020045751767,215.037829198,74.6871618066,1.23389345241e-05,92.2063208227,0.0150014286537,100.069692805,122.957267162,0.0248233159729,211.967323767,85.4738414697,211.970214913,183.714731932,171.694496151,168.271106943,211.968550753,0.0200120479496,0.0355445710006,52.2107424597,0.0150003866655,0.0185208611485,223.744074167,0.0185056743356,92.2058301432,211.968556373,0.0151942788309,211.965693966,83.3427631728
2011-10-08 02:00:00,211.968382301,0.0150134408118,0.0200307039614,215.037825633,74.6871607972,1.2327468873e-05,92.2063201126,0.0150011916995,100.069560464,122.957265692,0.0248217062475,211.967323218,85.4738411569,211.970211891,183.714731552,171.694499309,168.271106725,211.96855092,0.0200111185219,0.0163395659012,52.2107352771,0.0150004143159,0.0185207403295,223.744067545,0.0185055476831,92.2104020124,211.968559,0.0153185890301,211.967268246,83.3427741486
2011-10-08 03:00:00,211.96840133,36.7877977167,0.0201842579414,215.037822564,74.6871606509,1.23844434617e-05,92.2063191665,0.0150021686888,81.0582472211,122.957263491,0.0248186510885,211.967322707,85.4738412615,211.97020628,183.714731371,211.968443206,168.271106304,211.968551902,0.0200109815503,0.0156276713602,52.210733543,0.0150006273235,0.0185207029957,223.744064666,0.0185053559099,92.2106312564,211.968559872,0.015601626014,211.967550871,83.3428347178
2011-10-08 04:00:00,211.968415494,36.7879289356,0.0207832170962,215.037818389,74.6871607102,1.2592339655e-05,92.2063203158,0.0150034625739,100.069643592,122.957258477,0.024812162694,211.96732189,85.473840627,211.97019866,183.714730951,211.968484495,168.271105633,211.968553662,0.0200186205223,0.0156039895159,52.2107352496,0.0150009994635,0.0185206056646,223.744067868,0.018505250641,92.2108064875,211.968561169,0.0186251833412,211.967728858,111.121775971
2011-10-08 05:00:00,211.968419636,36.787933736,0.0207981714223,215.037808334,74.6871607472,1.27827596719e-05,92.2063246137,0.0150047221805,100.069508184,92.2183393761,0.0247756710433,211.967320829,85.4738405829,211.970178596,148.808998374,211.968488995,168.271102733,211.968556081,0.0201887648644,0.0156092827132,52.2107355515,0.0150018760106,0.0185201867735,223.744050648,0.0185049523202,92.2108830748,211.968561339,0.0188363824614,211.967929616,111.123359219
2011-10-08 06:00:00,211.968336549,36.7879286594,0.0208027431876,161.280189086,74.687160469,1.29880338586e-05,92.2063819984,0.0150063934126,81.056519518,92.2182748332,0.0199989333194,211.967318413,85.4738413313,0.0159965417732,148.808937576,171.694489684,136.299587542,211.968538014,0.0245345862646,0.0156164512671,52.2107397461,0.0150027915199,0.0185043904794,171.696111153,0.0185042620592,92.2109103397,171.694877279,0.0153971736394,211.967727658,111.123550873
2011-10-08 07:00:00,171.694438082,36.7879276102,0.0200247807361,161.280117422,74.6871509328,1.3171215474e-05,92.206370343,0.0150064832799,81.0565051725,0.0155243849881,0.0199738597427,211.967313342,85.4738397845,0.0159210354501,148.808934748,171.694482846,136.299574942,171.694551417,0.0200014549063,0.0161936621237,52.2107266154,0.0150016334699,0.0121640600894,171.695988419,0.0149972292722,92.2108596635,171.694545913,0.0153414126003,211.967664411,111.123486024
2011-10-08 08:00:00,171.694424493,36.7879264354,0.0200042377425,161.278564697,60.4966019715,1.32630279011e-05,92.2063315655,0.015006338739,81.0564864142,0.0100100840046,0.0199608359849,0.0101219176592,85.4738401161,0.0100572359057,148.808932947,171.694483133,92.2063786314,171.694540463,0.0200003008895,0.0157397582911,52.2106906202,0.0150013589563,0.012162116589,171.695964758,0.0121495359497,92.2108188949,171.694540787,0.0154256466028,211.966111678,83.3428773547
2011-10-08 09:00:00,171.694417461,36.7879257467,0.0199995870241,0.0100440385443,60.4966001832,1.32349017169e-05,92.2063152447,0.0150059803752,81.0564847538,0.0100088762801,0.0199438679148,0.010110179119,85.4738403861,0.0100106512636,148.8089303,171.694480775,0.0100136811959,171.694537742,0.0199997373378,0.0202914685953,52.2104207975,0.0150012896691,0.0113161224532,171.695904763,0.0121478672365,92.2062624265,171.694539254,0.015441851581,211.964873257,83.3427849767
2011-10-08 10:00:00,171.694393858,36.7879281026,0.0199946901501,0.0100156709028,60.4965994987,1.31356229194e-05,74.6872067059,0.0150059282436,81.0564856691,0.0100169053978,0.0199205773265,0.0100216234818,85.4738405829,0.0100072039847,148.808927693,171.694480299,0.0100104561732,171.694538359,0.0199993109142,0.0176013826938,22.7118167581,0.0150013527303,0.0100016407355,171.695895726,0.0121443205555,69.1605112683,171.694539753,0.0155896497632,211.964874001,83.3427788242
2011-10-08 11:00:00,158.976411836,36.7879314211,0.0199861634688,0.0100170828795,60.4965975382,1.30553667265e-05,74.6871805663,0.0150064971739,81.0564899891,92.2163159217,0.0199300967535,0.0100049254655,85.4738408189,0.0100089039697,148.80893439,171.694478695,0.0100464110754,171.694541439,0.0199991573944,0.0160434196096,22.7117953144,0.0150015785093,0.0100012675363,171.695956887,0.0100021533689,92.2057338606,171.694540973,0.0162821041366,211.96732802,83.3428184561
2011-10-08 12:00:00,158.976441502,36.7879368837,0.01998884925,0.0100883544022,60.4965929557,1.29968417719e-05,74.6871783497,0.0150079665362,81.0565030874,92.2182740283,0.0199660600979,0.0100035131974,85.4738408467,0.0100355382589,148.808940594,171.694479394,136.29956883,171.694550721,0.0199993540505,0.0155954276257,22.7118004562,0.0150025240718,0.0100062119548,171.695973012,0.0100007631204,69.1621840016,171.694543096,0.0348213114328,211.967702298,83.3430225161
2011-10-08 13:00:00,171.694410869,36.787958428,0.0199985494927,161.280111477,60.4965995368,1.29542838988e-05,74.6871793814,0.0150419183805,81.0565541068,92.2182869181,0.0199845933695,0.0100051073655,85.4738412371,0.0159327294597,148.80896305,171.694479895,136.299581967,211.968476427,0.0199994083601,0.015589705035,22.7118122099,0.0150037095849,0.0121606718825,171.695985179,0.0100015913847,69.1583535044,171.694669428,0.0350855490725,211.968260817,191.592506071
2011-10-08 14:00:00,171.694435597,84.569949919,0.0200099767851,161.280226125,60.4966016394,1.29842167481e-05,74.6871898809,0.0202527543652,100.069762809,211.968552852,0.0200116122407,0.010036765467,85.4738415345,0.0159873771043,183.714797421,171.694483957,168.271072358,211.968555622,0.0200009213814,0.0155821690507,52.2107195977,0.0150172021234,0.0121627636579,171.696021015,0.0121454857168,69.1582891564,211.968531817,0.0351955255713,211.968472268,211.96426897
2011-10-08 15:00:00,211.968409089,84.5699615481,0.0207960933891,215.03783504,74.6871577381,1.30747462378e-05,74.6872878606,0.0344028208349,100.069769001,233.671716538,0.0246577799059,0.0101120417314,85.4738421863,0.0197150681779,183.714814726,211.968488489,168.271085909,211.96856262,24.8748881079,0.015580385789,52.2107289881,0.0150342567109,0.0149956697526,211.97033075,0.0121482779014,69.158325194,211.968554828,0.0354663516022,211.968560961,211.964695939
2011-10-08 16:00:00,211.968420663,84.5699629438,0.0208041612479,215.037899706,74.6871600643,1.32500548457e-05,92.2063142777,0.0344923211907,100.069770362,233.671742712,0.0246648850238,0.0101306531549,85.4738427,0.0197329915287,183.714819181,211.968495625,168.271087987,211.968567451,24.8749000747,0.0155849998746,52.2107291062,0.0150410467833,0.0150167834689,211.970343606,0.0121595451704,69.1583999788,211.968558811,0.0356007801824,211.968563542,211.96480449
2011-10-08 17:00:00,211.968421256,84.569963385,0.0208081867092,215.037914105,74.6871610543,1.33747492031e-05,211.967976723,0.0344939308167,100.069770461,233.671751986,0.0246641044048,211.966964618,85.4738425663,0.0197379221018,183.714820363,211.968495895,168.271088582,211.968568761,24.87490202,0.0155846424331,52.2107289729,0.0150562054641,0.0150172421703,211.970347315,0.0150000644793,69.1586795175,211.968559022,0.0355622667275,211.968511189,211.964813075
2011-10-08 18:00:00,211.96842081,84.5699616454,0.0476283768727,215.03791718,74.687160193,1.33416668615e-05,211.968503532,0.0198947619377,100.069766941,233.671754565,0.024660373303,211.966974734,85.4738419863,0.0197384117978,183.714821047,211.968496586,168.271088762,211.968568255,24.8749067946,0.0153211619499,52.2107254033,0.0150653049335,0.0150172816723,211.970349038,0.0150005003841,92.2108385556,211.968559604,0.0354186076367,211.968393717,211.964788278
2011-10-08 19:00:00,211.968418405,84.5699605374,0.047794167392,215.037916738,74.6871599372,1.32334113013e-05,211.968516638,0.0150163945656,100.06976749,233.671754195,0.0246565693019,211.96697612,85.4738417799,0.019738116254,183.714821442,211.968495475,168.271088479,211.968567169,57.1836683061,0.0151100399336,52.2107213819,0.0156496556132,0.0150172749252,211.970346489,0.0150005846538,92.210889319,211.968557634,0.0351807148274,211.968151271,211.964745963
2011-10-08 20:00:00,211.968419936,84.5699613886,0.0478193201337,215.037911906,74.6871603998,1.30762817165e-05,211.968523972,0.015007392541,100.069763703,233.67175485,0.024646823029,211.966976566,85.4738418089,0.0197377279947,183.714821782,211.968495289,168.271087407,211.968565307,57.183676086,0.0152953743631,52.2107196077,0.0342060338772,0.0150172162738,211.970342889,0.0150006207565,92.2110634155,211.968555603,0.0351105505306,211.96784711,211.964632484
2011-10-08 21:00:00,211.968418084,84.5699607198,0.0478263105626,215.03790616,74.6871605445,1.29606865499e-05,211.968530369,0.015006034843,81.0568834943,233.671752769,0.0246146670535,211.966976814,85.4738414184,0.0197355361971,183.714821218,211.968496159,168.271086323,211.968563464,57.1836774196,0.0152959948023,52.2107210383,0.0345416440171,0.0150171511334,211.970338637,0.0150006255805,92.211194672,211.968553582,0.0350892738909,211.967760898,211.96419268
2011-10-08 22:00:00,211.968416651,84.5699599801,0.0478283611201,215.037898031,74.687160154,1.28618518238e-05,211.968532885,0.0150047637978,81.0565257813,233.671746071,0.0204996884021,211.966976628,85.4738414267,0.0197322948709,183.714820593,211.968496466,168.271085166,211.968561056,57.1836777965,0.0152335846442,52.2107215612,0.0345513737407,0.0150170416139,211.970333077,0.0150006219892,92.2112203503,211.968552195,0.0350662788745,211.967803532,191.755886717
2011-10-08 23:00:00,211.968413853,84.5699600097,0.047829341859,215.037890134,74.6871600584,1.27748385308e-05,211.968534553,0.0150021944803,81.0565204781,233.671735938,0.020062114676,211.966976267,85.4738412437,0.0197297245878,183.714820252,211.9684966,168.271084605,211.968558863,57.1836781307,0.0150519662403,52.2107223153,0.0345555566179,0.0150169637694,211.970330313,0.0150006224637,92.2112314649,211.968550972,0.0350438673541,211.967685167,191.59334929
2011-10-09 00:00:00,211.968412646,84.5699617422,0.0478296855794,215.037888835,74.6871594519,1.2722413001e-05,211.968535769,0.0150006041677,81.0565724813,233.671725296,0.0200221731066,211.966975816,85.4738413037,0.0197282705756,183.714819981,211.968496463,168.271084445,211.968556841,57.1836783642,0.0150061519627,52.210722928,0.0345568836939,0.01501689684,211.970325983,0.015000581711,92.2112185263,211.968551123,0.0350408538276,211.967664553,191.59433782
2011-10-09 01:00:00,211.968407265,84.5699628264,0.0478291660243,215.03788707,74.6871591742,1.27103491785e-05,211.968535758,0.0150003971733,100.069730607,233.671716398,0.0200200907435,211.96697543,85.4738413643,0.0197252603971,183.714819877,211.968495349,168.271083995,211.96855633,57.1836785203,0.0150051016519,52.2107222229,0.0345564380077,0.0150168306595,211.970325024,0.0150005633201,92.211208738,211.968550047,0.0350278909303,211.967709776,211.956632271
2011-10-09 02:00:00,211.968401424,84.5699638609,0.0478276615939,215.037886361,74.6871592759,1.27005691757e-05,211.968535159,0.0150002939381,100.069741256,233.671715741,0.0200180365152,211.966974975,85.473840965,0.0197222351969,183.714819296,211.96849475,168.271082766,211.968555826,57.1836784155,0.0150034091086,52.2107230577,0.0345570693074,0.0150167187936,211.970321488,0.0150005190157,92.2111987469,211.968548131,0.035041850344,211.967811973,211.963657926
2011-10-09 03:00:00,211.968397121,84.5699650443,0.0478233281971,215.037889067,74.6871592205,1.27359578875e-05,211.968534128,0.0150001630105,100.069757212,233.671715206,0.0200165619482,211.966974318,85.4738409865,0.0197161253427,183.714819372,211.968493966,168.271081025,211.968556223,57.1836781981,0.0150015621474,52.2107250357,0.0345582686311,0.0150165128251,211.970317875,0.0150004625442,92.2111897153,211.968544706,0.0350808754241,211.967796093,211.964423132
2011-10-09 04:00:00,211.968389932,84.5699659448,0.0477973819861,215.037891895,74.687159075,1.27689082776e-05,211.968532055,0.0150000980721,100.069762629,233.671721339,0.0200184467525,211.966973558,85.4738406377,0.0197083376583,183.714818099,211.96849356,168.271077575,211.968556669,57.183677486,0.0150006417938,52.2107298732,0.0345585146787,0.0150161472078,211.970319451,0.0150003595535,92.2111763711,211.968540252,0.0351071311802,211.967913631,211.964584485
2011-10-09 05:00:00,211.968375315,84.5699669108,0.0208111526498,215.037904786,74.6871587635,1.28755493904e-05,211.968528813,0.0150000642534,100.069764496,233.671722661,0.0200131608167,211.966972358,85.4738399476,0.019687334946,183.714814481,211.968493462,168.271065865,211.968559012,57.1836757156,0.0150000324731,52.2107369057,0.0345581231097,0.0150150902568,211.970318601,0.0150001112053,92.2111671436,211.968529042,0.0351481001775,211.968006016,211.964666654
2011-10-09 06:00:00,158.976628489,84.5699684671,0.0208049770126,215.037789371,74.6871578969,1.29901603479e-05,211.968515938,0.0150000692009,81.0565613346,233.671602143,0.0199946680825,211.966969557,85.4738399274,0.015122054524,183.714791835,171.694501159,92.206039414,211.968496005,57.1836671144,0.0150001438117,52.2107440052,0.0345600691727,0.0113341486891,211.968166626,0.0149994884626,92.2111174571,158.976503583,0.03506808072,211.967945885,211.964236149
2011-10-09 07:00:00,158.976378606,84.5699682892,0.0200196026385,174.180849475,74.6871492112,1.31693490503e-05,211.967778427,0.0149999709315,81.0565174876,211.968609186,0.0199613889353,211.966964316,85.4738274543,0.01507993132,148.809027441,171.694487755,92.2060281725,171.694551937,24.8748988529,0.0150005510213,52.2107484676,0.0345551446538,0.010876444338,171.695954576,0.0105508357864,92.206337855,158.976477118,0.0350177620082,211.96795971,191.592634995
2011-10-09 08:00:00,158.97635038,84.5699649478,0.0200067631905,174.180774131,60.4966022991,1.3348313744e-05,92.2063608406,0.0149999517388,81.0565139429,211.968571524,0.0199472055068,0.0100622169962,85.4736466494,0.014785394796,148.809008811,171.694484027,80.5414693446,171.694544526,0.0202474855948,0.0150003709448,52.2107375036,0.0345270617594,0.0108744943564,171.694419426,0.0100163858729,0.0158233785298,0.0150647452057,0.0349911816007,211.96781604,191.592528728
2011-10-09 09:00:00,158.976297159,84.5699593993,0.0200019277311,174.180775909,60.4965999776,1.34222702342e-05,92.2063273664,0.0149999359983,81.0565136038,211.968567149,0.0199166791228,0.0100510012946,64.1054308408,0.0100909019777,148.809009967,171.694482205,0.0150048654147,171.694540857,0.0200007917786,0.0150007973853,52.2107193885,0.0150363713675,0.0100021082842,0.0100533987934,0.0100144575926,0.0155875990927,0.0100872641113,0.0349462231396,211.96775324,191.592310067
2011-10-09 10:00:00,0.0150303651853,84.5699462776,0.0200002993989,174.194507047,60.4965984661,1.34739777428e-05,92.2063171855,0.0149999229157,81.056515056,211.968561373,0.019934520791,0.0100094374405,64.1053694782,0.0146731701641,148.809002392,171.694480842,0.0149984555378,171.694541885,0.0199985992935,0.0150013560107,52.210708641,0.0150088888365,0.0100006921881,0.0100466305929,0.0100012732623,0.0155697429158,0.010573211015,0.034893438504,211.967696256,158.973629303
2011-10-09 11:00:00,0.0149974148258,68.4644421525,0.0200017364594,215.036588826,60.4965965425,1.34419310488e-05,92.2063102268,0.0149999199548,81.0565259926,211.968558981,0.0199555103739,0.0100044504041,0.0100152605356,0.0150105110702,148.809002112,171.694479283,92.2060115644,171.694546418,0.0199863348946,0.0150026593776,52.2106504067,0.0150022171638,0.0100009895878,0.0100304412784,0.0100005075424,0.0155929164387,158.974337238,0.0315596118471,211.967669738,158.973565631
2011-10-09 12:00:00,0.01499746409,84.569935145,0.0200034297568,215.026627862,60.4965965478,1.34109983294e-05,92.2062579104,0.0149999452219,100.069762821,211.968586413,0.0199683090156,0.0100034479897,0.0100110574042,0.0150635158168,148.809003257,171.694480335,92.2060318724,171.694555397,0.0199968204787,0.0150046743621,22.7117644453,0.0150012968395,0.0100025966635,0.0101160442664,0.010000427888,0.0189091075969,158.976484791,0.0287910153938,211.967665144,158.973676702
2011-10-09 13:00:00,158.976292626,84.5699561067,0.0200020892139,215.037635337,60.4965934672,1.33802827632e-05,0.0199995955881,0.0149999304494,100.069765224,211.968874855,0.0199943523869,0.010004252433,64.1048053393,0.0150873063696,148.809026507,171.694483465,92.2060355307,211.968382904,0.0199990020488,0.0150055147825,0.0150162234825,0.0150009628108,0.0108732159675,171.695975006,0.0100006622431,0.0159307354458,158.976485081,0.0349168837462,211.967830186,191.592427967
2011-10-09 14:00:00,158.976358986,84.569961827,0.0200021227061,215.037862074,60.4965962814,1.33823116601e-05,0.0199877373726,0.0149999503993,100.069769419,233.671752072,0.0200038731149,0.0100105384024,64.1054329983,0.0151016104152,183.714712842,171.694488675,92.2060452269,211.968544552,0.020000607215,0.0150070448847,0.0150089582934,0.0150011305089,0.0108759883614,211.968452413,0.0100076303067,0.0180360221532,158.976510571,0.0351043431927,211.968171201,191.592702836
2011-10-09 15:00:00,211.967390877,84.5699572092,0.0200040145022,215.03791538,60.4965985883,1.34113015053e-05,0.0199934804211,0.0150000048409,100.069772519,233.671773582,0.0246309575315,0.0100524345909,85.4738040686,0.0154750039865,183.714794688,211.96849943,211.968314973,211.968563436,0.0202489633941,0.0150126892821,0.0150036540466,0.0150014845677,0.0109021026191,223.743826535,0.0100157134932,0.0199012788115,211.968534865,0.0352483201929,211.968606581,211.964702147
2011-10-09 16:00:00,211.968447399,36.7879778103,0.020009057913,215.037934496,74.6871516174,1.34745833311e-05,0.0199989646629,0.0150000980161,100.069771941,233.671778066,0.0246608219569,0.0100694763845,85.4738412628,92.2052372575,183.714800529,211.968503952,211.968358337,211.968569282,24.8748962904,0.0150225243487,0.0150017195294,0.015001609101,0.0149973395052,223.74402626,0.0100371210319,0.0199780666503,211.968556494,0.0352411440282,211.968684424,211.964770203
2011-10-09 17:00:00,211.968453989,36.7879352972,0.0204106472072,215.037938264,74.6871581188,1.3522190613e-05,0.0200065936168,0.0150002599136,100.069768119,233.671780408,0.0246645252835,211.967386752,85.4738427754,92.2052618551,183.714799793,211.968504626,211.968365548,211.968570116,24.8748963484,0.0150407217406,0.0150008736323,0.0150015812039,0.0149981896858,223.744053244,177.624881451,0.0197606648981,211.968563072,0.0351398111663,211.968552085,211.964701593
2011-10-09 18:00:00,211.96845589,36.7879243173,0.0207998765355,215.037935337,60.4966390166,1.34343696629e-05,0.0199715603503,0.0150007875825,100.06976346,233.671778658,0.0246638109338,211.967399486,85.4738422931,92.2052725324,183.71479668,211.96850493,211.968372687,211.968569737,24.8748961649,0.0150949585728,0.0150010106829,0.0150019152435,0.0149984227544,223.744060543,177.624882417,0.0188064568131,211.968568168,0.0351161164583,211.968275262,211.964513427
2011-10-09 19:00:00,211.968454953,0.0150439800969,0.0208000350428,215.037930368,74.6871141693,1.33055108332e-05,0.0155445603145,0.0150004644872,100.069718585,233.671773415,0.0246442169116,211.967401355,85.4738421596,92.2052771345,183.714792594,211.968504879,211.96837482,211.968569125,24.874895364,0.0150330648111,0.0150001745681,0.0150051467712,0.0149985203789,223.744062702,177.624882695,0.0152595058932,211.968567345,0.035067651902,211.967776293,191.593057717
2011-10-09 20:00:00,211.968455384,0.0150092971906,0.0207973355424,215.037921526,74.6871557082,1.3148008509e-05,0.0151101959833,0.0150003022908,81.0565172563,233.671773776,0.0207236924451,211.96740213,85.4738420989,92.2052821711,183.714783065,211.96850449,211.968376077,211.968567305,24.8748981299,0.0150119120923,0.0149997975738,0.0150181152251,0.0149985332426,223.744061364,177.624882829,0.0151996333412,211.968567149,0.0348297880445,211.966749511,191.592433741
2011-10-09 21:00:00,211.968454472,0.0150022278203,0.0207343090964,215.03790829,74.6871568558,1.2952088651e-05,0.0150354876561,0.0150001192742,81.056509372,233.671765993,0.0200574452249,211.967402311,85.4738415781,92.2052828751,183.714776597,211.968504205,211.968377716,211.968564676,24.8748989501,0.0150053884798,0.0149996671865,0.0150236885404,0.0149985032493,223.74405429,177.62488289,0.015111563092,211.968567251,0.0189031357297,92.2071957084,83.3428154288
2011-10-09 22:00:00,211.968454211,0.0150004151426,0.0200171278425,215.037894158,74.6871533249,1.26928889021e-05,0.0150184283841,0.0149999938513,81.0565065895,233.671752346,0.0200337168678,211.967402117,85.473841632,92.2052824259,183.71477847,211.968503704,211.968378616,211.96856236,24.8748991236,0.0150020166371,0.0149996575758,0.0150281842119,0.0149984645735,223.744044943,177.624882904,0.0150509419358,211.968568145,0.0153870803082,92.2061132344,83.3427581306
2011-10-09 23:00:00,211.968455223,0.014999678382,0.0200076133064,215.037885941,74.6871492079,1.25779721502e-05,0.0150138045986,0.0149999131118,81.0565047772,233.671737077,0.0200240161206,211.967401934,85.4738420084,92.2052834705,183.714765354,211.968502659,211.968379303,211.968559211,24.8748993965,0.0150004431773,0.0149997302557,0.0150326043843,0.014998429958,223.744037463,177.624882921,0.0150303104577,211.968566665,0.0152622017156,92.206055675,83.3427511603
2011-10-10 00:00:00,211.968456796,0.0149998828351,0.0200308207817,215.037882365,74.6871555835,1.25516220919e-05,0.0150135351575,0.0149998317046,81.0565042864,233.671731578,0.0200190860248,211.967401579,85.4738421184,92.2052824834,183.714744382,211.968501136,211.968379321,211.968557309,24.8748997136,0.0149995074588,0.0150009015127,0.0150339442586,0.0149984293679,223.744039848,177.624882918,0.0150332622477,211.968566369,0.0150849752377,92.2061088127,83.3427505088
2011-10-10 01:00:00,211.968457571,0.0149992643448,0.0200552874623,215.037878931,74.687146461,1.25555396487e-05,0.0150094038183,0.014999832854,81.0565025804,233.67168424,0.0200183199624,211.967401392,85.4738420437,92.2052844939,183.714747195,211.968499511,211.968379603,211.968556325,24.8749002158,0.0149992348192,0.0150034190803,0.0150390836161,0.0149984223648,223.744038541,177.62488294,0.0150239591393,211.96856803,0.0150401862194,92.2060616214,83.3427317065
2011-10-10 02:00:00,211.96845963,0.0149991687575,0.0200507122902,215.037879226,74.6871519921,1.25970876339e-05,0.0150076141146,0.0149998416198,81.0565010561,233.671678537,0.0200215862254,211.967400993,85.4738419856,92.2052868763,183.714754131,211.968499256,211.968380391,211.968556186,24.8749007406,0.0149990583638,0.0150531573971,0.0150569670163,0.0149984148851,223.744046768,177.624882981,0.0150224710267,211.968572237,0.0150459070308,92.2060100645,83.3427320913
2011-10-10 03:00:00,211.968470782,0.0149995378949,0.0200046427482,215.037882191,74.6871578632,1.27620169771e-05,0.0150061703196,0.0149998514946,81.0565030495,233.671733703,0.0200391545114,211.967400617,85.4738427045,92.2052898887,183.714771269,211.96850112,211.968381551,211.968557141,24.8749032407,0.0149990544573,52.2105582198,0.0332104712468,0.0149984451874,223.744061853,177.62488308,0.0150176737472,211.968578428,0.0150426664201,92.2061204917,83.3427809391
2011-10-10 04:00:00,211.968497403,0.0149998730625,0.0200032024151,215.037891723,74.6871598541,1.32005110072e-05,0.0150075849185,0.0149998825362,81.0565066481,233.671760028,0.0204342731097,211.967400257,85.4738432878,92.2052941398,183.714773607,211.968500967,211.968382881,211.968560689,30.7096447748,0.0149992210162,52.2106851089,0.0345395803525,0.014998541164,223.744089438,177.62488318,0.0150138322273,211.968588192,0.0150297806214,92.2061607001,83.3428775563
2011-10-10 05:00:00,211.968506474,0.0150000027699,0.0200071542962,215.037894229,74.6871604361,1.37197420628e-05,0.0150104663361,0.0149999772604,81.0565071116,233.671765172,0.024126597874,211.967400094,85.4738443564,92.2052952531,183.714764222,211.96850013,211.96838306,211.968563375,30.7096541994,0.0150001287044,52.2106899321,0.0345528610701,0.0149985193197,223.744095788,177.624883112,0.0150122065858,211.968591436,0.015015879716,92.2061830109,83.3430232836
2011-10-10 06:00:00,211.96850589,0.0150006264092,0.0200229963586,215.037481758,74.6871602194,1.38385935542e-05,0.0150112892325,0.015000047301,81.0564981727,233.671693535,0.0246569203676,211.967399122,85.4738450454,74.6863205124,0.0200279784531,211.968497316,171.69439629,211.96844434,30.7096483599,0.0150024143442,52.2106915962,0.0345480560825,0.0149971520524,223.744084983,177.62488273,0.0150066143616,211.968537387,0.0150122063498,92.2060596197,83.3427816641
2011-10-10 07:00:00,211.968506456,0.015000786117,0.0200111034872,174.180681078,74.687158803,1.3861503208e-05,0.015009004844,0.0150000425321,0.0203537832614,211.968575125,0.0204333053319,211.967396704,85.4738449047,74.6862855172,0.020008845767,211.968495486,171.694389771,171.694543904,24.8749051923,0.0150071205463,52.2106866617,0.0345385841678,0.0121483830579,223.744085983,177.62485463,0.0150070033721,211.968420991,0.0150101189492,92.2058536722,83.3427344029
2011-10-10 08:00:00,211.968506549,0.0150009798043,0.0200079241247,174.180650267,74.6871560044,1.38107310707e-05,0.0150070666117,0.0150000524979,0.020029078815,211.96853582,0.020082492199,92.2064846873,85.4738450636,74.6862692601,0.0200005904878,211.968490803,171.694386546,171.694538026,24.8749001574,0.0150150869639,52.2106820827,0.0345146923409,0.0121467322643,223.744051805,133.218694567,0.0150040582049,171.694592429,0.01501137064,74.6877094278,83.3421061534
2011-10-10 09:00:00,211.968504637,0.0150010912974,0.0200054478725,161.278862376,60.4966049546,1.3736014709e-05,0.0150047846765,0.0150000561694,0.0200037933193,211.968493038,0.020039339822,92.2064734107,85.4738449293,69.207437048,0.0199808771187,211.968481116,171.694382438,171.694530875,24.8748992659,0.0150291096311,52.2106816074,0.0337855021342,0.0100043966709,223.743945204,133.218692791,0.0150031754198,171.694573419,0.0150113383614,74.687177035,0.0207285512778
2011-10-10 10:00:00,211.968493261,0.0150015502369,0.0200033613664,161.278210577,60.4965996477,1.36977394572e-05,0.0150022482034,0.0150000289854,0.0200000096198,211.967724545,0.0200202808631,92.206314904,85.4738437338,69.1621953322,0.0198976050929,211.96839854,171.694381264,171.694517285,24.8748966123,0.0150427457746,52.2106788576,0.0150716524004,0.0100006146985,211.967561668,0.010108063596,0.0150015097335,171.694571068,0.0150140646872,74.6871957884,0.0204289796523
2011-10-10 11:00:00,211.96848251,0.015002619469,0.0200022509453,161.278877652,60.4965971052,1.37168346994e-05,0.0150009438211,0.0150000249184,0.0199988832101,211.968511183,0.0200189953351,0.0100095487592,85.473843248,74.6862650257,0.0199615316006,211.968448864,171.6943862,171.694509651,24.8748925171,0.0150401288826,52.2106785074,0.0150359493371,0.0100006799851,181.232731876,0.0100016035601,0.0150020475318,171.694570335,0.0150148835483,74.6873134796,0.0204625795247
2011-10-10 12:00:00,211.968483017,0.015005741816,0.0200051644312,174.180656684,56.0158375079,1.36988633849e-05,0.0150006804767,0.0149999895045,0.0200008032813,211.968557194,0.0200263259142,0.0100063681837,85.4738410433,74.6862896419,0.0199962154758,211.968465056,171.694390147,171.694530093,24.8748923532,0.0150304778206,52.2106808198,0.0150269193894,0.0100022355889,211.938967636,0.0100015993609,0.0150030915033,171.694574665,0.0150103800392,74.6870646858,0.0215862648238
2011-10-10 13:00:00,211.96848313,0.0150180527212,0.0200068966206,174.180679714,56.0158341769,1.36471175305e-05,0.0150017355844,0.0149999820784,0.0200008524857,233.671735908,0.0200417195126,0.0100125408879,85.4738411448,74.686303317,0.0200064350521,211.968446102,171.694394183,171.694539882,24.8748300012,0.0150361924919,52.2106802887,0.0150123515438,0.0121453346328,223.744030358,0.0100046323816,0.0150043939831,171.694600425,0.0150127525128,92.2031595325,0.0260669482123
2011-10-10 14:00:00,211.968478929,0.0154690517828,0.0200093955693,174.180697892,60.4965973619,1.3624639077e-05,0.0150037112276,0.0150000343719,0.0200026654684,233.671766976,0.0246493452696,92.2064217083,85.4738412938,74.6863615678,0.0200370160787,211.968401875,171.694415014,171.694561272,24.8748227977,0.0151359878594,52.2106813248,0.0150077719442,0.0121481144509,223.744030488,133.218691466,0.0150063118341,211.968551241,0.0150174193481,92.2058359189,0.0265716751298
2011-10-10 15:00:00,211.968487627,36.7879215676,0.0200124817633,215.037857455,60.4966187385,1.35970532709e-05,0.0150080763548,0.0150001408403,0.0200078086643,233.671778343,0.0247145097453,92.2064758734,85.4738422492,226.165813055,0.0246981236609,211.968306857,211.968548995,211.968565602,24.8748886538,0.0154532389991,52.2106811099,0.0150075526162,0.0149997884635,223.744079832,133.218694491,0.0150099611935,211.968602222,0.0150204749221,92.2058845979,0.0267774851041
2011-10-10 16:00:00,211.968494897,36.7879302146,0.0200149960481,215.037898621,74.6871620858,1.36466989876e-05,0.0150124281443,0.0150003011033,0.020005386835,233.671781349,0.0247228740491,92.2064996105,85.4738441335,226.165849816,0.024700992323,211.968241907,211.968555404,211.968576823,24.874897462,0.0155361899388,52.2106787146,0.0150079158084,0.0198024777905,223.744100214,177.624581477,0.0150154625884,211.968613248,0.0150210305594,92.2056924547,0.0267656494009
2011-10-10 17:00:00,211.968484686,36.7879323715,0.0207796932488,215.037905473,74.6871661634,1.38048878926e-05,0.0150242344639,0.0150005328718,0.020003045882,233.671782876,0.0247246543516,211.967450913,85.4738446707,226.165858255,0.0247016923362,211.960357453,211.968557604,211.968579797,24.8748988949,0.0153336855354,52.2106729265,0.0150080670735,0.0198031421806,223.744102603,177.624945008,0.0150196873606,211.968616725,0.0150187766271,92.2047015193,0.0259109349122
2011-10-10 18:00:00,211.968476243,36.7879347016,0.0208047571016,215.0379069,74.6871643359,1.37490313732e-05,0.0150111389409,0.0150004390355,0.0200008388914,233.671780537,0.0247210953802,211.967458438,85.4738441296,226.165860606,0.0247015291907,211.966122122,211.968558286,211.968580602,24.8748989049,0.0150212289424,22.7118150888,0.0150093339992,0.0198032686096,223.74409992,177.624945606,0.0150144026944,211.968617761,0.0150136968246,0.0153333277199,0.0201077175349
2011-10-10 19:00:00,211.968470036,36.787935635,0.0208054728032,215.037905346,74.6871632668,1.3582250565e-05,0.0150086994642,0.015000265203,0.0199996000972,233.671774904,0.0247186100331,211.967459557,85.4738437856,226.165860333,0.0247006048257,0.0160432023879,211.968558205,211.968580432,24.8748981409,0.0150096155432,0.0150495890228,0.0150093397836,0.0198033156173,223.744093417,177.624945695,0.0150132759025,211.968615293,0.0150169334033,0.0150685297528,0.0200097089181
2011-10-10 20:00:00,211.96846747,36.7879380639,0.0208044479752,215.037901632,74.6871644065,1.33586201888e-05,0.0150092711341,0.015000162076,0.019998483431,233.671772385,0.0247117395953,211.967459996,85.4738434281,226.165859847,0.0246996361021,0.0150681723376,211.96855794,211.968579095,24.8748968621,0.0150067513619,0.0150055435796,0.0150085415623,0.019803288846,223.744083633,177.624945699,0.0150113075531,211.968611769,0.0150607441772,0.0150452072269,0.019971559224
2011-10-10 21:00:00,211.968459572,36.7879405724,0.0208034209775,215.037896042,74.6871643792,1.31224111367e-05,0.0150114134835,0.0150000942179,0.019998205213,233.671766999,0.0246915622384,211.967460047,85.4738428268,226.16585697,0.0246984027825,0.0150301950983,211.968557785,211.968575436,24.8748874318,0.0150040163941,0.01500236516,0.0150047641402,0.0198032368166,223.744074466,177.624945691,0.0150114634444,211.96860403,0.0151976320361,0.0150261162334,0.0199478661449
2011-10-10 22:00:00,211.968450648,36.7879429355,0.0208003983947,215.03788804,74.6871626667,1.28976255343e-05,0.0150107662803,0.0150000000081,0.0199981361179,233.671751783,0.0246808990341,211.967459552,85.4738426799,226.165852666,0.024696644126,0.0150198884803,211.968556722,211.968569765,24.8748821556,0.0150021833301,0.0150011640825,0.0150035283836,0.0198031933173,223.744065376,177.624945657,0.0150098953197,211.968599601,0.0152810488025,0.0150263291279,0.019929754585
2011-10-10 23:00:00,211.96843258,36.7879481497,0.0207907969249,215.037883193,74.6871628109,1.27857576977e-05,0.0150094142309,0.0149999335454,0.0199985228531,233.671730188,0.0246709535481,211.967459106,85.4738421655,226.165851638,0.0246949554912,0.0150150351784,211.96855551,211.968565044,24.874891322,0.0150011395905,0.0150006064644,0.0150034598348,0.0198031570079,223.744054664,177.624945634,0.015010153495,211.968592037,0.0154358715289,0.0150173504273,0.0199101909858
2011-10-11 00:00:00,211.968416172,36.7879488619,0.0200504543418,215.037879452,74.6871619971,1.27320831985e-05,0.0150046427234,0.0149999041347,0.0199983300552,233.671717345,0.0246837257878,211.967458736,85.4738420073,226.165850313,0.024694840596,0.0150132328126,211.968553074,211.968561142,24.8748867744,0.0150005308735,0.0150015894661,0.0150048888014,0.01980301288,223.744047918,177.624945622,0.0150039586186,211.968587101,0.0154413505574,0.015012905446,0.0198980595722
2011-10-11 01:00:00,211.96836819,84.5698768359,0.0200151666862,215.037879118,74.6871620114,1.27364017898e-05,0.0150050486204,0.0149998862665,0.0199997547626,233.671705642,0.0247009694531,211.967458418,85.473841993,226.165848658,0.0246948825852,0.0150110407638,211.968553925,211.96855979,24.874896029,0.0150005411758,0.0150013267884,0.015006629879,0.0198029731727,223.744047896,177.624945619,0.0150067830677,211.96859026,0.0188461793646,0.0150137506096,0.0198995349643
2011-10-11 02:00:00,211.968404953,84.5699554069,0.0200089057883,215.037880865,74.6871622438,1.27859049758e-05,0.0150053352477,0.0149998737935,0.0200021219841,233.67172155,0.0247070576897,211.967457949,85.4738417249,226.16584791,0.024696956068,0.0150106541333,211.968555523,211.968559771,24.8748989583,0.0150009579787,0.0150012626478,0.0150128550701,0.0198029512836,223.744047056,177.624945615,0.0150123566093,211.968596217,0.0213377293095,0.0150066539701,0.0199393969705
2011-10-11 03:00:00,211.968452644,84.5699636486,0.0200091669532,215.037883547,74.6871633104,1.29359753371e-05,0.015005668801,0.014999871192,0.02000763717,233.671746132,0.0247146834351,211.967457513,85.4738423828,226.16584714,0.0246986575209,0.0150123396738,211.968557571,211.968562014,24.8748999876,0.0150025732223,0.0150025953111,0.0150152088681,0.0198029688944,223.744050704,177.624945686,0.0150111999484,211.968604819,0.0348405965564,0.0150349341466,0.0199864327811
2011-10-11 04:00:00,211.968468183,84.56996772,0.0200195977243,215.0378932,74.6871675146,1.33748819992e-05,0.0150076250693,0.0149998893829,0.0246757812982,233.671763623,0.0247187075726,211.967457111,85.4738437784,226.165851794,0.0247000990948,0.0150130152147,211.968559821,211.968571655,24.8749013113,0.0150060935663,0.0150209042158,0.0150239078629,0.0198030284909,223.744060079,177.624945781,0.015011362676,211.96861955,0.034378331019,0.0150425384584,0.02002078633
2011-10-11 05:00:00,211.968469632,84.5699671087,0.020167479156,215.037899656,74.6871686076,1.38534440236e-05,0.0150122865724,0.0149999781419,0.0246854749305,233.671768871,0.0247181876983,211.967456696,85.4738449002,226.165851467,0.0246978322216,0.0150121800504,211.968560097,211.968578889,24.8749025423,0.0150165258753,22.7118834042,0.0150273001233,0.0198028765244,223.744050228,177.624945691,0.0150120799059,211.968622953,0.0188220271236,0.0150572672593,0.0200535171106
2011-10-11 06:00:00,211.968444292,84.5699668608,0.0207836757116,215.037863905,74.6871689291,1.39185842909e-05,0.0150206804304,0.0150001312528,0.0246472456466,233.669742468,0.0200406186139,211.967455798,85.4738452859,226.165740338,0.0200120966316,0.0150091668067,211.968553769,211.968524735,24.8749007887,0.0150597658352,52.210650868,0.0150202846753,0.0197932788354,211.968851112,177.624945259,0.0150098727622,211.968578283,0.0152877595036,0.0150262338622,0.0200015277113
2011-10-11 07:00:00,171.694442179,84.5699634025,0.0207931597063,215.037805132,74.6871625257,1.39027238402e-05,0.0150153516209,0.0150001672392,0.0238038858868,211.968556068,0.0200267285569,211.967453522,85.4738036704,183.194362287,0.0200069424652,0.0150056813446,211.967420751,211.968006523,24.8748991306,0.0155971270229,22.711824054,0.0150082309914,0.0149759284357,181.232529863,177.624929331,0.0150090191052,211.968504377,0.0150513881895,0.0150194563819,0.019981708947
2011-10-11 08:00:00,171.694423383,84.5699566509,0.0207967257353,174.180879348,74.6871607743,1.37967319236e-05,0.0150149421029,0.0150001350343,0.020031384914,211.968523061,0.0200202430719,158.975517284,64.1054061657,183.194329108,0.0200009478478,0.0150048876175,171.694538623,171.694785945,24.8748981136,0.0156222680596,0.0150212317919,0.0150035325406,0.0149736118923,181.232487686,143.8761754,0.0150101119821,211.968485707,0.015000984845,0.0150000491739,0.019865061926
2011-10-11 09:00:00,158.976481961,36.7879558695,0.0208011561696,174.180709362,60.4966110216,1.37017794871e-05,0.0150171411887,0.0150001143405,0.0200289097505,189.274179233,0.0200116664353,158.97550554,64.1053652582,183.194231013,0.0199874649199,0.0150043139644,171.694534588,171.694573266,24.874895223,0.0156455980186,0.0150105130577,0.015002676802,0.0100024026948,181.232437335,143.876173688,0.0150121505309,171.694604016,0.0149950381439,0.0149914333307,0.0196908758535
2011-10-11 10:00:00,158.976384963,36.7879397441,0.020804208136,174.180689324,60.496605737,1.36368896759e-05,0.0150188110354,0.0150000812822,0.0200428547655,189.274151032,0.020000167814,158.975399776,0.0100796227155,0.0100332162648,0.0199712950811,0.0150042426514,171.69453307,171.694562998,24.874822908,0.0156775875511,0.0150065921988,0.0150023125351,0.0100005663519,167.811429796,77.2668320413,0.0150107670548,171.694598384,0.014996789211,0.0149909746156,0.0193449007337
2011-10-11 11:00:00,0.0150313485289,36.7879356543,0.0208060061915,174.180677511,60.4966009298,1.35962287509e-05,0.0150250277317,0.0150000914961,0.020320522559,189.274147154,0.0199961442144,0.0100144355938,0.0100296392939,0.0100411149011,0.019991907705,0.0150045749811,171.694534159,171.694560464,24.8748205769,0.015713467829,0.0150055660786,0.015002247438,0.0100005054762,167.809650308,0.01000169775,0.0150131891437,171.694608649,0.0150016982449,0.0149927308407,0.0151308408266
2011-10-11 12:00:00,0.0151685251202,36.7879335424,0.0208052792971,174.180683865,56.0162034205,1.35525433278e-05,0.0150305921264,0.015000046283,0.0246828263469,189.274146868,0.0199984366503,0.0100064823191,0.010046085038,98.382075497,0.0200049423254,0.0150058865964,171.694536579,171.694562077,24.8748254241,0.0156977409991,0.0150071692141,0.0150022987851,0.010001344545,181.232081122,0.0100012079979,0.0150083882176,211.968461312,0.0150036991725,0.0149995250816,0.0197183788021
2011-10-11 13:00:00,158.97641272,36.787935749,0.0208021871655,174.180709172,56.0166848824,1.36162183692e-05,0.0150842129615,0.0150000787506,0.0246254279858,189.274156311,0.0200112398744,0.0100188252969,64.1053575652,183.19431381,0.0200175205914,0.0150063343526,171.694539286,211.968453855,24.874825846,0.016102397186,0.0150853594642,0.0150021767295,0.0149722291968,181.232478609,0.0100064554053,0.0150145290255,211.968543182,0.0150136260106,0.0150444276819,0.0199118613777
2011-10-11 14:00:00,171.694431407,36.7879478241,0.0208020271065,174.18074134,60.4966075523,1.35564507004e-05,0.0199698937061,0.0150002341862,0.0217962721459,211.968573204,0.0200375103976,158.975445881,64.1054097833,183.194340719,183.714776247,0.015008698145,211.968482774,211.968562718,24.8748901147,0.0389391878385,52.2106179066,0.0150025354686,0.0149760693792,181.232505812,143.87617192,0.0150236683611,211.968587663,0.0152694601455,92.2061689326,0.0202475058258
2011-10-11 15:00:00,211.968458509,84.569908962,0.0208034727992,215.037871629,74.6871609154,1.35490035799e-05,0.0199925818046,0.0150020593911,0.0246853842154,233.671773344,0.0247735928983,158.975507403,85.4738147004,226.165844719,183.714840073,0.0150127414667,211.968558106,211.968580692,24.8748993537,0.0394778273086,52.2106448217,0.0150052306691,211.968424874,223.743193313,143.87617504,0.0150176505977,211.968622277,0.0154294444686,211.96762212,83.3319372251
2011-10-11 16:00:00,211.968478,84.569948423,0.0208046376287,215.037899868,171.694549423,1.36209170742e-05,0.0200014158972,0.0150073266402,0.0246890346907,233.671776602,0.0247905254063,158.975529901,85.4738429879,226.165870149,183.714846283,0.0150167726967,211.968560249,211.968585403,24.8749006492,0.0395771014182,52.2106461036,0.0150075904401,211.968553571,223.743834263,177.624825616,0.0150212009988,211.968628798,0.0162998532131,211.967842358,83.332091547
2011-10-11 17:00:00,211.968478193,84.5699494793,0.0208061329382,215.037903313,171.694564214,1.37950522764e-05,0.0200147230142,0.0202627963856,0.0246900470394,233.671778401,0.0247941587717,211.967463619,85.4738442961,226.165876332,183.714848477,0.0150150874545,211.968560631,211.968586313,24.8749009406,0.039608149041,52.2106444023,0.0150067146204,211.968554155,223.743840385,177.624937773,0.0150342597459,211.968628789,0.0342555258042,211.967844404,83.3321033703
2011-10-11 18:00:00,211.968477476,84.5699508598,0.0208079301761,215.03790145,171.694562369,1.37373755777e-05,0.0199962935726,0.0150317622347,0.0246890001819,233.671777384,0.0247944647582,211.967470187,85.4738439973,226.165877432,183.714849187,0.0150167431149,211.968560456,211.968585974,24.8749001737,0.039619220089,52.2106464628,0.0150038217702,211.968554267,223.743841604,177.62493825,0.0150258708163,211.968628663,0.0350150989927,211.967848268,83.3321372598
2011-10-11 19:00:00,211.968474741,84.569945382,0.0208067244383,215.03789808,171.694563608,1.35862084076e-05,0.0199966799258,0.0344859340168,0.0246880501666,233.671775665,0.0247938048934,211.967471196,85.4738436786,226.165876659,183.714849459,0.0150128377198,211.968559642,211.968584508,24.87489928,0.0396358165849,52.2106401915,0.0150045391035,211.96855429,223.743840054,177.624938322,0.0150389831474,211.968624412,0.0350716159828,211.967691964,83.3319952262
2011-10-11 20:00:00,211.968472812,84.5699483664,0.0208048706026,215.03789342,171.69456591,1.33679240391e-05,0.0200049810632,0.0344963640006,0.0246837634173,233.671773895,0.0247931772522,211.967471643,85.4738432295,226.165875647,183.71484908,0.0150108880459,211.968558471,211.968581992,24.8748973772,0.0395996002379,52.2106253345,0.0150039919938,211.968554227,223.743837956,177.624938329,0.0150679446574,211.968617306,0.0350838675344,211.967447653,83.3318115119
2011-10-11 21:00:00,211.968463322,84.5699058499,0.0208038133151,215.037888974,171.694566322,1.3112041126e-05,0.0200149622272,0.0344958821163,0.024629121274,233.671770274,0.0247906684844,211.967471555,85.4738423879,226.165872804,183.714847783,0.0150104459685,211.968557682,211.968578619,24.8748658334,0.0186988257223,52.2105862557,0.0150030532179,211.968554149,223.743834469,177.624938313,0.0151210168495,211.968611096,0.0350780873587,211.966498494,62.5017461856
2011-10-11 22:00:00,211.96845103,36.788257034,0.0208041404396,215.037880579,171.694565552,1.28874155962e-05,0.020027407483,0.0344887811749,0.0200111544311,233.671764984,0.0247877216548,211.967470927,85.4738425206,226.165868755,183.714846449,0.0150109263775,211.968556071,211.968572872,24.8748363604,0.0172815971571,52.2080120347,0.0150021972871,211.968554053,223.743829277,177.624938278,0.0152191434257,211.968598376,0.0350742963502,171.693960256,62.4992135201
2011-10-11 23:00:00,211.968416221,36.7879720058,0.0208070829739,215.037873905,171.694565835,1.27339878376e-05,0.0201076529736,0.0201447045453,0.0200029147749,233.671756779,0.0247842368019,211.967470545,85.4738421847,226.165867169,183.714845778,0.0150118049502,211.968554515,211.968566052,24.8748371814,0.0172640113726,22.7118817765,0.015001465221,211.96855399,223.743824994,177.624938229,0.0154245087464,211.968584347,0.0350745920851,171.694230599,62.4991028916
2011-10-12 00:00:00,211.968404082,36.7879411053,0.0478156566626,215.037869453,171.694562744,1.26789321194e-05,0.020564351515,0.0150148686316,0.0200038873139,233.671752674,0.0247775138839,211.967470142,85.4738419787,226.165866267,183.714844044,0.0150139706873,211.968553399,211.968562028,24.8748680268,0.0172744634756,39.1565327366,0.0150005037842,211.968553882,223.743821107,177.624938148,0.0155513400284,211.968584538,0.035095070456,171.693629531,83.3313149906
2011-10-12 01:00:00,211.968257428,36.7879476532,0.0478228359954,215.037866136,171.694558313,1.26869050901e-05,0.0257134680383,0.0150142911685,0.0200014807446,233.671748161,0.0247818607793,211.967469747,85.4738416142,226.165864939,183.714845653,0.0150153516472,211.968552248,211.968560073,24.8748938291,0.0172727412514,22.7118008033,0.015000463562,211.968553852,223.743822673,177.624938088,0.0160101638401,211.968572241,0.0351078091634,171.694620579,83.3287697091
2011-10-12 02:00:00,211.96835954,36.7879765682,0.0478248086352,215.037863652,171.694556265,1.27656071668e-05,92.2062509263,0.0150093602809,0.020000239006,233.671746239,0.0247847219901,211.967469289,85.4738412845,226.165863824,183.714846895,0.0150221639393,211.968550614,211.968559794,24.8748980431,0.017270852564,22.7117264462,0.0150006063167,211.968553813,223.743822005,177.624937997,0.0204404883608,211.968565046,0.0351193547028,171.694136269,83.3299925042
2011-10-12 03:00:00,211.968451656,84.5699448001,0.0478286618145,215.037863181,171.694562839,1.29407431529e-05,92.2062711937,0.0150083596329,0.0200002322166,233.671745659,0.0247895004986,211.967468926,85.4738418676,226.165861749,183.714848208,0.0151825843707,211.968549874,211.968561405,24.8749000244,0.0172855679364,22.7118474778,0.0150008748589,211.968553793,223.743825732,177.624937877,92.2056412619,211.968568878,0.0351371889112,211.967117557,83.3318479101
2011-10-12 04:00:00,211.968470066,84.5699575512,0.0478321703779,215.037863078,171.694566857,1.33385120202e-05,92.206306579,0.0150081827571,0.0200022503653,233.671748954,0.0247923431777,211.967468533,85.4738430714,226.165863514,183.714848994,211.96843534,211.968550181,211.968567454,24.8749035981,0.0173076035379,52.2106202977,0.01500177171,211.968553827,223.743833694,177.624937744,92.2066082941,211.968590787,0.0351558578166,211.967505701,83.331916732
2011-10-12 05:00:00,211.968472457,84.5699572474,211.968178854,215.037852269,171.69456778,1.38358796878e-05,92.2063171038,0.0150102781663,0.020002126585,211.968599623,0.0247894779483,211.967468406,85.4738443984,226.165858454,183.71484753,211.968557562,211.968546306,211.968572963,30.7097544596,0.0173685575492,52.2106296965,0.0150030003778,211.968553641,223.743832897,177.624937445,122.939487573,211.968589896,0.0351519792634,211.967296028,83.3319127428
2011-10-12 06:00:00,211.968382673,84.5698115865,211.968552388,161.278720045,171.694570078,1.39379893712e-05,113.83494165,0.0344967569366,0.0199958782638,189.27411384,0.0200443029077,211.967467603,85.473844832,183.194328768,183.714832306,211.968665593,171.694518505,211.968537485,33.1650963082,0.800714871251,52.210626481,0.0150034826342,211.968545852,181.232674003,177.624936718,122.940152495,211.968531194,0.035086581319,171.692982926,62.4988235686
2011-10-12 07:00:00,171.694458815,36.7879425257,211.968561728,161.278602867,171.694559867,1.38969085222e-05,113.834942651,0.034495435644,0.0199910218927,189.274106624,0.0200165281487,211.967465332,85.4737989329,183.194281784,148.809083957,211.968678904,171.694504683,171.694556486,30.7097473324,158.974114089,52.210600365,0.0150027416771,158.976387664,181.232501074,0.0149872430408,122.940551863,211.968355735,0.0348855682803,171.690859216,62.4983971662
2011-10-12 08:00:00,171.694456831,36.7879369879,211.968562121,161.278082522,139.072603747,1.3791806414e-05,92.2063190453,0.0343840121588,0.0199880582428,189.274103685,0.0194817027247,158.97569494,64.1054160138,169.624457326,148.809030259,211.968684797,0.0150370239246,171.694546769,24.8750916143,158.974148031,22.7118082422,0.0150026376917,158.976384912,181.232479971,0.0100252485801,92.2142985762,211.968455934,0.028493839618,92.2059223052,0.020022515252
2011-10-12 09:00:00,171.6944528,36.7879336322,211.96856171,0.0100321860737,139.072598439,1.37128632208e-05,92.2063203119,0.0344814559695,0.0199883430444,189.274091741,0.0100185665077,158.975683688,64.1053717287,0.0100425648227,148.809026573,211.96868772,0.0149857770291,171.694525626,24.874908565,158.974181102,0.0150129061128,0.015002486828,0.0100026115938,181.232387708,0.0100233553799,92.2060191141,211.968499225,0.0159496280323,92.2020289084,0.0199724424137
2011-10-12 10:00:00,171.69444595,36.7879320718,211.968560375,0.010019311802,139.072591604,1.36038704608e-05,92.2063199934,0.0344903774417,0.0199897071344,189.274084108,0.0100139018425,158.975567633,0.0101223853678,0.0100228263472,148.809023218,211.968642854,0.0149619289875,0.0100254575558,24.8749065151,158.974224861,0.0150037486145,0.0150024077258,0.0100005876931,167.806400664,0.0100038170666,92.2060370242,211.9685308,0.0153626506715,0.015389778943,0.0199306729399
2011-10-12 11:00:00,171.694434929,36.787933096,211.968561039,0.0100247430931,128.7709772,1.35280988865e-05,92.2063288703,0.034496214433,0.019992192097,189.27409829,0.0100340533681,0.010025519028,0.0100237777798,0.0100340851281,148.809026467,211.968650098,171.694445867,171.694414539,24.8749077138,158.974215447,0.0150025425242,0.0150026185868,0.0100006020326,167.810192617,0.0100013013271,92.2063294232,211.968543509,0.0153699551191,92.2053432225,0.0199216235684
2011-10-12 12:00:00,171.694451258,36.787942206,211.968559538,0.0101524772119,128.770987729,1.35142591858e-05,211.968517428,0.0344982925954,0.0199957186968,189.274102752,0.0199404091521,0.0100085490264,0.0100394812337,169.624338067,148.809028274,211.968691745,171.694515134,171.694542019,24.8749023218,158.974264701,0.015003564124,0.0150032088473,0.0100017157208,181.232461834,0.0100012224648,122.942630091,211.968498546,0.017472146352,92.2060631824,0.0200121229904
2011-10-12 13:00:00,171.694465117,36.7879472823,211.968553212,161.278604904,128.771006823,1.34640054859e-05,211.968522032,0.0344995204986,0.0199967854984,189.274110679,0.0200316765605,0.0100295499534,64.1053581912,183.194285466,148.809032027,211.968698174,171.694525166,171.694553309,24.8749043852,158.97491098,22.7117498503,0.0150048434496,158.976384092,181.232501639,0.0100013629406,92.2081735967,211.968248865,0.0344629405527,171.692123193,62.4984597972
2011-10-12 14:00:00,211.968407327,45.4166054001,211.96855188,161.278649904,139.072598407,1.34667112905e-05,211.968525021,0.0345013012546,0.0200088666776,211.968543568,0.0248032309478,158.975634264,64.1054214898,183.194349754,183.714819637,211.968700679,211.968521562,211.968530393,57.1825522173,158.974186587,52.2105961452,0.0150183051721,158.97638771,181.232570641,0.0100208319823,92.2080005935,211.96855404,0.0351123394449,211.967569081,83.3421437193
2011-10-12 15:00:00,211.968492201,84.5699367438,211.96855614,215.037844282,171.693100312,1.34714629088e-05,211.968537743,211.968357034,81.0564930551,233.671730901,211.968501395,158.975685771,85.4738245134,226.165858202,183.714847803,211.968702345,211.96854166,211.968568205,57.1836801802,211.96840874,52.2106120081,0.0150353519873,211.968538946,223.744051314,0.0100249122694,211.967654795,211.968617049,0.035177378976,211.96796909,83.3427377843
2011-10-12 16:00:00,211.968512801,84.5699365471,211.968550474,215.037911781,171.694622773,1.36062829151e-05,211.968542527,211.968540644,81.0565006481,233.671734107,211.968528124,158.975707728,85.4738444253,226.165878335,183.714849604,211.968703166,211.968544604,211.968578716,57.1836824815,211.968542443,52.2106121666,0.0150406344944,211.968554451,223.744104506,0.0100916060465,211.968264615,211.968625498,0.0351982124341,211.968047861,83.3427785272
2011-10-12 17:00:00,211.968513171,36.787973354,211.968545063,215.03792739,171.694625134,1.3726640276e-05,211.968545654,211.968547244,81.0565028233,233.671735934,211.968534009,211.96747387,85.4738452934,226.165884295,183.714849999,211.968703112,211.968545837,211.968580556,57.183686608,211.968555366,52.2106121344,0.0150497753745,211.968554892,223.744117789,177.624931335,211.968395874,211.968626223,0.0351769010447,211.967995594,83.3427860798
2011-10-12 18:00:00,211.968510296,36.7879410395,211.968524856,215.037931146,171.694625054,1.36975533882e-05,211.968548531,211.968547631,81.0565025289,233.671735699,211.9685341,211.96747957,85.4738449771,226.165885508,183.714849317,211.968702911,211.968546775,211.968580817,57.1836977443,211.968575292,52.2106113334,0.0153341870989,211.968554961,223.744121709,177.624932046,211.968392158,211.968623936,0.0351586665065,211.967828375,83.3427728312
2011-10-12 19:00:00,211.968504252,36.7879360047,211.968439451,215.037931455,171.694624923,1.36105869665e-05,211.968547974,211.968547078,81.0565022482,233.671734869,211.968532095,211.967480527,85.4738447653,226.165886235,183.714848049,211.968702332,211.968547047,211.968580592,57.1836857199,211.968567504,52.2105987326,0.034475924807,211.968554949,223.744117675,177.624932238,211.9684176,211.968619409,0.0351347662331,211.967613431,83.3427452525
2011-10-12 20:00:00,211.968499612,36.7879321876,0.0479110111626,215.037926653,171.694625471,1.34234801991e-05,211.968549352,211.968542959,81.0565006401,233.671734154,211.968529968,211.967480879,85.473844473,226.165886374,183.714845653,211.968701778,211.968546801,211.968578525,57.1836848673,211.968553392,22.7118580169,0.0345230774358,211.968554858,223.744112752,177.624932293,211.968481145,211.968613891,0.0350938148781,211.967530391,83.3427155771
2011-10-12 21:00:00,211.968493745,36.7879183711,0.0478514032242,215.037917828,171.694625881,1.3121957728e-05,211.968550112,211.968525902,81.0565002264,233.671731866,211.968526545,211.967480707,85.4738438457,226.165883592,183.71484529,211.96870135,211.968546607,211.968573812,57.1836809163,211.9685363,22.7117214655,0.0345065796368,211.968554762,223.744105011,177.624932283,211.968525552,211.968607042,0.0349852195752,211.966904933,83.3426683559
2011-10-12 22:00:00,211.968491102,0.0150521854801,0.0478383164253,215.037907767,171.694625794,1.29463972254e-05,211.96854882,211.966775158,81.0565009078,233.671727958,211.96852279,211.967480136,85.4738436721,226.165879282,183.714841753,211.968701169,211.968545891,211.968568432,57.1836801469,211.968499266,0.015026948634,0.0344868531668,211.968554628,223.744094023,177.624932263,211.968545761,211.968601689,0.0344491457143,92.2100925096,83.3425909573
2011-10-12 23:00:00,211.968489079,0.0150132069225,0.0478346379188,215.03789913,171.694625973,1.28352467712e-05,211.968546959,0.0349040160431,81.0565009682,233.671724746,211.968519174,211.967479863,85.4738435766,226.16587563,183.714834141,211.96870072,211.96854512,211.96856277,57.1836799205,211.968349768,0.0150158698001,0.034445011909,211.968554493,223.744086503,177.624932237,211.968554549,211.968593797,0.0159327986177,92.2067198594,83.3424211302
2011-10-13 00:00:00,211.96848825,0.015012968458,0.0478363071363,215.037895161,171.694625767,1.2831603374e-05,211.968544232,0.0346463347397,81.0565017581,233.671722748,211.968514289,211.96747942,85.4738433671,226.165872033,183.714827073,211.968699579,211.968544086,211.968559817,57.1836794418,171.704491156,0.0150655614117,0.015062277888,211.968554404,223.744080133,177.624932144,211.968568057,211.968586126,0.0153606780644,92.20645775,83.3421239861
2011-10-13 01:00:00,211.968487722,0.0150053248263,0.047837483715,215.037894838,171.694625677,1.2850385561e-05,211.968541141,0.034505208083,81.0565014544,233.671722459,211.968513484,211.967478915,85.473843302,226.165870855,183.714830296,211.968699325,211.968543594,211.968558209,57.1836799674,158.97652393,0.0150268701332,0.0150717245682,211.968554278,223.744077354,177.624932138,211.968602571,211.968584616,0.0152879718949,92.2062045516,83.3417923088
2011-10-13 02:00:00,211.968490381,0.0150040618805,0.0478405650482,215.037897464,171.694625759,1.29026973391e-05,211.968541883,0.0345238342917,81.0565001173,233.671721559,211.968515876,211.967478471,85.4738432084,226.165871195,183.714834177,211.968699622,211.968543316,211.968558651,57.1836800601,158.976323342,0.0150112056394,0.01540587853,211.96855418,223.744086756,177.624932148,211.968626221,211.968584053,0.0152707008408,92.2062744444,83.342101276
2011-10-13 03:00:00,211.96850044,0.0150047900507,0.0478422946283,215.037906038,171.694626178,1.30620887745e-05,211.968545309,0.0345205610271,81.0565009144,233.671723075,211.96851889,211.967477899,85.4738441096,226.165869316,183.714836834,211.968700318,211.968543146,211.968560409,57.1836809643,158.976236407,0.0151331936614,0.034002511898,211.968554103,223.744099618,177.624932232,211.968655333,211.968587209,0.0152762727983,92.2211867899,83.3425967069
2011-10-13 04:00:00,211.968513986,0.0150061785624,0.0478916970625,215.037924871,171.694627017,1.34868007359e-05,211.96854817,0.034550245545,81.0565024819,233.671729204,211.968519362,211.967477397,85.4738450098,226.165873394,183.714840329,211.968699258,211.968543292,211.968567129,57.183899813,158.976295508,52.2105376551,0.0345514807069,211.968554083,223.744131074,177.624932331,211.968689723,211.968591555,0.0152860719556,113.834054091,83.3426795151
2011-10-13 05:00:00,211.968517395,0.0150045781921,0.0590398476617,215.03794166,171.6946276,1.40339922504e-05,211.968550447,211.968469504,81.0565021475,233.671721286,211.96850839,211.967477381,85.4738461219,226.165872533,183.714837939,211.968696028,211.968541074,211.968576194,57.1839140878,171.692441822,52.2105986446,0.0345622055628,211.968553819,223.744139405,177.624932236,211.968725733,211.968583418,0.0152770195575,113.834180092,83.3426710723
2011-10-13 06:00:00,211.968503306,0.0150071582394,0.0590539882811,215.037744227,171.694627446,1.42009245879e-05,211.968550327,211.968552288,81.0564906574,189.27413741,0.029550592164,211.967476547,85.4738466702,226.165856825,148.809034413,211.968537444,211.968502179,211.968556541,61.7585242345,211.968464857,52.210601903,0.0345611702092,211.96854582,223.744134988,177.624931764,211.968726963,171.694530015,0.0152978622956,92.2060434098,62.5073679897
2011-10-13 07:00:00,211.968486288,0.0150016709326,0.0478340086477,174.180796148,171.6946256,1.41531572997e-05,211.968546535,211.968553333,65.6557662539,189.274111275,0.0295049456167,211.967474321,85.4738393684,226.165817353,148.809026751,171.694538534,171.69450056,211.968556102,57.1836819271,211.968523999,52.2077152833,0.0345568255345,69.1563494063,223.744115253,177.624908733,211.968698394,171.694501135,0.0152275828041,92.205382786,62.5070314863
2011-10-13 08:00:00,211.966681501,0.0150003778678,0.0478238971259,174.181384829,171.694603039,1.40194085638e-05,211.968543424,211.968553061,65.6557580479,189.27410819,0.0276779331695,158.97577194,85.473826569,226.165510367,148.809025088,158.976760887,171.694489736,211.968549774,57.1836795815,211.968285108,22.7117755072,0.0345548642466,69.1563473506,223.744073778,133.217459128,211.968681423,171.694310942,0.0152005201887,0.0150807700112,62.5069129546
2011-10-13 09:00:00,171.694491722,0.0150001143294,0.0478075972571,215.037073943,139.072649936,1.38988729425e-05,171.69453677,211.968548992,60.7927404061,189.274106545,0.0100302698042,158.975760661,85.4733897065,183.194881765,148.809023493,158.976545135,92.2064525896,211.968541873,46.3189958126,158.97587557,0.0150515464849,0.0345498527013,0.0100031893988,223.744021296,133.21745731,211.968559901,0.0150494610183,0.0150936648181,0.0150324857677,0.0200498153749
2011-10-13 10:00:00,158.976574141,0.0150003217556,0.047771212218,215.037777492,139.072645232,1.38014712913e-05,92.2063194357,211.968518566,60.7927382685,189.274106882,0.0100185748793,158.975658999,64.1054551978,183.194326485,148.809023272,158.976710747,0.0101414652624,211.968327889,46.3189611255,158.974176756,0.0150211213197,0.0345466248752,0.0100005783184,223.743903372,0.0149697321352,211.968487098,0.0150071715773,0.0150754634243,0.0151297248069,62.4845145149
2011-10-13 11:00:00,171.694465869,0.0150007217581,0.0477589637986,215.037792857,128.771039114,1.37141082036e-05,0.0200350931478,158.976497381,60.7928447994,189.274112588,0.0100448969754,0.01002851737,64.1054437093,183.194317138,148.809024617,171.694361091,0.0148675491305,171.694586642,46.3189486478,158.974148475,0.0150257641155,0.0345468664451,0.0100005761139,211.968847224,0.010001812702,211.968316818,92.2070976385,0.0150775012313,92.2040063827,62.5068210528
2011-10-13 12:00:00,171.694494743,0.0150027826103,0.047797073433,215.037634708,128.771099304,1.36829929944e-05,92.2063146908,158.976426029,65.6555254072,211.968530485,0.027718665757,0.0100096830016,64.1054464187,183.194311788,148.809027699,171.694532878,0.0151349993986,171.694568732,46.3189648308,158.974171786,52.210588214,0.0345574063886,0.0100021443977,223.743651693,0.0100016847707,158.976661832,171.694479292,0.0150464807246,92.2044590533,62.5070137985
2011-10-13 13:00:00,211.967727678,0.0150045796207,0.0478100871692,215.037868037,139.072636354,1.36305727901e-05,158.976108187,158.976411463,65.655748666,233.671690171,0.0295165924466,0.0100371816679,64.1054849117,183.194308546,183.714518888,171.694535593,171.694486153,171.694577723,46.3189786323,158.974258388,52.2105909979,0.0345566764322,69.1563428499,211.968503063,0.0100048289847,158.976603932,171.694502928,0.0150464621842,92.2048762948,62.507151429
2011-10-13 14:00:00,211.968479084,0.0150069250583,0.0478256692085,215.037894314,139.072645989,1.36104511177e-05,171.694518866,158.976404022,65.6557985251,233.671726982,0.0636813945047,158.975715422,85.4738197741,183.194316548,183.71483992,171.694543141,171.694496833,211.96854386,57.1836800359,211.967379663,52.210600626,0.0345606456227,69.1563489881,223.744051853,133.217454419,158.976738107,171.694523279,0.0150691302891,92.2058954584,83.3424231627
2011-10-13 15:00:00,211.968505766,0.015011416017,0.0478362895907,215.037940637,171.694544242,1.36254736027e-05,211.968489749,211.968538689,100.069732493,233.671730992,211.968544239,158.97576246,85.4738397283,226.16579521,183.714845962,211.968564766,211.968510409,211.96857672,211.968540259,211.968400879,52.2106040167,0.0345677701156,92.2084619784,223.744131898,133.217458715,211.96846797,211.968532475,0.0151565845333,113.810544963,83.3427524035
2011-10-13 16:00:00,211.968516116,0.0150435206743,0.0590387108162,215.037954804,171.694626442,1.37975369584e-05,211.968546878,211.96855146,100.069746997,233.671732093,211.968559165,158.975783735,85.4738458704,226.165811472,183.714846636,211.968568133,211.968513325,211.968581988,211.968559439,211.968503527,52.2106097625,0.034572605576,92.2084787822,223.744140483,177.623680345,211.968697812,211.96853876,0.0152254095627,92.2072180015,83.3427779993
2011-10-13 17:00:00,211.968515126,36.787875694,0.0591042194648,215.037955612,171.694627084,1.39481775484e-05,211.968547556,211.968552967,100.069750093,233.671732659,211.968562574,211.967479066,85.4738465343,226.165812278,183.714846368,211.968568677,211.96851423,211.968582126,211.968564135,211.968524895,52.2106199894,0.034579220785,92.2084792075,223.744142075,177.6249409,211.96870042,211.968540904,0.0152550345458,92.2064534361,83.3427805643
2011-10-13 18:00:00,211.96851057,29.7994743559,0.0590846898549,215.037950751,171.694626849,1.39199458284e-05,211.96854804,211.96855196,100.069747345,233.671731585,211.968559732,211.967484722,85.4738461121,226.165809329,183.71484558,211.96856891,211.968514747,211.968581361,211.968560074,211.96854306,52.2106330252,0.0345662655914,92.2084792968,223.744137316,177.624941463,211.968704509,211.968541814,0.0153026164793,92.2086589998,83.3428387198
2011-10-13 19:00:00,211.968503341,36.7879252237,0.0590370809246,215.03794461,171.694626472,1.38514545549e-05,211.968547417,211.968463494,100.069741931,233.671730055,211.968556039,211.967485762,85.473845864,226.165804399,183.714844521,211.96856859,211.96851444,211.968579742,211.968558793,211.968532667,52.2106095311,0.0345649943696,92.2084792566,223.744130191,177.624941572,211.968644168,211.968541566,0.0152749238334,92.2061298767,83.3427631266
2011-10-13 20:00:00,211.96850183,36.787927895,0.0590279900145,215.037934727,171.694626638,1.36490569762e-05,211.968547653,0.0345053401441,100.069723879,233.671728225,211.968553267,211.967486098,85.473845412,226.165799234,183.714843397,211.968568265,211.96851416,211.968577327,211.968557635,211.968471933,52.2106009998,0.0345654017698,92.2084791535,223.744118885,177.624941587,211.968588554,211.968541265,0.0152571677801,92.2059834496,83.3427235164
2011-10-13 21:00:00,211.968498692,36.7879280162,0.0590143924476,215.037920996,171.694626559,1.33610583744e-05,211.968548445,0.0345014058905,81.0567621216,233.67172496,211.968549796,211.96748602,85.4738445433,226.165787265,183.71484111,211.968568037,211.968514332,211.968573325,211.968554204,211.967374992,52.2105962828,0.0345651511738,92.2084790313,223.744107001,177.624941588,211.968584822,211.96854058,0.0152317936517,92.2060050102,83.3426812364
2011-10-13 22:00:00,211.968496401,36.7879308678,0.0480529329776,215.037907069,171.694626008,1.31792827197e-05,211.968547342,0.0345000970954,81.0565619473,233.671720676,211.968545965,211.967485409,85.4738449089,226.16576407,183.714838069,211.968568009,211.968513961,211.968568226,211.968545551,158.974211001,52.2105938742,0.0345643742559,92.2084788849,223.744091963,177.624941556,211.968557642,211.968539716,0.0152023633666,92.2059834184,83.3426353187
2011-10-13 23:00:00,211.968494308,36.7879339367,0.0478549962003,215.037896999,171.694626041,1.30070752139e-05,211.968546404,0.0344994284932,100.069632016,233.671714292,211.968538335,211.967485009,85.4738446101,226.165752162,183.714833691,211.968567757,211.968513579,211.968562978,211.96851472,158.974169778,52.210593622,0.0345641255839,92.2084787366,223.744080009,177.624941529,211.968515105,211.968538762,0.0151768939164,92.205757728,83.3426333653
2011-10-14 00:00:00,211.96849394,36.7879337227,0.0478534775643,215.037888873,171.694625908,1.30194391924e-05,211.968547061,0.0345001214546,100.069725254,233.671708339,211.968528134,211.967484641,85.473844328,226.165745345,183.714834384,211.968567429,211.968512812,211.968559321,171.69454801,158.974142282,52.2105930125,0.03456342577,92.2084786785,223.744075728,177.624941501,211.968557067,211.968537913,0.0151968505779,92.2055980246,83.3426768547
2011-10-14 01:00:00,211.968493972,36.7879383415,0.0478454840895,215.037884092,171.694625565,1.30234503251e-05,211.968546542,0.0344998142877,100.069739616,233.671700985,211.968527668,211.967484075,85.4738441777,226.165738986,183.714831912,211.968567451,211.968512624,211.968557555,211.968459474,158.974116552,52.2105943864,0.0345652514531,92.2084785261,223.744069831,177.624941496,211.968540485,211.968537113,0.0152372587984,92.2057281689,83.3426919339
2011-10-14 02:00:00,211.968495916,36.7879478161,0.0478421017083,215.037879873,171.694625197,1.30902512019e-05,211.968546148,0.0344995970984,100.069747647,233.671696987,211.968530536,211.967483649,85.4738440744,226.165739517,183.714829856,211.968567684,211.968512509,211.96855715,211.968535858,158.974007219,52.2105956398,0.0345667700469,92.2084783996,223.74406832,177.624941499,211.968540826,211.968536306,0.015258014925,92.206019152,83.3427167898
2011-10-14 03:00:00,211.968501831,84.5699315848,0.0478396720021,215.037880188,171.694625755,1.327624344e-05,211.968545813,0.0344992835,100.069735108,233.671695311,211.968534196,211.967483313,85.473844556,226.165737548,183.714828532,211.968568284,211.968512488,211.968557651,211.968546959,158.973867371,52.2106215486,0.0345693927268,92.2084782418,223.744073299,177.624941555,211.968529897,211.968535438,0.0152913320791,92.2070118164,83.342799489
2011-10-14 04:00:00,211.968507531,84.5699612571,0.047845758114,215.037879841,171.694626468,1.36505659174e-05,211.968546404,0.0344992497053,100.069753743,233.671690831,211.968532966,211.967482793,85.4738454996,226.165747919,183.714826692,211.968567796,211.968512336,211.968560033,211.968554674,119.246555166,52.2116164588,0.034608667958,92.2084781363,223.744079413,177.624941639,211.968520186,211.968534307,0.0153691432818,211.967659041,111.120637775
2011-10-14 05:00:00,211.968505884,84.5699618921,0.0589616286176,215.037861589,171.694626711,1.42080242286e-05,211.968546266,0.0345000629674,100.069755882,233.67144159,211.968516792,211.967482674,85.47384649,226.165728106,183.71480831,211.968566345,211.968509011,211.968557814,211.968556322,119.263718814,211.968536684,211.968003685,92.2084777664,223.744058064,177.624941543,211.96849175,211.968527825,0.0155981529875,211.967873734,111.121523572
2011-10-14 06:00:00,211.968465111,84.5698922347,0.0589773806271,0.0106476226934,171.694626509,1.43521465594e-05,211.968541059,0.0345017679927,81.0565216982,171.694632666,0.0637557196336,211.967481872,85.4738469194,0.0103489814754,0.0202599398465,211.968554993,171.664902666,171.694493105,211.968555246,158.974144939,211.968546423,211.968424533,92.2084701838,211.965980061,177.624941124,211.968347911,158.976565855,0.0331407458319,211.967594549,83.3426871971
2011-10-14 07:00:00,158.976388569,36.7879377047,0.0478283293179,0.0104924593298,171.694616345,1.43368729538e-05,92.2063434045,0.0345007113999,81.0565081781,171.694617924,0.0520642038605,211.967479516,85.4738326314,0.0102311943238,0.0202359161943,171.694537251,171.664887627,171.694473913,57.1836750932,158.974162151,211.968555216,211.967425019,0.0149946961831,171.694533648,177.624931741,0.0160642082484,158.976536197,0.0317023561358,211.967286384,83.3415903588
2011-10-14 08:00:00,158.976345854,36.7879293724,0.0387191215968,0.01005203222,139.072614785,1.42406775136e-05,92.2063154294,0.0344989386313,81.0565053365,171.694589061,0.0520158345825,158.97572593,85.4737475351,0.0100598488467,0.0199648793392,171.694528528,0.015022641706,0.010017757737,42.887738391,158.974157905,211.968528065,0.0447590460057,0.0129457536725,171.694447519,133.218794998,0.0150658549802,158.976196287,0.0273365553078,211.966730955,83.34266002
2011-10-14 09:00:00,0.0148005409325,36.7879169406,0.0208090948352,0.0100137715629,139.072578091,1.4148303692e-05,0.0210909313144,0.0260449268849,81.0565049446,0.0100523789804,0.0520027487743,158.975714202,64.1053919386,0.0100129627692,0.0100104731146,158.97648828,0.0100128672901,0.0100053904066,24.8749009388,158.974143671,211.968540336,0.043128714755,0.0129438908546,158.975781166,133.218793197,0.0150170855196,0.0143050907662,0.0271256836127,211.966387659,83.3427392775
2011-10-14 10:00:00,0.0100059551327,36.7879234182,0.0208052951348,0.0100095506312,74.6871632796,1.39431748884e-05,0.0150056022454,0.0150115228453,81.0565062879,0.0100432043392,0.0519947503619,158.975644135,0.0100439384274,0.0100089539145,0.0100069103612,0.0100314074875,0.010007945909,0.0100046383479,24.874895837,158.973962689,211.968538383,0.0425189975221,0.0129420395746,0.0100726050107,77.2668237494,0.0150054196263,0.0101664993638,0.0274544619245,211.967766799,83.3569994438
2011-10-14 11:00:00,0.0100045630794,36.7879333778,0.0208034356472,0.0100108017961,74.6871602558,1.39319281744e-05,0.0149993847182,0.0150089453089,81.0565089873,171.694141433,0.051998073494,0.0100290487106,0.0100122127606,0.0100100522452,0.0100255400468,0.0100177775768,0.0100366232309,0.010006062048,24.8748948974,119.236835226,211.968516221,0.0353483817523,0.012941847756,0.0100664954649,0.0100014868795,0.0150014343804,0.0150765106524,0.0330801825551,211.9679021,191.59242373
2011-10-14 12:00:00,0.010006775641,36.7879459842,0.0208077823826,0.0100252468743,74.6871576592,1.38549548403e-05,0.0150391771357,0.0150085892186,81.0565143582,171.694612277,0.0520054739841,0.0100106185279,0.0100221575752,0.0100242883962,0.020249009765,0.0150474461663,171.664855966,0.0100573060226,24.8749013555,128.77081748,211.965262222,0.0348368936953,0.0129430080125,171.694436245,0.0100015506077,0.0150236360349,158.976507363,0.0346525204912,211.967634764,191.592465567
2011-10-14 13:00:00,0.0149926704147,84.5699628019,0.0208102050842,0.010463932618,74.6871608942,1.37218014587e-05,92.2062319585,0.0150091527123,81.0565248786,171.694623087,0.0526611971645,0.0100333147397,64.1053423053,0.0102130652236,0.0202637772038,171.694522438,171.664891374,171.694487045,42.8877554861,158.974121617,158.975495765,0.0347785324928,0.0129436772949,171.694513841,0.0100059741437,0.015656890881,158.976536201,0.0349471563756,211.967925643,191.592443722
2011-10-14 14:00:00,158.976360207,84.5699741641,0.0387125761426,0.0105499093806,74.6871633202,1.36281666268e-05,92.2063177458,0.0150121728908,186.33681,211.968551824,0.0641537355162,158.975655111,64.1054046514,0.0102590668432,79.9160168809,171.694532077,171.664909309,211.968487056,57.1836311459,158.974142816,158.974899572,0.0348547833855,0.0129450068835,171.69454359,133.218790328,0.0160616915538,158.976572071,0.0351074277592,211.968004757,191.592241895
2011-10-14 15:00:00,211.968464403,84.5700889581,0.0477873830126,215.037707876,139.072590613,1.3667904555e-05,92.2063587078,0.0344973854803,211.968534027,211.968666831,0.0641977385341,158.975715388,85.4738160702,0.0149395934605,183.714586014,211.968556096,211.968513942,211.968547096,57.1836827343,158.974150428,211.964088858,0.042915972236,0.0150017120641,211.968559679,133.218794469,0.0172316376756,211.968523247,0.0351376094067,211.968277791,191.59213182
2011-10-14 16:00:00,211.968496681,92.1977048049,0.0478238258473,215.037769153,171.694619458,1.38191120177e-05,211.968482316,0.0345004693179,211.968542304,211.968669452,0.0642005847772,158.975736288,85.4738449381,0.0149693010275,183.714590305,211.968559618,211.968519712,211.968552129,57.1837063947,158.974153134,211.968506638,0.0436166677917,0.0159797116135,211.968584083,177.624802894,92.202930569,211.96853306,0.0351554859033,211.968073949,191.592323028
2011-10-14 17:00:00,211.968498309,92.1998449728,0.047820533727,215.037779475,171.694623843,1.39027524225e-05,211.968486925,0.0345006387224,211.968544521,211.968671238,0.0641988167579,211.967450079,85.4738461783,0.0149753992137,183.714592018,211.968560117,211.968521439,211.968553629,57.1837025205,158.97414394,211.968474665,0.0426370604179,0.0159798319553,211.968589801,177.624930612,92.2029922594,211.968536035,0.035165942235,211.968193524,191.592240249
2011-10-14 18:00:00,211.968497508,92.1972214509,0.0478071052601,215.037782278,171.694623901,1.37798505219e-05,211.968487957,0.0345007424217,211.968544516,211.968671114,0.0641695401655,211.967455237,85.4738458008,0.0149766055322,183.714592544,211.968560109,211.968522315,211.968554249,57.1836887849,158.965898082,52.2112720869,0.0345877246871,0.015979788298,211.968589856,177.624931088,92.2030491878,211.9685374,0.0352106089223,211.968168995,191.592123374
2011-10-14 19:00:00,211.968496229,92.1970192807,0.0477657786221,215.037781944,171.694623632,1.35853114749e-05,211.968489347,0.0345000673468,211.968543791,211.968671042,0.0639197090371,211.967456115,85.4738456023,0.0149763924752,183.714592908,211.968559952,211.968522355,211.968554236,57.1836847868,69.1537664269,52.2110873029,0.0345727277059,0.0159796354508,211.968588373,177.624931165,92.203083674,211.96853756,0.0352051032661,211.967971382,143.695325827
2011-10-14 20:00:00,211.968496207,84.5700364281,0.0477608033195,215.03778031,171.694624506,1.34354858299e-05,211.968489947,0.0344991308049,211.968542825,211.968670271,0.0638128318239,211.96745642,85.4738453643,0.0149760922348,183.714592713,211.968559758,211.968522389,211.968553883,57.1836838224,69.1537509662,52.2107300482,0.0345684659934,0.015979392017,211.96858768,177.624931171,92.2030568598,211.968537626,0.035183990434,211.967976575,143.695173912
2011-10-14 21:00:00,211.968494958,84.5699804364,0.047775783727,215.037778397,171.694624639,1.32351212316e-05,211.968490489,0.0344971274238,211.968541691,211.968669213,0.0638342775231,211.967456425,85.4738449939,0.0149745338625,183.714592242,211.968559442,211.968522529,211.968553131,57.1836821425,69.1536854099,52.2105871166,0.034565124628,0.0159790600287,211.96858576,177.62493116,92.2030724081,211.968537421,0.0351749216186,211.967893265,191.592090533
2011-10-14 22:00:00,211.968493593,84.5699727396,0.0465318136913,215.037774468,171.694623821,1.30549475255e-05,211.968488332,0.0344867918669,211.968539757,211.968667112,0.0638365488627,211.967455892,85.473845541,0.0149719362629,183.714591738,211.968559273,211.968522231,211.96855248,57.1836811707,69.1513483184,52.2105712947,0.0345624983647,0.0159785856407,211.968582933,177.624931106,92.2030869023,211.968536983,0.0351767831438,211.967949769,191.592431356
2011-10-14 23:00:00,211.968492058,84.5699692701,0.0387615584863,215.037771412,171.694623725,1.2917047037e-05,211.968486837,0.0344776937461,211.968536761,211.968665218,0.0638291348188,211.967455392,85.4738454477,0.0149699002869,183.71459091,211.968559151,211.96852179,211.96855142,57.183680614,0.0151577114262,52.2105668069,0.0345606337229,0.0159780839753,211.96858045,177.624931028,92.2030953891,211.968536339,0.0351813111176,211.967982818,191.592493803
2011-10-15 00:00:00,211.968490326,84.5699671263,0.0478103304726,215.037767717,171.694623271,1.28530819474e-05,211.968490147,0.0344864084103,211.968506408,211.968664438,0.0637656188544,211.967454952,85.4738453136,0.0149694671683,183.714590487,211.968558944,211.968521094,211.968549952,57.1836803203,0.0150158844197,52.2105666793,0.0345583477567,0.015977667951,211.968577481,177.624930971,92.2031223602,211.96853552,0.0351706762579,211.96791302,191.592370058
2011-10-15 01:00:00,211.968488867,84.5699661545,0.0478112327111,215.037764758,171.694623631,1.28268066645e-05,211.968490181,0.0344512382462,211.968472674,211.968663944,0.0637720068632,211.967454431,85.4738451217,0.0149677822687,183.714589325,211.96855867,211.968520486,211.968548926,57.1836807508,0.0150494294378,52.210564094,0.0345584872587,0.015977158041,211.968575118,177.624930925,92.2031288216,211.968534861,0.0351936119794,211.967927723,191.592446004
2011-10-15 02:00:00,211.968488409,84.5699660653,0.0478137705406,215.037761232,171.694623922,1.28123282268e-05,211.968491332,0.0260306856338,186.343786212,211.968662294,0.0637819882741,211.967453889,85.4738444522,0.0149660127603,183.714588226,211.968558162,211.968519869,211.968547897,57.1836810281,0.0150567835697,52.2105621815,0.0345584605421,0.0159766515851,211.968571765,177.624930851,92.2031335377,211.96853395,0.0352111142139,211.968039753,191.592505652
2011-10-15 03:00:00,211.968488307,84.569966782,0.0478146747368,215.037757094,171.694624319,1.28790046286e-05,211.968491432,0.02600455749,211.968445007,211.968662702,0.0638503546598,211.967453329,85.4738444808,0.0149639344366,183.71458793,211.968557821,211.968519105,211.968547236,57.1836810467,0.0151425646362,52.2105613101,0.0345579470729,0.0159763222518,211.968567636,177.624930752,92.2031326204,211.968532925,0.0352519377571,211.968093382,191.59256691
2011-10-15 04:00:00,211.968488277,84.5699665855,0.0478157343423,215.03775122,171.694624623,1.29835143097e-05,211.968491374,0.0344552633163,211.968525209,211.968663237,0.0641146279918,211.967452363,85.4738440424,0.0149600148443,183.714586508,211.968556802,211.968518028,211.968545578,57.1836811436,69.1511576866,52.2105624859,0.0345587969235,0.0159763732435,211.968563782,177.624930656,92.2031282144,211.968531393,0.0353440333881,211.968344036,191.592671087
2011-10-15 05:00:00,211.968483335,84.5699648471,0.0478171209313,215.037733811,171.694624726,1.32277111879e-05,211.968490617,0.0344966060702,211.968535486,211.968645636,0.0641484910386,211.967451175,85.4738428612,0.0149503606074,183.714579291,211.968554033,211.968514377,211.968541705,57.1836812982,69.1537017464,52.2105626726,0.03456045702,0.0159756811104,211.968549539,177.624930422,92.2031231659,211.968527168,0.0354549935749,211.968523713,191.592850248
2011-10-15 06:00:00,211.968299895,36.7902996672,0.0478238327812,0.0105042601102,171.694623888,1.33917532745e-05,211.9684887,0.0345005270907,186.336811556,171.694632413,0.0637662220924,211.967448637,85.4738421746,0.010197779532,148.804667993,211.968361753,0.0122344466086,0.0127182895496,57.1836804179,69.1537650966,52.2105617201,0.0345613781826,0.0150023162036,158.967811278,177.624929886,92.2031142207,171.694500703,0.0351386445302,211.968201675,191.592433067
2011-10-15 07:00:00,0.0101907733365,36.7879374334,0.0208081111866,0.0103816964364,171.694517548,1.35469147239e-05,92.2063452081,0.0345007420425,171.694541624,171.694620187,0.0637443655385,211.967443943,64.1055028997,0.0101244108117,148.804660796,92.206553786,0.0122170025288,0.0126923853207,24.8748965511,69.1537998864,52.210557326,0.0345598529115,0.0121498848845,158.96755922,177.624916405,69.152385335,171.694482213,0.0350897262836,211.968043239,143.694842937
2011-10-15 08:00:00,0.0100180724608,36.7879327896,0.0207615233963,0.0100413331291,128.770961421,1.3611125487e-05,92.2063268607,0.0344972605832,171.694520468,171.694612337,0.0635511094686,0.0103484776911,64.1053297245,0.0100247103513,148.804646637,92.2065242188,0.0100293910103,0.0100165177469,18.6562012268,85.3707233287,52.2105524279,0.0345590433023,0.0121482426599,158.967485544,77.2668593968,69.1522807215,171.694470497,0.0346564943764,211.967920398,143.69468111
2011-10-15 09:00:00,0.0100038555707,36.7879258726,0.020024678028,0.0100136117828,74.6871691247,1.354945181e-05,92.2063097487,0.0258907112215,171.69451745,0.0106006352161,0.0520008943776,0.0103363604458,0.010033298692,0.010008021201,79.9138597453,0.0100164303562,0.0100059029698,0.010005300264,0.0199998097608,69.1538934961,52.2105475627,0.0345547282536,0.0112773959982,0.0100350344359,77.2668576617,69.1521036567,171.694236272,0.0288664336692,211.967869226,143.694685847
2011-10-15 10:00:00,0.0100029132226,36.7879123308,0.0199994715075,0.0100102514125,74.6871636821,1.34452668108e-05,0.0200098924747,0.0150182544135,171.694517298,0.010027795052,0.0519815281851,0.0101173277396,0.0100087146392,0.0100057012916,148.804635633,0.0100082072546,0.0100054932074,0.010004460499,0.019996150328,69.153790228,52.2105435928,0.0345475524287,0.0100008666283,0.0100169531396,0.0150573265249,69.1465284559,158.976542816,0.0288920827995,211.967493196,143.694739952
2011-10-15 11:00:00,0.0100028492386,36.7879224878,0.0199961790733,0.0100112496672,74.6871628506,1.33660071239e-05,0.0151097704063,0.015011411092,171.694520349,171.693633988,0.0519820373993,0.0100062185977,0.01000747338,0.0100063260681,148.804658376,0.0100093580069,0.0100091469334,0.0100059143901,0.0199900963317,69.1553145711,52.2105397444,0.0345301255044,0.0100005342416,0.0100181962314,0.0100019610412,0.0166184463535,158.976667528,0.0348936914381,211.966459465,143.694843123
2011-10-15 12:00:00,0.0100035113758,36.7879259342,0.0200212490472,0.0100238496292,74.6871622309,1.33079305724e-05,0.0200090039423,0.0150126426408,171.69452543,171.69461608,0.0519522215174,0.0100049471005,0.010009759494,0.0100129854733,148.804662646,0.0149494390734,0.0121937340776,0.010027902704,0.0199977695925,158.97412631,52.2105429643,0.0345433297625,0.0100011257711,0.0100486159303,0.0100017784565,69.1519339024,171.694469365,0.0350911878421,211.967828361,143.695247202
2011-10-15 13:00:00,0.010020460901,36.7879397529,0.0200330534289,0.0103520918193,74.6871636159,1.32403395397e-05,92.206302972,0.0150126605823,186.336807307,171.694631928,0.0613665674052,0.0100060432722,64.1048993964,0.010103773739,148.804669815,92.2065466047,0.0122190883474,0.0126936439692,0.0200022205951,158.974155528,52.2105432343,0.0345530039652,0.0121417546987,158.96752399,0.0100021597732,69.1522501725,171.694481039,0.0351261710692,211.968008251,191.592514943
2011-10-15 14:00:00,0.0101982397907,36.788647341,0.0200550377164,0.0104424892969,128.77094893,1.32401818553e-05,92.2063277475,0.0258525420649,211.968460833,211.968686354,0.0637768397091,0.0102605430015,64.1053545982,0.0101478902901,183.709458213,92.2065573626,0.0122381195759,0.0127435927219,20.148673698,158.974159416,52.2105464579,0.0345608702998,0.0121487914536,158.967575021,77.2668532007,69.1523670301,171.694506512,0.0352029925807,211.96852587,191.593360018
2011-10-15 15:00:00,211.968422679,84.5699317702,0.0208048958708,215.037711208,128.770990908,1.3371197946e-05,92.2063736212,0.0345003452959,211.968546895,233.671664642,0.0641033816967,0.0103384486371,85.4737813364,0.0149417625304,183.709463261,211.968495327,0.015108247913,211.968542878,24.8749020156,158.974169222,52.2105479143,0.0345644345173,0.0149903005565,211.968347114,77.2668586379,69.1538592951,211.968503665,0.0352034093892,211.968666813,191.593574953
2011-10-15 16:00:00,211.96848327,84.569948824,0.0208203374567,215.037767771,171.694626762,1.35268186971e-05,211.968524365,0.0345019071559,211.968549147,233.67167645,0.0641162032221,0.0103657478051,85.473843092,0.014975296895,183.709464349,211.968501166,0.0151115131738,211.968550104,24.8749161658,158.974208881,52.2105496795,0.0345647769673,0.0150004311201,211.968433761,77.2668802286,211.967746096,211.968508114,0.0351845659776,211.968807489,191.593733734
2011-10-15 17:00:00,211.968487271,84.5699364344,0.0208213460562,215.037777601,171.694628632,1.35923816034e-05,211.968530542,0.0345048143114,211.96854985,233.671680967,0.0641107642054,211.967403427,85.4738453791,0.0149821566131,183.709464482,211.968502228,0.0151123045811,211.968552133,24.8749137734,158.97591298,52.2105465363,0.0345614886973,0.0150008188259,211.96844372,103.022467258,211.967939803,211.968509951,0.0351511898664,211.968607999,191.59366702
2011-10-15 18:00:00,211.968487164,36.7879573268,0.0246726091357,215.037780007,171.69462879,1.34268398351e-05,211.968532266,0.0345178947381,211.968549051,233.67168232,0.0640825328823,211.967409637,85.4738451537,0.0149842499987,183.709463955,211.968502526,0.0151124467129,211.968552655,24.8749084385,211.968417853,52.2105410216,0.0345593033516,0.0150008855529,211.968446941,103.022467823,211.967985903,211.968511446,0.0350912989958,211.968527773,191.593571399
2011-10-15 19:00:00,211.96848594,84.5686444628,0.0208167729608,215.037779584,171.694628766,1.32612343461e-05,211.968531095,0.034503574643,211.968547654,233.671682349,0.0640273845251,211.967410721,85.4738451573,0.0149839145504,183.709463517,211.968502595,0.0151121953726,211.968552832,24.8749059487,158.975358382,52.2105378762,0.0345495175253,0.0150008840831,211.96844739,103.022467948,211.967992641,211.968511729,0.034984139027,211.968169578,191.593490075
2011-10-15 20:00:00,211.96848641,84.5699370012,0.0208135290595,215.037778017,171.694629242,1.31487865323e-05,211.968531061,0.0345023186939,211.968545715,233.671682428,0.063891951738,211.967411108,85.4738450822,0.0149839799298,183.709462349,211.968502652,0.0151117102794,211.968552538,24.8749039783,158.974299711,52.2105347486,0.0344989257049,0.0150008595547,211.968446895,103.022467997,211.967991814,211.968511764,0.0344335243069,211.967990811,191.593363339
2011-10-15 21:00:00,211.968483733,84.5699252545,0.0208128151812,215.037775278,171.694629334,1.29824888727e-05,211.968532882,0.0345015904082,211.968542925,233.671681821,0.06379174903,211.967411216,85.4738447376,0.0149820381943,183.709460618,211.96850261,0.015111315443,211.968551918,24.8749028978,158.974187625,52.2105312817,0.0159569824547,0.0150008214261,211.968445543,103.022468011,211.968014407,211.968511776,0.0169419243418,211.967880296,191.593002602
2011-10-15 22:00:00,211.968481467,84.5697864576,0.0208120942437,215.037771511,171.694628983,1.27808250141e-05,211.968533185,0.0345010039525,211.968537132,233.671679147,0.0637742585262,211.967410959,85.4738447469,0.014979346674,183.709457808,211.968502506,0.0151106855493,211.968551218,24.8749022606,158.974167845,52.2105278725,0.0151670786158,0.0150007899159,211.968443686,103.022467985,211.96802928,211.968511544,0.0155765355027,211.967809649,191.592662706
2011-10-15 23:00:00,211.96847904,68.5009577614,0.0208130948116,215.037768232,171.694628962,1.26676662682e-05,211.968533779,0.034500428062,211.968521624,233.671676949,0.0637608118086,211.967410473,85.4738446097,0.014976894447,183.709453823,211.968502423,0.015110296135,211.968550136,24.8749021436,158.974159076,52.2105246393,0.0150830859447,0.0150007147105,211.968441783,103.022467958,211.968049009,211.968510941,0.0153798864552,211.967822937,191.592606119
2011-10-16 00:00:00,211.968476126,36.7908386573,0.0247501850076,215.037764565,171.694628596,1.26179008378e-05,211.968535136,0.0345000571382,211.96829458,233.671670285,0.0277840072937,211.967410006,85.4738446651,0.0149757983811,183.7094427,211.968502132,0.0151104242501,211.968549013,24.8749055717,158.974128471,52.2105241831,0.0150692767727,0.0150006290491,211.968440646,103.022467927,211.968074572,211.968510052,0.0153329028788,211.966982971,191.592578265
2011-10-16 01:00:00,211.968473437,36.7880337766,0.0247548812852,215.037761048,171.694628334,1.25683725283e-05,211.968533419,0.0345000736108,211.964255269,233.671671193,0.0277605569575,211.967409547,85.4738443117,0.0149737572197,183.709439874,211.968501768,0.0151102521302,211.968547716,24.8749065202,158.974096426,52.2105220104,0.0150664432546,0.0150005464981,211.968438471,103.022467889,211.968069764,211.968509441,0.0153230725381,211.967547065,191.592546642
2011-10-16 02:00:00,211.968472315,68.5004651853,0.0247450131199,215.037756907,171.694628265,1.2544067868e-05,211.968533296,0.034500049698,186.336832649,233.671671017,0.0277483060541,211.967408999,85.4738435976,0.0149713173586,183.709437808,211.968501247,0.0151100052159,211.968546523,24.8749048533,158.972130217,52.2105225229,0.0150542745404,0.0150004448802,211.968436443,103.022467834,211.968070631,211.968508187,0.0153158157938,211.96775645,191.59251409
2011-10-16 03:00:00,211.968471308,84.5699131718,0.0247289757245,215.037751007,171.694628382,1.25717841718e-05,211.968533786,0.0345001066926,186.336822002,233.671667712,0.0277791694695,211.967408354,85.4738435441,0.014968010318,183.709432864,211.968500815,0.0151095889585,211.968545383,24.8749024754,69.1538376442,52.2105235416,0.0150485696063,0.0150003144137,211.968433711,103.022467774,211.968069161,211.968506254,0.0153187584098,211.967576036,191.592522936
2011-10-16 04:00:00,211.968468216,84.5699483307,0.0247275309691,215.037741341,171.694628493,1.27040803021e-05,211.968534101,0.0345000853848,186.336821605,233.671668499,0.0322526769228,211.967407535,85.4738426212,0.0149620870561,183.709421903,211.968499782,0.0151085762026,211.968543756,24.8749017929,69.1537944648,52.2105245256,0.0150478376031,0.0150001010035,211.968430383,103.02246766,211.968063957,211.968503025,0.0153247943711,211.967821264,191.592532424
2011-10-16 05:00:00,211.968460325,84.5699467608,0.0247460023547,215.037720042,171.694628527,1.28729354582e-05,211.968533932,0.0345002086167,186.336820357,233.67166431,0.0334982820685,211.967406254,85.4738408248,0.0149493405784,183.709392353,211.968497081,0.0151051146125,211.968538992,24.8749015867,69.1538022657,52.2105248561,0.0150492185892,0.0149995705049,211.968423688,103.022467407,211.968061364,211.968493831,0.015322389235,211.967720289,191.592548311
2011-10-16 06:00:00,211.968166758,84.5693592059,0.0247651828727,93.5437457349,171.694628406,1.29363948594e-05,211.968533785,0.0345014733997,81.0565141341,211.96848561,0.0277940882127,211.967403291,85.4738368246,0.0101824843261,0.0199842339862,211.967997886,0.0100614067044,92.2101434701,24.8749014879,69.1538026317,52.2105227397,0.015048008399,0.0149919999707,171.694990922,103.022466849,211.96805096,0.0103925055863,0.0152819146946,92.2065187767,143.69536126
2011-10-16 07:00:00,0.0101521629186,36.7879414695,0.0208055889553,93.5425910735,171.694583803,1.30982899823e-05,158.97652407,0.0345012535074,65.6557995128,189.274069271,0.027751908189,211.967398167,64.1053350277,0.0101327056015,0.0199727388192,0.0150720544021,0.0100482957668,92.2101244387,0.0200039187775,69.153893474,52.2105191407,0.0150376620235,0.0100185120248,171.694401305,103.022451238,158.976163184,0.0103613121382,0.0151913828337,92.2061068418,143.694658428
2011-10-16 08:00:00,0.0100231728592,36.7879389136,0.020058842907,93.5422873093,139.072642641,1.32179846734e-05,158.976485809,0.0344982196728,60.7927292109,189.274065571,0.027728385644,92.2066385426,64.1052649645,0.0100620917741,0.0199693554266,0.0150248257436,0.0100072907107,92.2064991033,0.0199995441101,69.1537393262,52.2105136578,0.015035077144,0.0100171088399,171.694367285,0.0148977768677,158.976040372,0.0100369764534,0.0150446202227,92.2057603353,143.694403026
2011-10-16 09:00:00,0.0100037236951,36.7879380772,0.0200067900445,0.0100180630781,128.771030597,1.32363631911e-05,92.2063247839,0.0258081052668,0.0156540792575,189.274063655,0.0225693843193,92.2066285578,0.0100164117853,0.0100089502646,0.0199669913442,0.0100118722752,0.0100033357498,0.0100070581738,0.0199968009795,0.0150140189297,52.210502,0.0150328606013,0.0100015872103,158.975822238,0.0148958499444,158.97597661,0.0100071768223,0.0150180555975,0.0150604233843,143.694241251
2011-10-16 10:00:00,0.0100028738724,36.7879390008,0.019999794922,0.0100110819084,74.6871671595,1.31815043923e-05,92.2063123997,0.0150101173884,0.0149803639363,189.274064079,0.0224908304928,0.0133309109703,0.0100069483158,0.0100055236472,0.0199663403769,0.0100052429063,0.010002643162,0.0100054271724,0.0150177898653,0.0150010518744,52.2104353262,0.0150310433083,0.0100004543522,0.0100197891114,0.0100052130911,158.975866729,0.0100066150707,0.0150083531628,0.0150140292708,143.693800656
2011-10-16 11:00:00,0.0100027783122,36.7879430263,0.0199993071437,0.0100124418544,74.6871642423,1.31512716723e-05,92.206295415,0.0150096239639,0.0150936915287,189.274066345,0.022476833155,0.010006232541,0.0100058546767,0.0100057846005,0.0199667134849,0.0100064187332,0.0100035029336,0.0100065114747,0.015000008097,0.0150008673612,22.7118480834,0.0150298812796,0.0100003372733,0.0100177632706,0.0100016656142,158.975779815,0.0100068525101,0.0150198129693,0.0150555824218,143.694214232
2011-10-16 12:00:00,0.0100030972857,36.787974992,0.0200225543945,0.010024043888,74.6871642346,1.31410536879e-05,92.2063020625,0.0150185838159,0.0199997589272,189.274071609,0.0224722232185,0.0100054298697,0.0100071669133,0.0100102578225,0.0199684909127,0.0101376527645,0.0100070265844,0.0100433791723,0.0199873640216,0.0150117327843,52.210502671,0.0150375858946,0.0100006705215,0.0100406473105,0.0100016541217,158.975848014,0.0100233067892,0.0150635931622,92.2057754711,143.694393868
2011-10-16 13:00:00,0.0100102149432,84.5699577321,0.0200701179317,93.542449524,74.6871654284,1.31525927056e-05,92.2063270735,0.0150123973905,65.6557932461,211.967868883,0.0224740379934,0.0100118440012,0.0100353683412,0.0100909851723,0.0199738044267,0.0150642576593,0.010049208125,92.2101239083,0.0199999231957,0.0150116983429,52.2105065689,0.0150460689277,0.0100135607786,171.694307521,0.0100018527353,158.976006646,0.0103607786837,0.0152506278105,92.206495281,191.592184103
2011-10-16 14:00:00,0.0101542799708,84.5699669949,0.0208059398671,93.5426036418,139.07263292,1.31797502405e-05,158.976491439,0.0150216897353,81.0565113235,233.67152343,0.0225033012081,92.2066149838,64.1053015962,0.0101491513547,0.0200079723684,0.01507643078,0.0100680841456,92.2101598209,0.0200547502149,0.0151746264578,52.2105116765,0.0152441138257,0.0100184314328,171.694386295,0.014893002912,158.976101362,0.0104061452941,0.0154168563151,113.834596421,191.592420648
2011-10-16 15:00:00,211.968408812,84.5699694312,0.047795285898,215.037718872,171.694537607,1.33000671405e-05,211.96842619,0.0344637572332,81.0565425993,233.671691308,0.027726951978,92.2066355982,85.4737660061,98.3822549954,0.0246489964156,211.968535326,211.968517366,211.968543069,24.8749104261,0.0207512201946,52.210513164,0.0344024285374,0.010135942559,211.968408609,0.0148973145022,158.977379888,211.968509037,0.0157455452741,113.835767473,191.592478164
2011-10-16 16:00:00,211.968497442,84.5699704427,0.047831969609,215.037779487,171.694628902,1.3480455081e-05,211.968548229,0.0344998757632,81.0565441609,233.671695243,0.0277344722426,92.2067373915,85.4738433578,98.3823339683,0.0246507063248,211.968542447,211.968523814,211.968550216,57.1836809204,69.1537400626,52.2105137098,0.0344745882457,0.0150154669442,211.968483971,0.0150026395648,211.968322735,211.968522028,0.0161785847674,211.965904384,191.592502342
2011-10-16 17:00:00,211.968502847,84.5699698719,0.0478355234443,215.037790253,171.694630362,1.35458777101e-05,211.968552693,0.0345003907213,81.0565431429,233.671697873,0.0277329791937,211.967427225,85.4738460024,98.3823442399,0.0246507178839,211.968543953,211.968525732,211.968552493,57.183681865,69.1537523035,52.21051306,0.0282014072728,0.0150163681716,211.968493613,177.624937229,211.968379964,211.96852577,0.0157987319523,113.836244256,191.592469246
2011-10-16 18:00:00,211.968503833,84.5699673623,0.0478349526595,215.037792705,171.694630126,1.35168462354e-05,211.968552816,0.0345004630952,81.056541803,233.671698225,0.0277275727399,211.96743405,85.4738461183,98.3823476318,0.024649876857,211.968544743,211.968526397,211.968553347,57.1836815692,0.0212432781259,52.2105185619,0.0345435891954,0.0150166390508,211.968497079,177.624938049,211.968400186,211.968527387,0.015343578717,113.834906338,191.592421215
2011-10-16 19:00:00,211.968503798,84.5699672129,0.0478329754787,215.037793327,171.694630016,1.33463321405e-05,211.968551676,0.0344950102387,81.0565405988,233.671697155,0.0277174120158,211.967435568,85.4738461887,98.3823485942,0.0246486688934,211.968545055,211.968526562,211.968553556,57.1836815577,0.0150802737543,52.2105122702,0.0345364036295,0.0150167769075,211.968497177,177.624938296,211.968408511,211.968527815,0.0153321462404,113.834021056,191.592239244
2011-10-16 20:00:00,211.968505052,84.569967106,0.0478306210757,215.037791622,171.694630421,1.31537058704e-05,211.968551213,0.0150567806003,81.0565401398,233.671696398,0.0276981312889,211.96743637,85.4738461662,98.3823493255,0.0246470234772,211.968545257,211.968526395,211.968553299,57.1836819654,0.0150128134364,52.210507902,0.0345396532919,0.0150168253864,211.968497451,177.624938378,211.968417169,211.968527883,0.015318252986,113.834270465,191.59149336
2011-10-16 21:00:00,211.96850393,84.5699662331,0.0478300462311,215.037787882,171.694630422,1.29371536678e-05,211.968551658,0.0150090999377,81.0565394444,233.671692245,0.0276168553551,211.967436574,85.473845417,98.3823476192,0.0246454277453,211.968545474,211.968526031,211.968552666,57.1836816172,0.0150063860702,52.2105046785,0.0345354897872,0.0150168264967,211.968496038,177.624938405,211.968416485,211.968527677,0.0153224328412,92.2068475232,143.692550948
2011-10-16 22:00:00,211.968502948,84.5699638428,0.0478295660357,215.037784075,171.694630014,1.27800629664e-05,211.968550648,0.0150074958048,81.0565386374,233.671682803,0.0225085276509,211.967436315,85.4738451646,98.3823448172,0.0246433084049,211.9685457,211.968525587,211.968551886,57.1836813819,0.0150035534143,52.2105021195,0.0345215140189,0.0150167862843,211.968494288,177.624938398,211.968413087,211.968527535,0.0153295421537,92.2063279189,143.691716985
2011-10-16 23:00:00,211.968502655,84.5699587638,0.0478293982045,215.037780961,171.694629955,1.26490960032e-05,211.968550022,0.0150051744358,81.0565374248,233.671662174,0.0224164868412,211.967436014,85.4738452413,98.382343455,0.0246419876993,211.968545782,211.968525168,211.968550827,57.183681396,0.0150024209717,52.2105009755,0.0344282730586,0.0150167607295,211.9684933,177.624938408,211.968411468,211.96852698,0.0153286883538,92.2061602924,143.691490984
2011-10-17 00:00:00,211.968501239,36.7879809985,0.0478294819461,215.037778541,171.694629441,1.26205001907e-05,211.968547783,0.0150016589698,81.0565246409,233.671607711,0.0224134399,211.967435799,85.4738457176,98.3823435049,0.0246409112389,211.968545512,211.968524318,211.968549736,57.183680956,0.0150019968133,52.210500489,0.0345424975063,0.0150166985786,211.968491382,177.62493845,211.96840733,211.968526199,0.0153267197579,92.2060136674,143.691460425
2011-10-17 01:00:00,211.968501252,36.7879529272,0.0478281897071,215.037775204,171.69462923,1.26082107324e-05,211.968545675,0.0150010707631,81.0565282149,233.671610684,0.0224303098732,211.967435476,85.4738457947,98.3823421924,0.0246401606641,211.968545442,211.968523963,211.968548946,57.1836811727,0.0150022038001,52.2104997321,0.034539505035,0.0150167294056,211.968490381,177.62493849,211.968404195,211.968525543,0.0153114698657,92.20606073,143.69141702
2011-10-17 02:00:00,211.968503124,36.7879452334,0.047826341906,215.037771754,171.694629137,1.27239224324e-05,211.968545181,0.0150008729341,81.0565268934,233.671626291,0.0257941225687,211.967435103,85.4738459429,98.3823409261,0.0246412444435,211.968545741,211.968523752,211.968548205,57.1836813911,0.0150012355737,52.210499786,0.0345425172469,0.015016752611,211.968489853,177.624938547,211.968401914,211.968525146,0.0153179076624,0.0157682342406,143.691533179
2011-10-17 03:00:00,211.96850806,36.7879429808,0.0478243517505,215.037769494,171.694629424,1.28838847403e-05,211.968545626,0.0150005613787,81.0565297876,233.671645299,0.0275520413437,211.967434811,85.473847045,98.38233901,0.024642869834,211.968546339,211.968523789,211.968547714,57.1836818178,0.0150005204037,52.2105010771,0.0345413263364,0.0150167811614,211.968489219,177.624938675,211.968403566,211.968524464,0.0153514793595,113.8339755,191.588140342
2011-10-17 04:00:00,211.968512237,36.7879405993,0.0478238129977,215.037767159,171.694630072,1.33427564754e-05,211.968546949,0.0150004478483,81.0565356696,233.671686918,0.0275754440645,211.967434594,85.4738479705,98.3823394854,0.0246437179437,211.968545949,211.968523854,211.968547438,57.1836830641,0.0150008858602,52.2105082689,0.0345491680603,0.0150168707486,211.968491089,177.624938813,211.968407294,211.96852344,0.0154258829025,113.833943677,191.588208657
2011-10-17 05:00:00,211.968512041,36.787936816,0.0478255230495,215.037754299,171.694630396,1.37918441872e-05,211.968547467,0.0150005758206,81.0565351443,233.671695084,0.0275400104228,211.967434669,85.4738486926,98.3823326018,0.0246418100643,211.968544272,211.968520942,211.968544701,57.1836837082,0.0150021476304,52.2105289817,0.0345533613476,0.0150168087271,211.968484696,177.624938804,211.968405002,211.968517217,0.0153640330008,113.834362789,191.588067628
2011-10-17 06:00:00,211.968486914,36.7879344348,0.0478244797152,0.0107503845593,171.694629972,1.38836536684e-05,211.968546309,0.0150003877542,81.0564735289,211.968568306,0.0200993123273,211.967434068,85.4738488502,0.0107308679542,0.0199733063828,211.96852166,0.0105788285642,92.2067074231,57.1836826173,0.0150061552182,52.2105621246,0.0345462368482,0.015014491373,171.694381797,177.624938625,211.968373779,92.2070622244,0.01513304443,92.2060461549,0.054768969187
2011-10-17 07:00:00,158.976351361,36.7879315812,0.0208079510224,0.0106103458585,171.694619638,1.3817931539e-05,211.968492961,0.0150002168175,65.6557686339,189.274264538,0.0200752669438,211.967432309,85.4737772369,0.0106206138136,0.0199513019369,158.97648548,0.010561526266,92.2066791455,24.8749013283,0.0150187801062,52.2105083246,0.0345213842396,0.0112651811356,171.694261527,177.624937081,158.977040782,92.2070165036,0.0150287704066,92.2059042038,0.0202503067042
2011-10-17 08:00:00,158.976254099,36.7879284424,0.0208049605732,0.0100688108214,74.6871649891,1.37542385571e-05,92.2063227655,0.0150000210529,0.0199988233465,189.274086341,0.0200535195669,158.978899299,64.1053905335,0.010104403687,0.0199443333735,158.975701356,0.0100185300806,0.0100211841305,20.1486643876,0.0150118110143,52.2105014791,0.0344828222012,0.0112614550936,171.694191377,143.876199192,158.976133034,0.0102971028696,0.0150490898645,92.2054344203,0.0199921345536
2011-10-17 09:00:00,0.0100093527134,36.7879188329,0.020171196224,0.0100146314453,74.6871577206,1.37138002339e-05,74.6868359859,0.0149999570182,0.0198413466312,189.274084363,0.0200097111013,158.978888593,64.1053485485,0.0100144987305,0.0198703833639,0.0100323387679,0.010005661925,0.010005834068,0.0200010681554,0.0150084465215,52.2104969932,0.0160118452852,0.0100012032497,0.0100483457108,143.876197775,158.97603446,0.0100096484011,0.0150890055269,0.058612908793,0.0199266256053
2011-10-17 10:00:00,0.0100046969514,36.7878996135,0.0200065106812,0.0100095151372,60.4966204258,1.37069239546e-05,74.6867852244,0.0149999534776,0.015009861831,189.274084775,0.0200049897622,158.978782509,0.0100259870987,0.0100094335784,0.0183932170715,0.0100093918231,0.0100046817291,0.0100049433946,0.0199997453076,0.0150078534822,52.2104931764,0.0150546722835,0.0100005237191,0.0100336920507,133.21871376,158.97597367,0.0100086303456,0.015146726682,92.2020468989,0.0199046712305
2011-10-17 11:00:00,0.0100049163119,36.7879180258,0.0200033870814,0.0100110375476,60.4966065306,1.37210765987e-05,69.1558477168,0.0149999742031,0.0199249855503,189.274090442,0.0200047207617,0.0100171083334,0.0100183479492,0.0100111186661,0.0199345753766,0.0100135106456,0.0100060311643,0.0100059909569,0.0199996183321,0.0150083136909,52.2104906471,0.0150414246071,0.0100005268536,0.0100394465712,0.0100039615799,158.975945313,0.0100101748576,0.0152012915413,92.2052371419,0.0199688927344
2011-10-17 12:00:00,0.0100092735595,36.787932675,0.0200171643039,0.0100288216552,0.0150223826809,1.36678298436e-05,74.686808254,0.0150000112869,0.0200060450201,189.274115693,0.0200093034858,0.0100083384453,0.0100363012775,0.0100300404133,0.0199466793454,92.20490396,0.0100374925062,0.0100245501095,0.0200001578936,0.0150087876093,52.2104904767,0.0150349412674,0.0100011086313,0.0101541840508,0.0100023868708,158.975975285,0.0154997800085,0.0152513806164,92.2052834534,0.0200494749899
2011-10-17 13:00:00,158.976293498,36.7879351041,0.0200073157171,0.0105811759335,0.019991246184,1.36176785534e-05,74.6868127353,0.0150000100371,65.655777395,211.968556832,0.0200622605136,0.0100370198301,64.10535265,0.0106010134906,0.019952957461,158.976482102,0.0105625253107,92.2066802075,18.6561142055,0.0150185910558,52.2104908961,0.0150349340552,0.0112618435664,171.69423867,0.0151656777615,158.976013914,92.2070183885,0.0152926864148,92.2060592714,0.0546945166141
2011-10-17 14:00:00,158.976365201,36.787936904,0.020259708072,0.0106672820169,60.4966131501,1.35990045513e-05,74.686818484,0.0150000266339,81.0565122642,233.671675622,0.0200924769831,158.978510052,64.1054133138,0.0106491267168,0.0200136917558,158.976492982,0.0105863205814,92.2067308278,24.8748219234,69.1535199829,52.2104925325,0.0150364573366,0.0112655755715,171.694285297,143.876197236,158.976120208,92.2070726945,0.015324160826,113.8343113,83.3424638663
2011-10-17 15:00:00,211.968502764,36.7879378252,0.0208047969768,215.037764775,74.6871637007,1.36099396373e-05,92.2059407527,0.0150000660551,81.0565295974,233.671702076,0.0277024265039,158.978890119,85.4738259829,226.165761224,0.0246283334694,211.968546978,211.968539595,211.968545636,24.8749013713,69.1536221275,52.2104964388,0.0150353178536,211.970753963,211.968714437,143.876198995,211.967844288,211.968526979,0.0153271240799,211.967832925,83.3427366018
2011-10-17 16:00:00,211.968523325,36.7879373067,0.0208053170659,215.037811002,74.6871886103,1.36683996782e-05,92.2061282923,0.0150000633392,81.0565321614,233.671703816,0.0277459848947,158.978913727,85.4738486458,226.165794028,0.0246298043042,211.968550958,211.96854473,211.968552492,24.8749041678,69.1537014566,52.2104942631,0.0150300646358,234.425150069,211.968764602,177.624935814,211.968031003,211.968537036,0.0153165077318,211.96738444,83.3427615075
2011-10-17 17:00:00,211.968525069,36.7879354373,0.0208045368252,215.037820258,74.6873397943,1.37198599855e-05,92.2059461442,0.015000092097,81.0565313399,233.671705091,0.0277537515001,211.967469026,85.4738495606,226.16580101,0.0246301850774,211.968551765,211.968546252,211.968554653,24.8749039776,69.1537606338,52.2104869427,0.0150194185891,234.425150898,211.968773415,177.624943415,211.968037733,211.968540176,0.0153020699793,113.836804981,83.3427563152
2011-10-17 18:00:00,211.968523876,36.7879290964,0.0207896308354,215.03782254,74.6871842074,1.35873022624e-05,92.2059370424,0.0150000538969,81.0565296541,233.671704554,0.0277560452219,211.967474324,85.4738490587,226.165802192,0.0246298626268,211.968551926,211.968546577,211.968555306,24.87490197,69.1537704405,52.21047842,0.0150160314585,234.425151145,211.968775655,177.624943782,211.968026898,211.96854113,0.0152734359114,113.833992565,83.3427362555
2011-10-17 19:00:00,211.968522156,36.7879245071,0.0200081137334,215.037822335,74.6871804731,1.33946685358e-05,92.2058378398,0.0149999836743,81.0565279193,233.671703423,0.0277578025695,211.967475255,85.4738488554,226.165801787,0.0246288306163,211.968551825,211.968546633,211.968555452,24.87490109,69.1537650443,52.2104622683,0.0150047981584,234.425151232,211.968774685,177.62494383,211.968001636,211.968541057,0.015280191777,113.833364528,83.3427032991
2011-10-17 20:00:00,211.968521045,36.7879211582,0.0200027391391,215.037820768,74.6871791035,1.31966982828e-05,0.0200596597764,0.0149999570192,81.0565262005,233.671702324,0.0277595769608,211.9674756,85.4738485789,226.165801288,0.0246275187391,211.968551573,211.968546528,211.968555224,24.8748998152,69.1537583719,22.7118468356,0.0150020769365,234.425151207,211.968773548,177.624943814,211.967975837,211.968540743,0.0152894269568,92.2062096606,83.3426131586
2011-10-17 21:00:00,211.968518958,36.7879126263,0.0200012495786,215.037817653,74.6871673351,1.29649029028e-05,0.0200025890645,0.0149999392069,81.0565237033,233.671699862,0.027758324516,211.967475567,85.4738478563,226.165799104,0.0246267820843,211.968551427,211.968546439,211.968554517,24.8748953332,69.1536890145,0.015031451991,0.0150009357878,234.425151146,211.968771204,177.624943779,211.967932864,211.968540429,0.015287007528,92.2060703757,83.3424876129
2011-10-17 22:00:00,211.968518099,36.7878930756,0.020000284655,215.037813436,74.6871644938,1.27161378705e-05,0.0199882462317,0.0149999350059,81.0565200329,233.671694947,0.027756939189,211.967475066,85.4738477951,226.165795168,0.0246257444335,211.968551387,211.968545933,211.968553655,24.8748724819,0.0152248564529,0.0150044318843,0.0150004349945,234.42515106,211.968768464,177.624943741,211.967858265,211.968539966,0.0152842775244,92.2060724906,83.3422681062
2011-10-17 23:00:00,211.968516708,36.7878282998,0.0199996977695,215.037810033,74.6871638147,1.25286664008e-05,0.0199799010785,0.0149999475156,81.0565162714,233.671689863,0.0277538899907,211.967474629,85.4738481162,226.165793803,0.0246251490587,211.968551317,211.96854539,211.968552486,20.1483021703,0.0150220780018,0.0150012307009,0.0150002227045,234.425150981,211.968765797,177.624943709,211.967698473,211.968539284,0.0152735307054,92.2060615725,83.3418564657
2011-10-18 00:00:00,211.968515896,36.7879222338,0.0199993988116,215.037807318,74.6871632531,1.24592618261e-05,0.0199762044333,0.0150001022674,81.056514418,233.671684999,0.0277350338265,211.967474451,85.473848179,226.165792607,0.0246244998821,211.968551284,211.968544587,211.968551389,20.1482795528,0.0150080815908,0.0149996705149,0.0150000249344,234.425150918,211.968765111,177.624943656,211.966929267,211.96853856,0.015246659483,92.2060441909,83.3423537849
2011-10-18 01:00:00,211.968515199,0.015226362931,0.0199993362497,215.03780411,60.4967779898,1.24596210116e-05,0.0199750815588,0.0149999753677,81.0565139548,233.671686699,0.0277457472041,211.967474045,85.47384818,226.165790719,0.0246242954792,211.968551074,211.968544073,211.968550464,20.1482757914,0.0150062043718,0.0149994025662,0.0150000292333,234.425150873,211.968763575,177.624943646,211.965689587,211.968537899,0.0152348880535,92.2060352966,83.3423524152
2011-10-18 02:00:00,211.968516996,0.0150246063992,0.0199993551951,215.03780135,60.4966151262,1.25030498657e-05,0.0199739005946,0.0149999112788,81.056513232,233.671686404,0.0277557961353,211.967473671,85.4738479275,226.165789222,0.0246243323322,211.968550971,211.968543728,211.968549709,20.1482748184,0.0150053954786,0.014999307289,0.0150000658225,234.425150842,211.968763176,177.62494366,92.2108433286,211.968537058,0.0152163959601,92.2060718027,83.3422286886
2011-10-18 03:00:00,211.968520968,0.0150234974231,0.0199995908163,215.037798968,60.4966147309,1.2687358098e-05,0.0199729106483,0.0149999456606,81.0565127216,233.671687004,0.0277610871683,211.967473154,85.4738488965,226.165787482,0.0246251736087,211.968551261,211.968543572,211.968549281,20.1482750645,0.0150038093657,0.0149993768022,0.0150005964804,234.425150837,211.968762905,177.62494374,92.2064831545,211.968536151,0.0152422396369,92.2062921987,83.3424697582
2011-10-18 04:00:00,211.968524686,0.0150189778923,0.0200005754455,215.03779603,60.4966339913,1.31270640368e-05,0.0199740706628,0.0149999951529,81.0565135955,233.671692901,0.0277655187691,211.967472769,85.4738497657,226.165787722,0.0246255141082,211.968550383,211.968543388,211.968549261,24.874407518,0.0150034388254,0.0149998233896,0.0150029306992,234.425150893,211.96876576,177.624943848,92.2059392102,211.968534714,0.0152611295931,92.2061364731,83.3425063957
2011-10-18 05:00:00,211.968523597,0.015007732877,0.0200036526576,215.037781692,74.6871609967,1.36761304242e-05,0.0199764656841,0.0150001299731,81.0565107567,233.67169402,0.0277670743072,211.967472613,85.4738506292,226.165779367,0.024624261553,211.968547815,211.968540157,211.968546084,24.8744119959,0.0150044836365,0.0150003203063,0.0150184224872,234.42515079,211.968759906,177.624943784,92.2057301862,211.968527632,0.015231570237,92.206133697,83.3424137534
2011-10-18 06:00:00,211.968502515,0.0150052450282,0.0206692190204,0.0108365365353,74.6871618996,1.37437973226e-05,0.0199814151991,0.0150002140224,0.0200018314616,211.96849862,0.0224773595067,211.967471728,85.4738506945,0.0113081790707,0.019949074656,211.968512176,0.0148261588411,92.2066604363,24.8744116585,0.0150128695445,0.0150004827834,0.0150522674109,234.425147806,171.695141663,177.624943417,92.2056158341,0.0265159414229,0.015004460467,0.0150229774594,0.0189947807626
2011-10-18 07:00:00,158.976377899,0.0150024097191,0.0207984783486,0.0107083026552,60.4966122504,1.37064924656e-05,0.0199751179737,0.0150000898031,0.019972823975,189.274080449,0.0224386173189,211.967469417,85.4737897478,0.0111832102887,0.0199408846925,0.0150135259476,0.014807494204,92.2066339482,0.0200005823307,0.0150163917814,0.0150006628952,0.0344767864379,171.098816787,171.694641715,177.624939795,0.0151574262648,0.0264652745897,0.0149958737833,0.0150010655713,0.0180584050376
2011-10-18 08:00:00,158.976300203,0.0150010018082,0.0207355872363,0.0100865539494,60.4966118316,1.36225249489e-05,0.019982049192,0.0149998853886,0.0150039549806,189.274071282,0.0201792483869,158.975627103,64.1054022567,0.0108225151515,0.0199014858144,0.0149984362502,0.0100275578019,0.0100400830758,0.0199995896459,0.0150018962842,0.0150011125754,0.0345236674585,171.098813668,171.694583605,143.876184478,0.0150220100718,0.0101373657328,0.0149896591288,0.0149821550779,0.0150147879989
2011-10-18 09:00:00,0.0100088383343,0.0150003504519,0.0200500056235,0.0100161082272,60.4966118577,1.35517346794e-05,0.0200083003094,0.0149998414504,0.0149979380558,189.274066701,0.0192300382169,158.975615217,64.1053626063,0.0100148774009,0.0100066143144,0.0148022552816,0.0100050335934,0.010005570313,0.0199990639527,0.0149986844671,0.0150017201922,0.0150433495698,0.010001359784,0.0100622901141,143.876182638,0.0150118007345,0.0100110592796,0.014982495873,0.0149684271234,0.0149825721793
2011-10-18 10:00:00,0.0100046250596,0.0149999651211,0.0199985294606,0.0100103814215,60.4965998259,1.35249740248e-05,0.0200115297138,0.0149998279712,0.014996484743,189.274061862,0.0100245814526,158.975520438,0.0100303201064,0.010009833206,0.0100049084725,0.0100152556586,0.0100036941927,0.0100045309984,0.0199985841017,0.014996972369,0.0150028171152,0.0150204809124,0.0100006769871,0.0100388611433,0.010073502394,0.0150131117453,0.0100091247593,0.0149769697182,0.014963036615,0.0149790087254
2011-10-18 11:00:00,0.0100047899771,0.0149997466495,0.0199679966674,0.0100120479712,0.020001531519,1.35061899872e-05,0.0199927697886,0.0149998191668,0.0149979085098,189.274059022,0.0100305132929,0.0100108245976,0.0100220521032,0.0100114871044,0.0100080347476,0.0100347607622,0.0100053263399,0.0100053950088,0.0199990882677,0.0149969873881,0.0150061586205,0.0150036713059,0.010000727922,0.0100427693383,0.0100015507961,0.0150175259114,0.010012246225,0.0149777026359,0.0149663730603,0.0149896904442
2011-10-18 12:00:00,0.0100107501258,0.0149997207683,0.0198908949076,0.0100356489582,60.4965901708,1.35141141999e-05,0.0199806089143,0.0149998185923,0.0150008371738,189.274063549,0.0200321179776,0.0100056850816,0.0100806454216,0.0100361057115,0.0199253955754,0.0149907019057,0.0100526411159,0.0100217113182,0.0199996867303,0.0149975364143,0.0150034778872,0.0150017835775,0.0100016400763,0.0172032758135,0.0100015697128,92.2053986272,0.0147529045253,0.0149854722236,0.0149766405501,0.0150282084596
2011-10-18 13:00:00,158.976321068,0.0149995984184,0.0199523767114,0.0106859049892,60.4966110991,1.35029317883e-05,0.0199524509024,0.0149998220384,0.0199606034308,189.274068741,0.0224486737294,0.0100173037201,64.1053756448,0.0111631776657,0.0199446365485,0.0150033506134,0.0148076721983,92.2066340542,0.0200004234384,0.0149973861029,0.0150048448752,0.0150017381868,171.098812233,171.694620414,0.0100049974169,92.2057519981,0.026465495162,0.0149924472479,0.0149889245705,0.018064709713
2011-10-18 14:00:00,158.976386583,0.0149995444388,0.0199927695006,0.0107731776264,60.4966331887,1.35119878819e-05,0.0199888280844,0.0149998474965,0.0199936311235,189.274710547,0.0277578360876,158.975527323,64.1054440065,0.0112098935299,0.0199980456085,0.0150155967611,0.0148318711725,92.2066821707,0.0200044872385,0.0149983754318,0.0150077285044,0.0150025016165,171.098816867,171.694667497,143.876180511,92.2067540292,0.0265211603242,0.0150026421955,0.0150189134029,0.0199226277507
2011-10-18 15:00:00,211.968509929,0.0149995738382,0.0200021960622,215.0377823,74.6871670574,1.34706318685e-05,92.2063102601,0.0149999546763,0.0250385779116,233.671690127,211.968565836,158.975616342,85.4738351265,211.968518196,183.714774749,211.968559007,211.968516564,211.968546596,0.0247172214837,0.0150023679461,0.0205551329289,0.0150041634642,234.425192395,223.744095378,143.876184168,211.968140382,211.968508144,0.015004675277,0.0150427449418,0.0200129738577
2011-10-18 16:00:00,211.968528533,0.0149995439417,0.0208017402599,215.037819149,171.69458571,1.35924453825e-05,92.2063205946,0.0150003992678,0.0250623866288,233.671692443,211.968583585,158.975640693,85.4738508536,211.968539372,183.714781845,211.968828698,211.96852147,211.968553256,0.0266714464112,69.1536673227,22.7118200713,0.0150050670977,234.425216167,223.744264546,177.624930331,211.96851551,211.968518896,0.0150051415312,0.0150387346318,0.0200246799634
2011-10-18 17:00:00,211.968528688,0.0149994702818,0.0208035124792,215.037827512,171.694587663,1.36802050931e-05,92.2063223334,0.0150009530402,0.0250665199667,233.671694023,211.968587852,211.967461643,85.4738514542,211.968545161,183.714784073,211.96868114,211.968522908,211.968555209,0.026675570049,69.153885476,22.7117289499,0.0150035732575,234.425216725,223.744287752,177.624942136,211.968574916,211.968522226,0.015004370221,0.0150262252566,0.0200224593301
2011-10-18 18:00:00,211.968526621,0.0149993152976,0.0208026262725,215.037830132,171.694587163,1.3579461148e-05,92.2063217959,0.0150010511617,0.0250682158603,233.671693769,211.968587568,211.967466652,85.4738510652,211.968545906,183.714784986,211.968655735,211.96852322,211.968555842,0.0263724566922,158.974113743,0.0150033463012,0.0150026092106,234.425216863,223.744293489,177.624942526,211.968606193,211.96852322,0.0150030285953,0.0150167090927,0.0200024564531
2011-10-18 19:00:00,211.968523266,0.0149991860725,0.0207952937335,215.037830054,171.694585507,1.34493900775e-05,92.206321758,0.0150010753174,0.0250635492759,233.67169324,211.968584422,211.967467626,85.4738509812,211.968544545,183.714785405,211.968565411,211.968523137,211.96855587,0.0247203810726,158.974163829,0.015001669665,0.0150023647809,234.425216893,223.744288006,177.624942596,211.968698991,211.968523118,0.0150013953627,0.015003150939,0.0199954605198
2011-10-18 20:00:00,211.968522627,0.0149990359518,0.0202769597648,215.037827306,171.694586357,1.32601955022e-05,92.2063191764,0.0150013978517,0.0212685093042,233.67169252,211.968582605,211.967467987,85.4738507094,211.968542879,183.71478548,211.968559097,211.968522853,211.96855543,0.024717783021,158.974170784,0.0150006631085,0.0150014696418,234.42521682,223.74427066,177.62494259,211.968663486,211.968522886,0.014999805778,0.0149971878663,0.0199797232254
2011-10-18 21:00:00,211.968519229,0.014998823175,0.0200595959343,215.037824257,171.694585291,1.2979139488e-05,92.2063207816,0.0150010102257,0.0250695354962,233.671691001,211.968578912,211.967468054,85.4738500787,211.968539412,183.714785681,211.96862748,211.968522582,211.968554604,0.0245495342824,158.974166849,0.0150000789877,0.0150009915428,234.425216714,223.744240446,177.624942571,211.968608619,211.968522462,0.0149986883754,0.0149948353168,0.019973473573
2011-10-18 22:00:00,211.968517842,0.0149986393759,0.0200145884973,215.037820167,171.69455577,1.27914433119e-05,92.206320161,0.015000777248,0.0250731458007,233.671688788,211.968574619,211.967467479,85.4738501623,211.968534367,183.714786709,211.96910756,211.968521928,211.968553828,0.020025994563,158.974155406,0.0149998412473,0.0150006955703,234.425216541,223.744198088,177.624942535,211.96858033,211.968521944,0.0149982663641,0.014996875232,0.0199768188518
2011-10-18 23:00:00,211.968516327,0.014998560606,0.0200082940564,215.037816835,171.694553338,1.26620347164e-05,92.206320311,0.0150006512455,0.0250752849827,233.671685833,211.968569313,211.967467086,85.4738497839,211.968530112,183.714787489,211.969151617,211.968521191,211.968552717,0.0200222005725,158.974149618,0.0149997708838,0.0150005243418,234.425216441,223.74416188,177.624942501,211.968578252,211.96852106,0.0149979498882,0.0149983014411,0.0199861798731
2011-10-19 00:00:00,211.968516318,0.0149985327548,0.0200045349178,215.037813507,171.694550726,1.25769038795e-05,92.2063198745,0.0150002169887,0.0250760779531,233.671683475,211.968554964,211.967466855,85.4738496094,211.968528264,183.714786561,211.969164807,211.96852023,211.968551502,0.0200198672375,158.974136677,0.0149997747089,0.0150000742611,234.425216407,223.744147021,177.624942434,211.968565475,211.968519776,0.014998094938,0.0150020664441,0.0199982752826
2011-10-19 01:00:00,211.968516517,0.0149986079195,0.0200031005215,215.037810011,171.694550784,1.26380198879e-05,92.2063171394,0.0150003517846,0.0250756654339,233.67168198,211.968553579,211.96746656,85.4738495502,211.968523486,183.714787327,211.969168766,211.968519566,211.968550576,0.0200194454149,158.974128504,0.0149999909466,0.0149999914351,234.425216354,223.744153261,177.624942434,211.968536742,211.968518901,0.0149982221299,0.0150117467184,0.0200185257021
2011-10-19 02:00:00,211.968519426,0.0149987938702,0.0200026566234,215.037806928,171.694553966,1.27166273749e-05,92.2063172923,0.0150006795653,0.0250748198355,233.671680384,211.968557721,211.967466157,85.4738493352,211.968518108,183.714787848,211.969171626,211.968519328,211.968549759,0.020019696482,158.974076609,0.0150000478725,0.0150000480521,234.425216343,223.744158603,177.624942429,211.968549768,211.9685182,0.0149998813334,0.0150133115796,0.0201114119989
2011-10-19 03:00:00,211.968524301,0.0149992046931,0.0200046958028,215.037804063,171.69458162,1.28943999193e-05,92.20631873,0.0150017243017,0.0250760795138,233.671679286,211.968562102,211.96746597,85.4738501128,211.968512862,183.714788026,211.969174566,211.96851914,211.968549487,0.0200221462599,158.972565768,0.0150003194309,0.0150003342371,234.425216453,223.744224773,177.624942504,211.968578121,211.968517241,0.0150062433499,0.015097802429,83.3346922626
2011-10-19 04:00:00,211.96852803,0.0149995641643,0.0200578684676,215.037801612,171.694589369,1.3393025168e-05,92.2063203387,0.0150053733416,0.0250785374326,233.671678363,211.968564322,211.96746559,85.4738515236,211.968512764,183.714787977,211.969175792,211.968518844,211.968549044,0.024713194658,128.767841135,0.0150013691639,0.0150010697411,234.425216743,223.744317411,177.624942606,211.968612794,211.968516139,0.0150221740607,0.0156455517356,83.342332077
2011-10-19 05:00:00,211.968528146,0.014999589699,0.0208027835533,215.037784487,171.694591076,1.39069361174e-05,92.206320824,0.0150083002334,0.0250793900432,233.671672367,211.968556117,211.9674655,85.4738524673,211.968499135,183.714785939,211.969176301,211.968515068,211.968546299,0.024719722567,158.973347887,0.0150036309884,0.0150023801259,234.425216923,223.744331755,177.624942538,211.968727415,211.968509578,0.0150660673762,47.0359718582,83.3424972708
2011-10-19 06:00:00,211.968514807,0.0149995881794,0.0208062059307,93.5409407746,171.694610829,1.40151923573e-05,92.2063161108,0.0344965883634,0.0250726317539,0.010565926891,0.0276702870246,211.967464799,85.4738529332,0.0151257573446,148.808340853,211.969173209,92.2134906647,92.207360108,0.0266477528871,158.974164469,0.0150085465268,0.0150042466792,234.425216061,211.97381889,177.624942164,211.968587039,158.97658361,0.0150568244371,47.0361249537,83.3425691317
2011-10-19 07:00:00,171.69449509,0.0149993950327,0.0200057434568,93.5408022151,171.694590352,1.3931915124e-05,0.0200247531194,0.0198875724669,0.0203130355327,0.0105501474874,0.0276068985852,211.967462902,85.4738463987,0.0150764830263,148.808328495,211.969169802,92.2134714628,92.2073343002,0.0200196751734,158.974172232,0.0150042077288,0.015003803876,189.884426914,181.23296343,177.624938693,211.968538105,158.976557303,0.0150291364403,47.0365719915,83.3425149791
2011-10-19 08:00:00,158.976417977,0.014999268964,0.019999242729,0.0108179394154,171.694516423,1.39590162932e-05,0.0199968640226,0.0150052217183,0.0202980035556,0.0100135106595,0.0198706223956,171.693611386,85.4738432184,0.0149729854149,0.0100129411286,211.969162863,0.0100574163082,0.0100307880228,0.020002888775,158.973262021,0.0150028312041,0.0150033573099,189.884425192,181.232933459,62.5861565815,211.968408642,0.0150489800232,0.0150155819139,47.0364934749,83.3350595049
2011-10-19 09:00:00,0.0150261469807,0.0149992972244,0.0199954919584,0.010022306217,139.072616806,1.38732224559e-05,0.0150251144194,0.0150004293137,0.0200051930398,0.0100037841199,0.0100126155819,171.693600066,85.4738347887,0.0130204377427,0.0100047434973,211.968562337,0.0100053120284,0.0100062440969,0.020000254978,69.1537794922,0.0150029992775,0.0150020801052,189.884424484,181.232926677,62.5861544818,211.96851114,0.0100187145256,0.0150044487207,47.0365498954,62.5069070553
2011-10-19 10:00:00,0.0100457340919,0.0149992990951,0.0199889986683,0.0100145732549,128.770965958,1.37597249502e-05,0.0150013807612,0.0150000922497,0.0200015067135,0.0100034689853,0.0100091083822,158.975637595,85.473826021,0.0100691766465,0.0100047557168,211.968271567,0.0100043457992,0.0100052483128,0.0199998392223,69.1537606048,0.0150032683557,0.0150017542182,189.884420211,181.232932688,62.5861494521,211.968474204,0.0100123833016,0.0150070592361,47.0366248768,62.5068712191
2011-10-19 11:00:00,0.0154033849705,0.014999317791,0.0199897024105,0.0100197864941,74.6871683293,1.36885278521e-05,0.0149991576839,0.0149999949323,0.0200045823276,0.0100042115535,0.0100115925718,0.0100111377656,85.4738473652,0.0147696778733,0.0100090434624,171.69527868,0.0100106585794,0.0100069317982,0.0199998315969,69.1537666092,0.015004364302,0.0150016981258,175.819145881,181.232947574,0.0102158589803,211.967933949,0.0100193172823,0.0150103586515,47.0367094799,62.5069827994
2011-10-19 12:00:00,158.976436915,0.014999257478,0.0199972114989,0.0101810792877,74.6871692065,1.3674937268e-05,0.0150004682016,0.0150002287606,0.0203128137732,0.0100433427806,0.0199320744953,0.0100090513483,85.4738511003,0.0150053081696,148.808318276,211.968558697,92.2132310865,0.0103086961202,0.0200003241782,69.1537562254,0.015097248294,0.0150016959746,189.884423451,181.233208392,0.0149923633692,158.977115796,0.0150630384042,0.015010339732,47.0355590668,62.5072194134
2011-10-19 13:00:00,171.694500056,0.0149993867549,0.0199986812887,93.5407959573,74.6871672088,1.36447184571e-05,0.0150028949696,0.015000267017,81.0564921656,0.0105594283269,0.0276111677172,92.2062704212,85.4738527902,0.0150792625471,148.808340049,211.969169028,92.2134855097,92.2073372063,0.0200019707081,69.1537719965,22.711775687,0.015002150941,189.884424829,211.968574976,62.5861506926,158.977007526,158.976567264,0.0150099975195,47.0360889262,83.3425472743
2011-10-19 14:00:00,211.968514125,0.0149997291215,0.0200028202716,93.5409057386,128.770958601,1.36597946293e-05,0.0200014366897,0.015000727734,81.0565385368,0.0110233360362,0.0277569784724,171.69358536,85.4738531949,0.0151200269964,183.714769869,211.969177532,211.968240961,92.207388742,0.0200408927245,119.23077905,22.7118945643,0.0150038943886,189.884425957,223.744045219,62.5861541513,158.977774622,158.977690757,0.0150083159911,47.0363079036,83.3426803234
2011-10-19 15:00:00,211.96854599,0.0150000775197,0.0208002791795,215.037909917,139.072719827,1.37990628028e-05,92.2063171629,0.0150090459183,100.069514436,211.968554377,211.968541976,171.69360209,85.4738530216,226.165863348,183.714838731,211.969179285,211.968546171,211.968547313,24.8749002886,158.974171121,52.2104124704,0.0150076772584,234.425215676,223.744430641,62.5861550553,211.968516183,211.968550933,0.0150086076884,47.0366105347,83.3427084519
2011-10-19 16:00:00,211.968553837,0.0150002044484,0.0208079015336,215.037982916,171.694630241,1.38913969896e-05,211.968533753,0.0345012170094,100.069533733,211.968560608,211.96855989,171.693621729,85.4738532119,226.16592521,183.714842351,211.969179393,211.968552214,211.968554026,24.8749019714,158.974365526,52.2104194124,0.0150109549814,234.425217409,223.74445948,77.2668557351,211.968881491,211.968565488,0.0150075366645,47.0364936938,83.3427181389
2011-10-19 17:00:00,211.96855131,0.0150002079324,0.0208092916886,215.03799977,171.694631338,1.39002238378e-05,211.968542675,0.0345020425182,100.069535948,211.968563715,211.968564202,211.967447025,85.473852936,226.165938821,183.714843562,211.969178436,211.96855375,211.968555984,24.8749022928,158.995990161,52.2104201076,0.0150104573207,234.42521765,223.744471495,77.2668581022,211.969113602,211.968572044,0.0150056754831,47.036042151,83.3426875435
2011-10-19 18:00:00,211.968543642,0.0150002340464,0.0208094834141,215.038004125,171.694631318,1.37825309879e-05,211.968545462,0.0345028425317,100.069536384,211.968564445,211.968561169,211.967450826,85.4738524555,226.165941087,183.714843717,211.969172786,211.968553036,211.968556808,24.87490197,211.968002046,52.2104218032,0.0150089360873,234.42521765,223.744471766,77.2668580817,211.969130254,211.96857527,0.0150036070899,0.0153135263538,83.3425443118
2011-10-19 19:00:00,211.968536985,0.0150003803959,0.0208079506015,215.038004525,171.694631074,1.35927855637e-05,211.968545592,0.0345028789569,81.0565648592,211.968564499,211.968559557,211.967451546,85.4738522909,226.165938078,183.714843384,211.969144521,211.968552625,211.968556961,24.8749014751,211.968442005,52.2104148671,0.0150103894015,234.425217646,223.744464424,77.2668579901,211.969160704,211.968575289,0.0150030527581,0.0150847329398,83.340939187
2011-10-19 20:00:00,211.968531485,0.0150006918187,0.0208070583967,215.037997886,171.694631571,1.33996125496e-05,211.96854681,0.0345025382566,81.0565175571,211.968564556,211.96855843,211.967451782,85.4738520359,226.165931964,183.714842856,211.968696402,211.968554421,211.968556641,24.8749012786,211.968427147,52.210301122,0.0150098415448,234.425217547,223.744448192,77.2668578796,211.969171211,211.96857467,0.0150020711656,0.0150521953567,62.5073042823
2011-10-19 21:00:00,211.968529436,0.0150005128241,0.0208061560488,215.037982727,171.69463163,1.3159378248e-05,211.968547051,0.0345022218,81.056514217,211.968563822,211.968554376,211.967451786,85.4738514198,226.165918325,183.714842288,211.969036712,211.968555383,211.968556042,24.8749005782,159.002734419,22.7118100267,0.0150084329756,234.425217431,223.74439616,77.2668578365,211.969132381,211.968572708,0.0150013431522,0.0150196513333,62.5071350671
2011-10-19 22:00:00,211.968526387,0.0150004002412,0.0208049302477,215.037955387,171.694631215,1.29938519397e-05,211.968545524,0.0345017574821,81.0565127683,211.968562813,211.968549979,211.967451255,85.4738513223,226.165890096,183.714841782,211.969101349,211.9685547,211.96855524,24.8748995063,158.995468446,0.0150282540176,0.015008491384,234.425217283,223.744284454,77.2668577626,211.969172892,211.968570348,0.0150010825597,0.0150125878119,62.507088582
2011-10-19 23:00:00,211.968521753,0.0150002474971,0.0208039251004,215.037936636,171.69463115,1.28113463687e-05,211.968544212,0.0345013499826,81.0565123599,211.968561617,211.968545864,211.96745095,85.4738513316,226.16587236,183.714841298,211.969103287,211.96855347,211.968554132,24.874898667,158.974346752,0.0150133971077,0.0150083119286,234.425217148,223.744203671,77.2668578415,211.969184162,211.968565529,0.015000332928,0.0150044379694,62.5070548021
2011-10-20 00:00:00,211.968513126,0.0149994575633,0.0208056270458,215.037930456,171.69463055,1.28001003478e-05,211.968546589,0.0344987771987,81.0565147042,211.968560531,211.968539259,211.967450714,85.4738512929,226.165918904,183.71484062,211.969142195,211.968549428,211.968553134,24.8748994471,158.974207805,22.7115221898,0.0150059871792,234.42521706,223.744160129,77.2668578077,211.969130574,211.968561308,0.0150017786506,0.0150085201591,62.5070247596
2011-10-20 01:00:00,211.968512069,0.0149996769108,0.0208050605185,215.037925151,171.69463021,1.27993104783e-05,211.96854612,0.034499821129,81.0565145045,211.968559935,211.968539826,211.967450206,85.4738512708,226.165918167,183.714840509,211.969152519,211.968547552,211.968552211,24.8748979995,158.974193482,22.7117556857,0.0150047388829,234.425216972,223.744170352,77.2668578616,211.969113566,211.968560396,0.0150004673757,0.0150050646068,62.5070392016
2011-10-20 02:00:00,211.968520062,0.01500004724,0.0208050985981,215.037926685,171.694630249,1.28686775513e-05,211.968544959,0.0345004763912,81.0565150886,211.968559221,211.968542171,211.96744986,85.4738509833,226.1659073,183.714840431,211.969165818,211.96854652,211.968551733,24.8748980296,158.974190038,22.7118187582,0.0150039653488,234.425216906,223.744184571,77.2668578953,211.969119329,211.968561315,0.0150012178873,0.0150112645838,62.5070841762
2011-10-20 03:00:00,211.968531853,0.0150010083416,0.0208054789331,215.037944822,171.694630986,1.30234133964e-05,211.968544568,0.0345015111852,81.0565162944,211.968558405,211.968546675,211.96744943,85.473851537,226.165884544,183.71484071,211.969174394,211.968551282,211.96855163,24.8748995297,158.974190693,52.2102756637,0.0150050128498,234.425216962,223.74427121,77.2668580299,211.969133466,211.968565178,0.0150046128631,0.0150559288982,62.5072492972
2011-10-20 04:00:00,211.968546238,0.0150022771241,0.0208068514993,215.037991206,171.694631911,1.35182392449e-05,211.968546166,0.0345021911127,81.0565298908,211.968557683,211.968548488,211.967448919,85.4738526252,226.165914575,183.714840556,211.969175377,211.968557518,211.968551901,24.8749014559,158.974189238,52.2104094461,0.015008909898,234.425217129,223.744478575,77.2668581511,211.969216392,211.968574403,0.0150113118206,0.0151042580646,83.3423024721
2011-10-20 05:00:00,211.968556541,0.0150024756883,0.0208117450376,215.038015409,171.694632736,1.42458645189e-05,211.968548627,0.0345034462911,81.0566311596,211.968553654,211.968542375,211.967448573,85.473853602,226.165935525,183.714838563,211.969174949,211.968558917,211.968550881,24.8749025234,158.974193679,52.210416655,0.0150165738134,234.425217189,223.744498055,77.2668581063,211.969278359,211.968577163,0.0150204037144,0.0152648085094,83.3426360223
2011-10-20 06:00:00,211.968567469,0.0150019607055,0.0256088043488,174.180900282,171.694633553,1.42323595601e-05,211.968548742,77.698176104,81.0565586946,0.0102156209574,0.0280689868253,211.967447719,85.4738539068,211.968885678,148.809012353,211.969174285,211.968535189,171.694524736,24.8749036758,158.986517157,52.2104151431,0.0150248258012,234.425215007,223.744502808,77.2668577313,211.969280676,211.968578007,0.0150129184557,0.0152666844101,83.3427194819
2011-10-20 07:00:00,211.968547226,0.0149997715666,0.0208083283124,174.18081935,171.694631229,1.41429641138e-05,211.96832496,211.968174492,81.0565166347,0.0101951199015,0.0280193760547,211.967444727,85.4738344729,226.165510948,148.80900414,211.968526614,211.968532997,171.694513436,24.874897304,158.992820981,52.2104071934,0.0150139683507,189.884425895,223.744499769,77.2668527045,211.968313278,211.968578022,0.0150161529634,0.0158612226564,83.3427451975
2011-10-20 08:00:00,211.968538617,0.0149991670845,0.0208076055863,174.180813737,171.694543907,1.40197938623e-05,171.694537797,0.0345040046451,81.0565130636,0.0100070415382,0.02748434619,92.2065226678,64.1055036919,226.165890168,79.9152145256,171.695039116,211.968102758,158.976654183,20.1486753909,158.974168431,52.2103752166,0.0150064246585,189.884424738,223.744494504,0.0150010742339,158.977111833,211.968571208,0.0150159407383,0.0166501461599,83.3427227892
2011-10-20 09:00:00,211.968531037,0.0149988700687,0.0208061472393,174.180814985,139.072652516,1.38904984002e-05,171.694527234,0.0345032314981,81.0565090344,0.0100034983501,0.0100159201712,92.2065119842,64.1054264127,226.165831873,0.0100157085683,171.695030662,171.694549177,0.0100118168506,18.6561736306,69.1542062678,22.7118656619,0.0150030955654,189.884420163,223.744497733,0.0149994509798,158.977014972,211.968527814,0.015015884361,92.1942032254,83.3426887254
2011-10-20 10:00:00,211.968525934,0.0149988593142,0.0208058484301,174.180819651,128.771011892,1.37877801432e-05,171.694511207,0.0345028843127,81.0564112089,0.0100034507805,0.0100107435694,92.2063220967,64.1054013235,183.194535736,0.0100121286273,171.695007228,171.694547681,0.0100087518278,0.0200005860943,69.153768962,22.7118327705,0.0150021237228,0.0150181614868,223.744496293,0.014966536354,158.97697961,171.694569787,0.0150187101848,92.2058569685,83.3427176166
2011-10-20 11:00:00,211.968525184,0.0149992489622,0.0208066121863,174.180851799,128.770938869,1.37484940647e-05,171.694520987,0.0345028059114,81.0563802437,0.0100045378409,0.0100155769978,0.0100076358334,64.1053954137,183.194464718,0.0194141508515,171.691360002,171.694667005,0.0100238325041,0.0200000342508,69.1537633365,22.711857675,0.0150021469881,101.97505298,223.744495798,0.0100010171453,158.977006471,171.694615654,0.0150368570128,92.2060334543,83.3427459822
2011-10-20 12:00:00,211.968531763,0.0150000593494,0.0208151368687,215.037539411,128.770981229,1.37410741738e-05,171.694525787,0.0345017743066,81.0563874152,0.0101030074729,0.0274725296404,0.0100064935501,64.1054071804,183.194475466,148.808993461,171.695025887,211.968520072,171.69440063,0.0200004281794,69.1537576593,52.2103953842,0.0150018032332,189.884412975,223.744486742,0.0100007862345,158.97786369,211.968551086,0.015182827228,92.2060883661,83.3427694581
2011-10-20 13:00:00,211.968537919,0.0150018183463,0.0477536320396,215.038004717,139.072651979,1.371517227e-05,171.694527811,0.0345016334215,81.056431768,0.0102112386808,0.0280295818458,0.0100116919412,64.1054236705,226.165888489,148.809009201,171.695031554,211.9685392,171.69452071,18.6561680564,69.1537632436,52.2103912516,0.0150022353486,189.884424201,223.744491664,0.0100022768861,211.968949252,211.968563278,0.0152167795175,92.2061406578,83.3427789979
2011-10-20 14:00:00,211.96854678,0.0150083704407,0.0478138433019,215.038907559,139.072659769,1.3718935621e-05,171.694536837,0.0345023504933,81.0565161437,0.0151925717679,0.0636201781467,92.2064645969,85.4737275981,226.16595057,183.71478619,171.695048991,211.968552148,211.968526336,24.8749006065,69.1537601967,52.2103867527,0.015004461204,189.884425687,223.744499703,0.0149978942051,211.969219236,211.968578932,0.0152971349162,92.2065777948,83.3427915182
2011-10-20 15:00:00,211.968565351,0.0150161065045,0.0478257412258,215.038990377,171.694630793,1.37925075615e-05,211.968543471,0.0345031467227,100.069724538,211.968552086,238.106572694,92.2065157267,85.4738465759,226.165968925,183.714877381,211.969174828,211.9685628,211.9693038,57.1836790083,69.1537554818,52.2103993953,0.0150098264055,234.425214877,223.744503541,0.0150008132698,211.969281282,211.968585598,0.0153162536298,92.2072876994,83.3428046909
2011-10-20 16:00:00,211.968575668,0.0150304782585,0.0478294363833,215.039018505,171.69464434,1.39260525207e-05,211.968561789,0.0345033668174,100.069733508,211.968558439,238.10658939,92.206557505,85.4738532615,226.16598108,183.714884499,211.969176481,211.968564084,211.969336838,57.1836828332,69.1537505032,52.210400996,0.0150155332152,234.42521911,223.744507815,0.0152097860916,211.969312201,211.968587802,0.015322425941,92.206875763,83.3428022719
2011-10-20 17:00:00,211.96856765,0.0150438122801,0.0478312311406,215.039030922,171.694646176,1.39909838149e-05,211.968564285,0.0345030994337,100.069734966,211.968561485,238.106593368,211.967441161,85.4738536107,226.165984911,183.714887027,211.969176718,211.968564303,211.969342772,57.1836832659,69.1537441082,52.2104011531,0.0150182369376,234.425219525,223.744507762,177.624936501,211.969322559,211.968587711,0.015323054141,92.2066872751,83.3427852947
2011-10-20 18:00:00,211.968558881,0.0155375181891,0.047832557313,215.039032885,171.69464595,1.38860986372e-05,211.968565101,0.0345029375778,100.069733782,211.968562188,238.106590027,211.967445773,85.4738530178,226.165980636,183.714887891,211.969176531,211.968563552,211.969344756,57.1836818531,69.1537393238,52.2104019402,0.0150196074453,234.425219648,223.744498643,177.624937126,211.969310191,211.968586376,0.0152759568542,92.206234927,83.3427677094
2011-10-20 19:00:00,211.968550089,0.0156023769686,0.047831964175,215.03902741,171.694645538,1.37789621718e-05,211.968564548,0.0345007696826,100.069718639,211.968562221,238.106586952,211.967446817,85.4738528128,226.165972486,183.714887378,211.969176158,211.968561184,211.969344989,57.1836813332,69.1537046068,52.210401581,0.0150265871134,234.42521971,223.744483563,177.624937302,211.96928819,211.968583158,0.0153028112494,92.2063093653,83.3426817714
2011-10-20 20:00:00,211.968547397,36.787894965,0.0478308095283,215.039006922,171.694646163,1.35837615743e-05,211.968563981,0.0150236768411,81.0565275064,211.968562151,238.106584749,211.967447227,85.473852621,226.165965897,183.714887107,211.969175766,211.968558504,211.969343191,57.1836810582,0.0157664752093,52.210399113,0.0150336684649,234.425219675,223.744461475,177.624937402,211.969263176,211.968579975,0.0153342083231,92.2061405401,62.5126133555
2011-10-20 21:00:00,211.968542815,36.7878998083,0.0478292034975,215.038867557,171.694645915,1.33096734953e-05,211.968563886,0.0150094567433,81.0565178378,211.968561385,238.106580236,211.967447169,85.4738521038,226.165943781,183.714886392,211.96917547,211.968556828,211.969337297,57.1836807863,0.0150221971493,52.2103967904,0.0150348902732,234.425219601,223.744401685,177.62493749,211.96923425,211.968576309,0.0153665616032,92.2059305004,62.507225771
2011-10-20 22:00:00,211.96854005,36.7878882417,0.0478267209497,215.03823191,171.69464437,1.31392519674e-05,211.968562202,0.0150081606653,81.056515166,211.968560307,238.106574232,211.967446564,85.4738519915,226.165915183,183.714885677,211.96917546,211.968553976,211.969322266,57.1836801049,0.015007340879,52.2103949972,0.0150368809806,234.425219481,223.744241616,177.624937521,211.969201962,211.968572286,0.0154210546394,92.2056439378,62.5071290774
2011-10-20 23:00:00,211.968538518,36.7877895503,0.047821585308,215.038047102,171.694643661,1.29943321665e-05,211.968559881,0.0150057886111,81.056513998,211.968559139,238.106568053,211.967446158,85.4738520524,226.165913103,183.71488551,211.969175121,211.968552187,211.969131558,57.1836803853,0.0150042755645,52.2103940737,0.0150397734971,234.425219411,223.744179692,177.624937567,211.969160736,211.968567846,0.0154647131565,92.2043423779,62.5070683622
2011-10-21 00:00:00,211.968538296,0.0150465338989,0.0478151700778,215.038004889,171.694638757,1.30005928351e-05,211.968556256,0.0150033816647,81.056512222,211.968558238,238.106555938,211.96744564,85.4738519256,226.165894211,183.7148853,211.969174583,211.968554664,211.968604737,57.1836808518,0.0150021415007,52.2103949632,0.0150457279257,234.425219394,223.744154328,177.624937602,211.969123162,211.968566118,0.015399163178,74.6868932086,62.5068573058
2011-10-21 01:00:00,211.9685382,0.015251007028,0.0477788192545,215.037996121,171.694635451,1.30185933461e-05,211.96855218,0.0150016438379,81.0565128591,211.968557462,238.10655656,211.967445341,85.4738519527,226.165900753,183.714885127,211.96917442,211.968555947,211.968584444,57.1836809094,0.0150018948639,52.2103934312,0.0150498165276,234.425219403,223.744164005,177.624937663,211.968976876,211.968564512,0.0155107772221,74.6863302562,62.5066484876
2011-10-21 02:00:00,211.968539526,36.7879012473,0.0208159278356,215.038000715,171.694635458,1.30517485432e-05,211.968551264,0.0150009378754,81.056514554,211.968556698,238.106561626,211.967444994,85.4738520732,226.165901504,183.714885942,211.969174958,211.968556806,211.968579468,57.1836795786,0.0150020816055,52.2103930536,0.0150637097039,234.42521939,223.744164937,177.624937709,211.969018684,211.968562766,0.0163647663368,74.6871170172,62.5068170684
2011-10-21 03:00:00,211.968546977,36.7879318738,0.020807832383,215.038067701,171.694640483,1.32082914103e-05,211.968551811,0.015000557134,81.0565176255,211.968556024,238.10656848,211.967444564,85.473852221,226.16590751,183.714888155,211.969175802,211.968558759,211.968603234,57.1836766694,0.0150019497694,52.2103970925,0.0157042590739,234.425219437,223.7442814,177.624937826,211.96905657,211.968563564,0.0190189427378,92.2057258114,62.5071274206
2011-10-21 04:00:00,211.968558278,36.787934024,0.0208071568234,215.038904955,171.694644841,1.36538867504e-05,211.968553472,0.0150004745319,100.069730036,211.968555097,238.106570913,211.967444088,85.4738531927,226.165958348,183.714889682,211.969175356,211.968561762,211.969316594,57.1836775786,0.0150021213603,52.210455516,0.0345334476229,234.425219592,223.744460568,177.624937969,211.969137263,211.968565422,0.0351317447198,92.2060668938,62.5073361535
2011-10-21 05:00:00,211.968559,36.787933107,0.0208089932177,215.039045672,171.694645544,1.43332089365e-05,211.968555046,0.0150008238979,100.069748352,211.968550972,238.106562696,211.967443812,85.4738539328,226.165982054,183.714890179,211.969173782,211.968561974,211.969347948,57.1836786879,0.0150030973835,52.2116227033,0.0345528895591,234.425219682,223.744469474,177.624937989,211.969156578,211.968560703,0.0351849116101,92.2060754714,83.3391956383
2011-10-21 06:00:00,211.968546006,36.7879326209,0.0208225398439,215.039053637,171.694644317,1.44264592691e-05,211.96855308,0.0150047034717,100.069747261,0.0101762592801,0.062641900638,211.967442951,85.4738540921,226.165902881,148.809355002,211.969165739,211.968539836,211.968561484,57.1836778793,0.0150072557186,211.968550196,0.0345636606957,234.425219143,223.744035236,177.624937842,211.969135479,171.694532595,0.0189093852459,92.2059796421,83.3427000496
2011-10-21 07:00:00,171.694054005,0.015009762309,0.0207997247517,215.039048832,171.694632244,1.44106744662e-05,171.69454595,0.0150021685512,81.0566889834,0.0101572151609,0.0625851375558,211.967440292,85.4738175806,183.194613141,148.809063864,171.694554468,171.694545283,211.968553015,24.8749006834,0.0150117748574,52.2112858186,0.0345585443459,189.88442812,181.23309827,177.624936978,211.96830627,171.694499712,0.0153301904034,74.6871044083,83.3422066512
2011-10-21 08:00:00,158.976424941,0.0150015827928,0.0200360375692,215.038993425,171.694462879,1.4303889107e-05,171.694489538,0.0150005553239,81.0565157635,0.0100068696439,0.0277077679339,92.206721023,64.1054190829,183.194468289,148.80906053,171.69454392,171.694536396,211.968543976,20.148669186,0.0150053401046,52.211042336,0.0345445047968,189.884427019,181.233023366,143.876199143,158.976881319,171.693441292,0.0150707742024,0.0150873577868,62.5079307305
2011-10-21 09:00:00,0.0100196457243,0.0150004530863,0.0200044754893,215.038373394,139.072647614,1.41421037192e-05,92.2067202026,0.0150003660183,81.0565025664,0.0100035170061,0.0100157102415,92.206709776,64.1053713617,183.194460321,148.80905814,92.2061310512,171.694531413,211.968532453,0.0200016840169,0.0150041832245,52.2103960353,0.0151450275137,189.884416828,181.232424581,143.876197871,158.976771835,0.0149224776366,0.0150051878591,0.0150720536838,62.5083029273
2011-10-21 10:00:00,0.010005784766,0.0150001711555,0.0199999691941,215.037993799,74.687207463,1.40334310123e-05,92.2063191118,0.0150003323144,81.0564991656,0.0100035034636,0.010011675147,92.2064438076,0.0100405162665,183.194455286,148.80905828,0.0100151838512,171.694523785,211.968536096,0.0200000455844,0.0150036639187,52.2103840996,0.0150381346041,0.015004661317,0.0100526482733,143.876195715,158.976728037,0.0101631861407,0.0150048202053,0.0150390858987,83.3426061535
2011-10-21 11:00:00,0.0100058976466,0.0150002175641,0.0199979234611,215.037906995,74.6871661013,1.39710187583e-05,92.2063168578,0.0150003726078,81.056500436,0.0100044399969,0.0100242981002,0.0100074061545,0.0100212930773,183.19445811,148.809061203,0.0100825501484,171.694526466,211.968542056,0.0199997489442,0.0150035756228,52.2103781483,0.0150292504757,0.0150013576171,0.0103001190198,0.0102846639283,158.976710106,0.0151653692937,0.0150313752378,0.0151027177743,83.3427994323
2011-10-21 12:00:00,0.0100185690664,0.0150017627642,0.0199973185848,215.037952944,74.687165271,1.3943880714e-05,92.2063205976,0.0150013166707,81.0565121717,0.0100797425922,0.0277238279188,0.0100058591655,0.0100355679663,183.19446881,148.809064697,171.694507213,171.694533458,211.968549002,0.0200001036006,0.0150043827728,52.2103836423,0.0150264864577,175.818996244,181.232983714,0.0100029768755,158.97671579,171.694348953,0.0152605150993,92.2060550214,83.3431043784
2011-10-21 13:00:00,158.976413243,0.0150110381813,0.019998653776,215.038070328,74.6871665005,1.38565758473e-05,158.976378523,0.0150017013985,81.0565422266,0.0101722431304,0.0625952563634,0.0100106788472,64.1053638729,183.194483662,148.809116698,171.694550673,171.694537977,211.968557018,0.0200017858945,0.0150041271316,52.2103825447,0.0150116428899,189.884426674,181.233029383,0.0152554836891,158.976740058,171.694500653,0.0153430499761,92.206659435,83.3429739351
2011-10-21 14:00:00,171.69406121,36.7879321093,0.0200036700726,215.039029911,139.072637093,1.38269141495e-05,171.694490525,0.0150051722174,186.336808771,0.0210824535364,0.0637033764292,92.2066487993,64.1054298698,226.165882239,183.714879946,171.694561145,211.968532542,211.968927804,20.148674662,0.0150058482503,52.2103793944,0.0150066204798,189.884427985,181.234034061,143.876197009,158.976891459,211.968367831,0.018579684851,211.967900396,191.5925851
2011-10-21 15:00:00,211.968534852,36.7879374153,0.0208042441631,215.039085564,171.694549567,1.3876724231e-05,211.968444155,0.0150081133241,186.336818627,233.669593369,211.968501407,92.2067131828,85.4738374303,226.166016455,183.714894652,211.96858437,211.968561555,211.969362284,24.8749041824,0.0150084806361,52.2103761511,0.0150062286716,234.425219995,223.744416753,143.876198491,211.968500476,211.968538176,0.018719434887,211.968095207,191.592674351
2011-10-21 16:00:00,211.968546723,36.7879393103,0.0208203932329,215.039097138,171.694631604,1.3910397687e-05,211.968542476,0.0150097180031,186.336820993,233.669602292,211.968516495,92.2067517317,85.4738530687,226.166038995,183.714896364,211.968585884,211.968563266,211.969366469,24.8749144145,0.0150144737524,52.2103709825,0.0150056304487,234.425222847,223.744482534,177.624933733,211.968894481,211.968542692,0.0187013128356,211.968075592,191.592689201
2011-10-21 17:00:00,211.968546646,36.7879391965,0.0239647073501,215.039098038,171.694631985,1.38160032691e-05,211.968546053,0.0150108419478,186.336821236,233.669606094,211.968518557,211.967452456,85.4738536123,226.166045404,183.714896869,211.968586106,211.9685636,211.969367139,24.8749157915,0.0150186451838,52.2103406203,0.0150036151026,234.425223134,223.74448943,177.624937687,211.968900223,211.968544394,0.0185659109351,211.967998304,191.592684134
2011-10-21 18:00:00,211.96854507,36.7879358531,0.0208266998867,215.039093886,171.694631186,1.36261590318e-05,211.968545864,0.0150106734317,186.336821246,233.669607029,211.968515177,211.967457518,85.4738531145,226.166044977,183.714896798,211.968585948,211.968563502,211.969366885,24.8749110487,0.019349213222,22.7118279311,0.0150021868058,234.425223203,223.744486083,177.624937887,211.968876296,211.968544829,0.0154594465251,211.967866692,191.592597368
2011-10-21 19:00:00,211.968543211,36.7879409651,0.0208107485162,215.039083888,171.694630285,1.34215272124e-05,211.968545097,0.0150086621185,186.336819316,233.669607374,211.968509587,211.967458463,85.473853255,226.166041594,183.71489597,211.968585635,211.968562953,211.96936543,24.8749090093,0.0150129954202,0.015005690755,0.0150015958067,234.425223212,223.744473902,177.624937894,211.96885523,211.96854451,0.0154323920525,211.967023175,191.592508515
2011-10-21 20:00:00,211.968543314,36.7879443905,0.0208092978151,215.039055219,171.694630286,1.31966593707e-05,211.968544457,0.0150066985445,186.336817341,233.669607469,211.968506636,211.967458763,85.4738532293,226.166038796,183.714894717,211.968585386,211.96856243,211.9693626,24.8749065199,0.0150041424873,0.0150015758663,0.015001285361,234.425223153,223.744454532,177.624937867,211.968834942,211.968544116,0.0154312871238,211.966086488,191.592384845
2011-10-21 21:00:00,211.96854132,36.787943973,0.0208091461799,215.03898143,171.694629332,1.30183667771e-05,211.968544511,0.0150029977545,186.336814634,233.669607032,211.968502114,211.967458792,85.4738525934,226.166023012,183.714893893,211.96858493,211.968561925,211.96935755,24.8749041028,0.015002335992,0.0150004761217,0.0150009940846,234.425223057,223.744358502,177.624937816,211.968813737,211.968543899,0.0154224789053,92.2066784335,191.592177668
2011-10-21 22:00:00,211.968539725,36.7879427582,0.020808895674,215.03845719,171.69462706,1.2792773758e-05,211.968543315,0.0150013847906,186.336809775,233.66960543,211.968495412,211.967458323,85.4738526681,226.165982961,183.714892865,211.968584652,211.968560681,211.969349783,24.8749034107,0.0150013518194,0.014999870782,0.0150008312213,234.425222925,223.744250976,177.624937727,211.96876741,211.968543215,0.0153941309451,92.2070477228,191.591893989
2011-10-21 23:00:00,211.968537819,36.7879410531,0.0208093784717,215.038101404,171.694622731,1.27009776474e-05,211.968541808,0.0150009765657,186.336805063,233.669604405,211.968484715,211.967457867,85.4738524874,226.165959328,183.714891593,211.968584544,211.968559489,211.96931854,24.8749033151,0.0150010104577,0.0149996505881,0.0150007702373,234.425222813,223.744166796,177.62493764,211.968710254,211.968542447,0.0153587874178,92.2063031331,191.591327853
2011-10-22 00:00:00,211.968536519,36.7879227241,0.020811574115,215.038032618,171.694576345,1.26100123821e-05,211.96854117,0.0150009154524,186.33680506,233.669602524,211.968454576,211.967457345,85.4738521078,226.165950155,183.714890355,211.968584256,211.968558921,211.968888512,24.8749033924,0.0150046636233,0.0149998379195,0.0150009373657,234.425222753,223.744141214,177.62493761,211.968571782,211.968541873,0.0153051867451,92.2061411981,83.3438696445
2011-10-22 01:00:00,211.968535026,36.7879230542,0.0208085098353,215.038005752,171.694550288,1.24905722976e-05,211.968538248,0.0150005440527,186.336804885,233.669601629,211.968416025,211.967456807,85.4738517376,226.165951851,183.714889156,211.968583902,211.968558252,211.968613609,24.8749033702,0.0150008876605,0.0149996822126,0.0150013917972,234.425222709,223.744135412,177.624937537,211.968550699,211.968541324,0.0151820600828,92.2062353255,83.3434638632
2011-10-22 02:00:00,211.968534688,36.7879323251,0.0208074775554,215.038011806,171.694537258,1.24681764338e-05,211.968533358,0.0150003124633,186.336805103,233.669601684,211.968387086,211.967456336,85.4738514627,226.165961159,183.714888901,211.968583344,211.968557707,211.968597007,24.874903211,0.0149998095604,0.0149996656058,0.0150031449671,234.425222641,223.744130488,177.624937452,211.968549556,211.96854087,0.0150574821357,92.2061199078,83.3431428106
2011-10-22 03:00:00,211.96853553,36.7879410737,0.0208071301431,215.038054621,171.694504047,1.25519154225e-05,211.968528932,0.015000163544,186.336805263,233.669601416,211.968391898,211.967455815,85.4738517912,226.165984623,183.714889327,211.968583229,211.968557473,211.968607522,24.8749031048,0.0149996352965,0.014999820791,0.0150088480595,234.425222564,223.744150142,177.624937384,211.968535889,211.968539959,0.0150266670647,92.2060249287,83.343012196
2011-10-22 04:00:00,211.968535835,36.7879448594,0.0208073543944,215.038377127,171.694527227,1.26547320235e-05,211.96852535,0.0150001078471,186.336806431,233.669602284,211.968359025,211.967455292,85.473851392,226.166035065,183.714889786,211.968582517,211.968558091,211.969075621,24.8749032105,0.0149996605986,0.0150001002222,0.0150232033589,234.42522256,223.74432117,177.62493734,211.968525502,211.968538968,0.0150137232873,92.2059017519,83.342965555
2011-10-22 05:00:00,211.968535026,36.7879476723,0.0208080579048,215.039008596,171.694544639,1.28458593258e-05,211.968518213,0.0150001359362,186.336804502,233.66960264,211.968299724,211.96745465,85.4738512505,226.166053345,183.714889484,211.968580741,211.968557813,211.969339888,24.8749038613,0.0149999250017,0.0150007196244,0.0150310514868,234.425222458,223.744471559,177.624937203,211.968490734,211.968535954,0.0150077976028,0.0192584036823,83.3429332981
2011-10-22 06:00:00,211.968521983,36.7879459796,0.0208106010515,215.039024582,171.694554721,1.30199044083e-05,211.968474044,0.0150007662978,186.336724998,189.272384672,0.0200590624865,211.967453228,85.4738505697,226.165852386,183.714831042,211.96857216,171.694546386,211.968552727,24.8749037001,0.0150023826151,0.0150017491987,0.0150356735213,234.425221375,211.968673918,177.624936888,211.968278365,171.694527446,0.015004844757,0.0150776642214,83.3428727241
2011-10-22 07:00:00,0.0151639683313,36.7879484019,0.0200059345623,215.038151647,74.6871645659,1.31975263403e-05,0.0195352952894,0.0150004063581,150.932726753,189.272377817,0.0200118237793,211.96745098,64.1057124069,183.194552597,183.714751856,92.207012467,171.694533966,211.968423617,0.0200115372962,0.0150044316722,0.0150030265914,0.0150358481689,189.88442486,181.233076246,177.624934862,0.0390953179677,171.694502081,0.0150053568502,0.0150410045424,83.3428480131
2011-10-22 08:00:00,0.0101455397835,36.7879486051,0.0199979440051,215.037891083,0.0200138173131,1.33340080053e-05,0.0150927319402,0.0149998962852,81.0565185874,189.272353291,0.0199359048283,171.693624719,64.1053583675,183.194529252,148.809074779,92.2066108472,171.694528228,171.695197081,0.0200003005938,0.0150108498212,0.0150047661001,0.0150345609416,189.884423543,181.233069789,62.5861679242,0.0389273009982,171.694483278,0.0150056644507,0.0150164977915,83.3428276396
2011-10-22 09:00:00,0.0100051806115,36.7879504877,0.0168893271306,215.037893583,0.0199980912992,1.33327392856e-05,0.0150015780559,0.0149998378224,81.056103421,175.253680655,0.0100527595173,171.693616082,0.0102531444836,183.19452494,148.809065179,0.010015581394,92.2067648812,171.695191413,0.0199986313049,0.015072995352,0.0150097844342,0.0150334960634,175.81895174,181.233080636,62.5861661335,0.0348130068483,158.976413199,0.0150062820991,0.0150111787927,83.3427780577
2011-10-22 10:00:00,0.0100034888619,36.7879483788,0.0168369409414,215.037881708,0.0150020901878,1.3249429499e-05,0.0149960873852,0.0149998051766,0.0200077295532,189.272342365,0.019861302156,158.975307288,0.0100129814879,183.194523446,148.80906373,0.0100073052559,0.010018428105,171.695189314,0.0199910735936,0.0194604847268,0.0150274843225,0.0150326620081,0.0148296822233,181.233100152,0.0150032682865,0.0153005254206,0.0100513577457,0.0150070348303,0.0150100123746,83.3426228658
2011-10-22 11:00:00,0.0100035549689,36.7879521807,0.0166567785877,215.037902723,0.0150001099449,1.31513050805e-05,0.0149914974796,0.0149997780092,0.0200237050989,189.272380199,0.0199938839095,0.0100092070778,0.0100095330043,183.194531968,148.80906435,0.0100092565424,0.0100174558251,171.6951934,0.0199436073477,69.1533671163,22.7116734121,0.0150327147283,0.0149931716146,181.233652072,0.0100014560287,0.0151323507775,0.0100535699835,0.0150083095084,0.0150081913213,83.3425024875
2011-10-22 12:00:00,0.0100055349439,36.7879561537,0.0168286211548,215.037946178,0.0149998532313,1.30791939861e-05,0.0149955861114,0.014999777904,81.0565209236,189.27239296,0.0200033701246,0.0100056905879,0.0100115411474,183.194549704,148.809116632,0.0149900178285,171.694501906,211.968490933,0.0199956829846,69.1537973934,22.711853487,0.0150366928712,189.884390041,223.743951756,0.0100015125475,0.0150732672462,158.976631145,0.0150108189385,0.015015386119,83.3427768981
2011-10-22 13:00:00,0.0150361009722,36.7879667922,0.0168449209805,215.037948799,0.0150000481204,1.30710890035e-05,0.0150006439543,0.0149997685925,150.932745858,211.968488699,0.0200467234399,0.0100406723853,64.1051794318,226.1656912,183.714822654,92.2070075578,171.694535898,211.968555248,0.0199994883371,69.1538345762,52.2102992799,0.0150560846525,189.884423742,223.744105556,0.0150153032005,0.0153163754873,171.694501571,0.015018396278,0.0150148633487,83.3428987646
2011-10-22 14:00:00,0.0151839612492,36.7879927545,0.019997817899,215.038157859,0.0150009546855,1.30960655006e-05,0.015086441083,0.0149998206158,186.336805365,233.671684428,0.0204985137718,171.693611774,64.1053801687,226.166252502,183.714872521,92.2070191879,211.968507095,211.969323951,0.0200063138674,69.1538243618,52.2103418095,0.0153623174959,189.884424865,223.744161421,62.5861658945,0.0389515120401,171.694884119,0.0150466922735,0.0150284170454,83.3431026322
2011-10-22 15:00:00,211.968511706,36.7886194677,0.0200046600574,215.039075531,0.0200146681592,1.32332521473e-05,0.0199443999281,0.0150000234081,186.336823011,233.671755557,0.027779982206,171.693624989,85.473823241,226.166430329,183.714883968,211.968539797,211.968601875,211.969362978,24.8748971429,158.973951857,52.2103479578,0.0152005516336,234.425213584,261.685822941,62.5861673149,0.0393428204299,211.968557691,0.0152263585373,0.0150502952936,83.344384995
2011-10-22 16:00:00,211.968533928,211.96801993,0.0207893634769,215.039093201,74.6871627335,1.33681666502e-05,0.0200188401528,0.0150010371956,186.33682579,233.671765182,0.0277952614987,211.967401647,85.4738522044,226.166457529,183.714885152,211.968543451,211.968611335,211.969367831,24.874901904,158.974181377,52.2103496446,0.0150523512091,234.425215669,261.687087178,77.2668723218,92.2067521199,211.968565501,0.0153901586679,0.0151115406251,191.592012997
2011-10-22 17:00:00,211.968536199,211.968407462,0.0207883677827,215.039091514,74.6871633544,1.32674545247e-05,0.0200198058589,0.0150012465434,186.336826045,233.671770112,0.0277977080786,211.967441734,85.4738532511,226.166466235,183.714884483,211.968544464,211.968614625,211.969367702,24.8749018682,158.974200502,52.2103475761,0.0150359141035,234.4252159,261.687268844,77.2668736946,92.2068430903,211.968568643,0.0154546032677,0.0151721365622,191.592449467
2011-10-22 18:00:00,211.968536114,211.968459119,0.0207867952003,215.039083467,74.6871631359,1.30874350238e-05,0.0200208224611,0.0150013791931,186.336824676,233.671771456,0.0277928604672,211.967444438,85.473853006,226.166467891,183.7148831,211.968545035,211.968616365,211.969366952,24.8749011561,158.97432609,52.2103388082,0.015030838717,234.425215917,261.687388103,77.2668738119,92.206872472,211.968570005,0.0155266999258,0.0151281618608,191.592159587
2011-10-22 19:00:00,211.968535299,211.968479268,0.0207791471808,215.039071534,74.6871629088,1.29306740447e-05,0.0200189548835,0.0150004023836,186.336823235,233.671771893,0.027793276982,211.967444948,85.4738529465,226.166466838,183.714880182,211.968545155,211.968616232,211.969364737,24.874899994,158.974211328,52.21033475,0.0150236744405,234.425215895,261.687314341,77.2668738214,92.2068817357,211.968569684,0.0156031174037,0.015124307292,191.592519531
2011-10-22 20:00:00,211.968536077,211.968488923,0.0207755852147,215.039033762,74.6871634466,1.28068956073e-05,0.0200222621801,0.0150002395655,186.336822067,233.671771977,0.0277934280902,211.96744516,85.4738531097,226.166466924,183.7148758,211.968545124,211.96861523,211.969361379,24.8748991589,158.97419806,52.2103330586,0.0150133894625,234.425215843,223.74530251,77.2668737942,92.2068874134,211.968569333,0.0157433013134,0.0151236180664,191.592576263
2011-10-22 21:00:00,211.968534037,211.968494822,0.0207697432249,215.038947368,74.6871633431,1.2653931888e-05,0.0200240986322,0.0150001905762,186.336820927,233.671769288,0.0277863787486,211.967445059,85.4738526935,226.16645613,183.714868178,211.968545054,211.968613011,211.96935595,24.8748982615,158.974187162,52.2103337005,0.0150072568182,234.425215752,223.744283733,77.2668737518,92.20689207,211.968568479,0.0159898872559,0.0151792339243,191.592519316
2011-10-22 22:00:00,211.968532337,211.968497695,0.0207547137163,215.038394155,74.6871623086,1.25073211277e-05,0.0200236129723,0.0150001085708,186.336819852,233.67176496,0.0277681883058,211.96744467,85.4738526472,226.166416248,183.714857084,211.968544912,211.968608563,211.969347428,24.8748961205,158.974167097,52.2103337517,0.0150044605632,234.42521561,223.744163515,77.2668736691,92.2069032889,211.968567949,0.0168400550169,0.0154359303849,191.592504675
2011-10-22 23:00:00,211.968530397,211.968500036,0.0207216845782,215.03807173,74.6871609275,1.23636208701e-05,0.0200221520508,0.0150000024807,186.336818823,233.671759362,0.027739970078,211.967444001,85.4738523759,226.166286751,183.714849479,211.968544862,211.968602925,211.969309629,24.8748939329,158.973936497,52.2103321011,0.0150034916475,234.42521546,223.744121584,77.2668735962,92.2069098451,211.96856618,211.941083531,0.0178208660233,191.592617153
2011-10-23 00:00:00,211.96852899,211.96850169,0.0205655789609,215.038008902,74.6871389585,1.22527755396e-05,0.0200030744391,0.0149999312835,186.336818244,233.671754452,0.0277250050354,211.967443416,85.4738523121,226.166167502,183.714842105,211.968544826,211.968596181,211.968925835,24.8748960451,158.968885586,52.2103314429,0.0150036389287,234.425215264,223.744098443,77.2668734396,92.2068955401,211.968565927,211.967480311,92.205951816,191.592743071
2011-10-23 01:00:00,211.9685275,211.968503435,0.0207322734643,215.037984652,0.0200125631668,1.22274206278e-05,0.0200083082981,0.0149998961876,186.336817097,233.671753419,0.0277203564073,211.967442755,85.4738524992,226.166096896,183.714842836,211.968544538,211.968590696,211.968603967,24.8748968228,158.96070468,52.2103304525,0.0150064613431,234.425215135,223.744092978,77.2668733216,92.2068921974,211.968566359,211.967917297,92.2063012489,191.592819834
2011-10-23 02:00:00,211.968526551,211.968504966,0.0207043392198,215.037981964,0.020001094907,1.22387120809e-05,0.0200117822005,0.0149998810132,186.336815141,233.671751773,0.0277203097545,211.967442006,85.4738525337,226.166082183,183.714838178,211.968544076,211.968589052,211.968586255,24.8748973371,69.1566390215,52.2103304484,0.0150078137375,234.425214978,223.744095446,77.2668731834,92.2068830744,211.968566644,211.968050066,92.2063972318,191.592874508
2011-10-23 03:00:00,211.968526614,211.968506497,0.0205856049865,215.0380068,0.0199987591887,1.22991128747e-05,0.0200144282889,0.0149998842832,186.336813277,233.671754653,0.0277199194157,211.967441301,85.4738524461,226.166099642,183.714834862,211.968543739,211.968589716,211.968586206,24.8748965122,69.1539299484,52.2103302147,0.0150077207795,234.425214775,223.744085052,77.2668730081,92.2068752934,211.968566461,211.968123582,92.207033308,191.592919259
2011-10-23 04:00:00,211.968525744,211.968507086,0.0206733567829,215.038044628,0.0199976861837,1.23476884662e-05,0.0200160800388,0.0149998906436,186.336811359,233.671757365,0.027719240171,211.967440395,85.4738517973,226.166247609,183.714832169,211.968543125,211.968596614,211.968619403,24.8748949088,69.1538682251,52.2103303573,0.0150084227397,234.425214475,223.744140498,77.2668727685,92.206859362,211.96856788,211.968185886,92.2333129828,191.592962497
2011-10-23 05:00:00,211.968523024,211.968505339,0.0207336481553,215.038464419,0.0199968877988,1.25021535264e-05,0.0200161003356,0.0149999319142,186.336804935,233.671758749,0.027728862657,211.967439017,85.4738508944,226.166375062,183.714830834,211.968541856,211.968605026,211.969091963,24.8748948323,69.1538912296,52.2103295337,0.0150114095629,234.425213775,223.744266516,77.2668723359,92.2068366252,211.968569947,211.968229918,211.968319812,191.593016032
2011-10-23 06:00:00,211.968509506,211.968505536,0.0207386058956,215.038053947,0.0199938317971,1.26149634439e-05,0.0200115621403,0.0150000650533,81.0566539673,211.96858012,0.0225213947592,211.967436778,85.4738492307,226.165995988,148.809041832,211.968536898,211.968550523,211.968549214,24.8748940097,69.1539110021,52.2103268764,0.0150114685782,234.425202971,223.744054325,77.2668714963,92.2067742449,171.694581318,211.968275237,211.968488829,191.59296155
2011-10-23 07:00:00,158.97500469,211.968495248,0.0199992341443,215.037953054,0.0150008874882,1.27962779532e-05,0.0150985461747,0.0150000023355,81.0565941295,189.274356231,0.0225152614077,211.967432769,64.1054111758,226.165947494,148.809023155,0.0150089595318,211.968539302,211.968541879,0.0199999062356,91.9169492829,52.2103144911,0.0150082801583,175.818885012,211.967781906,77.2668599431,0.0167469077654,171.69456541,211.96827042,211.968507501,191.592783702
2011-10-23 08:00:00,0.0153060725354,211.968493764,0.0166695925348,215.037879294,0.0149997165875,1.29762016798e-05,0.015022994892,0.0149999053261,81.0565187984,189.27415623,0.0225131760287,171.693600434,64.1053372105,226.165916721,148.80901815,0.0149996321332,211.968513643,211.968283825,0.0199978980748,92.2085385657,52.210267564,0.0150080466207,175.818877001,211.968445256,0.0150030232369,0.0163847547398,171.694559276,211.968260924,211.968492358,143.695219511
2011-10-23 09:00:00,0.0100088991008,211.96849374,0.0165682810114,215.037615724,0.0149992560611,1.30199596106e-05,0.015000203967,0.0149998756488,81.0565125005,189.274155472,0.022510379612,171.693594077,0.0100230786204,226.165842767,148.809015094,0.014906441304,211.968471505,171.695196981,0.0199764852349,158.974130061,52.2101640356,0.0150079986301,0.0100015203714,211.968572789,0.0150009980702,0.0162821790703,171.694558394,211.96827815,211.968485425,143.695022958
2011-10-23 10:00:00,0.0100050625069,211.9684907,0.0150265439198,174.181697435,0.0149987221878,1.30298142115e-05,0.0149953435328,0.0149998487147,81.0565046948,189.274159635,0.0225104088872,171.69336005,0.0100081186504,226.155039902,148.809013619,0.0131221827373,211.967999121,171.695193756,0.0150023966894,158.974153119,52.2101568531,0.0150077784505,0.0100011112531,211.968504219,0.0149969614205,0.0160419479196,171.694558444,211.968293805,211.968516122,143.694988619
2011-10-23 11:00:00,0.0100058994955,211.968485874,0.0150143233336,174.181700674,0.0149978925783,1.30027728246e-05,0.014990182126,0.0149998345723,81.0565121308,189.274183353,0.0225166127691,92.2065179405,0.0100063683711,183.194946953,148.809014862,0.0149591736465,211.96846753,171.69519907,0.0149982077662,158.974152976,52.2102286121,0.0150076036729,0.0100011914305,211.968485948,0.0149948796604,0.0151734523087,171.694562183,211.968326096,211.968592424,143.695080497
2011-10-23 12:00:00,0.0100302241702,211.968490929,0.0165645735253,215.037545233,0.0149978281754,1.30083862853e-05,0.0149944236315,0.0149998260784,81.0565161556,211.968524117,0.0225290571314,158.976062898,0.0100084617003,211.968583872,148.809017932,0.0150005241627,211.968533806,211.968117395,0.0199215624407,92.2056417124,52.2103154498,0.0150108049882,0.0100053369218,211.968675965,0.0149980697723,0.0150838249173,171.694581208,211.968349554,211.969242164,191.592590963
2011-10-23 13:00:00,158.974969858,211.968492004,0.0165782088951,215.03782965,0.0149984938985,1.29687719518e-05,0.0150007633232,0.0149997940875,81.0566050017,233.670482987,0.0226096132647,171.693596879,64.105062442,226.165860756,148.809021796,0.0150053150636,211.968554218,211.96854655,0.0199961131145,69.1536726218,52.2103190742,0.0150133439011,175.818883644,223.743192087,0.0150012604314,0.0161711152811,211.968532555,211.968374622,261.684782559,191.592935066
2011-10-23 14:00:00,158.975028872,211.96848663,0.0199964948426,215.037956733,0.0149992839518,1.3011700037e-05,0.0150676728669,0.0149998049297,81.0652829261,233.671761328,0.0278698939112,171.693601507,64.1053803854,226.165962322,183.714810779,0.0150785130792,211.968584052,211.968588507,0.0199996984374,0.015015766973,52.2103229975,0.0150190263414,175.818885571,211.968549478,0.0150020330222,0.0163320872932,211.968558423,211.968399539,261.689585601,191.593299773
2011-10-23 15:00:00,211.968512595,211.968460265,0.0200031034695,215.038998798,0.0149997950181,1.31195333159e-05,0.0196528328173,0.0149998471568,186.336743219,233.671778294,0.0341825659481,171.693633088,85.4738312109,226.166471079,183.7148281,0.0185268178219,211.968623834,211.969353407,0.0265582320945,0.0150116770431,52.2103239549,0.0150261990631,234.425225738,223.744418249,0.0150028589044,0.0165731610267,211.968577142,211.968420461,261.689847559,191.593371946
2011-10-23 16:00:00,211.968535055,92.2063529281,0.0204618182494,215.039018382,0.0150010730508,1.32320678761e-05,0.0199859606848,0.0149998953062,186.336745768,233.671783092,0.0342050314277,211.967392881,85.473854704,226.166495788,183.714829671,0.0185273508345,211.968627363,211.969358915,0.0265824844365,0.0150100410084,52.2103248316,0.0150265808008,234.425241726,261.688465556,0.0150116862853,0.0217529505914,211.968580798,211.968424956,261.69010416,191.593390145
2011-10-23 17:00:00,211.968537871,92.2063076826,0.0204617143963,215.039014568,0.0150007723733,1.32623148741e-05,0.0199868939733,0.0149999312691,186.336746061,233.671786619,0.0342097137128,211.967402576,85.4738556499,226.166498627,183.714829899,0.0185272593685,211.968627944,211.969359595,0.0265794352778,0.0150121450022,52.210323059,0.0150205003688,234.425242504,261.68854084,0.0185224284958,0.0217766630379,211.968581468,211.968419582,261.69012808,191.593346266
2011-10-23 18:00:00,211.968537008,92.2063026391,0.0204600110033,215.039003286,0.015000384205,1.32167311926e-05,0.0199820805378,0.0149999210354,186.336741248,233.671785198,0.0342107306711,211.967403554,85.4738554815,226.166497611,183.714831105,0.0185269878936,211.968627407,211.96935885,0.0265745841573,0.0150074916705,52.2103235607,0.0150061422589,234.425242753,261.688541472,0.0185228507394,0.0216078141532,211.968581301,211.968411898,261.690103421,191.593214773
2011-10-23 19:00:00,211.968534692,92.2063009968,0.0204472674275,215.038980705,0.0150002926072,1.31084714463e-05,0.0199837702144,0.0149998972396,186.336743639,233.671783331,0.0342084719078,211.967403518,85.4738554755,226.166491348,183.714829577,0.0185256944103,211.968625335,211.969356791,0.0265729440273,0.0150057118873,52.2103213061,0.015007611138,234.425242861,261.688417526,0.0185229476965,0.0217637487821,211.968579768,211.968407079,261.689660115,191.593037635
2011-10-23 20:00:00,211.968534256,92.2062994634,0.0200192167137,215.03893755,0.0150003687226,1.29104206934e-05,0.0199860916076,0.0149998749398,186.336747162,233.671781286,0.0342081588056,211.967403108,85.4738554326,226.166489927,183.714827892,0.0185247168445,211.968621414,211.969352768,0.0265732537346,0.0150039543082,52.2103184897,0.0150069723906,234.425242855,223.744982826,0.0185228457409,0.021799335013,211.968577541,211.96840702,261.68969348,191.592994534
2011-10-23 21:00:00,211.968531043,92.2062974374,0.0200070014355,215.03871556,0.0150003704809,1.2711525048e-05,0.0199847509946,0.014999847068,186.336747904,233.67177844,0.0342045319163,211.96740247,85.4738548095,226.166464193,183.714826303,0.0185247354501,211.968615299,211.969345319,0.0265714120439,0.015002614264,52.2103152107,0.0150054152061,234.425242729,223.744266834,0.018522809802,0.0217955063828,211.968574676,211.968407342,261.684456045,191.592978039
2011-10-23 22:00:00,211.968528197,92.2062953374,0.0200039076065,215.038106965,0.0150002706418,1.2560111192e-05,0.0199821015728,0.0149998114015,186.336748364,233.671768979,0.0341938511395,211.967400609,85.4738547747,226.166279326,183.714823803,0.0185244399726,211.968605268,211.969333969,0.0265669894085,0.0150016787146,52.2103125762,0.015004316425,234.425242529,223.744159128,0.018522630563,0.0217892652756,211.968573332,211.968407846,211.972082317,191.592967879
2011-10-23 23:00:00,211.968525494,92.2062937281,0.0200027802885,215.038004873,0.0150002619642,1.24220138741e-05,0.0199835854246,0.0149997857742,186.336748507,233.671757439,0.0341619587088,211.967399122,85.4738550712,226.166189124,183.714820019,0.0185234675225,211.968594395,211.969174497,0.0265620250567,0.0150013916323,52.2103108146,0.0150033727782,234.425242369,223.744124929,0.0185223671727,0.0217949839422,211.968570804,211.96840175,211.970272837,191.592961418
2011-10-24 00:00:00,211.968521906,92.2062917709,0.0200028029362,215.037979349,0.015000217292,1.23545865704e-05,0.0199883336755,0.0149997899823,186.336750994,233.671747054,0.0287314565769,211.967397802,85.4738551549,226.166184706,183.714812826,0.0185206962036,211.96857646,211.968631627,0.0215306658333,0.015001311038,52.2103118378,0.0150022784499,234.425242258,223.744109346,0.0185217184642,0.0218037823389,211.968568117,211.968400865,211.970328824,191.592916092
2011-10-24 01:00:00,211.968520038,92.2062926949,0.0200023597096,215.037969692,0.0150001329587,1.23599845463e-05,0.0199864780497,0.0149997893391,186.336750405,233.671743812,0.0280244339222,211.967397446,85.4738554595,226.166139513,183.714808674,0.0185155892412,211.968574193,211.968587463,0.0215255122522,0.0150010144728,52.2103109577,0.0150025266562,234.425242233,223.744110254,0.018520362671,0.0217920865238,211.968567346,211.968406572,211.975008142,191.592930749
2011-10-24 02:00:00,211.968527266,92.2062955935,0.0200016858678,215.037970925,0.0150001227184,1.2418894223e-05,0.0199857873794,0.0149997795469,186.336749875,233.671743764,0.028105976869,211.967397682,85.4738556458,226.166175824,183.714810717,0.0185169402723,211.968580366,211.96857936,0.0215251250304,0.015000700673,52.2103107065,0.015002148045,234.425242293,223.744111149,0.0185178636056,0.0217788361805,211.968568204,211.968418458,261.689347367,191.59296754
2011-10-24 03:00:00,211.96853709,92.2063006238,0.0200021193651,215.038024608,0.0150002297769,1.26174846698e-05,0.0199851169108,0.0149997758567,186.336749753,233.67175065,0.0341803146389,211.967398683,85.4738563044,226.166251561,183.714818594,0.0185217051611,211.968606837,211.968603662,0.0215302522119,0.0150015773983,52.2103123325,0.0150022754945,234.425242631,223.744226928,0.0185207406391,0.0217655183344,211.968572079,211.968448571,261.690259543,191.593029736
2011-10-24 04:00:00,211.968542903,92.2063048385,0.0200044631819,215.038622623,0.0150004424869,1.30716364545e-05,0.0199859273956,0.0149997920421,186.336750514,233.671764555,0.0342083318687,211.967399872,85.4738573696,226.166481337,183.714823028,0.0185219212457,211.968625698,211.969308639,0.0265709581513,0.0150042102652,52.2103317862,0.0150035771584,234.425243225,261.688732304,0.0185226545143,0.0217480416761,211.968578543,211.968478137,261.690381537,191.593122694
2011-10-24 05:00:00,211.968544727,92.2063063188,0.0200809842795,215.038716325,0.015000786801,1.36575821695e-05,0.0199848954566,0.0149998457397,186.33674864,233.671776484,0.0342113235233,211.967401239,85.473858251,226.166498235,183.714822796,0.0185208978042,211.968627468,211.969341556,0.0265761242733,0.0150142512102,52.2112131675,0.0150058713919,234.425243545,261.688801182,0.0185234044955,0.0217319575349,211.968579556,211.968493837,261.6904766,191.593108467
2011-10-24 06:00:00,211.968542172,92.2063034022,0.0204278207973,215.037885022,0.0150008485758,1.38158416696e-05,0.0199758642923,0.014999929222,186.336707787,233.671721518,0.0277236103681,211.967401886,85.4738585979,226.166482222,148.809012385,0.0185169712266,211.968580397,211.96855363,0.0265848097216,69.153762566,52.2111435901,0.0150044187653,234.425243015,261.688815368,0.0185234472715,0.0216621127623,211.968541511,211.968463355,261.690444674,191.592715319
2011-10-24 07:00:00,171.694528599,92.2062970875,0.0199987138647,215.037832306,0.0150001970205,1.37345524077e-05,0.0150088414431,0.0149999471571,81.0565156911,211.968558981,0.027715676405,211.967401323,85.4738383587,226.166366888,148.809008006,0.015002075061,211.968538717,211.968529299,0.0200005699979,158.974180714,52.2103296212,0.0150025452821,189.884450265,223.744341635,0.0185215232712,0.0151829091389,171.69455917,171.694942401,211.971249282,143.694384499
2011-10-24 08:00:00,171.694506154,92.2062943412,0.0165515453221,174.181041333,0.0149998512704,1.36458778482e-05,0.0149997391988,0.0149999167954,65.6558021952,211.96853929,0.0277144553886,171.693597128,64.1057111666,226.165987739,148.80900408,0.0149989311282,171.694626336,211.968055545,0.0199994882222,158.974291829,52.2103154459,0.0150022207792,189.884447476,223.744119307,0.0150095664088,0.0150393749129,171.694522208,92.2068762874,211.969181153,83.3435747486
2011-10-24 09:00:00,158.97657386,92.2062910241,0.0150122609391,174.180885093,0.0149997214225,1.35665990194e-05,0.0149968995816,0.0149998976786,65.65578282,211.968500461,0.0277169311375,171.693589327,64.1054241947,226.165929411,148.808999117,0.0149962612937,171.694608004,171.695179302,0.0199980821447,211.968268612,52.2103104403,0.0150020848212,189.884446455,223.743683367,0.01500634053,0.0149856004859,158.976976919,92.2063601112,211.968772353,83.3429819023
2011-10-24 10:00:00,158.976484762,92.2062858271,0.0150022094392,174.180858936,0.0149995991488,1.34767364638e-05,0.014992690486,0.0149998786736,65.6557760025,211.967929984,0.0277215132401,158.976493447,64.1053864448,226.165901637,148.809000389,0.014995144024,171.694606534,171.695175267,0.0199933392763,211.968421139,52.2103079626,0.0150019105237,175.82126684,211.968392789,0.0150055563966,0.0149608465015,171.69451239,92.2063823466,211.968587082,83.3429883395
2011-10-24 11:00:00,158.976477484,92.2062935896,0.0150016926472,174.180849944,0.0149996301805,1.34805043045e-05,0.0149899753019,0.0149998706511,65.6557548064,211.968533707,0.0277256144927,0.0150016301762,64.1053474388,226.165849958,148.809005561,0.0149972356126,171.694612143,171.695176453,0.0199728824858,211.968514174,52.2103081256,0.0150019738859,189.884444442,211.968091786,0.0150053334127,0.0149524286951,171.694555651,171.692711341,211.968625178,83.3477749249
2011-10-24 12:00:00,158.976502655,92.2063024647,0.0150038754111,174.180868515,0.0149997392105,1.34339289324e-05,0.0149928344153,0.014999855789,65.6557773911,211.968720768,0.0277278510141,171.69355962,64.1053852231,226.165861123,148.809009019,0.0149994410625,211.968437274,211.968501443,0.0199847807872,211.968507344,52.2103124785,0.0150017885318,189.884447296,211.968549835,0.0150053214073,0.0149610170841,211.965760652,211.967334708,211.96920454,143.694276679
2011-10-24 13:00:00,171.694505001,92.2063156709,0.0164508063795,174.180886379,0.0149999032258,1.33815526634e-05,0.0149968412634,0.014999860907,65.6557833691,233.671718303,0.0277574189569,158.976300609,64.1054320635,226.165917902,148.809047537,0.0150017076327,211.968557402,211.968604139,0.0199963834435,211.968525641,52.2103148005,0.0150016200053,189.88444898,223.743421266,0.0150055183257,0.014976676824,211.968558045,211.968388929,261.687999125,143.694585135
2011-10-24 14:00:00,211.968186221,211.96849205,0.0167702173958,215.037815349,0.0150001760684,1.34114222376e-05,0.0149997566538,0.0149998841621,81.0565162961,233.671768473,0.0342004841095,171.693567436,85.4737030764,226.166075887,183.714819145,0.0150070641956,211.968622566,211.969322433,0.0199992203198,211.968535614,52.2103292098,0.0150016861523,234.425237546,261.688335883,0.0150059211214,0.0149934830462,211.968572912,211.968499093,261.690581178,191.592646894
2011-10-24 15:00:00,211.968540104,211.968501851,0.0199991164289,215.038072583,0.0150020840809,1.3489284243e-05,0.015003696419,0.0149999356525,81.0565192837,233.671784663,0.0342272245729,171.693590799,85.4738520784,226.16649335,183.714824395,0.0185097341033,211.968627129,211.969336001,0.0200234469345,211.968539075,52.2103807063,0.0150024182434,261.689519596,261.688875168,0.01500715911,0.015044214628,211.968579677,211.96851998,261.690775656,191.592704017
2011-10-24 16:00:00,211.968546483,211.968504442,0.0200081065716,215.038091124,0.0199926249094,1.3620727257e-05,0.0150919124637,0.015000009173,81.0565186782,233.67178722,0.0342324309489,171.693659547,85.4738591128,226.166499067,183.714825899,0.0185100804045,211.968627264,211.969339226,0.0246903044426,211.968545618,52.2103880402,0.0150027412843,261.68952124,261.688896654,0.0185243156824,0.0152363550707,211.968581768,211.968526388,261.690795581,191.592695295
2011-10-24 17:00:00,211.968544841,211.968506288,0.020015879048,215.038089829,0.0199970074306,1.35980718649e-05,0.0150340698288,0.0150000717933,81.0565174916,233.671788712,0.0342329708533,211.968345242,85.4738591684,226.166497615,183.714826286,0.0185018200424,211.968626393,211.969338365,0.0246910272463,211.96854753,52.2103222794,0.0150022832243,261.689521601,261.688901902,0.0185260352597,0.015126899444,211.96858189,211.968522662,261.690753093,191.592642351
2011-10-24 18:00:00,211.968540545,211.96850182,0.0200083156999,215.038084638,0.0162944230329,1.34201506706e-05,0.0150193331151,0.0150000876275,81.0565149864,233.671787586,0.0342335237137,211.968350367,85.4738584985,226.166492123,183.714826624,0.0184861992415,211.968624739,211.969336233,0.0246893556289,211.96854298,52.2102997681,0.0150019295947,261.68952167,261.68889732,0.0185262282067,0.0150871002699,211.968579716,211.968508525,261.690561174,191.592566733
2011-10-24 19:00:00,211.968532033,211.968504003,0.020003515596,215.038076201,0.0199966964098,1.32699560667e-05,0.0150141509433,0.0150000731014,81.0565113209,233.671785292,0.0342305889317,211.968351337,85.4738583498,226.166484973,183.71482601,0.0150320576033,211.968622378,211.969333402,0.0246811087367,211.968548691,52.2102941492,0.0150014465117,261.689521656,261.688881622,0.0185261761149,0.0150604538282,211.968576286,211.968493502,261.6904482,191.592421646
2011-10-24 20:00:00,211.968533446,211.968507333,0.0200016653441,215.038059777,0.0208414821205,1.3136372288e-05,0.0150145685265,0.015000060264,81.0565048533,233.671783364,0.0342278401653,211.968351777,85.4738579838,226.166476902,183.714825643,0.0150177129957,211.96861962,211.969327645,0.0200154499224,211.968537686,52.2102880611,0.0150010019115,261.689521447,261.688835787,0.0185260533705,0.0150765905018,211.96857477,211.968476886,261.68316234,191.591147688
2011-10-24 21:00:00,211.968525959,211.96850444,0.0200007139457,215.038033798,74.6871577385,1.29500075629e-05,0.0150153964177,0.0150000722728,81.0564961687,233.67177867,0.0342184372992,211.968351626,85.4738571609,226.166454211,183.714825257,0.0150184989771,211.968616371,211.96931784,0.0200031095684,211.968513419,52.2102833345,0.0150006228018,261.68952107,261.688205637,0.0185259259417,0.0151366413988,211.968572882,211.968465723,261.687660268,191.579345592
2011-10-24 22:00:00,211.968516926,211.968500307,0.0199999532861,215.037978894,74.6871632746,1.26473500992e-05,0.0150141978672,0.0150000521441,81.0564770139,233.671771541,0.0341930109992,211.96835093,85.4738569939,226.166384603,183.714824705,0.01502102933,211.968609512,211.969297538,0.0200015463158,211.968448372,52.2102804236,0.0150003658209,261.689520599,223.744417695,0.0185257411519,0.0151962060934,211.968569369,211.968458723,211.973951586,191.588139161
2011-10-24 23:00:00,211.968500304,211.968496378,0.0199995118583,215.037952053,74.6871653926,1.24521401234e-05,0.0150151826611,0.015000024375,81.0563554228,233.671763788,0.0339207500614,211.968350435,85.4738569694,226.166151397,183.714823837,0.0150193574808,211.968597235,211.969197338,0.0200011277052,211.96831234,52.2102792919,0.015000229866,261.689519794,223.744210451,0.0185255921252,0.0152162156146,211.968564482,211.968454785,211.971300778,191.590376231
2011-10-25 00:00:00,211.968354081,211.968500024,0.0199994536778,215.037937631,74.6871657911,1.23860596682e-05,0.0150177574501,0.0150000295739,81.0563890096,233.671758373,0.027787368882,211.968349771,85.4738567302,226.166101002,183.714822741,0.0150179347637,211.968567261,211.96862995,0.0200012271905,171.698270485,52.2102803759,0.0150001472882,261.689514751,223.744195103,0.0185253513965,0.0152704620807,211.968556542,211.968458693,211.969921423,143.695042409
2011-10-25 01:00:00,211.968443257,211.968499605,0.0199994295576,215.037930863,74.6871660744,1.24389996644e-05,0.0150264039045,0.0150000470661,81.0560936756,233.671754779,0.0280538592886,211.968349477,85.4738567819,226.166072232,183.714822769,0.015014262757,211.968565902,211.968591382,0.0200012540524,158.976343595,52.2102775148,0.0150001645916,261.689516192,223.744209828,0.0185251478169,0.0153333944022,211.968553748,211.968459689,211.969675657,191.590242591
2011-10-25 02:00:00,211.968506872,211.968502281,0.0199996049832,215.037930083,74.6871667398,1.24798267258e-05,0.0150799543691,0.0150000188846,0.0200166398069,233.671754313,0.0341661441218,211.968349445,85.4738567087,226.166055428,183.714822869,0.0150155832627,211.968564924,211.968588521,0.0200015500644,158.975163402,52.2102764984,0.0150002768741,261.689517687,223.744235657,0.0185251538127,0.015520238465,211.96855575,211.968469231,211.984228985,191.591898423
2011-10-25 03:00:00,211.968534052,211.968512184,0.0199999871833,215.03794248,74.6871695416,1.26464280254e-05,0.0199771987918,0.0150000065748,0.0200050354131,233.671758755,0.0342045343178,211.968349442,85.4738571248,226.166136688,183.714823383,0.0150428696927,211.968567811,211.968643347,0.0200026039645,158.975986214,52.2102763104,0.0150005669412,261.689519703,223.744689547,0.0185254122607,0.0156485170552,211.968559006,211.9684931,261.690472626,191.592291184
2011-10-25 04:00:00,211.968546294,211.968515936,0.0200012656455,215.037976049,74.6871715814,1.30520790458e-05,0.0200185835713,0.0150000644217,0.0200249576165,233.671768774,0.034213838475,211.968350008,85.473858292,226.166355212,183.714823742,0.0152319516757,211.968580526,211.969239601,0.0202219248472,158.976237383,52.2102791911,0.0150014020103,261.689521434,261.688903264,0.0185256091696,0.0160953856507,211.968567227,211.968521501,261.690682088,191.592328685
2011-10-25 05:00:00,211.968549416,211.968516097,0.0200069735968,215.037982584,74.6871766301,1.36084706635e-05,92.2062833593,0.015000370362,0.0200431500777,233.671773705,0.034213215984,211.968351033,85.4738594413,226.166345725,183.714822509,0.0151712694322,211.968576062,211.969249099,0.0246906299707,211.965932233,52.2102816927,0.0150025937112,261.689522096,261.688926671,0.0185255804413,92.2073109471,211.968568237,211.968539446,261.690768355,191.592266445
2011-10-25 06:00:00,211.968548638,211.9685135,0.0205837845659,174.180810004,74.6871992622,1.3709117398e-05,74.6875985761,0.0150074157563,0.0199956511883,211.968589263,0.027919223709,211.968352186,85.4738598944,226.165934831,148.809008423,0.0185238518268,211.9683854,211.968487555,0.0246930197615,211.96851394,52.2102723372,0.0150040473143,261.689520838,261.688932719,0.0185251625099,211.966175364,211.968541287,211.968523924,261.690624932,83.3431268594
2011-10-25 07:00:00,211.968419418,211.968494556,0.0200033311812,174.180714626,74.687171695,1.36947659718e-05,92.2062984982,0.0150104544876,0.016192126568,189.274168208,0.0277459408664,211.968352677,85.4738576392,226.164174693,148.809001147,0.015021226399,171.694542805,171.694542681,0.0200011925565,211.968542851,52.2102568084,0.0150032001054,234.425214135,261.688920377,0.0185206853191,211.968203815,211.968498793,211.968057832,211.969700829,62.5108878635
2011-10-25 08:00:00,171.694533364,211.968381553,0.0200003668803,174.180672087,74.6871656566,1.36703731458e-05,92.2063153059,0.0150108830143,0.015002569595,189.274141702,0.0277168298084,171.69437226,85.4738581458,183.194459608,148.808990883,0.0150156700753,171.694534354,171.694520489,0.0200004075747,211.968534071,52.2098390892,0.0150027819137,211.968514026,261.688895702,0.0150021670474,211.968320708,211.968410497,171.695074604,211.96876289,62.5080482307
2011-10-25 09:00:00,171.694521964,92.2063548064,0.0200028689667,174.180028662,74.6871603393,1.36560005428e-05,92.20632855,0.0150101563271,0.0149999685667,189.274137391,0.0277077387796,171.694365285,85.4738567458,183.194421985,148.808596532,0.0150139933916,171.694528326,92.2069172165,0.0199998828281,211.968491466,22.7119687995,0.0150024955753,211.968513355,223.744150504,0.0149994304364,211.96834072,171.694595504,171.694808874,211.968673371,62.5078464915
2011-10-25 10:00:00,158.978873928,92.2063170525,0.0200024372841,161.280622859,60.4966080185,1.3567937038e-05,92.2063567314,0.0150101328389,0.0149996011752,189.274135983,0.0277036419278,171.694361292,85.4738480789,0.0151938785688,148.808538152,0.0150141875948,171.694521641,0.0100168928178,0.0199994499923,158.974567786,22.711901779,0.0150021499545,211.96851281,211.968551145,0.0149964899384,211.968325672,171.694571911,171.694838764,211.968638987,62.5076348189
2011-10-25 11:00:00,171.694489026,92.2063179136,0.0200085221312,174.180506682,60.4966039339,1.35281301412e-05,92.2063758184,0.0150103528299,0.0150004704179,189.274137701,0.0277019366661,171.694324196,85.4738361147,0.0150175945887,148.808988712,0.0150155719468,171.694525657,0.0100515234977,0.0199994394302,158.974199318,22.7118805641,0.0150020174809,211.968512854,211.968075432,0.0149911080475,211.967845255,171.695419176,171.695003845,211.968741959,62.5078823554
2011-10-25 12:00:00,171.694523796,211.968208097,0.0207912154498,174.18067594,0.0199988897604,1.3496969526e-05,92.2063803218,0.0150110970717,0.0150055837053,189.274142008,0.0277033067534,171.694341334,85.4738390783,169.62582148,148.808999574,0.0150224816991,171.694533192,171.694504263,0.0199999200419,158.974190574,52.2101980316,0.0150017897144,211.968513484,211.968087027,0.0149978296388,211.968171061,211.968482515,211.967884354,211.969059225,62.5079940886
2011-10-25 13:00:00,171.694546006,211.96851006,0.0207891795777,174.180707583,0.0200047864365,1.35013085204e-05,92.2063850886,0.0150112505508,0.0161945482712,211.968526,0.027721141875,171.694351076,85.473850218,183.194415016,148.809005166,0.0150331944192,171.694537908,171.694536233,0.0200007669998,158.974155271,52.2102451716,0.0150015279704,211.968514427,211.968549924,0.0149992287065,211.968388467,211.968471197,211.968436531,211.972530823,83.3427620933
2011-10-25 14:00:00,211.968504684,211.968520205,0.0208043274145,174.180795687,60.4966001305,1.35075128993e-05,92.2063801608,0.0150153727891,0.0199886706814,233.671742299,0.0341505448436,171.69436563,85.4738559011,183.194440057,183.71481202,0.0151909178316,211.968537423,211.968534436,0.0200089478217,158.974173565,52.2102490964,0.0150014836432,234.425232234,223.74419885,0.0150018263963,211.968117089,211.968542051,211.968533376,261.690605421,83.3431155479
2011-10-25 15:00:00,211.968551726,211.968522531,0.0208054102165,215.037912665,74.6871639833,1.35445644804e-05,92.2063836524,0.0345053888605,0.0199982102424,233.671768751,0.0341935177779,171.69437433,85.4738585128,226.165943686,183.714818562,0.0185212009821,211.968554892,211.968560075,24.8749018715,158.974229595,52.2102464875,0.015002048754,261.689523232,261.68892685,0.0150035890271,211.968449122,211.968560018,211.96855725,261.690705199,83.3435814163
2011-10-25 16:00:00,211.96855617,211.968523445,0.0208062682006,215.037930319,74.6871696001,1.37122016058e-05,92.2063873857,0.0345070847289,0.0199991686688,233.67177099,0.034195823952,211.967471349,85.4738595401,226.165955894,183.714819584,0.0185348714268,211.968555675,211.96856306,24.8749032447,211.968155892,52.2102385571,0.0150025685318,261.689523978,261.68894502,177.624927756,211.968488387,211.968561869,211.968561061,261.690640138,83.3436160225
2011-10-25 17:00:00,211.96855342,211.968522359,0.0208070826924,215.037934292,74.6871703165,1.36589298122e-05,92.2063881569,0.034508666733,0.0199992937802,233.67177229,0.0341930870904,211.968593604,85.4738595988,226.16595759,183.7148198,0.0185235584811,211.968555018,211.96856375,24.8749035119,211.968541151,52.2102197925,0.0150022152659,261.689524118,261.688946192,177.624931515,211.968504251,211.968560999,211.968555133,261.690590327,83.3435484551
2011-10-25 18:00:00,211.968545996,211.968522634,0.0208097993786,215.037935276,74.6871695556,1.35524513352e-05,92.2063868307,0.0345090162001,0.0199987037466,233.67177118,0.0341867421442,211.968599279,85.4738591107,226.165958622,183.714819366,0.0185392481999,211.968553511,211.968563931,24.8749033712,211.968541737,52.2097631739,0.0150017691381,261.68952421,261.688935439,177.624931865,211.968507909,211.968559014,211.968543487,261.690293529,83.3431810671
2011-10-25 19:00:00,211.968536624,211.968521521,0.0208096687282,215.037933603,74.6871692567,1.33837900097e-05,92.2063832547,0.0345073385641,0.0199977027656,233.671769956,0.0341703860671,211.968600654,85.4738587367,226.165955511,183.714819086,0.0150838018447,211.968553482,211.968563446,24.8749027104,211.968535248,22.7121365955,0.0150013697833,261.68952411,261.688906948,177.624931983,211.968500677,211.968554945,211.968526063,261.688973266,83.3430194951
2011-10-25 20:00:00,211.968537535,211.968522256,0.0208088455184,215.037928711,74.6871696672,1.31154150485e-05,92.2063798656,0.0345064818865,0.0199962269674,233.671768205,0.0341401206443,211.968601163,85.473858403,226.165954158,183.714818612,0.0150933180664,211.968552714,211.968562527,24.87490183,211.968495876,22.7118729418,0.0150009309357,261.689523718,261.688846285,177.62493202,211.968482527,211.968550854,211.968510799,211.969579128,83.3429695666
2011-10-25 21:00:00,211.968526496,211.968521924,0.0208082093941,215.037921253,74.6871692598,1.28593884447e-05,92.2063662731,0.0345061398274,0.0199943296662,233.671764973,0.0338909184686,211.968600754,85.473857587,226.165944696,183.714817123,0.0151313021447,211.968551724,211.968561508,24.8748996458,211.967697396,0.0150131788145,0.0150005555253,261.689523117,223.746319859,177.624932008,211.968439236,211.968548254,211.968501457,211.969009519,83.3429438319
2011-10-25 22:00:00,211.968521549,211.968521793,0.0208067280403,215.037910456,74.6871677268,1.26146288213e-05,92.2063234489,0.0345052905551,0.0199920855151,233.671759977,0.0277742443928,211.968598392,85.4738573216,226.165927641,183.714815487,0.0153012845135,211.968549823,211.968560342,24.8748939529,158.974310484,0.0150056810764,0.0150003475604,261.689521831,223.744426252,177.624931989,211.968407315,211.968546015,211.968496324,211.968624685,83.34292559
2011-10-25 23:00:00,211.968513305,211.968522046,0.0208035489889,215.037900943,74.6871671396,1.25043041809e-05,92.2063050181,0.0345040970838,0.0199897455762,233.671753328,0.0277224854465,211.968595795,85.4738570403,226.16591269,183.714814654,0.0183434349198,211.96854791,211.968558134,24.8748907577,158.974229375,0.0150034646705,0.0150002668607,261.689519729,223.744217328,177.624931977,211.96832681,211.968543152,211.968492092,211.968583632,83.3429055619
2011-10-26 00:00:00,211.968494582,211.968523022,0.0208056418957,215.037896294,74.6871663842,1.24171522599e-05,92.206320928,0.0345057195382,0.0199887302077,233.671750234,0.0276924099142,211.968590976,85.4738572774,226.16591742,183.714816955,92.206641186,211.968549279,211.968556297,24.874902392,158.974210745,0.0150018589439,0.015000339094,261.68951814,223.74417563,177.624931802,211.775300231,211.968542778,211.968492515,211.968555216,83.3428803731
2011-10-26 01:00:00,211.968502138,211.968523942,0.0208041423419,215.037894974,74.687164789,1.24138496064e-05,92.2063072916,0.0345054183704,0.0199906592737,233.671748206,0.0276887838497,211.968586413,85.4738572993,226.165915728,183.714816981,92.206673478,211.968548288,211.968554545,24.8749030319,158.97420587,0.0150011987814,0.0150002343399,261.68951786,223.744156658,177.624931863,158.976681733,211.968542048,211.968495544,211.968714704,83.3428771333
2011-10-26 02:00:00,211.968519572,211.968526969,0.0208033786209,215.037896509,74.6871631288,1.2443385961e-05,74.687132889,0.034504336324,0.0199925306021,233.671747867,0.027688394726,211.968579535,85.4738572815,226.165916389,183.714816815,92.2073973914,211.968547406,211.968554203,24.8749041298,158.974202951,0.015001020181,0.0150002911593,261.68951989,223.744178301,177.624931897,158.976507641,211.968542641,211.968502518,211.968588852,83.3428836733
2011-10-26 03:00:00,211.968528437,211.968540237,0.0208013043842,215.037902442,74.6871646888,1.25944653125e-05,74.6871225301,0.0345024801716,0.0199947874781,233.671748941,0.0277210008249,211.968570067,85.4738577903,226.165918527,183.714816947,211.968484529,211.968548535,211.968554814,24.8749051985,158.974203399,0.0150012124246,0.0150007714186,261.689522408,223.744317742,177.624931978,158.976513709,211.968543767,211.968518199,211.970831993,83.342949813
2011-10-26 04:00:00,211.968538933,211.968550205,0.0208035542445,215.037918938,74.6871656178,1.30471211383e-05,74.6871295446,0.0345004402343,0.0199981988799,233.671752282,0.0309230637582,211.968570548,85.4738589387,226.165947207,183.714816648,211.968500666,211.96855108,211.968556885,24.8749111584,158.974204376,0.0150025006302,0.0150022379478,261.689524116,261.688912211,177.624932066,158.976946392,211.968547312,211.96853908,261.688195969,83.3429852183
2011-10-26 05:00:00,211.968548602,211.968551073,0.0208064476299,215.037927325,74.6871659959,1.37015502992e-05,92.206232089,0.0345049588195,0.0199999049222,233.671751145,0.031692770648,211.96858334,85.4738601681,226.165956146,183.714815211,211.968505014,211.968550917,211.968557118,30.7097512464,158.974210214,0.0150043917941,0.0150058124989,261.689524787,261.688943531,177.624931981,211.968052374,211.968545241,211.968549755,261.688080997,83.3429692535
2011-10-26 06:00:00,211.968553654,211.968548787,0.0208109677219,215.036866288,74.6871660129,1.37650294362e-05,92.2063007801,0.034506989096,0.0199983268964,189.274117685,0.0200254032215,211.968596546,85.4738606148,226.165845645,148.809006587,211.968505349,171.694532001,171.694551258,30.7097577564,196.261971189,0.0150040138786,0.0150291371928,261.689524236,261.688947242,177.624931631,211.967955939,171.694541886,211.968532427,211.968591131,0.0255238085226
2011-10-26 07:00:00,211.968554312,211.968545724,0.0208078761788,174.180746309,0.0200015646651,1.36298795075e-05,0.0202904618777,0.0345062794166,0.0162342433916,189.274108244,0.0200074046291,211.968598847,85.4738499356,183.194474598,148.808999134,171.694522935,171.694527404,171.694528391,24.8749077405,211.96327844,0.0150033635586,0.0150319355278,234.425236198,261.6889229,177.624930047,158.976588316,171.694507368,211.968380599,171.694206094,0.0199987852676
2011-10-26 08:00:00,211.968556203,211.968544001,0.0200506639401,174.18073164,0.0150043580748,1.36046533723e-05,0.0200224367054,0.015018357545,0.0162143559714,189.274095215,0.0200014605752,211.968500466,85.473825751,183.194434502,148.808991672,171.694502893,171.694524377,171.694516026,24.8749063152,158.974202003,0.015002769928,0.0150400682181,211.96851773,261.688826221,143.87619144,158.976430464,171.694441381,211.968079708,113.835508682,0.0199082840928
2011-10-26 09:00:00,211.96855489,211.968544864,0.0200007451431,174.180727868,0.0150000486572,1.35694306734e-05,0.0199008515247,0.0150099987755,0.016212197047,189.274101488,0.0199993542476,211.967474805,85.4703582787,183.194420002,148.808940093,171.694501976,171.694512181,158.97723683,24.8749058047,69.1537840506,0.0150028370437,0.0150378510118,211.968516194,223.744060157,143.876190249,158.976371081,0.0153599564155,171.697647508,113.835353018,0.0151412698354
2011-10-26 10:00:00,211.968542635,211.968543924,0.0199976426897,174.180726711,0.0149997895027,1.35849840357e-05,0.0150013938151,0.015002922366,0.0162134134421,189.274108591,0.0199997837311,211.967398831,64.1055659132,183.194394185,148.808945412,171.694503138,171.694489976,158.976756729,24.8749030923,0.0151245688583,0.0150030775627,0.0150400243053,211.968515884,211.968554915,133.220526533,158.976330402,0.0149816416802,171.710508852,113.835356391,0.0151440406661
2011-10-26 11:00:00,211.9685232,211.968543972,0.0199940470203,174.180718123,0.0149997290591,1.35367683928e-05,0.0149993736953,0.0150006674238,0.0162233309401,189.274111498,0.0200006540428,171.694619613,85.4733493281,183.194413552,148.808991014,171.6945079,171.694507642,171.694486996,24.8749047872,0.015004416386,0.0150044140917,0.0150465018717,211.96851587,211.968097671,0.0150043547934,158.976221926,92.2070460074,211.967482335,113.835456629,0.0198147205077
2011-10-26 12:00:00,211.968525156,211.968543072,0.0199926933556,174.180724835,0.0149998429008,1.35225895478e-05,0.0149991211322,0.0150003280738,0.0199961213385,189.274116018,0.0200020055202,211.967451318,85.4737880451,183.194431385,148.808997502,171.694533619,171.694524505,171.694525334,24.8749083968,0.0150041517761,22.7119008659,0.0150950219573,211.968515981,211.968267538,0.0150045657166,92.1955457187,171.694483586,211.968284173,113.836737172,0.0199910092676
2011-10-26 13:00:00,211.968538561,211.968541755,0.0199947219125,174.1807622,0.0150000895978,1.35747038451e-05,0.0150021228583,0.0150002412647,0.0200067240264,211.968474412,0.0200074642784,211.968563636,85.4738095742,183.194449991,148.809005632,211.968525283,171.694533449,171.694550462,24.8749133322,0.0150103423973,22.7119650581,0.0151018669083,211.968516575,223.744078604,133.218729262,92.2083055409,171.694509444,211.968447308,171.698303011,0.0250303141948
2011-10-26 14:00:00,211.968558492,211.968544847,0.0200053728551,215.037880372,0.0150530882354,1.36208671087e-05,0.0200391214266,0.0150014342371,81.0565377356,233.671717921,0.0200410113944,211.968582629,85.4738467352,226.165902264,183.71481225,246.019867285,211.968542721,211.968545963,24.875273282,0.0150249131194,22.7124402571,0.0345079331465,234.425236392,261.688913975,143.876190197,158.976331954,211.968507536,211.96851134,211.968523654,83.3427680859
2011-10-26 15:00:00,211.968568581,211.968547585,0.0208095939834,215.037939952,0.0199421928364,1.36762973202e-05,92.2062944698,0.0150158376213,81.0565789358,233.671737962,0.0246968467275,211.968594186,85.473855843,226.165998968,183.714817068,246.019955292,211.968551723,211.968556412,211.968497987,0.0153050149826,52.210221878,0.0345892976517,261.689524792,261.688939289,143.87619144,211.968147994,211.968545135,211.968520872,211.96859152,83.3429172793
2011-10-26 16:00:00,211.968573161,211.968546395,0.0208155441397,215.037953739,0.0200445396787,1.36977776147e-05,92.2063268443,0.0345059978564,211.968120557,233.671739291,0.0247022879507,211.968595892,85.4738601243,226.166013796,183.714818129,246.01996108,211.968552875,211.968558768,211.968503278,69.1537632776,52.2102300162,0.0345942018813,261.689525688,261.688946378,177.62491448,211.968424119,211.968548588,211.96851698,211.968535954,83.3429479948
2011-10-26 17:00:00,211.968571221,211.96854147,0.0208170732516,215.03795632,0.020002324203,1.36289667031e-05,92.2063288431,0.0345065129468,211.968527202,233.671739952,0.0247024504838,211.96859963,85.4738602876,226.166018507,183.714818278,246.01996349,211.968552977,211.968559469,211.968505019,69.1537359344,52.2102322736,0.0345923554926,261.689525783,261.688948308,177.624929783,211.968439379,211.968550045,211.968507574,211.968500605,83.3429556734
2011-10-26 18:00:00,211.968569208,211.968533086,0.020812624058,215.037955109,0.0199800867123,1.34354448276e-05,92.2063253729,0.0345066823706,211.968551259,233.671738978,0.0247009254661,211.968601421,85.4738596409,226.166017507,183.714817361,246.019965212,211.968553414,211.968559735,211.968505478,69.1537756927,52.2102346413,0.0345955316134,261.689525706,261.688936284,177.624930314,211.968429676,211.968550973,211.968489032,211.96848939,83.3429623822
2011-10-26 19:00:00,211.968565674,211.968527,0.0208113547109,215.037953148,0.0199425626847,1.33295091202e-05,92.2063264568,0.0345050419195,211.968551472,233.671737826,0.0246956754613,211.968599435,85.4738594363,226.166013599,183.714816751,246.019965076,211.968552574,211.968559433,211.968505306,69.1537264461,52.2102346139,0.0345946712264,261.689525607,261.688912671,177.624930299,211.968440111,211.968550699,211.968462206,211.96818974,83.3429433327
2011-10-26 20:00:00,211.968565563,211.968525136,0.0208099587327,215.037946869,0.0199423686761,1.30951959858e-05,92.2063281462,0.0201000130414,211.968553635,233.671737012,0.0246935402954,211.968597501,85.473859203,226.166009936,183.714816286,246.019962535,211.968551584,211.968558757,211.96850503,69.1492765876,52.2102332885,0.0345951461218,261.68952539,261.688825629,177.624929662,211.968439383,211.968550163,211.968427802,211.9681716,83.3428879585
2011-10-26 21:00:00,211.968560994,211.968523351,0.020809337715,215.037936179,0.0199404750406,1.28285967664e-05,92.2063286844,0.0150133853255,211.968557624,233.671735006,0.0246795637811,211.968591966,85.4738585585,226.16599083,183.714815645,246.019960606,211.968551066,211.968557754,211.968502879,69.1520618325,52.2102319292,0.0345907067041,261.6895251,261.685126042,177.62492922,211.968430385,211.968549757,211.968397806,211.966250841,83.3428021272
2011-10-26 22:00:00,211.968557559,211.968521541,0.0208086164514,215.037920801,0.0199304650624,1.25293287725e-05,92.2063278952,0.0150110154355,211.968566858,233.671731738,0.0245776913953,211.968574913,85.4738583094,226.165959313,183.714815222,246.019960269,211.968549998,211.968556682,211.968499303,69.1537446681,52.2102306039,0.0345824697075,261.689524728,223.744285024,177.624927717,211.968405222,211.96854917,211.968366346,171.694835385,83.3426874404
2011-10-26 23:00:00,211.968554068,211.968519971,0.0208082334995,215.037910519,0.015147229345,1.23758491851e-05,92.206325777,0.0150106079152,211.968881266,233.671728113,0.0201832849546,211.968551935,85.4738582778,226.165952584,183.714815038,246.019960579,211.968549533,211.968554802,211.968496253,69.1537791078,52.2102306289,0.034574616161,261.689524348,223.744192096,177.624926493,211.968376216,211.968548428,211.968323241,171.700527987,83.3426871621
2011-10-27 00:00:00,211.968551907,211.968515146,0.0208088871675,215.03790569,0.0150235578154,1.22880524567e-05,92.2063229359,0.0150106586266,261.689219418,233.671724627,0.0200543069835,211.968554218,85.4738581215,226.16596588,183.714815896,246.019966598,211.968549371,211.968553138,211.968487541,69.1537863987,52.2102311897,0.0345757460644,261.68952392,223.744158134,177.624923444,211.968388518,211.968547437,211.968142141,171.69462926,83.3427543065
2011-10-27 01:00:00,211.968550838,211.968510808,0.0208086825311,215.037903916,0.0150210878927,1.22747697761e-05,92.2063216613,0.0150105174379,261.689512139,233.671721906,0.0200812477154,211.96854703,85.4738584799,226.165969909,183.714815316,246.019966703,211.968549565,211.968551938,211.968493121,158.974110676,52.2102312227,0.0344693935519,261.689523758,223.744173605,177.624925955,211.968382302,211.968546356,211.967936485,171.694642873,83.3427857016
2011-10-27 02:00:00,211.968553479,211.96850954,0.0208086602067,215.037904336,0.0150193022789,1.23284475529e-05,92.2063191002,0.0150102890685,261.689533562,233.671720538,0.0201609175489,211.968551575,85.4738584548,226.16598206,183.714814593,246.019964994,211.968549053,211.968551418,211.96849721,158.974191565,52.210231952,0.0280206261002,261.689523715,223.744178122,177.624928526,211.968363374,211.968546358,211.967771308,211.966228304,83.3428690444
2011-10-27 03:00:00,211.968561227,211.968517051,0.0208083716257,215.037912943,0.0150194707361,1.24236393568e-05,92.2063154877,0.0150104482508,261.689538727,233.671720868,0.024650247392,211.968565841,85.4738586029,226.165994732,183.714814032,246.019968129,211.968549314,211.968551275,211.968500687,158.974204316,52.2102387054,0.027884527672,261.689523991,223.744421653,177.624931024,211.968352022,211.968546537,211.968127426,211.968265796,83.3429712415
2011-10-27 04:00:00,211.968571454,211.968520728,0.020809471832,215.037932874,0.0150206517915,1.28370655379e-05,92.2063179572,0.015010831376,261.689542762,233.67172104,0.0246878533583,211.968578661,85.4738597421,226.166025175,183.714813263,246.019969135,211.968550737,211.968552462,211.968504648,158.974219788,120.022654929,0.0345333713808,261.689524488,261.688897235,177.624932477,211.968336223,211.968547274,211.968325001,211.968560245,83.3430315576
2011-10-27 05:00:00,211.96857599,211.968520339,0.020811540911,215.037942512,0.0150260218032,1.34020580799e-05,92.20631948,0.015012707237,261.689545754,233.671717117,0.0246915629383,211.968594557,85.4738609519,226.16603453,183.714809713,246.019969371,211.968550045,211.968552182,211.968506433,158.974309872,211.968522891,0.0345986089153,261.689524651,261.688921964,177.624933006,211.968334802,211.968545872,211.968377306,211.968724967,83.3431001821
2011-10-27 06:00:00,211.968571651,211.968522786,0.0208123268394,215.037814329,0.0185435603999,1.35170950187e-05,92.2062790863,0.0345045067361,261.689541757,189.273619924,0.0200143770106,211.968596477,85.4738614692,226.165982545,79.9174427339,246.019967677,171.694533134,171.69454084,211.968506321,158.975003535,211.968534805,0.0346078094086,261.689523972,261.688922981,177.624933292,211.968239078,211.968464476,211.968371188,211.968518712,83.3430161505
2011-10-27 07:00:00,211.968394521,211.968510299,0.0208087885678,174.180847488,0.0150225303225,1.33941064793e-05,74.6871192348,0.0345062025748,211.968549358,189.273546448,0.0200047917249,211.968602438,85.4738493941,226.165730118,79.9174303769,211.968520068,171.694525948,171.694521069,92.2063077126,211.968446601,211.968533277,0.0346022376318,211.968541533,261.688907588,177.624933347,158.976205814,171.694514194,92.2063171279,171.694620334,62.507395796
2011-10-27 08:00:00,171.694554605,211.968480144,0.0199973265178,174.180756552,0.0150067389631,1.34155912158e-05,0.0150100944728,0.0345050587086,211.968530763,189.273537869,0.0200012084203,211.968565075,85.4738171167,183.194518936,0.0199065410696,199.276186007,171.694522673,171.694498678,92.2063025142,158.974488633,211.968536026,0.0346002221115,211.968512411,261.688871273,177.624883178,158.976107925,171.694495598,92.206291189,171.694323385,62.5072684023
2011-10-27 09:00:00,171.694538494,211.968462499,0.016974949783,174.180747015,0.0150008442073,1.3319352256e-05,0.0150004997866,0.0345046525486,211.968528317,189.273497407,0.0199979616179,211.967507416,64.1055669484,183.194508283,0.0100075585891,199.276180613,171.694517237,92.2068578035,92.206294099,158.974178056,211.968536094,0.034477606255,211.968511305,223.744303901,143.876197051,0.0154041342787,158.976615437,92.2062840026,113.836258642,62.506832258
2011-10-27 10:00:00,158.976692018,211.968478705,0.016954554761,174.180747505,0.0150003614679,1.32769347551e-05,0.0149996915099,0.0345049339675,211.968527194,175.253831144,0.019997409704,171.694578808,64.1055104317,183.194506876,0.0100066678655,199.276179294,171.694516511,0.0100503529337,0.0200052711299,69.153894797,211.968534422,0.0151416110097,211.968510065,223.744061367,143.876196379,0.0150294457569,0.0155539519516,92.2063138884,171.694311608,62.5073098941
2011-10-27 11:00:00,158.977004659,211.968510156,0.0169573705968,174.180750533,0.0150006413977,1.32611619963e-05,0.0149992765306,0.0345059082124,211.9685295,175.25438184,0.0199983191444,171.694573149,64.1055067208,183.194512694,0.0100135985077,199.276179429,171.694521725,158.976782712,0.0200072128206,69.1537808147,211.96852979,0.0150903313971,211.968509952,223.744129909,143.876196221,0.0150446369652,158.976330369,92.2063730804,171.695062569,62.5075609328
2011-10-27 12:00:00,171.694535872,211.968520922,0.0199960905698,174.180758778,0.0150202476874,1.32885172665e-05,0.0150011294964,0.0345077421807,211.968532954,189.27353075,0.0200007686655,171.694574479,64.1055164003,183.194562726,79.9174203053,199.276181794,171.694525665,171.694515972,92.2062981686,69.1537320019,211.968520489,0.0150592996181,211.968510979,223.743975444,143.876196364,92.2077502604,171.694488407,171.695198312,211.968386744,83.3429454979
2011-10-27 13:00:00,171.694550678,211.968522821,0.0199998214736,215.037524144,0.0200030983571,1.32682773398e-05,74.6871216156,0.0345083898688,211.968552894,189.273540476,0.0200071984458,211.967369299,64.1085693976,226.165932507,79.9174423392,199.276184785,171.694531405,171.694524431,92.2063040468,69.1537603433,211.968513756,0.0150581607317,211.9685115,223.744359094,143.876196732,158.97608069,171.69451832,211.968385386,211.96867544,191.58870332
2011-10-27 14:00:00,211.968516254,211.968524121,0.0207450132295,215.037883303,74.6871659119,1.32888798153e-05,92.2063237432,0.0345096364668,261.689577343,211.968564934,0.0201348140195,171.694664794,85.4738468164,226.16598345,183.714797449,211.968540716,211.968543945,211.968535383,92.2063080609,69.1537862109,211.968506321,0.0150536256757,211.968529248,261.688827212,143.876197927,158.976210082,211.968506671,211.968505237,211.971837827,191.592699795
2011-10-27 15:00:00,211.968566037,211.968525805,0.0208211670733,215.037938441,171.694513057,1.3356496816e-05,211.968541462,0.0345133738006,261.689582423,233.671036505,0.0247019673079,211.967441937,85.4738576681,226.166041892,183.714820513,246.019937434,211.968553814,211.968553728,113.834992062,158.974144025,211.968521407,0.0150501712935,261.689519244,261.6888765,177.624894912,211.967850668,211.968551812,211.968517982,261.690435333,191.593044503
2011-10-27 16:00:00,211.968569729,211.968526281,0.0208365421364,215.03794805,171.694627993,1.34469027112e-05,211.968553925,0.0346317954709,261.689583804,233.671038553,0.0247073662393,211.968506681,85.4738610328,226.166048618,183.714823448,246.019934558,211.968555409,211.968556185,113.834999207,158.974215951,211.968510002,0.0150364037626,261.689520032,261.688889893,177.624939479,211.968442819,211.968555906,211.9685181,211.976682042,191.593034059
2011-10-27 17:00:00,211.968567151,211.968525747,0.0208541232285,215.037947957,171.694634007,1.33674029563e-05,211.968557206,0.0346956596251,261.689583303,233.671039922,0.0247081071651,211.96859993,85.4738611908,226.166050008,183.714824589,246.019687795,211.968555914,211.968556917,113.834999463,158.974871155,120.036632984,0.015018321855,261.689520058,261.688886765,177.624940465,211.968524446,211.96855785,211.968514707,211.972072914,191.592921782
2011-10-27 18:00:00,211.968563839,211.968525291,0.0208245618729,215.037945205,171.694633791,1.32043219239e-05,211.968554393,0.0346712741672,261.689582687,233.671039876,0.0247066936987,211.96860262,85.4738607033,226.166049713,183.714825393,246.019890335,211.968555692,211.968557131,113.834996057,211.968267499,120.022739316,0.0150124394628,261.689519974,261.688867358,177.624940666,211.968525672,211.968558063,211.968502643,211.971824318,191.590394576
2011-10-27 19:00:00,211.968558695,211.96852458,0.0208245395847,215.037940685,171.694636118,1.30449238846e-05,211.968551788,0.0345095991394,261.689580295,233.671039357,0.0247035513996,211.968601773,85.4738604936,226.166046974,183.714825176,211.968556512,211.968555298,211.968557127,92.2063880543,211.968356134,52.2102871605,0.0150107914961,261.689519796,261.688834273,177.624940695,211.968556826,211.968557525,211.968489058,211.97116181,191.5902339
2011-10-27 20:00:00,211.968559105,211.968524679,0.020825727531,215.037932726,171.694637224,1.28499503753e-05,211.968554946,0.0345085984377,261.689577696,233.671038943,0.0247017214152,211.968600928,85.4738602601,226.166044864,183.714824875,211.968553088,211.968555061,211.968556733,92.2063551206,158.97503938,52.2102186698,0.0150106547822,261.689519456,261.688697886,177.624940645,211.968580428,211.96855693,211.968471046,211.969598158,191.589442707
2011-10-27 21:00:00,211.968557615,211.968523367,0.0208326970079,215.03792153,171.694637287,1.25783708607e-05,211.968558113,0.0345081260404,261.689576813,233.671037681,0.0246966969562,211.968599321,85.4738596044,226.166037991,183.714824373,211.968564951,211.968555018,211.968555995,92.2063529946,158.974259775,52.2102077226,0.0150074961202,261.689518988,261.685218159,177.624940567,211.968587627,211.968556813,211.968461504,211.968615595,143.692465564
2011-10-27 22:00:00,211.96855626,211.968522078,0.0208407206134,215.037907743,171.694636517,1.23825602423e-05,211.968558756,0.0345071868411,261.689571514,233.671035903,0.0246863915341,211.968595562,85.4738593263,226.166024822,183.714823902,211.968621342,211.968554429,211.968555447,92.2063534683,158.974212722,52.2102019997,0.0150071353889,261.689518289,223.744257685,177.624940458,211.968589701,211.968556425,211.968457874,211.968538101,143.692045652
2011-10-27 23:00:00,211.96855567,211.968521467,0.0208511951775,215.037897977,171.694637105,1.22275094785e-05,211.968559379,0.0345057175744,261.689557086,233.671033453,0.0246631219358,211.968591806,85.4738595739,226.16601668,183.714823429,246.01981882,211.968553704,211.968554214,92.2063576894,158.974207794,52.210198431,0.0150097501941,261.689517621,223.744182507,177.624940363,211.96861069,211.968555897,211.968455148,211.968511597,143.691944651
2011-10-28 00:00:00,211.968551667,211.968521049,0.0208767503236,215.037890556,171.694636473,1.21634789066e-05,211.968558054,0.0345046212271,261.689570563,233.671031587,0.02460161766,211.968589087,85.4738592153,226.166014131,183.714823218,246.019973787,211.968552219,211.968553246,92.2064230912,158.974206808,52.2101974204,0.0150446841157,261.68951648,223.744151873,177.624940201,211.968611951,211.968553342,211.96848087,211.968471281,191.587992708
2011-10-28 01:00:00,211.968553462,211.968522836,0.0209421953772,215.037888817,171.694636969,1.21479161682e-05,211.968557085,0.0345010238965,261.68955281,233.671030287,0.0246442115958,211.968585283,85.4738594194,226.166011356,183.714822963,246.019959706,211.968552104,211.968552106,211.968502172,158.974197024,52.2101960438,0.0150447000941,261.68951633,223.744148015,177.624940256,211.968620895,211.968553977,211.968470479,211.968552963,191.58848587
2011-10-28 02:00:00,211.968558571,211.968525002,211.965747483,215.037883899,171.694637515,1.21888024054e-05,211.968558379,0.0345012373436,261.689556405,233.671028875,0.0246561251048,211.968585155,85.473859322,226.166011004,183.714822806,246.019964492,211.968552089,211.968551469,211.968539537,158.974187051,52.2101922068,0.0150446739647,261.6895165,223.74414943,177.624940303,211.968639313,211.968555134,211.96846898,211.968618425,191.588406633
2011-10-28 03:00:00,211.968566352,211.968528372,211.96838032,215.037886799,171.694638239,1.23153043645e-05,211.968563493,0.0345070035857,261.689572066,233.671027509,0.02465897387,211.968584582,85.4738597666,226.166017221,183.714822896,246.019984155,211.968552689,211.968551175,211.96854645,158.974175976,52.2101877422,0.0150643582804,261.689516885,223.744311238,177.624940454,211.968645251,211.968556772,211.968483746,211.969976193,191.588307842
2011-10-28 04:00:00,211.968573866,211.968531944,211.968406534,215.037890709,171.694639655,1.27587302579e-05,211.968568104,0.0345081370602,261.689577795,233.671027367,0.0246617809037,211.968585076,85.4738606277,226.166026372,183.714822589,246.019989951,211.968553663,211.9685513,211.968550132,158.974118046,52.2101908542,0.0150829808406,261.689517628,261.68868083,177.624940654,211.968681541,211.968559228,211.968499759,211.970459475,191.587910504
2011-10-28 05:00:00,211.968576299,211.968530339,211.968415796,215.037882828,171.694644939,1.32851562937e-05,211.968571286,0.0345096241994,261.689577964,233.671022865,0.0246612215739,211.968587368,85.4738618343,226.166027811,183.714820385,246.019993001,211.968552916,211.968549193,211.968551929,158.973178851,52.210193358,0.0151245629698,261.689517671,261.688708929,177.624940712,211.968736758,211.96855976,211.96850147,211.969709863,83.3453638313
2011-10-28 06:00:00,211.968575546,211.968529571,211.968454652,174.180595123,171.694646873,1.34379158046e-05,211.968572419,0.0346087442693,261.689571937,171.694556744,0.0199974575458,211.968586805,85.4738624097,226.165919815,148.808988942,246.019993944,171.694536386,171.694484505,211.968552636,69.1538168046,52.210195158,211.967919016,261.689515041,261.688675622,177.624940602,211.968747806,211.968530622,211.968462027,211.968306879,83.3431221727
2011-10-28 07:00:00,211.968244526,211.96852737,211.968467903,174.180514367,171.694645045,1.33477267676e-05,211.968570551,0.0346992976407,211.968545196,171.694544447,0.0199633932612,211.968584179,85.4738542424,183.19448686,148.808979387,211.968589162,171.694524284,171.694467843,211.968542799,69.1537766251,52.2101900142,211.968056466,189.884450889,261.687815764,177.624940072,211.968312553,171.694534667,92.2065445446,113.83572953,0.0200263737058
2011-10-28 08:00:00,171.694531368,211.968525724,211.967963503,161.278506835,171.694639056,1.3316778108e-05,171.694547177,0.0345101850926,113.835123885,171.694100941,0.0199420825174,211.9674173,85.4738350882,183.194470302,0.0103179521231,211.968544939,171.694513293,92.2073989168,171.694522918,69.1534446365,52.210187461,211.968114051,189.884449251,223.744137196,143.876201699,158.976794484,171.694524965,92.2063359512,113.835431708,0.0199810398611
2011-10-28 09:00:00,158.97647481,211.968523404,171.694486852,0.0100432757688,171.694638476,1.32373184014e-05,171.69454091,0.0345088456924,113.835098202,0.010026873321,0.0196996947061,171.693656243,64.105652724,183.194456469,0.0100057738384,199.276232074,92.2068340387,0.0100087623172,171.694478143,0.0150025584632,52.2101855415,211.968140179,189.884357717,211.968513143,143.876200409,158.976620799,171.694509587,92.2062851294,113.835393051,0.0198787133074
2011-10-28 10:00:00,0.010700525623,211.968520034,171.694504254,0.0100300887761,171.694637719,1.30904832446e-05,171.69452101,0.0345069340274,113.835100397,0.0100237976346,0.0192925844673,171.693585866,64.1054995654,183.194443681,0.0100053950532,199.276209322,0.0145717205811,0.0100063876697,92.2063846965,0.0149998022554,52.2101812076,211.968151551,0.0149939974578,211.966428333,143.876198851,158.976588162,171.694516912,92.2062556452,113.835157632,0.0198822267216
2011-10-28 11:00:00,0.0100819338274,211.9685092,211.968380796,0.0100864655891,171.694635938,1.3159951866e-05,171.694476113,0.0344982147635,113.835124349,158.976804945,0.0192569832231,0.0100124647379,64.1054943985,183.194449732,0.0100174277051,199.276206391,171.694500172,0.0100088772888,92.2063429743,0.0150008106014,52.2101786091,211.968159695,0.015003948738,211.966400867,77.2669069729,158.976572851,171.694530848,92.2062794064,113.835115202,0.0199727676606
2011-10-28 12:00:00,158.976454318,211.967741092,211.968404007,174.178749065,171.694635142,1.30938766182e-05,171.694535115,0.0344962022018,211.968537944,171.694540613,0.0199314441281,0.0100061824021,64.1055104283,183.194459722,148.808973767,199.276207642,171.694523205,158.976368139,158.976443765,0.0150036162689,52.2101780364,211.968140446,175.819004611,211.966399484,0.0150108495929,158.976600494,171.694540143,92.206334694,113.835535494,0.0204702234837
2011-10-28 13:00:00,171.694514922,92.2063144618,211.968410169,174.180526264,171.694637857,1.30304465149e-05,171.694552069,0.0258721361931,211.968557901,171.694550751,0.0199538474334,0.0100099067191,85.4737878574,183.194468913,148.808987227,211.968480811,171.694529786,171.694470732,211.968506002,0.0150032867419,52.2101705859,211.968157006,189.884449196,211.968503884,143.876185867,211.968371566,171.694572245,92.2063912571,113.835698577,83.3430821217
2011-10-28 14:00:00,211.968419103,92.2063067482,211.968420176,174.180745819,171.694638972,1.30198226558e-05,211.968547842,0.0260015237953,369.28750168,211.968550921,0.0200011137011,158.975714488,85.4738506009,183.194537692,183.714803307,246.019981228,211.968530695,211.966767381,211.968554545,0.015002448366,52.2101708251,211.968171113,189.884450886,223.74404825,143.876200084,211.968569762,211.96854988,92.2063633402,140.537682847,83.346162894
2011-10-28 15:00:00,211.968571445,92.2062972198,211.968526388,215.037847169,171.694645893,1.31810372353e-05,211.968576097,0.0345067108727,369.28755282,211.968583757,0.02462362101,171.693652067,85.4738600805,226.166004655,183.714814206,246.02000346,211.968554966,211.968549073,211.9686205,0.0150030900969,52.2101788156,211.968184365,234.42524626,261.686768129,143.876201327,211.96878329,211.968572732,92.206346981,140.53775711,211.968471491
2011-10-28 16:00:00,211.968576274,0.0154681607118,211.968538475,215.037865223,171.694650302,1.32192261886e-05,211.96857973,0.0345085142735,369.287561588,211.968586383,0.0246300759587,171.693668288,85.4738619649,226.16601245,183.714815929,246.020004338,211.968556885,211.968553283,211.968681414,0.015004268566,52.2101799509,211.968215065,234.425246843,261.686820121,177.624938085,211.968829815,211.968576188,92.2063117452,140.537350764,211.969104966
2011-10-28 17:00:00,211.968575547,0.0150077475381,211.9685366,215.037868957,171.694650232,1.32214722298e-05,211.968580705,0.0345086043974,369.287565215,211.968587957,0.0246308544305,211.967481532,85.4738619072,226.166013816,183.714816451,246.020004439,211.968557583,211.968554572,211.968702363,0.0150060697247,52.2101794956,211.968212464,234.425246951,261.686810071,177.624940225,211.968844577,211.968577448,92.2062797615,113.83603193,237.967414855
2011-10-28 18:00:00,211.968573179,0.0150039791536,211.968529074,215.037871235,171.694648838,1.30650255554e-05,211.96857898,0.0345080023876,369.287566963,211.968587981,0.0246305930631,211.967483901,85.473861266,226.166012718,183.714816206,246.020004189,211.968557663,211.968555142,211.968634362,0.0150080173494,52.2101778518,211.968198343,234.425246929,261.686767327,177.624940396,211.968834039,211.968577452,0.0162694604721,113.83567324,237.973796739
2011-10-28 19:00:00,211.968570789,0.0150013636953,211.968521572,215.037870823,171.694647638,1.28816749012e-05,211.968576472,0.0345057359648,369.287569288,211.968587774,0.0246279930354,211.967484287,85.4738610103,226.166010349,183.71481574,246.020003721,211.968557489,211.968555266,211.968621474,0.0150047198221,52.2101760029,211.968186939,234.425246875,261.686638515,177.624940424,211.968819586,211.968576578,0.0158974165678,113.835630525,237.974203333
2011-10-28 20:00:00,211.968570537,0.0150006001074,211.968515085,215.037868589,171.694648595,1.27477993653e-05,211.968576973,0.0344807395214,369.287570798,211.968587603,0.0246261729477,211.967484454,85.4738609709,226.166008457,183.714815242,246.020003376,211.96855727,211.968554886,211.968618276,0.0150032854796,52.2101751916,211.968181631,234.425246748,261.686036401,177.624940421,211.968809184,211.968575316,0.0157430143349,113.835594028,237.974083277
2011-10-28 21:00:00,211.968567512,0.0150003877152,211.968505271,215.037865645,171.694648052,1.25319056255e-05,211.968577547,0.0150241563035,369.287571378,211.968586892,0.0246198956528,211.967484241,85.4738606957,226.166003891,183.714815032,246.020003024,211.968557073,211.968554232,211.968612561,0.0150021186676,52.2101726249,211.968178525,234.425246575,223.744358885,177.624940389,211.968769761,211.9685738,0.0154686832116,113.8355511,237.975509025
2011-10-28 22:00:00,211.968565098,0.0150001485989,211.968447444,215.037860842,171.694642357,1.24537546552e-05,211.968575309,0.0150130798748,369.287571318,211.968585631,0.0246052027028,211.967483503,85.4738608251,226.165994592,183.714814536,246.020002783,211.968556289,211.968553814,211.968573942,0.0150013413072,52.2101697099,211.968176914,234.425246348,223.744164965,177.624940299,211.968705842,211.968571821,0.0154551009897,113.835601586,237.975319358
2011-10-28 23:00:00,211.968562502,0.015000298761,211.968424022,215.037857062,171.694640715,1.2275220813e-05,211.96857219,0.0150119493979,369.287572186,211.968584058,0.024562576232,211.967483017,85.4738609184,226.165985966,183.714814004,246.020002896,211.968555395,211.968552658,211.968561721,0.0150011328761,52.2101692912,211.968175944,234.42524615,223.74411302,177.624940212,211.968651375,211.968569518,0.0152587898335,113.835623136,237.96493055
2011-10-29 00:00:00,211.96856021,0.0150000787378,211.968420821,215.037853364,171.694640471,1.22426423123e-05,211.968570248,0.0150118270495,369.287573126,211.968582942,0.0205535826378,211.967482287,85.4738606777,226.165984364,183.714813775,246.020002805,211.968554413,211.968551466,211.968559309,0.0150006375606,52.2101703824,211.968177341,234.425245908,223.744095041,177.624940108,211.968642619,211.968568419,0.0156780224894,113.835566635,211.96931982
2011-10-29 01:00:00,211.968558938,0.0150003455711,211.968418703,215.037851415,171.694639601,1.2264242919e-05,211.968566206,0.0150113362603,369.287575103,211.96858165,0.0217248082548,211.967481609,85.4738604245,226.165980462,183.714812857,246.020002698,211.968553916,211.968550505,211.968558291,0.0150003407975,52.2101716231,211.96817774,234.425245773,223.744086611,177.624940051,211.968688523,211.968568734,0.0159013406533,113.835683927,237.975956706
2011-10-29 02:00:00,211.968559478,0.0150005897616,211.968417085,215.037851432,171.694639387,1.22790569855e-05,211.968562729,0.0150106601842,369.287576614,211.968580372,0.0244254728544,211.967480992,85.47386011,226.165979135,183.714811987,246.020002446,211.968553685,211.968549746,211.968557694,0.015000170522,52.210172919,211.968177595,234.425245619,223.744094654,177.624939988,211.968713935,211.968568845,0.0162692248023,113.835901411,237.977667957
2011-10-29 03:00:00,211.968561023,0.0150021245389,211.968416046,215.037851424,171.694639683,1.23314598126e-05,211.968564568,0.0150094613126,369.287577447,211.968579354,0.0245764455437,211.967480296,85.4738602044,226.165982639,183.714811167,246.020002892,211.968553725,211.968548989,211.96855709,0.0149999999598,52.2101746364,211.968177369,234.425245504,223.744119713,177.624939956,211.968730153,211.968569441,92.2053740841,211.958508165,237.977976463
2011-10-29 04:00:00,211.968563498,0.0150038188753,211.968414434,215.037853428,171.694640196,1.25184861136e-05,211.96856669,0.0150071930847,369.287578696,211.968577591,0.0245929090134,211.967479345,85.4738601368,226.16598634,183.71480983,246.020003134,211.968554238,211.968548056,211.968556557,0.0149999261053,52.21017728,211.96817804,234.425245476,223.744250395,177.624939953,211.968706147,211.968571906,92.2062351505,211.968325983,237.978077644
2011-10-29 05:00:00,211.968564267,0.0150060866416,211.968412643,215.037855815,171.694641358,1.26597741081e-05,211.968569354,0.0150040950282,369.287579658,211.968573956,0.0246031545576,211.967478308,85.4738602048,226.165989476,183.714805984,246.0200031,211.968554077,211.968545677,211.968556176,0.0150001712615,52.2101803246,211.968179882,234.425245289,261.676200333,177.624939926,211.968742958,211.96857352,92.206302368,211.968547805,237.978127797
2011-10-29 06:00:00,211.968560654,0.0150020038799,211.968418237,215.037791822,171.694641391,1.27674108076e-05,211.968571769,0.0150036495175,369.287578083,171.694531694,0.0199929326466,211.967476341,85.473860284,226.165944957,79.9163743973,246.020002935,211.968477062,171.694499169,211.968555741,0.0150010870692,52.210182462,211.96818327,234.425243581,261.685970432,177.624939842,211.968743758,211.968544466,92.206342896,211.968582046,237.97814404
2011-10-29 07:00:00,158.977274202,0.0149997129582,211.968415169,215.037064932,171.694639279,1.29750387197e-05,211.96857059,0.0150015268251,299.122958561,171.694522928,0.0199497244431,211.967471748,85.4738259138,226.163919179,79.9163644752,211.968538769,171.694533441,171.694480015,92.2063286152,0.0150014899632,52.2101817942,211.968183659,189.884393233,223.744042951,177.624939444,211.968708417,171.694578721,92.2062519357,211.968670787,237.978034355
2011-10-29 08:00:00,158.976465113,0.0149987791688,92.2062686701,174.18067362,171.694631099,1.31223639239e-05,211.968564678,0.0150002077141,299.122944441,171.694492059,0.0199323811221,92.2066165866,64.1055023494,183.194472728,0.0197099417379,199.276207349,171.694528677,158.972602961,92.2063218128,0.0150018182781,52.2101751192,211.968179008,189.88439156,223.743984747,143.876201106,158.977027708,171.694561318,92.1913412362,211.96867063,237.978006268
2011-10-29 09:00:00,158.976332147,0.0149985442131,92.2062652749,174.180637875,171.694537255,1.31153380232e-05,211.968556493,0.0149999467305,299.122941421,158.96891329,0.0199236043204,92.2066061839,64.1054485258,183.194455258,0.0100058944125,199.276201156,171.694526192,0.0100088227877,92.2063194019,0.0150026380678,52.2101688925,211.968173658,0.0150271838862,211.968922128,143.876199843,158.976735718,171.694558984,74.6875776465,211.968546663,237.978023351
2011-10-29 10:00:00,0.0100093977772,0.0149986127905,92.2062637576,161.278615672,139.072660436,1.29730740004e-05,211.968543792,0.014999856323,299.122940522,0.0171349071884,0.0199172049469,0.0100968568454,64.1054323455,183.194448825,0.0100059401752,199.276114016,171.694524636,0.01000599767,92.2063036874,0.0150001325184,52.2101643507,211.968159906,0.0100019995724,211.968545261,143.876198471,158.976666978,171.694559134,74.6875747641,211.96843378,237.978070457
2011-10-29 11:00:00,0.0100076418184,0.0149992562851,92.2062614658,0.0103432648447,139.072658278,1.28635342395e-05,171.694550635,0.0149998379574,299.122942558,158.976636266,0.0199207588334,0.0100056031796,64.1054333911,183.194442754,0.0100097460829,184.515652435,171.694523969,0.0100088256454,92.2062133542,0.0149985237675,52.2101610469,211.968049927,0.0100019551466,211.968310296,143.87619445,158.976630995,171.694565419,92.2061553421,211.968559864,237.97813507
2011-10-29 12:00:00,0.0100277636224,0.0150005878409,92.2062620944,161.278586928,139.072657596,1.28149891135e-05,171.694542194,0.0149998698418,299.122948575,171.694517649,0.0199289743349,0.0100053770105,64.1054404074,183.194439361,79.916326242,199.276195788,171.694526566,158.972797081,92.2062867474,0.0149968658135,52.2101672981,211.968136443,0.0100152383998,211.965520006,143.876191471,158.976658182,211.968355594,92.206327187,211.968597258,237.978180673
2011-10-29 13:00:00,158.976430483,0.0150065868859,92.2062626392,174.180638245,139.072658709,1.27913887356e-05,171.694547109,0.0149998783723,369.287571706,171.69452851,0.0199522671681,0.0100085803337,64.1054744826,183.194446996,79.9163725031,199.276202444,171.694530084,171.694481011,92.2063189933,0.0149959327201,52.2101664117,211.967881362,189.88439092,211.968748684,143.876198091,158.976842775,211.968545972,211.905759433,211.970347914,237.978229141
2011-10-29 14:00:00,158.977283372,92.1975305081,92.2062653048,174.180734264,171.694516595,1.28928322776e-05,211.968553389,0.0149998857886,369.287580971,211.968537287,0.0200001121306,92.2065664548,85.4738359446,183.194477444,183.714778503,199.276242721,211.968510991,171.694571378,92.2063227538,0.0149977638254,52.2101662639,92.2061968031,189.884393216,223.744019442,143.876199461,211.968429125,211.968569851,211.968164186,211.970815135,237.978257454
2011-10-29 15:00:00,211.968551712,92.2063052889,92.2062849759,215.037849284,171.694634306,1.30158149253e-05,211.968569113,0.0149999175237,369.287583103,211.96855983,0.0246029913488,92.2066103874,85.4738590296,226.165972309,183.714798432,246.020001561,211.968552184,211.968547977,113.834967413,0.0150016245834,52.2101659926,92.2061734275,234.425177415,223.745349104,143.876200447,211.968671721,211.968575229,211.968332371,261.690679791,237.978290511
2011-10-29 16:00:00,211.968558964,92.2063108859,113.834548363,215.037858437,171.694638736,1.31339808003e-05,211.968570967,0.0149999672696,369.287583872,211.968562617,0.0246090118437,92.2066813588,85.4738613045,226.16598088,183.714801021,246.020002191,211.968553387,211.968552406,122.941711009,0.0150599243917,52.2101620993,92.2061632756,234.425178337,261.685059114,177.624936627,211.968772204,211.968577088,211.968171353,211.971248486,237.978297786
2011-10-29 17:00:00,211.968559608,92.2063140255,92.206341133,215.037860111,171.694638378,1.30557744863e-05,211.968569515,0.0149999943157,369.287583531,211.96856433,0.0246089351388,211.967376318,85.473861433,226.16598157,183.714801876,246.020002116,211.968553662,211.968553699,113.834967544,69.1513521042,52.2101562484,92.2061567715,234.42517859,261.684982029,177.62493847,211.968780612,211.968576583,211.967216977,211.970744731,237.978282356
2011-10-29 18:00:00,211.968558737,92.2063075058,113.834856887,215.03785984,171.694636933,1.28360282993e-05,211.968559173,0.0149999800176,369.287583018,211.968564252,0.024607047862,211.967380423,85.4738608647,226.165980314,183.714801812,246.020001722,211.968553436,211.968554047,113.834964136,69.1537208219,52.2101538745,92.2061551319,234.425178646,261.684021126,177.624938582,211.968738543,211.968575379,211.9066771,211.970483853,237.978269736
2011-10-29 19:00:00,211.968557342,92.2063084049,92.2062816563,215.037858172,171.694635034,1.26461668638e-05,211.96855304,0.0149999695145,369.287581462,211.968564119,0.0246021972817,211.967381294,85.4738609474,226.165977,183.714801558,246.020001156,211.968553008,211.968554128,113.834960787,69.1522521267,52.2101486763,92.2061531689,234.425178615,223.744971687,177.624938579,211.968708492,211.968572979,92.2077923642,211.968847108,237.978248868
2011-10-29 20:00:00,211.968557735,92.2063086767,92.2062693829,215.037854621,171.694635425,1.24758560615e-05,211.968551873,0.0149999615468,369.287579235,211.968564146,0.0245986519968,211.967381641,85.4738611017,226.165974984,183.714801283,246.020000753,211.968552408,211.9685537,113.834953527,51.8638415783,52.2101417654,92.2061507666,234.425178569,223.74425258,177.624938545,211.968723827,211.968570583,92.2063259697,211.968526638,237.97822305
2011-10-29 21:00:00,211.968555183,92.2063054629,92.2062654336,215.037851201,171.694633959,1.23134892763e-05,211.968550704,0.0149999494308,369.28757509,211.968563461,0.024586213145,211.967381764,85.4738608289,226.165969054,183.714800864,246.020000254,211.968551671,211.968553174,92.2063372688,51.8650939071,52.2101283676,92.2061452921,234.425178496,223.744130483,177.624938464,211.968715869,211.968567965,92.2063057498,211.968413276,237.97818798
2011-10-29 22:00:00,211.968552383,92.2062984651,92.2062636328,215.037846664,171.694624809,1.22067794321e-05,211.968546195,0.0149999399868,369.287563466,211.968562511,0.0245098740742,211.967381462,85.473860866,226.165959732,183.714800525,246.019999774,211.968550626,211.968552649,92.2063247288,69.1531785573,52.2099614702,92.2061331467,234.42517838,223.744088733,177.624938355,211.968685192,211.968567189,92.2062950633,211.96844928,237.97814561
2011-10-29 23:00:00,211.968549541,92.2061981894,92.206262094,215.037842087,171.694618427,1.20096072509e-05,211.968542814,0.0149999363318,369.287473944,211.968561188,0.020129435476,211.967381081,85.4738604152,226.165952857,183.71480023,246.019999763,211.968549683,211.968551519,92.206323275,69.1537310597,52.2098593803,92.2061183928,234.425178332,223.744062714,177.624938182,211.968660295,211.968564885,92.2063030757,211.968446819,237.978079621
2011-10-30 00:00:00,211.968547843,92.1971387457,92.2062578636,215.037836904,171.694548084,1.16206988912e-05,211.968517943,0.0150000009143,211.96869802,211.968559803,0.0200355298156,211.967380483,85.4738601358,226.165951643,183.714799775,246.019998461,211.968548417,211.968550733,92.2063229797,69.1536743598,52.2098274575,92.2061382225,234.425179021,223.744042153,177.62493811,211.96864604,211.968562194,92.206288169,211.968342239,237.977882219
2011-10-30 01:00:00,211.968545494,92.1970677795,92.2062447696,215.037834149,171.694547798,1.18431544473e-05,211.968496618,0.0149999836255,211.968563863,211.968558918,0.0200314607937,211.967379877,85.4738597304,226.165947539,183.714799139,246.019998634,211.968547507,211.96854896,92.2063226606,69.1537437826,0.0150329406101,92.2061368367,234.425178549,223.744042288,177.624938035,211.968642366,211.968560546,92.2062692546,211.968171519,237.977222469
2011-10-30 02:00:00,211.968544016,0.0195269918965,92.2062395021,215.037829309,171.694544261,1.18129301662e-05,211.968478369,0.01500000377,211.968553405,211.968557734,0.0200294466151,211.967379438,85.4738597984,226.165943617,183.714798093,246.019998729,211.968546615,211.968547801,92.2063224225,69.1537641296,0.0150139100613,92.2060982565,234.425177758,223.744029235,177.624937997,211.968589143,211.968559119,92.2061826973,211.968100657,237.977459019
2011-10-30 03:00:00,211.968542932,0.0150836685634,92.20624059,215.037824407,171.694547438,1.1866536892e-05,211.968483705,0.0150001536321,211.968545731,211.96855598,0.0200351508175,211.967378966,85.4738598169,226.165939962,183.714796463,246.019998541,211.968545566,211.968546296,92.2063222357,69.153770319,0.0150174203293,0.015037667916,234.425177508,223.744034615,177.624937961,211.968581356,211.968556879,92.2055538751,211.96824777,237.97772992
2011-10-30 04:00:00,211.968542277,0.0150373560342,92.2062421084,215.037817661,171.694554285,1.19518159819e-05,211.968497015,0.0150005268521,211.968523863,211.968553598,0.0200360624191,211.967378158,85.4738598838,226.165935366,183.714794077,246.019998991,211.968543973,211.968544752,92.2063220032,69.1537751241,0.0150163361935,0.0150133230132,234.425177162,223.744055654,177.624937826,211.968573708,211.968553938,0.0167917727021,211.968380658,237.977839545
2011-10-30 05:00:00,211.968540411,0.0150203291395,92.2062455679,215.037799959,171.694594076,1.20719663965e-05,211.968509794,0.0150019449387,211.968506992,211.96854747,0.0200652356283,211.967377002,85.4738593662,226.165920623,183.71478899,246.019999717,211.968540262,211.968539888,92.2063218733,69.1537716169,0.0150151529224,0.0150111005939,234.42517648,223.744096855,177.624937672,211.968570929,211.968548542,0.0156175053764,211.968382678,237.977802991
2011-10-30 06:00:00,211.968533341,0.0150094882947,92.2062601463,161.279720861,171.694575659,1.23013486588e-05,211.968426513,0.0150092839374,211.968525986,0.0101235513119,0.0199925233654,211.967374457,85.4738590053,226.165723463,0.0192409835809,246.019999497,171.694507415,92.2072920404,92.2063226449,69.1537657781,52.210017037,0.0150151285469,234.425172484,223.744189021,177.624937399,211.968536562,211.968505069,0.0150835402618,211.967288113,237.977845105
2011-10-30 07:00:00,158.97636423,0.0150024501627,92.206260249,161.27958044,171.694551704,1.24803830404e-05,171.694748522,0.0150058749216,211.96838447,0.0100952933003,0.0199318175513,211.967369467,85.4737619245,183.187608455,0.0192242179821,199.276210915,171.694470104,92.2072728765,92.2063152166,69.1537618139,52.2099124476,0.0150247765939,113.83494353,171.69509087,177.624936394,211.968541588,171.694445286,0.0150626788321,211.967465654,237.977592486
2011-10-30 08:00:00,158.976296711,0.0150024319283,92.2062604434,161.278250067,139.072584569,1.2543823938e-05,92.215758754,0.0150020712964,160.640118941,0.0100042858329,0.0199175223036,0.0113705350242,64.105428254,183.187399203,0.0100057557746,199.276203049,0.0100289062257,0.0100287945978,92.2063127448,69.1536733526,52.2096904538,0.0155057097958,113.834941135,171.694654259,143.876179947,211.968500933,158.975845281,0.0150888831227,211.966484998,237.972400104
2011-10-30 09:00:00,0.0100086623931,0.0150034246261,92.2062627689,0.0100354698254,128.770845929,1.25063077472e-05,92.2062964509,0.015001533351,160.640105115,0.0100034068261,0.0198770681657,0.0113606241767,64.105388152,0.010116298691,0.01000572131,199.27619939,0.0100070220142,0.0100065256878,92.206311438,0.015007367094,0.0150295405683,0.015907856778,0.0100047606155,171.694614129,143.876177206,158.976677858,0.0100241206054,0.0150810951043,113.836235277,103.527149192
2011-10-30 10:00:00,0.0100043386288,0.01500400362,92.2062632886,0.0100190331789,74.6871697001,1.24736288151e-05,0.0200038740405,0.015000679512,160.640104679,0.0100033197198,0.0195920510935,0.0100279200555,64.1034863656,0.0100359069504,0.0100057056009,199.276138223,0.0100067084013,0.0100051293904,92.2063101622,0.0150034588388,0.0150086492176,0.01545833466,0.0100015899156,171.694589825,0.0100057102664,158.976481732,0.0100172301761,0.015046338955,113.835691853,103.521146448
2011-10-30 11:00:00,0.0100038894124,0.0150051887944,92.2062649246,0.0100276699774,74.6871696087,1.2414610523e-05,92.2063183651,0.0150004510191,160.640105991,0.0100037535343,0.0198132579401,0.0100053076745,0.0100617546289,0.0100374846163,0.0100054391674,107.018817838,0.0100069658394,0.0100076367309,92.2063079815,0.0150045338037,0.0150060459427,0.015468716513,0.0100014464905,158.989595757,0.0100009571505,158.976453193,0.0100506333234,0.0150373579861,113.835664166,103.520887857
2011-10-30 12:00:00,0.0100057395512,0.0150049803665,92.2062643853,0.0104701634466,74.6871705436,1.24452610931e-05,158.976453338,0.0150033650078,211.968387184,0.0100644490951,0.0199160168082,0.0100052379732,64.1053006259,0.0106702731193,0.0192187489695,199.276188016,92.2068461107,92.1988452398,92.2063060007,0.0151266868027,0.0150164355751,0.0150667745576,0.0100046105858,171.694485322,0.0100010171495,158.976510028,158.976504723,0.015040667824,113.835650828,103.521144161
2011-10-30 13:00:00,158.976300982,0.0150103499675,92.2062628597,161.279574008,128.7708876,1.24900487247e-05,171.694425692,0.0150046022282,211.96840206,0.0101244927609,0.019940945503,0.0100064203613,64.1054020371,183.187591888,0.0192410552403,199.276202614,171.694475,92.2072781363,92.2063179619,69.1536389804,0.0150132960018,92.206137295,113.834941118,171.694606531,0.0100077177032,158.976527858,171.694457539,0.0150477468565,113.835651826,103.520997391
2011-10-30 14:00:00,158.976380264,0.0150267682074,92.206264469,161.279786136,139.072583685,1.26113812153e-05,171.694485348,0.0150100084225,211.968556286,211.968470935,0.0200002700329,0.011299228095,85.4735092387,183.187639122,183.714799556,211.968545791,171.694861216,92.2074641678,92.2063232295,69.1536627617,0.0150188195328,92.2061648412,113.834943908,171.694638482,143.876178107,158.976628376,171.700680765,0.0150384337638,113.835656977,103.520906635
2011-10-30 15:00:00,211.968543451,0.0156993958693,92.2062775436,215.037809575,139.073600522,1.27219229446e-05,211.96853788,0.0150115954838,261.689091809,211.968551169,0.0246792882057,0.0113665922167,85.4738564946,226.165832456,183.714818488,246.020002293,211.968519395,211.968544743,211.968541526,69.1537238429,0.0150310397984,92.2062300696,211.968549642,211.968644703,143.876180341,211.96852167,211.968532299,0.0150342207677,113.835700945,103.520897819
2011-10-30 16:00:00,211.96855811,92.1971376405,113.834856366,215.037829431,171.694565288,1.2744606948e-05,211.968548128,0.0150123169823,211.969024954,211.968556591,0.0246937972425,0.0115650810295,85.4738615161,226.165850392,183.714821442,246.020003312,211.968522746,211.968550345,211.968551899,69.1537620719,0.0150360463171,211.96818253,211.968552,211.968652866,177.624930911,211.968585512,211.96853749,0.0150318916514,113.835668558,103.520751883
2011-10-30 17:00:00,211.968561433,92.2060823859,113.834862673,215.037834347,171.694567302,1.26743436647e-05,211.968551205,0.0150126496951,211.968724407,211.96855893,0.0246971484447,211.96757552,85.4738617525,226.165855385,183.714822629,246.020003653,211.968523977,211.968552147,211.968554466,69.1537761553,0.0150211001437,211.968188319,211.968552471,211.968654237,177.624933884,211.968607538,211.96854069,0.0150259349547,113.835495602,103.52064556
2011-10-30 18:00:00,211.968562294,92.1975763738,113.834858021,215.03783633,171.694567634,1.26102959967e-05,211.968549912,0.0150123377027,211.968556285,211.968559832,0.024698328906,211.967581436,85.4738614634,226.165857719,183.71482307,246.020003516,211.968524584,211.968553088,211.968552398,69.1712239235,52.2099348099,211.968183154,211.968552759,211.968654064,177.624934249,211.968608898,211.968542807,0.0150194831268,113.834342138,103.520607807
2011-10-30 19:00:00,211.968561336,92.2062927902,113.83477783,215.03783666,171.694567162,1.24946239346e-05,211.968549298,0.0150116722142,211.968553797,211.968559943,0.0246988681902,211.967583308,85.4738611198,226.165858622,183.714822997,246.020003248,211.968524769,211.968553356,211.968550732,69.1538065112,52.2097351944,211.968166102,211.968552831,211.968652433,177.624934376,211.968601001,211.968543792,0.0150233645769,113.834701235,103.520582402
2011-10-30 20:00:00,211.968560656,92.2063053947,92.2062961777,215.037835344,171.694566858,1.22904553455e-05,211.968549134,0.0150111759796,211.968548952,211.968559814,0.0246980870689,211.967584187,85.4738610525,226.165859029,183.714822705,246.020003055,211.968524637,211.968553387,211.96854925,69.1537662104,0.0150130071615,211.968151981,211.968552832,211.968648781,177.624934383,211.968591275,211.968544383,0.0150250063192,0.0163709407118,103.520554116
2011-10-30 21:00:00,211.968560914,92.2063075463,92.2062804553,215.037831787,171.694567674,1.20033779366e-05,211.968549732,0.0150094869188,211.968545238,211.968559473,0.024696597384,211.967584482,85.4738610712,226.165857878,183.714822201,246.020002739,211.968524294,211.968552859,211.968548925,0.0156178818246,0.0150063909222,211.968106383,211.968552835,211.968643887,177.624934343,211.968592303,211.968544402,0.0150227855499,0.0159670887723,103.520527239
2011-10-30 22:00:00,211.968557965,92.2063078896,92.2062719346,215.037827281,171.694567536,1.18588927347e-05,211.968549367,0.0150030604511,211.968544424,211.968558734,0.0246926249232,211.96758438,85.4738606353,226.16585469,183.714821815,246.020002639,211.96852385,211.968552191,211.968545064,0.0150092977409,0.0150037865346,211.96746103,211.968552792,211.968639854,177.624934283,211.968578728,211.968543886,0.0150224099582,0.0150852647617,103.520499675
2011-10-30 23:00:00,211.968555797,92.206308118,92.2062692281,215.037822948,171.694566401,1.18605531189e-05,211.96854673,0.0150008287935,211.968550298,211.968557681,0.0246848949596,211.967583807,85.4738608863,226.165850896,183.71482134,246.020002654,211.968523145,211.968550831,211.96853884,0.0150036789812,0.0150040672017,171.694368981,211.968552704,211.968631738,177.62493423,211.968565808,211.968542415,0.0150230545328,0.0150629253108,103.520482234
2011-10-31 00:00:00,211.968553738,92.2063065499,92.2062768153,215.037818406,171.694564092,1.18657169911e-05,211.968545145,0.0150007302656,211.968557376,211.968556486,0.0246520301827,211.967583216,85.4738608619,226.165849834,183.714821262,246.020002303,211.96852248,211.968548929,211.968547613,0.0150021732306,52.2097822283,211.967891606,211.968552611,211.968625662,177.624934108,211.96855786,211.968541611,0.0150297760422,0.0150329113792,103.520480199
2011-10-31 01:00:00,211.968552739,92.2063078683,92.2062712638,215.037815349,171.694555488,1.19519379488e-05,211.96853981,0.0150003530638,211.968564448,211.968555547,0.0246618151502,211.967582497,85.4738608005,226.165848212,183.71482085,246.020001886,211.968521684,211.968548085,211.968545399,0.0150009231681,52.2100333576,171.694936265,211.968552536,211.968618573,177.624934043,211.968554555,211.968540756,0.0150167444398,0.0150560733066,103.520504233
2011-10-31 02:00:00,211.968551843,92.2063086282,92.2062704447,215.037811288,171.69454511,1.20182968263e-05,211.968537033,0.0150001811619,211.968585006,211.96855438,0.0246808710405,211.967582193,85.4738609119,226.165846383,183.714820834,246.020001801,211.968520871,211.968547481,211.968547351,0.015000264464,52.2101009135,171.694724218,211.968552455,211.968613452,177.624934022,211.968552326,211.968540011,0.0150153831088,0.0150514013338,103.520523554
2011-10-31 03:00:00,211.968553481,92.2063087691,92.2062696352,215.037808203,171.694544498,1.21667711889e-05,211.968535885,0.0150000745968,211.968587859,211.968552979,0.0246886024256,211.967582018,85.4738611053,226.165845025,183.714820846,246.020002273,211.96851992,211.968546444,211.96854901,0.0149998094048,52.2101063143,211.968093083,211.968552395,211.968610079,177.624934076,211.968549927,211.968539452,0.0150227378756,0.015530940265,103.520566649
2011-10-31 04:00:00,211.968556998,92.206310485,92.2062693448,215.03780594,171.694548424,1.25853927778e-05,211.968538092,0.0149999873267,211.968609498,211.968551217,0.024692895836,211.967581813,85.4738619934,226.165842655,183.714820948,246.020002887,211.968518642,211.968545324,211.968550074,0.0149995836733,52.210111248,211.96817439,211.968552359,211.968607307,177.624934131,211.968551423,211.968538743,0.0150404185879,0.0163264826018,103.520628274
2011-10-31 05:00:00,211.968558852,92.2063119196,92.2062726618,215.037800582,171.694553546,1.30739419823e-05,211.968540305,0.0149999623218,211.969549278,211.968546731,0.0246947292286,211.967582049,85.4738624895,226.165841573,183.71482036,246.02000223,211.968515697,211.968542728,211.96855118,0.0149996089628,52.2101190156,211.968195108,211.968552352,211.968601134,177.624934087,211.968558567,211.968537412,0.0153194198758,113.832583647,103.520722195
2011-10-31 06:00:00,211.968555001,92.2063197169,113.834827295,215.036557754,171.69455386,1.31545708074e-05,211.96854006,0.0150001617071,211.968602332,0.0108582071024,0.0200037682236,211.967582027,85.4738631839,226.16581584,148.809003453,246.020000041,171.694789734,171.694374444,211.968550292,0.0150001930115,52.2101593599,211.968206537,211.968552008,211.968583463,177.624933895,211.968562574,211.968526524,92.2060351549,113.83558861,103.520875705
2011-10-31 07:00:00,158.97641935,92.2063108922,113.834842647,174.18053551,171.694536003,1.30903806358e-05,211.968534427,0.0150002237798,211.968553757,0.0108372973349,0.0199925583921,211.967582763,85.4738417722,183.194311529,148.808995256,199.276189725,171.694465299,171.694355896,158.976393268,0.015001064219,52.2104587759,211.968204934,171.694527301,171.694191985,177.624933399,211.968560318,171.694497706,92.2062752336,113.835076674,103.520838813
2011-10-31 08:00:00,158.976337754,92.2063056432,92.2062641327,161.278345192,74.6871681259,1.30246394812e-05,92.2063256115,0.0150001454806,211.96855003,0.0100088507622,0.0199688700625,171.693745589,64.1054891724,183.194264039,0.010107937367,199.276183815,0.0101123913408,0.0101893611581,92.2063261377,0.0150038340631,120.021856618,211.968202975,171.694526364,171.694152272,143.876195231,158.976578275,158.976558366,92.2061602528,113.835750675,103.521030744
2011-10-31 09:00:00,0.0100089215672,92.2063030221,92.2062523316,0.0100671125773,74.6871638065,1.29642179356e-05,92.2061796983,0.0150000906956,211.968538437,0.0100038997831,0.019480611626,171.693740357,64.1054240551,0.0100813861633,0.0100104489064,199.276156673,0.0100068938893,0.0100091139351,92.2063230609,0.0150403425332,120.022674068,211.968201847,158.976463556,0.010092158918,143.876193042,158.976436629,0.0100417557593,74.6885725766,113.836808669,103.521913732
2011-10-31 10:00:00,0.0100052288446,92.2063052379,92.2062399402,0.0100358266666,74.6871289345,1.29465636063e-05,0.0212959551866,0.0150000285825,211.968523677,0.0100039056906,0.018127638681,171.693524085,64.1054087485,0.0100207635077,0.0100106730666,107.018793994,0.010006828111,0.0100071255667,92.2063219207,69.1537065714,120.0226463,211.968198946,0.0150039753468,0.010033726813,0.0149985721299,158.976388753,0.0100189984507,0.0150763680294,113.838769561,211.968501763
2011-10-31 11:00:00,0.0100050763411,92.206308974,92.2062350636,0.0100511065224,74.6870879453,1.291263004e-05,92.2053505589,0.0150000018258,211.968542818,0.0100067671151,0.0197402829265,158.976337423,64.1053871884,0.0100316091515,0.0116803023738,107.02128843,0.0100066545923,0.0100101513994,92.2063214221,69.1537606314,90.0169470069,211.968195799,0.0149827814741,0.0100383433264,0.0100034574854,158.976368139,0.0100854463961,0.015054979568,211.968265116,237.972989256
2011-10-31 12:00:00,0.0100166471582,92.2063117284,92.2062422233,161.278251161,0.0199979030762,1.28712096542e-05,92.2063018313,0.0150000507977,211.968553383,0.0108175913843,0.019977504042,171.693424435,64.1054103988,169.623937872,148.808996106,199.276177905,171.693313601,158.976324756,92.2063226744,69.1537784192,120.022787861,211.968197968,158.976462466,0.0101508367313,0.0149931307513,158.976346413,171.694430864,74.6872016856,211.968579353,237.977276251
2011-10-31 13:00:00,158.976383876,92.2063497542,92.2062536187,174.180545696,74.687129872,1.28991911125e-05,92.2063247554,0.0150000671055,211.969086939,0.0108578919333,0.0200017846346,171.693739071,64.1054399919,183.194305001,148.809006206,199.276185228,171.694467698,171.694361246,92.2063249681,69.1537855624,120.022832543,211.968201357,171.694526446,171.69415231,143.876191596,158.976413177,171.694502212,92.2062674581,211.968796887,237.977960136
2011-10-31 14:00:00,158.976452232,211.96851561,92.2062666952,215.036284129,74.6871660039,1.29976019692e-05,92.2063524155,0.0150001244145,369.287581239,211.968518743,0.0238064375164,171.693749896,85.4738172934,183.194506777,183.714834767,211.968366345,171.694502961,211.967252704,158.97639687,69.1538620854,120.022886172,211.968200244,171.694528429,171.694187719,143.876194773,211.96625115,211.968486169,92.2063521135,261.692787366,237.978184557
2011-10-31 15:00:00,211.968555926,211.968525124,113.834880256,215.037818927,74.6871703603,1.31703450218e-05,113.834973657,0.0150002570183,369.287588649,211.968563681,0.0637625091684,211.967440075,85.4738598818,226.165858924,183.714845219,246.01998241,211.968506825,211.968548104,211.968551436,158.974159802,120.022946361,211.968197385,234.425209029,211.968132107,143.876196533,211.968423352,211.968542531,92.2063795634,261.693424878,237.978321212
2011-10-31 16:00:00,211.968566019,211.96852753,211.968331085,215.037833036,92.2063799615,1.30620004954e-05,113.834978845,0.0150006312001,369.287591146,211.968568489,0.0637785785275,211.968535698,85.4738643349,226.165869553,183.714847333,246.019982895,211.968510115,211.968552621,211.96855696,158.974189748,211.968388183,211.968199727,234.42521034,211.968144692,177.624932896,211.968429415,211.968546151,92.2067374543,261.694787166,237.978369765
2011-10-31 17:00:00,211.968566752,211.968529151,113.834890157,215.037837999,92.2063795584,1.29782786786e-05,113.834974216,0.0150007381559,369.287591925,211.968570991,0.0637825626256,211.968557871,85.4738645013,226.165872661,183.71484815,246.01998305,211.968511313,211.968554179,211.968557451,158.974199136,120.023031329,211.968191948,234.425210639,211.96814894,177.624933698,211.968400841,211.968547633,211.965300494,261.693606588,237.97838644
2011-10-31 18:00:00,211.968564534,211.968530407,113.83487681,215.037839604,92.2063787196,1.28344751656e-05,113.834968971,0.015000337157,369.287591766,211.968571705,0.0637853626153,211.968561795,85.4738639022,226.165873969,183.714848368,246.019982914,211.968511894,211.968554803,211.968553129,158.974179326,120.022953786,211.9681981,234.425210741,211.96815084,177.624933884,211.967880672,211.968548308,211.962023284,261.692863636,237.978382813
2011-10-31 19:00:00,211.968562226,211.968530789,113.834861202,215.037839481,74.6871795751,1.2721727862e-05,113.834942126,0.0150003157605,369.2875914,211.968571702,0.0637856242041,211.968563328,85.4738631524,226.165873732,183.714848027,246.019982269,211.968512043,211.96855513,211.968538119,158.974189838,120.022855616,211.96819294,234.425210765,211.968151062,177.624933915,211.968285767,211.968548526,211.964675499,261.693120848,237.978376607
2011-10-31 20:00:00,211.968559423,211.968533873,92.2063409865,215.03783817,74.6871725246,1.24969663002e-05,113.834955584,0.0150004187174,369.287590476,211.968571381,0.0637844635107,211.968563642,85.473863148,226.165872886,183.714847225,246.019981319,211.968511875,211.968554986,211.968532781,158.974198843,52.2101515099,211.968181682,234.425210741,211.968149885,177.624933904,211.968284018,211.96854812,211.967589576,211.972387796,237.978353103
2011-10-31 21:00:00,211.968559224,211.968531835,92.2062752884,215.037835626,74.6871729285,1.21814427593e-05,113.834966848,0.0150006698719,369.287589016,211.96857126,0.0637829266413,211.968563552,85.4738634992,226.165870934,183.714846377,246.019980512,211.968511581,211.968554507,211.968527502,158.974198044,52.2101080914,211.967961751,234.425210647,211.968147678,177.624933861,211.968389117,211.968547441,211.96786772,211.971683695,237.978322964
2011-10-31 22:00:00,211.968555321,211.968529374,92.2062701936,215.037830765,74.687172227,1.20887706358e-05,113.834967163,0.0150016691026,369.287587044,211.968570192,0.0637784406442,211.968563339,85.473863204,226.165867476,183.714845709,246.019980133,211.968511087,211.968553948,211.968495738,158.97419515,52.2100982284,92.2062275639,234.425210521,211.968145637,143.876203273,211.968435952,211.968546666,211.968129648,211.971364781,237.97828362
2011-10-31 23:00:00,211.968552075,211.9685278,92.2062680748,215.03782512,74.6871706756,1.19954259243e-05,113.834960726,0.0150026610492,369.287584793,211.968568961,0.0637737836758,211.968561578,85.4738625325,226.165862776,183.714845022,246.0199801,211.968510317,211.968552969,171.694481146,158.974193743,52.2100938107,92.2061810727,234.425210448,211.968142364,177.624933824,211.968433966,211.968545943,211.968230618,211.971617662,237.978259423
2011-11-01 00:00:00,211.968547523,211.968527007,92.206267518,215.037820905,74.6871815636,1.18687240652e-05,113.83495465,0.0150117256964,369.287583016,211.968567663,0.0637650175141,211.968560405,85.4738624119,226.165858464,183.714844234,246.019980195,211.968509465,211.968551759,211.968456752,158.974160282,52.2100928176,92.2061828075,234.425210317,211.968140112,177.624933757,211.968443098,211.968544791,211.96838091,211.971891007,237.978272368
2011-11-01 01:00:00,211.968545617,211.968525822,92.2062659457,215.037815883,74.687171467,1.18078529818e-05,92.2078431753,0.0150118270221,369.287580745,211.968566679,0.0637665294458,211.968558733,85.4738621977,226.1658545,183.714843874,246.019979287,211.96850853,211.968550572,92.2063336852,158.974138416,52.2100900855,92.2061835451,234.425210219,211.968137485,177.624933713,211.968432781,211.968543825,211.968405015,211.971995426,237.978277844
2011-11-01 02:00:00,211.96854274,211.968523346,92.206265598,215.037811823,74.6871712295,1.1776583011e-05,92.2064143977,0.0150116341078,369.287579565,211.968565397,0.0637690171139,211.968557447,85.4738621839,226.16585076,183.714843775,246.019978096,211.968507547,211.968549328,92.2063260815,158.974156255,52.210087391,92.2061883961,234.425210117,211.968133842,177.62493368,211.968403251,211.968542787,211.968427119,211.972000576,237.978286585
2011-11-01 03:00:00,211.968542509,211.968520177,92.2062656604,215.037807273,74.6871937933,1.17879523416e-05,92.2063778706,0.0150125186116,369.287579819,211.968563744,0.0637721246446,211.968556807,85.4738620404,226.165846762,183.714844156,246.019977641,211.968506475,211.968548267,92.206326274,158.974163226,52.210085706,92.2061794944,234.425209989,211.968130677,177.624933628,211.968394246,211.968541782,211.968460322,211.972306891,237.978298555
2011-11-01 04:00:00,211.968542023,211.968518671,92.2062660901,215.037802185,92.2063783873,1.194371656e-05,92.20635576,0.0150129970496,369.287578681,211.968561932,0.0637741344294,211.968556495,85.4738626872,226.165841982,183.714844686,246.019977621,211.968504759,211.968547349,92.2063264239,158.974165672,52.2100856979,92.2061757837,234.425209849,211.968125309,177.624933567,211.968388136,211.968539723,211.96850129,211.972526193,237.978331806
2011-11-01 05:00:00,211.96853872,211.968509666,92.2062677233,215.037789846,92.2063808829,1.24573460591e-05,92.2063490485,0.0150154548232,369.287574469,211.968556888,0.0637735777258,211.968556994,85.4738635111,226.165832221,183.714844516,246.019977565,211.968500937,211.968544932,92.2063274832,158.974163914,52.2100890608,92.2061760396,234.425209682,211.968118821,177.624933465,211.968381028,211.968536625,211.968523889,211.993456279,237.978349661
2011-11-01 06:00:00,211.968528973,211.968512506,92.206278026,215.037492673,92.2063817344,1.29445394016e-05,92.2063431443,0.0345101240604,369.287560514,158.976202311,0.0480405699173,211.968556271,85.4738641216,226.16577878,148.809028592,246.019974518,171.69650081,171.694458083,92.2063333442,158.974146152,52.2100956577,92.2061885077,234.425208829,211.968100134,177.624933302,211.968367347,211.968524448,211.968533025,264.608581785,237.978378514
2011-11-01 07:00:00,0.0155338315612,92.2063233869,92.2062737529,161.278231171,92.2063768968,1.29246141867e-05,92.2063330736,0.034511608896,211.968528088,158.976180038,0.0480036284548,211.96855717,85.4738495694,98.3829581128,148.80902133,171.694667922,171.694437974,171.694439803,92.2062802706,158.974179389,52.2100896154,92.2061751937,189.884419734,158.97598381,177.624932909,211.968329598,171.694479625,211.968514929,264.60869349,237.978095458
2011-11-01 08:00:00,0.0147918825008,92.2063097098,92.2062220472,93.5428812213,74.6871701101,1.28140030907e-05,92.2025161747,0.0345085571086,171.694590048,0.0100153776658,0.0276288458606,171.694546069,85.4737635635,0.0103862613728,148.809012409,171.694658018,0.010017938081,0.0137599923842,0.0200009260787,158.974184973,52.21008495,92.2061720508,189.884418724,158.975858683,143.876194957,158.976474639,158.976458688,211.968499531,264.609163148,237.977612741
2011-11-01 09:00:00,0.0100056974377,92.2063024144,0.0200185470034,0.0100281068971,74.6871694767,1.28156900493e-05,0.0150400143894,0.0255838984107,171.69457488,0.010003918692,0.0100911890857,171.694541,64.1054472501,0.0100220538264,79.9156691859,0.0151090414318,0.0100069783216,0.0100092810092,0.0199999413907,69.1537679765,52.2100820592,92.2061717962,175.818937692,0.0100394104301,143.876193678,158.976302309,0.0100451603606,211.968490982,264.609239035,211.968134407
2011-11-01 10:00:00,0.0100039381803,92.2061764921,0.0200023224207,0.0100165257473,74.687168862,1.27878400127e-05,0.0150041739037,0.0150145776704,171.694568634,0.0100040012577,0.0100343377228,171.694536798,64.1054289227,0.0100139475861,0.0101138975374,0.0148437899285,0.0100068563488,0.01000737453,0.0199996007024,0.0152132230682,52.2100800182,92.2061705674,0.0149847262571,0.0100252936743,143.876192564,158.97614633,0.01002155288,211.968477246,264.609277976,178.484348517
2011-11-01 11:00:00,0.0100037286566,0.015119675247,0.0200015611365,0.0100245091544,74.6871690111,1.27704020574e-05,0.0150041612357,0.0150141951602,171.694472338,0.0100093872318,0.0200402028033,171.694535869,64.1053974646,0.010018658243,148.809006747,0.0150018647539,0.0100068135268,0.0100107373988,0.0199995100625,0.0150111875988,52.2100789084,92.206170247,0.0149941887242,0.0100363607257,143.876191043,0.0208005817252,0.0101229757116,211.968483694,264.609283801,178.486266778
2011-11-01 12:00:00,0.0100057962888,0.0150118907999,0.0219175529113,0.0101882573351,74.6871701357,1.27772749109e-05,92.2050688514,0.0150312863112,171.694566611,158.976173133,0.0468287338299,171.694540355,64.1054156447,0.0100781095609,148.809021392,171.692410704,92.206958511,158.976475791,0.0200004284082,0.0150034732864,52.2100826306,92.2061721794,175.818960859,0.0100934057778,143.876191358,158.974814237,171.694128109,211.968504138,264.609420678,237.973775114
2011-11-01 13:00:00,0.0154614276658,0.0150085684443,92.2062365253,161.278221479,74.6871728579,1.27808302726e-05,92.2063247151,0.0257250639914,171.69457425,158.976203379,0.0480327130119,171.694545667,64.1054509891,98.3829524695,148.809056285,171.694663753,171.694444318,171.694445122,92.2062508537,0.0150022406507,52.2100807435,92.2061823394,189.884419174,158.975963779,143.876193118,158.976205139,171.694486377,211.96848895,264.60972679,237.978194174
2011-11-01 14:00:00,0.0155669321496,0.0150058932889,92.2062737604,161.278319656,74.6872387838,1.2778943961e-05,211.968508611,0.0345117451465,211.968561051,211.968546982,211.965242538,171.694571045,85.4738052647,98.38300387,183.714841292,171.694685448,171.694480901,211.968362978,92.206323501,0.0150092063729,52.2100794039,92.2061919181,189.884420954,158.976014325,143.876193681,158.976404534,211.967987177,211.968477876,264.609781197,237.978390246
2011-11-01 15:00:00,211.968546941,0.015005546825,211.968439043,215.037794867,171.694559161,1.28729305641e-05,211.968551146,0.0345134032482,211.96860162,211.968579956,211.968529145,211.967469633,85.4738604936,226.165706168,183.714845222,211.968724521,211.968518901,211.968549786,211.96855554,0.015700000037,52.2100772599,92.2062774562,234.425236304,211.968440648,143.876195151,211.968300988,211.968535695,211.968462045,264.609804128,237.978430388
2011-11-01 16:00:00,211.968563285,0.0150046341679,211.968457556,215.037816345,171.694569214,1.29195694118e-05,211.968556127,0.0345483637541,211.968602564,211.968584715,211.968540806,211.968556413,85.4738649208,226.165729186,183.714846684,211.968725934,211.968523164,211.968553959,211.968559562,69.1537541051,52.2100747513,211.968163094,234.425238326,211.968467489,177.62492991,211.968359073,211.968540662,211.968420483,264.609841971,237.978425802
2011-11-01 17:00:00,211.968567889,0.0150046524967,211.968466736,215.037822114,171.694594873,1.28773879687e-05,211.968557558,211.968523816,211.968597184,211.968587286,211.968541559,211.968577147,85.4738653588,226.165735692,183.714847574,211.968726382,211.968524745,211.968555431,211.968560563,69.1536848972,52.2100700339,211.968194688,234.425238776,211.968476489,177.624930536,211.968352322,211.968542952,211.968318053,264.609878128,237.978400212
2011-11-01 18:00:00,211.968568809,0.0150073512757,211.968462268,215.037824429,171.69456778,1.27872266838e-05,211.968556061,0.0345143366401,211.9685752,211.968588041,211.968546859,211.968580062,85.4738648496,226.165738769,183.714847666,211.968726609,211.968525619,211.968556082,211.968560193,69.1534447227,52.2100691187,211.968211531,234.425238965,211.968480375,177.624930596,211.968204579,211.96854427,211.964960253,264.609775903,237.97829887
2011-11-01 19:00:00,211.968567929,0.0150037930175,211.968459826,215.037825011,171.694564986,1.26650090849e-05,211.968554594,0.0345125177488,211.968559199,211.96858803,211.968536616,211.968581216,85.4738642488,226.16574013,183.714847537,211.968726694,211.968525978,211.968556227,211.968559967,0.0150698850892,52.2100615384,211.968210414,234.425239058,211.968482442,177.624930564,211.96823338,211.968544706,92.2096899203,264.60973008,237.978209617
2011-11-01 20:00:00,211.968566921,0.0150030339608,211.968460437,215.037824046,171.694563768,1.25086425596e-05,211.968557338,0.0345118289069,211.968555196,211.968587884,211.968530076,211.968581472,85.473864106,226.16574092,183.714847012,211.96872635,211.968525936,211.968556107,211.968560315,0.015009423317,52.2100515899,211.968208149,234.425239079,211.968483137,177.624930436,211.968361363,211.968544513,92.206771641,264.609546721,237.978129082
2011-11-01 21:00:00,211.968568397,0.0150019388128,211.968461895,215.037821718,171.694563357,1.22799640369e-05,211.968559206,0.0345090053006,211.968552369,211.968587495,211.968524262,211.968580869,85.4738637991,226.16573968,183.714845938,211.968725915,211.968525687,211.96855553,211.968561207,0.0150038686276,52.2100431752,211.968207475,234.425239012,211.96848166,177.624930254,211.968404431,211.968544187,92.2065631912,264.609074448,237.977979988
2011-11-01 22:00:00,211.9685664,0.0150011163578,211.968458957,215.037817199,171.69456137,1.19414371974e-05,211.968559541,0.0150595810858,211.968547707,211.968586364,211.968513942,211.968579288,85.4738632568,226.165736692,183.714844665,211.968725338,211.968525345,211.968554487,211.968561049,0.0150021591439,52.210031477,211.968204178,234.425238906,211.968479562,177.624930009,211.968406421,211.968543645,92.2065127027,211.969878783,237.977379996
2011-11-01 23:00:00,211.96856353,0.0150007001283,211.968451522,215.037812404,171.694551195,1.17749561009e-05,211.968558482,0.0150142917946,211.968545008,211.968584735,211.968496296,211.968574484,85.4738631772,226.165733316,183.714843282,211.968724761,211.968524739,211.968553621,211.96856087,0.0150014905915,52.2100375168,211.968200219,234.425238761,211.968478085,177.624929729,211.96839958,211.968543213,92.2065247791,211.968899263,211.975073261
2011-11-02 00:00:00,211.968560941,0.0150001605185,211.968445273,215.037807732,171.694471999,1.16558967658e-05,211.968555334,0.0150113066576,211.968549862,211.968583267,211.968422574,211.968568005,85.4738630513,226.16573017,183.71484183,211.968724008,211.968524188,211.968552318,211.968560593,0.0150005698223,52.2100506645,211.968181998,234.425238664,211.968476171,177.624929411,211.968410035,211.968542337,92.2070398128,211.968748881,237.977876461
2011-11-02 01:00:00,211.96856033,0.0149999799267,211.968444028,215.037804143,74.6871717368,1.15833803253e-05,211.968554871,0.0150049405163,211.96855237,211.968582045,211.96825851,211.96856023,85.4738632334,226.165727876,183.714840494,211.968723318,211.968523558,211.968550918,211.968560789,0.0149998534245,52.2100544618,211.96818614,234.425238582,211.968475529,177.624928873,211.968417609,211.96854168,92.206489873,211.968602932,237.977268399
2011-11-02 02:00:00,211.968559057,0.0149999001552,211.968443173,215.037800367,74.6871694651,1.1590319564e-05,211.968554517,0.0150015046508,211.96855339,211.968580685,171.694681091,211.96854924,85.4738633123,226.165725692,183.714838838,211.968722748,211.968523081,211.968549761,211.968561366,0.0149994664718,52.2100551568,211.968195871,234.425238543,211.968473841,177.624928162,211.968419657,211.968540823,92.2064173862,211.968539217,237.975073814
2011-11-02 03:00:00,211.968562511,0.0149998646687,211.968442442,215.037795767,74.6871684157,1.16406975043e-05,211.968553391,0.0150005476324,211.968554036,211.968579461,211.964561051,211.968537907,85.4738632956,226.165724638,183.714836583,211.96872269,211.968522872,211.968548547,211.968562012,0.0149992864008,52.2100565805,211.968202411,234.425238565,211.968475725,177.624927679,211.968421864,211.96854048,92.2064830868,211.968548148,237.975161388
2011-11-02 04:00:00,211.968567947,0.0150000630794,211.968442144,215.037791792,74.687167617,1.17898824405e-05,211.96855262,0.015000255562,211.968558906,211.968577933,211.968238488,211.968532536,85.4738641906,226.165725029,183.714834007,211.968722872,211.968522885,211.968547431,211.968563943,0.014999242219,52.2100583777,211.96820755,234.425238698,211.968477419,177.62492768,211.968424847,211.968540039,92.206977172,211.968599012,237.977886562
2011-11-02 05:00:00,211.968571035,0.0150001694173,211.96844347,215.037782893,74.6871671274,1.22320616172e-05,211.968552317,0.0150001039821,211.968598239,211.968575536,211.968300795,211.968542039,85.4738649364,226.165725763,183.714830323,211.968722813,211.968522437,211.968544753,211.968569357,0.0149992935112,52.210065061,211.968213742,234.425238919,211.968482676,177.624927767,211.968429697,211.968539384,113.835078452,211.968684343,237.978070859
2011-11-02 06:00:00,211.968570617,0.015000065919,211.968449564,215.037661322,74.6871660669,1.27769076949e-05,211.968550066,0.0150001076815,211.968600932,171.694540813,0.0200400264394,211.968557291,85.4738656868,226.165717325,148.808998614,211.968719879,211.968510956,171.694476064,211.968573904,0.0149998072736,52.2101113839,211.968227979,234.42523878,211.968481361,177.624927354,211.968410016,211.968532011,92.2064511934,211.968729546,237.978115586
2011-11-02 07:00:00,158.976500723,0.0149999245987,211.968452785,161.278277641,0.0199990670436,1.28668267506e-05,211.968544104,0.0150001080071,171.694573627,171.6945291,0.0200087370294,211.968564959,85.4738452505,183.193056078,148.808990665,171.694534051,171.694491451,171.694456381,211.968560662,0.0150008654609,52.2108523267,211.968223751,189.884444191,171.694466016,177.624925825,211.968395068,171.694484952,92.2064028771,211.968939462,178.500592434
2011-11-02 08:00:00,158.976395741,0.0149997597427,211.968444508,93.5422203491,0.0150016190854,1.28280693557e-05,92.2063326993,0.0149999529163,171.694569642,158.976324739,0.0199910614629,211.968571675,64.1055081489,169.624116642,148.808974803,171.694521851,92.2065043616,92.2069742287,211.968555094,0.0150018540246,120.02286996,211.9682242,189.884443249,171.694441152,143.875888202,211.968327598,158.97636826,92.2064100525,211.969074767,178.483949462
2011-11-02 09:00:00,0.0100162383767,0.0149999284038,211.96843932,0.0100276029277,0.0150001336699,1.28078011441e-05,0.0162448331995,0.0149999039014,171.694551246,0.0100090193475,0.0199319822681,211.968576652,64.1054467022,0.0100322503723,0.019948628817,0.0151105688636,0.0100072872792,0.0100094212598,211.968438672,0.0150026964555,120.022954903,211.968228912,189.884438015,0.0106141890894,143.875886161,211.966850903,0.01002193425,92.206388087,211.969084736,178.483756676
2011-11-02 10:00:00,0.0100071608578,0.0150001588885,211.968389961,0.0100161092356,0.0149998518291,1.26921010899e-05,0.0162008003254,0.0149998827282,160.640188445,0.0100064296731,0.0198941886868,211.968575697,64.1054249905,0.0100207836409,0.0100319010178,0.0122044050443,0.0100076417516,0.0100074345041,171.694540267,0.0150030982896,120.022984936,211.968229719,113.834939668,0.0100684638671,143.875885238,158.976358478,0.0100132111655,92.2064038881,211.969115038,103.525029297
2011-11-02 11:00:00,0.0100073410975,0.0150006848109,92.2062815911,0.0100238159866,0.0149997574716,1.26817805674e-05,0.0150319339654,0.0149998849137,171.694532539,0.0100216627629,0.0199700072997,211.968574535,64.1048392318,0.0100325365896,0.0200141977739,0.0149975672329,0.0100108374215,0.0100108194316,171.694536485,0.0150034629239,120.023170855,211.968227102,0.0150014280243,0.0100935365363,143.875884914,158.976267292,0.0100390506397,92.2067273249,211.969127023,178.483709864
2011-11-02 12:00:00,0.0101225397781,0.0150010435489,92.2062816953,0.0102247430384,0.014999780407,1.2702231709e-05,0.0152617985052,0.0149998979311,171.694573515,171.694517076,0.0199925469319,211.968566914,64.1054243524,169.623088434,148.808982878,171.694100087,171.694461499,158.976485625,171.69453856,0.0150038427558,211.968495092,211.968217812,189.884402576,171.694216565,143.875885189,158.976228812,158.976492507,211.966600461,211.969436206,178.483934796
2011-11-02 13:00:00,158.976428588,0.0150030966904,92.2062744825,161.278271194,0.0149998596627,1.2668852048e-05,0.0162042021698,0.0149999197096,211.968493501,171.694536191,0.0200038868347,211.968453475,64.105466966,183.193054462,148.808993659,171.694531286,171.694495365,171.694461146,211.968523838,0.0150036920704,211.968523975,211.968216307,189.884443329,171.694460648,143.875885533,158.976232421,171.694490591,211.967683747,264.609638216,211.972961656
2011-11-02 14:00:00,158.976597796,0.0150082910612,92.2062790503,161.278378305,0.0150001195782,1.26867077858e-05,0.0162288055114,0.0149999435356,369.287589198,211.968562046,0.020033445473,211.968324441,85.4738156557,183.19311135,183.714802987,171.694553691,211.968463852,211.968346466,211.968560227,0.0150036550674,211.968537334,211.968213079,189.884446533,171.694564423,143.875885933,158.976371699,211.96846603,211.967541178,264.609973761,237.978371211
2011-11-02 15:00:00,211.968584614,0.0162144187939,113.834872692,215.037810088,0.0150016906263,1.27963316381e-05,0.0200255684977,0.0149999759734,369.287595921,211.968575844,0.0247138714199,211.968525905,85.4738626225,226.165904224,183.714809333,211.968562029,211.968544427,211.968550531,211.96856741,0.0150039514321,211.968537709,211.968213257,234.425261649,223.74397949,143.875888026,211.96808381,211.968543481,211.967817899,264.609990585,237.978403014
2011-11-02 16:00:00,211.968591452,92.2062999109,113.834837836,215.037829953,0.0185181466611,1.28592450091e-05,0.0200299353614,0.0150000395984,369.287597068,211.968579151,0.0247200569623,211.968576958,85.473866264,226.165918641,183.714811485,211.968563303,211.968547155,211.968554563,211.96856767,0.0150048118606,211.968540998,211.968215275,234.425262679,223.744005826,177.624548904,211.968082049,211.96854778,211.968129024,264.610052369,237.97838883
2011-11-02 17:00:00,211.968591855,92.2063104511,92.2062784855,215.037835386,0.0185179619708,1.287532728e-05,0.0200253856246,0.0150000829052,369.287596856,211.968581018,0.0247202243808,211.968585515,85.4738665104,226.165922707,183.714812894,211.968563684,211.968548153,211.968555977,211.968564323,0.0150073875426,211.96854132,211.968210291,234.425262933,223.744014383,177.624549623,211.96781862,211.968549362,211.9683151,264.610114815,237.978322545
2011-11-02 18:00:00,211.968589557,92.2063113267,92.2062779447,215.037837396,0.0185067279657,1.2827069028e-05,0.0200197744089,0.0150000987964,369.287597259,211.968581616,0.0247168584061,211.968585543,85.4738660864,226.165924801,183.71481344,211.968564012,211.968548487,211.968556697,211.968561543,0.015007825271,211.968533583,211.968212627,234.425263029,223.744018331,177.624549513,211.968017001,211.968550129,211.968457327,264.610040083,237.978181076
2011-11-02 19:00:00,211.96858721,92.2063137767,92.2062747306,215.037838111,0.0150101049451,1.27521816528e-05,0.0200169563645,0.0150000587052,369.287596974,211.968581447,0.024713992348,211.968585042,85.4738655999,226.165925045,183.714813683,211.96856408,211.968548683,211.968556917,211.968559336,0.0150056976901,211.967807669,211.968207593,234.425263042,223.74401763,177.624549347,211.968084576,211.968550418,211.968364602,264.610069915,237.978204447
2011-11-02 20:00:00,211.968584096,92.2063294534,92.2062734534,215.037836752,0.0150045656517,1.25671642792e-05,0.0200095864515,0.0150000306806,369.287595993,211.96858114,0.0247099747887,211.968583862,85.4738655511,226.165925215,183.714813325,211.968563474,211.968548584,211.96855673,211.968555617,0.0150042762322,120.022962475,211.968207703,234.425262972,223.744015521,177.624548493,211.968124085,211.968550019,211.96773,264.610017701,237.978188268
2011-11-02 21:00:00,211.968582495,211.968481284,92.2062720164,215.037834241,0.0150030910511,1.234487527e-05,0.0200046563327,0.0150000378508,369.287594314,211.968580777,0.0247047959038,211.96858254,85.4738652349,226.165923493,183.714812346,211.968562647,211.968548297,211.968556315,211.968548148,0.0150034127069,52.2149152209,211.9682006,234.425262785,223.744012432,177.624547054,211.968126984,211.968549477,211.967845177,264.610026182,237.978182223
2011-11-02 22:00:00,211.968577791,211.968518349,92.2062703349,215.037830037,0.0150022530647,1.20481905411e-05,0.0199986634848,0.0150000404694,369.287592165,211.96857947,0.0246936752709,211.968579656,85.4738645888,226.165919919,183.714810953,211.968561828,211.968547876,211.968555188,211.968472905,0.0150025224537,52.2100802934,211.968085377,234.425262546,223.744007095,177.624544102,211.968102216,211.968548648,211.968082438,264.60338274,237.978170959
2011-11-02 23:00:00,211.968573542,211.968524911,92.2062660141,215.037825188,0.01500126451,1.17874040906e-05,0.0199799196785,0.0150000360483,369.287589652,211.968577828,0.0246622465416,211.968569861,85.47386457,226.165915048,183.714809697,211.968561212,211.968547047,211.968554248,92.2063454112,0.0150023777324,52.2100588065,92.2061988161,234.425262184,223.743999557,177.624495177,211.968030608,211.968547838,211.968323386,214.33513363,237.978143918
2011-11-03 00:00:00,211.968566538,211.968525657,92.2062676774,215.037819441,0.0150032940385,1.16694372542e-05,0.0151379642806,0.0150000453739,369.287584045,211.968576237,0.0238755788958,211.968558673,85.4738646658,226.165912024,183.7148091,211.968561182,211.968545903,211.968552953,92.2063277392,0.0150015060646,52.2100576324,92.206175963,234.425261913,223.743989521,143.875891078,159.492141781,211.968546401,211.968461372,214.33465455,237.978128642
2011-11-03 01:00:00,211.96856604,211.96852881,92.2062540327,215.03781635,0.0150016001465,1.16454852451e-05,0.0150935315595,0.0150000022091,369.287575412,211.968574767,0.0202669222652,211.96854209,85.4738645773,226.165910233,183.714807844,211.968560479,211.968545177,211.968551698,92.2063260559,0.0150025889331,52.2100505234,92.206168808,234.425261717,223.743992069,143.87589148,158.976131656,211.968545619,211.968455433,214.334533866,237.978115742
2011-11-03 02:00:00,211.968563847,211.968530837,74.6878195924,215.037813586,0.0150014886495,1.16673598202e-05,0.0150866945772,0.0149999597792,369.287551024,211.968573247,0.0203841700892,211.968537565,85.4738648808,226.165909002,183.714806834,211.968559662,211.968544545,211.968550427,92.2063258367,0.0150039720597,52.2100465077,92.2061617643,234.425261666,223.74399083,143.875893916,158.976083265,211.968545086,211.968459104,214.33467565,237.978164169
2011-11-03 03:00:00,211.968568272,211.968533161,74.6875002008,215.037809636,0.0150019847775,1.17034719835e-05,0.0150906233532,0.0149999628151,369.287478774,211.968571381,0.0245622027343,211.968542888,85.4738648843,226.165907547,183.714806129,211.968559,211.96854415,211.968549345,92.2063259511,0.0150045713421,52.2100439642,92.2061543052,234.425261648,223.743993403,143.87589992,158.976203865,211.968544523,211.968488958,214.334749151,237.978216063
2011-11-03 04:00:00,211.968576903,211.968540034,74.6875004691,215.037806157,0.0150032221118,1.18109037779e-05,0.0151462693294,0.0149999959843,369.287526695,211.96856918,0.0246756739311,211.968545734,85.4738650988,226.165905725,183.714805777,211.968558869,211.968543836,211.968548316,92.2063272638,0.015004864289,52.2100451992,92.2061438796,234.425261895,223.744003505,177.62454087,158.99454931,211.968543876,211.968528567,214.334721347,237.978338211
2011-11-03 05:00:00,211.968580547,211.968547672,92.2062608273,215.037799389,0.0150040810942,1.22690764061e-05,0.0185640535028,0.0150001113588,369.287574099,211.968564363,0.0246859009483,211.968551621,85.4738663395,226.165905135,183.714805678,211.968558653,211.968542925,211.968545979,113.834953169,0.0150053011507,52.2100659274,92.2061558993,234.425262349,223.744020595,177.624547524,211.966470783,211.968542632,211.968560432,214.335199754,237.978413434
2011-11-03 06:00:00,211.968577097,211.968549569,92.2062763881,215.037730375,0.0150053492449,1.2778433797e-05,0.0186031861573,0.0150007254747,369.287575571,158.976374526,0.0199998199522,211.968560937,85.4738672949,226.165895637,148.808995516,211.968555162,211.968533274,171.694497733,113.834954632,0.0150033734253,52.2102145507,92.2061689355,234.425262199,223.744026265,177.624548887,211.967439193,211.968536253,211.968578325,264.610027766,237.978458802
2011-11-03 07:00:00,158.976488528,211.968549353,92.206274777,161.278374585,0.0150038403892,1.27941210539e-05,0.0185214095446,0.0150028315381,173.491341158,158.976353513,0.0199937188092,211.968565724,85.473861943,183.194207587,148.808990702,107.019690015,171.694499968,171.694475582,92.2063235928,0.0150067612952,52.2101457469,92.2061472087,189.884463485,181.232679171,177.624548727,158.975939022,171.694461794,211.968576553,264.610242045,237.978447366
2011-11-03 08:00:00,158.976415508,211.968544526,74.687093198,93.5428403762,0.0150004687288,1.26798045217e-05,0.0150211343632,0.0150007962014,173.491328086,0.0100137590962,0.0199853735191,171.694556644,85.4738566291,169.62441599,148.808962422,0.0150191378785,0.0157731022116,0.0101675876573,92.2062810984,0.0150071964432,52.2100958982,92.206145205,189.884462681,181.232665902,143.875886013,158.975858431,92.2076093535,211.968571054,264.610477501,237.978432874
2011-11-03 09:00:00,0.0150018191749,211.968546222,74.6870380555,0.0100275442465,0.015000146474,1.2687332954e-05,0.0150193094218,0.0150002150123,160.640111391,0.0100041512658,0.0199640681127,171.69454916,85.4738379787,0.0100400544178,0.020014246094,0.0149906543234,0.0100083929053,0.0100086345805,0.0200040444031,0.0150048897918,52.2101063694,92.2061537498,189.884461974,181.232654203,143.875885288,158.975895503,0.0100245976181,211.968579017,264.610653739,237.978395898
2011-11-03 10:00:00,0.0100889215153,211.968547737,0.020015160984,0.0100162211728,0.0149999980644,1.26699145823e-05,0.0150264426385,0.0150000287957,160.640103168,0.0100041781802,0.0199440547612,171.694546212,85.4737114195,0.0100268898123,0.0200042036716,0.0145634722216,0.0100079887171,0.0100067921737,0.0200005137978,0.0150037462555,52.2100917843,92.2061506362,189.884460678,181.232649786,143.875884495,158.975929879,0.0100185325145,211.968589679,264.610456707,237.978339643
2011-11-03 11:00:00,0.0101598436092,211.968549786,74.6870838867,0.0100247080482,0.015000008668,1.26256667142e-05,0.0150114307612,0.0149999874662,160.640103555,0.0100096616645,0.019962175555,171.694543139,64.1056561183,0.0100427945052,148.808939671,0.0149870467955,0.010011608841,0.0100103206085,0.0200004308151,0.0150034416018,52.2100915984,92.2061491797,189.884460184,181.232665105,143.875883008,158.976010262,0.0100596290428,211.968611295,264.610430843,237.978303893
2011-11-03 12:00:00,0.0150278556376,211.968550467,92.2062380173,0.0103609772408,0.0150006897777,1.26348604539e-05,0.0150045952242,0.014999970786,160.640124657,158.97634783,0.0199834278971,171.694543076,85.4736422088,169.624315356,148.80899127,0.0150030187713,171.694397298,158.976471251,92.2062116079,0.0150062666904,52.2102860736,92.2061676384,189.88446217,181.232683806,143.875878081,158.976197058,158.976383772,211.968626,264.610372577,237.978323943
2011-11-03 13:00:00,158.976447461,211.968551116,92.2062179128,161.27837167,0.0150061083049,1.26625610335e-05,0.0150069179294,0.0149999746463,173.491334052,158.97637655,0.0199957504778,171.694543402,85.4738480275,183.194202324,148.809000566,107.019686812,171.694503039,171.694480721,92.2063047894,0.0150077906443,104.555351925,92.2061689864,189.884463094,181.232833123,143.875884361,211.967483264,171.694468481,211.968636342,264.610835884,237.978414977
2011-11-03 14:00:00,211.968079701,211.968552595,92.2062692558,161.278482107,0.0200051817832,1.27366624391e-05,0.0150783887818,0.0150000297264,214.186819188,211.968545844,0.0200135901848,171.694548117,85.4738629896,183.194253397,183.714821708,107.019703643,211.968461124,211.968429946,92.2063252075,0.0151277539859,120.022948331,92.206171448,211.968335321,223.743992786,143.875885263,211.967749313,211.968419062,211.968645047,264.611019545,237.978463648
2011-11-03 15:00:00,211.96857816,211.968553874,92.2062732984,215.037823134,74.6871683963,1.28363385693e-05,0.0185116393916,0.0150004322439,214.186833943,211.968566423,0.0247071640221,171.694610307,85.4738673232,226.165853838,183.714829982,211.968537889,211.968543558,211.968554016,113.834947633,69.1537844464,120.022932848,92.2061726631,234.425263589,223.744055055,143.87588656,211.967800752,211.968531545,211.968649091,264.611212253,237.978458521
2011-11-03 16:00:00,211.968584737,211.968553617,92.2062748118,215.03784194,74.68717174,1.28443392811e-05,0.0185198344868,0.0150150720149,214.186835606,211.968570532,0.0247143083901,211.968560378,85.4738682058,226.165865357,183.714832685,211.968541551,211.968545874,211.968557881,122.941634212,158.974208072,64.4698743927,92.2061753004,234.425264097,223.744065269,177.624919124,211.967812804,211.968535868,211.968634783,264.611267391,237.978427264
2011-11-03 17:00:00,211.968584651,211.968553539,92.2062737912,215.037846898,74.6871735189,1.28261667453e-05,0.018512740531,0.0150191463045,214.186836117,211.968572718,0.0247159931785,211.968575935,85.4738680067,226.165868302,183.7148343,211.968542678,211.968546697,211.968559296,211.968423024,158.974297794,52.2100460873,92.2061739255,234.425264212,223.744069597,177.624933195,211.967789386,211.968537371,211.968618107,264.611328827,237.978353578
2011-11-03 18:00:00,211.968582877,211.968552964,92.2062722049,215.037849288,74.6871739651,1.27317427749e-05,0.015108160142,0.0150246980317,214.186837485,211.968573519,0.0247142789863,211.968576715,85.4738677217,226.165869363,183.71483517,211.968544041,211.968546958,211.968559753,113.834946853,211.958660686,52.2100354454,92.2061689149,234.425264248,223.744071506,177.624933852,211.967692519,211.968538094,211.968610972,264.611013328,237.978217362
2011-11-03 19:00:00,211.968579765,211.968551184,92.2062688269,215.037849472,74.6871731399,1.26376768705e-05,0.0150271055652,0.0150319332353,214.186836621,211.968573478,0.0247117181969,211.968576662,85.4738671237,226.165868951,183.714835315,211.96854429,211.968547084,211.968559855,113.834942342,211.965465827,52.2100227977,92.2061576938,234.425264207,223.744069264,177.624934767,211.967474884,211.96853827,211.968600587,264.611047869,237.978155758
2011-11-03 20:00:00,211.968575527,211.968552033,92.2062472756,215.037848155,74.6871706982,1.24599612742e-05,0.0150140784035,0.0150717794753,214.186834821,211.968573381,0.024708480666,211.968576174,85.4738667353,226.165868419,183.71483502,211.968543834,211.968546949,211.968559571,113.834931828,211.968034094,52.2100164843,92.2061272841,234.425264106,223.744064195,177.624935091,211.966352651,211.96853802,211.968587891,264.610395149,237.978038405
2011-11-03 21:00:00,211.968574141,211.968549429,92.2054375223,215.037845601,74.6871736777,1.2227018081e-05,0.015015247517,211.968039536,214.186832178,211.968573055,0.0247032261013,211.968575407,85.4738665232,226.165866044,183.714834332,211.968542048,211.968546683,211.968559077,92.2063324886,211.968235281,52.2100133716,92.2060361586,234.425263908,223.744056565,177.624935373,158.976019716,211.968537639,211.968570592,264.610342619,237.977380447
2011-11-03 22:00:00,211.968565393,211.96854432,0.0201062696614,215.037841041,74.6871720283,1.19345103301e-05,0.0150140249758,211.968443689,214.186827358,211.968572051,0.0246903293884,211.968574353,85.4738660297,226.165861777,183.714833427,211.968539951,211.968546098,211.968558023,92.2063259667,211.966036871,52.2100096461,0.0154443742784,234.425263646,223.744050082,177.624935717,158.975830456,211.968536903,211.96855518,264.610099667,211.968933765
2011-11-03 23:00:00,211.968554523,211.968539786,0.0200593309804,215.03783541,74.6871692503,1.17849984528e-05,0.015009824071,211.968497012,214.18681038,211.968570598,0.0246490997406,211.968571582,85.4738658986,226.165856076,183.714832616,211.968537638,211.968545091,211.968556795,92.2063249425,211.965798297,52.2100061025,0.0151432095574,234.42526323,223.744033231,177.624936115,158.975758973,211.968535906,211.968546346,214.336991779,211.968525309
2011-11-04 00:00:00,211.968547646,211.968537954,0.0200457068098,215.037831392,74.6871676967,1.1582007676e-05,0.015007348518,211.968513251,214.186788523,211.968569243,0.0246319204986,211.968569581,85.4738657678,226.165853496,183.714832417,211.968541697,211.968542868,211.968555987,92.2063251474,158.97896372,52.2100063647,0.0152998197129,234.425262287,223.744023249,177.624937022,158.975752199,211.968531533,211.968553253,264.595333765,237.977814406
2011-11-04 01:00:00,211.968542129,211.968536385,0.0200304093685,215.037827162,74.6869692296,1.15618427323e-05,0.0150065445223,211.968516415,211.968703208,211.968567915,0.0244768391743,211.968567042,85.4738658034,226.165847955,183.714831673,211.968537887,211.9685421,211.968554318,92.206324478,158.974438063,52.2100041157,0.0150217719338,234.42526183,223.744019044,177.624937237,158.975824934,211.968530376,211.968548854,214.338544091,237.977856984
2011-11-04 02:00:00,211.968541319,211.968535784,0.0200127259583,215.037824496,74.6858762755,1.15669051173e-05,0.0150063439892,211.968517694,211.968670124,211.968566653,0.0245846485577,211.968565828,85.4738657794,226.165840742,183.714831223,211.968532364,211.968541551,211.968553376,92.2063242517,158.974286866,52.2100025322,0.0150199890449,234.425261804,223.744020521,177.624937268,158.975852372,211.968529246,211.968544889,214.335163814,237.977824949
2011-11-04 03:00:00,211.968550288,211.968536754,0.020011315216,215.03782299,74.6871634419,1.15796149208e-05,0.0150063265027,211.968518436,211.969060648,211.968565324,0.0246722412917,211.968564657,85.4738657326,226.165833678,183.714830792,211.968533539,211.968541303,211.96855273,92.2063243361,158.974267713,52.2100020778,0.0151293276366,234.425261799,223.744021501,177.624937588,158.975696123,211.96852923,211.968545755,214.335324516,237.977794003
2011-11-04 04:00:00,211.968568784,211.96854184,0.0200184387077,215.03782187,74.6871673575,1.17601417542e-05,0.0150088712706,211.968519055,214.186727673,211.968563422,0.0246916717897,211.968564738,85.4738660744,226.165830473,183.714830452,211.968538684,211.968541497,211.968552477,92.2063249364,158.974265122,52.2100026645,0.0186603047293,234.425262302,223.744039405,177.624938022,158.975683403,211.968530353,211.968563879,214.335184154,237.978055266
2011-11-04 05:00:00,211.968578519,211.968545329,0.0200327593049,215.03782034,74.687169099,1.22051891158e-05,0.0150227125907,211.968519778,214.186797062,211.968559288,0.0246974015006,211.968564589,85.4738671323,226.165826746,183.714829646,211.968543726,211.968541675,211.968552135,92.2063267492,158.974270475,52.210006301,92.2060231072,234.425263047,223.744064849,177.624938471,158.975712129,211.968532301,211.968583268,214.335332809,237.97809174
2011-11-04 06:00:00,211.968582587,211.968543576,0.0247233658258,215.037800183,74.6871689375,1.2722473424e-05,0.0153727957338,211.968520736,214.186800687,158.976393251,0.0200078447222,211.968566234,85.4738680523,226.165808266,148.809012584,211.968547309,211.968536306,171.694556014,92.2063397137,158.974346071,52.2100108147,66.0166641565,234.425262965,223.744074955,177.624938749,158.975614351,211.968531601,211.968594544,264.609970594,237.977576537
2011-11-04 07:00:00,211.968468565,211.968540143,0.0247378785695,174.180518681,74.6871685117,1.27839203723e-05,0.015340004244,211.96852359,171.694544731,158.976359009,0.020001631587,211.968567029,85.4738643997,183.192588105,148.809005488,171.694535674,171.694514087,171.694521001,92.2063220434,211.965442253,52.2100107252,0.0150226307242,211.968553505,181.232849703,177.624938831,158.975634966,171.694509713,211.968559828,264.610148964,237.977810382
2011-11-04 08:00:00,171.694545104,211.968536497,0.0200338886322,161.278012184,60.4966148232,1.27276924434e-05,0.0150011005772,211.968521262,160.640112212,0.0100104461599,0.0199954905648,211.967500521,85.4738630846,169.622835281,79.9166776559,171.694526817,171.694491695,158.976609463,92.2062725817,211.968170956,52.2100084047,0.0150103399115,189.884463847,181.232724801,177.624936629,158.975616431,171.694096701,211.968541499,264.610283428,237.977722583
2011-11-04 09:00:00,158.976616953,211.968534154,0.0200050931738,0.0100383889645,60.496614603,1.27184031423e-05,0.0149985339481,211.968520471,158.976720063,0.0100040001149,0.0199818097019,171.694546804,85.473859603,0.0148532217745,0.0100106180912,171.694524289,0.015016574431,0.0100193007564,36.9307167074,158.974213438,52.210007652,0.0150106148671,189.884463025,181.232718675,177.624925659,158.975498465,92.2070879619,211.968515983,264.610273713,178.483881706
2011-11-04 10:00:00,158.976463342,211.968532244,0.0199984791229,0.0100295491352,60.4966151804,1.267235094e-05,0.0149960206141,211.968520171,0.0199999632639,0.0100043917471,0.0199622259124,171.694538241,85.4738570264,0.0102465686582,0.0100105369516,171.694523108,0.0150111314551,0.0100160890555,0.0200011200703,158.974196644,52.2100050108,0.0150099308375,189.884462698,181.232717832,143.876202866,158.97550262,158.975947123,211.968502318,264.609859328,178.483604133
2011-11-04 11:00:00,158.976438439,211.9685314,0.0199984315613,0.0100593169322,60.4966169569,1.26263537201e-05,0.0149956171931,211.968519756,0.0200103005154,0.0100188919525,0.0199734550147,171.694535405,85.4738581901,0.0148851339711,79.9164551026,171.694522542,171.694487862,158.974666952,0.0200007940291,158.974149917,52.2100023737,0.0150134529396,189.884462619,181.2327374,143.876202303,158.975611418,171.694486155,211.968514821,264.608599089,178.483464684
2011-11-04 12:00:00,158.976470262,211.968534166,0.0200020358126,161.278442596,60.4966208537,1.2565881671e-05,0.0149994790996,211.968519985,160.640109857,158.976375369,0.019992407093,171.694533061,85.4738609215,169.622859982,148.809006574,171.694524535,171.694514817,171.694518924,0.0200091183825,69.1538836973,52.2100023214,0.0150104681616,189.884462986,211.968167205,143.876202694,158.975636342,171.69451544,211.968547029,264.610230357,178.483665473
2011-11-04 13:00:00,171.694535754,211.968532914,0.0200457074826,174.180537796,74.6871669279,1.2564158763e-05,0.0150075697858,211.968518075,171.69454847,158.976394401,0.0200067926508,171.694534342,85.4738639571,183.192604001,148.809016176,171.694527059,171.69452602,171.694530848,92.2063020394,69.1538181271,52.209998972,0.0150115335395,189.884463852,223.743847215,143.876204876,158.975747651,211.968069781,211.968581209,264.610373174,211.968384744
2011-11-04 14:00:00,211.968504663,211.968532502,92.2062815132,174.1808798,171.694482974,1.25432432804e-05,92.2063523633,211.968520946,211.968578268,211.968546083,0.0203292857862,171.694537219,85.473865747,226.163618011,183.714839476,211.96854047,211.968538978,211.968547502,92.2063278054,158.974119806,52.2099962672,0.0151293329375,234.425239392,223.744023166,177.624927132,211.968191688,211.968538197,211.968578492,264.610395804,237.978182469
2011-11-04 15:00:00,211.968585957,211.968531832,211.968471098,215.037839056,171.694636729,1.26049215983e-05,211.968553017,211.968523443,211.968581468,211.968563853,0.0279830151943,171.694544251,85.4738679139,226.163718927,183.714846043,211.968551211,211.968544113,211.968557057,211.968555117,158.974215169,52.2099951103,92.2061733236,234.42526216,223.744073789,177.624936329,211.968389846,211.968544887,211.968579878,264.610336153,237.978183778
2011-11-04 16:00:00,211.968589748,211.968528374,211.968485352,215.037854242,171.694641728,1.26484294985e-05,211.968580783,211.968551628,211.968582336,211.968567653,0.0279958864639,211.968541839,85.4738687184,226.163725522,183.714848762,211.968551916,211.968545431,211.968559436,211.968558967,211.96842193,52.209993487,92.2061886896,234.425262398,223.74407953,177.62493868,211.968445058,211.968547781,211.968562979,264.610351458,237.978134469
2011-11-04 17:00:00,211.968588392,211.968519259,211.968489211,215.037858415,171.69464256,1.26393515061e-05,211.968587829,211.968556162,211.968581985,211.968569727,0.028000028611,211.968561935,85.47386872,226.163727177,183.714850148,211.968552018,211.968545874,211.968560269,211.968561197,211.968536998,52.20999078,211.967276142,234.425262354,223.74407979,177.62493885,211.968482449,211.968549243,211.968539464,264.610340767,237.978014297
2011-11-04 18:00:00,211.968585799,211.968436772,211.96848973,215.03786012,171.69464307,1.25470076622e-05,211.96858462,211.968556036,211.968579726,211.968570336,0.0280029749128,211.968562279,85.4738683912,226.163727505,183.714850373,211.968552658,211.968546161,211.968560502,211.96856112,211.968551227,52.2099882684,211.968222637,234.425262316,223.744078296,177.624938815,211.968495272,211.968550614,211.968510512,264.61036055,237.978110367
2011-11-04 19:00:00,211.968581821,92.2063238636,211.968489832,215.037860144,171.694642628,1.23841475975e-05,211.968579655,211.968555973,211.9685779,211.968570233,0.0280007094526,211.968561882,85.4738675328,226.163726824,183.714850479,211.968552358,211.968546267,211.968560727,211.968560903,211.968546965,52.2099871519,211.968224196,234.42526217,223.744072628,177.624938662,211.968514195,211.968550607,211.968464818,264.610306406,237.978109326
2011-11-04 20:00:00,211.968576285,92.2063172308,211.968491368,215.037858953,171.694642477,1.21431074474e-05,211.968577003,211.968555272,211.968578962,211.968570216,0.0279979879647,211.968561057,85.4738672187,226.163725938,183.714850212,211.968551468,211.968546164,211.968560127,211.968561009,211.9685391,52.2099873557,211.968225705,234.42526189,223.7440639,177.624938398,211.96854389,211.968549626,211.968408851,264.610248693,237.978101124
2011-11-04 21:00:00,211.968573429,92.2063115658,211.968492171,215.037856345,171.694642694,1.19726666965e-05,211.968589954,211.968554448,211.968579647,211.968569846,0.0279955056855,211.968560017,85.4738670605,226.163723898,183.714849544,211.968550358,211.968545834,211.968559524,211.968561657,211.968526721,52.2099906179,211.968224965,234.425261368,223.744055542,177.624938171,211.968545379,211.968548537,211.968413307,264.610029237,237.977915877
2011-11-04 22:00:00,211.968559289,92.2063004732,211.96849294,215.037852649,171.694642197,1.18081384549e-05,211.968592933,211.96855134,211.968578968,211.968568926,0.0279927257711,211.96855864,85.473866622,226.163720245,183.714848697,211.968548995,211.968545195,211.968558281,211.968560565,211.968499877,52.2099906813,211.968223975,234.425260434,223.744040335,177.624937831,211.968532463,211.968547337,211.968407869,211.969018764,237.977212253
2011-11-04 23:00:00,211.968547543,92.1971070075,211.968493171,215.037846854,171.694640664,1.16497457726e-05,211.968592206,211.968543318,211.968577359,211.968567573,0.0279878975277,211.968556043,85.473866306,226.163714977,183.714847927,211.968547144,211.96854402,211.968557003,211.968558241,211.968494553,52.209989102,211.968220235,234.425258327,223.744024525,177.624937293,211.968456169,211.968545126,211.968397458,211.970075698,237.974915423
2011-11-05 00:00:00,211.968555029,0.0150106238541,211.968494844,215.037842464,171.694640413,1.14657912547e-05,211.968588835,211.968537511,211.96857605,211.968566006,0.0279743445034,211.96855396,85.4738664695,226.163711275,183.714846517,211.968548822,211.968542686,211.968556074,211.968554956,211.968344654,52.2099866568,211.968218809,234.425253655,223.744014169,177.624936907,158.977053742,211.968544029,211.968424484,211.968525334,237.977305403
2011-11-05 01:00:00,211.968551821,0.0150057713906,211.968493959,215.037839343,171.694637868,1.14095321242e-05,211.968593266,211.968526781,211.968574715,211.968564538,0.0279766155588,211.968550627,85.4738666654,226.16370763,183.714845791,211.968547794,211.968541279,211.968554557,211.968539366,211.967305073,52.2099857351,211.968192735,234.42525145,223.744002896,177.624936122,211.968241569,211.968542975,211.968161136,211.968559698,237.977861652
2011-11-05 02:00:00,211.96854408,0.0150026374216,211.968493271,215.037835984,171.694615901,1.13437717334e-05,211.968596916,211.968524381,211.968572561,211.968562971,0.0279758715673,211.968547405,85.4738665438,226.163705871,183.714845133,211.96854625,211.968541124,211.968553503,211.968183478,158.975946464,52.2099858781,211.968019608,234.425249762,223.744004437,177.624935401,211.968536804,211.968543095,211.965493693,211.968494311,237.977864053
2011-11-05 03:00:00,211.968543769,0.0150013312029,211.968493484,215.037835036,171.694559739,1.13044955691e-05,211.968595743,211.968522939,211.96856788,211.96856118,0.0279742920541,211.968545135,85.4738660647,226.163703558,183.714844397,211.968544345,211.968540842,211.9685525,92.2064762983,158.974766491,52.2099859554,92.2063798848,234.425249582,223.744001392,177.624934778,211.968543827,211.968542496,92.2064231478,211.968337577,237.977673988
2011-11-05 04:00:00,211.968548357,0.015000739324,211.968493066,215.037833121,171.694549049,1.13506453959e-05,211.968592979,211.96852255,211.968563258,211.968558492,0.0279719280157,211.968542087,85.4738664056,226.163700415,183.714844366,211.968542143,211.96854093,211.968551237,92.2063395441,158.974508812,52.2099863988,92.2062003022,234.425250179,223.744006554,177.624934114,211.968540097,211.968542113,92.2063626221,211.968303561,237.977659053
2011-11-05 05:00:00,211.968551196,0.0150003676928,211.968493229,215.037831941,171.694547049,1.14591118283e-05,211.968592347,211.96852237,211.968559864,211.968551988,0.0279642245452,211.968537943,85.4738666663,226.163693479,183.71484403,211.968540459,211.968540848,211.968548535,92.2063307302,158.974406212,52.2099893278,92.2061903216,234.425252589,223.744028322,177.624933627,211.968536475,211.968543779,92.206344666,211.967810186,237.977506027
2011-11-05 06:00:00,211.968557521,0.0150006391934,211.968494402,215.03782335,171.694576589,1.15807615693e-05,211.968596803,211.968522345,211.968555138,101.647790423,0.0205802098768,211.968530317,85.47386652,226.163678861,148.809029083,211.968541053,211.968539175,171.694541087,92.2063444009,158.974288926,52.2100019892,92.2061847292,234.425250115,223.744038075,177.624933724,211.968535303,211.96854619,92.2063592861,211.968348017,237.977392567
2011-11-05 07:00:00,171.694556252,0.015000119839,211.968493511,174.18059595,171.694549802,1.17963795e-05,211.968595846,211.968522914,130.118493827,101.647761244,0.0205530606159,211.968512975,85.4738612285,183.192456868,148.809024802,171.694496618,171.69451778,171.694491506,92.2063242574,158.974306459,52.2100110058,92.2061813784,189.88446087,181.232730625,177.624931693,211.96853939,211.968504633,92.2063345435,211.968314521,103.520828027
2011-11-05 08:00:00,171.694512066,0.0149999828856,171.694476201,161.278504743,74.6871707741,1.20673273387e-05,171.694562459,211.968523658,130.118480192,0.0100081153512,0.020001054546,158.975629644,85.4738534681,0.0152345584949,148.809020703,171.694486325,171.694512663,0.010143317045,0.0200089520702,158.975310894,52.210022901,92.2061804486,189.884460468,181.232690165,0.0150263595443,158.976512443,211.968412169,92.2063182762,211.968427389,103.520656483
2011-11-05 09:00:00,171.694493269,0.0150000047494,92.2063036675,0.0101389717124,74.687169601,1.21809964696e-05,171.694547912,211.968522358,0.0200121910587,0.0100040306583,0.0108819842637,158.975617997,85.4738468047,0.0147136660547,148.809006313,171.694482925,171.694488458,0.010007464685,0.0200000971238,158.974182629,52.21002577,92.2061784123,189.884460245,181.232676887,0.0150100999879,158.976462297,171.694554164,92.2063273779,211.968416608,77.6413946838
2011-11-05 10:00:00,158.976545067,0.0150000419074,92.2062974396,0.0100907704421,74.6871377339,1.21921493078e-05,158.976532797,211.968521193,0.0199918150617,0.0100041144259,0.0100226511972,0.0151396842109,85.4738398026,0.0103506130226,148.808998402,171.694480647,0.0151085952012,0.0100061404366,0.0199996047137,158.974124093,52.2100168966,92.2061738737,189.884460192,181.232671266,0.0150085495266,158.976443596,171.694537056,92.2063443462,211.968355621,77.6407237124
2011-11-05 11:00:00,158.976485293,0.0150000968466,92.206296865,161.277587265,74.687150551,1.21602204007e-05,171.694547093,158.976439553,0.0199962892248,0.010008170344,0.010081230126,0.0149360706307,85.4738452542,0.0149643936909,148.809017998,171.694479665,92.2065162346,0.0100104047951,0.0199995556383,158.973764069,52.2100060573,92.2061731506,189.884460283,181.232675403,0.0150079393204,158.976444657,171.69453236,92.2063589294,211.968277847,77.640607753
2011-11-05 12:00:00,171.69415075,0.0149998874244,92.2063072022,174.180509519,60.4966362492,1.21206868703e-05,171.694564088,92.2064166882,120.480369106,101.647767252,0.0199980398314,0.0149043717977,85.4738544146,169.623152077,148.809024829,171.694483276,171.694505515,158.976690964,0.0200003599973,69.153819238,52.210001404,92.2061829315,189.884460528,181.23268448,0.0150078511479,158.976479683,171.694530683,92.2063278027,211.968047917,77.6406603387
2011-11-05 13:00:00,171.694504163,0.0150000044439,171.69446714,174.180615472,60.4966331113,1.20898376121e-05,211.968544166,92.206312182,130.118483005,101.647791642,0.0205695645484,0.0119653289689,85.4738616156,183.192492241,148.80903929,171.694484701,171.694517129,171.694498727,0.020005757187,69.1538300165,52.210006449,92.2061843789,189.884461079,181.232701143,0.0150079075167,211.964426329,171.694533361,92.2063386281,211.968390037,103.520308886
2011-11-05 14:00:00,211.968496592,0.0150003978328,211.968458092,215.037629212,74.6871616392,1.20964874364e-05,211.968598786,158.976350102,160.640102637,211.968552667,0.0277842290889,158.975461874,85.4738623254,183.192603309,183.714842279,211.968485823,211.968507858,211.968474102,92.206313274,158.974148854,52.2100044065,92.2061750207,211.968413673,211.968598554,0.0150082035644,211.968475373,211.968531186,92.2063345674,211.968477862,103.520731531
2011-11-05 15:00:00,211.96853148,0.0150006166237,211.968499441,215.037860801,74.687168616,1.22012371489e-05,211.96860235,211.968511764,160.640104002,211.968580004,0.0641565990274,158.975620741,85.4738660895,226.165739394,183.714847679,211.968494923,211.968542479,211.9685617,92.2063304239,158.974217072,52.2099917084,92.2061605264,234.425252093,223.744034146,0.0150092630358,211.968536447,211.968548859,92.2063298191,211.968268797,103.520718947
2011-11-05 16:00:00,211.968534181,0.0150007444109,211.968504213,215.037874263,74.6871698483,1.22554249729e-05,211.968608269,211.968519798,160.640103843,211.968585304,0.0641679217187,158.975678395,85.4738677124,226.165759675,183.7148497,211.968494614,211.968544127,211.968566664,211.968490151,211.968447022,52.2099773,92.2061417262,234.425257632,223.744046304,0.0185264268337,211.968558928,211.968550036,92.2063150411,211.968372223,103.520676373
2011-11-05 17:00:00,211.968531306,0.0150008842904,211.968507222,215.037878002,74.6871699625,1.22260207516e-05,211.968609254,211.968518962,160.640103285,211.968587657,0.0641718577173,211.967391601,85.4738678918,226.165765205,183.714850588,211.968493751,211.968544837,211.968568608,211.968544335,211.968541192,52.2099681772,92.2060145686,234.425258069,223.744047491,0.0185276793517,211.968565009,211.968549988,92.2062992692,211.968381877,103.520635881
2011-11-05 18:00:00,211.968528556,0.0150013149786,211.96850693,215.037879381,74.687169463,1.21448938619e-05,211.968600596,211.968477966,160.640103079,211.96858837,0.0641755396968,211.96739532,85.4738673192,226.165767432,183.714850801,211.968495621,211.968545214,211.968569758,211.968552428,211.968543076,52.2099633484,92.2061652198,234.425255117,223.744047286,0.0185275906723,211.968559985,211.968550276,92.2061059908,211.967594303,103.520554287
2011-11-05 19:00:00,211.968523294,0.015001462682,211.968504447,215.037878898,74.6871639679,1.19508195604e-05,211.968595608,92.2063172871,160.64010285,211.968588488,0.0641731819906,211.967396733,85.4738667128,226.165768578,183.714850814,211.968494226,211.968545409,211.9685701,211.968557216,211.968541878,52.2099619834,92.2061715449,234.425251667,223.744040522,0.0185274657472,211.968549422,211.968549475,0.0169349267527,115.10976703,103.520320579
2011-11-05 20:00:00,211.968516454,0.0150028146346,211.968499999,215.037876973,74.6871524274,1.17911590244e-05,211.968586023,92.2063117653,160.640102185,211.96858846,0.0641691168797,211.967397179,85.4738665605,226.165769589,183.714850579,211.968491767,211.968545496,211.968570037,211.968561284,211.968537597,52.2099596406,92.2061808551,234.425248791,223.744036833,0.0185271498773,211.968538339,211.968548289,0.0153463975235,115.105572497,103.51962787
2011-11-05 21:00:00,211.968517211,0.0150033026754,211.968496592,215.037873527,74.6871441404,1.16645961956e-05,211.968574463,92.2063100783,160.640100114,211.968588463,0.0641657415893,211.967397137,85.4738667089,226.165769107,183.714849678,211.968489897,211.968545445,211.968569193,211.968563406,211.96852235,52.2099565577,92.2061898448,234.42524581,223.744022054,0.0185268757381,211.968527797,211.968547783,0.0152537132334,115.105531524,0.027115575104
2011-11-05 22:00:00,211.968507524,0.0150036093933,211.968489441,215.03786724,0.0200019203194,1.1568965995e-05,211.968559649,92.2063107634,160.640096427,211.968587643,0.0641611862739,211.96739707,85.4738665254,226.165766659,183.714848286,211.96848737,211.968545047,211.968568324,211.96856383,211.968490559,52.2099539024,92.2062012912,234.425241187,223.744010645,0.0185263494235,211.968489262,211.968546896,0.0152456227642,115.105400065,0.0211767957615
2011-11-05 23:00:00,211.968495379,0.0150045146332,211.968470882,215.037861614,0.0199958053127,1.14068164871e-05,211.968543645,92.2063120449,160.640088981,211.968586314,0.064154027831,211.96739669,85.4738665879,226.16576277,183.714847208,211.968484095,211.968544189,211.968567133,211.968563815,211.968466748,52.2099514742,92.206264087,234.425232775,223.743996955,0.0185254319551,211.968427048,211.968545759,0.0153104266063,115.101327101,0.0206202686993
2011-11-06 00:00:00,211.968489555,0.01500615239,211.968461052,215.037855217,0.019992628366,1.12460952911e-05,211.968547781,92.2063100524,160.640068144,211.968585075,0.064140856228,211.967396079,85.4738664989,226.165759005,183.714845607,211.96848696,211.968543455,211.968565127,211.968564063,211.967699941,52.2099527877,92.2062549715,234.425245349,223.743981474,0.0185241481849,211.968365754,211.968544661,0.0168653226519,115.105151864,0.0222141916715
2011-11-06 01:00:00,211.968476832,0.0150104288496,211.968431462,215.03785086,0.0150321801912,1.11696285604e-05,211.968523757,92.2063079067,160.640077476,211.968584148,0.0641344772162,211.967395519,85.4738664268,226.165756836,183.714842952,211.968481716,211.968542543,211.968562745,211.968564042,158.97450693,52.2099522879,92.2062257992,234.425243688,223.743975393,0.0185215202299,211.96828431,211.968543195,0.0151285556192,0.0157601928041,0.0203380219426
2011-11-06 02:00:00,211.968461346,0.0150145313923,211.968372403,215.037848067,0.0150083220955,1.10975596114e-05,211.968427592,92.2063073216,160.6400794,211.968583489,0.0641286110001,211.967394827,85.4738663887,226.165756967,183.714840837,211.968472007,211.968541535,211.968561384,211.968563931,158.974251871,52.2099513389,92.2062172092,234.42524208,223.74396368,0.0185158495296,211.968116278,211.968542183,0.0150612059904,0.0152734711768,0.0201778225214
2011-11-06 03:00:00,211.968449622,0.0150157294148,92.2063610844,215.037845999,0.015003992936,1.11089231884e-05,211.953355173,92.2063070721,160.640076361,211.968582375,0.064126624103,211.967394203,85.4738661918,226.165755822,183.714839838,211.968455544,211.968540916,211.968560808,211.968563847,158.974230735,52.2099489645,92.2062673079,234.425243422,223.743975963,0.0185123882104,211.967431034,211.968541339,0.0150554654172,0.0151431667044,0.0201308404643
2011-11-06 04:00:00,211.968446137,0.0150206900414,92.2063092809,215.037848056,0.0150024739639,1.11150137779e-05,92.206566832,92.2063069195,160.64007114,211.968581613,0.0641196560064,211.967393331,85.4738663817,226.165755951,183.714838933,211.968423078,211.968540251,211.968561474,211.968563685,158.9742255,52.2099471014,211.967631939,234.42524551,223.743973506,0.0185157895098,211.960493038,211.968539878,0.0150533138157,0.0151325674015,0.0201178064764
2011-11-06 05:00:00,211.968445327,0.0150239103972,92.2063017417,215.037850106,0.0150016676382,1.12017091129e-05,92.2064763561,92.206307169,160.640056477,211.968580687,0.0640978898229,211.967392096,85.4738662243,226.165756098,183.714837152,211.96840588,211.96853931,211.968563325,211.968563708,158.974222944,52.2099468104,211.968227872,234.425247091,223.743993708,0.0185200905769,211.965690918,211.968537375,0.0150523000244,0.0150784314437,0.0201001709663
2011-11-06 06:00:00,211.968432283,0.0150446709825,92.2063045035,215.037844388,0.0150019103682,1.13394168358e-05,113.835065324,92.2063079692,160.640073,171.694553147,0.0275626552635,211.9673891,85.4738659919,226.165752153,148.809037344,211.968373665,211.968537292,211.968488822,211.968563356,158.97422612,52.209953098,211.968247261,234.425244801,223.744015313,0.0185231982522,211.967157677,211.968530906,0.0150236346877,0.0150201589802,0.0200291814678
2011-11-06 07:00:00,158.97641411,0.0150297767006,92.2063014812,174.18063852,0.0150016695489,1.14707156217e-05,92.2064474174,92.2063078668,0.0200039129077,171.694544544,0.0275296046274,211.96738238,85.4738462665,183.194275221,148.809029309,0.014998693305,171.694509099,171.694538167,211.968553731,158.974226749,52.209954268,211.968250318,189.88446286,181.23271634,0.0185239682441,92.2104287566,171.694447437,0.0150286692739,0.0150084908979,0.0200011754567
2011-11-06 08:00:00,158.976382776,0.0150262599954,92.2062917593,174.180553049,0.0150009439966,1.16437164154e-05,92.2064163708,92.2063072244,0.019994978495,158.976803086,0.0200143371465,0.0146152791733,85.473834307,183.194268002,148.809027,0.0149940423888,171.692940423,171.694533505,171.69447264,158.974229957,52.2099620167,211.968252718,189.88446217,181.232699005,0.0150065644245,0.0152168978132,0.0150460884282,0.0150262300868,0.0150062430771,0.0199921325006
2011-11-06 09:00:00,158.976263634,0.0150357147527,92.2062907956,161.278529136,0.0150008446612,1.18010867957e-05,92.2064112907,92.2063055186,0.0150155168184,0.0100558617412,0.0100244929668,0.0146049244663,64.1056576,183.194253818,148.809025942,0.0149886684049,0.0148824910502,171.694527241,92.2063311273,158.973590067,52.2100041404,211.968254252,189.884461939,181.232689709,0.0150058565825,0.015009736412,0.0100269308357,0.015022569304,0.0150003064401,0.019984477817
2011-11-06 10:00:00,0.0150516887443,0.0150523082022,92.2062922404,93.5427971263,0.0150008264202,1.18549578035e-05,92.2064082846,92.2063055752,0.0150035017402,0.0149030998682,0.0100144014307,0.0100409891927,64.1056169084,183.194159626,148.809025893,0.0149805645681,0.0149415500192,171.694531438,92.2063277024,69.153883786,52.210075056,211.968254994,189.884461926,181.232682999,0.0150048184342,0.0149990299592,0.0100186908178,0.0150244141997,0.0149989343818,0.0199804999768
2011-11-06 11:00:00,0.0150106973837,0.0150691954609,92.2062948114,161.278498282,0.015000931098,1.18685172978e-05,92.206406823,92.2063059627,0.015023503718,171.694534985,0.0100839760806,0.0100055160396,64.1056016359,183.194073548,148.809027249,0.0149760482554,171.694201249,171.694538127,92.2063275679,69.1538193607,52.2101622597,211.968255029,189.884461836,181.232698859,0.0150012318379,0.0149950455848,0.0100462850695,0.0150278744701,0.0150060083998,0.0199858672554
2011-11-06 12:00:00,0.0152493250289,0.0150145592065,92.2062995156,174.180461379,0.0150010831333,1.18942833489e-05,92.2064100692,92.2063071885,120.480097277,171.694553425,0.0200210364757,0.0100041735633,64.1056078899,183.194246791,148.809029817,0.0149891981865,171.6945092,171.694543596,92.2063280563,69.1538190208,211.966846856,211.968257624,189.884461743,181.232756868,0.0150004844591,0.0150088853362,158.976484025,0.0150299397766,0.0150134566944,0.0199808401566
2011-11-06 13:00:00,158.976375375,0.0150145462971,92.206300515,174.180630134,0.0150012917977,1.1894657218e-05,92.2064093624,92.2063066488,130.118462685,171.694588272,0.027538640987,0.0100057935493,64.1056550474,183.19426708,148.809041337,0.0149944887535,171.694516889,171.6945615,158.976393501,158.973667007,211.968170838,211.968255755,189.884462124,211.968566407,0.0150028062044,0.0150200448893,171.69447343,0.0150811338871,0.0150788412068,0.020008374286
2011-11-06 14:00:00,158.976457919,0.0150174653575,92.2063015452,174.180727486,0.0150021318623,1.19111460583e-05,92.206412037,92.2063079973,160.64012649,233.67168331,0.0278167859115,0.014137544983,85.4738570296,183.194304083,183.714830659,0.0150020533948,211.968536921,211.968551783,171.694495868,158.974175906,211.968362686,211.968253262,189.88446631,223.743971106,0.0150058395811,0.0151905203331,211.968517271,0.0151465812806,0.015066586777,0.0200436579708
2011-11-06 15:00:00,211.968487324,0.0150295949432,92.2063013605,215.037869499,0.0150055523074,1.20028634925e-05,92.2064161245,211.968263671,211.968361761,233.671712067,0.0637203636892,0.0146083886194,85.4738665454,226.16585473,183.714840317,0.0185089664909,211.968544103,211.968584004,211.968527891,158.974209927,211.968444888,211.968255211,234.425258437,223.744043403,0.0150074960486,0.0154066611477,211.96853467,0.0157851742608,0.0150622093641,0.0201054483576
2011-11-06 16:00:00,211.968503175,0.0151355893955,92.2063022198,215.037886135,0.0150440780345,1.2087628357e-05,92.2064207749,211.968522954,211.968394677,233.671719178,0.0637288076726,0.0147089651851,85.473867786,226.165872958,183.714844759,0.0185103452015,211.968545961,211.968589602,211.968548889,211.968091816,211.968506748,211.968257547,234.425261775,223.744058788,177.62487304,0.0154869094336,211.968538602,0.0170436749547,0.0152153239417,0.0201529639849
2011-11-06 17:00:00,211.968507793,92.2062368254,92.2063009157,215.037891259,0.0199882206741,1.20510486962e-05,92.2064228291,211.968523861,211.968457025,233.671722265,0.0637304783941,211.967466504,85.4738681706,226.16587752,183.714846813,0.0185111741257,211.96854665,211.968591799,211.968551013,211.968535035,211.96850111,211.968254457,234.42526208,223.744060747,177.624928847,0.015537963747,211.968540458,0.0161113477605,0.0179762843507,0.0202042276852
2011-11-06 18:00:00,211.968511422,92.2063077042,113.834812046,215.037894882,0.0199983101374,1.20444735323e-05,113.835061284,211.968524618,211.96846698,233.671723325,0.0637307896757,211.967471281,85.4738677925,226.165880631,183.71484637,0.0185125577499,211.968547455,211.968592858,211.968533402,211.968545608,211.968475374,211.968245581,234.425262371,223.744062735,177.624931823,0.0158628439545,211.96854169,0.0150887760018,0.0154015547269,0.0201023117588
2011-11-06 19:00:00,211.968509309,92.2063141161,92.206305308,215.037896049,0.0199974640833,1.20038708463e-05,92.2064291432,211.968523353,211.968536445,233.671723425,0.0637286167779,211.967473254,85.4738673347,226.16588155,183.714845464,0.0185117840146,211.968547557,211.968593518,211.96851658,211.968533596,211.968452512,211.968220882,234.425262414,223.744056982,177.624932893,0.015803944413,211.968541819,0.0150544494921,0.0155076138258,0.0200894532995
2011-11-06 20:00:00,211.968507258,92.2063282807,92.2063014559,215.037894939,0.0199955316261,1.19085852581e-05,92.2064206194,211.968522378,211.96854888,233.671723385,0.0637259074976,211.96747428,85.4738674488,226.165880975,183.714839958,0.0185109139368,211.968546984,211.968593402,211.968508514,211.968504589,211.968423727,211.967955957,234.425262403,223.744047503,177.624933681,0.016166825473,211.96854153,0.0150837792124,0.0166690186311,0.020053947894
2011-11-06 21:00:00,211.968506891,92.2066349132,92.2062990644,215.037891127,0.0199999735007,1.17874977286e-05,92.2064229957,211.968522618,211.968553979,233.671723023,0.0637233584988,211.967474741,85.4738672972,226.165881559,183.714827288,0.0185102815707,211.968546082,211.968592156,211.968492767,211.968443594,92.2068389888,171.695914267,234.425262178,223.744041361,177.624933982,0.0166995473588,211.968541161,0.0154534334901,0.015552023283,0.0200484111755
2011-11-06 22:00:00,211.968498937,211.968305435,92.2062970273,215.037883364,0.0200029466205,1.15701654933e-05,92.2064238759,211.968522396,211.968557005,233.671720915,0.0637187287591,211.967474785,85.4738669717,226.165879554,183.714820895,0.0185091355464,211.968544999,211.968591027,92.2067856276,211.967977273,92.2062804507,171.694227737,234.42526172,223.744024682,177.624934104,0.0170279225682,211.968540383,92.2061711295,0.0154475188895,0.0200557229696
2011-11-06 23:00:00,211.968497347,211.968458842,92.2062926742,215.037875659,0.0200040039899,1.13545160765e-05,92.2064250934,211.968522013,211.968559246,233.671717206,0.0637134347613,211.96747432,85.4738670328,226.165871572,183.714816563,0.018508443845,211.96854312,211.968587516,92.206655235,211.967068505,92.2062420905,171.694278531,234.425260893,223.74401115,177.624934178,0.0216747409172,211.968539967,92.2063299658,0.0158431096884,0.020079040411
2011-11-07 00:00:00,211.968496439,211.968506259,92.2062923288,215.037869373,0.0200003329419,1.11796753594e-05,92.2064466678,211.968522936,211.968566328,233.671714301,0.0637076124223,211.967473928,85.4738667898,226.165874095,183.714802146,0.0185107916728,211.968543962,211.968578651,92.2066495459,158.974278938,52.2101969004,92.2069115185,234.425260296,223.744000804,177.624934575,211.967309129,211.968539046,92.2064934388,0.015857982504,0.0200882409542
2011-11-07 01:00:00,211.968494516,211.968509187,92.2062871984,215.037866697,0.0200015360492,1.11233846997e-05,92.2064378981,211.96852208,211.968567394,233.671709409,0.0636995095818,211.967473475,85.4738669073,226.165879622,183.71480686,0.0185094710692,211.968543577,211.968572007,92.2066482381,158.974239117,52.2100091329,171.695677221,234.42526039,223.743997906,177.624934587,211.967165102,211.96853829,92.2065828148,115.104707191,0.0201372938053
2011-11-07 02:00:00,211.96849503,211.96851338,92.2062896606,215.037864458,0.0200751450754,1.11172947788e-05,92.2064414719,211.968519753,211.968568284,233.671710318,0.0636777209763,211.967473152,85.4738670819,226.165875561,183.714808362,0.0185071709537,211.968543303,211.968568154,92.2066488998,158.974228176,52.2101968679,171.694168919,234.425260648,223.74399811,177.624934739,158.978015578,211.96853803,211.961206333,115.105391643,0.0202039859568
2011-11-07 03:00:00,211.968501631,211.968516828,92.2062925419,215.037866102,74.6871776058,1.11958308589e-05,92.2064571899,211.968452705,211.968570274,233.671710489,0.0636741641705,211.967472796,85.4738673091,226.165875322,183.714808607,0.0185080257547,211.968543182,211.968567429,92.2066477326,158.97422348,52.2102670595,92.2062615807,234.425261244,223.744008043,177.624935001,211.966936599,211.968537532,211.967504926,115.105441064,0.0205160034053
2011-11-07 04:00:00,211.968509481,211.968524157,92.2062945991,215.037871533,74.6872015748,1.14360363638e-05,92.2065066479,158.976438295,211.968573115,233.671712984,0.0636868103114,211.967472478,85.4738680649,226.165875118,183.714815616,0.0185093633293,211.96854415,211.96857364,92.2066497561,158.974222153,92.2062689452,92.206218098,234.425262077,223.744029942,177.624935501,211.968309399,211.96853703,211.968313923,115.105532185,103.520564114
2011-11-07 05:00:00,211.968514864,211.968521312,92.2062978545,215.037882269,171.69436645,1.17953646856e-05,92.2069476298,158.976433111,211.968576247,233.671718008,0.0636852883447,211.967472151,85.4738685956,226.165887312,183.714828051,0.0185109152667,211.968545481,211.968588676,113.835362448,158.974222084,211.968431783,92.2062123739,234.42526296,223.744077263,177.624935921,211.968441998,211.968536516,211.968491003,115.105662578,103.520712067
2011-11-07 06:00:00,211.968515478,211.968393518,92.2063019188,215.037892209,171.694554272,1.2285205699e-05,211.968621339,211.968453296,211.968580803,211.968532611,0.0273736850772,211.967472287,85.4738695815,226.165892069,183.714780424,0.0185108095671,211.968544665,211.968553814,122.941680893,158.974230723,211.968513886,211.968253684,234.425263242,223.744085472,177.62493612,211.968562358,211.968532132,211.968486458,115.105649848,103.520728441
2011-11-07 07:00:00,158.976887497,92.2063383266,92.2063012767,215.037786312,171.694555399,1.24163057716e-05,211.968556034,211.968521014,211.968538497,189.274319132,0.0273184763388,211.967472041,85.4738662752,226.16587495,148.809038839,0.0149939612492,171.694523759,171.694576998,92.2063620109,211.964739779,211.968525609,211.968252723,189.884465863,223.74396872,177.624936191,211.96860089,171.694481993,211.96853166,211.968369394,103.520912629
2011-11-07 08:00:00,158.976467006,92.2063172097,92.2063003898,174.180766524,139.072786719,1.2477260291e-05,211.968545641,211.968520854,171.694550733,189.274107381,0.0273067128231,171.693659992,85.4738640926,183.1944032,148.809033988,0.014989799196,171.694521901,171.694569378,92.2063274268,211.967613239,211.968529999,211.968238527,189.884463927,223.743887898,177.624804425,211.968446844,158.976474356,211.968540082,264.609605844,237.976408706
2011-11-07 09:00:00,158.976365651,92.2063163219,92.2063003992,174.180725646,139.072669432,1.24447204047e-05,211.96854547,211.96850137,171.694545245,189.274102231,0.0272976970861,171.693650194,85.473857129,183.194376635,148.809033332,0.0149734721869,171.694517793,171.694572303,92.2063253478,158.974181647,211.968537176,211.968252595,189.884463465,181.232774975,143.876199343,211.968379401,0.0101479700486,211.968558032,264.610298108,237.978118388
2011-11-07 10:00:00,0.014998751796,92.2063151974,92.2063000876,174.180709169,171.694508293,1.23984983871e-05,211.968546418,211.968440241,171.694533724,189.274101494,0.0272945761489,171.693636049,85.4738430152,183.19436462,148.809033829,0.0148851628194,171.694503156,171.694599176,92.2063214968,119.233752906,211.968539881,211.968257471,189.884463045,181.232716021,143.876198732,158.977926186,0.0100324989601,211.968576294,264.610352398,237.978240524
2011-11-07 11:00:00,0.0149591810668,92.2063128418,92.2062997342,174.180709112,171.694543422,1.23690221205e-05,211.968543393,158.976863825,171.694535526,189.274102882,0.0272962557096,0.0101048722019,85.4736025795,183.194376426,148.80903606,0.0149675081596,171.694514026,211.968546815,92.20631738,69.1538074112,211.968540034,211.968261666,189.884462694,181.23269179,143.876198494,158.977464942,0.0149548404105,211.968606467,264.610429056,237.978381883
2011-11-07 12:00:00,0.0150085023893,92.2062811822,92.2063010626,174.180712714,211.968337393,1.24281358648e-05,211.968568447,211.968515111,171.694546518,189.274118111,0.027299124299,0.0100081267235,85.4738387099,183.194384758,148.809051945,0.014989383187,171.694524152,211.968560101,92.2063235875,69.1537941725,211.96853908,211.968267287,189.884463519,181.232721518,143.876198482,158.977680509,158.977338234,211.968626606,264.610448513,237.978632407
2011-11-07 13:00:00,158.976572077,92.2061884865,92.206300792,174.18070769,211.96850338,1.24026323595e-05,211.968569688,211.968445848,171.69459906,211.968600144,0.0273125973724,0.0100319924322,85.4738662115,183.194396715,183.714807874,0.014995804642,171.694529782,211.968564982,92.2063259204,69.1537921391,211.968539247,211.968261275,189.884464653,211.968588674,143.876198833,158.979445427,171.694496308,211.968636227,264.610685564,237.978713455
2011-11-07 14:00:00,211.968497967,92.1971759672,92.2063011579,215.035691731,211.968524019,1.24281633821e-05,364.535301372,211.968521438,369.287611064,233.671723758,0.033657153083,171.693613729,85.4738681419,226.165780705,183.714857925,0.0150157227824,211.968549997,211.96858024,92.2063276584,119.233544027,211.968541263,211.968256931,211.968570089,223.744077853,143.876199683,211.968548537,211.968536788,211.968638429,264.610648713,237.978756995
2011-11-07 15:00:00,211.968662425,92.1972653444,92.20630306,215.037902619,211.968529441,1.25608606765e-05,364.535709845,211.968523849,369.287621065,233.671726939,0.0337154041302,171.693652583,85.4738702396,226.165907248,183.714859273,211.967404665,211.968554233,211.968597761,113.834964165,158.974191042,211.968546057,211.96826094,234.425320462,223.744096679,177.624922373,282.618841721,211.968546674,211.968637368,264.611065813,237.978836827
2011-11-07 16:00:00,211.968670351,0.0166062825542,92.2063049922,215.037909681,211.968538369,1.2573671712e-05,364.535736442,211.96852488,369.287623824,233.671727708,0.0337182986233,211.967427349,85.4738704778,226.165913001,183.714860459,211.967412563,211.968555507,211.968599229,113.834967273,158.978051105,211.968547343,211.968264099,234.425321337,223.744103479,177.624937767,282.619161682,211.968549572,211.968631432,264.611237306,237.97887944
2011-11-07 17:00:00,211.96867221,0.01502813369,92.2063042818,215.037909572,211.96854098,1.25446540895e-05,364.535743216,211.968525697,369.287625487,233.671728447,0.0337176680598,389.337179993,85.473870413,226.165914407,183.714860828,211.967415981,211.968555878,211.968599099,113.834967108,211.968468347,211.968542243,211.968262717,234.425321521,223.744105296,177.624938413,282.6192934,211.968550881,211.968621863,264.611316434,237.978861144
2011-11-07 18:00:00,211.968670876,0.0150280087417,92.2063331086,215.037908964,211.968540905,1.24389470175e-05,364.535747686,211.968546764,369.287627132,233.671728229,0.0337154374217,389.337186973,85.473869895,226.165915088,183.714860443,211.967419073,211.968556147,211.968598749,113.834968677,159.258708064,211.968541133,211.968264248,234.425321566,223.744104902,177.624938541,282.619323072,211.968551587,211.968598316,264.611104593,237.978822564
2011-11-07 19:00:00,211.968667521,0.015005908087,92.206312025,215.037906864,211.968540733,1.23552928684e-05,364.535749689,211.968527626,369.287626708,233.671727343,0.0337128740474,389.337189294,85.4738695702,226.165914663,183.71486035,211.967419648,211.968555892,211.968597886,113.83496492,158.974534783,211.968532905,211.96825374,234.425321528,223.74410124,177.624938555,282.619318943,211.968551549,211.968576278,264.611182327,237.978788679
2011-11-07 20:00:00,211.96866484,0.015004521555,92.2063105539,215.037903586,211.96853935,1.2233048856e-05,364.535750589,211.968525642,369.287625959,233.671726392,0.0337069493376,389.337190103,85.4738693575,226.165913587,183.714859642,211.96741993,211.968555136,211.968596619,92.2065161991,158.97422276,211.968517111,211.968208951,234.425321494,223.744089668,177.624938456,282.619258919,211.968550811,211.968550955,264.611037088,237.978755943
2011-11-07 21:00:00,211.968664058,0.0150047366723,92.2063068644,215.037897567,211.968541274,1.19770180585e-05,364.535751844,211.968525087,369.287625462,233.671725296,0.033695941116,389.337190261,85.4738691411,226.165911189,183.714858316,211.967419739,211.96855477,211.96859464,92.206331523,158.974195209,211.968460763,211.968099624,234.425321265,223.74407749,177.624938288,282.619249564,211.968549881,211.968518399,264.610703884,237.978725131
2011-11-07 22:00:00,211.968654464,0.0150039108921,92.2063048801,215.037888978,211.96854086,1.16633411276e-05,364.535751662,211.968524596,369.287624518,233.671722732,0.033647286176,389.337189602,85.473868584,226.165905615,183.714856603,211.967419589,211.968554028,211.968591069,92.2063285629,158.974170891,92.2064783981,171.694425326,234.425320786,223.74406116,177.624938057,282.618789099,211.968548913,211.968480045,264.61041433,237.978699519
2011-11-07 23:00:00,211.968638687,0.0150032658501,92.2063034941,215.037878071,211.96853565,1.14533127559e-05,364.535749251,211.968524072,369.28762332,233.671719166,0.0278553256957,389.337185871,85.473868207,226.165898561,183.714854861,211.967419403,211.96855291,211.968586409,92.2063280867,158.966321606,92.2063079473,92.2064099564,234.425320201,223.744042199,177.624937771,282.616419091,211.968547618,211.968429361,264.610314341,237.978675934
2011-11-08 00:00:00,211.968601317,0.0150021175106,92.2063033366,215.037871296,211.968534758,1.13910935061e-05,364.535747582,211.968522648,369.287617093,233.671715822,0.0277473628328,389.337179912,85.4738685004,226.165900264,183.714853336,211.967421157,211.968552097,211.968578685,92.2063281754,158.974088373,92.2062997931,211.968209638,234.425319765,223.744024962,177.624937407,211.969738643,211.968547486,211.968357442,264.609944069,237.978668304
2011-11-08 01:00:00,211.968577895,0.0150010570313,92.2063030012,215.037866921,211.968532528,1.13332945759e-05,364.535739197,211.968522191,369.287617249,233.671711669,0.0277411693882,389.337166133,85.4738683533,226.165898263,183.714853006,211.967417874,211.96855161,211.968572745,92.2063280978,69.1540187256,92.2062960865,211.968227927,234.425319266,223.744017689,177.62493743,211.968951549,211.968546547,211.967993467,264.606851319,237.978652303
2011-11-08 02:00:00,211.968582472,0.0150005504618,92.2063034228,215.037863058,211.968531585,1.12864034506e-05,364.535726097,211.968522199,369.287617483,233.671709029,0.0277454713217,389.337151101,85.4738683966,226.165897072,183.714852253,211.967417089,211.968551302,211.968569048,92.2063282921,69.1537995839,92.206291661,211.968218685,234.425319404,223.744019813,177.62493742,282.612019018,211.968545804,211.960847144,214.334282709,237.978616365
2011-11-08 03:00:00,211.968631923,0.0150009538443,92.2063037179,215.037862709,211.968531688,1.13776003994e-05,364.535732051,211.968522895,369.287616313,233.671705362,0.0277623230048,389.337140959,85.4738683622,226.16589603,183.714851141,211.967418957,211.968551146,211.968568513,92.2063287729,69.1537840978,92.2063113122,211.96823879,234.425320053,223.744025856,177.624937412,282.616927476,211.968545304,92.2068126478,214.332768126,237.978679638
2011-11-08 04:00:00,211.96866983,0.015002404935,92.2063044206,215.037864801,211.968533093,1.15220744728e-05,364.535742759,211.968523265,369.287617691,233.6717017,0.0334609987834,389.337133687,85.4738689478,226.165894182,183.714849923,211.967421636,211.968551234,211.968570446,92.2063312866,69.1537761226,92.2064613223,211.968247585,234.425320902,223.744043597,177.624937573,282.619000231,211.968544896,92.2065553802,214.332824522,237.978765314
2011-11-08 05:00:00,211.968678578,0.0150068907808,92.2063076665,215.037869079,211.968541555,1.19377524042e-05,364.535750926,211.968523779,369.287620325,233.671694369,0.0336514511022,389.337152685,85.4738697732,226.165897341,183.714847356,211.967424013,211.96855124,211.968573513,113.834963677,69.1537739887,211.96852003,211.968257855,234.425321778,223.744090962,177.624937764,282.619467883,211.968544318,92.2064720303,264.606782426,237.978834599
2011-11-08 06:00:00,211.96867866,92.2062538119,113.834909399,215.037866561,211.968542817,1.2493780945e-05,364.53575243,211.968525542,369.287617276,171.694598633,0.0272685744318,389.337175947,85.4738706763,226.165894729,148.809020417,211.967424759,211.968548389,211.968556375,113.834969145,69.1537942303,211.968546911,211.96826582,234.425322079,223.744099873,177.62493769,282.619638767,211.968539655,92.206393495,264.60693908,237.978907895
2011-11-08 07:00:00,211.968147314,92.2062635965,113.834924576,174.18065726,211.968543053,1.2576945848e-05,364.5357501,211.968527455,276.965682924,171.694583679,0.0272528501522,389.337187229,85.4738692277,183.194368394,148.808998896,171.69361802,171.694517887,171.694531346,92.2063375376,69.1574445054,211.968547271,211.968258572,211.968551864,223.744079748,177.624937335,282.619651879,171.694499297,92.2063516437,264.604026838,237.978837639
2011-11-08 08:00:00,171.694624876,0.0150180175559,92.2063098751,174.180491726,211.968535884,1.25509686419e-05,295.273962594,211.968526837,211.968546803,0.0100315590939,0.0271013530994,315.363134147,85.4738669716,183.194350962,148.808990189,171.693615958,171.694465443,171.694498942,92.2063205464,69.1539616299,211.968547615,211.968248162,189.884512665,223.744002058,143.876199165,211.964980681,158.97646454,92.2062919888,211.971300238,237.97880695
2011-11-08 09:00:00,158.976749804,0.0155713874118,92.2063065848,161.278686168,211.968532176,1.25291182865e-05,295.273951107,211.968525712,160.640130692,0.0100049504899,0.0200246851337,315.363133775,85.4738624595,169.624838152,137.788038904,171.693614048,0.0100215447446,0.0100312218249,92.2062745299,69.1537879121,211.968547763,211.968237615,189.8845115,211.968463331,143.876197675,211.964891636,0.0101897035462,92.2062652408,211.969262996,237.978782031
2011-11-08 10:00:00,158.976643806,92.2062734094,92.2063049359,161.278544441,211.968530938,1.23783830013e-05,211.968591847,211.968525233,160.640127737,0.01000485446,0.0200146083863,315.363132933,85.4738565029,0.0147356214841,0.0218668243984,171.693612548,0.0100107191255,0.0100136642664,0.0200024589865,69.1537791232,211.968546681,211.968132334,189.884511083,181.232741476,133.218784033,211.964874947,0.0100401221424,92.2062730034,211.96890673,237.9787139
2011-11-08 11:00:00,158.9766278,92.2063126273,92.2063041061,161.278703888,211.968530321,1.23366191817e-05,211.968556907,211.968525096,160.640129038,0.010018384201,0.0200502854662,315.363134321,85.47383513,0.0150939130796,148.80713792,171.693612523,0.0100429116235,0.0100295591581,0.0200012498841,69.1537832566,211.968545181,211.951264554,189.884510805,181.232725244,0.0100573818632,211.96490703,0.0149403691183,92.2063249019,211.968682952,237.978552174
2011-11-08 12:00:00,158.976664742,92.2063247244,92.2063068359,174.180616543,211.968530134,1.22840134621e-05,295.27395793,211.968525356,211.968555905,171.694573518,0.0249754291985,315.36313913,85.4738426617,183.19424073,148.808994369,171.693616788,171.694502292,171.694505477,92.2062540409,158.97415669,211.968545968,211.968242511,189.884511263,181.232721281,0.0100177249611,211.965034885,171.694292622,92.2064026397,211.968559359,237.978658964
2011-11-08 13:00:00,171.69462678,211.968479535,92.2063128375,174.180668186,211.968530574,1.23562409343e-05,295.273972268,211.968526184,276.966030697,171.694594598,0.0272663245623,389.336533834,85.4738550741,183.194367771,148.809001265,171.693620639,171.694520958,171.694531475,92.2063212563,158.974040499,211.968544629,211.968209309,189.88451191,181.232737525,133.218732347,211.967838994,171.694506422,92.2066654698,211.968546962,237.97881536
2011-11-08 14:00:00,211.968565853,211.968506409,211.968248024,215.037835923,211.96853129,1.23436759424e-05,364.5357527,211.968527908,369.287632297,211.968639059,0.0637974367991,389.33719252,85.4738653706,211.966003901,183.7148115,246.020579096,211.9685382,211.968548212,92.2063298977,69.1538033149,211.968545832,92.2091326666,211.968560413,211.968694436,143.876197514,282.619612294,211.96853961,211.968264662,211.968500802,237.978856019
2011-11-08 15:00:00,234.107070264,211.968526438,211.968517159,215.037861925,211.968533955,1.2483274521e-05,364.535760839,211.96853028,369.287637055,211.968646833,0.0786741777301,389.337192618,85.4738706532,226.165910256,183.714813457,246.020769012,211.968551786,211.968560697,211.968558488,69.1537690066,211.968548746,171.69463034,234.425324309,223.744098652,143.876199377,282.620575536,211.96855045,211.968479578,211.968739341,237.978883277
2011-11-08 16:00:00,234.107096695,211.968532112,211.968519244,215.037868649,211.968541704,1.25833072008e-05,364.53576293,211.968547389,369.287638567,211.968649438,0.0786897257142,389.337198296,85.4738713148,226.165917961,183.714814533,246.020776506,211.9685537,211.968563124,211.968564189,69.1537617858,211.968550025,211.968154919,234.425324829,223.744102286,177.62493638,282.620707617,211.968553598,211.968520384,211.969098068,237.978847888
2011-11-08 17:00:00,234.10710487,211.968535395,211.968518916,215.037869962,211.96854208,1.25353949955e-05,364.535763475,211.968547278,369.287639196,211.968650952,0.0786936935724,389.337203495,85.4738713825,226.165920602,183.714814894,246.020779035,211.968554499,211.968564021,211.968565841,69.1537596417,211.968548481,211.968092053,234.42532496,223.744102281,177.624936955,282.620757442,211.968554875,211.968536116,261.689119846,237.978806292
2011-11-08 18:00:00,234.107108624,211.968536368,211.968519829,215.037870321,211.968536118,1.24452412621e-05,364.535759729,211.968553047,369.287638773,211.968651402,0.0786952272438,389.33720411,85.4738708061,226.165922756,183.714814383,246.020781973,211.968554973,211.968564261,211.968564913,69.1537854417,211.968547053,211.96801945,234.425325019,223.744101159,177.624937069,282.620793481,211.968555599,211.968551489,261.689795845,237.978790619
2011-11-08 19:00:00,234.107108414,211.968535893,211.968519698,215.03786973,211.968532538,1.23610648185e-05,364.535758938,211.968534265,369.287639383,211.968650999,0.078692244274,389.337204291,85.4738702726,226.165922213,183.714813936,246.020781869,211.968555232,211.96856431,211.968565097,69.153763371,211.968543673,211.96489645,234.425324992,223.744095458,177.624937115,282.620792609,211.968555733,211.968569459,261.689984806,237.978734321
2011-11-08 20:00:00,234.107108141,211.968537441,211.968519728,215.037867856,211.968531749,1.22189564723e-05,364.535757161,211.96852688,369.287639161,211.968650739,0.0786879995139,389.337203742,85.4738700237,226.165921428,183.714813414,246.020779526,211.968555177,211.968563951,211.968566505,69.1537499602,211.968537724,92.2064459201,234.425324899,223.744086626,177.624937026,282.620789724,211.96855521,211.968574004,261.690618436,237.978554471
2011-11-08 21:00:00,234.107113348,211.968536983,211.968517538,215.037864381,211.968532217,1.19683267593e-05,364.535757314,211.968525467,369.287638632,211.96865035,0.0786841584841,389.337203127,85.4738697137,226.165919771,183.714812476,246.020776887,211.968554868,211.968563348,211.96856445,69.1537284854,211.968515452,92.2065005198,234.425324719,223.744078544,177.624936874,282.620799603,211.968554664,211.968551489,261.690065275,237.978337675
2011-11-08 22:00:00,234.107112459,211.968535693,211.968514429,215.037858139,211.968531713,1.16743903074e-05,364.535755569,211.968524551,369.287637867,211.968648984,0.0786745609547,389.337201193,85.4738690754,226.165916214,183.714811481,246.020777674,211.968554248,211.968562165,211.968559239,0.0185954633704,211.968424801,92.2062214638,234.425324458,223.74405899,177.624936666,282.620773391,211.968553938,211.968535967,261.689636399,237.978267121
2011-11-08 23:00:00,234.107112413,211.968534833,211.968511279,215.037851883,211.968530862,1.14232202289e-05,364.535746251,211.968522465,369.287637098,211.968647128,0.0786601463334,389.337194827,85.4738688319,226.165911793,183.714810263,246.020780486,211.968553208,211.968560991,211.968557086,0.0151160978901,171.694553033,92.2062142462,234.425324147,223.7440448,177.624936473,282.620701016,211.968553229,211.968525418,261.689263696,237.978260825
2011-11-09 00:00:00,234.10710847,211.968531565,211.968509386,215.03784656,211.968529552,1.13118570068e-05,364.535749594,211.968517897,369.287636052,211.968645115,0.0638546692339,389.337172195,85.4738689535,226.165910563,183.714806439,246.020784063,211.968552222,211.968558717,211.968556979,0.0150561887463,108.451350307,92.2063581556,234.425323993,223.744028697,177.624936234,282.620628433,211.96855236,211.968536504,211.970538323,237.978220088
2011-11-09 01:00:00,234.10711033,211.968535032,211.968501887,215.03784317,211.968522309,1.1285483944e-05,364.535734363,211.968430212,369.28763381,211.968643769,0.0641725401616,389.337150384,85.4738688662,226.165910617,183.714805679,246.020783604,211.968551561,211.968557192,211.968558349,0.0150136220238,92.2063608591,92.2066009941,234.425323869,223.744025436,177.624936215,282.620715595,211.968551521,211.968532852,211.969091914,237.978254604
2011-11-09 02:00:00,234.107112964,211.968537291,211.968491369,215.037839198,211.967854404,1.12801452235e-05,364.535730545,92.2063365547,369.287630769,211.968642065,0.078610858144,389.33704765,85.4738690175,226.165908577,183.714805379,246.020783002,211.968551026,211.968555835,211.968562117,0.0150105069285,92.2063208591,92.2062333265,234.4253238,223.744024804,177.62493632,282.620723271,211.968551149,211.96853312,211.968783891,237.978340031
2011-11-09 03:00:00,234.107121484,211.968539893,211.968500791,215.037837577,211.968124128,1.13226698264e-05,364.535742868,92.2063108923,369.287631137,211.96864029,0.0786756207863,389.336852465,85.4738688799,226.165907763,183.714804659,246.020784656,211.968550947,211.968555577,211.968565928,0.0150092460986,92.2063698875,92.2066978676,234.4253238,223.744028804,177.624936463,282.620749876,211.968551114,211.968536136,211.968676382,237.978484053
2011-11-09 04:00:00,234.107130384,211.968545502,211.968508625,215.037837248,211.968522113,1.1473586743e-05,364.535749612,92.2063092962,369.28763333,211.96863756,0.07869031583,389.33673144,85.4738691918,226.165905892,183.714802954,246.020786854,211.9685514,211.968556153,211.968568197,0.0150108335922,211.968374075,211.967338826,234.425324017,223.744045696,177.624936669,282.620794108,211.968551177,211.968565545,211.96870413,237.978737468
2011-11-09 05:00:00,234.10713853,211.968550023,211.96851757,215.037837279,211.968529722,1.19122787266e-05,364.535753536,92.2063087275,369.287636636,211.968631333,0.078697101407,389.337031466,85.473870231,226.165907637,183.714799131,246.020789559,211.968551776,211.96855738,211.968570324,0.0150208449358,211.968537587,211.968238124,234.425324394,223.744076163,177.624936865,282.620837554,211.968551289,211.968601056,211.969026306,237.978793658
2011-11-09 06:00:00,234.107144382,211.968552785,211.96852205,215.037827538,211.968530135,1.24725277062e-05,364.535753957,92.2063090622,369.287637305,158.980581182,0.0637753896556,389.337177899,85.4738711858,226.165902874,148.808905625,246.020790358,211.968550236,211.968552963,211.968570659,0.0166357704567,211.96854993,211.968260508,234.425324518,223.744079566,177.624936883,282.620903475,211.968548779,211.968618836,261.689433368,237.978808747
2011-11-09 07:00:00,211.968497764,211.968552129,211.968522045,174.180455393,211.968527684,1.25842604109e-05,364.535750548,92.2063089427,299.122983182,158.98056276,0.0637489819371,389.337195543,85.4738677229,183.194348642,79.9162621306,211.968535518,171.694520464,171.694533605,211.968565076,69.1537501646,211.968550282,211.968247196,189.884514142,181.232742709,177.624936719,282.620916416,171.694514156,211.962078092,211.968443562,237.978320707
2011-11-09 08:00:00,189.626769316,211.968543269,92.206349124,161.278279237,171.694470537,1.24998719798e-05,295.273937564,92.2063081388,299.122960214,0.0100331487948,0.0637344801739,389.337188811,85.4738377639,169.624824403,0.0199690051828,199.276848326,171.694451281,171.694523508,158.976417679,69.153789723,211.968549489,211.968214893,189.88451304,181.232711031,143.87619936,211.965952924,158.976632536,171.695554497,211.96842535,211.967602875
2011-11-09 09:00:00,175.580421128,211.968541546,92.2063113284,0.0100496190849,92.2063152169,1.23976458431e-05,211.968555065,92.2063050243,211.968568225,0.01000669564,0.0633516925136,389.337183962,64.1056189996,0.0100664856881,0.0100134506593,199.276842779,0.0100163187744,0.0101318073346,92.2063306799,69.1537326201,211.96854942,211.968250297,189.884512434,181.232693459,143.876198303,211.965766255,0.0101019715077,171.695588967,211.968424401,178.4841453
2011-11-09 10:00:00,175.580387189,211.968541356,92.2063109752,0.0100302862997,92.2063112569,1.23200554741e-05,158.573201198,0.0150061618771,211.968555794,0.0100063438728,0.0628150917955,389.337179284,64.1055608571,0.010035027867,0.0100128690487,199.27684135,0.0100095777438,0.0100112155415,92.2063295018,0.0150696435039,211.968548196,211.968258867,189.884511532,181.23266923,143.876195443,211.965740147,0.0100492885005,211.958759381,211.968365123,103.520907787
2011-11-09 11:00:00,175.580328291,211.968541741,92.2063115948,0.0100429140749,92.2063104077,1.22438731226e-05,158.573069667,0.0150012320935,211.968575938,0.0100156583796,0.0637357692251,389.336880221,64.1055445375,0.0100766280749,0.0199807774185,199.276841198,0.0101075023581,0.0100320940259,92.2063295122,0.0150056956353,211.968546497,211.968263224,189.884511122,181.232684828,77.2668772087,211.965739142,158.976425306,211.96841083,211.968441028,178.483920336
2011-11-09 12:00:00,175.580412918,211.968544523,92.2063238884,161.278218679,92.2063094083,1.22082432552e-05,211.968479631,0.0150024562315,299.122974318,158.980552726,0.0637614388403,315.363166764,64.1055527642,169.624776087,148.80889811,199.276843284,171.694515882,171.694501652,92.2063316636,0.0150015897462,211.968545872,211.968267239,189.884512336,181.23269683,77.2669046018,211.965761692,171.694506552,211.968533783,211.968756426,178.484248274
2011-11-09 13:00:00,189.626765197,211.968549766,171.694500466,174.180457339,92.2063117058,1.22370614535e-05,211.968635481,0.0150026693682,299.122987151,158.980582468,211.968335411,315.363160116,64.1059471683,183.194350841,148.808910265,199.276847843,171.694524823,171.694533529,171.694529864,0.0150044504107,211.96854674,211.968255481,189.884512921,181.232711779,143.876197022,211.965860634,171.694522379,211.968631973,264.6090494,237.978167032
2011-11-09 14:00:00,234.106844207,211.968551021,211.968514237,174.180590489,171.694470466,1.22688087462e-05,295.273952664,92.2061065371,369.287636685,233.671712186,238.106568883,315.363176484,85.4738581811,183.194439621,183.714807223,246.020788468,211.968545082,211.968547638,211.968560463,0.0151613982525,211.968547382,92.2064706345,189.884515999,211.968601276,143.87619865,211.968473074,211.968547272,211.96864909,264.610365741,237.978780504
2011-11-09 15:00:00,234.107277394,211.968552002,211.968533845,215.037827705,211.968471831,1.24459847993e-05,364.535769717,92.206306114,369.287638618,233.671742708,238.106587881,315.363217108,85.4738707391,226.165932976,183.714814217,246.02079627,211.968554151,211.968569065,211.968573422,69.1537207008,211.968548824,92.2063851379,234.425324704,223.744072689,143.87620365,282.62093985,211.968554806,211.968661397,264.610569122,237.978791429
2011-11-09 16:00:00,234.10728842,211.968551665,211.968539607,215.037841442,211.96853152,1.24915497574e-05,364.535773641,92.2063078682,369.287638936,233.671750556,238.106593191,389.337190999,85.4738716954,226.165943176,183.714817931,246.020797204,211.968555791,211.968573035,211.968575196,69.1537843174,211.96854918,113.834971215,234.425325081,223.744079625,177.6249373,282.620956164,211.968557218,211.968663258,264.610996233,237.978761831
2011-11-09 17:00:00,234.107291019,211.968551292,211.968537993,215.037845316,211.968532254,1.24325957151e-05,364.535774053,92.2063081318,369.287638613,233.671754362,238.106594327,389.337203533,85.4738717891,226.16594653,183.714819661,246.020797478,211.968556449,211.968574494,211.968575017,69.1538787447,211.968546388,113.835016143,234.425325146,223.7440812,177.624937782,282.620973481,211.968558107,211.968662763,264.610972249,237.978661123
2011-11-09 18:00:00,234.10729082,211.968550412,211.968534353,215.037847202,211.968532071,1.2371129226e-05,364.535770714,92.2063080323,369.287637451,233.671755663,238.106595643,389.337203602,85.4738714516,226.165947993,183.714820763,246.020797708,211.968556803,211.968575229,211.968573155,69.1671703685,211.968545744,92.2062499887,234.425325141,223.744081845,177.624937873,282.620963561,211.968558592,211.968657997,264.611312348,237.978554049
2011-11-09 19:00:00,234.1072894,211.968546377,211.968531873,215.037847245,211.9685319,1.22585024072e-05,364.535769494,92.2063050118,369.287637379,233.671755791,238.106592544,389.337203033,85.4738709569,226.165947951,183.714821051,246.020797662,211.968556834,211.968575519,211.968572756,69.1540415223,211.968539517,92.2062155644,234.425325072,223.744078104,177.624937918,282.620948084,211.968558569,211.968648509,264.611349197,237.978401168
2011-11-09 20:00:00,234.107287515,211.968546211,211.968531726,215.037846212,211.968531897,1.21233469097e-05,364.535769466,92.2061876601,369.287636468,233.671755998,238.106588229,389.337201704,85.4738706539,226.165947714,183.71482052,246.020797123,211.968556523,211.968575095,211.968572744,69.1537684638,211.96851724,92.2062087548,234.425324938,223.744071194,177.624937858,282.620923688,211.968557875,211.968632129,264.611097719,237.978310346
2011-11-09 21:00:00,234.107288378,211.968543225,211.968530312,215.037843755,211.968532359,1.1903286913e-05,364.53577166,92.206307018,369.287634098,233.67175537,238.106583904,389.337199781,85.4738703017,226.16594601,183.71481963,246.020796225,211.968555998,211.968574465,211.968572725,69.1537549172,211.968157531,92.2062074893,234.4253247,223.744063701,177.624937741,282.620897911,211.968557199,211.968614745,264.610656061,237.978293859
2011-11-09 22:00:00,234.10728556,211.968541004,211.968528918,215.037839254,211.968532357,1.15650825873e-05,364.535772027,92.2063081543,369.28763011,233.671753068,238.106572201,389.337197118,85.4738697351,226.165941664,183.714818596,246.020795325,211.968555187,211.968572334,211.968572274,69.1537446771,92.2063229508,92.206208786,234.425324379,223.744048731,177.624937586,282.620779588,211.968556075,211.968599254,264.610440826,237.978297785
2011-11-09 23:00:00,234.107284882,211.96853958,211.968526927,215.03783282,211.968531951,1.13067336818e-05,364.535770428,92.20630859,369.287622388,233.671748769,238.106543751,389.337190581,85.473869548,226.165935812,183.714817246,246.020794733,211.968554055,211.968570445,211.96857169,69.1537418281,92.2062751011,92.2062176325,234.42532396,223.74403598,177.624937385,282.62042818,211.968554975,211.968595404,264.610296575,237.978288385
2011-11-10 00:00:00,234.107283371,211.968538282,211.96852545,215.03782863,211.968532017,1.11969951945e-05,364.535768109,92.2063095444,369.287625441,233.67174387,238.106566469,389.337184106,85.4738699565,226.165931414,183.71481597,246.020794203,211.968553259,211.968567227,211.968570877,69.1537011853,52.209900092,113.834864364,234.425323535,223.744024441,177.624937232,282.620617144,211.96855339,211.968594496,264.608393446,237.97824097
2011-11-10 01:00:00,234.107282791,211.968536616,211.968521284,215.037825053,211.968531928,1.1150019447e-05,364.535768536,92.2063106526,369.287624188,233.671743139,238.10656343,389.337170653,85.4738699853,226.165930858,183.71481468,246.020793337,211.968552129,211.968563921,211.968568098,69.1536675047,52.2098717769,113.835457713,234.425323265,223.744018166,177.624937134,282.620575722,211.968552246,211.968596887,264.608209019,237.978224549
2011-11-10 02:00:00,234.10728317,211.968535313,211.968519885,215.037823216,211.96853176,1.11736530955e-05,364.535769265,92.2063219471,369.28762008,233.671743231,238.106558275,389.337155824,85.4738701339,226.165928952,183.714814404,246.020792611,211.968551457,211.968561723,211.968560596,69.1537183268,52.2098726164,92.2063821193,234.425323084,223.744020838,177.624937046,282.620565184,211.968551732,211.96859999,264.609219104,237.978261759
2011-11-10 03:00:00,234.107287364,211.968535925,211.968520942,215.037820437,211.968531731,1.12295950034e-05,364.535770115,211.968314048,369.287616796,233.671742816,238.106558615,389.33714435,85.4738699362,226.165928456,183.714815284,246.020792466,211.968551173,211.968561154,211.968556215,69.1537359416,52.2098927507,92.2062103917,234.425322947,223.744022178,177.624937097,282.6207673,211.968551054,211.968611218,264.608455486,237.97828767
2011-11-10 04:00:00,234.107294233,211.968538458,211.968522733,215.037820228,211.968532094,1.1347273478e-05,364.535771108,211.968499774,369.287617941,233.671745065,238.1065621,389.337137462,85.4738702328,226.165928121,183.71481603,246.020793298,211.968551529,211.968563848,211.968554245,69.1537422323,92.206214649,92.2062034248,234.425323063,223.744040373,177.624937296,282.620790673,211.968550644,211.968638681,264.609473324,237.978546205
2011-11-10 05:00:00,234.107298602,211.968539781,211.968526193,215.037819227,211.968532703,1.17701135718e-05,364.535772467,211.968522168,369.287620111,233.671751394,238.106558369,389.337148038,85.4738708847,226.165932062,183.71481746,246.020794862,211.968551815,211.968569337,211.968559225,69.153743485,211.968375484,92.2062028839,234.425323396,223.744067729,177.624937524,282.62084176,211.968550689,211.968671947,264.610339979,237.978680786
2011-11-10 06:00:00,234.107299627,211.968537442,211.968528978,215.037810683,211.96853297,1.23063616559e-05,364.535771094,211.96852591,369.287614256,211.967377352,171.694563091,389.337160545,85.473871808,226.165931139,183.714798495,246.020794313,211.968550096,211.968559383,211.968565778,69.1537477056,211.968541005,92.2068258221,234.425323207,223.744074299,177.624937509,282.620834426,211.968548346,211.968695668,264.610481461,237.978729791
2011-11-10 07:00:00,189.626882308,211.968534783,211.968527732,174.180510863,211.968532838,1.2388557591e-05,364.535765691,211.968527006,211.968614684,189.274136802,171.694526914,389.337158522,85.4738679579,183.194403116,183.714591294,211.968629476,171.694519304,171.69454906,211.968558536,69.1537597556,211.968537526,92.2065705054,189.884511853,211.968730007,177.624937257,282.620821554,171.694518185,211.96855046,214.335632322,178.484093588
2011-11-10 08:00:00,175.580503965,211.968519563,92.2063131365,161.276628651,171.694545005,1.23308479368e-05,171.69457174,211.968527433,211.968559833,189.274131602,158.977231812,389.336555044,64.1057067044,183.194388743,148.809016781,211.968527314,171.694400828,171.694545567,92.2063291994,69.1537487199,211.968528062,92.2063448331,189.884509767,181.232760859,143.87620193,211.965786071,171.694131715,211.968487804,214.335769563,103.525744401
2011-11-10 09:00:00,175.580182642,211.968484416,92.2063085766,0.0100349133503,171.694511311,1.22842387568e-05,171.694510567,211.968526711,211.968550483,189.274134803,0.0638098758583,315.363003143,64.1054803414,183.194344102,148.80900892,199.276845881,0.0100166551434,171.694540311,92.2063240636,0.0150259736054,211.968524764,92.2062779479,189.884508699,181.232710659,143.876198383,211.965655419,0.0150403814952,211.968427182,214.335582871,103.520860185
2011-11-10 10:00:00,0.0100181794485,211.968367446,92.2063029004,0.0100249176379,171.694508974,1.22069481541e-05,158.573085492,211.968526217,211.967928428,189.274247623,0.0638729049046,315.362976639,64.10546069,183.194135701,148.809007573,199.276841601,0.0100104990344,171.694536527,74.6871469956,0.0150020868489,211.968514479,92.206231291,189.884502987,181.232704212,143.876197468,211.965614045,0.0101787937356,211.968399155,214.335636267,103.520962364
2011-11-10 11:00:00,0.0100211110306,211.968030058,92.2062989357,0.0100347547546,171.6945074,1.2160745412e-05,158.573070542,211.968525938,196.267822679,211.968546109,171.69446719,315.36297038,64.105435639,183.194340568,148.809008349,199.276838901,0.010722066961,171.694544214,69.1556136132,0.0149992429906,211.968505678,92.206210112,175.81910186,181.232700823,143.87619612,211.965602773,158.976500553,211.96847022,214.335922454,178.484002811
2011-11-10 12:00:00,175.580463213,92.206330742,92.2063053268,161.278245731,171.694503817,1.21320722188e-05,158.57307654,211.968525997,211.96855134,233.671625355,171.69452588,315.362967133,64.1054624284,183.194388181,148.809012214,199.276839925,171.694508899,171.694550145,74.6871332152,0.0150013242254,211.968534755,113.831183843,189.88450574,181.232699603,143.876195464,211.965609928,171.694511118,211.968545976,264.610053361,178.48471561
2011-11-10 13:00:00,189.626858548,92.2065823755,92.2063083605,174.180521922,171.694508967,1.21887222003e-05,171.694554562,211.968526078,211.96855917,233.671732009,171.694570213,315.362969572,64.1055038609,183.19440444,183.71477986,199.276843086,171.694523714,171.694584546,74.6871460434,0.0150081965329,211.968541429,92.2062083129,189.884509185,181.232716992,143.876197283,211.965657776,171.69452687,211.968671428,264.61076418,237.978310266
2011-11-10 14:00:00,211.968578382,211.96841584,92.2063140749,215.035081827,171.694518118,1.22190022658e-05,171.694572991,211.968526417,261.689571409,233.671756067,211.968551015,315.362974387,85.4738533414,226.165893254,183.714817436,246.020734732,211.968546952,211.968568875,92.20632803,51.8547023824,211.968544454,92.2061998409,189.88451116,223.743786918,143.876197859,211.968308161,211.968546289,211.968702593,264.612953323,237.978820413
2011-11-10 15:00:00,234.107335706,211.968514094,113.834947735,215.03793504,211.968529197,1.2316261981e-05,211.968599422,211.968527488,261.689572088,233.671758522,211.968564404,389.336562879,85.4738715354,226.165929028,183.714817739,246.020787899,211.968552849,211.968583451,92.2063489805,69.1537173718,211.968548143,92.2062016171,234.425320331,223.744069247,143.876200319,282.620682951,211.968552062,211.96872499,264.613768457,237.978836378
2011-11-10 16:00:00,234.107341846,211.968523885,113.834937419,215.037959648,211.968531546,1.23633481002e-05,211.968600624,211.968528615,261.689571338,233.671759985,211.968568474,389.33698542,85.4738723156,226.165932813,183.714818327,246.020787559,211.968553955,211.968586134,92.2063501905,69.153753655,211.96854929,92.2062064331,234.425320686,223.744072529,177.624935348,282.620728581,211.968554017,211.968715608,264.614948006,237.978827859
2011-11-10 17:00:00,234.107343139,211.968528713,113.834919292,215.037966758,211.968531694,1.22916132472e-05,211.968599977,211.968528417,261.689570456,233.671760471,211.968566753,389.336994033,85.4738722356,226.165933349,183.714817988,246.020786677,211.968553988,211.968586981,92.2063482068,69.1537445057,211.968547667,92.2062040545,234.425320729,223.744073129,177.624935726,282.620723732,211.968554744,211.968691448,30648.3024782,237.978809106
2011-11-10 18:00:00,234.107341986,211.968529782,113.834925484,215.03797201,211.96853004,1.21867298839e-05,211.968598806,211.968526663,261.689570861,233.671759743,211.968560581,389.336993738,85.4738720205,226.165933268,183.714816598,246.020786018,211.968554874,211.968587275,92.2063485877,69.1537442881,211.968545322,92.2061941146,234.425320695,223.744072025,177.62493569,282.620686825,211.96855549,211.968664714,264.614206092,237.978792805
2011-11-10 19:00:00,234.107339788,211.968520679,113.83484931,215.03797186,211.968528273,1.20803548831e-05,211.968598056,211.968525056,261.689568703,233.671758427,211.968556521,389.336992557,85.4738715606,226.165931892,183.714814968,246.020785432,211.968554517,211.968587194,92.2063313679,69.1536924251,211.968540789,92.2061842014,234.425320637,223.744069328,177.624935562,282.620673458,211.968555474,211.968635398,264.613863035,237.978784229
2011-11-10 20:00:00,234.10733703,211.968525017,92.2063188682,215.037970381,211.968524089,1.19383209321e-05,211.96859876,92.2063198069,261.689566636,233.671756626,211.96855015,389.336990331,85.4738713032,226.165930242,183.714812836,246.020783564,211.968553934,211.968586678,92.206329521,0.015216052918,211.968527648,92.2061768893,234.425320506,223.744061179,177.624935319,282.62061822,211.968554857,211.968600595,264.613814856,237.97874963
2011-11-10 21:00:00,234.107337298,211.968528798,92.2063124142,215.03796284,211.96851661,1.17089724306e-05,211.968599394,92.2063092253,261.689563101,233.67175517,211.968540037,389.336987567,85.473870851,226.165926812,183.714809636,246.020781676,211.968553379,211.968585222,92.2063287869,0.0150143974839,211.968483991,92.2061710923,234.425320271,223.744055377,177.6249351,282.620493013,211.968554214,211.968574196,264.610877606,237.978671932
2011-11-10 22:00:00,234.107334486,211.968530267,92.2063106317,215.037946955,211.968330002,1.14517136893e-05,211.968598184,92.2063061169,261.689553323,233.671751888,211.96851894,389.336982827,85.4738702708,226.165919876,183.714806364,246.020779987,211.968552496,211.96858379,92.2063275474,0.015006485377,92.2064224066,92.2061457617,234.425319939,223.744039988,177.624934739,282.620568791,211.968553458,211.968551903,264.6106086,237.978591995
2011-11-10 23:00:00,234.107332305,211.968533435,92.2063080954,215.037921484,171.694539686,1.1193016389e-05,211.968593676,0.0150049927781,261.689492694,233.67174749,211.968487606,389.336970621,85.4738698398,226.165910266,183.714802794,246.020778579,211.968550903,211.968582079,92.2063254193,0.015003418213,92.2063458194,92.2060226429,234.425319526,223.744028368,177.624934387,282.620467599,211.968552656,211.968541649,264.610339212,237.978541611
2011-11-11 00:00:00,234.107329829,211.968536725,92.2063091226,215.037902519,171.694518309,1.10724448141e-05,211.968579226,0.0150023512866,211.968556702,233.671740864,211.968468009,389.336946053,85.4738703069,226.165896103,183.714803637,246.020778858,211.968547913,211.968575673,92.2063253744,0.0150016319191,92.2063159695,0.0155594155201,234.425319045,223.744014326,177.624934262,282.620355123,211.968551923,211.968545843,264.610348178,237.978544741
2011-11-11 01:00:00,234.107327443,211.968537949,92.2062940057,215.037895278,92.2063148832,1.10435935033e-05,211.968563192,0.0150011220811,211.968555016,233.67173755,211.968387414,389.336730158,85.47387024,226.16589149,183.714798043,246.020775527,211.968546292,211.968571684,92.206323538,0.0150007073221,92.2063062525,0.0152629011983,234.42531875,223.744009949,177.62493422,282.62015566,211.968551086,211.968528154,264.60980289,237.978594471
2011-11-11 02:00:00,234.107327825,211.968539475,92.1992718871,215.037890673,92.2063125815,1.10546992393e-05,211.968555069,0.0150007198231,211.968556231,233.671736714,211.968216945,389.336581403,85.4738703325,226.165889541,183.714792984,246.020773355,211.968545579,211.968566958,92.2063237877,0.0150001709852,92.2062997037,0.015058698173,234.425318521,223.744006543,177.624934157,282.620160554,211.968550569,211.968511884,264.609933567,237.978640321
2011-11-11 03:00:00,234.107330948,211.968542175,92.1992585396,215.037898135,92.2063118921,1.10635860492e-05,211.968550611,0.015000393406,211.968555544,233.671736332,211.968249896,389.336563424,85.4738701494,226.165888311,183.714789832,246.02077245,211.968547303,211.968566244,92.2063244891,0.0149998983973,92.2063056324,0.0150274831822,234.425318387,223.744008192,177.624934092,282.620231403,211.968550372,211.968525733,264.610074637,237.978699893
2011-11-11 04:00:00,234.107338902,211.968547816,92.1992608505,215.037914723,92.2063113405,1.1209335199e-05,211.968546827,0.0150002086385,211.968553675,233.671738158,211.968400497,389.336551508,85.4738704448,226.165893317,183.714788419,246.020772929,211.968550249,211.968570351,92.2063259134,0.0149998578607,92.2063224058,0.0150273822594,234.425318458,223.744026978,177.624934281,282.620284666,211.968550131,211.968557092,264.610081435,237.978804158
2011-11-11 05:00:00,234.107344122,211.968552284,92.2062966656,215.037952835,92.2063107473,1.16537381057e-05,211.968541842,0.0150001430255,211.968552146,233.671739519,211.96841298,389.33663302,85.4738713206,226.165898747,183.714785844,246.020772553,211.968553519,211.968578034,92.2063282534,0.0149998616598,211.968522479,0.0151257631923,234.425318666,223.744046584,177.624934531,282.620233682,211.968549903,211.968596698,264.610362977,237.978856077
2011-11-11 06:00:00,234.107343465,211.968553088,92.2063108554,215.037974115,0.0201345568442,1.22496454047e-05,211.968513066,0.0150003922083,211.968550382,189.274124228,0.0637284384351,389.336857193,85.4738724123,226.165893485,148.808967195,246.02075989,211.968553521,211.968578658,92.2063292728,0.0150003905205,211.96854482,92.2061922907,234.42531817,223.744048089,177.624934421,282.620170981,211.96854672,211.968592457,264.610568566,237.978915964
2011-11-11 07:00:00,234.107093998,211.968553616,92.2063097592,215.037872049,0.0200663773804,1.2358398156e-05,211.968385973,0.0150004421674,160.640121539,189.274111016,0.0637062110261,389.336875008,85.473870063,183.194400488,148.808958512,171.694509651,171.694533793,211.968561138,92.2063264368,0.0150020483452,211.968543685,0.0151792046196,189.884481944,223.744016037,177.624933844,282.619883954,171.69451098,211.968568332,214.336853165,211.96840189
2011-11-11 08:00:00,189.626958997,211.968552672,92.1992144416,215.037840318,0.0199930732051,1.22896421843e-05,0.0200346367371,0.015000387416,0.0199953909688,189.274105697,0.0517440761367,315.362680811,85.4677521401,183.194378568,148.808943001,171.694504291,171.694532433,211.968533824,0.0200009577712,0.0150032658759,211.968542588,0.0150084913777,189.884480141,211.96854234,143.876194843,158.976562694,158.976504193,211.968532642,214.336565237,178.484406042
2011-11-11 09:00:00,189.626923692,211.968552392,0.0200151639954,215.037715055,0.0150015053984,1.22216885266e-05,0.0150070576534,0.0150003145872,0.0150190224315,189.27409152,0.051674305134,315.362612905,64.1054547159,183.19436829,0.0200429027818,171.694494053,171.69453181,171.694561336,0.0199996577,0.0150031895177,211.968544175,0.0150071250073,189.884479304,181.232682729,143.876193446,158.975916083,0.010029025471,211.968519285,214.336375625,178.484314588
2011-11-11 10:00:00,175.580537789,211.968552437,0.0200019545544,215.035276796,0.0150004462409,1.21602039197e-05,0.0150008339664,0.0150002529717,0.0150107536087,189.274082222,0.0516618342889,315.362603418,64.1054357785,183.194355911,0.0200379365451,107.019095578,171.694531775,171.694550151,0.0199995411633,0.0150022023073,211.968544158,0.0150065370592,189.884478384,181.232665915,143.876088369,122.938477692,0.010014758896,211.968515707,214.335646125,178.484295476
2011-11-11 11:00:00,175.580477889,211.968552777,0.0200000271995,174.18094733,0.0150003940866,1.20541320195e-05,0.0149996299234,0.015000210931,0.0199877087081,189.274100326,0.0516575040383,315.362600119,64.1054182652,183.194336958,148.808911007,0.0150020041766,171.694532715,171.69453989,0.0199993159449,0.0150015924477,211.968544647,0.0150063537894,189.884478453,181.23264651,0.0150028065793,0.015451012113,0.0100572061859,211.968533818,211.969063214,178.484425201
2011-11-11 12:00:00,175.580501136,211.968554133,0.0200006659575,215.037530222,0.0150004715555,1.19870707641e-05,0.0150039917262,0.0150003092861,160.640127613,189.274108206,0.0516556553801,315.362599226,64.105444271,183.1943544,148.80895872,0.0150088862132,171.694534756,171.694548205,0.0199996398265,0.0150007747937,211.968546753,0.0150082981896,189.884479458,181.232635569,0.0150007513368,158.976195177,171.694333192,211.96860382,264.609937049,211.968351155
2011-11-11 13:00:00,175.580572523,211.968555004,0.0200014826135,215.03783502,0.0150079967911,1.19942678525e-05,0.0199889861922,0.0150002378019,171.694880431,211.968505002,0.051672290463,315.362599178,64.1056423116,183.194368967,148.808965211,171.694493104,171.694545578,171.694557258,0.0200001288918,0.0149995057727,211.968546546,0.0150071311999,189.88448012,181.232669897,133.218962304,158.976477837,171.694516006,211.968632982,264.610544705,237.978502489
2011-11-11 14:00:00,189.627077608,211.968555989,92.1991924083,215.037949514,0.0200257055342,1.19894791709e-05,158.572869981,0.015000285787,211.969010785,233.67173499,0.0637528245285,315.362600229,85.4738570564,226.164699792,183.714767049,171.694518916,211.968555175,211.968565964,69.1547628701,0.0149997838176,211.968547652,0.0150088925454,211.968584305,211.968511732,143.876193499,158.976570415,211.968544749,211.968657154,264.610687179,237.979027639
2011-11-11 15:00:00,234.107346771,211.968555817,92.2063119464,215.037991076,92.2063103441,1.20938603269e-05,158.573180248,0.0150003908201,211.969023838,233.671737441,0.0637621780946,315.362607405,85.473871765,226.165887699,183.714770368,211.968527775,211.968560265,211.968582966,92.2063277053,0.0150013650239,211.968549531,0.0150125201918,234.425283543,223.74402397,143.876195325,211.968491164,211.96855196,211.96867126,264.611859073,237.979237046
2011-11-11 16:00:00,234.107350506,211.968555425,92.2063131341,215.037993947,92.2063154916,1.21491784566e-05,195.768991632,0.0150006490373,211.969027159,233.671738579,0.0637597757534,389.336531516,85.4738727926,226.165891479,183.714772184,211.968528848,211.96856088,211.968584484,92.2063290832,0.0150049071961,211.9685496,0.0150234502866,234.42528378,223.744026714,177.624932074,211.968529813,211.96855424,211.968672324,264.612935337,237.979220006
2011-11-11 17:00:00,234.107350896,211.968554684,92.2063122684,215.03799155,92.2063161224,1.21337143474e-05,195.768959653,0.0150009688283,211.969028817,233.671738891,0.0637514770968,389.336538147,85.4738726864,226.165892034,183.714773012,211.96852914,211.968560991,211.968584997,92.2063294212,0.0150078116982,211.968547043,0.0150205187505,234.425283757,223.744027014,177.624932738,211.968564532,211.968555243,211.968667505,264.612893956,237.979067296
2011-11-11 18:00:00,234.107349044,211.968553512,92.2063119535,215.037987636,92.2063120956,1.2007071915e-05,158.573075469,0.0150024980137,211.969028973,233.671738682,0.0637304552553,389.336537872,85.4738722594,226.165891427,183.714773295,211.968529191,211.968561161,211.968584447,92.2063296172,0.0150092959517,211.96854234,0.0150091280554,234.425283698,223.744024381,177.62493289,211.968545049,211.968555451,211.968661211,264.612435666,237.978966398
2011-11-11 19:00:00,234.107346131,211.9685518,92.2063093449,215.037980505,92.2063120404,1.18256138007e-05,158.573081986,0.0150007093788,211.969030697,233.671737848,0.0636328045936,389.336537035,85.4738716847,226.165889832,183.714773515,211.968529237,211.968561074,211.968583845,92.2063287749,0.0150076964511,211.968533496,0.0150102825748,234.425283561,223.744021125,177.624932946,211.968583422,211.968555582,211.968650759,264.610677699,237.978878113
2011-11-11 20:00:00,234.107342299,211.968551794,92.2063060302,215.037972529,92.206312553,1.16301616167e-05,158.573089436,0.0150007408251,211.969031708,233.671737259,0.0278971643819,389.336535234,85.4738713665,226.16588843,183.714773354,211.968529112,211.968560729,211.968582916,92.2063282151,0.0150054851097,211.968513701,0.0150090178211,234.425283343,223.74401393,177.624932915,211.968575253,211.968555188,211.968635497,264.610620887,237.978824958
2011-11-11 21:00:00,234.107343842,211.968549804,92.2063063359,215.037962781,92.2063218793,1.14242258703e-05,158.573160423,0.0150019372339,211.969031994,233.671736274,0.027744468893,389.336533003,85.4738711428,226.165886342,183.714773273,211.968528833,211.968560237,211.968581675,92.2063283534,0.0150046113613,211.968474109,0.0150087795051,234.425282989,223.744009572,177.624932838,211.968619261,211.968554566,211.968622394,264.610612151,237.978780882
2011-11-11 22:00:00,234.10734044,211.968546591,92.2063076783,215.037944331,92.2063298867,1.12781904867e-05,158.575725451,0.0150057567738,211.969031571,233.67173443,0.0277091132435,389.336529275,85.4738706079,226.165881582,183.714773567,211.968528784,211.968559449,211.968579203,92.2063278381,0.0150040134421,211.967003267,0.0150100001117,234.425282482,223.743998292,177.624932743,211.968632691,211.968553773,211.968608123,264.610497861,237.978734503
2011-11-11 23:00:00,234.107337444,211.968544791,92.206308796,215.037917249,92.2063308361,1.11033753698e-05,211.968066526,92.2059538573,211.969030935,233.6717316,0.0214533082977,389.336521002,85.4738704993,226.165874839,183.714773303,211.968528617,211.968558224,211.968576565,92.2063274546,0.0150047838042,92.2064439289,0.0150137739077,234.425281882,223.74398972,177.624932602,211.968660363,211.968552663,211.96859945,264.610367761,237.978687098
2011-11-12 00:00:00,234.107333342,211.968543408,92.2063122279,215.037900005,92.2063309186,1.09528722926e-05,211.968417573,92.2063089001,211.969029933,233.67172854,0.0207444969571,389.336504684,85.4738704261,226.165873583,183.714772061,211.968529533,211.968557133,211.968573104,92.2063283349,0.015005191508,92.2063341835,92.2059492636,234.425281043,223.74397596,177.624932435,211.968632656,211.968551317,211.968587765,264.610185294,237.978627529
2011-11-12 01:00:00,234.107329954,211.968542836,92.2063113244,215.03788843,92.2063305907,1.08861741443e-05,211.968404426,92.2063082807,211.969029339,233.671725615,0.0203701212834,389.33646909,85.4738704295,226.16586922,183.714770942,211.968528983,211.968555939,211.968568816,92.20632803,0.0150143610073,92.2063671346,0.0185349385192,234.425280099,223.743970861,177.624932272,211.968633371,211.968550408,211.968586799,264.609629951,237.97863362
2011-11-12 02:00:00,234.107329454,211.968543062,92.2063120016,215.03788119,92.2063309006,1.08318598382e-05,211.968400203,92.2063087478,211.969028447,233.671722895,0.0202547439928,389.336357158,85.4738704099,226.165864047,183.714770286,211.968528914,211.968555157,211.968565597,92.2063280859,0.0150602848072,92.2063313501,0.0152059695949,234.425279241,223.743965113,177.624932098,211.968627847,211.968549734,211.968587849,264.607933967,237.978625097
2011-11-12 03:00:00,234.107330823,211.968544067,92.2063138904,215.037878148,92.2063316597,1.08206532413e-05,211.968438529,92.2063092755,211.969027704,233.6717196,0.0201832797105,389.336027334,85.4738701804,226.165859218,183.71477034,211.968529153,211.968554625,211.968563939,92.2063280459,69.1536009794,92.2063638955,0.0150763126409,234.425278319,223.743960332,177.624931935,211.968624516,211.968548967,211.968590941,264.61003497,237.978693843
2011-11-12 04:00:00,234.107334793,211.968545301,92.2063158199,215.037880659,92.2063323989,1.08830815242e-05,211.968445928,92.2063096088,211.969027578,233.671715424,0.0201643767993,389.332059327,85.4738702317,226.165854752,183.714770006,211.968529372,211.968554024,211.968563417,92.2063281261,69.1537316107,92.2063974088,0.0150459806804,234.425277811,223.743958058,177.62493173,211.968645315,211.968547593,211.968600139,264.610186105,237.97876237
2011-11-12 05:00:00,234.107336353,211.968546173,92.206318539,215.037884328,92.2063331786,1.09728812689e-05,211.968449852,92.2063101419,211.969027976,233.671705137,0.0202034498376,211.968675517,85.4738700292,226.165844471,183.714768934,211.968529629,211.968553161,211.968563162,92.2063287531,69.1537547909,211.960858742,0.0150975419695,234.425277601,223.743961839,177.624931464,211.968660863,211.968545706,211.968611472,264.610286285,237.978800304
2011-11-12 06:00:00,234.107331317,211.96854411,92.2063272623,215.03787656,92.2063330731,1.11759310584e-05,211.968451984,211.968517903,211.969024561,158.976497599,0.0200749755442,211.968646166,85.4738700006,226.165822727,148.808963488,211.968529309,211.968550444,211.968555243,92.2063308825,158.973804521,211.968460241,92.2061887104,234.42527601,223.743954146,177.624930937,211.968683207,211.968540941,211.96862109,264.610356775,237.978821298
2011-11-12 07:00:00,175.580542341,211.968543767,113.834553384,174.180617379,92.2063330449,1.13476168953e-05,211.968453706,211.968525084,171.694894561,158.976457565,0.0200664883853,211.968579991,85.4738667001,73.7889446411,148.808951468,171.694508229,171.694511261,171.69451977,92.206330934,158.974109649,211.968508896,92.2061959101,171.694497275,211.968528871,177.624929971,211.968697102,171.694489827,211.96862752,264.610394858,237.978827091
2011-11-12 08:00:00,175.580471327,211.968542413,92.2062979175,174.180472991,92.2063121544,1.15656456022e-05,171.694447016,211.968526805,160.640130867,0.0100074902697,0.020060834539,211.967419033,64.1054221476,73.7882350615,0.0200633536834,171.694502415,0.0102256154021,158.97665743,0.0200009706709,158.974115377,211.968515755,92.206198221,171.694495119,181.232565258,0.0150008704123,158.976671965,158.976372583,211.968618152,264.610556452,237.978831305
2011-11-12 09:00:00,0.0100145247865,211.968540924,92.2061170195,0.0100511556408,92.2063033282,1.17034950692e-05,171.694446519,211.968526686,160.64012791,0.0100041486297,0.0200560424491,171.694552086,64.1053791128,0.0100911876843,0.0100152938671,0.0154503153602,0.0100073761175,0.0100129676635,0.0200001014563,69.1556124769,211.968505913,92.2062023995,0.0150235551567,181.232526228,0.0149990570633,158.976626786,0.0100234851994,211.968623696,264.610652834,237.978823877
2011-11-12 10:00:00,0.0100054824362,211.968539729,92.2062166184,0.0100155920911,74.6871132384,1.1690701505e-05,171.694444505,211.968526322,160.640128937,0.0100043174576,0.0200540259255,171.69452852,0.0100852810647,0.0100254981629,0.0100121275991,0.0148848947024,0.0100079862862,0.0100109305914,0.0199996038032,69.1538592762,211.968492669,92.2062092649,0.0149926138205,181.232509346,0.0149940160609,158.976613674,0.0100147152477,211.968623945,264.610564271,237.978816504
2011-11-12 11:00:00,0.0100050330685,211.968538714,92.2063161715,0.0100178643792,74.687110809,1.16174298713e-05,171.694446951,211.968527081,160.640132825,0.0100082371353,0.0200510722491,171.694523547,0.0100363098497,0.0100462918518,0.0200759285162,0.014928140412,0.0100097333329,0.0100142945331,0.0199996489648,69.1537656247,211.968490118,92.2062236999,0.0149936390652,181.232473648,0.0147726183557,158.976614688,0.0100504536733,211.968631434,264.610647067,237.978817017
2011-11-12 12:00:00,0.0100125898488,211.968537826,92.2063307479,0.0106674581936,74.6871087134,1.15604006831e-05,171.694450585,211.96852752,171.694909939,158.976472454,0.0200534171648,171.694522169,64.1052219599,0.0151839324225,148.808957379,171.694483434,171.694488646,171.694460097,69.1547860688,69.1537408447,211.968520781,92.206251012,113.834944011,181.232469722,0.0149143495318,158.976631268,171.691390286,211.968639494,264.610714223,237.978833981
2011-11-12 13:00:00,175.580498005,211.968538189,92.2064539689,174.18057195,74.6871078617,1.15320800774e-05,171.694464266,211.968527693,171.694943061,158.976501492,0.020062346219,171.694519375,64.1054051771,73.7889313923,148.808968771,171.694509575,171.694515578,171.694524247,92.2063362721,69.1539549031,211.968526835,211.968479713,171.694495174,181.232510291,0.0149943588439,158.976666462,171.694500057,211.968644087,264.610851878,237.978853027
2011-11-12 14:00:00,175.580652834,211.968538177,220.409004778,174.180675391,74.6871100511,1.15902709993e-05,211.968546705,211.968528151,369.287618403,211.968568086,0.0247465739335,171.694518545,85.4736058583,73.7889885418,183.714778153,211.968552438,211.96853652,211.968546874,211.968556008,158.974071425,211.968531267,211.968597204,171.694497701,181.23255849,0.0149986094155,158.977040995,211.968534152,211.968660803,264.610646715,237.978901453
2011-11-12 15:00:00,234.107355736,211.968536793,220.409044259,215.037824456,92.2063071246,1.17303283324e-05,364.535748782,211.968528715,369.287624355,211.96857824,0.0247641663519,171.694524089,85.473869016,98.3840493326,183.714780629,211.968607482,211.968546222,211.968557947,409.579666399,158.974114443,211.968541896,211.968632092,211.968526489,223.743840924,0.0149998869631,211.968751439,211.968543685,211.968667273,264.612494078,237.979093609
2011-11-12 16:00:00,234.107363577,211.968532045,220.409051667,215.037834236,92.2063087213,1.18412603976e-05,364.535756321,211.968529879,369.287625752,211.96858155,0.0247662549525,171.694581566,85.4738713658,98.3840607837,183.714781982,211.968610333,211.968548045,211.968560368,409.579684451,158.974113463,211.968544658,211.968647781,211.968527345,223.743843999,0.0185176937284,211.968830026,211.968546449,211.968660016,264.612852189,237.979026359
2011-11-12 17:00:00,234.107364613,211.968516108,220.4090531,215.037836844,92.2063076808,1.18225374571e-05,364.535758391,211.968529295,369.287626114,211.968583144,0.02476531531,211.96854148,85.4738715175,98.3840643611,183.714782397,211.968611503,211.968548791,211.968561304,409.579686782,158.974110772,211.968543093,211.96865286,211.968527607,223.743844589,0.0185188009176,211.968862848,211.968547652,211.968650006,264.612676248,237.978942142
2011-11-12 18:00:00,234.107363874,211.968490186,220.409052633,215.03783785,92.206306377,1.172929019e-05,364.535757638,211.968527901,369.287625703,211.968583355,0.0247613082245,211.968542563,85.4738711329,98.3840653332,183.714781426,211.968612123,211.968549212,211.968561762,409.579686222,158.974120608,211.968542388,211.968654863,211.968527722,223.74384258,0.0185190394626,211.968866535,211.968548289,211.96864158,264.61240897,237.978898595
2011-11-12 19:00:00,234.107362269,92.2063397672,220.409051915,215.03783757,92.2063025662,1.15449799074e-05,364.535756492,211.968526211,369.28762683,211.968583233,0.0247567257243,211.968542376,85.4738706409,98.3840657408,183.714781085,211.968612282,211.9685492,211.968561718,409.5796865,158.974069807,211.968530876,211.968656102,211.968527721,223.743839838,0.0185191757061,211.968858936,211.968548503,211.968628788,264.611160965,237.978863816
2011-11-12 20:00:00,234.10736043,92.2063236206,220.409050706,215.037835919,92.206263166,1.13696633062e-05,364.535755016,211.968453095,369.287626856,211.968582987,0.0247477694296,211.968541018,85.4738706056,98.3840657076,183.714780581,211.96861217,211.968548907,211.96856151,409.579686735,69.1537461568,211.968503183,211.96865754,211.968527672,223.743834451,0.018519183294,211.96884639,211.968548359,211.968613025,264.610826226,237.978834813
2011-11-12 21:00:00,234.107360534,92.2063167147,220.409049751,215.037833336,92.2062990492,1.12180358919e-05,364.53575509,92.206313923,369.287625875,211.968582707,0.0247378378323,211.96853881,85.4738705719,98.3840647726,183.714779685,211.968612004,211.968548481,211.968561035,409.57968703,0.0263481548619,211.968362857,211.968659436,211.968527601,223.743827892,0.0185192161996,211.968851968,211.968547922,211.968595677,264.610532632,237.97879899
2011-11-12 22:00:00,234.107356331,92.2063120425,220.409048489,215.037828845,92.2062982348,1.10434793393e-05,364.535754853,92.2063106299,369.287624444,211.968581839,0.0247007197414,211.968536852,85.4738701065,98.3840620659,183.714778355,211.968611845,211.968547899,211.968559828,409.579686882,0.0150142695973,92.2063533794,211.968659992,211.9685275,223.743821396,0.0185192505074,211.968819851,211.968547229,211.968578123,264.610423016,237.978766183
2011-11-12 23:00:00,234.107352336,92.2062994089,220.409047164,215.037823704,92.2062866878,1.08478069582e-05,364.535752094,92.2063098406,369.287622707,211.96858046,0.0203437276264,211.968531425,85.473870232,98.3840585568,183.714776475,211.968611554,211.968547155,211.96855918,409.579686826,0.0150051081895,92.2063129882,211.96866012,211.968527371,223.743812026,0.018519154617,211.968791116,211.968546464,211.968559112,264.610210686,237.978732204
2011-11-13 00:00:00,234.107346574,0.0150774269534,220.409046618,215.037818579,92.206280568,1.07181797588e-05,364.535749036,92.206309975,369.287619249,211.968578991,0.0202862408136,211.968525738,85.4738706694,98.3840569533,183.714772941,211.968611388,211.968546537,211.96855773,409.57968733,0.0150020089191,92.2063058256,211.968660892,211.968527278,223.743805057,0.0185190111078,211.968753723,211.968545495,211.968550468,264.609450474,237.978708457
2011-11-13 01:00:00,234.107341733,0.0150238063689,220.409043632,215.037814751,92.2061931035,1.06602400939e-05,364.535743739,92.206309504,369.287619404,211.968577469,0.0201658068401,211.968513452,85.4738705737,98.3840536589,183.714767983,211.968611374,211.968545737,211.968556149,409.579687468,0.0150005083229,92.2062910327,211.968661111,211.968527161,223.743792974,0.0185189501646,211.968732944,211.968544615,211.968536576,264.607312323,237.978695878
2011-11-13 02:00:00,234.10733687,0.0150136384412,220.409038928,215.037810523,0.0200040354072,1.06067672401e-05,364.535735745,92.2063090111,369.287620252,211.968575653,0.0201160729616,211.968493704,85.4738704482,98.3840497739,183.714762912,211.968611148,211.968545035,211.968554815,409.579687485,0.0149999126042,92.2062621803,211.968661727,211.968527041,223.743787722,0.0185190109783,211.968684514,211.968543958,211.968521227,214.339932583,237.978700228
2011-11-13 03:00:00,234.107332533,0.0150119236016,220.409035254,215.037806546,0.0200009646305,1.06030381791e-05,364.53572991,92.2063077225,369.287619554,211.968573462,0.0201098469556,211.968459089,85.4738699877,98.3840468086,183.714757722,211.96861087,211.968544434,211.968553779,409.579687445,0.0149996621525,92.2062574522,211.968662418,211.9685269,223.743775662,0.0185190295605,211.968724467,211.968542924,211.968499639,264.609270876,237.97872103
2011-11-13 04:00:00,234.107331399,0.0150129582696,220.409029099,215.037802623,0.0200005899875,1.06093579097e-05,364.535729233,92.2063015684,369.287618031,211.968570168,0.0201639607729,211.968434133,85.4738699457,98.3840440131,183.714752797,211.968610306,211.96854374,211.968552995,409.579687229,0.014999543161,92.2062731452,211.968663593,211.968526705,223.743764793,0.0185190436692,211.968706222,211.968541414,211.968470681,264.608629626,237.978758262
2011-11-13 05:00:00,234.107325499,0.0150152975548,220.409022367,215.037796277,0.020000297235,1.06558327502e-05,364.535730145,69.1548001586,369.287613933,211.968563414,0.0202783530254,211.968436038,85.4738694531,98.3840380833,183.714741728,211.968609874,211.968542652,211.968551561,409.579686659,0.014999477797,92.2062998299,211.968665625,211.968526341,223.743757711,0.0185189635169,211.9686796,211.96853913,211.968426608,211.971087876,237.978780629
2011-11-13 06:00:00,234.107313826,0.0150088601671,220.409021255,215.037779045,0.0199979831464,1.07408669263e-05,364.535718012,92.2063017048,369.287594127,171.694499302,0.0200025643667,211.968501667,85.4738688533,98.384022152,0.0201390318125,211.968609137,211.968540301,211.968545736,409.579685796,0.0149996778935,92.2063206705,211.968668163,211.968525232,223.743727368,0.0185184909622,211.968675902,211.968534246,211.968085054,211.968688052,237.978789684
2011-11-13 07:00:00,175.580424158,0.0150107942571,220.409007863,161.278348016,0.0199978702504,1.08976065079e-05,364.535692095,0.016023285757,211.968568119,171.694481504,0.0199979388489,211.968507411,85.4738669756,73.7878417359,0.0200805615648,171.694573182,171.694504188,171.694506661,409.579681804,0.0149997220743,92.2063086485,211.968670815,0.014998868987,171.694681152,0.0185186311598,211.968653117,171.694480042,92.2752177756,211.968483031,237.978704258
2011-11-13 08:00:00,0.0100338778525,0.0150068885162,95.8779378963,0.0104349920727,0.0150008603309,1.10684102929e-05,211.968425559,0.0150035228083,160.640160516,0.0150298947954,0.0199941631067,211.967413944,64.1054077501,0.0101356359481,0.0199861903737,171.694557949,0.0100495931795,0.0111634872508,178.167166068,0.0149998408011,92.2063236124,211.968670925,0.0149949150867,171.693389636,0.0150018434164,158.97673101,158.976047169,92.2064718814,211.968411141,237.978582848
2011-11-13 09:00:00,0.0100049132897,0.0150104822018,95.8779329403,0.0100198657982,0.0150000070858,1.11816784948e-05,158.573071675,0.0150010042388,160.640133715,0.0100148138821,0.0199933683275,171.694532211,64.1053559274,0.0100144795329,0.0100181988185,107.016571743,0.0100075617488,0.010011012084,178.16716354,0.0149997161425,92.2063486983,211.968672174,0.0100025268013,0.0100479264888,0.0150013077749,158.976699608,0.0100203986269,92.2063947903,211.968597747,237.978384204
2011-11-13 10:00:00,0.010004029972,0.0150228501822,95.8778801416,0.0100126378951,0.0149997659135,1.1277095447e-05,0.020410911565,0.0150006523637,160.640133888,0.0100121203582,0.019994720762,171.694518553,0.0100563759562,0.0100110407697,0.0100127477972,0.0100180342344,0.0100079207795,0.0100096131898,178.167162136,0.0149988784501,92.2064050781,211.968672379,0.0100013733475,0.0100377711231,0.0150009827219,158.976681131,0.010013297935,92.2063720878,211.968632062,237.978368331
2011-11-13 11:00:00,0.0100039434663,92.1967630095,95.8772606475,0.0100176203274,0.014999696114,1.12988889962e-05,0.0200371581245,0.0150004489695,211.968170097,0.014778842182,0.0199965051171,158.991265118,0.0100349970894,0.0100153315393,0.0197850004129,0.0100847027831,0.01000725781,0.0100149217351,178.167162945,0.0149984547916,92.206475812,211.96867204,0.0100012996349,0.0100390804183,0.0150007670674,158.976675982,0.0100350969681,92.206367713,211.968542869,237.978343629
2011-11-13 12:00:00,0.0100060160618,0.0150936841704,95.8779352892,0.010155971353,0.0149996663681,1.12470824126e-05,158.572865736,0.0150027677624,211.968570556,171.694484989,0.0199989330118,169.361319739,64.105111395,0.0101655621314,0.0201015420891,171.694554092,171.694462087,171.694456186,178.167164866,0.0149990200947,92.2063128712,211.968672459,0.010002491217,0.0121790710072,0.0150006268551,158.97669557,158.976636582,92.2063270006,211.968515481,237.978330647
2011-11-13 13:00:00,175.580398587,92.2062783118,95.8779377289,161.278354127,0.014999988361,1.12530217954e-05,158.573076363,0.0150022951084,299.122932924,171.694506232,0.0200040496205,171.694520031,64.1054010399,73.7878579269,0.0201388068151,171.694574973,171.69451013,171.69451603,178.167167755,0.0149995423241,92.2063224802,211.968672142,0.0149969658995,171.69466633,0.0150005388083,158.976749598,171.694493621,92.2063078022,211.968517344,237.97832253
2011-11-13 14:00:00,175.580489123,92.2062963121,95.8779428725,161.278530176,0.0150392517326,1.12707167042e-05,211.968548789,0.0161209490786,369.287651228,211.968797144,0.0200752925296,171.694535031,85.4736575852,73.7879560937,183.714666074,211.968621788,211.968535512,211.96854583,307.184561721,0.0149999415214,92.2065059586,211.96867336,0.0149995708178,171.694714692,0.0150015648313,158.976860934,211.968538464,92.2063113992,211.968498294,237.978199808
2011-11-13 15:00:00,234.107474581,92.2063086692,211.968567842,215.037805576,92.2062500266,1.13800017142e-05,364.535653918,92.2063073327,369.287656214,211.968807758,0.0246986813695,211.967454117,85.4738698572,226.165693239,183.71467286,246.020775332,211.968547987,211.968558098,409.57968787,0.0150019048017,211.968428304,211.96867885,211.968561485,211.968790427,0.0150046354639,211.96858295,211.968549587,92.2063233983,211.968479643,237.978204804
2011-11-13 16:00:00,234.10749189,92.206303102,220.409008418,215.037822517,92.2063124485,1.13253813448e-05,364.53567752,92.2063092696,369.287659253,211.968810971,0.0247024749868,211.968513978,85.4738714034,226.165711286,183.714675768,246.020780064,211.968550339,211.968560994,409.5796896,0.015003336398,211.96850522,211.968694543,211.968563158,211.968804422,177.624923488,211.96881349,211.968552978,92.2063152077,211.968549231,237.978154089
2011-11-13 17:00:00,234.107499594,92.2063027417,220.409035451,215.037827585,92.2063132468,1.14651232733e-05,364.535681604,92.2063098412,369.287660645,211.96881238,0.0247040494252,211.968542859,85.4738718522,226.165716397,183.714677202,246.020781841,211.968551421,211.968562296,409.579690248,0.0150062918741,211.968542637,211.968690694,211.968563583,211.968810532,177.624926491,211.969094497,211.968554866,92.2063098338,211.96847998,237.978103585
2011-11-13 18:00:00,234.107503126,92.2062978881,220.409049301,215.037829681,92.2063128611,1.15311878118e-05,364.53567812,92.2063104809,369.287658553,211.968812921,0.0247041245216,211.968545578,85.4738716821,226.165719431,183.71467694,246.020782716,211.968552044,211.968562968,409.579690692,0.0150109414352,211.968473458,211.968683658,211.968563778,211.968814529,177.624927078,211.968883655,211.968555833,92.2059122313,115.107267245,237.978029991
2011-11-13 19:00:00,234.107504435,92.1985008596,220.409050023,215.037829963,92.2063128931,1.14898462369e-05,364.535678767,92.2063103141,369.28765779,211.968812805,0.0247025650699,211.968546609,85.4738713846,226.16572039,183.71467758,246.020783056,211.968552241,211.968563168,409.579690666,0.0150063557333,211.968189773,211.968678999,211.968563892,211.968815358,177.624927264,211.969376633,211.96855618,92.2060179494,142.106104032,237.9779342
2011-11-13 20:00:00,234.107505728,92.1971176198,220.409049587,215.037829232,92.2063129953,1.13495236861e-05,364.535678638,92.2063102125,369.287656256,211.968812564,0.0246983946687,211.968546034,85.473871316,226.165721469,183.714677792,246.020782964,211.968552007,211.968563014,409.579690484,0.0150041527841,113.809858227,211.968676057,211.96856394,211.968814587,177.624927117,211.969431307,211.968555718,92.2062318502,115.106834465,211.968575137
2011-11-13 21:00:00,234.107509708,0.0151787768049,220.409046072,215.037826323,92.2063141789,1.112084584e-05,364.53568189,92.2063100023,369.287655075,211.96881245,0.0246934188761,211.96854456,85.4738711986,226.16572081,183.714677759,246.020783101,211.968551529,211.968562374,409.579690394,0.0150033458146,92.2062892887,211.968673044,211.968563906,211.968812692,177.624925932,211.969546812,211.96855532,92.2063031341,115.105917928,211.967827196
2011-11-13 22:00:00,234.107508933,0.0150110741419,220.40903435,215.037821996,92.2063143581,1.08645667083e-05,364.535682044,92.2063099362,369.287652858,211.96881136,0.0246672320197,211.96854082,85.473870583,226.165718122,183.714677512,246.020782869,211.96855098,211.968561197,409.579689789,0.01500310944,52.2099488077,211.968669916,211.968563818,211.96880998,177.624920307,211.969535817,211.968554613,92.206302915,115.105642626,211.964096942
2011-11-13 23:00:00,234.107508569,0.0150039071922,220.408956936,215.037816422,92.2063135725,1.05733047236e-05,364.535678771,92.2063098275,369.287651058,211.968809555,0.0202831542388,211.968523714,85.4738710009,226.165714307,183.714677012,246.020782739,211.968550235,211.968560048,409.579689363,0.0150047848438,52.2097820283,211.968667612,211.968563681,211.968803871,177.624905725,211.969456999,211.968554397,92.2062802628,115.105622844,211.968258153
2011-11-14 00:00:00,234.107508416,0.0150014133609,220.40898098,215.037811791,92.2063127951,1.04432065788e-05,364.535682391,92.2063103967,369.287652198,211.968807935,0.0240776115059,211.968513808,85.4738713983,226.165711793,183.714676915,246.020782976,211.968549817,211.968558639,409.579687544,0.0150228318137,52.2097476256,211.968665795,211.968563608,211.968801675,177.624919429,211.969432576,211.968553637,92.2063309514,115.105568224,211.968528466
2011-11-14 01:00:00,234.107508971,0.0150010724446,220.408767595,215.037808812,92.2063129087,1.04451978327e-05,364.535681843,92.2063102169,369.287652316,211.968806625,0.0200637032999,211.968487222,85.473871338,226.165710088,183.714677222,246.020782943,211.968549181,211.968557011,409.579688168,0.0155541361257,52.2097460873,211.968665117,211.968563542,211.968801488,177.624914713,211.96946084,211.968552942,92.2063214431,115.105580904,211.968696472
2011-11-14 02:00:00,234.107509454,0.0150009231781,220.408982233,215.037805797,92.2063130758,1.04771288629e-05,364.535681986,92.2063101983,369.287651937,211.968805632,0.0200467881586,211.968465525,85.4738714818,226.165707736,183.714677366,246.020782678,211.968548705,211.968555644,409.579688896,0.374363565699,52.2097438136,211.968664937,211.968563491,211.968801197,177.624907261,211.969426285,211.968552777,92.2062925124,115.10556356,237.977963958
2011-11-14 03:00:00,234.107513681,0.0150012034403,220.409036968,215.037803356,92.2063134571,1.05329596459e-05,364.535682246,92.2063106185,369.287652868,211.968804988,0.0201110856092,211.96847999,85.4738715952,226.165706478,183.714677448,246.020782949,211.968548775,211.968555193,409.57968964,69.1535820821,52.2097443941,211.968666847,211.968563509,211.968802897,177.624919118,211.969531909,211.968553025,92.2063211499,115.105566859,237.978169572
2011-11-14 04:00:00,234.107520509,0.0150018930988,220.409046834,215.037802829,92.2063145112,1.07135540905e-05,364.535683117,92.2063112507,369.287655344,211.968804571,0.024664883254,211.968501602,85.4738723053,226.165704836,183.714677673,246.02078371,211.968549366,211.968555321,409.579690634,69.1536979044,52.209758737,211.968670913,211.968563589,211.968806898,177.624926493,211.969657858,211.96855363,92.2063503693,115.105660954,237.978465863
2011-11-14 05:00:00,234.107528171,0.0150023047912,220.409052333,215.037801365,92.2063164047,1.11554901352e-05,364.535684689,92.2063142746,369.287675133,211.96880464,0.0246895789296,211.968510839,85.4738727834,226.165706519,183.714677812,246.020784846,211.968550135,211.968555849,409.579693356,69.1537202706,92.2062966865,211.968679205,211.968563741,211.968813674,177.624928665,211.969838654,211.968554743,92.2063716236,115.105811025,237.9787958
2011-11-14 06:00:00,234.107531438,0.0150050701825,220.40905571,215.037791471,92.2063177933,1.1799228986e-05,364.5356842,211.968526121,369.287682664,171.69473471,0.0200069872463,211.968539945,85.473873459,226.165701357,148.808895706,246.020784725,211.968549015,211.968553061,409.579695526,69.1537279319,211.968514813,211.968706248,211.968563669,211.968813074,177.624929179,211.969898641,211.96855377,92.2063489642,142.10521038,237.978841947
2011-11-14 07:00:00,189.627080502,0.0150034731346,220.409056526,161.28075948,92.2063174199,1.19699749656e-05,364.535681521,211.968528336,299.123056464,171.694727212,0.0200029006884,211.968551459,85.4738731031,183.194164418,148.808882069,199.276837718,171.694520269,171.694519498,409.57969307,69.1537442166,211.968505511,211.968708938,171.694536229,171.694736266,177.624929191,211.969937554,171.694523559,92.2063261297,115.106080169,237.978752067
2011-11-14 08:00:00,175.580665609,0.0150017766249,178.531331925,161.272819077,74.6871184336,1.18976779328e-05,273.40175737,211.968528586,299.123034416,158.976967415,0.019999913496,211.968550833,64.1055426311,169.624006095,0.0200221719402,199.276833282,171.694332075,158.976510205,211.968554948,69.1537494785,211.968488307,211.96870041,171.694534651,171.694696434,143.876199394,158.977638128,158.976678578,92.2062442568,115.105661067,237.978340702
2011-11-14 09:00:00,0.0103881744763,0.0150007798937,95.877977669,0.0100262990213,74.6871141798,1.18877128209e-05,211.968544622,211.968528423,299.123031473,0.0100380680535,0.0199981632484,211.968524587,64.1054299573,0.0100334940074,0.0100127822146,199.276805221,0.0100110938776,0.0100132196989,178.167167718,69.1537494267,211.968431235,211.968706243,0.0150191938995,0.01039843462,143.87619565,158.977544793,92.2077997992,92.2059384489,115.105684717,237.978094573
2011-11-14 10:00:00,0.0100116354696,0.0150006969411,95.8779425956,0.0100164229852,69.1548088183,1.18449335414e-05,158.573129653,211.968528242,299.123030333,0.0100533089891,0.0199981848627,171.694604123,64.1054088767,0.0100206449251,0.0100125467434,184.515961643,0.0100076558122,0.0100111873519,178.167167722,69.1537501368,211.968339822,211.968703009,0.0100025812987,0.0100812590398,143.876194621,158.977532611,46.3877486887,92.2058109376,115.105662959,237.953218757
2011-11-14 11:00:00,0.0100138628984,0.0150012800009,95.8779422413,0.0100249378939,69.154808685,1.15851123973e-05,158.573092954,211.968527702,299.12303325,158.977038701,0.0199996138944,171.694537197,64.1053665612,0.0100340888621,0.0235555334395,199.276808884,0.0100336588438,0.0100227135327,178.167168144,69.1537538532,211.968165743,211.968697432,0.0100023167597,0.0101392803278,143.876194559,158.977541082,171.694495591,92.205863316,115.105634824,237.978086094
2011-11-14 12:00:00,175.580630242,0.0150414201035,95.8779440773,0.0120684319681,69.1547766968,1.15628742216e-05,211.968497024,211.968526148,369.287032363,171.694725598,0.0200036950729,171.694535854,64.1054101813,169.624124922,148.808886303,199.27683398,171.694516336,171.694483913,211.968513817,69.1537565988,211.968486446,211.968701984,0.0149252389278,171.694645268,143.876194711,158.977597314,171.694531734,92.206307382,115.105607469,237.978081027
2011-11-14 13:00:00,189.62706621,92.2062123794,178.53131574,161.280760137,74.6871153594,1.15748632506e-05,211.968578565,211.968518995,369.287655927,171.694743846,0.0200130667617,171.694536456,64.1054477488,183.194172206,148.808904815,199.276840637,171.694528924,171.69452501,307.184765712,69.1537649274,211.968499707,211.968703792,171.69453469,171.694737912,143.876195184,158.977739577,171.695005031,92.206333999,115.105964173,237.978188189
2011-11-14 14:00:00,234.107510381,92.2062708626,211.96855904,161.280955965,92.2063092197,1.16660122754e-05,295.272845442,211.96852307,369.287701573,233.670973889,0.0246905169038,171.694541673,85.473843485,183.194307932,183.714821465,246.020797114,211.96855173,211.968552044,409.579686456,69.1537731594,211.968520422,211.968695038,171.694537986,171.695753287,143.876197171,211.967988001,211.96855752,92.206363261,115.106641054,237.978232197
2011-11-14 15:00:00,234.107609974,92.2062866667,220.409056852,215.037822188,171.694533651,1.1857803351e-05,364.535798025,211.968527738,369.287704292,233.67098363,0.0247139456502,171.694601901,85.4738732817,226.165898932,183.714826452,246.020813018,211.968557223,211.968564645,409.579693211,69.1537860221,211.968528279,211.968703281,234.425253748,223.7436814,177.624927821,282.623681112,211.968563197,92.2063860481,211.964917574,237.978296968
2011-11-14 16:00:00,234.107617486,92.2062904241,220.409058276,215.037837011,171.694554185,1.19055172427e-05,364.535804572,211.96852883,369.287704792,233.670986792,0.0247170754321,211.968557057,85.4738741727,226.165910423,183.714828726,246.020814993,211.968558666,211.968567454,409.57969405,69.1538850391,211.968536334,211.968750811,234.425254643,223.743699794,177.624932104,282.623815482,211.968565049,92.2063956979,211.968083945,237.978311272
2011-11-14 17:00:00,234.107619384,92.2062905361,220.409057669,215.037841505,171.694554842,1.18175849702e-05,364.535806354,211.968528981,369.287704383,233.67098818,0.0247179532798,211.968575972,85.4738741353,226.165913585,183.714829747,246.020815736,211.968559261,211.968568585,409.579693125,92.203875494,211.968540407,211.968704224,234.425254857,223.743705812,177.624932678,282.623884796,211.968565856,92.2064308081,211.968028903,237.978303589
2011-11-14 18:00:00,234.107617592,92.196473405,220.409057258,215.037843559,171.694554963,1.17136247021e-05,364.535807537,211.96852867,369.287702713,233.670988986,0.0247171589699,211.968577228,85.4738737522,226.165915221,183.714830239,246.020816241,211.968559494,211.968569145,409.579692187,158.97393071,211.968539828,211.968693217,234.425254925,223.743709036,177.624933,282.623906533,211.968566223,113.834639562,211.968380134,237.978348064
2011-11-14 19:00:00,234.107615516,0.0150936239401,220.409055124,215.037843968,171.694554218,1.16073116178e-05,364.535807271,211.968527849,369.287701903,233.670988907,0.0247137034591,211.968578138,85.473873269,226.165915274,183.714830125,246.020816367,211.968559501,211.968569235,409.579691557,92.2044405848,211.968485995,211.968685955,234.425254937,223.743709151,177.624933048,282.623915359,211.968566036,113.834635894,211.968412052,237.978307417
2011-11-14 20:00:00,234.10761358,0.0151158413639,220.409052818,215.037843001,171.694553361,1.14269510614e-05,364.535806786,211.968526429,369.287699446,233.670988705,0.0247083129066,211.968578264,85.4738729786,226.165915038,183.714829612,246.020816138,211.968559158,211.96856902,409.579691312,92.2039907334,211.961620654,211.968682071,234.425254884,223.743707633,177.624933063,282.623909593,211.968565148,92.2084662758,211.968200187,237.978170663
2011-11-14 21:00:00,234.107614188,74.6866488005,220.409048605,215.037840371,171.69455708,1.12168540057e-05,364.535807013,211.968515308,369.287672249,233.670988574,0.0247012318025,211.968578114,85.4738726524,226.165913392,183.714828724,246.020815467,211.968558813,211.968568508,409.579691475,69.1539917562,92.2063330512,211.968678327,234.425254734,223.743704761,177.624933083,282.623917491,211.968564099,92.2063987769,211.968203649,237.977589345
2011-11-14 22:00:00,234.107612054,92.1969051162,220.409041439,215.03783602,171.694557607,1.09066663859e-05,364.53580611,92.2075471626,369.287659162,233.67098744,0.0246728046096,211.96857756,85.4738722006,226.165909628,183.714827657,246.020814912,211.968558158,211.968567353,409.579691221,69.1537737132,92.2062511893,211.968674303,234.425254545,223.74370073,177.624933011,282.623903648,211.968562879,92.2063558223,171.736118773,211.968536948
2011-11-14 23:00:00,234.107611378,92.1973977905,220.409031727,215.037831183,171.69455717,1.06924308481e-05,364.535803305,92.206316469,369.287656314,233.670986033,0.0204251601314,211.96857524,85.4738720778,226.165904772,183.714826699,246.020814475,211.968557064,211.968565864,409.579691102,69.1537614347,52.2099979653,211.96867013,234.425254318,223.743696814,177.624932886,282.623886832,211.968561653,92.2063333334,171.694653463,211.967652825
2011-11-15 00:00:00,234.107610079,0.0152374970964,220.409040435,215.037826002,171.69455619,1.05729565283e-05,364.535801742,92.2063118918,369.287650769,233.670984355,0.0202441336777,211.968572389,85.4738723024,226.165903804,183.714825845,246.020814401,211.968556104,211.968564055,409.579691193,69.1537492766,52.2098420199,211.968664571,234.425254046,223.743693774,177.624932574,282.623837403,211.968560676,92.2063834504,171.69461135,178.484793408
2011-11-15 01:00:00,234.107609959,92.2062896882,220.409033207,215.037823468,171.694555999,1.05352827866e-05,364.53579993,92.2063127987,369.287651458,233.670983525,0.0201885217171,211.968569992,85.4738726064,226.165901032,183.714825087,246.020814176,211.968555249,211.968561824,409.579689881,69.1537554125,52.209888678,211.968658772,234.425253933,223.743691881,177.624932588,282.623851179,211.968559677,92.2063873147,171.694678478,178.484772714
2011-11-15 02:00:00,234.107610386,92.2063114735,220.409009276,215.037820384,171.694555546,1.05116855917e-05,364.535798452,92.2063191762,369.28765329,233.670982178,0.0201712782226,211.96856737,85.4738727569,226.165898659,183.714824237,246.020813834,211.968554626,211.968560515,409.579685727,69.1537487852,92.2058068758,211.968656589,234.425253881,223.743689468,177.624932646,282.623845115,211.968558948,92.2063790547,171.694960679,178.484829722
2011-11-15 03:00:00,234.10761297,92.2063171507,211.968542852,215.037818385,171.69455591,1.06162913827e-05,364.535794664,92.2063126088,369.287653718,233.670980748,0.0204668320615,211.968566446,85.4738727344,226.165897366,183.714823136,246.020813867,211.968554505,211.968559647,409.57967369,69.1537430862,92.206310773,211.9686652,234.425253862,223.743690493,177.624932833,282.62382107,211.968558948,92.2064260244,171.695320396,178.486993635
2011-11-15 04:00:00,234.107618367,92.2063636068,171.694620749,215.037817602,171.694557529,1.07665560571e-05,364.535792605,92.2063137131,369.287655642,233.670979346,0.0246798089204,211.968566874,85.4738726298,226.165896359,183.714822104,246.020814372,211.968554872,211.968560383,409.579669185,69.1537438342,211.962960777,211.968672173,234.425253944,223.743693542,177.624933113,282.623850528,211.968558933,92.2070361773,171.696571206,237.963204659
2011-11-15 05:00:00,234.107622419,211.968514041,171.694589874,215.037817824,171.694559048,1.12004265151e-05,364.535793413,92.2063118091,369.287664625,233.670977631,0.0246953973514,211.968569086,85.473873651,226.165896297,183.714820852,246.020815145,211.968555141,211.968561617,409.5796879,69.153748506,211.968536395,211.96868023,234.425254152,223.743700603,177.624933394,282.623921628,211.968558924,113.835405454,211.968197015,237.978153725
2011-11-15 06:00:00,234.107622926,211.968471592,211.968544683,215.037809056,171.694558382,1.17823598692e-05,364.535781963,211.968452484,369.287697207,189.273484244,0.0200064244467,211.968572444,85.4738745732,226.165889228,148.809205303,246.020814446,211.968553294,211.968560125,409.579686754,69.1537528958,211.968550891,211.968692074,234.425254142,223.743698964,177.624933394,282.62397631,211.968555617,211.966388714,211.968599113,237.976959678
2011-11-15 07:00:00,189.62716327,211.968464938,211.968556816,174.180498478,171.694558759,1.1943561222e-05,364.535777418,211.968525717,299.123046515,189.273467898,0.0200011923371,211.968575466,85.4738747154,183.19430231,148.808992413,199.276862229,171.694520211,171.694532467,409.579677626,158.956458643,211.968551051,211.968690001,189.88445581,181.232394667,177.624933251,282.623969675,171.694516227,211.955018212,211.968307351,211.968181199
2011-11-15 08:00:00,175.580739726,92.2063122369,95.8779099651,161.278214215,139.072592048,1.18024173495e-05,211.96856242,211.968516168,299.123040496,0.0100288305139,0.0199967899294,211.967407191,64.1056488093,169.624342868,79.9170925376,199.276854944,92.2073299733,171.694513181,178.167134147,158.97403866,211.968550395,211.968682179,189.88445352,181.232354274,143.876199901,211.968070156,158.976582185,92.2063527952,211.968255785,211.968373109
2011-11-15 09:00:00,175.57878964,92.2062926604,0.0202648463256,0.0100326243154,139.072579859,1.16560636408e-05,158.573078574,122.943163802,299.123038167,0.0100052489903,0.0199915932165,171.694554361,64.1054435266,0.0100350540391,0.0100126110072,199.276764845,0.0100077772567,0.0100355067905,178.167080927,158.974052169,211.968550065,211.968682061,0.0100068545861,0.0102927620299,143.876196252,211.968036394,0.0100546390286,92.2063066893,211.968113104,178.484764565
2011-11-15 10:00:00,0.010012103313,92.2063056228,0.0200045585507,0.0100213143563,128.770972796,1.15796569933e-05,158.573057634,92.2063859359,299.123037969,0.0100052689454,0.0199907280562,171.694550039,64.1054231501,0.0100216981005,0.0100119342597,107.019221367,0.010007773933,0.0100121336909,0.0200014330698,158.97401744,211.968549304,211.968681266,0.0100010025166,0.0100743185476,143.876195637,211.968019309,0.0100226100433,92.206325678,211.968348474,178.484581773
2011-11-15 11:00:00,0.0100146624999,92.2063147212,0.020004402552,0.0100312479799,128.770969424,1.14708105323e-05,158.572698209,92.2063195047,299.123040064,0.0100209570455,0.0199943709622,171.69454892,64.1053974257,0.0100349439194,79.9171795914,184.516295312,0.0100132706386,0.0100375142645,0.0200017751013,158.973995965,211.968548811,211.968680278,0.0100010370174,0.0101354752525,143.876195335,211.968016326,0.0103669643611,92.2064222445,211.968329722,178.485590631
2011-11-15 12:00:00,175.580698995,92.2063695187,95.8779097686,93.5444906058,92.2063179195,1.1541374778e-05,158.573063153,92.2063133207,299.123043532,189.273468617,0.0199993824592,171.694548795,64.1054236517,169.624279968,148.808993174,199.276854336,171.694509782,171.694508459,178.167095333,158.974096192,211.968549463,211.968678974,0.014997352209,181.232320886,143.876195168,211.968031043,171.694490848,211.967700107,211.969086546,237.978056447
2011-11-15 13:00:00,189.627139802,211.96853004,95.8779350291,174.180493214,139.072589148,1.15074957669e-05,211.968507654,92.2063188872,369.287634373,189.273490512,0.0200132882441,171.694546874,64.1054632359,183.194303635,148.809002659,199.276860274,171.694524772,171.694534087,178.16713459,158.974090963,211.968548834,211.968680756,189.884455017,181.232393672,143.876195522,211.968092473,171.694524116,211.968562598,264.610379673,237.978709352
2011-11-15 14:00:00,234.107502132,211.968532719,95.8779414202,174.180782374,139.072617305,1.15716969285e-05,273.401893604,92.2075474048,369.28770428,233.671662652,0.027615125968,171.694550653,85.4738519411,183.194403265,183.714810918,246.020807686,211.968549363,211.968556665,178.167169341,158.97406428,211.968549259,211.96868101,189.884457901,211.966848642,143.876196107,211.968408718,211.968551447,211.968596595,264.610407682,237.978811657
2011-11-15 15:00:00,234.107647398,211.968535217,118.367767481,215.037830156,211.968535679,1.17676024662e-05,364.535795554,211.968527716,369.287710048,233.671673971,0.0276903930072,171.694566295,85.4738745262,226.165897478,183.714812334,246.020815686,211.968556421,211.968567482,219.959412649,158.974098023,211.968551403,211.968682995,234.425257234,223.743787162,143.876198576,282.624096587,211.968558387,211.968609943,264.610549079,237.978841875
2011-11-15 16:00:00,234.107652257,211.96853621,118.367598349,215.037843172,211.968538507,1.18214399168e-05,364.535802219,211.968529526,369.287711487,233.671677724,0.0276969000917,211.968569438,85.4738751145,226.165906755,183.714813388,246.020816531,211.968557978,211.968569955,219.959414156,158.974112702,211.968552266,211.968688951,234.425257837,223.743798272,177.624932772,282.624178442,211.968560688,211.968608513,264.610727017,237.978843584
2011-11-15 17:00:00,234.10765276,211.968537875,95.8779518583,215.037847008,211.968539111,1.17253031311e-05,364.535803439,211.968529928,369.287712012,233.671679543,0.027699209786,211.968584351,85.4738749957,226.165909511,183.714813674,246.020816805,211.968558615,211.968570939,219.959413981,158.974122842,211.96855193,211.968686107,234.425257978,223.743802511,177.624933137,282.624215029,211.968561652,211.96860313,264.611042115,237.978838599
2011-11-15 18:00:00,234.107651118,211.96853874,95.877997341,215.037849062,211.968538679,1.16678455405e-05,364.535803877,211.968529984,369.287712268,233.671680414,0.0277009130712,211.968585668,85.4738746163,226.165910182,183.714813652,246.02081695,211.968558994,211.968571405,219.959413456,158.974321579,211.968551901,211.968685656,234.425258003,223.743804414,177.624933185,282.624212886,211.968562215,211.96860607,264.610731765,237.978858817
2011-11-15 19:00:00,234.10764837,211.96853738,95.8779571538,215.037849203,211.968538868,1.16069533487e-05,364.535803477,211.968529196,369.287711426,233.671680428,0.0276967436217,211.968586064,85.4738742113,226.165909847,183.714813274,246.020816858,211.96855905,211.968571567,211.968936435,158.974136548,211.968550567,211.968681068,234.425257999,223.743803752,177.624933012,282.624154983,211.968562048,211.968598681,264.610770252,237.978844309
2011-11-15 20:00:00,234.107645346,211.968538085,95.8779530188,215.037847242,211.968538941,1.14489208445e-05,364.535803508,211.96852861,369.287709777,233.67168047,0.0276931001293,211.968585894,85.4738739762,226.165909665,183.714812268,246.020816474,211.968558798,211.968571179,211.968560676,158.974113567,211.968548379,211.968676667,234.425257942,223.743802709,177.624932659,282.624188394,211.968561305,211.968584641,264.610678931,237.978814575
2011-11-15 21:00:00,234.107645511,211.968536104,95.8779467667,215.037844646,211.968539451,1.1152065208e-05,364.535803724,211.968528445,369.287701993,233.671680182,0.027688972639,211.968585647,85.4738737685,226.16590815,183.714811309,246.020815666,211.968558348,211.968570546,211.968558795,158.974071841,211.968542522,211.968672758,234.425257783,223.743800429,177.624931963,282.624167282,211.968560335,211.968564218,264.610449126,237.978790569
2011-11-15 22:00:00,234.107642256,211.968531829,95.8779447404,215.037841814,211.968539448,1.0898087747e-05,364.535803527,211.968527303,369.287673161,233.671679006,0.0276811097792,211.968585075,85.4738732134,226.165904428,183.714810353,246.020814945,211.968557648,211.968569204,211.968554914,69.1544274435,211.968530458,211.968664458,234.425257555,223.743796441,177.624930943,282.624081177,211.968559269,211.968541931,264.610407999,237.978758921
2011-11-15 23:00:00,234.107641029,211.968527803,95.8779442601,215.037836352,211.968539066,1.06395155157e-05,364.535801874,211.968524786,369.287662619,233.671677144,0.0276654418359,211.968583531,85.4738731466,226.165898915,183.714809273,246.020814374,211.96855653,211.968567828,211.968548098,69.1537587809,211.968513511,211.968658464,234.425257261,223.743791229,177.624930037,282.624119287,211.968558467,211.968524066,264.610251305,237.978741137
2011-11-16 00:00:00,234.107639749,211.968518277,95.8779508262,215.037830892,211.968538358,1.05108120316e-05,364.535796875,211.968512104,369.287660639,233.671675545,0.0276680281785,211.968581644,85.4738730843,226.165896619,183.714807244,246.020814216,211.968555588,211.968565689,211.968551934,69.1537397326,211.968504056,211.968664814,234.425256973,223.743786201,177.624929921,282.623781326,211.968556939,211.968532776,264.609465487,237.978720719
2011-11-16 01:00:00,234.107638527,211.968507802,95.8779518263,215.037826672,211.968537965,1.04351305033e-05,364.535797817,211.968521297,369.287660423,233.671674101,0.027651050941,211.968579815,85.4738732252,226.1658947,183.71480508,246.020813693,211.968554675,211.968563303,211.968549877,69.1537312288,211.968483684,211.968664378,234.425256784,223.743783828,177.624930599,282.623848699,211.968555897,211.968505719,214.335888116,237.978705785
2011-11-16 02:00:00,234.107638055,211.96845685,95.8779644965,215.03782391,211.968537623,1.04098858275e-05,364.535799748,211.96852435,369.287661398,233.671673017,0.0276380533593,211.968578538,85.4738734442,226.165892502,183.714803903,246.020813021,211.968554083,211.968561849,211.968549238,69.1537017911,211.968474775,211.968665464,234.425256623,223.743785019,177.62493074,282.62397638,211.968555249,211.968464851,214.341998186,237.978722542
2011-11-16 03:00:00,234.107640776,211.967927441,95.8779549037,215.037821101,211.968538169,1.04936359369e-05,364.535798582,211.968526963,369.28766271,233.671672085,0.0276518535617,211.968577577,85.4738732757,226.16589143,183.714801719,246.020812623,211.96855394,211.968560739,211.968545107,69.1536002452,211.968484008,211.968667332,234.425256445,223.743784197,177.624931289,282.624069328,211.968555089,211.968421613,214.335544046,237.978759948
2011-11-16 04:00:00,234.107644981,211.968401731,95.8779535367,215.037821185,211.968538946,1.06716165286e-05,364.535799628,211.968528108,369.287670032,233.671672179,0.0276642881853,211.968576751,85.4738735103,226.165891189,183.714800996,246.020812915,211.968554333,211.968561271,211.968549019,69.1530809187,211.968513459,211.968671853,234.425256452,223.743787138,177.624932207,282.624170856,211.968555165,211.968406709,214.334635967,237.978825917
2011-11-16 05:00:00,234.107648594,211.968299381,95.87799781,215.037821317,211.968539676,1.11266601331e-05,364.53580193,211.968529255,369.28770771,233.671671413,0.0276642736822,211.968577758,85.4738743988,226.165891621,183.714800343,246.020813421,211.968554725,211.968562413,211.968558891,69.1388033564,211.968543645,211.9686779,234.425256746,223.743792658,177.624932916,282.624202597,211.968555198,211.968421466,264.594087113,237.978885202
2011-11-16 06:00:00,234.107648471,211.968516246,118.367779708,215.037812208,211.9685397,1.18233797695e-05,364.535803748,211.968530577,369.287711087,189.274054119,0.020097421719,211.968579374,85.4738752958,226.165885344,183.7132765,246.020811936,211.968552933,211.96856126,219.95940845,69.1537351859,211.968552459,211.968683632,234.425256735,223.743790276,177.624933096,282.624266747,211.968552484,211.968355145,264.609546365,237.978923658
2011-11-16 07:00:00,189.627183691,92.2063214792,118.367776931,174.180489363,211.968539618,1.19104408644e-05,364.535799973,211.968533746,369.287655572,189.27404612,0.0200725337042,211.96858069,85.4738758401,183.194327224,148.808983497,199.276858671,171.694520477,171.694529428,219.959318341,69.1537462943,211.968550676,211.968681506,189.884458938,181.232466758,177.624933136,282.62429742,171.694517748,211.966716302,211.971117877,237.978104139
2011-11-16 08:00:00,175.580753329,92.2062955101,95.8778940663,161.278239882,171.694518975,1.17739961303e-05,273.401008455,211.968538597,369.286978375,175.254061116,0.020003998117,211.967443619,85.4717036793,169.624298534,148.808965958,199.276847374,92.207336175,171.694476323,178.167112046,69.1537523847,211.96854799,211.968678659,189.884457277,181.232427046,143.876197323,211.968333802,158.994076157,0.0153266123596,211.968111484,178.484299281
2011-11-16 09:00:00,0.0148026218182,0.0150258039852,0.0200296754749,0.0100314667076,171.694515088,1.16962676819e-05,211.968494673,211.968532116,299.123049101,0.0100367101697,0.0199923708506,171.694563245,64.1054496082,0.0100353530968,0.0200206925015,184.515758892,0.0100082906314,0.0100149039276,0.0200029401607,69.1537426936,211.968544869,211.968677464,189.884442709,0.0126697510456,143.876196114,211.968295879,0.0103579333695,0.015032797934,115.105832419,178.484107628
2011-11-16 10:00:00,0.0100104095222,0.0150058654594,0.020008803064,0.010018823172,158.976426784,1.17065298746e-05,158.573086049,211.968531659,299.123046648,0.0100357522281,0.0199872513658,171.694552893,64.1054291021,0.0100211664541,0.0200005658127,0.0157787704169,0.0100084627518,0.0100115525611,0.0200017672605,69.1537420415,211.968541263,211.968675056,113.834913171,0.0100877688037,143.876195422,211.968278654,0.010050668701,0.0150101900773,115.105522363,178.484014829
2011-11-16 11:00:00,0.0100138122031,0.0150046826871,95.8776668475,0.0100283366924,158.976334662,1.15887941916e-05,158.573082037,211.968531449,299.123045852,175.25412383,0.0199950386718,171.694548108,64.1053831309,0.0100350831367,148.808919525,107.019259411,0.0100180976977,0.0100189061323,0.0200018248151,69.1537463962,211.968539558,211.968673521,0.0149980991611,0.0101606883176,143.876193868,211.96827213,92.2084507526,0.0150144112414,115.105522326,178.48410167
2011-11-16 12:00:00,175.580704486,0.0150043740921,95.8779389691,93.5432498125,92.2063179591,1.15511569153e-05,158.573096543,211.968532086,299.123051151,189.274048639,0.0200075487514,171.69454473,64.1054277088,169.624346506,148.808983568,199.276846445,171.694508347,171.694494929,178.167123548,158.974075969,211.96854025,211.968674194,189.884445704,181.232385989,143.876192998,211.968293767,171.694498581,0.0150288559187,115.105616381,178.485265683
2011-11-16 13:00:00,189.627154423,0.0150048351479,95.8779447759,174.180482018,158.976414718,1.1565845394e-05,211.968561286,211.968531779,369.287651834,189.274066234,0.0200912552521,171.694547853,64.105465232,183.194328928,148.808996219,199.27685336,171.694524939,171.694531662,178.167165533,158.974111982,211.96853634,211.968672847,189.88445753,181.232460553,143.876195428,211.968352103,171.694524827,0.0150648165519,142.105080475,237.978655176
2011-11-16 14:00:00,234.107489253,0.0150042331545,211.968450077,174.180722167,171.694516382,1.16289027756e-05,295.273916526,211.968532096,369.287710626,233.671678484,0.027664658067,171.694551729,85.4738507402,183.194632127,183.714797277,246.020796645,211.968549949,211.968555413,211.968545775,211.966014353,211.968536524,211.968662257,189.884459817,211.967597885,143.87619658,211.968516257,211.968549896,0.0150353788273,142.104115106,237.978719392
2011-11-16 15:00:00,234.107665428,0.0150055459589,220.409064425,215.037827659,211.968538585,1.17614717607e-05,364.535803543,211.968545997,369.287712366,233.671683389,0.0277151391365,171.694561311,85.4738748132,226.165917992,183.714798131,246.020806413,211.968556881,211.968565253,409.579689234,211.968515658,211.968541899,211.96866569,234.425257214,223.743818133,143.876217086,282.624436196,211.968556321,0.0150258720764,115.109386219,237.978725919
2011-11-16 16:00:00,234.107669568,0.0150062771555,220.409066483,215.037840196,211.968540598,1.17446093301e-05,364.535808459,211.968554172,369.287712346,233.671685691,0.0277203963604,211.968566165,85.4738757305,226.165927383,183.714798544,246.020807078,211.968558483,211.968567859,409.579691628,211.968539631,211.968541235,211.968670079,234.425257621,223.743827167,177.624935412,282.624539698,211.96855848,0.0150193404273,142.101583791,237.978646263
2011-11-16 17:00:00,234.107670233,0.0150073586172,220.409065521,215.037843775,211.968540891,1.16437264039e-05,364.535809669,211.968554506,369.28771161,233.671686947,0.0277213057404,211.96858178,85.4738759088,226.165930291,183.714798473,246.020807239,211.968559186,211.968568577,409.579692158,211.968560217,211.968532482,211.968665312,234.425257716,223.743830677,177.624935904,282.624577234,211.968559456,0.015015428897,115.105694442,237.978418019
2011-11-16 18:00:00,234.107668922,0.0150077405079,220.409064982,215.03784591,211.968540444,1.15050825213e-05,364.535811005,211.96855013,369.287710965,233.671687102,0.0277244400186,211.968582091,85.4738754706,226.165931666,183.714797752,246.020807519,211.968559628,211.96856916,409.5796922,211.968551514,211.968522493,211.968663472,234.425257757,223.743832116,177.624936038,282.62459106,211.968560054,0.0150157760173,115.105369265,237.978127806
2011-11-16 19:00:00,234.10766617,0.0150050045832,220.409063293,215.03784649,211.968540106,1.14363884656e-05,364.53580919,211.96853522,369.287708929,233.67168689,0.0277186776649,211.968581998,85.4738750289,226.165931533,183.714797783,246.020807334,211.968559726,211.968569368,409.579691751,211.968543218,211.968415769,211.968664116,234.425257744,223.743831542,177.624936077,282.624577948,211.968559981,0.0150141857089,115.101518304,237.947374335
2011-11-16 20:00:00,234.107664729,0.0150054784483,220.409061781,215.037845333,211.968539623,1.12858143248e-05,364.535807365,211.968532023,369.287702395,233.671686766,0.0277136971635,211.968581534,85.473874801,226.165931112,183.71479728,246.020806789,211.968559505,211.968569211,409.579692126,211.9685326,92.2062980046,211.968656724,234.425257656,223.743828946,177.624935989,282.62455964,211.968559338,0.0150109614828,0.0167399476369,178.484518356
2011-11-16 21:00:00,234.107662666,0.01500772589,220.409062329,215.037843129,211.968540219,1.09826221754e-05,364.535807341,211.968530964,369.287667993,233.671686228,0.0277087746463,211.968580926,85.4738746227,226.165929375,183.714795292,246.02080574,211.96855912,211.968568717,409.579692597,211.968413547,52.2098502479,211.968653414,234.425257477,223.743826049,177.624935847,282.624557205,211.968558699,0.0150079795321,0.0154673303837,178.484046751
2011-11-16 22:00:00,234.107660217,0.0150125825131,220.409062321,215.037838535,211.968540117,1.06242094796e-05,364.535805478,211.968529902,369.287658388,233.671684943,0.0276995224421,211.968579786,85.4738741102,226.165925062,183.714792915,246.02080483,211.968558524,211.968567631,409.579692594,158.974243408,52.2096776884,211.968642413,234.425257237,223.743821926,177.62493565,282.62452812,211.968557945,0.0150063969879,0.0150995967045,178.483960692
2011-11-16 23:00:00,234.107658495,0.0150536882782,220.409061801,215.03783166,211.968539378,1.03831408224e-05,364.535799147,211.968526503,369.287655822,233.671683029,0.0276851187276,211.968577447,85.4738742886,226.165920894,183.714791618,246.020803632,211.96855745,211.968566205,409.579692659,158.974128191,52.2096670366,211.968634544,234.425256934,223.74381815,177.624935414,282.624492014,211.968556823,0.0150058068977,0.0150366935568,178.48391934
2011-11-17 00:00:00,234.107656374,0.0152450846891,220.409061302,215.03782777,211.968539596,1.02931552083e-05,364.5358008,211.968529075,369.287653773,233.671680844,0.0276758866813,211.968575001,85.4738743998,226.165919023,183.714789726,246.020802559,211.968556603,211.968564471,409.579693159,158.97402466,52.2096599397,211.96866721,234.425256757,223.743812065,177.624935195,282.624491712,211.968555554,0.0150077007698,0.0150205825177,178.48390939
2011-11-17 01:00:00,234.107656798,92.1971223689,220.409058794,215.037824137,211.968539624,1.02379691504e-05,364.535784104,211.968519429,369.287653646,233.671679286,0.0276662423527,211.968572165,85.4738747789,226.165915663,183.71478802,246.020801565,211.968555733,211.968562462,409.579693448,69.1537875173,52.2096586672,211.96866727,234.425256491,223.743810535,177.624935068,282.624448572,211.96855473,0.0150072724687,0.0150239279953,178.483973125
2011-11-17 02:00:00,234.107656738,92.2062927885,220.409039313,215.03782136,211.968539825,1.02236510082e-05,364.535782653,158.976376382,369.287652117,233.671678206,0.0276560793811,211.968570395,85.473874727,226.165913915,183.714787095,246.020801962,211.968555235,211.968561259,409.57969346,69.1537523182,52.2096610629,211.968669489,234.425256211,223.743807123,177.62493501,282.624215112,211.96855406,0.0150086678541,0.0150342424963,178.484335039
2011-11-17 03:00:00,234.107659364,92.2063129117,220.409042002,215.037819571,211.968540162,1.03086534537e-05,364.535793855,158.976371062,369.28765169,233.671676275,0.0276577062553,211.968569128,85.4738744965,226.165913216,183.714789201,246.020801806,211.968555115,211.968560386,409.579693253,69.1537416521,52.2096773774,211.968671638,234.425255962,223.743808371,177.624935044,282.624246623,211.968553322,0.0150113876345,0.01503749997,211.968537197
2011-11-17 04:00:00,234.107665212,92.2063200241,220.409053132,215.03781922,211.968540725,1.05057539712e-05,364.535801116,158.976217733,369.287653252,233.671675834,0.0276685098323,211.968568325,85.4738743827,226.165913994,183.714791792,246.02080119,211.968555509,211.968560696,409.579693449,69.1537352338,92.2061494279,211.96867503,234.425256044,223.743810942,177.62493525,282.624291049,211.968552019,0.0150205076167,0.0150603999847,237.978050879
2011-11-17 05:00:00,234.10767054,211.968046095,220.40906354,215.037818594,211.96854171,1.09245447247e-05,364.535807588,158.976361579,369.287657161,233.671675022,0.0276659942361,211.968567511,85.4738751772,226.165914879,183.714794575,246.020801202,211.968556024,211.968561743,409.579694383,69.153704834,211.968479707,211.968680814,234.425256404,223.743816125,177.624935506,282.624477217,211.968550344,0.0150444629535,0.0151285277852,237.978220572
2011-11-17 06:00:00,234.107670754,211.96853382,220.40906962,215.037809504,211.968541664,1.15951607001e-05,364.535810577,211.968529017,369.287658851,189.274060517,0.0200433597283,211.968568035,85.473875881,226.165911081,183.714664392,246.020800286,211.968554536,211.968560593,409.579695013,69.1536799979,211.968541327,211.968690799,234.425256486,223.743812725,177.624935465,282.624574736,211.968546143,0.0150556944541,0.0154675157264,237.978290926
2011-11-17 07:00:00,189.627255393,211.968535161,220.409071333,174.180424412,211.968541927,1.17960605487e-05,364.535808814,211.968529928,299.122996485,189.274050267,0.0200242403407,211.968567,85.4738763642,183.194366128,148.808985107,199.276853009,171.694523514,171.694525606,409.579695372,0.0151795608173,211.968541983,211.968693593,189.884458249,181.232479768,177.624935206,282.624604391,171.694502503,0.0150909074027,0.0156117469148,211.978581127
2011-11-17 08:00:00,175.580791013,211.968533702,178.531382825,161.277802316,211.96853529,1.17063470483e-05,273.402052771,211.968529976,211.968574749,175.253773588,0.020003971714,171.694538975,85.4524621331,183.193949216,148.808979789,199.276818609,171.694422764,158.976645632,211.968558926,0.0150110379326,211.968538222,211.968690847,189.884456538,181.232441729,143.876197603,211.96855541,158.976368565,0.0151330269634,0.0155101270151,178.484868567
2011-11-17 09:00:00,175.580658749,211.968524631,178.531378687,0.0100327911772,171.694537316,1.16163110304e-05,211.968607627,211.967662837,211.96853529,0.0100094401257,0.0199996242907,171.694530991,64.1054484832,0.0101013020101,148.808911718,0.0150457015203,0.0100113017349,0.0100158409128,178.167174899,0.0150064305508,211.968539481,211.96869065,175.818956463,0.0105014090075,143.876196383,211.968521966,0.0100269847255,0.0152498564845,0.0161311630805,178.48418119
2011-11-17 10:00:00,0.0100170666337,211.968528988,178.531403485,0.010018937625,171.694519238,1.1721362389e-05,273.400684972,92.2063108618,160.640206201,0.0100081359222,0.0200004820423,158.978009366,64.105429794,0.01003399861,148.807823687,0.0116644840333,0.0100075782888,0.0100120707258,178.167169312,0.0150053306278,211.968540672,211.968689496,0.0149914934894,0.0100766562524,143.876191753,211.968507846,0.0100174149709,0.0158131908418,115.104922446,178.48417137
2011-11-17 11:00:00,0.0100186516214,211.968536484,211.968571703,0.0100288638223,171.694516903,1.16110109554e-05,295.273999212,92.2063024375,211.968532534,0.0100431727263,0.020005140286,0.0100222258098,64.1054007317,0.0100387725661,148.808976562,0.0150631872848,0.0100211410512,0.0100332446017,178.167170331,0.0150047609806,211.968542223,211.968688825,0.0100140486114,0.0101355259303,77.2668905125,211.968533885,0.0100841335394,92.2061387819,115.10552264,211.96807992
2011-11-17 12:00:00,175.580751332,211.96854313,220.409064025,93.5432070259,171.6945191,1.15939801139e-05,295.274012285,92.2062867559,211.96896727,189.274042542,0.0200148868514,0.010010578179,64.1054339742,169.624484671,148.808989405,199.276829481,171.694513825,171.694503689,211.968548933,0.0150058914479,211.968545522,211.968691237,175.818778883,181.232392654,77.2668877142,211.968628864,171.69443798,92.2063646369,115.105557469,237.975912259
2011-11-17 13:00:00,189.627191887,211.968547767,220.409067798,174.180422839,171.694521713,1.163414886e-05,364.535788568,0.0150046056928,299.122999437,189.274059188,0.0200410205647,0.0100993599186,64.1054807923,183.194364203,148.809018368,199.276853261,171.694527605,171.69453126,331.759541693,0.0150048240223,211.968548852,211.968698884,189.884456693,181.23246926,143.876195459,282.624221311,171.694514407,92.2067160962,211.967826235,237.978292786
2011-11-17 14:00:00,234.107600625,211.968551794,220.409068838,174.180705157,171.694572379,1.167551338e-05,364.535810743,0.0150123272307,369.287652861,233.671681266,0.0247449753784,171.694522037,85.473855032,226.164268708,183.714855596,246.021051709,211.968552647,211.968557469,409.579694097,0.015004302334,211.968551187,211.968700902,189.884458665,211.967467972,143.876196781,282.624586694,211.96854522,211.968154663,211.968347595,237.978481116
2011-11-17 15:00:00,234.107690012,211.968554265,220.409069999,215.037830215,211.968540708,1.17834073672e-05,364.535813348,0.0150299911701,369.287654845,233.671686821,0.0247670480504,171.694535847,85.4738754099,226.165939787,183.714860451,246.021208582,211.96855914,211.968567276,409.579701436,0.0150045274095,211.968553151,211.968717025,234.425257675,223.743813364,143.876200329,282.624662199,211.968553034,211.968448977,211.968506746,237.978482917
2011-11-17 16:00:00,234.10769462,211.968554919,220.40907201,215.037843677,211.968541961,1.16946240783e-05,364.53581515,0.0150292182793,369.287655181,233.671689411,0.0247708830073,211.96769841,85.4738762301,226.165948109,183.714862827,246.021214792,211.968560636,211.968570043,409.579703,0.0150066154387,211.968553339,211.968788808,234.425258203,223.7438198,177.624934328,282.624667538,211.968555927,211.9685177,211.968595429,237.978395635
2011-11-17 17:00:00,234.107694205,211.968555642,220.409070851,215.03784729,211.968542085,1.15955402168e-05,364.535815422,0.0150037952898,369.287654663,233.67169085,0.0247712510612,211.968593154,85.4738762933,226.165950758,183.714863955,246.021217569,211.968561257,211.968570946,409.579702676,0.0150111939488,211.968552528,211.968698277,234.425258345,223.743822465,177.624934766,282.624673877,211.968557437,211.968546679,211.968568606,237.978296865
2011-11-17 18:00:00,234.107692014,211.968555436,220.409069915,215.037849245,211.96854161,1.1503183481e-05,364.53581099,0.0150033650723,369.287652772,233.67169127,0.0247714805408,211.968596134,85.4738759939,226.165951976,183.714864317,246.021218787,211.968561579,211.968571623,409.57970275,0.0150085593294,211.968550951,211.968685125,234.425258389,223.743823945,177.624934876,282.624713471,211.968558317,211.968548426,211.968506141,237.978124474
2011-11-17 19:00:00,234.107688072,211.968554285,220.40906591,215.037849533,211.968540981,1.13561897845e-05,364.535808778,0.0150006977993,369.287651714,233.67169096,0.0247672217142,211.968597224,85.4738756373,226.165951795,183.714864416,246.02121947,211.968561649,211.968571763,409.579698338,0.0150091315777,211.968547778,211.968680549,234.425258388,223.743822658,177.62493486,282.624659205,211.968558691,211.968557146,211.968525312,237.978084485
2011-11-17 20:00:00,234.107682943,211.968554686,220.409052238,215.037848657,211.968540143,1.11301577775e-05,364.535810147,0.0150003110603,369.287649845,233.671690652,0.02476275378,211.968597453,85.4738753483,226.16595136,183.714864148,246.021218166,211.968561403,211.968571363,409.579695527,0.0150084522685,211.968539653,211.968677111,234.425258314,223.743820498,177.624934725,282.624588379,211.968558206,211.968547186,211.968538403,237.977563441
2011-11-17 21:00:00,234.107683126,211.96855312,220.408999795,215.037845866,211.968540173,1.08225461757e-05,364.53581243,0.0150001359539,369.287646681,233.67169034,0.024757998958,211.96859747,85.4738751317,226.165949464,183.714863271,246.021216551,211.968561066,211.968570865,409.57969469,0.0150065046428,211.968512915,211.968669525,234.42525816,223.743817145,177.624934504,282.624677773,211.968558068,211.968536655,211.96851977,211.967591111
2011-11-17 22:00:00,234.107677954,211.96855064,220.407761316,215.037840862,211.968539496,1.05025730078e-05,364.535812722,0.0150000205634,369.287640178,233.671688964,0.0247476151985,211.968597076,85.4738746836,226.165944983,183.714862256,246.021214485,211.968560442,211.968569693,409.579693806,0.0150042097412,211.968055764,211.968630302,234.42525795,223.743813335,177.624934202,282.624646033,211.968557296,211.968525401,211.968415008,178.484116452
2011-11-17 23:00:00,234.107675201,211.968548612,211.968563404,215.037835191,211.968537449,1.02758977506e-05,364.535810158,0.0149999436201,369.287612241,233.671687168,0.0247298964797,211.968595212,85.4738746219,226.165939006,183.714861181,246.021214274,211.96855934,211.96856838,409.579692567,0.0150032923304,92.206322848,211.968500513,234.425257698,223.743807055,177.624933868,282.624630946,211.968556816,211.968521257,211.968332228,178.484048737
2011-11-18 00:00:00,234.10767157,211.968546532,211.968572735,215.037830693,211.968521847,1.01096054859e-05,364.535759758,0.0149999230428,369.287517219,233.671685147,0.0247198533648,211.968593605,85.4738747626,226.16593668,183.714860107,246.02121332,211.968558056,211.968565959,409.579687966,0.0150015454741,92.2062895657,211.968319857,234.425257501,223.743802198,177.624933362,282.624548325,211.968555763,211.968523381,211.968120472,178.487030589
2011-11-18 01:00:00,234.107671099,211.968545345,178.531425332,215.037826989,171.694572945,1.00211353947e-05,364.535693234,0.0149999134969,299.123016101,233.671683703,0.024697293496,211.968591454,85.4738745955,226.165934039,183.7148595,246.021212269,211.968557115,211.968563662,409.579689855,0.0150009100907,92.2034314699,211.967762392,234.425257325,223.743799312,177.62493339,282.624516033,211.968555249,211.968523413,211.9675714,211.967963551
2011-11-18 02:00:00,234.107670338,211.968544131,178.531383703,215.037824358,171.694541734,9.9362639816e-06,364.535784192,0.0149999262761,299.12302959,233.671682043,0.0246775698567,211.968590337,85.4738745808,226.16593244,183.714858596,246.021210393,211.96855672,211.968562377,409.579684295,0.0150005773697,92.2061904815,171.696198498,234.425257236,223.743795611,177.624933436,282.624578389,211.968554843,211.968519406,211.967347585,211.968543429
2011-11-18 03:00:00,234.107673488,211.968544425,178.531384484,215.037821755,171.694539536,1.00289872054e-05,364.535800183,0.0149999314591,369.287603904,233.671680328,0.0247037608973,211.968588874,85.4738745059,226.165931607,183.71485789,246.021213446,211.968556697,211.968562006,409.579672035,0.0150002189942,92.206275583,171.693541464,234.425257151,223.743795217,177.624933532,282.624613878,211.96855475,211.968522939,171.697070632,211.969101486
2011-11-18 04:00:00,234.107680951,211.968547497,178.531389904,215.037822112,171.694548263,1.01772466787e-05,364.535806989,0.0149999430418,369.287628489,233.671678296,0.0247328329268,211.96858849,85.4738748428,226.16593038,183.714857217,246.0212207,211.96855717,211.968562261,409.579688104,0.0150000349085,92.2063077347,92.2064595546,234.42525719,223.743795845,177.624933904,282.624689117,211.968554874,211.968547123,211.966979588,237.978070901
2011-11-18 05:00:00,234.107688385,211.968549673,211.968515304,215.037821822,211.968526893,1.05964686728e-05,364.535810846,0.0149999831028,369.287633947,233.671674209,0.0247360908559,211.968590035,85.4738757492,226.165932701,183.714855924,246.021227122,211.968557682,211.968563554,409.57969406,0.015000110947,211.96827378,171.693897593,234.42525738,223.743799304,177.624934291,282.624741464,211.96855501,211.968576805,211.967697247,237.978216332
2011-11-18 06:00:00,234.107688181,211.968545482,220.408877652,215.037813645,211.968534896,1.11671054746e-05,364.535812154,0.0150001446881,369.287624722,189.273973443,0.0200204433831,211.968592597,85.4738764951,226.165927209,183.7147911,246.021228144,211.968556305,211.968562838,409.579694493,0.0150004318339,211.968525045,211.968654837,234.425257254,223.743791392,177.624934313,282.624783173,211.9685533,211.968594857,171.694601108,237.978198351
2011-11-18 07:00:00,211.968536078,211.968544806,220.409048107,174.18050978,211.968532651,1.13474901069e-05,364.535809873,0.0150003451106,211.968476848,189.273953948,0.0200041502448,211.968594766,85.4738767954,183.194369103,148.809022047,211.968513174,171.694525368,171.694527951,409.579695153,0.0150026959407,211.968475642,211.968544695,189.884458337,181.23240895,177.62493414,282.624777847,171.694524286,211.968596329,171.695744335,237.978148055
2011-11-18 08:00:00,189.627211056,211.968542648,211.968515964,161.278191845,92.2063161222,1.12894403761e-05,295.274003188,0.0150003509955,171.694562318,0.0100436868211,0.0199951966325,171.694569158,85.4599565755,169.624539619,79.9175739831,199.277212224,171.694470208,158.97663894,409.579693031,0.0150059980142,92.2063356589,92.208489126,189.884456149,181.232368039,143.876197867,282.624788889,171.694486041,211.968591897,211.960511071,237.978139159
2011-11-18 09:00:00,175.580842217,211.968541081,178.531447907,0.0100382023579,92.2063115298,1.12079525763e-05,295.27399425,0.0150002455575,171.691682695,0.0100064569674,0.0199833388105,171.694564826,64.1054437075,0.01004178768,0.0100124124823,199.277205852,0.0100159242887,0.0100156239678,409.579669119,0.0150104362863,92.2062819151,92.2064069332,0.015002004306,167.807567233,143.876196084,282.624709264,92.2089091981,211.968587319,211.967801756,237.97815682
2011-11-18 10:00:00,175.580810796,211.968540406,178.531391136,0.0100220170788,0.0200147588037,1.11778424162e-05,273.402164726,0.0150001873719,160.640156494,0.0100064534372,0.0199779537314,171.694560086,64.1054254651,0.0100295747561,0.0100124127862,199.277205184,0.0100084913277,0.0100124010358,331.759558536,0.0150241693295,52.2096428367,92.2063827876,0.0100011275222,0.0100966263751,143.876194645,211.968725063,0.010072578944,211.968578117,211.967867406,237.978159959
2011-11-18 11:00:00,175.580804051,211.968539933,178.531383661,0.0100328453308,0.0199806875676,1.11305785682e-05,273.402119224,0.0150002657627,171.692451865,0.0100185877833,0.0199901017422,171.694556776,64.105396275,0.0100412757378,79.9180665949,199.277205954,0.0100531530169,0.0100382827022,331.75955205,0.0151068703132,52.2096205609,92.2063798941,0.0100021356725,0.0102478414043,133.218935857,211.968664871,92.2083178843,211.968571994,211.967646649,237.978180008
2011-11-18 12:00:00,175.580854903,211.968539456,178.531386953,161.276108377,0.015001479347,1.10726794173e-05,295.273996056,0.0150010641804,171.694561792,189.273950962,0.0199982362432,171.694559177,64.1054245793,169.624486411,148.809021596,199.277259733,171.694518098,171.694508589,331.759552537,0.0206191180622,52.20962202,92.2063824022,0.0100402793829,181.232328571,77.266435534,211.968647265,171.694504638,211.968537103,211.965491773,237.977463736
2011-11-18 13:00:00,189.627224546,211.968540653,178.531395364,174.180508151,0.0199977823092,1.09835341905e-05,295.27400284,0.0150015113035,211.968553722,189.273970738,0.0200180283393,171.694567241,64.1054588749,183.194367139,148.809030601,246.020612733,171.694529313,171.694533503,331.759559098,69.1515117892,52.2096133725,92.2063843747,189.884456662,181.232390561,143.876189454,211.968663795,171.694530513,211.968532505,211.967728091,237.978184887
2011-11-18 14:00:00,234.10763492,211.968540929,211.96855006,215.035076411,92.2063134321,1.09334225542e-05,364.534388868,0.0150862919972,211.968600238,233.671573396,0.0275754479368,171.694591769,85.4738482918,226.14107384,183.714845292,246.021233262,211.968554053,211.968559649,409.579691034,0.0200776949706,52.2096079856,92.2064107047,189.884458783,211.968172038,143.876195909,211.968777335,211.968557701,211.968520461,211.967426362,237.978293436
2011-11-18 15:00:00,234.107692931,211.968541312,220.409068814,215.037833392,92.2063463611,1.08874442529e-05,364.535805706,92.2063097531,211.968598967,233.671579348,0.0277245276608,211.968592375,85.4738755404,226.165935297,183.714847672,246.021235549,211.968558817,211.968569468,409.579695006,0.0152233138053,52.2096015664,92.2063992088,234.42525688,223.743704537,143.876198489,282.624725639,211.968565015,211.968440782,211.967199473,237.978325129
2011-11-18 16:00:00,234.107695471,211.968540692,220.409071227,215.037844826,113.834955916,1.06369923637e-05,364.535807746,92.2063111605,211.968595465,233.671582097,0.027730737965,211.968611674,85.4738765559,226.165943023,183.714849269,246.021235964,211.968559925,211.96857213,409.57969596,0.015130449246,52.2095908837,92.2063901748,234.425257317,223.74370893,177.6249337,282.624767751,211.968567432,211.968146333,211.967144713,237.978291942
2011-11-18 17:00:00,234.107694462,211.968540122,220.409070873,215.037848696,113.834955517,1.04629492262e-05,364.53580762,92.2063114537,211.96859276,233.671583385,0.027732962932,211.968615162,85.4738766121,226.165945538,183.714849897,246.021235823,211.968560406,211.968573165,409.579696197,0.0154147069331,0.0153767376403,92.2063778304,234.425257424,223.743710621,177.624934267,282.624774055,211.968568486,92.2067180257,211.96695825,237.978207927
2011-11-18 18:00:00,234.107691606,211.968538605,220.409068253,215.037850215,113.834955025,1.03429525492e-05,364.535803382,92.2063121378,211.968587964,233.671583713,0.0277330259501,211.968616129,85.4738761872,226.165946728,183.714849919,246.021235843,211.968560622,211.968573663,409.579695428,0.0150352325939,0.0150419418593,92.206375672,234.425257439,223.743710695,177.624934384,282.624748082,211.968569093,92.2062790969,115.105572648,237.97809292
2011-11-18 19:00:00,234.107687543,211.968533315,220.409062271,215.037850372,113.83495244,1.02214657525e-05,364.53580151,92.2063117831,211.968581528,233.671583453,0.0277298108573,211.968616433,85.4738757056,226.165946534,183.714849798,246.021235505,211.968560606,211.968573573,409.579694375,0.0150319905342,0.0150042767196,92.2063672028,234.425257409,223.743709201,177.62493454,282.624716035,211.968569166,0.0161375833373,115.10545104,212.450647392
2011-11-18 20:00:00,234.107683451,211.968533402,220.409058185,215.037849079,92.2063679838,1.00791988153e-05,364.53579953,92.2063116426,211.968565692,233.671583302,0.0277262988247,211.968616079,85.4738754315,226.165946059,183.714849371,246.021234547,211.968560379,211.968573128,409.579692926,0.0150452389128,0.0150020431907,92.206354713,234.425257322,223.743706342,177.624934539,282.62469119,211.96856851,0.0151007220012,115.105047356,103.52081125
2011-11-18 21:00:00,234.107683406,211.968529839,220.409057604,215.037846503,113.834942338,9.81754959481e-06,364.535801565,92.2063116613,211.968556169,233.671582968,0.0277235497535,211.968615525,85.473875342,226.165944274,183.714848832,246.021232277,211.968559963,211.968572579,409.579692064,0.0150304975578,0.0150011396907,92.2062778415,234.425257147,223.743703657,177.624934424,282.624678967,211.968567922,0.0150259875167,0.0172321860889,103.52070894
2011-11-18 22:00:00,234.107680689,211.968522369,220.409060426,215.037842949,92.2065902614,9.63900661401e-06,364.535801834,92.2063116637,211.9685497,233.671581806,0.0277196720438,211.968614786,85.4738750877,226.165940639,183.714848047,246.021229769,211.968559296,211.968571491,409.579686416,0.0150183956311,0.0150004605379,92.2059599473,234.425256933,223.743698839,177.624934224,282.624639889,211.968567031,0.0150138764471,0.0151903502957,0.0241580391074
2011-11-18 23:00:00,234.107677496,211.968519035,220.409058691,215.037836635,92.2063202562,9.494240535e-06,364.53579907,92.2063116913,211.968536679,233.671580197,0.0277138161783,211.96861269,85.4738752844,226.165935274,183.714847317,246.02122593,211.968558238,211.968570343,409.579678627,0.015018767328,0.0150001559919,92.2054468967,234.425256661,223.743693383,177.624933853,282.624557286,211.968565762,0.0150092982454,0.0150306866582,0.0205895974152
2011-11-19 00:00:00,234.107675025,92.2063570703,220.409064011,215.037832808,92.2063203611,9.30212367144e-06,364.535787123,92.2063119147,211.9684997,233.671578209,0.0277109945367,211.968611404,85.4738750674,226.16593218,183.714845519,246.021223071,211.968557184,211.96856849,409.579689096,0.0150172402718,0.014999984516,92.2063489212,234.425256261,223.743686789,177.624933283,282.624308182,211.968564435,0.0150058309648,0.0150069138045,0.0203065044163
2011-11-19 01:00:00,234.107673599,92.2063543252,220.409061232,215.037828743,92.2063209988,9.18195917608e-06,364.53575853,92.2063122009,211.9683509,233.671576375,0.0277058470744,211.968608494,85.4738752118,226.165929707,183.714845183,246.021222732,211.968556131,211.968566449,409.579689956,0.0150187903484,0.0149999841722,92.206358905,234.425256098,223.743683073,177.624933088,282.624232612,211.968563497,0.0150052599517,0.0150005280836,0.0201899482009
2011-11-19 02:00:00,234.107671733,92.2063198272,220.409064034,215.037825692,92.2063244425,9.10764065022e-06,364.535739935,92.2063121915,211.968403024,233.671574511,0.0276993943347,211.968604779,85.4738750678,226.165927189,183.714844795,246.021223097,211.968555334,211.968564634,409.579692846,0.015020205263,0.0150001294537,92.2063590981,234.425255944,223.743679057,177.624932988,282.624368191,211.968563141,0.0150061349858,0.0150014732229,0.0201293460306
2011-11-19 03:00:00,234.107672711,92.2063151634,220.40906765,215.037823215,92.2065207149,9.13197395994e-06,364.535755675,92.2063119231,211.968436771,233.671571917,0.0276930910295,211.96860379,85.4738749147,226.165925063,183.714844058,246.021222947,211.968554758,211.968563294,409.579693916,0.0150390209214,0.0150006999999,92.206350685,234.4252558,223.743674328,177.624933158,282.624422313,211.968563068,0.0150091042899,0.0149969366002,0.0200821680256
2011-11-19 04:00:00,234.107674667,92.206311221,220.409069188,215.037820477,113.83495416,9.16653169533e-06,364.535773661,92.2063118545,211.96840367,233.671568448,0.0276874578522,211.968602844,85.4738746544,226.165923636,183.714843305,246.021222813,211.968554383,211.968562947,409.579694432,0.0153121954715,0.015001904149,92.2063510501,234.425255682,223.743668886,177.624933407,282.624316956,211.968562872,0.0150124688361,0.0150017274147,0.0200786318511
2011-11-19 05:00:00,234.107676151,92.2062921409,220.409070459,215.037819963,113.834956058,9.2633720926e-06,364.535783533,92.2063119775,211.968476627,233.671560663,0.0276761906518,211.968603775,85.4738741362,226.165920152,183.71484228,246.021227627,211.96855386,211.968562882,409.579694953,69.1537013259,0.0150072094361,92.2063620121,234.425255571,223.743664566,177.624933812,282.624360593,211.968563061,0.0150148783712,0.0149997547175,0.0200879715492
2011-11-19 06:00:00,234.107675891,92.2062695552,220.409073088,215.037809215,113.834957149,9.44570796835e-06,364.535789343,92.2063160566,211.968120839,189.223739297,0.0200092164144,211.968605042,85.4738739293,226.165912343,183.714787354,246.021229444,211.968552221,211.968561913,409.579695995,158.973519651,52.2095823722,92.2063760644,234.425255122,223.743646361,177.624933997,282.624311144,211.968562898,0.0150140050098,0.0150066086464,0.0201076267729
2011-11-19 07:00:00,211.968481758,92.1964562232,220.409073817,174.180479239,113.8349569,9.6545968301e-06,364.535784742,122.941515135,171.694499729,189.223702889,0.0199963419804,211.96860635,85.4738743069,183.194339417,148.809015786,246.021096136,171.694522075,171.694527147,409.579696775,158.974099499,52.2095863441,92.206380082,189.884451694,171.69485532,177.624934476,282.624398173,171.694543393,0.0150297636903,0.0150077519612,0.0201270956849
2011-11-19 08:00:00,175.580834116,0.015005894559,220.409047245,161.278191449,92.2063153106,9.87007943673e-06,211.968595589,122.941721779,160.640139321,0.0100177163434,0.0199653373183,211.967494592,64.1054439032,169.624210583,0.0104256487294,211.968558648,171.694495638,158.976508295,331.759556942,158.974112807,52.2095893691,92.2063861618,189.884447802,171.694785461,177.624811506,211.968419562,171.694538452,0.0150887576527,0.0150225040656,0.0201594105124
2011-11-19 09:00:00,175.58074482,0.0150042322631,220.40896389,0.0100408772222,92.2063125246,9.9785896247e-06,211.968481302,92.2063172646,160.640128918,0.010004715556,0.010043849116,171.69460664,64.1054074457,0.0100338162119,0.0100112753179,199.277224205,0.0100187668707,0.0100139042807,331.759480669,158.974115614,52.209592764,92.2063936178,0.0100054105719,0.0101005905031,143.876198644,211.968367175,171.694531595,0.0151873401289,0.015133044277,0.0202038986694
2011-11-19 10:00:00,0.0100257871555,0.0150075136737,211.968572891,0.0100233864593,92.2063040455,9.98434719823e-06,158.573087566,92.2063173915,160.640108661,0.0100044881063,0.0100246115249,171.69458439,64.1051964716,0.0100206662863,0.0100111062954,199.277206776,0.0100088326375,0.0100120301051,307.18401166,158.974121541,52.2095974766,92.2064093936,0.0100015034805,0.0100442928746,143.876197964,211.968332251,171.694527792,0.0152518318397,0.0255528344853,0.0202736930461
2011-11-19 11:00:00,0.010016395551,0.0150210119827,211.968565246,0.0100331863195,92.2063099518,9.92792942232e-06,158.573085661,92.2063329796,160.640126322,0.0100198012503,0.0197493331718,171.694581321,64.1052877402,0.0100346810862,10.4030204433,199.277205648,0.0100289818248,0.0100390940694,211.968571612,158.974124182,52.2096127983,92.2064360332,0.0100013380795,0.0100824817905,143.876197762,211.968331392,171.694528043,92.2042018704,115.105523487,0.0204581390909
2011-11-19 12:00:00,175.58070705,92.2062857448,220.409060608,161.277312861,92.2063147062,9.87198414464e-06,158.573090159,211.968530515,160.640134292,189.223703176,0.0199861715424,171.69458032,64.1054100283,169.62419653,148.809017457,199.277207429,171.694512,171.694512427,211.969619441,158.97414091,92.2062863656,211.968455816,0.0149930189286,171.69429063,143.876197747,211.96832274,171.694535771,92.2063278311,211.967525433,0.0217831581712
2011-11-19 13:00:00,189.626962043,92.2063102925,220.40906827,174.18048232,92.2063160526,9.90619107498e-06,211.96856428,211.968531281,171.694501206,189.223738604,0.0200100528006,171.694582028,64.1054686506,183.194337583,148.809027437,211.968542985,171.694524655,171.694534339,331.759555257,158.974140911,92.2063057717,211.968523122,189.884449894,171.694837433,143.876198393,211.968381068,171.694546758,211.962836353,211.968527382,103.520721304
2011-11-19 14:00:00,211.968599788,92.2063139734,220.409072405,215.037059451,92.2063213258,9.99462678758e-06,295.273979595,211.968532699,211.968532457,233.670786155,0.0277435151945,171.694584685,85.4738573932,226.163901046,183.714843436,246.021223962,211.968547718,211.968560868,409.579694773,158.974178853,211.964208606,211.968614677,189.884451934,171.694959226,143.876200384,211.968622187,211.968562275,211.967473502,264.6098125,103.520903161
2011-11-19 15:00:00,234.107679165,92.2063224957,220.409101173,215.037832196,171.694734912,1.00505291821e-05,364.535814123,211.968535336,211.968545467,233.670796088,0.0278710312249,171.694591355,85.4738745776,226.165914411,183.714846434,246.021233854,211.96855249,211.96856955,409.579702632,211.968081745,211.968500504,211.968659312,234.425248854,211.96895768,177.624928675,282.624129414,211.968567218,211.967707307,264.610099201,237.977853809
2011-11-19 16:00:00,234.107682014,211.968432072,220.410284809,215.037843232,211.968535205,1.00186216553e-05,364.535820064,211.968549582,211.968548848,233.670799813,0.027877300239,211.968525167,85.4738759254,226.165922511,183.71484828,246.021233854,211.96855362,211.968571745,409.579705743,211.968529766,211.968519086,211.968670395,234.425249381,211.968963497,177.624935277,282.624326098,211.968568252,211.96798547,264.610302738,237.97822794
2011-11-19 17:00:00,234.107681813,211.968528439,220.410290571,215.037846528,211.968537499,1.00454310158e-05,364.535821814,211.968554387,211.968550837,233.670801375,0.0278776620586,211.968618149,85.4738759702,226.165925392,183.714848994,246.021233318,211.968554125,211.96857275,409.579705902,211.968551152,211.968509611,211.968669214,234.425249567,211.968966121,177.624935512,282.624381091,211.968568455,211.968242315,264.610281224,237.978503888
2011-11-19 18:00:00,234.107680668,211.968537188,220.410294495,215.037848078,211.968537024,9.90034143964e-06,364.535821161,211.968555617,211.968555257,233.670801771,0.0278838985784,211.968618833,85.4738756903,226.165926633,183.714849205,246.021232246,211.968554426,211.968573171,409.579705333,211.968562693,211.968526009,211.968662526,234.425249628,211.96896728,177.624935421,282.624383842,211.968568502,211.968337995,264.61028085,237.978468418
2011-11-19 19:00:00,234.107678542,211.968538708,220.409227804,215.037847972,211.968538227,9.68056975687e-06,364.535820838,211.968551957,211.968554011,233.670801554,0.0278784347449,211.968619082,85.4738752199,226.165926795,183.714849091,246.021230976,211.968554406,211.968573013,409.579702252,211.968543878,211.968501979,211.968632398,234.425249617,211.968966774,177.624935476,282.624344024,211.96856827,211.968402615,264.610353669,237.978669224
2011-11-19 20:00:00,234.107677207,211.968540018,220.409088143,215.037846101,211.968538717,9.52528831274e-06,364.535820634,211.968543087,211.968552475,233.670801457,0.0278750932264,211.968618711,85.4738750554,226.165926569,183.71484862,246.021227866,211.968554076,211.968572956,409.579699309,211.968537895,211.968440452,211.968593019,234.425249552,211.968965073,177.624935148,282.624314311,211.96856726,211.968449901,264.610306764,237.978694862
2011-11-19 21:00:00,234.107678096,211.968540233,220.409082949,215.037843208,211.968539986,9.36521972642e-06,364.535821567,211.968543819,211.968552525,233.670801181,0.0278723669884,211.968617769,85.4738751223,226.165925247,183.714847748,246.021225082,211.968553556,211.968572147,409.579699172,211.968517207,92.2064783356,211.968565151,234.425249448,211.968962214,177.624934702,282.62414477,211.968566354,211.968485408,264.610344719,237.978675365
2011-11-19 22:00:00,234.107675113,211.968539777,220.409078796,215.037839333,211.968540267,9.20133684607e-06,364.535822092,211.968539321,211.968552191,233.670800221,0.0278671481361,211.968616803,85.4738750959,226.165921668,183.714846673,246.021220989,211.968552972,211.968571235,409.579697313,211.968433714,92.2063041436,211.968550525,234.425249302,211.968958424,177.624933776,282.624130112,211.968565031,211.968501017,264.610249574,237.978631712
2011-11-19 23:00:00,234.107672466,211.968540398,220.40907641,215.037833073,211.968539868,9.03708520086e-06,364.535821065,211.968535663,211.968552225,233.670798836,0.0278586836497,211.968614576,85.4738750871,226.165917036,183.714845562,246.021213418,211.968552086,211.968570179,409.579696429,211.968213419,92.2034607676,211.968545158,234.425249142,211.968953813,177.624932413,282.623942469,211.968563708,211.968514363,264.610120891,237.978595822
2011-11-20 00:00:00,234.107669682,211.968535756,220.409075495,215.03782959,211.96854016,8.90537958509e-06,364.53582062,211.968534509,211.968539434,233.670797287,0.0278419222827,211.968610195,85.473874797,226.165912276,183.714844532,246.021203455,211.968551313,211.968568022,409.579695797,158.974530202,92.2060901176,211.968574657,234.425248968,211.968950186,177.624930548,282.624208995,211.968562175,211.968522286,264.606622182,237.978548954
2011-11-20 01:00:00,234.107668154,211.968538868,220.409074502,215.03782484,211.968539723,8.82567929298e-06,364.535818916,211.96853359,211.968542548,233.670795774,0.0278097305288,211.968603952,85.4738750792,226.165911289,183.714843208,246.021203108,211.968550356,211.968565817,409.579695536,158.974186659,52.2096316583,211.968597193,234.425248781,211.968946672,177.624929747,282.624064419,211.968561204,211.96852972,214.349205564,237.978569105
2011-11-20 02:00:00,234.107666038,211.968540201,220.409074305,215.037820973,211.968539208,8.78862738649e-06,364.535817436,211.968532948,211.968543498,233.670794422,0.0277964162018,211.968598837,85.4738752682,226.165908946,183.714842278,246.021202928,211.968549592,211.968564458,409.579695608,158.974147094,52.2095953971,211.968615412,234.425248618,211.968942792,177.624929543,211.971791613,211.968560326,211.968534082,264.593566035,237.978611466
2011-11-20 03:00:00,234.107665182,211.968540561,220.409074284,215.03781781,211.968538861,8.73616836447e-06,364.535816791,211.968532538,211.968544439,233.670792458,0.0277993419475,211.968594319,85.4738750281,226.165906277,183.714841326,246.02120702,211.968549042,211.968562763,409.579695839,158.974132767,52.2095889478,211.968631451,234.425248478,211.968940887,177.624930035,282.623216604,211.968560128,211.968547011,264.598263001,237.978637595
2011-11-20 04:00:00,234.107665056,211.968541507,220.409074401,215.03781557,211.968538873,8.73946636243e-06,364.535816276,211.968532298,211.96854644,233.670790026,0.0278021051556,211.968591402,85.473875144,226.165903787,183.714840196,246.021204396,211.968548541,211.968561993,409.57969589,158.974126491,52.2095883124,211.968648042,234.425248335,211.968936968,177.624930654,282.621410912,211.968559282,211.968556909,214.33479382,237.978699005
2011-11-20 05:00:00,234.107663852,211.968541981,220.409075075,215.037810267,211.96853925,8.81381913399e-06,364.535815915,211.968532197,211.968548305,233.670784779,0.0277878175722,211.968592818,85.4738744047,226.165898991,183.714839141,246.021211797,211.968547922,211.968561621,409.579695815,158.974120442,52.2095960387,211.96866001,234.425248151,211.968936443,177.624931618,282.62355763,211.968558407,211.968565124,214.334912765,237.978733487
2011-11-20 06:00:00,234.107661058,211.968542238,220.409077348,215.037798325,211.968539539,8.90025903093e-06,364.535814139,211.968532655,211.968541315,189.273319114,0.0200115327489,211.968589246,85.473873934,226.165887372,183.714785718,246.02121684,211.96854648,211.968560503,409.579695915,158.974116424,92.2062525172,211.968667435,234.425247703,211.968932281,177.624931657,282.623577744,211.968556619,211.968569561,264.606077861,237.978762986
2011-11-20 07:00:00,189.627195668,211.968542905,220.409081194,174.180422446,211.968539614,9.01280476064e-06,364.535811521,211.968532733,171.694538898,189.273260554,0.0199930271467,211.968577517,85.4738739442,183.19431251,148.809010191,246.019896302,171.694518775,171.694526158,409.579696125,158.974114927,92.2062864044,211.96867156,189.884450552,171.694827217,177.624932925,282.622635836,171.69453051,211.968577707,264.57105276,237.978781405
2011-11-20 08:00:00,175.580729132,211.968537014,211.968541466,161.27760257,171.694517917,9.15215889163e-06,295.273860426,211.968533123,171.694529573,0.010018619252,0.0199189495297,211.967453297,64.1054339835,98.384812219,0.0100233722829,199.277200614,171.694492428,158.975910095,307.184769147,158.974105698,92.2063086007,211.968673958,189.884440715,171.694720925,143.876211795,211.968343198,171.69451186,211.966626927,214.337836174,237.978713001
2011-11-20 09:00:00,0.010010072591,211.9685074,178.532417679,0.0100326716415,171.694514044,9.29698935634e-06,211.96856145,211.968532646,171.694521488,0.0100046737821,0.0100211411672,171.694593447,64.1053975208,0.0100325211805,0.0100046553502,199.277196941,0.0100159028402,0.010013624318,211.968561537,158.974088581,92.2063283947,211.968674689,0.010004516622,0.0100917391903,143.876199989,211.968293454,158.976740113,171.695539728,214.335610842,237.978688432
2011-11-20 10:00:00,0.0100053669339,211.968507852,178.53239591,0.0100197341237,158.97646726,9.38165061819e-06,211.968523896,211.968532382,171.694487233,0.0100053698507,0.0100172486488,171.694582727,0.0109810388619,0.0100208138731,0.0100049164763,199.277192359,0.0100072619781,0.0100122654249,211.968551002,158.974016675,92.2063708991,211.968675104,0.0100011045471,0.0100420207768,143.876199152,211.968270433,0.0104929626374,171.695707334,214.335038249,237.978696876
2011-11-20 11:00:00,0.010005094258,211.968529137,178.532400729,0.0100304247369,158.976455647,9.36093696014e-06,211.968443473,211.968532156,171.694530897,0.0100196777029,0.0101775647161,171.694580018,0.0102438759687,0.0100344836469,0.0100465199857,199.277189299,0.0100162354214,0.0100381648127,211.968549582,158.973671091,92.2064247966,211.968675058,0.0100012224733,0.0100649743745,143.876198912,211.968266767,92.2093049987,211.968170668,264.546384447,237.978748744
2011-11-20 12:00:00,0.0100293144461,211.96853846,178.532433049,93.5434427658,92.2066907339,9.27293289648e-06,211.968461013,211.968532986,171.694564287,189.273298719,0.0199805245499,171.694579768,64.1053763966,169.624167793,148.809016218,199.277196229,171.694502498,171.694510524,211.968568557,158.973930043,211.9684399,211.968677003,0.010009550869,171.694368481,143.876198893,211.968278314,171.694493648,211.968495502,264.610211135,237.97878002
2011-11-20 13:00:00,175.580785048,211.96854288,211.968594611,174.180429416,171.694513464,9.30404860492e-06,211.968743037,211.968533157,211.968550936,189.273321676,0.0200102905609,171.69457927,64.1054357978,183.194316476,148.809027965,199.277201558,171.694522194,171.694534945,331.759557831,158.974083182,211.968400845,211.968677559,189.88444905,171.694827562,143.876199131,211.968322075,171.694537128,211.968595903,264.610325209,237.978779899
2011-11-20 14:00:00,211.968564354,211.968543183,220.409071828,215.03683493,171.694520013,9.38243277405e-06,295.273985451,211.968533433,369.28763052,233.671723053,0.0280699756769,171.694580135,85.4738393657,226.165586686,183.714852821,246.021220515,211.968548991,211.968564147,409.579696133,158.974097659,211.968474915,211.968679312,189.884451313,171.694995907,143.876199887,211.968443434,211.968574068,211.968608298,264.610287474,237.978781001
2011-11-20 15:00:00,234.107684763,211.968542492,272.109808965,215.037829035,211.968541539,9.43623484472e-06,364.535816902,211.968534107,369.287648205,233.671736695,211.968476441,171.694582686,85.4738745117,226.165919838,183.714858442,246.021228561,211.968553934,211.968573974,409.579700544,158.97410758,211.968501336,211.968684484,234.425254908,223.741710645,177.62490078,282.623849834,211.9685896,211.968606754,264.610323287,237.978778845
2011-11-20 16:00:00,234.107690034,211.968540862,272.109906211,215.037840934,211.968543989,9.45029049172e-06,364.535822628,211.968535936,369.287651694,233.671741953,211.9684896,211.967455681,85.473876238,226.165929812,183.714861278,246.021229155,211.968555431,211.968576514,409.579707638,158.974117484,211.968511339,211.968696432,234.42525596,223.741729776,177.624937871,282.624259851,211.968594786,211.968602264,264.610397505,237.978727702
2011-11-20 17:00:00,234.107692425,211.968538616,272.109911816,215.037845084,211.968544321,9.41144174335e-06,364.535824219,211.968535561,369.287652959,233.671743929,211.96849315,211.968614523,85.4738763441,226.165933713,183.71486263,246.021229591,211.968556232,211.968577728,409.579708996,158.974132866,211.968500368,211.968687649,234.425256296,223.741737257,177.6249392,282.624312459,211.968597823,211.968594327,264.610359982,237.978612683
2011-11-20 18:00:00,234.107692545,211.968532489,272.109913449,215.037846803,211.968544647,9.36248369886e-06,364.53582441,211.968540035,369.287655582,233.671744823,211.968496296,211.968615879,85.473876222,226.165935774,183.714863175,246.021228438,211.968556741,211.968578224,409.579707784,158.974131775,211.968499476,211.968682067,234.425256448,223.741741683,177.624939572,282.624317393,211.968599384,211.968579506,264.610333175,237.978400874
2011-11-20 19:00:00,234.107690508,211.968522294,272.109907612,215.03784711,211.968544704,9.35385117094e-06,364.535824353,211.96853531,369.287656184,233.671744716,211.968496295,211.968616431,85.4738759711,226.165936614,183.714863297,246.021227366,211.968556875,211.968578341,409.579705767,158.974152664,211.968467029,211.968678209,234.425256541,223.741742984,177.624939941,282.624306192,211.968600102,211.96857044,264.610336599,237.978186517
2011-11-20 20:00:00,234.107689453,211.968511829,272.109824249,215.037846237,211.968544686,9.21309078471e-06,364.535823823,211.968534593,369.287655827,233.671744379,211.968494045,211.968616459,85.4738759263,226.165936971,183.714863038,246.021224186,211.968556555,211.968578255,409.579704303,158.974143482,211.967359729,211.968675897,234.425256551,223.741742499,177.624940103,282.624266185,211.968599417,211.968559682,264.610306415,237.978090348
2011-11-20 21:00:00,234.107691022,211.968097689,220.409107396,215.037843001,211.968545041,9.0459510245e-06,364.535824122,211.96853389,369.287654878,233.671744287,211.968492343,211.968616183,85.4738758971,226.165935782,183.714862389,246.021222671,211.968556084,211.968578094,409.579705512,158.974182163,92.2063218172,211.968672954,234.42525645,223.741740884,177.624940002,282.624304165,211.968598372,211.968540824,264.60994258,237.978008699
2011-11-20 22:00:00,234.10768828,92.2063236667,220.409081339,215.037838262,211.968544901,8.84066361525e-06,364.535823671,211.968533244,369.28765317,233.671742605,211.968488264,211.968615433,85.4738753673,226.165931873,183.714861366,246.021218397,211.968555455,211.968577054,409.57969888,158.974160114,92.2062523916,211.968669292,234.425256243,223.741737005,177.62493961,282.624221022,211.968596491,211.968517437,264.609795984,237.977938297
2011-11-20 23:00:00,234.107686085,92.2063165369,220.40907717,215.037831851,211.96854449,8.61537197666e-06,364.535821375,211.968532602,369.287651026,233.671740291,211.968482275,211.968612869,85.4738757276,226.165926528,183.714860383,246.021214897,211.968554521,211.968575021,409.579697319,158.974162172,52.2096556391,211.968666033,234.425255939,223.741732165,177.62493906,282.623779633,211.968595135,211.96849417,214.334548035,237.977981737
2011-11-21 00:00:00,234.107684073,92.2063094999,220.409076145,215.037828469,211.968544303,8.49927306034e-06,364.535820549,211.968532356,369.28765049,233.671737435,211.968483615,211.968608049,85.4738761035,226.165925183,183.714859488,246.021210665,211.968553887,211.968572865,409.579697159,158.974114832,52.2096006165,211.968666962,234.425255574,223.74172986,177.624938551,282.62364366,211.968591683,211.968432152,214.333753674,237.978053108
2011-11-21 01:00:00,234.107684113,92.206291663,220.409075485,215.037823944,211.968544247,8.48459028052e-06,364.535819256,211.96853226,369.287648066,233.671736577,211.968474806,211.968602868,85.47387609,226.165922458,183.714858857,246.021204403,211.968553134,211.96857048,409.579697141,158.974116871,52.2095932654,211.968665579,234.425255417,223.741728747,177.624938514,282.621120518,211.96859067,211.96840371,214.332801156,237.978035564
2011-11-21 02:00:00,234.107683749,92.1970956472,220.409075335,215.037821709,211.968544189,8.40566678912e-06,364.535819365,211.968531861,369.287647736,233.671735661,211.968465891,211.968599519,85.4738761667,226.165920666,183.714858707,246.021204412,211.968552791,211.968568569,409.579697208,158.974116548,52.2096685135,211.968663762,234.425255377,223.741727117,177.624938797,282.623705654,211.968590626,211.968366763,211.968975125,237.978080458
2011-11-21 03:00:00,234.10768766,92.2057082346,220.409075533,215.03781951,211.968544378,8.44926341524e-06,364.535820557,211.968531747,369.287650001,233.671736676,211.968471985,211.96859728,85.4738761882,226.165920427,183.714859031,246.021213372,211.968553005,211.968567365,409.579697406,158.974119355,92.2062694463,211.968664352,234.425255429,223.741731076,177.624939413,282.624023667,211.968594219,211.968384637,214.300690663,237.978165388
2011-11-21 04:00:00,234.107695265,92.2063047884,220.409076669,215.037818606,211.968544902,8.60901845569e-06,364.535822472,211.968531734,369.287652862,233.671737498,211.968477418,211.968599188,85.4738766486,226.165922578,183.714859642,246.021225226,211.968553875,211.968567992,409.579698868,158.974123187,92.2063747469,211.968668755,234.425255741,223.741735424,177.624940499,282.624197036,211.968599232,211.968451777,211.968947329,237.978633114
2011-11-21 05:00:00,234.107701804,92.2063127845,220.409085091,215.037818669,211.968546051,9.09832910867e-06,364.535824818,211.968532492,369.287658082,233.671740726,211.968477333,211.968602831,85.4738772703,226.165924819,183.714860722,246.021231915,211.968554976,211.968569879,409.579712259,158.974129248,211.96852098,211.968676331,234.425256331,223.741743002,177.624941305,282.624386418,211.96860598,211.968505176,214.333264662,237.978779126
2011-11-21 06:00:00,234.107702957,92.2063110659,272.109932864,215.037810747,211.968546195,9.67688282065e-06,364.535825475,211.968534824,369.287661288,211.968473683,92.2065686625,211.968609529,85.4738779326,226.165923208,183.714834542,246.021232548,211.96855434,211.968570371,409.579715946,158.974195632,211.968549589,211.968685588,234.425256674,223.741743751,177.624941609,282.62440146,211.968607817,211.968460124,214.333993341,237.978879403
2011-11-21 07:00:00,234.107643778,92.2063171477,272.109943354,174.180540357,211.968545995,9.84502369109e-06,364.535824048,211.96854168,369.287644012,189.274113981,92.2065005312,211.96861296,85.4738782257,183.19438689,148.809035958,246.021223215,171.69452688,171.69453823,409.579720066,211.965232138,211.968551839,211.968686957,211.96832613,181.230813352,177.624941706,282.624492565,171.694582976,211.968482098,214.335417292,237.97891302
2011-11-21 08:00:00,189.627229852,92.2063405538,220.409076773,161.278218277,171.694558155,9.71772053014e-06,295.274008146,211.968545073,299.123007873,189.274110179,0.0200762092447,211.967503791,85.4733715333,169.624658009,148.809009814,211.968201474,171.694506586,158.976809743,307.184816632,211.968435296,211.968551975,211.968682053,189.884457871,181.230778952,177.624927248,211.968481952,171.6945776,211.968376815,214.335398453,237.978835962
2011-11-21 09:00:00,175.58088957,211.968517288,220.409074328,0.0100359784676,171.694526267,9.7234596369e-06,211.96859988,211.968539707,299.123004413,189.274100778,0.0199794468385,171.69458292,64.1054616382,0.0100434732016,0.0100378410409,199.277211926,0.0100293214847,0.010016194833,211.968557436,211.967434241,211.968552752,211.968681988,189.884457202,167.806734201,143.876205297,211.968449027,171.694574227,211.968456924,214.33561843,237.978811823
2011-11-21 10:00:00,175.580836249,211.968533394,220.409072553,0.0100244083743,171.694524182,9.582136982e-06,211.968538882,211.968537868,299.123003236,189.27409744,0.0199720037013,171.694579241,64.1054423501,0.0100326389944,0.0100306875102,199.277207053,0.0100152715521,0.0100129606348,211.968549523,211.964848118,211.968552791,211.968681025,189.884453853,0.0101077521202,143.876203619,211.968434187,171.694574676,211.968494557,214.338483366,237.978800302
2011-11-21 11:00:00,175.580832021,211.96853784,220.409071179,0.0100370738205,171.694522796,9.55414525064e-06,211.968502404,211.968538053,299.123007451,189.274108743,0.0200927388155,171.694576347,64.1054342549,0.0100507390424,148.809005816,199.277211166,0.0102283878117,0.0100353844052,211.96855098,158.974215626,211.968552376,211.968680392,175.819042803,0.0299627005765,143.876203349,211.968425906,171.694578383,211.968548663,264.610069703,237.978824133
2011-11-21 12:00:00,175.580976208,211.96854139,220.409072933,161.278282424,171.694521566,9.61689024349e-06,211.968553435,211.96853788,299.123014201,189.274115759,92.206455517,171.694573087,64.1054550297,169.624803713,148.809039131,199.277216883,171.694520837,171.694519522,211.968591387,158.974180055,211.968553134,211.968685468,189.884456946,181.230774028,143.876203282,211.968452649,171.694585765,211.968576082,264.610952076,237.978829266
2011-11-21 13:00:00,189.627245298,211.968545351,220.409074791,174.180547469,171.694525163,9.54152282142e-06,295.273981924,211.968539577,369.287649512,189.274177246,92.2065735485,171.694577736,64.1065246996,183.194390473,148.809078009,211.968539442,171.694532591,171.694544561,331.759566138,158.974120011,211.968553737,211.968685669,189.884458488,181.23082147,143.87620392,211.968514651,211.968446209,211.96858318,326.67872648,237.978864202
2011-11-21 14:00:00,234.107681688,211.968549878,220.409084695,215.037585055,171.694542994,9.5488516382e-06,295.274033375,211.968550788,369.287675072,233.671749385,238.106494331,171.694582182,85.4738646201,226.165907173,226.808376626,246.021230263,211.968565194,211.968578519,409.579698156,158.974108485,211.968554451,211.968684666,234.425233388,211.968692915,143.876208187,211.968658407,211.968617027,211.968587254,326.679111681,237.978991262
2011-11-21 15:00:00,234.107721544,211.968552463,272.109962228,215.037849341,211.968545068,9.68767336756e-06,450.044103463,211.968550264,369.287677885,233.671753302,238.106630843,171.700453033,85.4738777411,226.166102377,226.808382184,246.02123254,211.968570657,211.968591857,409.579792072,158.974124681,211.968554878,211.968687998,234.425258853,223.743921604,177.624931564,282.624872664,211.968621992,211.968586004,326.679096108,237.979144892
2011-11-21 16:00:00,234.107724724,211.96855289,272.109966068,215.037859521,211.968547356,9.6237624668e-06,450.044120119,211.968553301,369.287678586,233.671755483,238.106645435,211.968609656,85.4738785038,226.166112344,226.808384586,246.021232436,211.968572182,211.968594628,409.579794827,158.974149274,211.968555208,211.968698475,234.425259285,223.743935108,177.624942059,282.625000122,211.968623958,211.968587209,326.67899948,237.979152742
2011-11-21 17:00:00,234.107723802,211.968553424,272.109962158,215.037863171,211.968549164,9.51594144858e-06,450.044123075,211.968554386,369.287678704,233.671756571,238.10665062,211.968619039,85.4738785184,226.16611566,226.808385577,246.02123184,211.968572909,211.968595811,409.579795034,158.974242779,211.968554694,211.968684597,234.425259378,223.743940541,177.624942244,282.625047205,211.96862485,211.968589071,326.678963679,237.979017871
2011-11-21 18:00:00,234.107719939,211.968553418,272.109964171,215.037865435,211.968546605,9.32417749386e-06,450.044114324,211.968553041,369.287678536,233.671757013,238.106660285,211.968619703,85.4738780823,226.166117004,226.808385781,246.021231499,211.968573223,211.968596411,409.579796823,211.964845086,211.968554632,211.968678091,234.425259312,223.743943267,177.624942278,282.625042377,211.968624767,211.968585872,326.678767584,237.978938606
2011-11-21 19:00:00,234.10771399,211.968551664,272.109958655,215.037865791,211.968545889,9.15447871182e-06,450.044072304,211.968549908,369.287677856,233.671756567,238.106658766,211.968619852,85.4738775139,226.166117014,226.808385873,246.021230537,211.968573299,211.968596528,409.579795234,158.974134039,211.968553609,211.968672799,234.425259247,223.743943995,177.624942177,282.625026467,211.968624212,211.968577941,264.610901875,237.97883182
2011-11-21 20:00:00,234.107707693,211.968551773,272.109939764,215.03786455,211.968545858,9.00202038356e-06,450.04388757,211.968549219,369.287676374,233.671756128,238.106652362,211.968619646,85.4738774092,226.166116837,226.80838533,246.021228321,211.968573057,211.968596536,409.579793289,158.974123775,211.968551693,211.968670068,234.425258868,223.743941425,177.624941872,282.625038383,211.96862281,211.968555277,264.610392846,237.978756976
2011-11-21 21:00:00,234.107708367,211.968549645,220.409100562,215.03786225,211.968548087,8.76668272929e-06,450.044110307,211.968547836,369.287673906,233.671755858,238.106641954,211.968619502,85.4738771153,226.166114564,226.808384499,246.021224504,211.968572551,211.968596101,409.579736709,158.974134101,211.968544015,211.968666623,234.425258248,223.743938861,177.624941338,282.625059899,211.968621243,211.968547548,264.610276348,237.978707304
2011-11-21 22:00:00,234.107702266,211.968545633,220.40908172,215.037857023,211.968549584,8.47974743125e-06,450.044117613,211.968540062,369.287668384,233.671753982,238.106623857,211.968618814,85.4738766392,226.166108092,226.808383448,246.02122076,211.968571774,211.96859536,409.579697991,158.974133809,211.968519545,211.968660526,234.42525732,223.743933356,177.624940291,282.625057216,211.968618816,211.968547561,264.610214175,237.978664628
2011-11-21 23:00:00,234.107699818,211.968543019,220.409077894,215.037849938,211.968548128,8.24054001035e-06,450.044085967,211.968536122,369.287661519,233.671751319,238.106613145,211.968615914,85.4738769248,226.166094684,226.808382602,246.021219323,211.968570358,211.968593989,409.579696894,158.974178267,211.968493239,211.968652675,234.425255686,223.743929076,177.62493844,282.624986292,211.968616945,211.968548332,264.610192797,237.978643902
2011-11-22 00:00:00,234.10769752,211.968541595,220.40908091,215.037845702,211.968548753,8.11548851939e-06,364.538316451,211.968537155,369.287657727,233.671748964,238.106610581,211.968606033,85.4738771847,226.166088572,226.808381411,246.021221966,211.968568826,211.968591712,409.579697992,158.97417512,211.968472529,211.968650316,234.425254691,223.743924233,177.624933681,282.624877971,211.968612414,211.968556242,264.610168643,237.978577329
2011-11-22 01:00:00,234.107696053,211.968541746,220.409079792,215.037842473,211.968548319,8.01144281064e-06,364.535879668,211.968536023,369.287656125,233.671747377,238.106606324,211.968598706,85.4738775505,226.166082044,226.808381115,246.021221255,211.968567391,211.968588542,409.579697925,158.974131456,211.968463365,211.968640877,234.425255087,223.743922203,177.624933801,282.624813079,211.968610988,211.968562538,264.610182046,237.978606377
2011-11-22 02:00:00,234.107695251,211.968541714,220.409079483,215.037838947,211.968547809,8.0038081917e-06,364.535849587,211.968535395,369.287655972,233.67174614,238.106606303,211.968596669,85.4738775963,226.166077771,226.808380909,246.021219322,211.968566946,211.968586248,409.579698329,158.974118373,211.968463385,211.968622356,234.4252551,223.743920827,177.624934437,282.624836784,211.968610782,211.968572251,264.610241341,237.978623167
2011-11-22 03:00:00,234.107697408,211.968543195,220.40907959,215.037838947,211.968549139,8.04734294069e-06,364.53588468,211.968535698,369.287656344,233.671745739,238.106611305,211.9685955,85.4738774732,226.166081804,226.808380516,246.021219973,211.968567597,211.968585327,409.579698791,158.974117328,211.968480945,211.968615056,234.425255578,223.743922446,177.624936601,282.624908194,211.968613539,211.968594373,264.610327902,237.978704498
2011-11-22 04:00:00,234.107706017,211.968547701,220.409081257,215.037841487,211.968553792,8.19773246479e-06,450.044008275,211.968535858,369.287657896,233.671746671,238.106630137,211.968597828,85.4738776975,226.166093198,226.808380841,246.021223615,211.968569249,211.968586685,409.579700954,158.974116726,211.96851127,211.968616729,234.425256991,223.743927891,177.624939356,282.625020457,211.96861797,211.968632801,264.610590234,237.978788783
2011-11-22 05:00:00,234.107715612,211.968551083,220.409098,215.037845781,211.968557443,8.53639642301e-06,450.044139158,211.968536177,369.287665274,233.671749246,238.106658099,211.968602516,85.4738781855,226.166104876,226.808381074,246.021226856,211.968571266,211.968590761,409.579790883,158.974116695,211.96854999,211.968647917,234.425258745,223.743938323,177.62494082,282.625095208,211.968622736,211.968669526,326.678974638,237.978966504
2011-11-22 06:00:00,234.107716247,211.968551913,272.109965033,215.037845213,211.968558641,9.13474982364e-06,450.044145184,211.968547472,369.287664952,211.968581387,238.106536948,211.968612068,85.4738790959,226.166106342,226.808371459,246.02122647,211.968571192,211.968592188,409.579794292,158.974143094,211.968554982,211.968663041,234.425259441,223.743939674,177.624941068,282.625157355,211.96862332,211.968684181,326.680183836,237.979437719
2011-11-22 07:00:00,234.107676034,211.968551379,272.109975651,174.180638489,211.968558752,9.26167060427e-06,450.044146066,211.968554231,369.287649679,189.274118658,192.866437629,211.96861604,85.4738792032,183.19454752,183.714786584,246.021211268,171.694543495,171.694560687,409.579793402,211.963931243,211.968554858,211.968666027,234.425254833,181.23259714,177.624940987,282.625184575,211.96846594,211.968679324,326.680327266,237.979432459
2011-11-22 08:00:00,189.627194436,211.968549061,220.409078438,161.27871627,211.968544794,9.17975894126e-06,364.535823119,211.968553493,299.122996669,189.274074215,192.866404566,211.968226498,85.4736980501,183.194525896,183.714775618,199.277190875,171.694537691,171.694530294,331.759623419,211.96666402,211.968554702,211.968664309,189.884461636,181.232572824,177.624928817,211.968974182,171.694601781,211.968639457,326.680203537,237.978988026
2011-11-22 09:00:00,175.580812862,211.96854337,220.409074037,0.0100909170939,171.694573721,9.11543143315e-06,364.535768076,211.968549847,299.122989394,0.0100291917022,192.866400771,171.69459466,64.1054777362,183.194496367,183.714674879,199.277186567,171.694507501,0.0100611847311,211.96862271,158.974046324,211.96855491,211.968652556,189.884461035,181.232308249,177.624556954,211.968944741,171.694586589,211.968638768,326.677641412,237.978863708
2011-11-22 10:00:00,0.0133739553945,211.968543341,220.409073144,0.010057464189,171.694535034,9.08070609776e-06,364.535762296,211.96853914,299.122981237,0.0100197075003,192.866403129,171.694588502,64.1054546488,183.194529176,183.714484543,199.277181945,171.694486431,0.0100225667511,211.968557243,0.0159534719975,211.968554671,211.968638365,189.884460796,167.809279703,143.876203593,211.968927006,171.694576838,211.968647937,326.675035959,237.978860664
2011-11-22 11:00:00,175.577699051,211.968543473,220.409071491,0.0101410615501,171.694533347,9.00968986815e-06,364.535760208,211.968536177,299.122990535,175.254176278,192.866413575,171.694591442,64.1054479918,183.194542735,183.714773271,199.277183251,171.694534768,92.209439217,211.968559505,0.0151424238584,211.968554219,211.968600706,189.884460715,181.232415566,143.876202931,211.968927811,171.694579942,211.968653312,326.680323525,237.978985174
2011-11-22 12:00:00,175.580826201,211.968547612,220.409071701,174.180408872,171.694533679,9.04211716598e-06,364.535761291,211.968535342,299.122995395,189.274117165,211.968541172,171.69458865,64.1054655329,183.194553217,183.714788276,199.277188284,171.694542903,171.694552725,307.184833012,0.0150583577359,211.968553667,211.968633639,189.884460894,181.232573923,143.876202759,211.968973299,171.69458727,211.968679861,326.680460939,237.979282013
2011-11-22 13:00:00,189.627245112,211.968545044,220.409073776,174.180670936,211.968524015,9.02818917007e-06,364.535764517,211.968534724,369.287632208,189.27413596,238.106584561,171.694587652,64.1056349365,183.194730894,183.714799287,199.277192427,171.694552471,171.694572404,331.759634711,0.0150755135665,211.968553243,211.968650377,189.884461674,181.232607603,143.876203304,211.969094505,171.694625178,211.968743256,326.680628436,237.979562271
2011-11-22 14:00:00,234.107690018,211.968542875,220.409104112,215.040123661,211.968545285,9.03998138102e-06,364.535810784,211.968535436,369.287647607,233.671786228,238.106679365,171.694588092,85.4738655916,226.166107898,226.80838777,246.021217905,211.968574085,261.689563596,409.579699203,0.0151029668144,211.96855356,211.968651314,234.425241839,223.74378825,177.624864819,282.625082319,211.968618493,211.968723977,326.680812661,237.979728861
2011-11-22 15:00:00,234.107731539,211.968539761,272.109990295,215.040539026,211.968553992,9.14542913985e-06,450.044635672,211.968546229,369.287647503,233.671797061,238.106688288,171.694601921,85.473878718,226.166127652,226.808389883,246.021220049,211.968577327,261.689598751,409.579805072,0.0152718911311,211.96855341,211.968655487,234.425261098,223.744081427,177.624931608,282.625434807,211.968623099,211.968696256,326.680825872,237.979767148
2011-11-22 16:00:00,234.107734057,211.968536518,22765.904837,215.040575954,211.96855781,9.05034456593e-06,450.044643461,211.968554238,369.287646355,233.671801736,238.106690463,211.968608385,85.4738792462,226.166132017,226.808391466,246.021220143,211.96857816,261.689604067,409.579809395,0.0199362556484,211.968551985,211.968659955,234.425261386,223.744095895,177.624939975,282.625510723,211.968623635,211.968660324,326.680556373,237.979720188
2011-11-22 17:00:00,234.107733519,211.968533843,272.109983988,215.040587473,211.968558376,8.9472275409e-06,450.044645285,211.968553906,369.287644706,233.671803993,238.106690599,211.968620107,85.4738791335,226.16613324,226.808392116,246.021219858,211.968578541,261.68960613,409.579809191,0.0197873922512,211.968547405,211.968658582,234.425261424,223.74410236,177.624940114,282.62553857,211.968623221,211.968637156,326.680358223,237.979586283
2011-11-22 18:00:00,234.107730359,211.968530833,272.109971509,215.040593186,211.968555341,8.80821659755e-06,450.044644969,211.968539363,369.287643301,233.671805069,238.106689851,211.968620354,85.473878737,226.166134215,226.80839216,246.021219629,211.968578806,261.689607224,409.579805912,0.0151506921127,211.968532507,211.968656555,234.425261319,223.744105557,177.624939977,282.625559791,211.968622855,211.968616097,326.679793578,237.979316893
2011-11-22 19:00:00,234.107725353,211.968524164,272.109963492,215.040594558,211.968553076,8.62964954237e-06,450.044644191,211.9685324,369.287639726,233.671805117,238.106686003,211.968620344,85.4738784699,226.166133531,226.808391929,246.021219079,211.968578633,261.689607842,409.579803301,0.0150607327869,211.968456393,211.968655734,234.425261251,223.74410463,177.624939735,282.62554678,211.968621698,211.968592877,264.611730533,237.978904587
2011-11-22 20:00:00,234.107717341,211.968516128,272.109949664,215.040591632,211.968549954,8.44681174482e-06,450.044642691,211.968529576,369.287631484,233.671805043,238.106678932,211.968619709,85.473878116,226.166132332,226.80839122,246.021217872,211.968578121,261.689607709,409.579798488,0.0150427044222,52.2100113461,211.968652534,234.425261105,223.744099734,177.624939168,282.62550541,211.96861944,211.968571616,264.610277247,237.978768254
2011-11-22 21:00:00,234.107716022,211.96849047,220.409163588,215.040577973,211.968553681,8.16771471293e-06,450.04464313,211.968520624,369.287606368,233.671804673,238.106666503,211.968618943,85.4738778581,226.166128254,226.808389859,246.021215775,211.968577429,261.689607316,409.579777725,0.015027831608,52.2095111775,211.968647097,234.425260896,223.744091056,177.624937899,282.625510803,211.968616772,211.968557248,264.610122487,237.978711904
2011-11-22 22:00:00,234.107708347,211.968306264,220.409081809,215.040518804,211.96855305,7.85457317434e-06,450.044641752,0.015042918567,369.287337331,233.671802149,238.106638076,211.968617418,85.4738776026,226.166117665,226.808387651,246.021213126,211.968576378,261.689606061,409.579699871,0.0150144616137,52.2094955908,211.968637157,234.425260436,223.744071441,177.624935549,282.625187652,211.968613384,211.968549065,264.608650867,237.97865638
2011-11-22 23:00:00,234.107705647,92.197009108,220.409075767,215.039887615,211.968548552,7.57129311791e-06,450.044622662,0.0150084953426,211.968570059,233.671797047,238.1066217,211.968614018,85.4738775216,226.166101772,226.808385774,246.021211139,211.968574445,261.68960457,409.579697775,0.0150092227979,52.2094902803,211.968618871,234.42525954,223.744053093,177.624932671,282.625304611,211.96860987,211.968542962,264.598549658,237.97860007
2011-11-23 00:00:00,234.107702953,92.1969210687,220.409074096,215.038346072,211.968547118,7.38880230935e-06,450.043866337,0.0150057185073,211.968555272,233.671791154,238.106623116,211.968609779,85.473877631,226.166097697,226.808380772,246.021211359,211.968573467,261.68960098,409.579696903,0.0150021308238,52.2094908741,211.968626101,234.425258574,223.744036383,177.624930685,282.625296227,211.968605653,211.968527785,214.344441598,237.978502966
2011-11-23 01:00:00,234.107701382,0.0151276551696,220.409074112,215.038094024,211.968546582,7.33560738549e-06,364.536267604,0.0150041320548,211.968547695,233.671786491,238.106616259,211.968605894,85.4738780575,226.166086682,226.808378787,246.021209647,211.968571568,261.68959414,409.579696669,0.0150015413886,52.2094872741,211.968622065,234.425257726,223.744021969,177.62492996,282.625080006,211.968602213,211.968528174,214.343167173,237.978432087
2011-11-23 02:00:00,234.107700951,0.0150723060741,220.40907443,215.038063861,211.968546241,7.32001742875e-06,364.5362059,0.0150031469615,211.968531706,233.671783586,238.106607718,211.968602401,85.4738783197,226.166064235,226.808377478,246.021208694,211.968570341,261.689587675,409.579696898,0.015001214526,52.2094851426,211.968619134,234.425257386,223.744025594,177.624930213,282.625241603,211.968601543,211.968534259,214.340654833,237.978369681
2011-11-23 03:00:00,234.107703829,0.015061342171,220.409074438,215.038121117,211.968546172,7.34006008638e-06,364.536201439,0.0150023756532,211.968530483,233.671784548,238.106606763,211.968599236,85.4738781786,226.166056223,226.808376907,246.021208729,211.968571025,261.689587517,409.579697321,0.0150004896344,52.2094827463,211.968612928,234.425257846,223.744032711,177.624931414,282.625352825,211.968601361,211.968554149,264.609667513,237.978477429
2011-11-23 04:00:00,234.107714837,0.0150850641083,220.40907517,215.03875284,211.968546572,7.44435261615e-06,364.536838449,0.0150018479067,211.968537166,233.671793051,238.106617467,211.96859691,85.4738777209,226.166076133,226.808379356,246.021210774,211.968572776,261.689594584,409.579698982,0.0150000363106,52.2094812315,211.9686154,234.425259087,223.744062975,177.624934356,282.625416918,211.968603029,211.968580104,264.610170341,237.978644382
2011-11-23 05:00:00,234.107725943,0.015125770396,220.409082243,215.040536259,211.9685484,7.83155279935e-06,450.044632836,0.0150016039492,211.968553436,233.671800473,238.106644743,211.968596334,85.4738785397,226.166104445,226.808382339,246.021212639,211.96857471,261.689602317,409.579797967,0.0149996911954,52.2094828299,211.968630986,234.425260667,223.744110869,177.62493628,282.625538926,211.968604639,211.968593085,264.610409205,237.978691419
2011-11-23 06:00:00,234.107727951,0.0150616395202,272.109882685,215.040606744,211.968555015,8.41620990137e-06,450.044641725,0.0150016674881,211.968590327,211.968558322,238.106537785,211.968596964,85.4738796014,226.166112024,226.808370862,246.021211273,211.968574308,261.689606106,409.579801798,0.0149999665245,52.2095013383,211.968642333,234.425261122,223.744119423,177.62493615,282.625637575,211.968599415,211.968584783,264.610309999,237.97866076
2011-11-23 07:00:00,234.107696291,0.0150370432344,272.109899109,215.037850874,211.96855659,8.60868691977e-06,450.044642141,0.0150021757548,171.694555596,189.274167471,211.968559089,211.96859451,85.4738798651,226.162877706,183.714789659,246.021155272,171.694546698,211.968581404,409.579801264,0.0150016408419,52.2094835725,211.968633117,211.968629934,223.744003969,177.624935423,282.625657159,171.694543318,211.968569133,264.610215706,237.978625439
2011-11-23 08:00:00,189.627176165,0.0150263868351,272.109888427,215.037842015,211.968545102,8.43100311964e-06,450.044639032,0.015001674708,92.2063513965,189.274164456,211.968432394,211.967703794,85.4737910966,183.194585377,183.714777968,199.277170119,171.69454249,211.968577212,228.92591922,0.0150029981776,52.2094783768,211.968608132,189.884461972,223.740923826,143.876196953,282.625545203,171.694477379,211.968541924,264.609589255,237.978042271
2011-11-23 09:00:00,175.580816214,0.0150203536779,220.409146782,215.037835933,171.694583662,8.29246625322e-06,450.04463185,0.0150006945522,92.20633355,189.274162983,192.866415574,171.694481901,64.1054828335,183.19457162,183.714742788,199.277150389,171.694530551,211.968578254,228.925709027,0.0150024374214,52.209477019,211.968574644,189.884461434,181.233063364,143.876194311,282.625373838,92.2100284514,211.968506815,214.331902294,237.977990396
2011-11-23 10:00:00,175.580615469,0.0150149386845,220.409077311,215.037842314,171.694537256,8.16800022283e-06,450.044621843,0.0150003203662,92.2063245016,189.27416454,192.866413655,171.694473364,64.1054597252,183.194569891,183.714756848,184.517385674,171.694458638,211.968582721,211.968567379,0.0150011856779,52.2094746796,211.968533728,189.884459241,181.232767675,143.876192766,282.625054055,0.010076136745,211.968484085,214.331529921,237.977964188
2011-11-23 11:00:00,175.580735262,0.0150088888141,220.409072233,215.037872583,171.694534055,8.17906195001e-06,450.044420009,0.0150001678898,92.2063412383,189.27416809,192.866529162,169.361299076,64.1054506847,183.194576801,183.714785074,199.27714892,171.69451926,211.968586636,211.96855702,0.0150013664308,52.2094723414,211.968510242,189.884455966,181.232766202,143.876095103,282.624271458,158.976519461,211.968450193,214.331703964,237.978076026
2011-11-23 12:00:00,175.580838472,0.0150064201278,220.409069966,215.03808969,171.694534391,8.12171308426e-06,364.536201953,0.0150001894008,171.694519594,189.274177283,211.968523436,0.010085286882,64.1054676278,183.194648732,183.714793236,199.277168872,171.694542307,211.968602873,211.968546764,0.015002594658,52.2094790217,211.968531829,189.884461339,181.232787828,77.2669318515,282.622033176,171.694530599,211.968450968,264.606483371,237.978303101
2011-11-23 13:00:00,189.627257697,0.0150036808036,220.409067388,215.04024554,171.694541059,8.18807311353e-06,450.044627606,0.0150001818676,171.694546155,233.671106186,238.106529106,0.0150991000323,64.1057773343,226.165856272,183.714807946,199.277174026,171.694548922,261.689583616,211.968567276,0.0150041286175,52.2094729995,211.968515616,189.884462613,223.743941614,143.876185557,211.969520716,171.694549017,211.968406946,264.606937693,237.978174273
2011-11-23 14:00:00,234.107697927,0.0150019078561,220.409059718,215.040637001,211.968543446,8.20135812032e-06,450.04462966,0.0150002946379,211.968558464,233.671814052,238.106611679,171.694476332,85.4738666169,226.166093188,226.80838978,246.021196954,211.968573379,261.689611303,282.624580884,0.0150049236739,52.2094686239,211.968497677,189.884564061,223.744106259,143.876193644,282.624817761,211.968571608,211.968297337,264.606751736,237.977944379
2011-11-23 15:00:00,234.107741778,0.0150008945264,220.409061666,215.040650246,211.968549694,8.07155468394e-06,450.044628477,0.0150004666011,211.968558502,233.671817751,238.10663849,171.694481922,85.4738795653,226.166114459,226.808392073,246.021198752,211.968576646,261.689615121,282.624768119,0.0150068767192,52.209464803,211.968341341,234.425272061,223.74412308,143.876195421,282.625597111,211.96857639,211.967919348,264.606053448,237.977779929
2011-11-23 16:00:00,234.107743774,0.0150002876816,220.409058641,215.040652554,211.968557594,7.98012482743e-06,450.044628437,0.0150007782766,211.968557932,233.671820358,238.106639168,211.968483748,85.4738797986,226.166116836,226.808393867,246.021198926,211.968577403,261.689616258,282.624773753,0.0150133206616,52.2094585074,0.0163049845551,234.425272704,223.744123467,177.624931411,282.625666055,211.968577786,0.0237077357878,211.971923926,237.977359381
2011-11-23 17:00:00,234.107743141,0.0149999752035,220.40904885,215.040650989,211.968558507,7.7620879985e-06,450.044623245,0.015000976622,211.968557478,233.671821436,238.106635263,211.968493894,85.473879783,226.166115371,226.80839453,246.021198822,211.968577709,261.689616957,282.624732327,0.0150239439156,52.2094330822,0.0150760953844,234.425272912,223.744123133,177.624931851,282.625661479,211.968578307,0.0153606798319,211.968587417,237.973905301
2011-11-23 18:00:00,234.107740181,0.0149996802332,220.409041159,215.040650034,211.96855761,7.70785668367e-06,450.044605188,0.0150008069366,211.968558313,233.671821914,238.1066298,211.968494319,85.4738793086,226.16611377,226.808394494,246.021198666,211.968577853,261.68961697,282.624582341,0.0150332821081,52.209385102,0.0150381704865,234.425273035,223.744121111,177.624931997,282.625642123,211.968578598,0.0151256568975,211.968447403,237.954721188
2011-11-23 19:00:00,234.107734608,0.0149993673431,211.968539197,215.040646426,211.968555762,7.57957453219e-06,450.044557108,0.0150009403074,211.968556748,233.671821543,238.106614624,211.968494276,85.4738788057,226.166110034,226.808394055,246.021198148,211.96857768,261.689616914,282.624571966,0.0150326434072,0.0173553459569,0.0150212409133,234.425273047,223.744115108,177.624932011,282.625609762,211.968578404,0.0150415078366,211.968056191,211.966021826
2011-11-23 20:00:00,234.107726682,0.0149993234526,0.0201057696028,215.040638782,211.96855287,7.36565725939e-06,450.02998085,0.0150011084153,211.968554581,233.671820749,238.106592997,211.968493956,85.4738786953,226.166105465,226.808392466,246.021197064,211.968577095,261.689615964,211.968577686,0.0150227722249,0.0150088494032,0.0150123990465,234.425272969,223.744106593,177.62493192,282.625541131,211.968577218,0.0150203671168,0.0160965251648,0.0206204655866
2011-11-23 21:00:00,234.107724882,0.0149990940018,0.0200281865895,215.040624286,211.968554834,7.12535186246e-06,450.043916566,0.0150008993088,211.968550645,233.6718205,238.106571167,211.968493569,85.4738784433,226.166097918,226.808389721,246.021195508,211.968576346,261.689615244,211.968557361,0.0150150632945,0.0150031628324,0.0150065551776,234.425272794,223.744098056,177.624931738,282.625418891,211.968575969,0.0150103893064,0.0154135674527,0.0202508867977
2011-11-23 22:00:00,234.107716069,0.0149988510114,0.0200147971396,215.040577179,211.968553692,6.7750006674e-06,364.536081394,0.0150005302183,211.968545726,233.671818072,238.106505445,211.968492664,85.4738779283,226.166072685,226.808386029,246.021193962,211.968575378,261.689613768,211.968529033,0.0150097727451,0.015001569295,0.0150037124185,234.4252725,223.74408017,177.624931494,282.625297228,211.968574377,0.0150058853369,0.0151665578548,0.0201348076915
2011-11-23 23:00:00,234.107711546,0.0149987293518,0.0200098273004,215.040250513,211.968549574,6.49329243244e-06,364.535827617,0.0150002589303,211.968540461,233.671812157,238.105881082,211.968491019,85.4738779886,226.165996497,226.808383018,246.021193068,211.968573838,261.689610377,0.0202543730925,0.0150059821453,0.0150009175007,0.015002249565,234.42527187,223.744056862,177.62493113,282.625101363,211.968572774,0.0150033800614,0.0150632013041,0.0200864500599
2011-11-24 00:00:00,234.107708754,0.014998683422,0.0200073537405,215.038362046,211.968548786,6.34105080358e-06,364.535813103,0.0150001102212,211.968534449,233.671802598,211.968486249,211.968489262,85.4738779149,226.165970224,226.808373433,246.021192378,211.968572483,261.689605395,0.0202460121649,0.0150034993948,0.0150005049448,0.0150008741686,234.425271429,223.744030896,177.624930716,282.625223417,211.968570648,0.0150014498078,0.0150257726974,0.0200522893806
2011-11-24 01:00:00,234.107707209,0.0149986623404,0.0200051257252,215.038159479,211.968547819,6.24957568212e-06,364.535800445,0.0150000258468,211.968531107,233.671795874,211.968432794,211.968487524,85.4738784144,226.165971043,226.80816547,246.021191065,211.968570703,261.689599651,0.0202449045757,0.0150003272157,0.0150002969993,0.0150007721742,234.425270982,223.744033263,177.624930641,282.625264413,211.968569082,0.0150007178364,0.015014901852,0.0200411276551
2011-11-24 02:00:00,234.107706679,0.0149986748349,0.0200042515979,215.038074003,211.96854731,6.24742248947e-06,364.53578661,0.0149999801309,211.968531982,233.671790112,211.968058898,211.968485997,85.4738784961,226.16596475,183.714942616,246.021189966,211.968569886,261.689594147,0.0202451475097,0.0149994352584,0.0150001747095,0.0150008492863,234.425270674,223.744023335,177.624930632,282.625224321,211.968568134,0.0150003519655,0.015002946126,0.0200328918451
2011-11-24 03:00:00,234.107709117,0.0149988644596,0.0200033282294,215.038095522,211.968547526,6.20223933744e-06,364.535804391,0.0149999346085,211.968526826,233.67179368,211.967983645,211.968484275,85.4738783544,226.165971918,183.714908761,246.021190097,211.968569914,261.689588794,0.0202445179596,0.0149989904664,0.0150002173226,0.0150012327016,234.425270796,223.744031493,177.62493076,282.625288578,211.968568215,0.0150020112374,0.0150026716525,0.0200292690836
2011-11-24 04:00:00,234.10771996,0.0149991897655,0.0200028003908,215.038674997,211.968549189,6.30987259597e-06,364.535810495,0.0149998604186,211.968528942,233.671800892,211.968513227,211.968482689,85.4738781521,226.165978539,183.714883842,246.021191166,211.968570852,261.689595086,0.0202453850864,0.0149987439886,0.0150005714701,0.0150021274377,234.425271454,223.744049157,177.624931128,282.625282798,211.968568518,0.0150045647405,0.0150125089423,0.0200422421731
2011-11-24 05:00:00,234.107732123,0.0149994604137,0.0200030477003,215.040538926,211.968554174,6.6902283117e-06,364.535816459,0.0149998331229,211.968537652,233.671813199,211.968781105,211.968480949,85.4738789239,226.166028242,183.715085136,246.021192449,211.96857191,261.689602915,0.024986354908,0.0149986335847,0.0150018916052,0.0150044174509,234.42527256,223.74407634,177.62493151,282.625318308,211.968569383,0.0150062973054,0.0150224165417,0.0200542625455
2011-11-24 06:00:00,234.107733446,0.0149996474178,0.0200086487179,215.040606491,211.9685545,7.22977300658e-06,364.535819599,0.0149999635183,211.968533098,211.968576122,103.576489539,211.968479822,85.4738798999,226.166037198,226.808371199,246.021190765,211.968570395,261.689604653,0.0249927131128,0.0149992272312,0.0150569480205,0.0150216358172,234.42527309,223.744076148,177.624931568,282.62535606,211.968566824,0.0150061753586,0.0150275035403,0.0200467527627
2011-11-24 07:00:00,234.107702126,0.0149997347092,0.0200090140162,215.040324406,211.968552858,7.37685796145e-06,364.535804232,0.0150000128951,171.694524294,189.274183024,103.57644573,211.968475127,85.4738804503,183.194507737,183.714799472,246.021174941,171.694537841,211.968586956,0.0249969178518,0.0150006242813,0.0150682764976,0.0150259205194,234.425250852,211.967987942,177.624931354,282.625302629,171.694530955,0.0150062808338,0.0150286665243,0.0200423757319
2011-11-24 08:00:00,175.581167034,0.0149997432278,0.0200044172754,215.038579096,211.968544459,7.23173974256e-06,0.0220873020639,0.0149999445444,171.693926979,189.274178332,103.576416688,211.967525878,85.4737865284,183.194486922,183.714797392,199.27715085,171.694521165,211.968579341,0.0200056815216,0.0150014360343,0.0181634396422,0.0150262244878,189.884471524,181.232699933,143.876195528,211.968967331,171.694436577,0.0150058147946,0.0150200194497,0.0200318739493
2011-11-24 09:00:00,175.580808301,0.0149998576247,0.0199993855533,215.037896271,171.694525572,7.10863204756e-06,0.0215928588819,0.0149998492557,92.2063313667,189.274176815,103.57636144,171.693742247,64.1054829032,183.194474188,183.714795388,199.277142999,0.0100294006837,211.968573857,0.0200022910225,0.0150003781366,22.7111442652,0.0150154392042,189.884470942,181.232671991,143.876193817,211.968809985,92.2100372213,0.0150054327682,0.0150136936196,0.0200225671379
2011-11-24 10:00:00,0.0103341074194,0.0149996935396,0.0199985205859,215.037826531,171.694521426,7.04872088777e-06,0.0203046291666,0.0149997944872,92.2063192422,189.274177823,103.576357425,169.363756727,64.105461554,183.194463209,183.714795112,199.27712619,0.0100151244722,211.968572553,0.0200012074434,0.0149990436277,52.2093765512,0.0150093749357,189.884469592,181.232654773,143.876191832,211.968746678,0.0100847775967,0.0150060996127,0.015014346847,0.0200172103944
2011-11-24 11:00:00,0.0104586130896,0.0149997987741,0.0199982551889,215.037781899,171.694514376,7.05100878636e-06,0.0200200898586,0.0149997610904,111.620912301,189.274180409,103.576370065,0.0100630727924,64.1054471099,183.194458293,183.714797763,199.2771424,0.0102515620998,211.9685769,0.0200008783755,0.0149985521001,52.2094293718,0.015005999129,189.884468958,181.232627202,133.218808203,211.968692654,158.976466283,0.0150063993676,0.0150166059128,0.0200218135926
2011-11-24 12:00:00,175.580825673,0.0149999685328,0.0199989952155,215.037805308,158.976476334,6.94254820881e-06,0.0202738650874,0.0149997322082,171.694468124,189.274206502,103.576429809,0.0100227118509,64.1054650317,183.194467376,183.714802303,199.277149325,171.69453235,211.968580368,0.0200010929481,0.0149999633997,52.2094452553,0.015005626264,189.88447128,181.232643707,133.218752539,211.968699521,171.694521863,0.0150070627996,0.0150176091612,0.0200276204195
2011-11-24 13:00:00,189.627256429,0.015000779918,0.0199995355818,215.037909058,171.694512839,6.95644346955e-06,0.0215920229925,0.0149997211721,171.694491168,233.671690672,103.576449094,0.0138488363499,64.1056287552,183.194479956,183.714815206,199.277154179,171.694541574,211.968583998,0.0200021825252,0.0150011282418,52.2094536859,0.0150046837979,189.884472363,181.232674084,143.876191795,211.968749889,171.694540773,0.0150089203386,0.0150218018845,0.0200400716223
2011-11-24 14:00:00,234.107698387,0.0150013972933,0.0200038043738,215.040592836,171.694522863,6.92176189299e-06,0.0266619214013,0.0149997511733,211.968483898,233.671821675,127.872146937,171.693728425,85.4738678002,226.165961304,226.808397329,246.021171541,211.968566949,261.689593768,0.0200651993989,0.0150016543688,52.2094648612,0.0150046085493,211.96849931,211.969745959,143.876193839,282.624749319,211.968564545,0.0150136852502,0.0150290223724,0.020043543663
2011-11-24 15:00:00,234.107739422,0.0150017324998,0.0200079504031,215.040614113,211.968544537,7.02646639002e-06,0.0266707959333,0.0149998101198,211.968485312,233.671823927,127.872161747,171.693743611,85.4738803472,226.166012651,226.808400122,246.021173061,211.968570145,261.689599732,0.0247024050266,0.0150021911418,52.209465255,0.0150055456299,234.425292601,223.744033619,143.876196169,282.624826921,211.968569615,0.0150446530219,0.0150343254272,0.0200467328099
2011-11-24 16:00:00,234.107741737,0.0150019907286,0.0200132995599,215.040614497,211.968545896,6.9817469952e-06,0.0266750004645,0.0149998630287,211.968485226,233.671825448,127.87216384,211.967556376,85.4738802822,226.166015502,226.808402408,246.02117307,211.968570942,261.689600262,0.0247097668111,0.0150036726715,52.209454265,0.0150053863191,234.425293657,223.744034611,177.624931338,282.62484806,211.968571376,0.0150833267129,0.0150357533416,0.0200483469843
2011-11-24 17:00:00,234.107740714,0.0150026442159,0.0200088164901,215.040607483,211.968545793,6.82183494642e-06,0.0266698011875,0.0149998761205,211.96848423,233.671826333,127.872164179,211.967588293,85.4738800436,226.166015462,226.808403576,246.021172827,211.96857125,261.689599972,0.0247041047773,0.0150052787269,52.2094432678,0.0150034218617,234.425293966,223.744034857,177.624931708,282.624830464,211.968572106,0.0151461914151,0.0150487178678,0.0200479623042
2011-11-24 18:00:00,234.107737466,0.0150024044529,0.02001529091,215.04059954,211.968545335,6.64112409509e-06,0.026667136593,0.0149998730373,211.968483036,233.671826223,127.872163951,211.967589274,85.4738798419,226.166014075,226.808403968,246.021172542,211.968571379,261.689599617,0.0247092917583,0.0150054989731,52.2094441746,0.0150032125331,234.425294081,223.744034293,177.624931798,282.624772193,211.968572582,0.015296313233,0.0150591625419,0.0200462589374
2011-11-24 19:00:00,234.107732573,0.015002669855,0.0200031307139,215.040585128,211.968543933,6.4796337477e-06,0.0266567747014,0.014999838803,211.968481195,233.671825026,127.872159119,211.967589722,85.4738794289,226.166012026,226.808403894,246.021171869,211.968571295,261.689598685,0.0246985840432,0.0150037824338,52.209435221,0.0150016030908,234.425294148,223.744030478,177.624931819,282.624723318,211.968572425,0.0181594176842,0.0150912304162,0.0200477052924
2011-11-24 20:00:00,234.107725298,0.0150047472583,0.0200011011323,215.040565808,211.968540408,6.29618446155e-06,0.0264446611985,0.0149998041882,211.968477579,233.671824164,127.872147286,211.967589706,85.4738791623,226.166009735,226.808403504,246.021170773,211.968570907,261.689597536,0.0246763667182,0.0150031563243,52.2094228198,0.0150008814951,234.425294112,223.744024035,177.62493174,282.62457871,211.968571598,0.018528865614,0.0150554163157,0.0200347517046
2011-11-24 21:00:00,234.107725405,0.0150084933574,0.0199999153035,215.040529051,211.968541026,6.00158008482e-06,0.0200306354466,0.0149997629284,211.968469943,233.671823482,127.872050508,211.967589447,85.4738790789,226.166005611,226.808402485,246.021169064,211.968570257,261.689596022,0.0200103647777,0.0150025055239,22.7110626978,0.0150002759697,234.425294,223.744018394,177.624931574,282.624515927,211.968570783,0.0186578297744,0.0150600931459,0.0200126382721
2011-11-24 22:00:00,234.107716958,0.0150113668498,0.0199989730384,215.040423191,211.968536623,5.65862468693e-06,0.0199978216689,0.0149997143859,211.968445304,233.671820124,103.576507088,211.967589021,85.4738787521,226.165994363,226.808400929,246.021167216,211.968569328,261.689593885,0.0200023356601,0.0150023824607,0.0150055877025,0.0149997452639,234.425293813,223.744008655,177.624931353,282.624389361,211.968569417,0.0186220795723,0.0150720391772,0.0200046148768
2011-11-24 23:00:00,234.107712319,0.015014522185,0.0199979320828,215.039915224,211.96255237,5.39547343875e-06,0.0199045025789,0.0149996591626,211.968314746,233.671815355,103.576474247,211.967587794,85.4738784113,226.165973076,226.808399349,246.021165546,211.968567928,261.689590027,0.0200009185128,0.0150041778421,0.0150009804443,0.0149994681842,234.425293501,223.743997534,177.62493109,282.62427738,211.968567861,0.0184818208642,0.0150950171618,0.0200035878428
2011-11-25 00:00:00,234.107708707,0.0150161549791,0.0199987957657,215.038383801,211.968516836,5.18901669047e-06,0.0200052162833,0.0149996430164,0.0205176370251,233.671802827,103.576470198,211.967586738,85.4738786025,226.165965419,226.808399206,246.021163667,211.968566545,261.689581949,0.0200008685423,0.0150076186546,0.0150002756603,0.014999360141,234.425293187,223.743986172,177.624930816,282.623991057,211.968566484,0.0179574184899,0.0150437797196,0.019999633143
2011-11-25 01:00:00,234.107707418,0.0150214241193,0.0199973311384,215.038098958,171.694568243,5.02035633425e-06,0.0199757054609,0.0149996284737,0.0201526304824,233.671792286,103.57646947,211.967585638,85.4738786772,226.165955878,226.808398406,246.021160678,211.968565127,261.689572621,0.0200004007277,0.0150161665814,0.0149998738325,0.0149992462555,234.425293124,223.743982084,177.624930697,282.623501128,211.968564989,0.0173575014096,0.0150389139407,0.0199972728263
2011-11-25 02:00:00,234.107706079,0.0150255414454,0.0199962684827,215.038079234,171.694541793,4.92490513728e-06,0.0162556676035,0.0149996136751,0.0200905573787,233.671790991,103.576471114,211.967584616,85.4738785507,226.165954324,226.808397933,246.021157091,211.968564287,261.68955596,0.0200001561503,0.0150245608351,0.0149997139166,0.014999193302,234.425293096,223.743976096,177.624930644,282.623877597,211.968564405,0.0154129214093,0.0150215899472,0.0199932581239
2011-11-25 03:00:00,234.107708393,0.0150278639114,0.0199959623311,215.038018586,171.694544575,4.8740656267e-06,0.0162424708892,0.0149996265664,0.0200543754691,233.671791226,103.576472839,211.967583744,85.4738782797,226.16595762,226.808398141,246.021157018,211.968564057,261.689548039,0.0200000600559,0.0150115888691,0.014999727354,0.014999201674,234.425293197,223.743978873,177.624930678,282.622967173,211.968564111,0.0152577012376,0.0150263702985,0.0199990289536
2011-11-25 04:00:00,234.107716946,0.0150242649869,0.0199960312414,215.038129701,211.968478766,4.97230803928e-06,0.0162531459338,0.0149996843182,0.0200413037594,233.671799414,103.576514876,211.967582712,85.4738785136,226.165968255,226.808398671,246.021159016,211.968564697,261.68955779,0.0200001269717,0.0150037927258,0.0149998650227,0.0149993982404,234.425293483,223.743983794,177.624930887,282.622997879,211.968564093,0.0153207953465,0.01506550279,0.020019399029
2011-11-25 05:00:00,234.107727643,0.0150177741763,0.0199969774689,215.039350423,211.968541347,5.29550752857e-06,0.0199761183338,0.0149998161927,0.0201095529878,233.671812279,127.872114809,211.967581857,85.4738793299,226.165981551,226.808399983,246.021160242,211.968565399,261.689567229,0.0200005252244,0.0150006607784,0.0150004622922,0.0149999824218,234.425293969,223.743993691,177.6249311,282.623337442,211.968564456,0.0152199086744,0.0151089064645,0.0200482433865
2011-11-25 06:00:00,234.107727447,0.0150085100925,0.0199989058262,215.039587259,211.968542515,5.72098922686e-06,0.0199770005194,0.0149999836383,0.0246683816336,233.671768684,103.576462968,211.967581681,85.4738802774,226.165978255,226.808401349,246.021155843,211.968563453,261.689558571,0.0200026619233,0.0150005904949,0.0150015593692,0.0150007391196,234.425294184,223.743985462,177.624930962,282.623449268,211.968561738,0.0150578053255,0.0150552004824,0.020105264456
2011-11-25 07:00:00,234.107705558,0.0150024669226,0.0199988122171,174.180729686,211.968541897,5.74335889557e-06,0.0162150275492,0.0150001049962,0.0200096762279,189.274208578,103.576458717,211.967579494,85.4738806653,183.194441703,183.714807388,246.021119128,171.694530422,171.69459302,0.0200017047649,0.0150018131203,0.0150014599069,0.0150009549868,234.425284944,181.232569938,177.62493048,282.623068374,171.694526141,0.0150377490281,0.0150588129992,0.0200943205511
2011-11-25 08:00:00,175.580925913,0.0150006694315,0.0199986175844,174.180670909,171.694518161,5.67803603779e-06,0.0151130947229,0.0149999955602,0.0199934748115,189.274179479,103.576459547,211.967545948,85.4737837678,183.194423473,183.714804062,171.694538415,171.694505658,171.694575779,0.0199967099344,0.0150018033568,0.015001330683,0.015000674956,189.884488599,181.232535069,143.876191116,158.976758811,171.694445527,0.0150219341958,0.0150428686557,0.0200678985075
2011-11-25 09:00:00,175.580789737,0.0150001175855,0.019998382516,161.27890994,158.976454692,5.62067321394e-06,0.0150423986201,0.0149997298508,0.0199731573369,189.274176747,103.576458754,171.69367364,64.1054722245,169.625097613,183.714799287,158.977521425,0.0100240818261,113.835326754,0.0199924696777,0.0150012227658,0.0150013803426,0.0150007601466,189.884488089,181.232284237,143.8761892,158.976651917,92.2103388395,0.0150110294524,0.0150282435119,0.0200469326058
2011-11-25 10:00:00,0.0102349510382,0.0149997896227,0.0199984506788,0.0100816687194,158.976423128,5.62680866034e-06,0.0150065905213,0.0149996587591,0.0164189601208,189.274176446,103.576461066,169.361318597,64.1054503376,0.0146682340078,183.7147941,0.0152608267625,0.010014259835,0.0100202863461,0.0199876969246,0.0150013703989,0.0150013410326,0.0150007432521,189.884487451,0.0105056952487,133.218719627,158.976577118,0.010129799688,0.0150077846781,0.0150228256189,0.0200314904045
2011-11-25 11:00:00,0.0102795526501,0.0149996276735,0.0199985561644,0.0100846358148,158.976447687,5.53577628429e-06,0.0150717062501,0.0149996387988,0.0164005963845,189.274179642,103.576465272,0.0100329422348,64.1054348677,169.624151608,183.714799262,107.019231784,0.0101860156141,0.0107444408017,0.0199891056695,0.0150013390164,0.0150011249016,0.0150008609343,189.88448662,167.809646361,0.0100023360817,158.976493028,158.976387558,0.0150055001641,0.0150202354956,0.0200255160093
2011-11-25 12:00:00,175.580804891,0.0149995608167,0.0200000400761,161.278855691,158.976458409,5.46626573861e-06,0.016193474426,0.0149996370166,0.0199752902022,189.274256775,103.5764751,0.0100114192551,64.1054540434,183.194380775,183.714805618,171.694529122,171.694524293,171.694571794,0.0199962024384,0.0149996747267,0.0150009639342,0.0150009187106,189.884487812,181.232517132,0.0100022835178,158.976578976,171.694512824,0.0150042172389,0.0150149002553,0.020013177913
2011-11-25 13:00:00,189.627243057,0.0149996218963,0.0199992724443,174.180670817,171.694516498,5.34732242938e-06,0.0162010549672,0.014999672972,0.0199926459278,233.671576937,103.57655377,0.0136187510032,64.105527466,183.194434863,183.714813886,171.694541096,171.694534334,171.694585633,0.0199983750612,0.0150024580758,0.0150011409435,0.0150016809752,189.884488751,181.2325466,0.0150836545284,158.976620634,171.694535206,0.0150050351823,0.01502040616,0.0200119032694
2011-11-25 14:00:00,234.107693561,0.0149996573575,0.0200006559182,215.037800319,171.694523235,5.34802700633e-06,0.0162175099404,0.0149997450775,0.0200022955577,233.671815049,211.958929487,171.693653953,85.4738631939,226.165943663,226.808402606,211.968567091,211.96855869,211.968613952,0.0199999249004,0.0150226288404,0.0150021728662,0.0150031321915,211.968636144,223.74295275,143.8761888,211.967457093,211.968558962,0.0150045480863,0.015024356661,0.0200106216925
2011-11-25 15:00:00,234.107725582,0.0149996700155,0.0200014922056,215.037876352,211.968545079,5.38893718683e-06,0.0199951560024,0.0149998936129,0.0200035696411,233.67181727,211.958955725,171.693675747,85.4738793837,226.16597821,226.808403914,211.968568534,211.968561618,211.968620019,0.0200010547184,0.019922558141,0.0150049405844,0.0150031965619,234.425294734,223.743887994,143.876190617,211.968621379,211.968563551,0.0150037394671,0.0150204615261,0.0200133839113
2011-11-25 16:00:00,234.107727786,0.0149996487672,0.020001602664,215.037879725,211.968546894,5.30169926106e-06,0.0200029340246,0.0150001742301,0.0200022436059,233.671818498,211.958961782,211.967477368,85.4738802298,226.16598221,226.808405053,211.968568705,211.968562311,211.968620918,0.0200015212428,0.0345023199029,0.0150230661363,0.0150028151599,234.425295005,223.743891167,177.624925947,211.968668808,211.968565436,0.0150027275132,0.0150161878033,0.0200079643829
2011-11-25 17:00:00,234.107726986,0.0149996742412,0.0200009697325,215.03788027,211.968547567,5.19842992271e-06,0.0200062369835,0.0150007560591,0.0200004733084,233.671818374,211.958963748,211.967506579,85.4738801516,226.165983331,226.808405393,211.968568589,211.968562581,211.968621024,0.0200010434551,0.0345170857262,0.0150222761852,0.0150015059085,234.425295048,223.743891447,177.624926368,211.968707754,211.968566086,0.0150018621866,0.0150136943872,0.0200005307131
2011-11-25 18:00:00,234.107723555,0.0149996675319,0.0200014127786,215.037880332,211.968547585,5.05519200878e-06,0.020004522353,0.0150010231298,0.0200006472138,233.671817572,211.958965549,211.967507801,85.4738798944,226.165983611,226.808405241,211.968567859,211.96856263,211.968621041,0.0200009300679,0.0344808114017,22.7110061998,0.0150004328279,234.425295027,223.743891824,177.624926484,211.96867801,211.968566077,0.0150010007627,0.0150109945765,0.0199944787981
2011-11-25 19:00:00,234.107719835,0.0149995949085,0.0199998367011,215.03787947,211.968547615,4.8291536591e-06,0.0199999941196,0.0150013139669,0.0199988269671,233.671815915,211.958962586,211.967508293,85.4738792564,226.165982814,226.808405111,211.968567786,211.968562576,211.968620542,0.0200002096232,0.0344069509018,0.0150092619115,0.0150000356334,234.425294972,223.743889486,177.624926527,211.968721331,211.968565942,0.0150001514426,0.0150071149989,0.0199905537069
2011-11-25 20:00:00,234.107715934,0.0149996368548,0.0199986460606,215.037876836,211.968547383,4.55570209804e-06,0.0200014744247,0.0150010446378,0.0199965554025,233.671814254,211.958958533,211.967508307,85.4738790294,226.165981969,226.808404358,211.968567604,211.968562249,211.968619531,0.0199999775977,0.015094842781,0.0150029839118,0.0149997334388,234.425294836,223.743886678,177.62492648,211.96870273,211.96856507,0.0149989578833,0.0150013846586,0.0199796676597
2011-11-25 21:00:00,234.107716206,0.0149994182915,0.0199985221858,215.037873558,211.968547926,4.29371190465e-06,0.0200037527954,0.0150005490628,0.0199935083894,233.671812033,211.958953799,211.967508148,85.4738789831,226.165979705,226.808403085,211.968566855,211.968561807,211.968618846,0.0199998451658,0.0150175442614,0.0150013810859,0.0149996397538,234.425294629,223.743883274,177.624926373,211.968666349,211.968564411,0.0149984047885,0.0149969411081,0.0199787386711
2011-11-25 22:00:00,234.107712171,0.0149992293913,0.0199987289049,215.037867585,211.968547934,4.01806622739e-06,0.0200037832435,0.0150002877309,0.0199904018022,233.67180727,211.958947471,211.967507619,85.4738787368,226.165975451,226.808401484,211.968566381,211.968561075,211.968617541,0.0199996235477,0.0150048607829,0.0150005806275,0.0149995543212,234.425294377,223.743877266,177.624926237,211.968694315,211.968563433,0.0149987169629,0.0149942638814,0.019975179553
2011-11-25 23:00:00,234.107709072,0.0149991234299,0.0199987550473,215.037858703,211.968547498,3.83924118572e-06,0.0200026500978,0.0150001046654,0.0199870901922,233.671799897,211.958936033,211.96750659,85.4738785935,226.165968326,226.80839992,211.96856557,211.96855993,211.96861599,0.0199994852616,0.0150019909808,0.0150002310773,0.0149994177216,234.42529403,223.743869927,177.624926067,211.968575125,211.968562561,0.0149998428319,0.0149939587087,0.0199708042431
2011-11-26 00:00:00,234.107705676,0.0149991309662,0.0199995094563,215.0378497,211.968546727,3.55857747797e-06,0.0200055170903,0.0149998715875,0.019985258595,233.671789299,211.958929166,211.96750533,85.4738785437,226.165965542,226.808397708,211.968564326,211.96855845,211.968612919,0.0199994629989,0.0150004006876,0.0149999824176,0.0149992887585,234.425293592,223.743865911,177.624925852,211.968572233,211.968561229,0.0150033676446,0.014992819663,0.0199431304951
2011-11-26 01:00:00,234.107703388,0.0149989952783,0.0199991933506,215.037844054,211.968546299,3.40492396444e-06,0.0200041116195,0.0149997569938,0.0199839932625,233.671780736,211.958915959,211.9675044,85.4738783705,226.165964024,226.80839507,211.968563076,211.968557252,211.968608173,0.0199993766295,0.01499943062,0.0149998838493,0.0149989769106,234.425293273,223.743859937,177.6249257,211.968585574,211.968560414,0.0150048615057,0.0149951948913,0.0199531682843
2011-11-26 02:00:00,234.107701625,0.0149988584543,0.0199990872295,215.037839629,211.968545838,3.29804610735e-06,0.0200051946197,0.014999698413,0.0199815317574,233.671776406,211.95889001,211.967503365,85.4738782616,226.16596015,226.808393299,211.968562446,211.968556452,211.968603347,0.0199995224758,0.0149988017666,0.0149998175485,0.0149989104234,234.425293037,223.743856854,177.624925584,211.968621923,211.968559857,0.0150195783606,0.0150040666465,0.0199532923557
2011-11-26 03:00:00,234.10770054,0.014998854963,0.0199989825898,215.037837613,211.968545529,3.26315285188e-06,0.0200046417915,0.0149996352782,0.019976464619,233.671768886,211.958887572,211.967502323,85.4738777999,226.165956981,226.808390874,211.968561807,211.968555964,211.968600668,0.0199995638296,0.0149985065021,0.0149998562263,0.0149989509685,234.425292794,223.743850688,177.624925495,211.968637529,211.968559824,0.0150404027309,0.0150123323093,0.0199539138791
2011-11-26 04:00:00,234.107701134,0.0149989938313,0.0199990249437,215.037835857,211.968545451,3.16799057036e-06,0.0200034101984,0.0149995954823,0.0199724982995,233.67176565,211.958918418,211.967501284,85.4738778711,226.165953136,226.808388047,211.968561617,211.968555516,211.968599532,0.0199995790626,0.0149984222782,0.0149999215723,0.0149990770239,234.425292529,223.743847508,177.624925421,211.968616313,211.968559434,0.0150585086526,0.0150277277422,0.0199613629892
2011-11-26 05:00:00,234.107703281,0.0149990912963,0.0199992623783,215.03783554,211.968545414,3.17673116686e-06,0.0200002025736,0.0149995792531,0.0199753254073,233.671758778,211.958929821,211.967499798,85.4738773471,226.165947188,226.808382415,211.968560954,211.96855512,211.968599548,0.0199996092793,0.0149983995069,0.015000097329,0.01499930936,234.425292421,223.743844051,177.624925394,211.968614955,211.968559206,0.0150618842079,0.0150504619778,0.0199679735864
2011-11-26 06:00:00,234.107704008,0.0149994112911,0.0199998912048,215.037830643,211.968544568,3.19081280931e-06,0.0199919948579,0.0149996055007,0.0199812505409,211.968541884,211.958820422,211.967498071,85.4738773043,226.165936302,226.808357177,211.968555596,211.968553406,211.968596867,0.0199998109013,0.0149988501501,0.0150004361019,0.01499933703,234.425291492,223.743831202,177.624925248,211.968584221,211.968558153,0.0150423377432,0.0150428500319,0.0199686775949
2011-11-26 07:00:00,234.107692641,0.0149995094185,0.0199992350858,174.180596566,211.968542783,3.38731578454e-06,0.0198129123293,0.0149996390013,0.0199814833554,189.274013305,171.686740865,211.967493929,85.4738776858,183.194365198,148.808968757,211.968548135,171.694525296,171.69454612,0.0199998696294,0.0149992226241,0.0150004276025,0.01499959171,211.968547732,181.232332566,177.624924895,211.968536431,171.694536746,0.0150309804723,0.0150520539928,0.0199693807151
2011-11-26 08:00:00,175.581004737,0.0149995270114,0.0199967529093,161.278442163,171.694527537,3.50643635693e-06,0.0150660507529,0.0149996773064,0.0162740319051,0.0100381873648,171.686729075,211.967448017,64.105468326,183.194274416,148.808925586,171.694516511,171.694520633,158.978548653,0.0199970899881,0.0149994789903,0.0150005591456,0.0149998041714,189.884453381,181.232294317,143.876187947,211.968445117,171.694522646,0.0149975900247,0.0150248052138,0.0199591975922
2011-11-26 09:00:00,175.580760071,0.0149987333651,0.0199867939743,0.0100443950106,92.206325853,3.54665745653e-06,0.0150073491563,0.014999683844,0.0162573811447,0.0100063169214,158.969690595,171.6936268,64.1054241725,0.0101255903288,0.0100306179957,171.69451385,92.2078070515,0.0100240804803,0.0199955645781,0.0149996540297,0.0150007363334,0.0149998776943,175.818986638,167.809056893,143.876186452,211.968425545,158.976649306,0.0149998604759,0.0150085882896,0.0199411278872
2011-11-26 10:00:00,0.0149715235316,0.0149986026288,0.0199868943364,0.0100299790226,92.2063182163,3.51874271849e-06,0.0150035614282,0.0149996839182,0.0162490582222,0.0100051278313,158.969287222,158.975148669,64.1053218725,0.0100368994586,0.0100176120722,171.694510945,0.010015347198,0.0100187840614,0.0199927876915,0.0150003529418,0.0150007133346,0.014999836729,0.0100125814156,0.0101094033646,143.876132663,211.968321548,158.972235327,0.0150005239206,0.0150006859801,0.0198506506574
2011-11-26 11:00:00,0.0149582961277,0.0149989234639,0.0199929677747,0.0100564489399,92.2063172682,3.34717894445e-06,0.0150034918802,0.0149996883362,0.0163070577214,0.010019106927,171.686629423,0.0100057482784,64.1053188914,0.0100820253837,0.020186131167,171.694512157,0.0145891962713,113.835329436,0.0199930758777,0.0150006520015,0.0150006718405,0.0149997816285,0.0100145617812,0.019088089943,0.0100077303863,211.967867423,171.694476677,0.0150019119483,0.014994252769,0.019558268498
2011-11-26 12:00:00,175.58076389,0.0149997257865,0.0199952307385,174.178844108,92.2063077419,3.18670669033e-06,0.0150024881006,0.0149996956195,0.0199839119384,189.273996754,171.686723565,0.0100053110143,64.105421998,169.624711234,148.808963001,171.694514858,171.694515749,171.69453909,0.0199960474253,0.0150007843903,0.0150007061376,0.0149994889436,175.818982618,181.232268979,0.0100046187653,69.1642304042,171.694531326,0.0150202651543,0.0149932730412,0.0184677899435
2011-11-26 13:00:00,189.627223915,0.0149999953199,0.0199951571919,174.180627144,92.2063165697,3.10753687002e-06,0.0150011253325,0.0149996942965,0.019987067653,189.274024392,171.686747318,0.0100208622819,64.1054682498,183.194365505,148.808972403,171.694520875,171.694526204,171.694553015,0.0199975985588,0.0150007723949,0.0150007643744,0.0149995126029,189.88445297,181.23231231,0.0100584462887,92.2070624837,171.69455707,0.0150292980165,0.0150109525031,0.0199642317457
2011-11-26 14:00:00,234.107684502,0.015000070513,0.0199950642038,215.037802674,92.2063251895,3.11615752129e-06,0.01500306486,0.0149996927226,0.0199916838742,233.671631895,211.958947503,171.693606982,85.4738569601,226.165873101,183.714776258,211.96853499,211.968547986,211.968576396,0.0199991770132,0.0150005047427,0.0150013299618,0.014999593539,189.884454744,223.743092863,143.876185479,92.207175672,211.968557924,0.0150274469857,0.0150286082047,0.0199776097472
2011-11-26 15:00:00,234.107708027,0.0150001539586,0.0199960418247,215.03783508,113.834970694,3.11835710355e-06,0.0150295175577,0.0149997132497,0.0199943854043,233.671636306,211.958958623,171.693632873,85.4738781217,226.165905571,183.714777824,211.968535707,211.968550681,211.968581299,0.0199996111453,0.0150004572929,0.0150017655773,0.0149999446681,234.425251937,223.743600728,143.876187622,92.215750993,211.968561681,0.0150385630416,0.015032141082,0.0199859772296
2011-11-26 16:00:00,234.107709853,0.0150002111406,0.019997040437,215.037841264,113.834974875,2.99595650296e-06,0.0150307844689,0.0149997622622,0.0199934669473,233.671638835,211.958961076,211.967442767,85.4738793728,226.165910995,183.71477881,211.968535624,211.968551408,211.968582776,0.0199997791143,0.0150011280495,0.0150018791169,0.0150001820255,234.425252316,223.743604317,177.624923235,92.2071577453,211.968562709,0.0150424650097,0.0150303246983,0.0199883759289
2011-11-26 17:00:00,234.107709055,0.015000236339,0.0199967838755,215.03784308,113.834975248,2.76454876468e-06,0.015023421613,0.0149997891116,0.0199905405438,233.67163971,211.958958839,211.967456941,85.4738794403,226.165913031,183.714778949,211.968535335,211.968551668,211.968583185,0.0199997586265,0.0150023331113,0.0150015498348,0.0150001107436,234.425252431,223.743606089,177.62492379,92.2070578219,211.968562991,0.0150367286648,0.0150226379191,0.019989289253
2011-11-26 18:00:00,234.107707573,0.0150001771741,0.0199962645744,215.03784397,113.834970875,2.50665406083e-06,0.0150128354558,0.0149997800891,0.0199871639036,233.671640039,211.958959582,211.967458721,85.4738790378,226.165914112,183.714777607,211.968534763,211.968551821,211.968583483,0.0199996744115,0.0150023238119,0.0150011917843,0.0149998123102,234.425252475,223.743607086,177.624923997,92.2065855685,211.96856285,0.0150125146463,0.0150160931465,0.0200003868945
2011-11-26 19:00:00,234.107706276,0.0150003924869,0.0199954598401,215.037843584,113.834970127,2.19925451942e-06,0.0150109372007,0.014999751142,0.0199848689181,233.671639748,211.958953674,211.967459398,85.4738785691,226.165914479,183.714777123,211.968533792,211.968551676,211.968583522,0.0199994314504,0.0150017985796,0.0150004989073,0.0149995063663,234.425252431,223.743605932,177.624924101,92.2050949502,211.968562404,0.0150070890121,0.0150101663061,0.0200050524848
2011-11-26 20:00:00,234.107704412,0.015001152183,0.0199946154927,215.037841783,113.834969554,1.92108534468e-06,0.0150082479093,0.0149997155623,0.0199833234914,233.671639392,211.958947089,211.967459461,85.4738783421,226.165914774,183.714776375,211.968532187,211.968551264,211.96858315,0.0199992481536,0.0150012927828,0.0150001858168,0.0149993182087,234.425252347,223.743603496,177.624924123,92.2068972808,211.968561325,0.0150043859764,0.0150029041934,0.0199936436229
2011-11-26 21:00:00,234.107705275,0.015001537369,0.0199939404916,215.03783845,113.834969186,1.61086793892e-06,0.0150078220718,0.0149996849559,0.0199806746688,233.671639264,211.958937762,211.96745934,85.4738784158,226.165913573,183.71477525,211.968530064,211.968550604,211.968582302,0.0199992088699,0.0150005175783,0.01499996765,0.0149991344531,234.425252248,223.743599844,177.624924077,0.0167893246472,211.968560643,0.0150019499717,0.0149981500096,0.0199704816706
2011-11-26 22:00:00,234.10770173,0.0150018499821,0.0199931338871,215.037833838,113.834966405,1.33114339048e-06,0.0150070712818,0.0149996533834,0.0199731564452,233.671638244,211.9589059,211.96745917,85.473878237,226.165910342,183.714773437,211.968526769,211.968549838,211.968581092,0.0199989306922,0.0150001305387,0.0149998160442,0.0149989346073,234.425252124,223.743594472,177.624923957,0.0155033142641,211.968559472,0.0149997070393,0.0149933205008,0.019921137221
2011-11-26 23:00:00,234.107698963,0.0150023629472,0.0199922794281,215.037827804,92.2063285751,1.06187849405e-06,0.0150048406538,0.0149996170604,0.0199379342495,233.671636244,211.958561432,211.967458488,85.4738780554,226.165905748,183.714771838,211.968521571,211.968548574,211.968580182,0.0199985661139,0.0149999452903,0.0149996785597,0.0149987637664,234.425251965,223.743590151,177.624923819,0.0152060311097,211.968558333,0.0149978921727,0.0149887376858,0.0197617065699
2011-11-27 00:00:00,234.107696342,0.0150021601114,0.0199915925472,215.037821262,92.2063182261,8.00638491571e-07,0.0150041161725,0.0149996010627,0.0197935917473,233.671634382,103.576383342,211.967457468,85.4738784742,226.16590356,183.71476879,211.96852366,211.968547131,211.968577684,0.0199983088768,0.0149995313228,0.0149996087604,0.0149986579336,234.425251716,223.743584817,177.62492366,0.0151257993276,211.968556325,0.0149968011765,0.0149864079852,0.0190457868091
2011-11-27 01:00:00,234.10769404,0.0150069299703,0.0199911557615,215.037817396,92.2063174261,5.93202880875e-07,0.0150034780839,0.0149995696486,0.0162074858849,233.671632616,103.576363632,211.967456427,85.4738787259,226.165902836,183.714766628,211.968516271,211.968545855,211.968574823,0.0199981237324,0.0149989380682,0.0149996175739,0.0149986168387,234.425251584,223.743580899,177.624923522,0.0150921165912,211.968555104,0.0149976240182,0.0149851559208,0.0194765190061
2011-11-27 02:00:00,234.107691149,0.0150127623262,0.0199909172114,215.037812904,92.2063170683,4.01381933927e-07,0.0150031626696,0.0149995449746,0.0161922810279,233.671630314,103.576356328,211.967455549,85.4738788194,226.165901428,183.714766209,211.968510437,211.968544969,211.968572377,0.0199980471549,0.0149984884978,0.0149996560085,0.0149985837685,234.425251441,223.743577628,177.624923413,0.0150837890068,211.96855474,0.0149973839436,0.0149860653999,0.0191654854141
2011-11-27 03:00:00,234.107690715,0.0150280584182,0.0199908144386,215.037810228,92.2063168584,2.53453242676e-07,0.0150029973678,0.0149995119458,0.0161883568081,233.671629324,103.57635774,211.967454719,85.4738786595,226.165899282,183.714767455,211.968508723,211.968544251,211.968569818,0.0199981101411,0.0149982043608,0.0149997223675,0.014998596142,234.425251247,223.743575972,177.624923326,0.0150521597549,211.968553767,0.0149961393274,0.0149870772746,0.0190965507319
2011-11-27 04:00:00,234.107690558,0.0344718487296,0.0199908473285,215.037807501,92.2063167722,1.08238601583e-07,0.0150030445885,0.0149994883664,0.0161870681467,233.671626894,103.576362869,211.967453795,85.4738785673,226.16589708,183.714768203,211.968505085,211.968543411,211.968568533,0.0199981388526,0.0149981212092,0.0149998263223,0.0149987796414,234.425251039,223.743572175,177.624923223,0.0150320317802,211.968552619,0.0149964438008,0.0149893813169,0.0197455434794
2011-11-27 05:00:00,234.107689225,0.0345062252524,0.0199910590823,215.037802659,92.2063166773,1.13570919846e-08,0.0150032170997,0.0149994867911,0.0161893899313,233.671623673,103.57636283,211.967452816,85.4738780286,226.165891401,183.714768187,211.968503993,211.968542236,211.968568274,0.019998052654,0.0149980979721,0.0149999726005,0.0149989570135,234.425250775,223.743574448,177.624923083,0.015022335497,211.968551541,0.0149972748763,0.0149926359381,0.0198405621294
2011-11-27 06:00:00,234.107683421,0.0345098117653,0.0199915863355,215.037791806,92.2063169185,-3.23786680917e-08,0.0150034393036,0.0149995119546,0.0162148559729,211.968539679,0.0201133986,211.967451379,85.4738777214,226.165879989,183.714763795,211.968504351,211.968539642,211.968567365,0.0199985451314,0.0149989451729,0.0150001660255,0.0149992774142,234.425250079,223.743573508,177.624922766,0.0150184431551,211.968548845,0.0149980771267,0.014994881352,0.0198756995537
2011-11-27 07:00:00,234.107664467,0.0345158237578,0.0199921608756,174.180502714,92.2063170519,-1.00585543976e-08,0.015003900385,0.0149995376462,0.0161766064251,189.273987537,0.0200024627407,211.967448117,85.4738772763,183.194324503,148.808944924,211.968480264,171.694511691,171.694535914,0.019998680658,0.0150013519577,0.0150002876232,0.0149994340517,189.884450631,181.232300395,177.624922323,0.0150190225819,171.694525483,0.0149993169654,0.0149984782332,0.0199094507932
2011-11-27 08:00:00,175.580707427,0.0345315345143,0.0199929757797,161.278133274,92.2063139123,8.25728725254e-08,0.0150040951861,0.0149995804421,0.0161726188053,0.0100294932017,0.0199929084565,211.967431395,64.1054371224,169.624365946,0.019992830207,0.014999056163,171.694466926,171.694282712,0.0199917823145,0.0150077392477,0.0150003967349,0.0150001060459,175.818961854,181.232248252,143.876185533,0.0150211340044,171.694512098,0.0150006092534,0.0149987934869,0.0199253043337
2011-11-27 09:00:00,0.0100131188968,0.0345975792734,0.0199934719942,0.0100430575497,92.2063118723,9.71221891402e-08,0.0150045177005,0.0149995626083,0.0161706985818,0.0100062882684,0.0199686344897,171.693609418,64.1053925082,0.0100412605917,0.010009026946,0.0149926475725,0.0100293177359,0.0100249606156,0.0199865905648,0.0150137930718,0.0150005686093,0.0150000347177,0.0100013495625,0.0104166436325,143.876183772,0.0150229921505,158.977103411,0.0150001138006,0.0149993893901,0.0199331832734
2011-11-27 10:00:00,0.0100065253778,0.0345238423359,0.0199939249789,0.0100301995546,92.2063098869,1.32309140647e-08,0.0150053853344,0.0149994935858,0.0161668742366,0.0100066742535,0.0199670962245,0.0100400819255,0.0100737420747,0.0100325929745,0.0100089128003,0.0149750280655,0.0100140290389,0.0100162191693,0.0199877218969,0.0149973329352,0.0150007487791,0.0149999737618,0.0100016353068,0.0100859165282,0.0100245647805,0.0150260296972,158.976828177,0.014999351082,0.0150008495691,0.0199425507951
2011-11-27 11:00:00,0.0100061035035,0.0345153411835,0.019993465523,0.0100460304198,92.2063133194,-1.55184890841e-07,0.0150069505073,0.014999460002,0.0161654803381,0.0100365847156,0.0199886703805,0.0100049090795,0.0100400161151,0.0100446298118,98.6619580909,0.0149856603326,0.0100374521637,0.0102503205005,0.0199906162354,0.0149974965824,0.015000760367,0.0149999757325,0.010001771205,0.0101130540979,0.0100019001494,0.0150268146953,158.977477776,0.0149991418555,0.0150026025991,0.0199448164029
2011-11-27 12:00:00,0.0100544051152,0.0345071024774,0.0199908031633,161.278234486,92.206316314,-3.12418172019e-07,0.0150094146695,0.014999497024,0.0161696131861,189.273995636,0.0199986671503,0.0100046408364,64.1053278602,169.624427837,148.808951632,0.0149975958338,171.69444999,171.694523877,0.0199945292641,0.0150006054449,0.0150008336009,0.0150002016327,0.0100042830636,181.232105924,0.0100019350052,0.0150326366376,171.694516492,0.0149998264696,0.0150040923867,0.0199656045602
2011-11-27 13:00:00,175.580780954,0.0345018703519,0.0199618472568,174.180510823,92.2063196062,-5.5717528335e-07,0.0150126754664,0.0149995724732,0.0161732605469,189.274011634,0.0200651573883,0.0100090313168,64.1054305685,183.194328029,148.808959572,0.0150052316663,171.694515521,171.694541308,0.0199959526974,0.0150138088864,0.0150006749869,0.0150016365888,189.884445172,181.232296605,0.0100095913594,0.0150484125322,171.694530379,0.0150009873973,0.0150087489772,0.0199573889526
2011-11-27 14:00:00,211.968573576,0.0152557479392,0.0199885871474,215.037678818,211.967791853,-6.54338770909e-07,0.0150648012361,0.0149998038264,0.0199483012964,233.671618202,103.576360649,169.360830072,85.4737012513,226.165837734,183.714761249,0.015047782171,211.968541989,211.968565363,0.0199981271397,0.0151541487808,0.0150007825421,0.0150038280336,189.884450091,211.968501313,143.876183618,0.0150741687283,211.968547552,0.0150007492157,0.0150150363685,0.0199722546086
2011-11-27 15:00:00,234.107695618,0.0150237932226,0.0199973806951,215.037817636,211.968545559,-6.65127813127e-07,0.0200023185472,0.0150005694574,0.0199603428107,233.671623291,211.968519518,171.693617893,85.473877744,226.165907045,183.714762289,0.0184736744609,211.968546568,211.968573147,0.0199991951953,0.0344755036411,0.0150011328397,0.0150104133279,234.425259866,223.743751161,143.876185903,0.0151630188949,211.968552871,0.0150005294023,0.0150126491163,0.0199979197381
2011-11-27 16:00:00,234.107699733,0.0150133007382,0.0199992924555,215.037828756,211.968547969,-7.49873085798e-07,0.0346181266982,0.0150038264806,0.0199613749995,233.671626008,211.968545971,211.967420948,85.4738794772,226.165916393,183.714762987,0.0182338628617,211.968548204,211.96857563,0.0199994972028,0.034503384106,0.0150018473556,0.0150385497516,234.42526125,223.743769603,177.624923925,0.0160592501884,211.968554945,0.015000249151,0.0150111744192,0.0200685331792
2011-11-27 17:00:00,234.107700592,0.0150103502666,0.0199996738999,215.037832097,211.968549584,-8.96954520015e-07,0.0346463440256,0.0344257611076,0.0199621294413,233.671627171,211.96855479,211.967507602,85.4738798826,226.16591996,183.714763088,0.0151113751306,211.968549186,211.968576653,0.0199996585841,0.0345197637092,0.0150021033079,0.0150160065783,234.425261672,223.743776667,177.624924807,211.968176944,211.968556212,0.0149996921566,0.0150090289446,0.0201226920603
2011-11-27 18:00:00,234.10769851,0.0150046023493,0.0200007025314,215.037833813,211.968549753,-1.22228783755e-06,0.0346524816638,0.034471426145,0.0199618224994,233.671627517,211.96856,211.967511037,85.4738797247,226.165922374,183.714762871,0.0153619961228,211.968549921,211.968577407,0.019999719198,0.0345210432734,0.0150034501189,0.0150044145963,234.425261883,223.743781012,177.624925114,211.968448583,211.96855746,0.0149990025323,0.0150065111549,0.0200180668763
2011-11-27 19:00:00,234.107694382,0.0150024461408,0.0199999071688,215.037834623,211.968550221,-1.48097684112e-06,0.034656150834,0.0344764565141,0.0199611800385,233.671627229,211.968561666,211.967512497,85.4738794039,226.165923294,183.714762637,0.0150370476106,211.96855019,211.968577697,0.0199995812828,0.034514171991,0.0150023270389,0.0150014066777,234.425261981,223.743781908,177.624925283,211.968548262,211.968557763,0.0149978022652,0.0150024710689,0.0200196808097
2011-11-27 20:00:00,234.107689269,0.0150019915664,0.0199998980312,215.037833374,211.968550279,-1.75254219791e-06,0.0346606312757,0.0344780250356,0.0199588605215,233.671626862,211.968560008,211.96751314,85.4738792711,226.165923858,183.714761883,0.0150264201671,211.968550081,211.968577442,0.0199995237711,0.0345043113701,0.0150012749109,0.0149995981611,234.425261987,223.743780882,177.62492534,211.968621542,211.968558034,0.0149967613882,0.0149975720987,0.019979923115
2011-11-27 21:00:00,234.107692406,0.0150011958785,0.0200001544575,215.037830214,211.968551186,-2.17841620581e-06,0.0346696574148,0.0344776962936,0.0199516077439,233.671626568,211.968560153,211.967513291,85.4738791824,226.165922627,183.71476066,0.015024698979,211.96854964,211.968577085,0.0199995440139,0.0344937392355,0.0150001949798,0.0149991509833,234.42526192,223.743779971,177.624925292,211.968683364,211.968558174,0.0149958787109,0.0149923118289,0.0199468173566
2011-11-27 22:00:00,234.107685239,0.0150005554118,0.0200005255848,215.037824598,211.968551109,-2.60342326726e-06,0.0346732410879,0.034476268663,0.0198169388548,233.671624997,211.968557863,211.967513204,85.4738785831,226.165918901,183.714758971,0.0150276411643,211.968549017,211.96857573,0.0199993862764,0.0343777003508,0.015000008453,0.0149989246069,234.425261743,223.743776649,177.624925162,211.968677556,211.968557624,0.0149954194588,0.0149879897535,0.0199116276652
2011-11-27 23:00:00,234.107679103,0.0150000909231,0.0200011264071,215.037819243,211.968550303,-2.94624941091e-06,0.0346742765124,0.0344299781866,0.0161930680257,233.67162339,211.968556804,211.967512425,85.4738785996,226.165913685,183.714756023,0.0150346999479,211.968548,211.968574665,0.0199993302605,0.0151446486834,0.0149998651236,0.0149987999756,234.425261482,223.74377114,177.624925014,211.96867471,211.968557187,0.0149951477316,0.0149863260465,0.0198177799464
2011-11-28 00:00:00,234.107674626,0.0149998403266,0.0200045780623,215.037813853,211.96854973,-3.2694486347e-06,0.0346754213856,0.0150156137357,0.0161807286337,233.671620425,211.968558119,211.967511599,85.4738792289,226.165912006,183.7147488,0.018367021586,211.968546619,211.968572499,0.019999448747,0.0150179235031,0.0150001014735,0.014998629285,234.42526125,223.743770077,177.624924935,211.968684653,211.968556337,0.0149950250303,0.0149852567966,0.0193555116658
2011-11-28 01:00:00,234.107656372,0.0149997329552,0.0200076494108,215.037810918,211.968548505,-3.51706692059e-06,0.0346751704143,0.0150076476493,0.0161777141086,233.671618739,211.968557729,211.967510794,85.4738793315,226.165910749,183.714748561,0.0185047977846,211.968545173,211.968569934,0.0199995454795,0.0150095701563,0.0150001678766,0.0149987662577,234.425261113,223.743765165,177.624924918,211.968686671,211.968555025,0.0149951232276,0.0149861177176,0.0178359173244
2011-11-28 02:00:00,234.107662074,0.0149997193516,0.020022162479,215.037807704,211.968547489,-3.72340177822e-06,0.0346743970945,0.0150035036034,0.0161782531977,233.671617263,211.968559121,211.967510099,85.473879549,226.165911178,183.714749991,0.0185277544816,211.968543109,211.96856779,0.0199997705592,0.0150049895773,0.0150003059557,0.014998979403,234.425261114,223.743766075,177.624924932,211.968691647,211.968554025,0.0149958143498,0.0149867906,0.0194671895148
2011-11-28 03:00:00,234.107683127,0.0149998713773,0.0246086202149,215.037806663,211.968547442,-3.91364929391e-06,0.0346734558791,0.0150015851011,0.0161797433172,233.671616472,211.968561058,211.967509762,85.4738796775,226.165910822,183.714754123,0.0185348988185,211.968543637,211.968567016,0.0200000871676,0.0150019395471,0.0150005689484,0.014999165955,234.425261204,223.743768617,177.624925054,211.968706108,211.968554484,0.0149979884327,0.0149898615062,0.0196751973002
2011-11-28 04:00:00,234.107700105,0.0150002601597,0.0246357897089,215.037807899,211.968548537,-4.03922411267e-06,0.0346727716403,0.0150008112748,0.016285433418,233.671615962,211.968563726,211.967509247,85.4738797237,226.165910081,183.71475752,0.0185402477401,211.968545169,211.968567678,0.0200011431663,0.0150003337772,0.0150010667493,0.0149998707996,234.425261586,223.743774947,177.62492532,211.968747571,211.968555523,0.0150005818127,0.0149971460874,0.0198872756627
2011-11-28 05:00:00,234.107708271,0.0150006419372,0.0246662837257,215.037810445,211.96855051,-3.74259267797e-06,0.0346735982334,0.0150005923937,0.0199620920087,233.671616235,211.968566487,211.967509448,85.4738803607,226.165911416,183.714759922,0.0185432390505,211.968546818,211.968569813,0.0246847869564,0.0149995020617,0.0150021376155,0.0150018942994,234.425262108,223.743784914,177.624925579,211.968846981,211.968557172,0.01500264094,0.0150064416517,0.0199388459534
2011-11-28 06:00:00,234.107712016,0.0150013906438,0.02465299242,215.037805638,211.968550871,-3.32579358021e-06,0.0346717526639,0.0150014531715,0.0199666094601,233.671408389,211.968544533,211.967510172,85.4738813054,226.165909301,183.714760214,0.0185450998999,211.968546552,211.968569878,0.0246956698766,0.0150002943161,0.0150294965306,0.0150064285016,234.425262331,223.74378685,177.624925632,211.96891601,211.968556953,0.0150030922102,0.0150092159501,0.0199544912449
2011-11-28 07:00:00,234.107709202,0.0150014583121,0.0246360028731,174.18058751,211.968549967,-3.46408083436e-06,0.0346676348293,0.0150019240044,0.0199666686178,189.273997557,171.69450139,211.967510327,85.4738817549,183.194376025,148.808950543,0.0185454216626,171.694519294,171.694539736,0.0246947217878,0.0150010506949,0.015005374591,0.0150107216836,234.425246082,181.232484489,177.624925523,211.968938155,171.694535135,0.0150025739409,0.0150113953973,0.019957364755
2011-11-28 08:00:00,189.62722704,0.0150013725666,0.0246147711649,161.278461352,211.968544476,-3.85202713592e-06,0.0346462964183,0.0150014518138,0.0161467098401,0.0106208617659,103.576342381,211.967508151,85.4738216566,183.19430806,98.66214115,0.0150203045667,171.694448354,171.694514933,0.0199994126286,0.0150011864347,0.0150029285585,0.0150176467662,189.884462357,181.232452891,143.876191165,211.968713699,171.694523564,0.014993918018,0.014988395988,0.0150634747405
2011-11-28 09:00:00,175.580819674,0.0150003383872,0.0199917252419,0.0100939643021,171.694568774,-4.18442442598e-06,0.016201132094,0.0150001890178,0.0150040439583,0.0100091963593,0.0199141002284,171.693679692,64.1055274354,0.0162940916407,0.0102766637788,0.0150183471261,0.0100280688277,0.0104437968808,0.0199973379089,0.0150010382872,0.0150027518417,0.0150098585241,189.884460441,181.232345122,143.876188979,211.968644989,158.977008249,0.0149916425214,0.0149760507868,0.0150084619331
2011-11-28 10:00:00,175.580740677,0.0150001516975,0.0199897074508,0.0100444459504,171.694512201,-4.65785691523e-06,0.0152918737033,0.0149999056283,0.0150029095142,0.0100090980492,0.0193024226414,169.361606471,64.1055066307,0.0100982892489,0.0100819861817,0.0150183495275,0.0100166467931,0.0100325615766,0.0199966533499,0.0150009077164,0.0150027951596,0.0150061567112,175.819204335,167.811758286,143.876185105,211.968598623,158.976845487,0.0149918668262,0.014971048089,0.0150034554181
2011-11-28 11:00:00,175.580013239,0.0150010157609,0.0199891865247,0.0100941034047,171.694508969,-5.01468217798e-06,0.0150762600228,0.0149997999319,0.0160936054155,0.0100623442424,0.0200819811807,0.0100223746104,64.105500489,0.0111496486719,148.808632394,0.0150204917215,0.0134821195107,158.968918301,0.0199966975461,0.0150008708373,0.0150028456081,0.0150044973384,175.819201739,181.231849479,0.0100129119567,211.968552485,171.691219544,0.014994329141,0.0149789588642,0.0150294939933
2011-11-28 12:00:00,175.580826579,0.0150048369925,0.0199916372009,161.278537503,171.694507796,-5.29018966738e-06,0.0161605267161,0.0149998090994,0.0161782896316,189.273997326,103.577503671,0.0100097535042,64.1055213984,183.194206629,148.808955922,0.015024032607,171.694515342,171.694532394,0.0199980497123,0.0150018783366,0.0150046435618,0.0150033548511,189.884461302,181.232447337,0.0100058847601,211.968542092,171.69452439,0.0150004246103,0.0149922982158,0.0170187200229
2011-11-28 13:00:00,189.627244704,0.0150084943028,0.0199956830401,174.180597183,171.69450856,-5.64766152331e-06,0.0162037454703,0.0149998420138,0.0199839524474,189.274014585,171.694529802,0.0100597523378,85.4737799904,183.194380807,148.808973487,0.0150436679785,171.694525753,171.694546951,0.0199997171104,0.0150010018837,0.0150103960763,0.0150065194624,189.884463406,181.232483155,143.876180931,211.96863248,171.694540002,0.0150079630553,0.0150187260857,0.0199652898023
2011-11-28 14:00:00,234.107708492,0.015010985652,0.0200006711508,215.037803483,171.694523438,-5.92897101943e-06,0.0199902225084,0.0149998817242,0.0199999499101,233.671632319,238.106561828,171.693668236,85.4738724714,226.165912863,183.714786282,246.020782844,211.968554531,211.96857225,0.0244441328014,0.0150011832647,22.7110025345,0.0150118320514,234.425251605,223.743879237,143.87618901,211.968898806,211.968562842,0.0150086133103,0.0150334940951,0.0199774324001
2011-11-28 15:00:00,234.107740778,0.0150113603658,0.0200983551766,215.037832734,211.968529007,-6.19865072739e-06,0.020011688338,0.0149999144635,0.0200058215333,233.671638994,238.106588643,171.693685223,85.4738815803,226.165933926,183.714788427,246.020788163,211.968559017,211.968580067,0.0247045400102,0.015002224311,52.2091267297,0.0150122583647,261.689686034,223.74392315,143.876191227,211.968979236,211.96856816,0.0150077141338,0.0150379599179,0.0199848624161
2011-11-28 16:00:00,234.107743368,0.015010704653,0.0200504041693,215.037840376,211.968529238,-6.57560589688e-06,0.0200095730832,0.014999963204,0.0200256475065,233.671642214,238.106592682,211.968447677,85.4738819785,226.16594006,183.714789651,246.020789637,211.968560448,211.968582474,0.0262574262234,0.015004460718,52.2092233358,0.0150125420484,261.689686726,223.74393243,177.624926036,211.968977941,211.96857029,0.0150065216212,0.0150352458896,0.0199845506818
2011-11-28 17:00:00,234.107742356,0.0150107873736,0.0200075889653,215.037842383,211.968527545,-7.06777408936e-06,0.0200054000351,0.0149999456766,0.0200399504844,233.671643993,238.10659373,211.968514189,85.4738819525,226.165942015,183.714789992,246.020790268,211.968561083,211.968583508,0.024700329596,0.0150077760293,52.2092134469,0.0150059530806,261.689686927,223.74393663,177.624926489,211.968975241,211.96857105,0.0150046933936,0.0150345920484,0.0199823243006
2011-11-28 18:00:00,234.107739556,0.015016490785,0.0200047305173,215.037843948,211.968520547,-7.55283803135e-06,0.0200031564402,0.0149998993527,0.0200406557506,233.671644437,238.106595371,211.968517134,85.4738814733,226.165943169,183.714790444,246.020790617,211.968561499,211.968583887,0.0247030326128,0.0150072713691,52.2092670269,0.0150034728749,261.689687021,223.743938636,177.624926618,211.968961588,211.968571788,0.0150041886301,0.0150299967782,0.0199766127668
2011-11-28 19:00:00,234.107733445,0.0150185602841,0.0200017438478,215.037843626,211.968467752,-8.06983359843e-06,0.0199985264768,0.0149998435424,0.0200449175551,233.671644458,238.106592485,211.96851833,85.4738809925,226.165942911,183.714790046,246.020790558,211.968561557,211.968583978,0.0246947204245,0.0150058014857,52.2092228955,0.0150013790247,261.689687034,223.743938288,177.624926633,211.968924462,211.968571626,0.0150016132575,0.0150136891143,0.0199752343427
2011-11-28 20:00:00,234.107724402,0.0150313966912,0.0200011569666,215.037842,171.694514287,-8.67426852304e-06,0.0199951570627,0.0149998011437,0.020023032462,233.671644184,238.106588629,211.968518704,85.4738807933,226.165942358,183.714788345,246.02079016,211.968561332,211.968583695,0.0246899874456,0.0150035812855,22.7110291867,0.0150002781404,261.689686945,223.743935081,177.624926537,211.968790997,211.968570565,0.0150009758414,0.0150046295854,0.0199648644535
2011-11-28 21:00:00,234.107723634,0.0150427655091,0.019999852106,215.037839514,171.694512336,-9.36005092642e-06,0.0199953871194,0.0149997522502,0.0200077939927,233.671643863,238.106585031,211.968518763,85.473880439,226.165940631,183.714786805,246.020789307,211.968560858,211.968583272,0.0200274138139,0.0150023590747,0.0150509950375,0.0149995687606,261.689686771,223.743930844,177.624926355,211.968805054,211.96856955,0.015001510428,0.0150009248567,0.019954865199
2011-11-28 22:00:00,234.107716341,0.0150898623895,0.0199984308216,215.037833577,171.694487668,-1.0122733372e-05,0.0199914034296,0.0149996931386,0.0200045518924,233.671642605,238.106578879,211.968518434,85.47387987,226.165935334,183.714784648,246.020788361,211.968560072,211.968581879,0.0200032716645,0.0150013403742,0.0150075371771,0.0149990860276,261.689686519,223.743925963,177.624926099,211.9688222,211.968568035,0.0150038714129,0.0149988026762,0.0199536467368
2011-11-28 23:00:00,234.107713007,0.0344771171372,0.0199962485293,215.037826077,0.020029808418,-1.07354724676e-05,0.0199753310648,0.0149996329761,0.0200033347684,233.6716411,238.106569189,211.968517239,85.4738799302,226.165929682,183.714783658,246.020787394,211.968558889,211.968580315,0.02000122371,0.0150009526762,0.0150047814624,0.0149987684928,261.689686134,223.743921412,177.624925817,211.968734687,211.968566468,0.0150110413922,0.0149992078106,0.0199527905002
2011-11-29 00:00:00,234.107709617,0.0344897817094,0.0199958334464,215.037820053,0.0200116974862,-1.1382488833e-05,0.016228762155,0.0149996230469,0.020001690135,233.671639276,238.106559314,211.968515885,85.4738801295,226.165929916,183.714787034,246.020786669,211.968557605,211.968578055,0.0200009013199,0.0150000019077,0.0150121825958,0.0149986548094,261.689685517,223.743916352,177.624925539,211.968628313,211.968564753,0.0150335665403,0.0149983932745,0.0199517275712
2011-11-29 01:00:00,234.107708908,0.0345019505737,0.019994633028,215.037816809,0.0200067080081,-1.1887632776e-05,0.0161856111011,0.0149996071289,0.0200028078438,233.671638031,238.10654588,211.968514303,85.4738808086,226.165926885,183.714785274,246.020784463,211.968556358,211.96857506,0.0200006784313,0.0149996465463,0.0150075645633,0.0149986644713,261.689685333,223.74391431,177.624925353,211.968587686,211.968563353,0.0150710408907,0.0150069048344,0.0199679208215
2011-11-29 02:00:00,234.107708806,0.0345064650236,0.0199939780587,215.037813703,0.0200048109449,-1.23502760708e-05,0.0162222715475,0.0149995925644,0.0200083732495,233.671636559,238.106530642,211.968513579,85.473880827,226.165925512,183.714785766,246.020783497,211.968555747,211.968572873,0.0200007102511,0.0150011554854,0.0150069750227,0.0149987673484,261.6896852,223.743913035,177.624925203,211.968537014,211.968562575,0.0154574688833,0.0150416623561,0.0199764502832
2011-11-29 03:00:00,234.107712778,0.0345127319296,0.0199938634817,215.037812837,0.0200034877155,-1.28057217752e-05,0.0163163715279,0.014999569504,0.0200328498394,233.671636097,238.10651574,211.96851317,85.4738807538,226.165925307,183.714786383,246.020783102,211.968555725,211.968572134,0.0200008698275,0.0150035714404,0.0150072591104,0.0149988934296,261.689685216,223.743915544,177.624925176,211.968553011,211.968562365,0.0344951218619,0.0151628382752,0.0199871198175
2011-11-29 04:00:00,234.107722826,0.0354008366771,0.0199940895505,215.037813221,0.0200032483991,-1.31627397724e-05,0.0169790563554,0.0149995546423,0.0200781320938,233.671636153,238.10651971,211.968512673,85.4738802699,226.165923587,183.714787053,246.020785002,211.968556345,211.968572675,0.0200014384467,0.0150036533494,0.0150109335012,0.0149991674771,261.689685667,223.74392257,177.624925396,211.968548667,211.96856306,0.0346253162338,0.0177636892106,0.0200130083251
2011-11-29 05:00:00,234.107737159,211.968516778,0.0199955925265,215.037816061,0.0200041644497,-1.32451663543e-05,0.0196764793996,0.014999577159,0.020087470551,233.67163644,238.106514425,211.96851284,85.4738813445,226.165927232,183.714788253,246.020788126,211.968557155,211.968575279,0.0200059309215,0.0150022745348,22.7107250304,0.0149998521394,261.689686467,223.743933944,177.624925699,211.968539237,211.96856414,0.0348822833324,0.03471387197,0.0200581054185
2011-11-29 06:00:00,234.107738079,211.968535598,0.0199983817834,215.037812532,0.0200041516895,-1.32607655405e-05,0.019932332762,0.0149996668687,0.0200903391945,233.671619495,211.968626106,211.968513933,85.4738823289,226.165925803,183.714788972,246.020787972,211.968555463,211.968575004,0.0246838352107,0.0150009822767,52.2092240781,0.0150017379119,261.689686775,223.743936204,177.624925644,211.968610205,211.968561781,0.0350752016505,0.0348556215981,0.0202040989991
2011-11-29 07:00:00,234.107735763,211.968529732,0.0199986880424,174.180596347,0.0200009748171,-1.36935443142e-05,0.0198745296032,0.0149997545204,0.0200808855584,189.274012887,178.579687835,211.968514881,85.4738826161,183.194393001,148.808974727,246.02078652,171.694526207,171.69454278,0.0246787494534,0.0150005901308,52.2091639268,0.0150012349048,234.42525368,211.968454363,177.62492535,211.96856708,171.694535437,0.0349392236128,0.03486141087,0.0201628428827
2011-11-29 08:00:00,189.627232419,92.1971077199,0.0199988780873,161.278486744,0.0150895669557,-1.43847472417e-05,0.0150435215537,0.0149997706461,0.0199401292722,0.0100368934168,0.0200283672402,211.968514047,85.4738627254,183.193916159,98.6619816367,199.276832563,171.694414275,171.69448752,0.0199988387961,0.0150016359544,22.7109174263,0.0150008609482,211.968645983,181.232584784,143.876189864,211.968309829,171.682683952,0.0343276101266,0.0347541066736,0.0200673737541
2011-11-29 09:00:00,175.580840965,0.0345104344338,0.01999788853,0.0101289720938,0.0150004373323,-1.50427147627e-05,0.0150217196566,0.014999774924,0.0162756117984,0.0100075505698,0.0199951701507,171.694495809,85.4737181997,0.0101942840776,0.0100232146227,107.01914391,0.0100194019969,0.0100370967284,0.0199971252885,0.0150016142344,0.0150806644448,0.0150007536012,211.968642952,181.232549519,143.876187885,92.2074858752,0.0149841981637,0.0343838651121,0.0347688860334,0.0200605426469
2011-11-29 10:00:00,0.0151632032358,0.0345066631296,0.0199966698294,0.0100644304304,0.0150001221687,-1.56618333876e-05,0.0150084311301,0.0149997640059,0.0162723045075,0.0100070990124,0.019994469271,171.694479422,64.1056419007,0.0100524413415,0.0100199421162,0.0150097155259,0.0100119075026,0.0100173323356,0.0199962244836,0.0150014118192,0.0150725313001,0.0150006718621,211.96854116,167.815159061,0.0150155833105,92.2068675951,0.0101310083717,0.034488145948,0.0348063268524,0.0200466496273
2011-11-29 11:00:00,0.0150462889944,0.0345070340908,0.0199941009551,0.0101393538346,0.0150000576684,-1.63086628392e-05,0.0149997691141,0.0149997665563,0.016276349624,0.0100297170757,0.0200593132178,158.976621724,64.1056176024,0.0101678225369,148.808923519,0.0150110162694,0.010149098043,0.0101811364076,0.0199958427906,0.0149996483767,22.7105300497,0.0150005493186,211.968556313,181.23068095,0.010011495991,92.2065404506,92.2125844004,0.0345497402493,0.0349435161217,0.0200661571639
2011-11-29 12:00:00,175.580853235,0.0345049360523,0.0199934021419,161.27869138,0.0150001404198,-1.69998738233e-05,0.01499870729,0.014999777481,0.0199460791605,189.274013653,103.576402862,158.9765896,64.105901422,183.165328793,148.808980521,199.276813786,171.694518004,171.694531859,0.0199967719667,0.0149976894959,52.209227279,0.0150009481912,211.968645605,181.232565587,0.0100112557903,0.015109218314,171.694512559,0.0346887314842,0.0350333008541,0.0201836889182
2011-11-29 13:00:00,189.627269194,0.0344742414858,0.0199924541662,174.180609545,0.0150004620072,-1.76464978815e-05,0.0150002975296,0.0149997776737,0.0199970268127,189.274032552,192.865926524,171.694475388,85.473857145,183.19439627,148.80900765,199.276841768,171.694532039,171.69454939,0.0199986834693,0.0149961296801,22.7110549749,0.0150006000476,211.968647087,181.23259611,0.015046160629,92.2062656566,171.694539673,0.0346612385351,0.0350736043997,0.0248970936777
2011-11-29 14:00:00,234.107713859,0.0150392134635,0.0199956786639,215.037813691,0.0150552035599,-1.8227427079e-05,0.0150053549735,0.0149997819011,0.0246537486806,233.671681001,238.106135724,171.694495767,85.4738765525,226.165941212,183.714857222,246.020834851,211.968560852,211.968577702,0.020000884056,0.0149972167705,22.7109772789,0.0150004142525,234.425249566,223.743916057,143.876188641,92.2067984173,211.968565963,0.0345929014435,0.0350756225991,0.0251355504633
2011-11-29 15:00:00,234.107788456,0.0150137097358,0.0199984345667,215.037837067,0.0150986589193,-1.88795370911e-05,0.0150194587579,0.014999801438,0.024657758768,233.6716894,238.106157338,171.694501718,85.4738821106,226.165970281,183.714862115,246.020862764,211.968565402,211.968587467,0.0200081685058,0.0150009228281,22.7107545593,0.0150006261482,261.68969375,223.743957658,143.876191285,92.2070519592,211.968572268,0.0345634953475,0.0350398232572,0.0252312465966
2011-11-29 16:00:00,234.107794875,0.0150073282986,0.0199987984193,215.037843881,0.0199841223072,-1.96942417774e-05,0.015022129797,0.0149998503815,0.024658059367,233.67169304,238.106161434,211.968510476,85.473882801,226.165977208,183.714864588,246.020868496,211.968566865,211.968590099,0.0200061048105,0.0150036308753,0.0153224972185,0.015000801942,261.689694308,223.743963938,177.624927077,92.2072152965,211.96857474,0.0345263263407,0.0349269839951,0.0252519360125
2011-11-29 17:00:00,234.107796077,0.0150027742963,0.0199981234375,215.037845717,0.0199974253743,-2.05857733597e-05,0.01502157095,0.0149998691711,0.0246566029573,233.671694708,238.10616248,211.968522945,85.4738827822,226.165979745,183.714865618,246.020871687,211.968567536,211.968591016,0.0200022454826,0.0150059160947,0.0150216428132,0.0150004838483,261.689694471,223.743967304,177.624927657,92.2069798167,211.968575778,0.034371718089,0.0348394237897,0.025237184878
2011-11-29 18:00:00,234.107790755,0.0150009372571,0.0199977198609,215.037847003,0.0200008609734,-2.14640684692e-05,0.0150204577078,0.0149999011709,0.0246562012125,233.671695575,238.106163213,211.968523993,85.4738821974,226.16598097,183.714865821,246.020872316,211.968567791,211.968591755,0.0200017303678,0.015007416314,0.0205666306581,0.0150002379092,261.689694523,223.743968557,177.624927854,92.2069792209,211.968576418,0.0168064874416,0.0346340434819,0.0250543288822
2011-11-29 19:00:00,234.107780184,0.0150001110872,0.0199968715298,215.03784687,0.020002257483,-2.24203502832e-05,0.0150185315624,0.0149999011734,0.0245957968251,233.671695705,238.106160148,211.968524545,85.4738816373,226.1659808,183.714865767,246.020867029,211.968568007,211.96859194,0.020000434646,0.0150117902027,0.0150070073712,0.0149998703378,261.689694506,223.743966969,177.624927935,92.2069107098,211.968576611,0.0151588855875,0.0314533830327,0.0203197073861
2011-11-29 20:00:00,234.107747973,0.0149998298511,0.0199956338338,215.03784523,0.0200048871755,-2.33915332097e-05,0.0150180813046,0.0149998859954,0.0200058401796,233.67169554,238.106156563,211.968524547,85.4738813414,226.165980322,183.714865579,246.020857401,211.968567779,211.968591651,0.0200000921357,0.0150133162529,0.0150030408068,0.0149995556598,261.689694433,223.743964354,177.624927905,92.206846978,211.968575358,0.0150742868809,0.0155128136535,0.0200519263338
2011-11-29 21:00:00,234.107751339,0.0149995019428,0.019993789541,215.037842474,0.0459515027872,-2.45152976391e-05,0.0150214357266,0.0149998381483,0.0200008028258,233.671695356,238.106152396,211.968524342,85.4738809911,226.16597831,183.714864748,246.020821807,211.968567349,211.968591001,0.0199998679754,0.0150122218988,0.0150018812827,0.0149992065352,261.68969428,223.743958634,177.624927781,92.2068550244,211.968574251,0.0150395442482,0.0152292279212,0.020022150043
2011-11-29 22:00:00,234.1077356,0.0149991487854,0.0199924050585,215.037836342,0.0459855228923,-2.56862946266e-05,0.0150263519306,0.0149997724053,0.0199991257409,233.671694159,238.106144448,211.968523819,85.473880387,226.16597288,183.714863911,246.020794459,211.968566703,211.968589987,0.0199995489032,0.0150101068401,0.0150011562705,0.014998856818,261.68969405,223.743952707,177.624927592,92.2068694599,211.968572793,0.015023008402,0.0151187877362,0.0200131044846
2011-11-29 23:00:00,234.107729763,0.0149989437151,0.0199919535056,215.037828682,0.0459871332032,-2.68579923257e-05,0.015038756873,0.0149997037328,0.0199979830844,233.671691857,238.10613034,211.968522332,85.4738802866,226.165964709,183.71486288,246.020783475,211.968564959,211.968588356,0.0199993385744,0.0150073808252,0.0150006575635,0.014998625756,261.689693687,223.743946247,177.624927385,92.2068961542,211.968571567,0.0150145202659,0.0150792517221,0.0200066712996
2011-11-30 00:00:00,234.107724349,0.014998788515,0.0199964771601,215.037820993,0.0459878273439,-2.78813561737e-05,0.0199302956138,0.0149996841934,0.0199983938655,233.671690109,238.10614226,211.968520911,85.4738802456,226.165961717,183.714861613,246.020792041,211.968563877,211.968586216,0.0199992564013,0.0150064370042,0.0150004393574,0.0149985297901,261.689693406,223.743938708,177.624927194,92.2070261545,211.968569703,0.0150110909015,0.0150588995655,0.0200039500547
2011-11-30 01:00:00,234.107722062,0.0149986885305,0.0199986953131,215.037818355,0.0459880978777,-2.8821101396e-05,0.019980147139,0.0149996756448,0.0199965224164,233.671688776,238.106129771,211.968519394,85.4738806022,226.165961726,183.714861365,246.020793136,211.968562726,211.968583114,0.0199992271924,0.0150067363697,0.0150001653529,0.0149984604686,261.689693221,223.743938419,177.624927091,211.967230245,211.968568927,0.0150115176893,0.0150422152358,0.0199963554106
2011-11-30 02:00:00,234.107720949,0.0149986730928,0.0199983391225,215.037815348,0.0459882297931,-2.98317130656e-05,0.0199834682482,0.0149996694658,0.0199959668498,233.671687676,238.106102865,211.968518413,85.4738805302,226.165960834,183.714861139,246.020794337,211.968562405,211.968581312,0.0199994914653,0.0150061541806,0.0150000895292,0.0149984649908,261.689693141,223.743932935,177.624927032,211.968044541,211.968569315,0.0150156434573,0.0150437771542,0.0199948339242
2011-11-30 03:00:00,234.107726467,0.0149987631686,0.0199979878495,215.037814255,0.0459883945497,-3.07050262525e-05,0.0199865908413,0.0149996616818,0.0199961688017,233.671686847,238.106107358,211.968517351,85.473880466,226.165957083,183.71486081,246.020820059,211.968562721,211.968580217,0.0199997184885,0.0150041541134,0.0150001177435,0.0149985576579,261.689693165,223.743936631,177.624927044,211.96816965,211.968570392,0.0150224743811,0.0150768929254,0.0199932966136
2011-11-30 04:00:00,234.10776141,0.0149990394074,0.0199980093538,215.037815876,0.0459887013967,-3.14543217859e-05,0.0199888608224,0.0149996654842,0.019996934372,233.671686718,238.106121979,211.968516437,85.4738805049,226.165958711,183.714860656,246.020875855,211.968563563,211.968580912,0.0200001276753,0.015002069624,0.0150003439636,0.0149988492595,261.689693452,223.743944141,177.62492723,211.968238525,211.968572277,0.0150317043335,0.0151571390455,0.020005164068
2011-11-30 05:00:00,234.107806461,0.01499922403,0.0199989346654,215.037816969,0.0459891986717,-3.20406777754e-05,0.0199926003885,0.0149997037753,0.0199989952079,233.67168683,238.106121715,211.968516193,85.4738814755,226.165962268,183.714861101,246.020893782,211.968564947,211.968583987,0.0200011916695,0.0150006435499,0.0150010447386,0.0149995014023,261.689693958,223.743959848,177.624927429,211.96828575,211.968574908,0.0150300067925,0.0152293357994,0.0200181986225
2011-11-30 06:00:00,234.107811308,0.0149993173869,0.0200004252867,215.037814425,0.0459892580835,-3.23661062344e-05,0.0199903168229,0.0149998212586,0.0200007013966,233.671679996,238.105428005,211.968516634,85.4738826105,226.165960951,183.714860938,246.020896181,211.968564537,211.96858474,0.0200102364381,0.0149999037957,0.0150021067699,0.0150007593668,261.689694181,223.743963101,177.624927353,211.968331051,211.968574814,0.0150163607668,0.0151280781445,0.0200018243059
2011-11-30 07:00:00,234.107812295,0.0149992837569,0.0200003688274,174.180597929,0.0459888011485,-3.31311804787e-05,0.0199886789932,0.0149998888441,0.019997980476,189.274056612,178.579563587,211.96851658,85.4738829507,183.194421444,148.809033816,246.02089766,171.694536468,171.694552634,0.0200049553707,0.0150006139912,0.015002174601,0.0150008961087,234.425256608,223.743833743,177.624926934,211.968340007,171.694554071,0.0150127378085,0.0151326008207,0.0200101178286
2011-11-30 08:00:00,189.627337715,0.0149992125535,0.019999744768,161.278434446,0.0459863807615,-3.42588372869e-05,0.019984031633,0.01499988398,0.01998084579,0.0101349752014,0.020017792693,211.968514968,85.4738742836,183.19432029,148.808991681,199.276933806,171.694506874,171.694517053,0.0199996650894,0.0150013685797,0.0150019795625,0.0150006697853,211.968651833,181.23260013,143.876190575,158.976505405,171.694437544,0.0150057793872,0.0150326898835,0.0199773200916
2011-11-30 09:00:00,189.627326829,0.0149991546869,0.0199499009326,0.0100893520172,0.0200102111291,-3.54045636086e-05,0.0150359726404,0.0149997449531,0.019983264174,0.0100101093228,0.0199832149904,171.694489727,85.4738693833,0.0102462025012,0.0100277555396,199.276935684,0.0100269878113,0.010098656266,0.0199979644019,0.0150012578044,0.0150020727516,0.015000398045,211.968638803,181.2325411,143.876187583,158.976315198,92.2141428066,0.0150047693229,0.0150556979466,0.0200073780463
2011-11-30 10:00:00,189.627321712,0.0149991414771,0.0199335510513,0.010048250441,0.0200050645108,-3.65013959591e-05,0.0150220194228,0.0149996793089,0.0199854563005,0.0100095242355,0.0199667928731,171.694470513,85.4738547032,0.0100731999864,0.010020933969,199.276937823,0.0100165954411,0.010025924789,0.0199968514988,0.0149993787807,0.0150022516323,0.015000351946,196.267519366,167.826694957,143.876140496,158.97626784,0.0102176948252,0.0150071849433,0.0150880640853,0.0200158728177
2011-11-30 11:00:00,189.62732014,0.0149991469518,0.0199353113361,0.0100966516088,0.0200037734339,-3.75714589661e-05,0.0150179914581,0.0149996679356,0.019994292292,0.010025007091,0.0199954621151,158.976904336,64.1057518215,0.0106750524883,148.80898746,211.968527654,92.2086115716,113.835941825,0.0199971432675,0.0150000881018,0.0150023639475,0.0150004877779,196.267485781,181.232477626,0.010009090521,158.976265292,158.977052832,0.0150186355233,0.0152648068018,0.0200601994352
2011-11-30 12:00:00,189.627329028,0.014999219796,0.0199861753746,161.278545454,0.0200030096464,-3.86359977022e-05,0.0150239207304,0.0149997001914,0.0200007106102,189.274053738,103.576390254,158.976819618,64.105748164,183.194328134,148.809034259,246.020787627,171.694534303,171.694545843,0.0199990425242,0.0150009535515,0.0150049755987,0.0150017152103,211.96852802,181.232595282,0.0100065043511,158.976297367,171.694541619,0.0150303610986,0.0153231307184,0.0201073822108
2011-11-30 13:00:00,211.968536931,0.0149994017357,0.0199913169757,174.180605402,0.0200035211101,-3.96948548654e-05,0.0161732320084,0.0149997329133,0.0200188965912,189.274070189,192.865599548,171.694454737,85.4738358936,183.194422957,148.809050548,246.020902387,171.694544971,171.694561967,0.0199999806369,0.0150009968965,0.01500558201,0.0150034533513,211.96865211,181.232622095,77.2668984725,158.976437619,171.694564218,0.0150452674693,0.018782116131,0.0201789558038
2011-11-30 14:00:00,234.107775937,0.0149996094182,0.0199995021144,215.037801999,0.0200057554541,-4.06519586159e-05,0.016291012547,0.0149997751109,0.0246997887417,233.671693895,238.106417298,171.69448701,85.4738742616,226.165945241,183.714859821,246.020906078,211.968577955,211.968598026,0.0246886232522,0.0150011063726,0.0150118583429,0.0150058536449,211.968657047,223.743901926,143.87618718,211.968080574,211.968628797,0.0150522794271,0.0189801336747,0.020162017652
2011-11-30 15:00:00,234.107823852,0.0150000487438,0.0200048515913,215.0378333,0.0246955729007,-4.16199233871e-05,0.0199915374185,0.0149997991262,0.0247088919897,233.67169967,238.106461169,171.694493438,85.4738826054,226.165972426,183.714861441,246.020906941,211.968583549,211.96860805,0.0246924459939,0.0150015641843,22.7108888034,0.0150072009243,282.624664864,223.743990265,143.876188852,211.968391839,211.968640226,0.0150866203111,0.018946047363,0.0201539218588
2011-11-30 16:00:00,234.107824734,0.0150005723523,0.020005761933,215.037839846,0.0246959880786,-4.27483653454e-05,0.019993148904,0.014999839874,0.0247112463083,233.671702749,238.106465645,211.968504998,85.473883055,226.165978032,183.714862823,246.02090715,211.968585251,211.968611094,0.0246960935042,0.0150027990996,22.7110445618,0.0150090474458,282.624665632,223.743997696,177.624923534,211.968408098,211.968644153,0.0151134771647,0.0188535812473,0.0201059367489
2011-11-30 17:00:00,234.107822452,0.0150012908648,0.0200028699451,215.037841909,0.0246919645334,-4.39523377193e-05,0.0199897883545,0.0149998525101,0.0247126510917,233.671704079,238.106466637,211.968508431,85.4738829226,226.165979765,183.714863265,246.020907198,211.968586077,211.96861227,0.0246939758837,0.0150036778428,22.7112563371,0.015007545022,282.624665854,223.74400102,177.624923856,211.968400441,211.96864603,0.0151305493417,0.0185252936643,0.020084734015
2011-11-30 18:00:00,234.10781846,0.015002712836,0.0200032325604,215.037842528,0.0200085017413,-4.51592539613e-05,0.0199887988505,0.0149998400976,0.0247143939014,233.671704565,238.106468227,211.968508961,85.4738823948,226.165980816,183.714863214,246.020907198,211.968586567,211.968612715,0.0246933711688,0.0150033050452,52.2092162632,0.015005581732,282.624665953,223.744003179,177.624923955,211.968396879,211.9686471,0.015287272554,0.0154217937274,0.0200645725902
2011-11-30 19:00:00,234.107812016,0.0150043669033,0.0200007187522,215.037842208,0.0200039276063,-4.63599755315e-05,0.019982227304,0.0149998176321,0.0247149485944,233.671704373,238.106465722,211.968509206,85.473881993,226.165980428,183.714863147,246.020906948,211.968586742,211.968612956,0.0246911086198,0.0150026396863,52.2092151855,0.0150021751532,282.624665966,223.744000828,177.624923943,211.968380362,211.96864718,0.0153143645916,0.0156321374961,0.020096970794
2011-11-30 20:00:00,234.107792376,0.0150074567279,0.0199997425642,215.037841016,0.0200007839906,-4.76418196254e-05,0.0199750792323,0.0149997912568,0.0247144322962,233.671704249,238.106462225,211.968509034,85.4738817154,226.165979713,183.714862506,246.020906329,211.9685864,211.968612688,0.0246871646104,0.0150024529034,52.2091704447,0.0150005110762,282.624665911,223.743997325,177.624923837,211.96834448,211.968646093,0.0152236328456,0.0154037108939,0.0200849575506
2011-11-30 21:00:00,234.107787072,0.0150098725851,0.0199984455167,215.037838206,0.0199980792164,-4.90323357702e-05,0.0199459321141,0.0149997553042,0.0247143122261,233.671703893,238.106458168,211.968508677,85.4738813734,226.165977645,183.714861217,246.020905133,211.968585758,211.968611994,0.0200339940571,0.0150021456751,52.2081105557,0.014999861078,282.624665744,223.743991806,177.624923652,211.968291202,211.968644771,0.0152835451556,0.0153277953541,0.0200551708807
2011-11-30 22:00:00,234.107748089,0.0150110698131,0.0199963073582,215.037832186,0.0199729167154,-5.04947891111e-05,0.0150600378443,0.0149997061393,0.0247147515216,233.671702588,238.106448938,211.968508058,85.4738807327,226.165972164,183.714859866,246.020903892,211.968584918,211.96861115,0.0200034718143,0.0150020654416,22.7110184427,0.0149992469637,282.624665478,223.743983424,177.624923389,211.968207027,211.96864265,0.0153715446128,0.0152870695755,0.0200505199786
2011-11-30 23:00:00,234.107731175,0.0150119029753,0.0199927895034,215.037824603,0.0150297031089,-5.18265909111e-05,0.0150247631338,0.0149996457041,0.024715480566,233.671700503,238.106424287,211.968506612,85.4738806505,226.16596358,183.714857242,246.020902849,211.968584319,211.968609603,0.0200013397309,0.0150046296752,0.0153099071904,0.0149988316469,282.624665035,223.743974164,177.624923094,211.968167461,211.968640353,0.0153441961259,0.0152868463928,0.0200487406524
2011-12-01 00:00:00,234.107724203,0.0150092378963,0.0199931314038,215.037819057,0.015023783099,-5.31358424049e-05,0.015026085131,0.0149996301937,0.0247145240557,233.671698934,238.106448853,211.968504992,85.4738807298,226.165954136,183.714855773,246.02090275,211.968582926,211.968606634,0.0200012575717,0.0150059551957,0.0150700593976,0.0149987239279,282.624664631,223.743965301,177.62492288,211.968066545,211.968637802,0.0165925656621,0.015385880718,0.0200558059951
2011-12-01 01:00:00,234.107722545,0.0150089029843,0.0199912948965,215.037814804,0.0150201111423,-5.43756907109e-05,0.015016964845,0.0149996175683,0.0247141468095,233.671697358,238.10643369,211.968503185,85.4738808439,226.165948081,183.714854357,246.020901798,211.968581142,211.968603533,0.0200003683884,0.0150150086653,0.0150061527522,0.0149986190929,282.624664353,223.743961748,177.624922767,211.968030654,211.968634814,0.0180924573269,0.015558438014,0.0201523817099
2011-12-01 02:00:00,234.107720471,0.0150082288465,0.0199901154496,215.037812278,0.0150190292263,-5.55435171905e-05,0.0150117540978,0.0149996054636,0.0247113771401,233.671696345,238.106409808,211.968500978,85.4738813864,226.165945718,183.714853646,246.020900659,211.968580321,211.968600673,0.0200000620899,0.0150343791685,0.0150027764362,0.0149985686761,282.624664162,223.743965565,177.624922744,211.967863777,211.968634248,0.0187275364011,0.016123810613,0.0258477994911
2011-12-01 03:00:00,234.1077236,0.015008367088,0.019989885309,215.037810646,0.0150189153996,-5.66267565788e-05,0.0150088227192,0.0149996002206,0.0247087092159,233.6716954,238.106426992,211.968499562,85.4738813958,226.165946408,183.714852856,246.020899858,211.968581105,211.968598962,0.0199998718416,0.0151137677127,0.0150020866022,0.0149985022346,282.624664226,223.743966864,177.624922803,211.96758894,211.968637755,0.0190265580901,0.0314245989368,0.0260788717578
2011-12-01 04:00:00,234.107752932,0.0150091483708,0.0199903748409,215.037812169,0.0150197363115,-5.76325754746e-05,0.0150081302544,0.0149996206405,0.0247065121635,233.671694638,238.106439335,211.968498031,85.4738809421,226.16595286,183.714852079,246.020900007,211.968583458,211.968601464,0.019999884238,0.0176826003185,0.0150020430667,0.014998706499,282.624664662,223.743977482,177.624923029,211.966989997,211.968642359,0.0330718608884,0.0345711421418,0.0262044306971
2011-12-01 05:00:00,234.107799851,0.0150086938964,0.0199921842516,215.03781477,0.0150739300144,-5.8340913441e-05,0.0150088131074,0.0149997122509,0.0247080163821,233.671695152,238.10644118,211.968496427,85.4738819394,226.165960554,183.714850578,246.020900845,211.96858606,211.968605372,0.0200015749104,0.0343656621925,0.0150031421041,0.0149992961227,282.624665316,223.743997624,177.624923256,211.86600577,211.968647225,0.0344997536013,0.0347830192797,0.0263005928413
2011-12-01 06:00:00,234.107802541,0.0150050039409,0.0199969045781,215.037809917,0.0185365389309,-5.88545057854e-05,0.0150098482959,0.0150000348409,0.0247049810682,233.671691227,238.106396849,211.968494482,85.4738828303,226.16595903,183.71484647,246.020899066,211.96858634,211.968606092,0.0200279397682,0.0312314601607,0.0150050136788,0.0149999803839,282.624665563,223.744002556,177.624923195,0.0154394109668,211.968648227,0.0345508375584,0.0348764560465,0.0401663209731
2011-12-01 07:00:00,234.107799443,0.0150020626004,0.019997855448,174.180589579,0.01853749654,-5.99026241761e-05,0.0150106089185,0.0150008823318,0.024676512509,189.27406099,178.579728529,211.968490219,85.4738831896,183.194421642,148.808991235,246.02089298,171.694557693,171.694571748,0.0200005262077,0.03449795692,0.0150034373654,0.0150001757824,234.425255767,223.743993807,177.624922859,0.0151462490862,211.96853369,0.0345199805087,0.0349689034777,0.026183960671
2011-12-01 08:00:00,189.627296043,0.015000820873,0.0199981354431,161.278525525,0.0150174602313,-6.12076710651e-05,0.0150108433256,0.0150027879592,0.0199965915915,0.0101091217968,0.0200399659417,211.968483682,85.4738315956,183.194352458,148.808977127,199.276945255,171.694552087,171.694559379,0.019998973536,0.0345520361338,0.0150028331061,0.0150001569498,228.925978845,181.232632864,143.876187369,0.0150589788001,171.694606557,0.01540734829,0.0346416832868,0.020071736046
2011-12-01 09:00:00,175.580948768,0.014999412603,0.0199979333816,0.0101054614369,0.0150078702135,-6.23466377596e-05,0.0150093475545,0.0150028825685,0.0199876388719,0.0100096676826,0.0103851390758,171.694005874,64.1056983119,0.0126434188726,0.018637100744,199.276825119,171.694526151,158.97665661,0.0199987083554,0.0354966462272,0.0150027322153,0.0150001132602,228.925975628,181.232520871,143.876184411,0.0150403709571,171.69456958,0.0150648018966,0.0345319766663,0.0201056224183
2011-12-01 10:00:00,175.580893537,0.0149993054061,0.0199975524362,0.0100528003221,0.0150025024681,-6.3454953255e-05,0.0150095721162,0.0150020611128,0.0199822519141,0.0100091195418,0.0100350942619,158.976576243,64.1056772417,0.0100867300355,0.0100422642083,199.276818929,92.2092231402,0.0134403866797,0.019998329927,0.034502384644,0.0150028119443,0.0150000824069,211.968534231,167.819142874,77.2669183268,0.015034263153,158.981382927,0.0150484034972,0.0344837356986,0.0201582532686
2011-12-01 11:00:00,175.580905692,0.0149995108964,0.0199977676756,0.0100918882727,0.0150033338965,-6.45446473394e-05,0.0150087876455,0.0150106309908,0.0199809247254,0.0100381941519,0.0199724962439,0.010022565143,64.1056724562,0.0108981387471,98.6623133189,199.27681727,171.694527564,158.976868786,0.0199985474827,0.0345161945181,0.0150028079585,0.0150000480038,211.968528197,181.231991858,0.0149807178369,0.0150426693316,171.694508394,0.0150886682044,0.0346411592798,0.0205606814626
2011-12-01 12:00:00,175.580978771,0.0149995486858,0.0199998113573,161.278548397,0.0150164691598,-6.56649577226e-05,0.015008754605,0.0344783621814,0.0199871059216,189.274060316,0.0207108019948,0.0100216476504,64.1056930042,183.194316695,148.808987845,199.276819018,171.694554512,171.694566872,0.0199993262658,0.0345581704501,0.0150029571601,0.0150002439891,228.925974537,181.232626562,0.0100729180508,0.0150358014347,171.694607188,0.0181586019551,0.0346517720052,0.0229071185027
2011-12-01 13:00:00,189.627308888,0.0149996697552,0.0200014471969,174.180595745,0.0150188374704,-6.69655051608e-05,0.0150105938092,0.0344807464738,0.0199976950873,189.274075418,178.57982204,158.976517974,85.4738176293,183.194425109,148.80899583,199.277248684,171.694567552,171.694582293,0.0199997584181,0.0347224157797,0.0150032634836,0.0150007664514,228.925979423,181.232665246,0.0150002393049,0.0150407695793,171.694630956,0.0182448255148,0.0347089939241,0.0255536874209
2011-12-01 14:00:00,234.107726308,0.0149996493103,0.0200076139889,215.037787406,0.0150232070163,-6.79715071471e-05,0.0150156830327,211.96853296,0.0199995749786,233.67169575,238.106491587,171.694001837,85.4738741132,226.165956846,183.714801056,246.020756254,211.974091909,211.968622527,0.0200011439289,211.968122691,0.0150040836233,0.0150015776756,228.925994394,223.743977767,143.876182355,0.0150343338712,211.968713773,0.0160457480426,0.0346719442456,0.025454309467
2011-12-01 15:00:00,234.107786904,0.0149995540883,0.0458913573556,215.037842889,0.0153725164743,-6.88988536975e-05,0.0150187647077,211.968556073,0.0200004542966,233.67170084,238.106586745,171.694010181,85.4738824455,226.165992338,183.714802491,246.020757213,211.974102076,211.968632535,0.0200074919907,211.968539373,0.0150042916988,0.0150024362106,282.624672954,223.745677861,143.87618564,0.015080047402,211.968726521,0.0151241138794,0.0344417157121,0.0204284911019
2011-12-01 16:00:00,234.107787759,0.0149994526675,0.0459348682405,215.037851188,0.0198906670214,-7.00266819662e-05,0.0150210048626,211.96856848,0.0199998028187,233.671703669,238.106593778,211.967903494,85.4738830759,226.165998774,183.714802387,246.020756012,211.974104639,211.968635279,0.0203165395033,211.968554201,0.0150044236671,0.0150043524209,282.624673511,223.745706095,177.624920628,0.0150689027774,211.968730682,0.0150472091206,0.0308895102376,0.0200946743832
2011-12-01 17:00:00,234.107785966,0.0149994018658,0.0459486195255,215.03785409,0.0198945696339,-7.13862402471e-05,0.0150221766413,211.968751772,0.0199990339381,233.671704874,238.106596123,211.96791367,85.4738830125,226.166000997,183.714802065,246.020754373,211.974105861,211.968636489,0.0459579950628,211.968572411,0.0150040212841,0.0150072537011,282.624673677,223.745716259,177.624921091,0.015031772107,211.968732453,0.015018961349,0.0153321915345,0.0200267659686
2011-12-01 18:00:00,234.107780458,0.0149993000671,0.0459513389095,215.037855572,0.0198843842243,-7.26383299412e-05,0.0150366608841,211.968558469,0.0200095070298,233.671705512,238.10659972,211.96791474,85.4738827159,226.1660022,183.714799355,246.020753007,211.974106636,211.968637318,0.045963979259,211.968575315,0.0150049071885,0.0150153876078,282.624673735,223.745722481,177.62492128,0.0150363119259,211.968733745,0.0150059467618,0.015074900361,0.0199952316164
2011-12-01 19:00:00,234.107764196,0.014999144331,0.0459491352701,215.037855831,0.0161282749703,-7.38888352312e-05,0.0150119135024,211.968554924,0.0200018538019,233.671705284,238.106597736,211.967915193,85.4738823216,226.166002127,183.714798409,246.020751176,211.974106756,211.968637529,0.0459662051071,211.968563284,0.0150069975873,0.0150344907132,282.624673725,223.745721147,177.62492137,0.0150527137131,211.968733701,0.0150031104141,0.0150294132111,0.0199733801156
2011-12-01 20:00:00,234.107738212,0.0149991810097,0.0459328636473,215.037854366,0.0161318356183,-7.51388062174e-05,0.0150077573636,211.968554848,0.0199995386679,233.671705079,238.106595185,211.967915152,85.4738820053,226.16600155,183.714798936,246.020747819,211.974106571,211.96863716,0.0459673488876,211.968552211,0.0150108477121,0.0151001080602,282.624673661,223.745709719,177.624921279,0.0150813440259,211.968730763,0.015001172172,0.0150053535594,0.0199454182748
2011-12-01 21:00:00,234.107735779,0.0149990183726,0.0459019754186,215.037851295,0.0199943571197,-7.64719934331e-05,0.0150080111675,211.968551923,0.0199983684036,233.671704803,238.106593161,211.967914865,85.4738816664,226.165999362,183.714799715,246.020737433,211.974106144,211.968636936,0.0459679283169,211.968539501,0.0150137796489,0.0153035156714,282.624673474,223.7456857,177.624920977,0.0150735720918,211.968727973,0.0149990502418,0.0149962928217,0.0199226765581
2011-12-01 22:00:00,234.107724469,0.0149988244569,0.0458697278554,215.037845606,0.0199985218618,-7.79363592223e-05,0.0150080762949,211.968527582,0.0199972342907,233.671703394,238.106589355,211.967914078,85.4738809118,226.165994716,183.714800454,246.020722837,211.974104945,211.968635873,0.045967663629,211.968506744,0.0150161285456,0.0342360541752,282.624673217,223.745609223,177.624920345,0.0150604922477,211.968722751,0.0149973774667,0.0149898090619,0.019918552205
2011-12-01 23:00:00,234.107720841,0.0149987127884,0.0201510547063,215.037836811,0.0199993511113,-7.92617174885e-05,0.0150083782652,0.0345113293928,0.0199963271257,233.671701931,238.106585023,211.967912617,85.4738808862,226.165985504,183.714800894,246.020717534,211.974101757,211.968634411,0.0459674715144,211.968394353,0.0150233639933,0.0344437524511,282.624672817,223.744493125,177.624919279,0.0150495738822,211.968713958,0.0149963408438,0.0149882902047,0.0199173319168
2011-12-02 00:00:00,234.107717381,0.0149986439883,0.0200734965989,215.037829709,0.020002586379,-8.05091627646e-05,0.0150096887181,0.0344838407739,0.0199982230737,233.671699539,238.106581925,211.967910925,85.4738808562,226.165976293,183.714802658,246.020695686,211.974097285,211.968631568,0.0459675884614,0.0348740764028,0.0150442366041,0.0344529947273,282.624672325,223.744198884,177.624917814,0.015137114779,211.968695235,0.0149959949747,0.0149863973349,0.0198891560982
2011-12-02 01:00:00,234.107716042,0.0149986407521,0.0200708577929,215.037826272,0.0200033981952,-8.16695401763e-05,0.0150092324562,0.0344810018396,0.019997120927,233.671698101,238.106577663,211.967909047,85.4738808648,226.165967933,183.714802299,246.020672694,211.974090107,211.96862754,0.0459673330069,0.0345232358928,22.7107993765,0.0344727330276,282.624672008,223.74412453,177.624918111,0.0150244801553,211.968677895,0.0149957798893,0.0149872852769,0.0199114590936
2011-12-02 02:00:00,234.107715587,0.0149986728581,0.0200804895561,215.037823526,0.0200044042665,-8.27555969141e-05,0.0150097218111,0.0344798865056,0.0199956188159,233.671697216,238.10657421,211.967906298,85.4738807863,226.165962979,183.714802134,246.020372446,211.974086013,211.968624849,0.0459673551659,0.0345058909987,22.7110336497,0.0344764163228,282.624671801,223.744150257,177.624917973,0.0150276186531,211.968655472,0.0149958509811,0.0149893402879,0.0199296823481
2011-12-02 03:00:00,234.107719027,0.0149988458469,0.0200894844676,215.037822626,0.0459529697666,-8.38078181566e-05,0.0150138228047,0.0344790763227,0.019994173482,233.671696585,238.106575649,211.967905792,85.4738806839,226.165962098,183.714802354,246.020423247,211.974091646,211.968622812,0.0459660556579,0.034499164273,52.2092047623,0.0344779073561,282.624671793,223.74418478,177.62491914,0.0150275031768,211.968682039,0.0149965045988,0.0149945833574,0.0199515905042
2011-12-02 04:00:00,234.10773131,0.0149992595004,0.0201335238498,215.037826236,0.0459838703299,-8.47460640966e-05,0.0150189446981,0.034477841923,0.0199926219959,233.671696682,238.10658151,211.96790594,85.4738809893,226.165969184,183.714802607,246.020660111,211.974100862,211.968624868,0.0459647615202,0.034495657336,52.2092260384,0.0344787755,282.624672204,223.744557422,177.624920486,0.0150350854846,211.968715012,0.0149987551215,0.015008105854,0.019976471481
2011-12-02 05:00:00,234.107771473,0.0149996374097,0.0201270687905,215.03783188,0.0459860376012,-8.54425709908e-05,0.015028283656,0.0344777712907,0.0199946765526,233.671695907,238.106585977,211.967906237,85.4738821119,226.165979458,183.714802446,246.020710287,211.974107476,211.968630452,0.0459656900084,0.0344911250145,52.2092362802,0.034482098539,282.624672931,223.745732631,177.624921317,0.0150471102615,211.968736106,0.0150024031374,0.0150320477751,0.0199956457879
2011-12-02 06:00:00,234.107776653,0.0149996802561,0.0247532600406,215.037833014,0.0459870537174,-8.57861428831e-05,0.0150638138692,0.0344791904422,0.0199970638136,233.671693836,238.106577677,211.967909007,85.473882957,226.165978576,183.714800959,246.020704955,211.974107913,211.968631619,0.0459651171883,0.0294968623689,52.2092756854,0.0344899043182,282.624673248,223.745755879,177.624921588,0.0150784100842,211.968736713,0.0150054427121,0.0150598227436,0.0200061234196
2011-12-02 07:00:00,234.107776889,0.0149997412988,0.0247537090663,174.180637235,0.0459888502788,-8.65427514811e-05,0.0185447351933,0.0344797296148,0.0199883587217,189.274061592,192.866322107,211.967909653,85.4738832773,183.194451048,148.808981867,246.020670846,171.699031072,171.694591786,0.0459400610829,0.0344678449204,52.2095932483,0.0344817717421,234.425257051,223.745758104,177.624921701,0.0151238972981,171.69477052,0.0150107397364,0.0150948525156,0.0200012773785
2011-12-02 08:00:00,189.627301211,0.014999662328,0.0247451825442,161.279094894,0.0459873751288,-8.7646481716e-05,0.0185612866228,0.0344790569839,0.0180304258268,175.253569278,103.576442773,211.967909658,85.4738730825,183.194440015,148.808952073,199.276618617,171.699026424,171.6945709,0.0200006831504,0.0344872248353,52.2093986519,0.0344679527462,228.925985831,223.744150077,177.624918646,0.0153042779693,171.694641821,0.015016923591,0.015095234109,0.0199876150481
2011-12-02 09:00:00,175.581085661,0.0149994427297,0.0199946274722,93.543688905,0.0459853646664,-8.8836630773e-05,0.0164833973597,0.0150035318948,0.0180237860063,0.0100142699951,0.0201167187942,171.694006045,85.473865355,183.194428226,0.010025664465,199.276581242,171.699028543,113.836027617,0.0200004480155,0.0326938311489,52.2093916067,0.0344661695535,228.925985333,223.743762138,143.876187586,0.0467704104928,171.694681921,0.0150326872271,0.0150405502801,0.0199750139128
2011-12-02 10:00:00,175.581007608,0.0149995022622,0.0199886438643,0.0102101424179,0.0459817599733,-9.01154627492e-05,0.015031548308,0.0150003238661,0.0180001782044,0.0100100133797,0.010589435473,171.693851601,85.4738578724,183.194411525,0.010022033587,184.515901714,171.699030932,0.010047810588,0.0199996285602,0.0150212093649,52.2093292576,0.0344407514541,228.925985061,211.968561794,143.876186665,0.0470669014825,171.694685043,0.0150631340565,0.0150250858839,0.0199642291818
2011-12-02 11:00:00,175.581002496,0.0149999414085,0.0199863882937,161.278421748,0.0390201144097,-9.14137771168e-05,0.0150268080065,0.0150000239917,0.0180148886798,0.0100410925028,103.576355427,158.97681515,85.473839555,183.194401044,148.808942415,199.276604892,171.699037281,158.977276386,0.019999432045,0.0150071404799,52.2092914129,0.0280051638509,228.925984914,211.968737351,143.876186369,0.0471135712225,171.694698912,0.0151549778377,0.0148252015297,0.0199625842501
2011-12-02 12:00:00,175.581080243,0.0150008765503,0.0199889092306,174.180577732,0.0459745629741,-9.26288430892e-05,0.0150235682204,0.0150000785716,0.0180292263179,189.274057628,192.864902322,158.976595932,85.473865527,183.194434057,148.808981066,199.276619653,211.968534202,171.694589448,0.0199997179485,0.0150032817331,52.2093032694,0.0340113512506,228.925985171,223.743888647,143.876186281,0.0354980367472,171.694786972,0.0151301713404,0.0150248193828,0.0199639336385
2011-12-02 13:00:00,189.627315138,0.0150023284017,0.0199939658585,174.180670551,0.0459803508352,-9.37020368227e-05,0.0150311500992,0.015000020612,0.0199847113447,189.274070961,192.866338263,169.361337444,85.4738745649,183.194462785,148.808994961,199.276624799,211.974102364,171.694609459,0.0200001403605,0.0150018611013,52.2092519703,0.0152562401873,228.925985873,223.744072849,143.876186638,0.0458807054812,211.968572406,0.018455541235,0.0150335876675,0.0199654801076
2011-12-02 14:00:00,234.107731423,0.015004247864,0.0200008167266,215.038045029,0.0459850710763,-9.47616571059e-05,0.0197934873935,0.0150000343126,0.019988734465,233.67168726,238.106595418,171.693999961,85.4738794727,226.165965402,183.714794077,246.020501336,211.974118742,261.687231624,0.0200027586407,0.0150014023959,52.2092359847,0.01735385952,234.425265521,223.745750115,143.876187286,0.0472471419506,261.689456433,0.025919433048,0.0150350143427,0.019972084397
2011-12-02 15:00:00,234.107808536,0.015008448515,0.0201421899319,215.038139145,0.0459868038781,-9.56685786539e-05,0.0199909026326,0.015000030631,0.0199926988075,233.671691212,238.106628971,171.694008808,85.4738828421,226.165975317,183.714795605,246.020513732,211.974121055,261.687254412,0.0246592936542,0.0150019194835,52.2092352227,0.0344466362516,282.62467318,223.745767126,177.624900091,0.0472964152935,261.689480582,0.0315360941132,0.0150338452822,0.0199730657783
2011-12-02 16:00:00,234.107812335,0.0150124676475,0.0245771568933,215.038158748,0.0459869525798,-9.68540720584e-05,0.0199997503281,0.0150000102869,0.0199933319536,233.671693391,238.106633749,211.96791543,85.473883215,226.165977924,183.714795828,246.02051565,211.974121632,261.687259486,0.024685150713,0.0150032742019,52.2092337108,0.0344672306177,282.624673324,223.745770964,177.624922594,0.0472900654481,261.689488864,0.018937444039,0.0150235795947,0.0199677513657
2011-12-02 17:00:00,234.107811151,0.0150212183127,0.0200220999028,215.038164811,0.0459864839086,-9.8091398865e-05,0.0199970698257,0.0149999370239,0.0199942477931,233.671694488,238.10663475,211.967922196,85.473882958,226.165977984,183.714795509,246.020516055,211.974121802,261.687261305,0.0246852744893,0.0150043183642,52.2092305747,0.0344559998225,282.624673284,223.745770434,177.624922858,0.0472977814162,261.68949285,0.0182504864391,0.015021587781,0.019963113839
2011-12-02 18:00:00,234.10780753,0.0344278214176,0.0200052395885,215.038168418,0.0459852742611,-9.93766307034e-05,0.0199260343066,0.0149998896584,0.019995407737,233.671694529,238.106635037,211.967923657,85.4738827235,226.165977702,183.714794398,246.020517881,211.974121995,261.687262623,0.0246809383728,0.0150029237061,52.2092339103,0.034389368155,282.624673203,223.745769508,177.624922975,0.0473154676965,261.689495659,0.0150899441091,0.0150153321577,0.019957914615
2011-12-02 19:00:00,234.107794889,0.0344876598079,0.0200010987264,215.038168792,0.0459837385257,-0.000100776465741,0.0198319296497,0.0149998219819,0.0199986792099,233.671694185,238.106632011,211.967924457,85.4738822409,226.165976091,183.714793518,246.020518985,211.974121799,261.687263005,0.0200067890606,0.0150029412998,52.2092179933,0.0151584347949,282.62467306,223.745758359,177.624923068,0.0472981145627,261.689496205,0.0150454833836,0.0150115042956,0.0199564657252
2011-12-02 20:00:00,234.107763105,0.0344880529419,0.0199994177363,215.038166045,0.0459744027447,-0.000102190411457,0.0198227285225,0.0149997755681,0.0199998124822,233.671694076,238.106628159,211.967924657,85.4738820622,226.165974261,183.714792013,246.020519529,211.974121223,261.68726285,0.0200017558012,0.0150021698336,52.2092113721,0.0150168834196,282.624672824,223.745738808,177.624923008,0.0472695998825,261.689494936,0.0150462318589,0.0150139982575,0.0199647485126
2011-12-02 21:00:00,234.107774771,0.0151000827915,0.0199977296398,215.038162097,0.020011027407,-0.000103613335266,0.0197960316356,0.0149997300726,0.0199999153999,233.671693718,238.106624221,211.967924644,85.4738819413,226.16597042,183.714790361,246.020519321,211.97412048,261.687262455,0.0200009926195,0.0150013760647,52.2092106292,0.0150032173411,282.62467246,223.745710723,177.624922808,0.047234184576,261.689493485,0.0150382487121,0.015009929104,0.0199669095154
2011-12-02 22:00:00,234.107746639,0.0150221838598,0.0199950945828,215.03813961,0.0200039907103,-0.000105023166518,0.0150393269283,0.0149996826058,0.0200002613925,233.671692386,238.106619451,211.967924329,85.4738812626,226.16596091,183.71478891,246.020519026,211.974119054,261.687261563,0.0200003235008,0.0150004747206,52.2092075779,0.0150003355531,282.624671914,223.745531985,177.624922595,0.0471732397766,261.689491035,0.0150240166446,0.0150077935012,0.0199710743004
2011-12-02 23:00:00,234.107734384,0.0150144852972,0.0199916468373,215.038080284,0.0200010852526,-0.000106342523827,0.0150179584143,0.0149996364675,0.020000432404,233.671690607,238.106613679,211.967923226,85.4738811924,226.165945397,183.714787986,246.020518447,211.974116161,261.687259825,0.0199999603954,0.0150005141008,52.209203288,0.0149992274183,282.624671143,223.744290413,177.62492235,0.0470412219224,261.689485053,0.0150169507724,0.0150070836991,0.0199761403613
2011-12-03 00:00:00,234.107728214,0.01500994738,0.0199900457458,215.037971411,0.0199945399004,-0.000107670051767,0.0150097483148,0.014999616853,0.020001234682,233.671688658,238.10661161,211.967921873,85.4738809203,226.165925825,183.714788003,246.020517856,211.974113355,261.687256728,0.0199997348698,0.0150000037119,52.2092028881,0.0149986865241,282.624670034,223.744128063,177.624921975,0.0208742533675,261.689476159,0.015016834651,0.014994441244,0.0199597168689
2011-12-03 01:00:00,234.107724003,0.0150089680817,0.0199890595819,215.037934811,0.0150164413812,-0.000108976248654,0.0150062251088,0.0149995915206,0.0200018140554,233.671686849,238.106607964,211.967920711,85.4738807599,226.165912123,183.714786467,246.020517449,211.97410897,261.687250891,0.0199994401719,0.0149992414724,52.2091854275,0.014998392229,282.624668874,223.74406378,177.624921968,0.0154682587806,261.68947464,0.0150091601693,0.0149947714679,0.0199875910423
2011-12-03 02:00:00,234.107722583,0.0150081960801,0.0199887581446,215.037920149,0.0150053787085,-0.000110235203384,0.0150048733599,0.0149995659356,0.0200019956607,233.671684789,238.106605299,211.967919461,85.47388099,226.165907017,183.714785129,246.020516801,211.974105036,261.687243896,0.0199992456848,0.0149986195041,22.7110521046,0.014998271588,282.624667703,223.744039436,177.624922008,0.0151307990025,261.689477635,0.0150104704812,0.0150015624607,0.0200000414608
2011-12-03 03:00:00,234.107724435,0.015008926911,0.0199886634046,215.037921303,0.015003779584,-0.000111469137804,0.0150043158893,0.0149995403398,0.0200018670392,233.671683908,238.10660497,211.967918874,85.4738808813,226.165909459,183.714785006,246.020515862,211.974104794,261.687235707,0.0199991210089,0.0149985593694,0.015054979187,0.0149982381912,282.624666562,223.744048307,177.624922018,0.0150441527465,261.68947979,0.0150206559139,0.0150108039798,0.020005532401
2011-12-03 04:00:00,234.107729863,0.0150109011696,0.0199890570812,215.03797091,0.0150030462186,-0.00011264551842,0.0150040559098,0.0149995210725,0.0200018859471,233.671682435,238.10660697,211.967918653,85.4738807882,226.165916462,183.714785529,246.020514422,211.974108232,261.687238114,0.0199989840585,0.0149987280642,0.0150047131407,0.0149983080947,282.624666194,223.744090538,177.624921998,0.0150162427472,261.689484141,0.0150302343263,0.0150328414337,0.0200146737399
2011-12-03 05:00:00,234.107740346,0.0150141173546,0.0199895619939,215.038070363,0.0150027979003,-0.000113725997837,0.015004149953,0.0149995263251,0.0200021213442,233.671680451,238.106608514,211.967918479,85.473880616,226.165928652,183.714786404,246.020512943,211.974113245,261.687250243,0.0199989159802,0.014999128505,0.0150019908528,0.0149985563043,282.624666646,223.744843268,177.624922011,0.0150105075902,261.689492445,0.0150387043568,0.0150773024304,0.0200269681511
2011-12-03 06:00:00,234.107766514,0.0150163126635,0.0199904401099,215.03814592,0.0150030801705,-0.000114770219698,0.0150044155972,0.0149995704676,0.0200020108012,233.671675476,238.106599747,211.96791825,85.47388079,226.165931863,183.71478672,246.020509769,211.974115971,261.687256106,0.0199991816383,0.0149985920736,0.0150020008416,0.0149989565221,282.624665525,223.745692559,177.624921975,0.015010182964,261.689496271,0.0150703928085,0.0151183877914,0.020020529704
2011-12-03 07:00:00,234.107798076,0.0150223098728,0.0199922573012,215.027940838,0.0150031434331,-0.000115761359344,0.015005161822,0.0149996287131,0.0199999599818,189.274032126,192.866344535,211.967917588,85.4738810955,183.194417408,148.808977704,246.020501402,211.968575204,211.966693308,0.0199993127401,0.0149996596845,0.0150010494044,0.0149992269523,234.425251751,223.745735432,177.624921773,0.0150089191851,211.968615018,0.0150683131569,0.0152683076354,0.0200226513235
2011-12-03 08:00:00,234.107717152,0.0150211430232,0.0199945048995,174.180964625,0.0150015193718,-0.00011665225603,0.0150059831446,0.0149996842502,0.0199788672906,0.0101351254083,178.579965469,211.967918381,85.4738778389,183.194398305,148.808962297,0.0150082435582,211.968555576,211.966687253,0.0199964240662,0.0150020867312,0.0150010442757,0.0149992825193,189.884463151,223.743825062,143.876188191,0.0150034558209,211.968531843,0.0150122362278,0.0149970926989,0.019212492319
2011-12-03 09:00:00,234.107722619,0.015010972964,0.0199952403841,174.180941148,0.0150011674851,-0.000117720862861,0.0150064590148,0.0149996808497,0.0180273758313,0.0100110078894,103.576189539,171.694014878,85.4738756515,183.194369372,98.6623992063,0.0150000583607,211.968536597,211.966678859,0.0199961245889,0.0150020880034,0.0150009907859,0.0149994147095,189.884461756,211.968792672,143.876185345,0.0150053886078,211.968514495,0.0149805793429,0.0149915012055,0.019766827066
2011-12-03 10:00:00,234.107717844,0.01500907248,0.0199949004703,174.180930551,0.015001046984,-0.000118904514371,0.0150071579281,0.0149996489871,0.0180180019496,0.0100104288814,0.0101166614575,171.694001785,85.4738687383,183.194290548,98.6626187569,0.0149976068719,211.968463567,211.966645202,0.0199961778332,0.0150006918813,0.0150010877413,0.0149999288447,189.88446103,211.972245157,143.876182981,0.0150052839602,211.968512108,0.0149854615614,0.0149976067869,0.0198808141549
2011-12-03 11:00:00,234.107708765,0.0150102472743,0.0199937618948,174.180942419,0.0150018076027,-0.000120158432247,0.0150080615533,0.0149996670989,0.0180116841684,0.0100623609246,103.57637123,0.010169455277,85.4738711201,183.194372683,148.808972357,0.014997392238,211.968496675,211.966650016,0.0199969975176,0.0150002226393,0.0150011055259,0.0149999583905,189.884460326,223.743920387,133.218706186,0.0150040521821,211.968522218,0.0150020817758,0.0150173520135,0.0199690976527
2011-12-03 12:00:00,234.107709302,0.0150115107751,0.019994903948,174.180973962,0.0150057465545,-0.000121481835801,0.0150120741641,0.0149996896028,0.018026059603,189.274031349,192.866267147,0.0100088349498,85.473877666,183.194403327,148.80898075,0.0149988235958,211.968544943,211.966684521,0.0199981657669,0.0150023073292,0.0150013539662,0.0149996447252,189.884460853,223.744594541,133.218700387,0.0150071517614,211.968554017,0.0150299284741,0.0150601909311,0.0199976063469
2011-12-03 13:00:00,234.107721141,0.0150111126536,0.019994475217,215.037760554,0.0150119144331,-0.000122692277703,0.0150125244971,0.0149997010661,0.0199790101076,189.274045214,192.866354333,158.97747616,85.4738801486,183.194431036,148.80899449,0.0150000028427,211.968574881,211.966697183,0.0199988880137,0.0150099018043,0.0150016666776,0.0149992523495,189.884461528,223.743983398,143.87618356,0.0150037742467,261.689458078,0.0150351082952,0.0150737250361,0.0199937291499
2011-12-03 14:00:00,234.107762459,0.0150087769369,0.0199975555825,215.038229341,0.019900582706,-0.00012383748208,0.0150218509882,0.014999748944,0.019986489106,233.671655565,238.10660018,171.694010821,85.4738810489,226.165885115,183.714794666,0.0150257836497,211.974113602,261.687269408,0.0199994167507,0.0150173557209,0.015002446772,0.014999306987,189.884479563,223.745632629,143.876185457,0.0150067068698,261.689504873,0.015018107254,0.0150732605099,0.0199801293259
2011-12-03 15:00:00,234.107807784,0.0150051378937,0.019998843907,215.038275401,0.019984247838,-0.000124991621414,0.0185110543215,0.0149998172286,0.0199861715151,233.671660229,238.10661889,171.694019486,85.4738820217,226.165913653,183.714797895,0.0150329044092,211.974115188,261.687283429,0.019999641724,0.0150174490517,0.0150033072547,0.0149996806329,234.425260682,223.74572517,143.876188453,0.0150058162148,261.689509805,0.0150119727422,0.015039915313,0.0199730401591
2011-12-03 16:00:00,234.107807943,0.0150024237707,0.019999455639,215.038287716,0.0199878076963,-0.000126231676352,0.018526299872,0.0149999032832,0.0199842943019,233.671663074,238.106622213,211.968290612,85.4738825725,226.165919184,183.714799004,0.0150194271768,211.974113878,261.687286971,0.0199998519711,0.015021445968,0.0150035370232,0.0149999801492,234.425260922,223.745733849,177.624921278,0.0150030693889,261.689509355,0.0150044096076,0.0150164872619,0.0199637208489
2011-12-03 17:00:00,234.107789095,0.0150009281957,0.0199991647454,215.038290948,0.0199914644898,-0.000127519694112,0.0185286449269,0.0149999330622,0.0199829276945,233.671664116,238.1066221,211.968534419,85.4738825512,226.165918295,183.714799426,0.0150134525035,211.974111673,261.687288625,0.0199998540657,0.0150290150117,0.0150028799346,0.0149997755484,234.425260928,223.745724358,177.624921607,0.0150139325028,261.689508605,0.0150009124315,0.0150058309048,0.0199563729052
2011-12-03 18:00:00,234.107736111,0.0150002819692,0.0199986946085,215.038292946,0.0199896294681,-0.000128896177398,0.018528063128,0.0149999606274,0.0199821883929,233.671664325,238.106620036,211.968539247,85.4738822499,226.165925355,183.714798799,0.0150090498969,211.974110882,261.687289301,0.019999935168,0.0150199648303,0.0150021043944,0.0149993753389,234.425260867,223.745718141,177.624921683,0.0150258134394,261.689504597,0.0149988301698,0.0150024482843,0.0199415218253
2011-12-03 19:00:00,234.107727238,0.0149997084379,0.0199977692185,215.038291235,0.0199911248244,-0.000130331074003,0.0185219206412,0.0149998804985,0.0199799422153,233.671663966,238.106617289,211.968541091,85.4738817299,226.165923056,183.714798258,0.0150066582345,211.974107912,261.687289275,0.0199996010253,0.0150191500152,0.0150010234404,0.0149992200151,234.425260696,223.745681965,177.624921721,0.0150153325767,261.689502465,0.0149980283847,0.0149985737655,0.0199253900729
2011-12-03 20:00:00,234.107722562,0.0149995793984,0.0199970459118,215.03828631,0.0199884287092,-0.000131746389953,0.0185062079516,0.0149998373144,0.0199759878529,233.671663687,238.106613087,211.968541803,85.4738815642,226.165921363,183.714797682,0.0150059578267,211.974103186,261.68728873,0.0199994059148,0.0150113138963,0.0150005374074,0.0149994440357,234.425260464,223.745500358,177.624921685,0.0150096304629,261.689495722,0.0149970726305,0.0149927737125,0.0198966452845
2011-12-03 21:00:00,234.107727296,0.014999321397,0.0199960949441,215.038274057,0.019987692417,-0.000133133464363,0.0150629488686,0.0149997864044,0.0199700891347,233.6716633,238.106608565,211.968541959,85.4738815429,226.165915847,183.714797027,0.0150065444147,211.974093784,261.687288044,0.019999346294,0.0150082202764,0.0150002694502,0.0149993442438,234.42526012,223.744399375,177.624921606,0.0150103589278,261.689486906,0.0149959861131,0.0149900349116,0.0198413825063
2011-12-03 22:00:00,234.107721306,0.0149990519959,0.0199943110838,215.038229272,0.0199853165861,-0.000134567943423,0.015030483982,0.0149997452604,0.0199541122814,233.671662345,238.106600851,211.968541875,85.4738812594,226.165900368,183.714796127,0.015008122071,211.974073456,261.687286428,0.0199990987598,0.0150052132395,0.0150000775467,0.0149991315669,234.42525965,223.74409145,177.624921437,0.0150087182859,261.689472881,0.0149951069044,0.0149863848062,0.0197816526128
2011-12-03 23:00:00,234.107717623,0.0149988587017,0.0199916487907,215.038077318,0.0198692277949,-0.000136129573003,0.0150208214121,0.0149997019419,0.0199263373514,233.671660637,238.106592548,211.968541167,85.4738810406,226.165883778,183.714795723,0.0150110270382,211.973879257,261.687284782,0.019998719003,0.0150042644489,0.0150000494173,0.0149988577922,234.425259036,223.744024347,177.624921212,0.0150059721774,261.689463997,0.0149944431342,0.0149841250541,0.0196974599721
2011-12-04 00:00:00,234.107708306,0.0149987221321,0.0199895037676,215.037954562,0.0150281334322,-0.000137469602343,0.0150212749779,0.0149996553978,0.019967949298,233.671658719,238.106582309,211.96853977,85.4738810408,226.165895229,183.71479393,0.0150107810481,211.973869599,261.68727765,0.0199984834871,0.0150021629379,0.0149999533373,0.0149986043436,234.425257681,223.743987083,177.624920932,0.0150114834794,261.689418295,0.0149939442252,0.0149831832803,0.0195863689564
2011-12-04 01:00:00,234.107705529,0.0149986708907,0.0199890149793,215.037920037,0.0150051999407,-0.000138774602836,0.0150260495339,0.0149996217188,0.0199784159206,233.671657223,238.106579938,211.968537723,85.4738814181,226.165890219,183.714790917,0.0150128958401,211.969377297,261.687262926,0.0199980855647,0.0150014611037,0.0149999567199,0.0149984399289,234.425256614,223.743964928,177.62492076,0.0150128332825,261.689305048,0.0149937689043,0.0149831892351,0.0193985055075
2011-12-04 02:00:00,234.107703827,0.0149986377741,0.0199891506338,215.037903947,0.0150036884512,-0.000140070428483,0.0150218518054,0.0149996067346,0.0199770309453,233.671655662,238.106578624,211.968536346,85.4738813117,226.16588493,183.714789541,0.0150126993059,211.970775136,261.687224548,0.019997952897,0.0150011322038,0.0150000270783,0.0149983455873,234.42525591,223.743954652,177.624920591,0.0150059905546,261.689349587,0.014993846071,0.0149837357577,0.0195655722781
2011-12-04 03:00:00,234.107708151,0.0149986675308,0.0199893881155,215.037905011,0.0150036225622,-0.000141309243579,0.0150213338209,0.0149995940718,0.0199747220259,233.671654842,238.106576751,211.968535403,85.4738810642,226.165884502,183.714790929,0.015011211352,211.968911113,261.687206314,0.0199979909665,0.015001596506,0.0150001208053,0.0149982732458,234.425255665,223.743953802,177.624920486,0.01499889949,261.689394056,0.0149944298616,0.0149842658969,0.0196321063958
2011-12-04 04:00:00,234.107711603,0.0149987492135,0.0199900369409,215.037931851,0.0150044781482,-0.000142565471895,0.0150252029098,0.0149995851126,0.0199736269597,233.671653214,238.106575909,211.968534566,85.4738811041,226.165891578,183.714791847,0.0150100360751,211.968783804,261.68721285,0.0199979350377,0.0150023143091,0.0150004892168,0.0149982801841,234.425255478,223.743961796,177.624920367,0.014999386254,261.689404626,0.0149954568451,0.0149860661778,0.0197707416562
2011-12-04 05:00:00,234.10771339,0.0149988324629,0.0199908669265,215.037971767,0.015014224105,-0.000143767801091,0.015051936806,0.0149995848134,0.0199746559572,233.671651941,238.106572552,211.968534499,85.4738807279,226.165902394,183.714792888,0.015008531956,211.973579194,261.687255015,0.0199978856968,0.0150023095004,0.0150010068064,0.0149984654545,234.425255238,223.743991369,177.624920279,0.0149987767121,261.689448304,0.0149968488282,0.0149895294531,0.0198551465732
2011-12-04 06:00:00,234.107713278,0.0149990773129,0.0199925647949,215.038137654,0.0185164440427,-0.000144874821152,0.0150247257762,0.0149996352533,0.0199782859287,233.671650389,238.106559117,211.968535436,85.4738804777,226.165908358,183.714792814,0.0150101594651,211.973913911,261.687272235,0.0199984895432,0.0150001396129,0.0150007664305,0.0149989810353,234.425253952,223.744067081,177.624920046,0.0149992383242,261.689463719,0.0149966013056,0.0149932540531,0.0199111601274
2011-12-04 07:00:00,234.107716653,0.0149993011374,0.0199958385797,215.037720838,0.0185214978567,-0.000146025130896,0.0150483962517,0.0149996668041,0.0199559321785,189.274030024,192.866233396,211.968533757,85.4738801296,211.968087034,148.808985658,0.0150059148045,211.968563075,211.966709261,0.0199986736149,0.0150008262294,0.0150008815843,0.0149992461135,171.694525008,223.74438608,177.624919656,0.01500363675,211.968637325,0.0149976945789,0.0149978539906,0.0199219025883
2011-12-04 08:00:00,211.968493798,0.0149994770407,0.0199966265557,215.02942907,0.0185182950933,-0.000147043938685,0.0150284760355,0.0149997147165,0.0180417074627,0.0100682430154,103.576357235,211.968537225,85.4738596088,183.194406416,148.808981936,0.0150002847374,211.96852412,211.966707278,0.0199984374889,0.0150030179144,0.0150010108795,0.0149994425247,171.694519231,181.234062563,143.876184694,0.0150028858516,211.968554496,0.0149977031063,0.0149901986973,0.0198978667433
2011-12-04 09:00:00,189.627327136,0.0149996435476,0.0199895865956,174.181074663,0.0150047375769,-0.000148133353067,0.0150191946326,0.0149996974049,0.0180428432298,0.0100075373425,0.0199384611862,171.694522615,85.4732116372,183.194391635,148.808976612,0.0150016441303,171.695020163,211.966706023,0.0199979306343,0.0150050747656,0.0150010642462,0.0149992864203,171.694512823,181.234050306,143.876182726,0.0150007946433,211.968556606,0.0149974122586,0.0149927696758,0.0199058999934
2011-12-04 10:00:00,189.627309004,0.0149998177048,0.0199902230606,174.181062381,0.0150017824897,-0.000149284053266,0.0150214491643,0.0149996726744,0.0180450343596,0.0100084214205,0.0105920313663,171.694519638,64.105811242,169.625275945,148.808978048,0.0150020953346,171.694993157,211.966706141,0.0199978227702,0.0150044294597,0.0150014490139,0.0149992120417,158.976642347,181.234045072,133.21875094,0.0150004143996,211.968555338,0.0149976119524,0.0149954210533,0.0199058826446
2011-12-04 11:00:00,175.581139096,0.0150000329622,0.0199912788187,174.181068907,0.0150011610975,-0.000150532682436,0.0150233505735,0.0149996982012,0.0180527491118,0.0147783809368,0.0199961129299,171.694516315,64.1057824159,98.3845170392,148.808983857,0.015002503686,171.694990389,211.96670868,0.0199974591057,0.0150052084868,0.0150024708025,0.0149991032843,158.976628548,181.234047091,0.0100144719049,0.0150001254286,211.968578084,0.0149989407794,0.0149979524767,0.0199265771358
2011-12-04 12:00:00,189.627265769,0.0150003985937,0.0199942908724,215.035347384,0.0150010548857,-0.000151834541591,0.0185115532896,0.0149997657889,0.0198220822664,189.274035344,103.576420319,171.694516315,64.105784417,183.19437152,148.808988295,0.0150035157015,171.694991902,211.966720356,0.0199978668619,0.0150082486564,0.0150062835796,0.0149992444146,171.694511064,181.23406083,0.0100093809688,0.0150226984025,211.968639469,0.0150058337765,0.0149998335332,0.0199230383295
2011-12-04 13:00:00,189.627342077,0.0150017263134,0.0199951416916,215.037801268,0.0150010346483,-0.00015313636478,0.0185043517406,0.0149997829779,0.0199812724139,189.274050029,192.866262857,171.694520465,85.4735836327,183.194425404,148.808999243,0.0150060757607,171.695038035,211.968535053,0.0199984909996,0.0150091227694,0.0150078377467,0.0149991943328,171.694519306,211.968475921,0.0150104113886,0.0150016289717,211.969123053,0.0150150911378,0.0150050947799,0.0199323081745
2011-12-04 14:00:00,234.107703532,0.0150028736581,0.0199962668876,215.038274375,0.0150010596134,-0.000154351959468,0.0176041739741,0.0149999015244,0.0199881663474,233.671683126,238.106525074,171.694525628,85.4738763845,226.165903581,183.714791275,0.015014499891,211.969080338,261.689479924,0.019999524287,0.0150124403035,0.0150180755899,0.0149993788488,171.694520771,223.744058426,143.876182204,0.0150005061974,261.689376505,0.0150162241914,0.015011947716,0.0199501461176
2011-12-04 15:00:00,234.107724933,0.0150039831607,0.0199979259857,215.038316091,0.0150018142589,-0.000155520168772,0.0152131456491,0.0150001131177,0.0199946172339,233.671692034,238.10653898,171.694548796,85.4738811391,226.165938552,183.714799837,0.0183583355501,211.969105424,261.68951541,0.0199998296966,0.0150229100692,22.711001201,0.015000323266,211.968542946,223.745571449,143.876183997,0.0150049159119,261.689481821,0.0150090042088,0.0150098817201,0.0199604406254
2011-12-04 16:00:00,234.107725875,0.0150048997208,0.0199990195303,215.038322498,0.0150028991754,-0.000156840268026,0.015225985244,0.015000291102,0.019997031555,233.671696247,238.106541825,211.968565393,85.4738822011,226.165948798,183.714802129,0.0185099992185,211.969099754,261.689522635,0.0200000625328,0.0150381295853,22.7112258695,0.0150014765611,211.968543261,223.745646914,177.624918195,0.0150053543977,261.689484319,0.0150048840161,0.0150097059374,0.0199638893972
2011-12-04 17:00:00,234.107725991,0.01500667215,0.0199995324784,215.038321494,0.0150029956547,-0.000158183274926,0.0151708033294,0.0150003173818,0.0199980352446,233.671698043,238.106541316,211.96862028,85.4738824169,226.165951576,183.714803574,0.0185133732678,211.969081756,261.689525604,0.020000134871,0.015064475469,52.209130329,0.0150021428316,211.968543379,223.745671131,177.62491877,0.0150074881039,261.689488433,0.0150025211836,0.0150087490988,0.0199672671256
2011-12-04 18:00:00,234.107723806,0.0150093561739,0.0200001716697,215.038321106,0.0150042248339,-0.000159466521771,0.0185197035541,0.015000253849,0.0199991437145,233.671698525,238.106539182,211.968624777,85.4738821794,226.16595755,183.714803217,0.0185139599629,211.969100698,261.689527853,0.0200001797429,0.0150431508282,52.2091533981,0.0150031670231,211.968543434,223.745668898,177.624918951,0.0150075798335,261.689489979,0.0150023612242,0.0150128388979,0.019970892018
2011-12-04 19:00:00,234.10772064,0.0150108949051,0.0200008577977,215.038317675,0.0150030801306,-0.000160865978959,0.0185211748272,0.0150000052982,0.0199996846532,233.671698326,238.10653848,211.968627039,85.4738817761,226.165951962,183.714802928,0.0185143068324,211.968997566,261.689528736,0.0199998688619,0.0150379519886,52.2091444225,0.0150036813159,211.968543422,223.745590782,177.624919107,0.0150075637838,261.689488334,0.0150056807302,0.0150086114896,0.0199664082261
2011-12-04 20:00:00,234.107716916,0.0150146431949,0.0200005662956,215.038310613,0.0150024177214,-0.000162349648043,0.0185165628672,0.0149999333923,0.0199996714489,233.671698065,238.106536499,211.968628101,85.4738817013,226.165947684,183.71479888,0.0185121106973,211.968583966,261.689528795,0.0199998139764,0.0150211123468,52.2091225686,0.0150034255147,211.968543338,223.745040486,177.624919141,0.0150195776424,261.689449794,0.0150086617998,0.0150011554456,0.0199472964231
2011-12-04 21:00:00,234.107716363,0.0150149596398,0.0199996241578,215.038282903,0.0150029140393,-0.000163894065599,0.0151627401598,0.0149998543015,0.019998274779,233.671698039,238.106533499,211.968628601,85.4738815527,226.165927697,183.714794709,0.0185083657647,211.968570043,261.689528394,0.0199999790832,0.015011195393,52.2091395061,0.0150036693555,211.968543139,223.744257435,177.624919041,0.0150125743964,261.68930072,0.0150062042068,0.0149938338348,0.0199223627308
2011-12-04 22:00:00,234.107708164,0.0150130869234,0.0199982977586,215.03819328,0.0150044760967,-0.000165493430722,0.0150175546071,0.014999768049,0.0199966001694,233.671696664,238.10652703,211.968628451,85.4738809998,226.165881854,183.714792217,0.0151191638833,211.968558652,261.68952607,0.0199998935091,0.0150070070204,52.2091451823,0.0150027241464,211.968542826,223.744050026,177.624918821,0.0150045902267,211.969050647,0.0150034344564,0.0149895168458,0.0199020341445
2011-12-04 23:00:00,234.107697869,0.0150109226057,0.0199963262744,215.037975665,0.0150076440709,-0.000167048749631,0.0150120350185,0.0149996969811,0.0199953933002,233.671694372,238.106515993,211.968626551,85.4738814464,226.165817242,183.714790999,0.0150213420607,211.968542504,261.689523821,0.0199997753776,0.0150051148787,52.2091492733,0.0150017980884,211.968542252,223.743974211,177.624918555,0.014999130429,211.968705605,0.0150013723182,0.0149866017714,0.0198972157927
2011-12-05 00:00:00,234.107653546,0.015004207271,0.0199938898513,215.037916677,0.0199727332797,-0.000168583466841,0.0150042948907,0.0149996914775,0.0199971313767,233.671691286,238.106490121,211.968622452,85.473881388,226.165304409,183.71478343,0.0150350577674,211.968490755,261.689514993,0.0199999223045,0.0150039660607,52.2091488412,0.0149998037574,211.968541573,223.743965318,177.624918389,0.014998654339,211.968640453,0.0150001345214,0.0149851404484,0.0199023276082
2011-12-05 01:00:00,211.96873788,0.0150043115424,0.0199945301708,215.03788302,0.019993062864,-0.000170054806687,0.0150048862392,0.0149996494716,0.0199969934678,233.671690139,238.106457693,211.968617299,85.4738812935,183.19611566,183.71478342,0.0150218091692,171.695017734,261.689472801,0.0199996719108,0.0150010981185,52.2091509481,0.0149992902296,211.968539977,223.743941742,177.624918357,0.0149992035709,211.968575593,0.015000350029,0.0149877152543,0.0198990692494
2011-12-05 02:00:00,211.968574357,0.0150047162919,0.0199949052096,215.037873846,0.0199969696723,-0.000171404619199,0.0150047850545,0.0149996221168,0.0199978144607,233.671689729,238.106386461,211.968612773,85.4738813122,183.194524003,183.714788364,0.0150156171716,171.694987801,261.689334324,0.0199995101414,0.0149995254456,52.2091526488,0.0149991026711,211.968529957,223.743943541,177.6249184,0.0149998725004,211.968560967,0.0150023806465,0.0149892586765,0.0199154176648
2011-12-05 03:00:00,234.107646452,0.0150056688647,0.0199939416786,215.037877802,0.0199986713425,-0.000172617398616,0.0150065639714,0.01499960761,0.0199992930997,233.671689717,238.106347659,211.968609668,85.4738812948,183.194494627,183.714793401,0.0150098034607,171.694984694,261.684323927,0.0199995071903,0.0149991215629,52.2091497671,0.0149995516195,211.968528743,223.743955126,177.624918654,0.0150024041303,211.968556271,0.0150064416621,0.0149956138717,0.019950300096
2011-12-05 04:00:00,234.107708573,0.0150073858503,0.0199943841385,215.037931785,0.0200004779553,-0.000173735060496,0.0150124087653,0.0149995964883,0.0200008056693,233.671690606,238.106446932,211.96861082,85.4738821392,183.194515222,183.714805299,0.0150083633642,171.694989674,261.689462122,0.0199996097001,0.0149990433782,52.2091482965,0.0150001587785,211.968536323,223.744012109,177.624918934,0.0150049907175,211.968558583,0.0150168409374,0.015011948992,0.0199858255843
2011-12-05 05:00:00,234.107725522,0.0150084201883,0.0199966062748,215.038200794,0.0200022568964,-0.000174450684828,0.0150207375059,0.0149996320942,0.0200079170365,233.671693878,238.106460595,211.968617063,85.4738823994,226.163287389,183.71481422,0.0150098528078,211.967563747,261.689522529,0.0200000601149,0.0149995735822,52.2091504793,0.0150013970953,211.968541204,223.74566633,177.624919204,0.0150084146056,211.968595194,0.0150383934971,0.0150453790521,0.02001127491
2011-12-05 06:00:00,234.107727032,0.0150110739061,0.0199994639978,215.038290504,0.0200030105227,-0.000174969675721,0.015025265658,0.0149997495256,0.0200052104843,233.671695023,238.106373823,211.968625505,85.4738835457,226.165796284,183.714813845,0.0150093733064,211.96850889,261.689530317,0.0200006291362,0.0150052246562,52.2091713393,0.0150037932542,211.968541834,223.745723349,177.624919252,0.0150319456493,211.969391348,0.0150263857735,0.0150905044343,0.0200325415275
2011-12-05 07:00:00,234.107722369,0.015008426543,0.0200000704165,215.037786705,0.0200036739697,-0.000176110453967,0.0150242557448,0.014999847272,0.0200042264483,189.274072014,83.8970711187,211.968629733,85.4738841048,183.194473105,148.809007725,0.0150084342033,171.694971057,211.96853413,0.0200005017117,0.015019545542,52.2091532022,0.0150025994552,171.694678732,223.745726774,177.624919209,0.0150320056841,211.968803178,0.0150310012589,0.0152450170661,0.0200340649713
2011-12-05 08:00:00,211.968547085,0.0150075376266,0.0199996447607,215.037880107,0.0200017960651,-0.000177597822036,0.0150138680455,0.0149998560839,0.0199990419077,189.274054297,83.8968475062,211.968632567,85.4738836429,183.194467626,148.809006444,0.0150000135401,171.694972213,211.968535758,0.0199995093733,0.0151073243148,52.2091451207,0.0150013497485,171.69451892,223.745701304,143.876187902,0.0150081532898,211.968550837,0.0150351097071,0.0157482398912,0.0200655582374
2011-12-05 09:00:00,189.627422243,0.0150038406429,0.0199835903538,215.037890619,0.0162014561543,-0.000179083438186,0.0149945909317,0.0149997553595,0.0199945635733,101.649787331,0.0200045394536,211.968558894,85.4738824752,183.195519227,148.809006921,0.0149992388664,211.968525227,211.968547334,0.0199973345991,0.0150492188875,52.2091370044,0.0150003673897,171.694518242,223.745666958,143.876184536,0.0149616921834,211.968551243,0.0150278040515,0.016008749533,0.0200796115341
2011-12-05 10:00:00,189.627335524,0.0150044795069,0.0199631066254,215.037875922,0.0150020595161,-0.000180512296706,0.0149913695691,0.0149996827826,0.0199858116524,0.0151277765488,0.020001787149,211.96743933,85.4738797392,226.165629669,148.809008479,0.0149987461024,211.968545962,211.968558215,0.0199963050976,0.0150023595846,52.2091219023,0.015000075605,171.69451152,223.743959995,143.876183806,0.0145192498116,211.968548376,0.015040179946,0.0154481192989,0.0200957602285
2011-12-05 11:00:00,189.627331905,0.0150089328435,0.019957196836,215.037830062,0.0150004579226,-0.0001818485261,0.0149896404397,0.0149996788848,0.0199847236575,189.274038563,0.0200235890917,171.694601006,85.4738785663,226.165854345,148.809013132,0.0149988951684,211.968544797,211.968578739,0.0199961699317,0.0150002257761,52.2090859604,0.0150002364852,158.976566379,223.745689001,143.876182058,0.0143270190149,211.968540827,0.015084684415,0.0157758272761,0.0201225193177
2011-12-05 12:00:00,189.627346116,0.0150100037921,0.0199847076797,215.037878876,0.015000653079,-0.000183185860119,0.0149937737158,0.0149996942047,0.0199849250578,189.274076138,83.8970378994,171.694596101,85.4738788956,226.165970807,148.809049992,0.0150002545156,211.968563538,261.689490475,0.0199966388124,0.0150017865682,52.209129406,0.0150016646259,171.694516882,223.745680849,143.876169565,0.014350267842,211.968531473,0.0150564900352,0.0167847245325,0.0202870194624
2011-12-05 13:00:00,211.968542585,0.0150118761126,0.0199886772773,215.038182271,0.0150069722986,-0.000184413032177,0.0149989971934,0.0149997342514,0.0199872696802,211.962919078,83.8970741343,171.694595208,85.4738797921,226.165995296,183.714783311,0.0150024560057,211.968576646,261.689528981,0.0199975800891,0.0150043742068,52.2090999244,0.0150023494647,171.694518834,223.745706247,143.876182627,0.0146472112209,211.96853802,0.0151329767051,0.0304089663877,0.0201043242213
2011-12-05 14:00:00,234.10771726,0.0150146975152,0.0199974582248,215.03828784,0.0162056653059,-0.000185762659022,0.0150118676974,0.0149998914344,0.0199935171816,233.671745433,103.5766289,171.69459826,85.4738821517,226.16599774,183.714817433,0.0152188526355,211.969039638,261.689533663,0.0200003009711,0.0150054834201,22.7110456711,0.0150055570986,171.694520392,223.745718631,143.876184334,0.0149818309988,261.689488058,0.0180803866385,0.0325066906427,0.0200427659268
2011-12-05 15:00:00,234.10773309,0.0150189501772,0.0199992508714,215.038304087,0.0200030784737,-0.00018710907643,0.0150783051429,0.0150003162491,0.0199953131528,233.671757062,103.576636399,211.96722074,85.4738839979,226.165998896,183.714863543,0.0162997149035,211.969076885,261.689536748,0.0200022132541,0.0150225823747,22.7110664395,0.0150147477115,211.968542492,223.745730684,143.876187384,0.0150124337625,261.689493928,0.0183352791849,0.0188211333234,0.0200220636377
2011-12-05 16:00:00,234.107733559,0.0150253675764,0.0200000586016,215.038303573,0.0200045546349,-0.000188556860971,0.015221280848,0.0150007115946,0.0199952350029,233.67176432,103.57663806,211.968632227,85.4738841957,226.165994783,183.714873485,0.0156315793347,211.969075004,261.689536193,0.0200038878615,0.0151191723169,22.7110638275,0.0150569448861,211.968542979,223.745731709,177.624919287,0.0150068363093,261.689481915,0.0183929983045,0.0182845560423,0.0200028137722
2011-12-05 17:00:00,234.107733701,0.0150373350562,0.0199998762978,215.038297867,0.0200056295266,-0.000190088334095,0.0184334657772,0.0150007808884,0.019995518862,233.671767117,103.57663706,211.968635933,85.4738840363,226.165999208,183.714874726,0.258946096024,211.969069144,261.68953619,0.020006141844,0.0191419256528,22.7118765627,0.0150781748544,211.968543167,223.745730385,177.624919568,0.0150083579524,261.689439185,0.0182196692097,0.0154695119446,0.019991400703
2011-12-05 18:00:00,234.107848984,0.0150631518806,0.0200005323878,215.038291006,0.0200077952956,-0.000191623946349,0.0184118152928,0.0150007584669,0.019999406692,233.671767793,103.57663485,211.968636037,85.4738834828,226.165995734,183.714860638,0.259938556271,211.969078636,261.689535634,0.0200035059594,0.0155064731734,52.2091194723,0.0150096473112,211.968543263,223.745727018,177.624919659,0.0150072204715,261.689499667,0.0156654341205,0.0150712475045,0.0199957908092
2011-12-05 19:00:00,234.107778343,0.0150881536283,0.0199997190486,215.038282152,0.0200070971032,-0.000193205263458,0.0184823778611,0.0150003206973,0.0199969353715,233.671767188,103.576631252,211.968636125,85.4738831058,226.165984245,183.71482812,0.259940836767,211.969076903,261.689534936,0.0200034328431,0.0150624246653,52.2090422295,0.0150062108122,211.968543305,223.745714016,177.624919676,0.0150053157494,261.689500956,0.0151896086472,0.0150538860573,0.0199880690615
2011-12-05 20:00:00,234.107739795,0.0327774530132,0.0199987350732,215.038267353,0.0200056219874,-0.000194849015155,0.0185014642373,0.0150001073263,0.0199939267522,233.67176614,103.576623334,211.968635615,85.473882892,226.166000762,183.714806683,0.25994056624,211.969074231,261.689533205,0.0200022565998,0.0150168012405,39.1563992866,0.0150042995841,211.968543294,223.745671456,177.624919583,0.0150112455547,261.689498841,0.0150899610836,0.0150156097755,0.0199594695653
2011-12-05 21:00:00,234.107741699,0.0344503039393,0.0199981792705,215.03824707,0.0200055915915,-0.000196524175614,0.0185004661975,0.0149999541721,0.0199898759353,233.671766466,103.576599691,211.968635062,85.4738826843,226.165994225,183.714797827,0.259934973842,211.969073163,261.689532972,0.0200005280729,0.0150108236519,22.7111521066,0.0150034753162,211.96854316,223.745496476,177.624919442,0.0150297853511,261.689496218,0.0150369786856,0.0149972956463,0.0199274046069
2011-12-05 22:00:00,234.107729092,0.0257820878644,0.0199974226449,215.038175245,0.0200047250056,-0.000198277755255,0.0184984815673,0.0149998387244,0.0199862257364,233.671759277,103.576412647,211.968634163,85.473882069,226.165947943,183.714795656,0.25991361098,211.969067609,261.689531119,0.0199998858836,0.0150075904416,22.7110994119,0.0150028984369,211.968542982,223.744239661,177.624919235,0.0150522857599,261.689491292,0.0150167932909,0.0149916522822,0.0198991655452
2011-12-05 23:00:00,234.107724562,0.025453922002,0.0199963606394,215.038010694,0.020003861626,-0.000199979514538,0.0184426902458,0.014999738412,0.0199841156428,233.671746392,103.576383227,211.968631627,85.473882253,226.165893646,183.714794315,0.259875746638,211.969058567,261.689526612,0.019999629688,0.0150088362397,52.2086121018,0.015003009986,211.968542682,223.744059487,177.62491901,0.0150784210208,261.689484033,0.0150051253254,0.0149866509902,0.0198781104961
2011-12-06 00:00:00,234.107722695,0.0150739114878,0.0199963583226,215.037919195,0.0200026527527,-0.000201529399076,0.0150386328066,0.0149996773874,0.0199834540173,233.671739453,103.576375638,211.968628281,85.4738824478,226.165863273,183.714789123,0.210577183863,211.968640823,261.689516797,0.0199997159384,0.0150052530645,52.2090587696,0.0150006869225,211.968542391,223.744003103,177.624918839,0.0150357294194,261.689468168,0.0149973706605,0.014986447193,0.0198787826477
2011-12-06 01:00:00,234.107721393,0.0150945749962,0.0199946688537,215.037884507,0.0200025676297,-0.00020298334249,0.0150921631245,0.0149996615921,0.0199814847779,233.671730272,103.576367913,211.968624781,85.4738825418,226.165875059,183.714794859,0.210599285204,211.968669266,261.689488893,0.0199994605812,0.0150057423625,52.2090977418,0.0150009432693,211.968542233,223.743992091,177.624918806,0.0151037741861,261.689462973,0.014995886915,0.0149872247779,0.0198950402129
2011-12-06 02:00:00,234.107720829,0.0150838822079,0.0199935939977,215.037876695,0.0200010660772,-0.000204399624323,0.015065888952,0.0149996474354,0.0199801755263,233.671726431,103.576363232,211.968621702,85.4738823768,226.16587534,183.714801354,0.259873886339,211.968976238,261.689435885,0.0199995256154,0.0150114313701,52.2091043382,0.0150015701588,211.968542105,223.743999298,177.624918708,0.0179550196088,261.689463107,0.0149958684786,0.0149902642591,0.0199008603492
2011-12-06 03:00:00,234.107721706,0.026244645254,0.0199926162816,215.037883231,0.0200001692048,-0.00020574601891,0.0150291133932,0.0149996345781,0.0199813786059,233.671731176,103.576369799,211.968619402,85.473882191,226.165890195,183.714804485,0.25993165088,211.969032844,261.689373474,0.019999711109,0.0150171443081,52.2091096412,0.0150035917018,211.968542294,223.744005089,177.624918661,0.0151122903392,261.6894681,0.0149966142691,0.0149951072675,0.0199098173374
2011-12-06 04:00:00,234.107731518,0.0344700774217,0.019992369161,215.037916728,0.0200012738369,-0.000206972743592,0.0150246477752,0.0149996327916,0.019983595676,233.671737327,103.576396629,211.968616669,85.4738827571,226.165923095,183.714877648,0.259947688899,211.969051506,261.689484335,0.0200000176151,0.015028629777,52.2091177315,0.0150069683572,211.96854267,223.744112241,177.624918644,0.015021572039,261.689477318,0.0149987323253,0.0150075484338,0.019949400874
2011-12-06 05:00:00,234.107808763,0.0344906677256,0.0199943631153,215.038036064,0.0200038362428,-0.000207813313112,0.0150295488773,0.0149996786949,0.0199899649183,233.671756613,103.576593352,211.968618245,85.4738830393,226.165990398,183.714930626,0.259952683602,211.969057257,261.689516712,0.0200008531239,0.01504264534,52.2091247482,0.0150156094376,211.968543146,223.745678033,177.624918617,0.0150159004918,261.689491206,0.0150014791937,0.0150257841174,0.0199765169975
2011-12-06 06:00:00,234.107934427,0.0345056005299,0.0199978547977,215.038056439,0.0200049010219,-0.000208441853562,0.015031498464,0.0149998105472,0.0199963969586,233.671771822,103.576553313,211.968621566,85.4738843014,226.166003882,183.714940641,0.259955174942,211.969049853,261.68952313,0.0200017147246,0.0150894339614,52.2091289566,0.015016053088,211.968543396,223.745704233,177.624918418,0.0150175142447,261.689492252,0.0150031403187,0.0150309618184,0.0199970669423
2011-12-06 07:00:00,234.107938562,0.0345047271521,0.0199988623866,174.180673117,0.0200054169237,-0.00020944103942,0.0150443432966,0.0150000329303,0.0199958672496,211.968532778,83.8970560772,211.968622705,85.4738847278,211.968261003,183.714824455,0.259955099664,171.694551302,211.968528547,0.0200012116545,0.0199809498306,52.2091358672,0.0150166688808,211.96854251,223.745704904,177.624918304,0.0150295420137,211.968570661,0.0150032556058,0.0150680138319,0.0199979380726
2011-12-06 08:00:00,211.968466968,0.0345021042744,0.0199989083727,161.278955887,0.0200036596883,-0.000210954679702,0.0150194268531,0.0150001738551,0.0198352284637,211.968279997,83.8970508708,211.968621518,85.4738831525,183.194476483,183.714786119,0.210564254905,171.69453813,211.968516824,0.0199999341095,0.033957107256,52.2091262706,0.0150168320876,171.694519848,181.234049423,143.876186419,0.0150332334995,211.968497898,0.0150027627713,0.0150419309111,0.0199755243208
2011-12-06 09:00:00,189.627544248,0.0345005576943,0.0199960739195,0.0105988112868,0.0199911153384,-0.00021253910704,0.0149992921724,0.0150000319007,0.0184237888005,211.968173956,83.8970342619,171.694583789,85.4738831742,183.194467376,183.714736702,0.210562869009,171.694175484,211.968508732,0.0199994459126,0.0154284206477,52.2091243178,0.0150138395397,171.694518873,181.234031637,143.876183499,0.0150026268881,211.968491233,0.0150024045617,0.0150269534818,0.0199702055559
2011-12-06 10:00:00,211.96850505,0.0344765485111,0.0199962105586,93.5436028955,0.0162092288668,-0.000213971162655,0.0149994598922,0.0149998482674,0.0197635136554,189.274248259,83.8969671701,171.694573229,85.4738833306,183.194465093,148.809135839,0.210562913275,0.0150164172596,211.968466452,0.0199994022712,0.015025644815,52.2091218605,0.0150115078276,158.976541267,181.234023426,143.876182408,0.0150082502385,211.968482598,0.0150023239727,0.0150289297897,0.0199647984121
2011-12-06 11:00:00,211.969019346,0.015383048425,0.0199927622442,174.180039171,0.0162119261884,-0.000215547178732,0.0149999591539,0.0149998390619,0.0199830417482,189.274219091,83.8969116579,171.694570101,85.4738829032,183.194468222,148.809125754,0.210565387694,171.694477311,211.968495307,0.0199993800436,0.0150184401771,52.2091236231,0.0150094373187,113.834953746,181.234023736,143.876170775,0.0150050183108,211.968487669,0.0150035928525,0.0150381379078,0.019969493836
2011-12-06 12:00:00,234.107705208,0.0150305045775,0.019993661764,174.180670046,0.0199998897765,-0.000217126507132,0.015000073311,0.0149999878246,0.0199984619629,211.968520835,83.8970271506,171.694563525,85.4738827927,183.194476265,148.809139027,0.210570206825,171.694540796,211.968515564,0.0199996052644,0.0150258501897,52.2092508584,0.015008170608,158.976459215,181.234026887,0.0150502211821,0.0150070237607,211.968496807,0.0150221521218,0.0150605855432,0.0199750928769
2011-12-06 13:00:00,234.107733803,0.0150392730144,0.0199947548383,215.037644626,0.0200014961374,-0.000218300719019,0.0149984050713,0.0150006229851,0.0200046299038,233.67069924,83.8970614272,171.69453881,85.4738831979,211.94723288,183.71476731,0.259948652153,171.694552545,211.968540308,0.0199998127589,0.0150575483098,52.2092573905,0.0150112108054,171.694519372,181.234041285,133.218836054,0.0150051104482,211.968541581,0.0150594452677,0.0153207448761,0.0199923362587
2011-12-06 14:00:00,234.107943453,0.0151791352611,0.0199994465523,215.037848946,0.0200039019744,-0.000219525617566,0.0150147390328,0.0150062277131,0.0243937080749,233.671781705,127.871768422,171.694566046,85.4738838236,226.166008203,183.714949111,0.259972108442,211.968569675,261.689522111,0.02000081672,0.0150371315917,52.2092307563,0.0150125379308,171.694522024,223.743970634,143.876182683,0.0150151435407,261.689493061,0.0151881611309,0.0152285264003,0.0199976015461
2011-12-06 15:00:00,234.107954398,0.0344906371565,0.0200010797245,215.037864043,0.0200042508502,-0.000220821490581,0.0185095820972,0.0194124478364,0.0244002158007,233.671787012,127.871976087,171.694572841,85.4738847217,226.166023496,183.714957407,0.259974174255,211.968572214,261.689528575,0.0200014578569,0.0150142217382,52.2092318551,0.0150119844251,211.968555769,223.745694995,143.876184238,0.0150791547094,261.689496521,0.0159602135899,0.0151612869388,0.0199984012275
2011-12-06 16:00:00,234.107955035,0.0344995812969,0.0200023908415,215.037867547,0.0200038471435,-0.000222450672685,0.018511645796,0.0191655320761,0.0243712706696,233.671789914,127.871986659,211.96857498,85.4738847794,226.166027249,183.714959372,0.259974929172,211.968572588,261.689529887,0.0200018566896,0.0150070793461,52.209207077,0.015009774675,211.968556388,223.74570178,177.624918436,0.0150988723905,261.689497326,0.0339933867012,0.0151168347423,0.0199997643708
2011-12-06 17:00:00,234.107953233,0.0344980223005,0.0200024040965,215.037867488,0.0200030250372,-0.000224055686272,0.0185118056134,0.0150032262441,0.0200164093434,233.671791056,127.871990081,211.96860594,85.4738845356,226.166027861,183.714959777,0.25997533775,211.968572406,261.689530194,0.0200015823842,0.0150057575783,52.2091662366,0.0150040289354,211.968556553,223.745702313,177.624918991,0.0153578529295,261.689496822,0.0343240038348,0.0150727577059,0.0200015214545
2011-12-06 18:00:00,234.107949689,0.0151719330726,0.0200048455286,215.037866927,0.0200002442167,-0.000225743622975,0.0185081244066,0.0150020233613,0.0200155094394,233.671790647,127.87199046,211.968606366,85.4738838866,226.166027969,183.714959297,0.259975779239,211.968571803,261.689530143,0.0200020455416,0.0150046378205,52.2091525222,0.0150009262285,211.968556626,223.745701949,177.624919193,0.0187541542813,261.689496303,0.034069142907,0.0150353583397,0.019995912371
2011-12-06 19:00:00,234.107943535,0.0150722602268,0.0200032098995,215.037865233,0.0199970566843,-0.000227327761118,0.0184988616962,0.0150005021421,0.0200084724935,233.671789077,127.871985899,211.968606474,85.4738832455,226.16602718,183.714959587,0.259975169528,211.968571317,261.689529764,0.020000724482,0.0150036029045,52.2091218674,0.0150001707366,211.96855664,223.745693319,177.624919279,0.0159511842434,261.689495979,0.034379208008,0.015037821641,0.0199951521401
2011-12-06 20:00:00,234.107900161,0.015150997853,0.0200017798326,215.037861867,0.0199840253316,-0.000228969638796,0.0150723017868,0.0150002155163,0.0200030665042,233.671788081,127.871968263,211.968606153,85.4738830536,226.166026467,183.714958422,0.259973912027,211.968570579,261.689528743,0.020000326271,0.0150023611101,52.2091082717,0.0149998303623,211.968556614,223.745668474,177.624919264,0.0163907115464,261.689493336,0.034446641813,0.0150183976537,0.019994650295
2011-12-06 21:00:00,234.107867468,0.0150848224979,0.0199996601465,215.037856343,0.0199748514583,-0.000230690710467,0.0150164207189,0.0149999008481,0.0199997977852,233.67178725,127.871921622,211.968605671,85.4738828412,226.166022845,183.714957008,0.259972275392,211.968570092,261.689527737,0.0200001331402,0.0150016496508,52.209098586,0.0149994560606,211.968556486,223.745619076,177.624919143,0.0150424739104,261.689488896,0.0344517955971,0.0150065794452,0.0199959078127
2011-12-06 22:00:00,234.107745475,0.015052174007,0.0199976340264,215.037845457,0.0151359238854,-0.000232478426176,0.0150106655644,0.0149997527381,0.0199976191348,233.671783607,103.577292926,211.968604589,85.4738822871,226.1660156,183.714954816,0.259969883569,211.968569019,261.689525832,0.0199998238288,0.0150006555471,52.2090556494,0.0149991445245,211.968556299,223.74473473,177.624918938,0.0150180537369,261.689482761,0.0344407328308,0.0149977987154,0.0199996372873
2011-12-06 23:00:00,234.107732371,0.0150527264218,0.019993663874,215.037832915,0.0150069344844,-0.000234208752955,0.0150067032538,0.0149996530328,0.0199951140859,233.671774967,103.576502818,211.968602157,85.4738823616,226.166004143,183.714950571,0.259967534897,211.968567222,261.689522932,0.0199996228806,0.0150002391171,22.7110368839,0.0149989615344,211.968556064,223.744141873,177.624918742,0.0150077652422,261.689475454,0.0344177778629,0.0149946018955,0.0199986207811
2011-12-07 00:00:00,234.10771623,0.0150406207794,0.0199914262213,215.03782223,0.0150032024569,-0.00023582291969,0.0150050774221,0.0149996325494,0.0199942329114,233.671765009,103.576459578,211.968599172,85.4738825974,226.16599151,183.714954462,0.259951949807,211.968564246,261.689515978,0.0199995561338,0.014999498488,0.0150215431939,0.0149988357886,211.968555511,223.744060155,177.624918538,0.0149987969203,261.689423952,0.0343971877142,0.0149939232477,0.0200001213854
2011-12-07 01:00:00,234.107717562,0.0150686419099,0.0199913372662,215.037817683,0.0150018540402,-0.000237287460951,0.0150074043107,0.0149996187719,0.0199942450991,233.671758996,103.576451946,211.968595413,85.4738826014,226.165981166,183.71495581,0.259947339365,211.968563048,261.689505256,0.0199995185764,0.014998850291,0.0150066868536,0.0149989671563,211.968555306,223.744033714,177.624918549,0.0149983094283,261.689352188,0.0343028743631,0.0149925916472,0.0199934529333
2011-12-07 02:00:00,234.107721019,0.0151761107479,0.0199913816072,215.037813927,0.0150012104008,-0.000238737121603,0.0150035773707,0.0149995985798,0.019995208033,233.671753423,103.57653791,211.968591941,85.4738824124,226.16597626,183.714955829,0.259959864175,211.968562256,261.689484955,0.0199996613603,0.0149985744366,0.0150034272016,0.0149993246894,211.96855517,223.744025358,177.62491863,0.014996536378,261.689400428,0.034002006811,0.0149953673918,0.0199892418379
2011-12-07 03:00:00,234.107717654,0.034474479554,0.0199900003631,215.03781216,0.0150009634446,-0.000240131710432,0.0150023121419,0.014999581907,0.0199952708048,233.671753238,127.871624124,211.968589748,85.4738821304,226.165977116,183.714955353,0.259961279963,211.968562677,261.68947385,0.0199998563082,0.0149983357695,0.0150039044034,0.015000359678,211.96855516,223.744050213,177.624918764,0.014996152951,261.689454206,0.0284833928341,0.0150124775617,0.0199902635749
2011-12-07 04:00:00,234.107750904,0.0345059112281,0.019989887659,215.037816773,0.0150010908343,-0.000241381509539,0.0150025493471,0.0149995657792,0.0199957989329,233.671760421,127.871983068,211.968589334,85.4738824138,226.165986953,183.714957556,0.25996539269,211.96856338,261.689498424,0.020000041988,0.0149983295919,0.0150061334553,0.0150020281944,211.968555207,223.744334658,177.624919012,0.0149973179764,261.689475611,0.0283765471015,0.0150922908293,0.0200018630679
2011-12-07 05:00:00,234.107923188,0.0345098319313,0.0199917209683,215.03782403,0.0150015889141,-0.000242227990922,0.0150036212533,0.0149995844941,0.0199983131919,233.671772614,127.871998017,211.968589957,85.4738832273,226.165996865,183.714959425,0.259968548497,211.968563636,261.689515519,0.0200004223001,0.0149984238701,22.7110329894,0.015004957905,211.968555297,223.745676417,177.624919269,0.015002255515,261.689490292,0.033650121875,0.0153616614463,0.0200180633084
2011-12-07 06:00:00,234.107932461,0.0345108762783,0.0199967800646,215.037821502,0.0150022737814,-0.000242965898538,0.0150055593794,0.0149996823321,0.0200038731475,233.671782356,127.871997243,211.968592866,85.4738841605,226.165993118,183.714960221,0.259969174624,211.968558952,261.689518802,0.0200011743363,0.0149989485045,52.2090726517,0.0150092603772,211.968555057,223.745697819,177.624919287,0.015003752386,261.689491472,0.0326859179239,0.0154338491107,0.020026946815
2011-12-07 07:00:00,234.107929075,0.0345102968067,0.0199985887784,174.180616891,0.0150025152002,-0.000243978404139,0.0150063308268,0.0149997639747,0.0200027997926,189.274153891,103.576328997,211.968593058,85.4738846494,183.194634077,148.809120647,0.259964049186,171.694485932,211.968512593,0.020001129394,0.0150003264409,52.2090842903,0.0150098495145,211.968541361,223.745697284,177.624919165,0.0150102762046,261.689480943,0.016021208471,0.0153084464272,0.0200279511743
2011-12-07 08:00:00,234.10769962,0.0345093541298,0.0199985199647,161.278820402,0.0150018885134,-0.000245565321899,0.0150061986312,0.0149997657031,0.0199865050183,189.274149542,103.576325187,211.968590652,85.4738842819,183.194396483,148.8091166,0.0150098918073,171.694464081,211.968502988,0.0200001890318,0.0150013779001,52.2090869729,0.0150094824904,171.694467374,181.234032057,177.624744458,0.0150065276538,211.968491938,0.0152717718183,0.0151810234775,0.0200171011977
2011-12-07 09:00:00,234.10770292,0.0345083351107,0.019988009523,0.0100944661934,0.0150016224131,-0.000247154985176,0.0149992844764,0.0149996980011,0.019979627096,189.274148029,103.576326171,171.694511224,85.4738841488,169.624859129,148.809100902,0.0150042280986,0.0150151769039,211.965146937,0.0200003086396,0.0150014411824,52.2090909152,0.0150088299321,158.976367858,181.234029212,143.876183946,0.015003736289,211.968489181,0.0151086738331,0.0151065007806,0.0200162452027
2011-12-07 10:00:00,234.10769867,0.0345066794028,0.0198881295521,0.0100339973407,0.0150017269569,-0.000248711280471,0.0149902274313,0.0149996302234,0.0199636956954,189.274149262,103.576330351,171.694486651,85.4738834104,0.0107244636583,148.808832592,0.0150027399922,0.0100486591127,113.83866938,0.0200002502514,0.0149973725501,52.2090930797,0.0150133040675,0.0150022214039,181.23403453,143.876182026,0.0149980463174,211.968488813,0.0151151845132,0.0151041390492,0.0200193456999
2011-12-07 11:00:00,234.107711914,0.0345053012985,0.0198686434488,0.0100384987296,0.0150020256686,-0.00025017839129,0.0149860694014,0.0149996240649,0.0199726438897,189.274152103,103.576338494,0.0100305003979,85.4738828307,169.624621761,148.809107878,0.0150053631708,0.0150988026173,211.967798483,0.0200001458471,0.0149971250167,52.2090958934,0.0150172789016,0.015000666045,181.234128244,0.0150290064595,0.0144178736601,211.96849303,0.0151495432942,0.0151419012943,0.0200405100608
2011-12-07 12:00:00,234.10774552,0.0345025425802,0.0199785866721,161.278517038,0.015002876776,-0.000251743646732,0.01498796911,0.0149996407295,0.0199862431732,189.274177182,103.576340317,0.0100107803471,85.4738835257,183.194387953,148.809119314,0.0150136164854,171.694465376,211.968504997,0.0200000342277,0.014997721514,52.2092634552,0.0344671865699,113.834971386,211.967914134,0.0100092095763,0.0144306340019,211.9685191,0.0152997906386,0.0155797158475,0.0203578055304
2011-12-07 13:00:00,234.107744194,0.0345025779648,0.0199907077813,174.180614298,0.0150035539124,-0.000253164451083,0.014995511414,0.0149996485502,0.0199987312261,233.671723286,103.576367183,0.0100772749949,85.4738838631,183.194420517,148.809165967,0.0150146876097,171.694489256,211.96851908,0.0200000327424,0.0149980669526,211.968517434,0.0344722124004,171.694467889,223.741011574,77.2668188518,0.01457703505,211.968669608,0.015413025583,0.0167967879969,0.0206859361486
2011-12-07 14:00:00,234.107766542,0.034500546891,0.0200082743065,215.03778931,0.0150094624523,-0.000254369796604,0.0150007074262,0.0149997133868,0.0200009696191,233.671780634,127.872009063,171.694496489,85.4738842763,226.165902818,183.714965636,0.0150155700135,211.968479341,261.689548935,0.0200009007446,0.0150013910009,211.968548371,0.0344784435497,171.69446966,223.745616967,143.876183502,0.0149692655193,261.689369297,0.0153180709881,0.0166190877267,0.0206586472691
2011-12-07 15:00:00,234.107816127,0.0344965096273,0.024525901952,215.037858874,0.019994976208,-0.000255658531461,0.0150059670709,0.0149997916243,0.0200004240083,233.671783899,127.872017658,171.694510968,85.4738847184,226.165929194,183.714968731,0.0150170895984,211.968479962,261.689563439,0.0200050599716,0.0150162557612,211.968551852,0.0344959964847,211.968480353,223.745696918,143.876185465,0.0150040778887,261.689440934,0.0153391003849,0.0273289686968,0.0236131785171
2011-12-07 16:00:00,234.107792938,0.0344740972959,0.0245298604197,215.037869506,0.0200019911614,-0.000257202504175,0.0150086250423,0.0149998754702,0.0199991549073,233.671786044,127.872017295,211.968522465,85.4738847491,226.165931567,183.714969835,0.0150149351298,211.968479246,261.689566708,0.0246460648733,0.0150832216351,211.968552941,0.034650516265,211.96848062,223.745699811,177.62492027,0.0150058380916,261.689439432,0.0153087347682,0.0276630834459,0.0251956283051
2011-12-07 17:00:00,234.107759106,0.0342545506468,0.024517583979,215.037873258,0.0200042049585,-0.000258900999975,0.0150083978217,0.0149999060442,0.0199984909231,233.671786546,127.872014305,211.968533616,85.4738845078,226.165928807,183.714970267,0.0150138601243,211.968478008,261.689568243,0.0246387959743,0.0342181592224,211.968552539,0.0345559141649,211.968480665,223.745697963,177.624920714,0.0150060659192,261.689410904,0.0153283782034,0.0277415793602,0.0250846285258
2011-12-07 18:00:00,234.107737773,0.0344633982672,0.0200024722633,215.037874854,0.0200044999176,-0.000260542426831,0.0150107505433,0.0149999726523,0.0200017394773,233.671786744,127.872011844,211.968534454,85.4738839848,226.165930195,183.714970748,0.0150155468314,211.968479722,261.689569004,0.020044516046,0.0157866271977,211.96855039,0.0344788713547,211.968480734,223.745697231,177.624920855,0.0150121191378,261.689262955,0.015168583439,0.0278333783719,0.0251883399105
2011-12-07 19:00:00,234.107723638,0.0152251990321,0.0199996510729,215.037875638,0.0200058237972,-0.000262187479536,0.0150051339068,0.0150000364167,0.0200082006142,233.6717854,127.871998334,211.968534816,85.4738833734,226.165929547,183.714970221,0.0150113857055,211.968477741,261.689569311,0.0200025558953,0.0344761635828,211.968550691,0.0344771228884,211.968480664,223.745687804,177.624920913,0.0150027094566,211.968613691,0.0151578800521,0.0276424515443,0.021923543403
2011-12-07 20:00:00,234.107718098,0.0151417798799,0.0199965676948,215.037873276,0.0200226405965,-0.000263928917398,0.0150042363523,0.0150001073971,0.0200057742275,233.671784331,127.87182874,211.968534728,85.4738830081,226.165928599,183.714968597,0.0150098783986,211.968476803,261.689569051,0.0200011208937,0.0345014286876,211.968550092,0.0344727834668,211.96848055,223.745668904,177.624920864,0.01500305483,211.968565542,0.0150774494361,0.0227052828173,0.0202576691107
2011-12-07 21:00:00,234.107716801,0.0150328591527,0.0199937126093,215.037869575,0.0200496350916,-0.000265705901063,0.0150055681163,0.0150002330374,0.0200142526143,233.671783123,103.576475656,211.968534499,85.4738829642,226.165928566,183.714966856,0.0150082463129,211.96847603,261.689568826,0.0200004870842,0.0344937150749,211.96854649,0.0344611453877,211.9684804,223.745617224,177.624920759,0.015003565571,211.968566121,0.0150477246579,0.0224944851476,0.0201163300661
2011-12-07 22:00:00,234.107704213,0.0150195619282,0.0199919512975,215.037856937,0.0200512324257,-0.000267630975046,0.0150076475337,0.0150003012453,0.0200043411898,233.671779268,103.576396095,211.968534051,85.4738831793,226.16592015,183.714964645,0.0150075047108,211.968473752,261.689567142,0.0199999794788,0.0198425293122,211.968531584,0.0277857521375,211.96848013,223.745041986,177.624920612,0.0149989224045,211.968555436,0.0150402423377,0.0223889552314,0.0200768921389
2011-12-07 23:00:00,234.107404576,0.0150158964794,0.0199903694554,215.037841182,0.0200516499889,-0.000269523664381,0.0150098241852,0.015000228608,0.0200053322684,233.671772024,103.576386965,211.968532744,85.4738829862,226.165906899,183.714963909,0.0150069785764,211.968471322,261.689565535,0.0199996742916,0.015011452976,158.977870801,0.0150334665848,211.968479841,223.744196372,177.624920422,0.0150011091647,211.968553827,0.015047823414,0.0224697873832,0.0200626930265
2011-12-08 00:00:00,211.96855188,0.0150123560384,0.019989940725,215.037827292,0.0200533797657,-0.000271130624923,0.0150206040248,0.0149999478492,0.0245123350388,233.671764007,103.57655197,211.968531243,85.4738830189,226.165893163,183.714963928,0.0150076948843,211.968472835,261.689561288,0.0199994306601,0.0150003628205,52.2092525592,0.0150390557307,211.968479361,223.744075093,177.624920215,0.0150036150178,211.968568547,0.0151473899332,0.022929965765,0.0200921613787
2011-12-08 01:00:00,211.968500777,0.0150123227886,0.0199895590397,215.037822505,0.0200547927636,-0.000272752843429,0.0150217206283,0.0149998766227,0.0245286503299,233.671757802,127.870931984,211.968529584,85.4738828973,226.165897534,183.714963526,0.0150066904816,211.968469447,261.689550076,0.0199992641249,0.0149993645347,52.2092190245,0.0150572884047,211.968479087,223.744035824,177.624920072,0.0150079019191,211.968558043,0.0152287997612,0.0297200852403,0.0202029086399
2011-12-08 02:00:00,211.968457187,0.0150128024782,0.0199901008125,215.037822268,0.0200529032628,-0.000274246114071,0.0150648391371,0.0149998170659,0.0245265570467,233.671755756,127.871866608,211.968527949,85.473882863,226.165903982,183.714963091,0.0150063755438,211.968457658,261.689540956,0.0199992926944,0.014998707053,52.2091441332,0.015589681879,211.968478889,223.744030886,177.624919972,0.0150299827801,211.968552563,0.015317335354,0.0338851970637,0.0207549405066
2011-12-08 03:00:00,211.968502478,0.0150142438655,0.0199919222535,215.037825966,0.0200514419074,-0.000275612538689,0.018491232334,0.0149997137402,0.0200231720892,233.671754872,127.871995444,211.968526713,85.4738828654,226.165907621,183.714964602,0.0150065787579,211.96845308,261.68953384,0.0199996066833,0.0149984765038,52.2092249266,0.0343889396721,211.968478699,223.744057272,177.624919928,0.0158820937278,211.968548945,0.0155225282469,0.034714238196,0.04578911003
2011-12-08 04:00:00,211.968512651,0.0150185043751,0.0199959792795,215.037832559,0.0200504153554,-0.000276861867559,0.0185031356337,0.0149996334585,0.0200026217444,233.671759681,127.872008403,211.968525642,85.473883219,226.165916336,183.714965975,0.0150072778852,211.968457823,261.689549771,0.0200000316914,0.0149984670028,52.2094539544,0.0344288379343,211.968478439,223.744417896,177.624919914,0.0192073253954,211.968550878,0.0216502711675,211.966887921,0.0459945849687
2011-12-08 05:00:00,211.968526608,0.0150248819117,0.0199991305247,215.037859242,0.0200489188584,-0.000277826318592,0.0185063899751,0.0149996161618,0.0200066720888,233.671770738,127.872014007,211.968524667,85.4738837571,226.165925417,183.714966558,0.015009527225,211.968465628,261.689562969,0.0200011250716,0.0149986449184,211.96854262,0.0344629664385,211.968478211,223.745661498,177.624919931,0.019308236299,211.968562817,0.0336321531677,211.968399382,211.968573144
2011-12-08 06:00:00,211.968560209,0.0152699087832,0.0200029585982,215.037872537,0.0200481129246,-0.00027831504889,0.0185080028246,0.0149996909788,0.0200121748157,233.671774412,127.872013367,211.968523486,85.4738837563,226.165926435,183.71496571,0.0150114301804,211.968464136,261.689567168,0.0200159622321,0.0150001240551,211.968554345,0.0344698673339,211.968477422,223.745676881,177.624919817,0.0193669764877,211.968579933,0.0342888132483,211.968479939,237.973112625
2011-12-08 07:00:00,211.968603415,0.0150260354105,0.0200018243274,215.03782401,0.0200061036407,-0.000279175690286,0.015157751564,0.0149997750985,0.0200006410822,189.274140983,103.576318048,211.968521754,85.4738839843,226.165911489,183.714737586,0.0150116701922,171.694460387,261.689363974,0.0200487521117,0.0150007411541,211.968553227,0.0344732217746,171.694467543,223.745675802,177.624919757,0.0193140815405,211.968567402,0.0337833587405,211.968496829,237.973256662
2011-12-08 08:00:00,175.580846426,0.0150186891332,0.019999641515,215.03781674,0.0200002818412,-0.00028097846649,0.0150150340056,0.0149997963617,0.0199966549532,189.274140113,95.9038275796,211.968522284,85.4738746918,183.194398867,148.809181272,0.0150067138379,0.0150772975761,211.968578924,0.0200000513345,0.0150023389266,211.968551088,0.0344729565979,158.97638079,181.233990705,143.876188003,0.015399205505,211.968498502,0.029091196935,171.694846643,237.97324052
2011-12-08 09:00:00,175.580734357,0.0150189111104,0.0199822570804,215.037732352,0.0162280194752,-0.000282757286525,0.0149999955405,0.0149998026034,0.0199947435565,189.274140199,0.0198929386169,171.694501336,85.4738558383,169.62483746,148.80913614,0.0150074537018,0.0150063995754,211.968556498,0.0199974981543,0.0150013068497,211.968549884,0.0344379436159,0.0149943074406,167.832708799,143.876184351,0.0150212516058,211.968496555,0.0151715782542,171.694644803,237.973279215
2011-12-08 10:00:00,0.0150334784203,0.0150201506361,0.01998497245,174.180702196,0.0150773572351,-0.000284428999479,0.0150001472609,0.0149998013621,0.0199932204843,189.274140513,0.0100758826273,158.977023987,85.4735405448,0.0146679145721,148.809125923,0.0150087854545,0.014995913006,211.968552005,0.0199958676245,0.0150012142827,211.9685479,0.0150261998633,0.0100024032027,0.0101599390257,143.876140807,0.0150065819228,211.96849869,0.0153643823517,171.695165381,237.973312103
2011-12-08 11:00:00,0.0150126289007,0.0150255868038,0.019990777161,174.180667244,0.0150053690046,-0.000285956302574,0.0150006150387,0.0149997972888,0.0199971201792,189.274139138,0.0199837410455,0.0100138222071,64.1057825229,0.014537008965,148.809128476,0.0150097687865,0.0150035552104,211.968549823,0.0199952483748,0.0150009753258,211.968546289,0.0150069132931,0.0100019286672,167.832267736,0.0100063917497,0.0149996474514,211.968501755,0.0275731637648,211.968230169,237.973358187
2011-12-08 12:00:00,0.0150906081408,0.0150383847448,0.0199983447295,174.180571777,0.0150935375986,-0.000287454638291,0.015000517009,0.0149997952309,0.0199986419606,189.274154996,95.9039544534,0.0100129120571,64.1057809976,169.624841575,148.809228428,0.0150141142189,171.694386901,211.968551232,0.0199974001812,0.0150003041792,211.968546903,0.0150042465586,0.0149722903715,181.233981901,0.0100054334827,0.0149781670898,211.968517599,0.0343294035249,211.968597228,237.97340111
2011-12-08 13:00:00,175.580847292,0.0150404442863,0.0245134733859,174.180675645,0.0162257257139,-0.000288946539465,0.0150009395241,0.0149998055979,0.0200289360113,233.67166189,103.576334453,158.976973633,64.1068618642,183.194398893,183.714773496,0.0150224325523,171.694462202,211.96855812,0.0199996252206,0.0150005556225,211.968540913,0.0150013952035,158.976433589,181.234027326,0.0150210752465,0.014985127924,211.968545833,0.0344232231105,211.968726079,237.973420703
2011-12-08 14:00:00,211.968584494,0.0150303582036,0.024526581362,215.037760357,0.0162276702457,-0.000290250117256,0.0150044412983,0.0149998256141,0.0245539831671,233.671763439,127.872082847,171.694500224,85.4738743439,226.165901906,183.714934892,132.122039458,211.968526884,261.689563446,0.0246685054925,0.0150005447638,211.968499512,0.0150004771408,171.694466567,223.743921023,143.876184071,0.015009584465,211.96866838,0.0344575112147,211.968781469,237.97342715
2011-12-08 15:00:00,234.107718403,0.0150250459243,0.0245253870946,215.037878804,0.0199532183796,-0.00029172858073,0.0150066698781,0.0149998348548,0.0245583433413,233.671764523,127.872366067,171.694510122,85.4738847685,226.165941705,183.714947975,132.122076368,211.968545327,261.689569884,0.024688266249,0.0150012296103,52.2090907988,0.0150005708652,234.425266316,276.226706107,143.87618604,0.0150165806511,261.689380273,0.0344495145348,211.968732668,237.973432024
2011-12-08 16:00:00,234.107725256,0.0150217169738,0.0245174750865,215.037882696,0.0199950946591,-0.000293386342053,0.0150092728895,0.0149998875686,0.0245584403222,233.671767081,180.930745981,211.968596113,85.4738849347,226.165947836,183.714947906,132.122081039,211.968550588,261.689571027,0.0200245475392,0.0150021956732,52.2090573583,0.0150010308897,234.425268423,276.226755897,177.624921437,0.0150098721017,261.689481628,0.0344247450335,211.968709637,237.97339111
2011-12-08 17:00:00,234.10772699,0.0150214935824,0.0200392674678,215.037882404,0.0199941470666,-0.000295208067611,0.0150086029804,0.0149999195291,0.0245572692553,233.671767846,127.87238481,211.968625246,85.4738849417,226.165949596,183.714940684,132.122082995,211.968554215,261.689571297,0.0246181814046,0.015002998742,52.2090438143,0.0150009109324,234.425269073,276.22677238,177.624922186,0.0150065580382,261.689501941,0.0343318536308,211.968537269,237.97328854
2011-12-08 18:00:00,234.107726564,0.0150457252274,0.0200080004543,215.037881622,0.0199380954193,-0.0002970499576,0.015006470304,0.0149999076922,0.0245574436624,233.671766797,127.872091703,211.968629086,85.4738846249,226.165950064,183.71493673,132.122083775,211.968555933,261.689571137,0.0246574753871,0.0150028215584,52.2090240573,0.0150004278773,234.425269444,276.226780152,177.6249225,0.0150060923953,261.689511969,0.0341791843285,211.968365039,237.972969771
2011-12-08 19:00:00,234.107723935,0.0150314164325,0.0200089392936,215.037879084,0.0162313860718,-0.000298925296202,0.015004850262,0.0149998622625,0.0245531924411,233.671764572,127.872082577,211.968630853,85.4738842647,226.165949778,183.714931042,132.122083379,211.968556798,261.689570641,0.0200101669055,0.0150035794247,0.0150551364488,0.0150001811434,234.425269597,276.226779801,177.624922678,0.0150077612065,261.689515861,0.017233822257,211.96577757,211.969351381
2011-12-08 20:00:00,234.107720547,0.0150294716245,0.0199996651295,215.03787663,0.016230117279,-0.000300803182221,0.0150038321159,0.0149998389832,0.0200094379113,233.671762288,127.872066954,211.968631642,85.473884096,226.165949466,183.714831699,132.122081329,211.968557464,261.689569385,0.0200010362674,0.0150056206056,0.015005054621,0.0149998386398,234.425269662,276.226762963,177.62492272,0.0150092659648,261.689515518,0.0152140225428,0.0349989235429,0.0461397433652
2011-12-08 21:00:00,234.10771955,0.0150203745037,0.0200016771843,215.037869974,0.016231685764,-0.000302666098702,0.0150041695776,0.0149997800204,0.0199999746535,233.67175942,127.871932813,211.968631884,85.4738840258,226.165947606,183.714797567,132.122077459,211.968557536,261.689568885,0.0200024933368,0.0150056871255,0.0150024512917,0.0149994531293,234.425269625,276.226722344,177.624922624,0.0150080420403,261.689514159,0.0150770386952,0.0346815019271,0.0211402588891
2011-12-08 22:00:00,234.107713643,0.0150157640041,0.0199952769064,215.037858079,0.0162312624968,-0.000304513520003,0.0150040835808,0.0149997094231,0.0199961619021,233.671751168,103.576425611,211.968631487,85.4738835079,226.165940817,183.714790175,132.122008644,211.968557089,261.689567743,0.0200142817128,0.0150054210931,0.0150011673782,0.0149991849102,234.425269463,276.225942708,177.624922396,0.0150049033464,261.689509281,0.015047575623,0.0345136335363,0.0202223482373
2011-12-08 23:00:00,234.107707827,0.015012636214,0.0199917135946,215.037843372,0.0162297303417,-0.000306366122615,0.0150029406294,0.0149996542625,0.0199886810383,233.671744657,103.576392818,211.96862948,85.4738832973,226.165928134,183.714788642,107.018922468,211.968556003,261.689564998,0.0200291141867,0.0150055390618,0.0150006019852,0.0149989329668,234.425269093,223.744527114,177.624922072,0.015003251128,261.689501119,0.0150370781311,0.0154372172996,0.0200786613756
2011-12-09 00:00:00,234.107703575,0.0150078495436,0.0199905192623,215.037829501,0.0162309269576,-0.000308093861966,0.0150026165495,0.0149996437264,0.019984288189,233.67173777,103.576392591,211.968626286,85.4738832796,226.165917969,183.714788486,107.018895358,211.968554516,261.689559526,0.0200023540399,0.015003014524,0.0150004397148,0.0149989222854,234.42526896,223.744225556,177.624921767,0.0150016045561,261.689468995,0.0150661942921,0.015228566239,0.020038199733
2011-12-09 01:00:00,234.107701665,0.0150038686836,0.019990682904,215.037822403,0.016231604352,-0.000309768453468,0.0150026596803,0.0149996310422,0.0199795216564,233.67173639,103.576390419,211.968622436,85.4738829537,226.16589529,183.714792835,107.018891641,211.96855247,261.689552122,0.020010688964,0.0150028472786,0.0150008244899,0.0149989372402,234.425268712,223.744107544,177.624921567,0.0150018778349,261.689414845,0.0150337245246,0.0151011431084,0.0200134329431
2011-12-09 02:00:00,234.107699337,0.0150023983066,0.0199898013234,215.037817785,0.0162399339907,-0.000311359203042,0.0150028846824,0.0149996240385,0.0199744206866,233.67173442,103.576389495,211.96861833,85.4738829416,226.165882139,183.714793237,107.018890964,211.968550662,261.689545439,0.0200601158672,0.0150035443308,0.0150021410743,0.0149992512152,234.42526848,223.744131506,177.624921475,0.0149999178181,261.689304644,0.0150124917211,0.0150460629304,0.019991960337
2011-12-09 03:00:00,234.107702263,0.015002030409,0.0199899048087,215.037817687,0.0199998606528,-0.000312827212223,0.0150041729152,0.0149996088168,0.0199709425216,233.671735865,103.576400266,211.968614673,85.4738826952,226.165883425,183.714793261,107.01889114,211.968549685,261.689537627,0.0246123926369,0.015005044774,0.0150017230445,0.0149996151047,234.425268535,223.74414069,177.624921683,0.014999335748,261.689143065,0.0150044488321,0.0150171948476,0.0199697007107
2011-12-09 04:00:00,234.107713177,0.0150024351282,0.0199903599065,215.037825468,0.0200049174513,-0.000314210881531,0.0150124820011,0.0149996039048,0.0199728272171,233.671737115,127.871646771,211.968614334,85.4738831144,226.165894638,183.714813152,107.018892022,211.968550241,261.689546833,0.0246575098319,0.0150077788427,0.0150023910519,0.0150015405935,234.425268987,223.744498511,177.624922112,0.015001224108,261.689426016,0.0150024773049,0.0150113317282,0.0199656532392
2011-12-09 05:00:00,234.107720865,0.0150024325315,0.0199926555522,215.037838393,0.0459731706295,-0.000315234941632,0.0150295996231,0.0149996360305,0.0199813117882,233.671742355,127.872027708,211.968619417,85.4738831565,226.165921038,183.714895747,107.018895372,211.968552982,261.689554469,0.0246628144594,0.0150098291313,0.0150056389633,0.0150047307713,234.425269731,276.226797085,177.624922596,0.0150038375553,261.68950444,0.0150028296187,0.0150136787138,0.0199825122904
2011-12-09 06:00:00,234.107725325,0.0150019561895,0.0199969583817,215.037841451,0.0459874473711,-0.000316004573547,0.0151297488076,0.0149997596395,0.0199850462982,233.671739995,127.87202497,211.968627015,85.4738842124,226.165925117,183.714903958,107.018912522,211.968553986,261.689555285,0.0200017964331,0.0150104642315,22.7110300266,0.0150024124897,234.425270103,276.226831423,177.624922784,0.0150203802523,261.689506056,0.015003007152,0.0150162669465,0.0199770569492
2011-12-09 07:00:00,234.107724014,0.0150012246009,0.0199985543951,174.180651005,0.0459883873405,-0.000317188889924,0.0184861929409,0.0149999109035,0.0199860180297,189.27405624,95.9044350301,211.968631043,85.4738845911,183.194459805,148.809003834,107.018902242,171.694536971,211.96853612,0.0200009479997,0.0150210581443,0.0154989561806,0.0150036261482,234.425250536,276.226836962,177.62492284,0.0150728821554,261.689473685,0.0150030712616,0.0150149997649,0.0199778676172
2011-12-09 08:00:00,175.580952746,0.0150007191838,0.0199984681585,161.279114711,0.045987952724,-0.00031889339649,0.0151183342075,0.0149999795754,0.0199820312368,0.0150787360909,0.0200045048316,211.968633372,85.4738691542,183.194334058,148.808987645,107.018889494,171.694466155,211.9684857,0.0199997635555,0.0150325900893,0.0150171222769,0.0150026208721,189.884469314,223.743881202,177.624915083,0.0152528722269,211.968522197,0.0150032525667,0.0150122665098,0.0199706076158
2011-12-09 09:00:00,175.58088164,0.01500045085,0.0199853774341,0.0102362812117,0.0459847276602,-0.000320568042648,0.0149952809432,0.0149998336976,0.0199828135906,0.0100080018668,0.0199635110349,171.69459959,85.4737975358,0.0152044792564,0.0199249561565,107.018890927,0.015017908223,0.0100978069067,0.0199980950769,0.0150230449268,0.0150139846941,0.0150021843125,189.884468917,223.743792263,143.876188015,0.015021236672,211.968522447,0.0150025726682,0.0150081058456,0.0199716266607
2011-12-09 10:00:00,175.580859833,0.0150003711311,0.0199797220307,0.010055197658,0.0372606641707,-0.000322172506353,0.0149926420179,0.0149997142816,0.0199822358059,0.0100070835338,0.0102185849456,171.694595496,64.105840139,0.0149785648311,0.0101395517879,107.018892595,0.0150431431853,0.0100243871012,0.019997598536,0.015003697369,0.0150143470952,0.0150018587312,189.884468482,223.74378835,143.876187353,0.0149884153469,211.968522906,0.0150020358205,0.0150090030337,0.0199706348427
2011-12-09 11:00:00,175.580889571,0.0150002860338,0.0199678770497,0.0101038633289,0.0372598074425,-0.000323777221395,0.0149918818564,0.0149997057126,0.0199842091604,0.0100381345557,0.0199893265414,171.694591782,64.1057691612,169.624503091,148.808983907,107.018896465,171.694524294,113.839380565,0.0199973846679,0.0150038810315,0.0150177902621,0.0150014187564,189.884468386,223.743846823,143.876186828,0.0148946450701,211.968528905,0.0150023754287,0.0150122411142,0.0199723060007
2011-12-09 12:00:00,189.627251497,0.0150003554003,0.0199807195689,161.279400906,0.0372643426296,-0.000325368198084,0.0149941988101,0.014999733336,0.0199915554597,189.274051363,95.9052190331,171.69458597,64.1059612505,183.19440547,148.809003039,107.018922368,171.694538756,211.968522991,0.0199978422861,0.015008344526,0.0150076006681,0.0150012725312,189.884469297,223.743913121,143.8761867,0.0149156404355,211.968551501,0.015002489661,0.0150132873755,0.0199752916743
2011-12-09 13:00:00,211.968521729,0.0150005104439,0.0199831334229,174.18067045,0.0459866903879,-0.000326947596569,0.0149990742217,0.0149998135674,0.0199937269574,189.274065987,103.576351479,171.694594875,85.4738593454,183.194460801,183.714718332,107.019094913,211.968472092,211.968541917,0.019998608527,0.0150441082217,0.0150067974303,0.015001264068,189.884470543,223.744319397,143.876187215,0.014979840524,261.689485424,0.0150029995188,0.0150180452081,0.0199775291508
2011-12-09 14:00:00,234.107721878,0.0150004164292,0.0199939972964,215.038147403,0.0459889818645,-0.000328513646332,0.0150182656981,0.0149999816998,0.0199984165575,233.671683073,238.106541639,171.694598547,85.4738784948,226.16629984,183.714818035,211.968487898,261.689371839,261.68956307,0.0200000151774,0.0162966724591,0.0150051324696,0.015000654295,234.425239402,276.226837928,143.876187959,0.0151442834545,261.689532609,0.0150033945894,0.0150186704451,0.0199838607729
2011-12-09 15:00:00,234.107766212,0.0150003008656,0.0199995276093,215.038335025,0.0567662278876,-0.000330053876307,0.0199948141764,0.0150008592821,0.0199993925986,233.671686268,238.106586741,171.694611543,85.4738840969,226.166674515,183.714819241,211.96852405,261.689415777,261.689577609,0.020000519922,0.0344981117549,0.0150065517052,0.0150008955931,261.689382171,276.226861829,177.624910293,0.0578405726287,261.689541518,0.0150030053192,0.0150176045086,0.0199880622885
2011-12-09 16:00:00,234.107772047,0.0150001471634,0.0200002954455,215.038359268,0.0567890539079,-0.000331637018155,0.0199994990251,0.0150071290833,0.0199992434508,233.671688334,238.106593303,389.336250843,85.4738845079,226.166703847,183.71481928,211.968533271,261.68942242,261.689581208,0.0200007263664,0.0345273522322,0.0150073286024,0.0150011969932,261.689383277,276.226865993,177.624922943,0.0585466864011,261.689546082,0.015002330408,0.0150172488872,0.0199867210851
2011-12-09 17:00:00,234.107770814,0.0150000446757,0.0199999972157,215.038367094,0.056790930936,-0.000333309179556,0.0199990297779,0.0344548322066,0.0199990332115,233.671689293,238.106595258,389.336276978,85.4738843233,226.166709351,183.714819096,211.968537417,261.689423749,261.689582763,0.0200006084741,211.963178188,0.0150062870671,0.0150009185093,261.689383633,276.226867014,177.624923129,0.058615260398,261.689548109,0.0150015344351,0.0150152847734,0.0199861717922
2011-12-09 18:00:00,234.107768803,0.0149999194054,0.0200009442879,215.038372317,0.0567089150474,-0.000335035713459,0.0199763624235,0.0344780375748,0.0200009995957,233.671689463,238.106597384,389.336280564,85.473883765,226.166715307,183.71481887,211.968541567,261.689434208,261.689583809,0.0200007722493,211.968464751,0.0150056015612,0.0150002841689,261.689383891,276.226865079,177.62492315,0.046556296493,261.689549402,0.0150006691967,0.0150077421555,0.0199873295291
2011-12-09 19:00:00,234.107748391,0.014999737387,0.0199998159766,215.038370975,0.0460498872292,-0.000336841443418,0.0162177774402,0.0344780338417,0.0199992091533,233.671688993,238.1065945,389.336282173,85.4738830438,226.166713357,183.714817358,211.968541782,261.689434502,261.689583945,0.0200001981202,211.96849028,0.0150037473718,0.0149998070275,261.689383887,276.226854215,177.624923147,0.0460260958699,261.689548224,0.0149997916864,0.0150035824273,0.0199937223287
2011-12-09 20:00:00,234.107737039,0.0149997537838,0.0199993884162,215.038366611,0.0460083364395,-0.000338617992963,0.0162240857426,0.0344782277909,0.0199983219053,233.671688664,238.106591407,389.336282679,85.4738827465,226.166668305,183.714812501,211.968541625,261.689432168,261.689583651,0.0199999767777,211.968521412,0.0150031387821,0.0149999632198,261.689383782,276.226822404,177.624923054,0.0457741519009,261.689543819,0.0149988409896,0.014998439376,0.0199902025295
2011-12-09 21:00:00,234.107739927,0.0149995812069,0.0199993316484,215.038353439,0.0567925043124,-0.000340402264137,0.0199349614165,0.0344780548789,0.0199961730223,233.671688205,238.106588135,389.336282654,85.4738825651,226.166096122,183.714800717,211.968541023,261.689405957,261.689583423,0.0199999043917,211.96850858,0.0150030610546,0.0149995708547,261.689383589,276.226732472,177.624922879,0.0449786221228,261.689540334,0.0149977975542,0.0149978048598,0.0199779972074
2011-12-09 22:00:00,234.10773107,0.0149993835025,0.0199993710059,215.038305224,0.0567941324044,-0.000342212263753,0.0199889062763,0.0344775659264,0.0199926166857,233.671686846,238.106583491,389.336282019,85.4738819701,226.165901661,183.714788526,211.968541001,211.972558292,261.689583518,0.0199997534313,211.964356912,0.0150026369472,0.0149991403141,261.689383191,223.747509414,177.624922562,0.0445766377392,261.689533502,0.0149970465633,0.0149921674932,0.0199698168307
2011-12-09 23:00:00,234.107727144,0.0149992456324,0.0199992102407,215.038059225,0.0567938373569,-0.000344100362829,0.0199974726165,0.034476849506,0.0199874858642,233.671685068,238.106576804,389.336279006,85.4738819648,226.165858557,183.714781765,211.968541252,211.96857816,261.689581107,0.0199996426699,211.96378358,0.0150019798121,0.0149987621256,261.689382631,223.744247548,177.624922125,0.0446519683518,261.689519984,0.0149965388594,0.0149898998033,0.0199669224705
2011-12-10 00:00:00,234.107723292,0.0149991367779,0.0200008900612,215.037923547,0.0567954418417,-0.000345772220857,0.0200133514661,0.0344724913413,0.0199855252984,233.671683302,238.106577366,389.336273699,85.473882555,226.165858804,183.714777427,211.968538691,211.968610343,261.689576603,0.0199997186957,0.0345092917869,0.0150011872675,0.0149984842454,261.689382171,223.744101402,177.624921305,0.0456370071272,261.689487532,0.0149961431167,0.0149928118984,0.0199595502775
2011-12-10 01:00:00,234.107720418,0.0149991096801,0.0200004611368,215.037883458,0.0567952745112,-0.00034735738535,0.020015727708,0.0343824191193,0.0199852608441,233.671681061,238.106572785,389.336264355,85.4738826276,226.165842953,183.714780024,211.968538482,211.968574614,261.689567097,0.0199995481699,0.0344906262127,0.0150007880482,0.0149983859125,261.689381242,223.744052518,177.624920563,211.967547505,261.689457526,0.0149956654821,0.0149939108201,0.0199539123008
2011-12-10 02:00:00,234.107718,0.0149991437096,0.0200001821972,215.037867592,0.0567931360215,-0.000348990641276,0.0200149269391,0.0150649115599,0.0199850590364,233.67168003,238.106569398,389.336243364,85.4738825764,226.165832309,183.714779951,211.968538197,211.968564756,261.689553144,0.0199995918279,0.0344778370432,0.0150005686489,0.0149983419998,261.689380434,223.744044222,177.624920235,211.968140757,261.689483836,0.0149955698379,0.0149960079538,0.0199413963679
2011-12-10 03:00:00,234.10772094,0.0149992385125,0.0199996740528,215.037872548,0.0567913696056,-0.000350604066649,0.0200142321737,0.015009731851,0.0199857170045,233.671678656,238.106567228,389.336224025,85.4738821263,226.165834522,183.714782512,211.96853845,211.968564428,261.68953804,0.0199996537358,0.0344652971779,0.0150004523996,0.0149983330092,261.689380197,223.744044575,177.624920389,211.968248998,261.689501614,0.0149953351635,0.0149916634174,0.0199396313158
2011-12-10 04:00:00,234.107725801,0.0149993972292,0.0199993174435,215.037904645,0.0567938228563,-0.000352088862794,0.020014064145,0.0150038087677,0.019986488253,233.671677675,238.106568351,389.336203807,85.4738822848,226.165859385,183.714788017,211.968539734,211.968568693,261.68954656,0.0199996597981,0.0344433077254,0.015000457392,0.0149984511286,261.689381371,223.744081274,177.624920863,211.968318536,261.689518159,0.0149956836458,0.0149949588782,0.019942329003
2011-12-10 05:00:00,234.107732246,0.0149995139047,0.0199992838982,215.038052828,0.0567959843346,-0.000353549195431,0.0200150601493,0.0150025973565,0.0199886423998,233.671676376,238.106569396,389.336187848,85.4738817654,226.165909812,183.714797195,211.96854126,211.9686095,261.689568914,0.0199996405897,0.0344191435139,0.0150006696173,0.0149986176483,261.689383058,223.744487339,177.624921471,211.968348901,261.689536493,0.0149964564275,0.0150011049801,0.0199486174031
2011-12-10 06:00:00,234.107738342,0.0149996920365,0.019999834849,215.038316453,0.0567969566422,-0.000354969757659,0.0200151606208,0.0150055261816,0.0199960802262,233.671674384,238.106563967,389.336247577,85.4738816659,226.166308909,183.71480413,211.968541899,261.689450836,261.689576299,0.020000099952,0.0344700020212,0.0150010873435,0.0149989409782,261.689383857,276.226586462,177.624921771,211.968377322,261.689543525,0.0149972717339,0.0149996174376,0.0199474136277
2011-12-10 07:00:00,234.107755492,0.0149997418585,0.0200000267503,215.037681365,0.0567974956067,-0.000356293081174,0.0200137052784,0.0150045345251,0.0199945971957,189.274045711,192.866303031,389.336254743,85.4738819304,226.165782904,148.809002605,211.968540708,261.689362223,211.968567362,0.0200000492318,0.03448786375,0.0150016607278,0.0149991803835,234.425260395,276.22681818,177.624922071,211.968399267,261.689548891,0.0149978992022,0.0150027389141,0.019949281493
2011-12-10 08:00:00,211.969085254,0.0149998519779,0.0200000753617,215.037805703,0.0567949901246,-0.000357546881526,0.0200125024337,0.0150039529795,0.0198876770258,189.273584162,103.576391946,389.336274316,85.4738691466,183.195139362,148.809000413,171.694516389,211.968566665,211.968566165,0.0199994365784,0.0344996395215,0.0150023172842,0.0149993483761,211.96840279,223.743814193,177.624909908,211.968393782,211.968584867,0.014998172231,0.014998453611,0.0197928388148
2011-12-10 09:00:00,211.968577581,0.0150000551065,0.0199882630764,215.037776513,0.046003742691,-0.000358943383001,0.0150221780736,0.0150026752641,0.0198861584705,0.010038470533,0.0200023286489,315.362435756,85.4738571063,183.195170532,148.808998607,171.694490603,211.968542222,211.968566714,0.0199974014889,0.0345131347732,0.0150031738025,0.0149991572027,211.968402069,223.743806043,143.876187246,211.96829458,211.968594888,0.014998642987,0.0149934220868,0.0197351854297
2011-12-10 10:00:00,211.968540852,0.0150003103038,0.0199841874019,215.037754461,0.0459903216494,-0.000360492340412,0.0150032518138,0.0150007314715,0.019887512546,0.0100205352252,0.0199445564766,315.362405646,85.4720808032,183.195199563,148.80899865,158.97842744,211.968501848,211.968567679,0.0199966240362,0.034480407779,0.0150043973229,0.0149990848676,211.968401868,223.743806979,143.87618642,158.977915384,211.968568189,0.0150000709517,0.0149973675293,0.0197613792416
2011-12-10 11:00:00,211.968520819,0.0150007392232,0.0199841110423,215.037713776,0.0459888784738,-0.000362148353933,0.0150010994953,0.0150005659612,0.0198926417766,174.339191656,0.0201971868939,315.362403119,64.1057670619,226.165626426,148.809001555,171.694505568,211.968529115,211.968569974,0.0199971517912,0.0344338009495,0.0150062731427,0.0149989988592,211.968401767,223.743818806,143.876185121,158.976259417,211.968564328,0.0150008931382,0.0150020201427,0.0198862433632
2011-12-10 12:00:00,211.968596533,0.0150017217706,0.0199883342476,215.037742287,0.0459901131192,-0.000363823820832,0.0150166113089,0.015001028184,0.0199801240421,189.274043509,178.580062917,315.36240652,64.1057816385,226.165917939,148.809005547,171.694522441,211.96858778,211.968572879,0.0199983168313,0.0150338764496,0.0150125469568,0.0149990487708,211.96840199,223.744011756,143.876184932,158.976236148,211.968579697,0.0150013117912,0.015003112972,0.0199532996457
2011-12-10 13:00:00,234.107702138,0.0150038345129,0.0199914600988,215.037951982,0.0460036086792,-0.000365382820031,0.0162021381246,0.0150081721014,0.019993346003,189.274055882,192.866350387,389.335665409,85.4738467045,226.166021171,183.714758328,171.694535857,261.689422162,211.96859163,0.0199988649424,0.0150270945989,0.015304815597,0.0149991373667,211.968402437,223.744083683,143.876186618,158.976351897,211.968805612,0.015002049743,0.0150097214946,0.0199639006926
2011-12-10 14:00:00,234.107741748,0.0150060804402,0.0199985768816,215.03839397,0.0460111197972,-0.00036688960808,0.0162897900938,0.0344742785332,0.0199995453834,233.671666366,238.106577749,389.336270016,85.4738768798,226.166817335,183.714811186,246.020435661,261.689498943,261.689582024,0.0199997931683,0.0150225052225,22.7110332779,0.0149993590182,234.425206662,223.747140391,143.876187574,158.976519284,261.689554837,0.0150016325004,0.0150164889399,0.0199744613395
2011-12-10 15:00:00,234.10780683,0.0150089121093,0.0200004468137,215.038421772,171.684539736,-0.000368332719302,0.0344952777961,0.0344782852977,0.0200000847873,233.671670055,238.106591322,389.336277706,85.4738827922,226.166857682,183.714815349,246.020456309,261.689504832,261.689587345,0.0200000973011,0.0150156059259,52.2089418033,0.0149997197174,261.689385074,276.226846024,177.624909181,211.96846608,261.689559717,0.0150006534963,0.0150150968376,0.0199745858849
2011-12-10 16:00:00,234.107808208,0.015010850858,0.0200017372563,215.038426267,171.684544121,-0.000369896009732,0.034502542734,0.0344788985587,0.0199996375487,233.671672785,238.106593516,389.336282413,85.4738836307,226.166866788,183.71481623,246.020460045,261.689506695,261.689588219,0.0200002560796,0.0150120553893,52.2089796636,0.0149998994198,261.689385644,276.226870586,177.624922438,211.968512241,261.689559414,0.0150002825659,0.015012871338,0.0199713114029
2011-12-10 17:00:00,234.107797129,0.0150123234723,0.0200018205751,215.038423339,171.684545268,-0.000371559119374,0.0345044719164,0.034478808437,0.0199988992233,233.671673541,238.106593382,389.336286352,85.4738835763,226.166868906,183.714816022,246.020461968,261.689507507,261.689588374,0.0200002593399,0.0150092477601,52.2089844197,0.0149997453978,261.689385834,276.226866502,177.624922692,211.968521945,261.689558446,0.0149999345093,0.0150090124835,0.0199687639281
2011-12-10 18:00:00,234.107771769,0.0150155501585,0.0200016986958,215.03842118,171.684545137,-0.000373300621124,0.0345061823022,0.0344770336957,0.0199995450737,233.671673582,238.106591431,389.336286562,85.4738830819,226.166872676,183.714815324,246.020465858,261.689508285,261.689588232,0.02000023022,0.0150063783742,52.2089881966,0.0149994893706,261.689385961,276.226861569,177.62492277,211.968516228,261.689556676,0.0149995631732,0.015004345094,0.0199705326258
2011-12-10 19:00:00,234.107745881,0.0150137159292,0.0200002467088,215.038415136,171.684544594,-0.000375086364364,0.0345036746465,0.0339888183222,0.0199980919193,233.671673372,238.106591338,389.336287021,85.4738825178,226.166873282,183.714813957,246.020465604,261.689508016,261.689587722,0.019999950766,0.0150043075516,52.2089789124,0.0149992636678,261.689385951,276.226756293,177.624922806,211.96852507,261.689554406,0.0149992803106,0.0150026211077,0.0199656775559
2011-12-10 20:00:00,234.107735436,0.0150151565537,0.019999214912,215.038401752,171.684544285,-0.000376869157423,0.0345015844874,0.0150027361925,0.0199966491956,233.671672709,238.106589539,389.336286411,85.4738823029,226.166874529,183.714812576,246.020463726,261.689506504,261.689586888,0.0199998401771,0.015002964673,52.2089696763,0.0149990958809,261.689385867,276.224127824,177.62492272,211.968519982,261.689547774,0.0149987947948,0.0149985997536,0.0199496586086
2011-12-10 21:00:00,234.107739928,0.0150166736613,0.0199987673888,215.038382264,171.684544886,-0.000378672968646,0.0345042158196,0.0150004536499,0.0199934740829,233.671672409,238.10658671,389.336285593,85.4738822555,226.166872235,183.71480969,246.020464452,261.689502641,261.689585197,0.0199998696346,0.015003013082,52.2089816665,0.0149989490964,261.689385664,223.744558793,177.624922591,211.968533966,261.689542407,0.0149981546183,0.0149975378694,0.0199300493344
2011-12-10 22:00:00,234.10773198,0.0150171373693,0.019998494645,215.038312881,171.684544352,-0.000380413972046,0.0345054708191,0.0150000779413,0.0199891901387,233.671671351,238.106580099,389.336284234,85.4738818787,226.166860257,183.714807434,246.020465999,261.689489523,261.689583065,0.0199997828145,0.0150040456153,52.2089839686,0.0149987833644,261.689385345,223.744122702,177.624922375,211.968530852,261.68953404,0.0149974743228,0.0149891761466,0.0199132353753
2011-12-10 23:00:00,234.107727388,0.0150179683418,0.0199984451955,215.037999251,171.684542792,-0.000382148916778,0.034505542644,0.0149998972899,0.0199861347601,233.671669514,238.106571029,389.336281241,85.4738819363,226.16681406,183.714805346,246.020467483,261.689394363,261.689579924,0.0199997338243,0.015006039309,52.2089855827,0.0149985587704,261.689384818,223.74403263,177.624922042,211.968525851,261.689524493,0.0149969886101,0.0149897439624,0.0198994154022
2011-12-11 00:00:00,234.107724015,0.0150175068331,0.0199981117991,215.037893017,171.684540366,-0.000383889239374,0.034504422944,0.0149998299587,0.0199857267067,233.671667618,238.106576389,389.3362697,85.4738825354,226.166196232,183.714808028,246.020467247,261.689027017,261.689573254,0.0199999523065,0.0150065501419,52.2089812792,0.0149984408784,261.689384328,223.743996774,177.624921559,211.96853619,261.689501665,0.0149988712475,0.0149898273231,0.019904462022
2011-12-11 01:00:00,234.107723587,0.0150172773678,0.0199980044354,215.037868667,171.684529703,-0.000385572085215,0.0345006775501,0.0149997582013,0.0199835596413,233.671665738,238.106572908,389.336239554,85.4738824382,226.165974641,183.714806351,246.020468597,211.972932528,261.689552388,0.0199997993824,0.015013272906,52.2089858301,0.0149983657498,261.689383864,223.743985008,177.624921233,211.968525,261.689491472,0.0150006594439,0.0149886004212,0.0199088488599
2011-12-11 02:00:00,234.107722191,0.0150199210967,0.019998114437,215.03784501,171.684353163,-0.000387191009816,0.0344943466429,0.0149997224144,0.0199829724762,233.671664182,238.106566762,389.336210271,85.4738823494,226.165933305,183.714803035,246.020469398,261.688840476,261.689503452,0.0199998094181,0.0150274679237,52.2089857837,0.0149985598714,261.689383367,223.743977819,177.624921055,211.968508241,261.689493246,0.0150037735689,0.0149963105956,0.0198855257398
2011-12-11 03:00:00,234.107722765,0.0150585706378,0.0199972707053,215.037851509,0.0459971390232,-0.000388773433084,0.0344837160432,0.0149997089911,0.0199842988516,233.671663676,238.106562942,389.336130353,85.4738819905,226.165937798,183.714801843,246.02046978,261.689417855,261.688396471,0.0199998777559,0.0150550161184,52.2089860839,0.0149994628459,261.689383577,223.7439845,177.624920967,211.96849034,261.689502843,0.0150108278275,0.0149959421426,0.0198604666962
2011-12-11 04:00:00,234.107724233,0.0344814818011,0.0199963825254,215.037860537,0.045992651743,-0.000390362567234,0.0344460025257,0.0149996840892,0.0199854988684,233.671663157,238.106562341,389.335879767,85.4738819578,226.165954731,183.714799473,246.020470026,261.689475346,261.688871665,0.0199998998661,0.0150529768255,52.2089860685,0.0150012271404,261.689383938,223.743991114,177.624920892,211.968480975,261.689502488,0.0150222186607,0.0149912806079,0.0198840160696
2011-12-11 05:00:00,234.107725419,0.0345065625733,0.0199958495983,215.037905328,0.0459919290166,-0.000391884287414,0.0336281096468,0.0149996772781,0.0199866145951,233.671663244,238.106560398,389.335037864,85.4738817291,226.16606451,183.714797581,246.020470472,261.689496398,261.689498033,0.019999846967,0.0150384842821,52.2089860074,0.0150039545772,261.689384559,223.744019053,177.624920904,211.968471857,261.689523891,0.015038489111,0.0149992209413,0.01991252766
2011-12-11 06:00:00,234.107730244,0.034510531876,0.0199979025639,215.038035456,0.0459917313197,-0.000393368653653,0.020004203926,0.0149997025664,0.0199873072855,233.671663337,238.106548618,389.336164871,85.4738810761,226.166135032,183.714798449,246.020470863,261.689503029,261.689555839,0.0199999549553,0.0150562978623,52.2089870571,0.0150057442246,261.689384968,223.744164455,177.624920891,211.968455696,261.689532837,0.015058680788,0.0150014116918,0.0199327251925
2011-12-11 07:00:00,234.107737241,0.0345124635349,0.0199980440516,174.18119616,0.045991166499,-0.000394818188559,0.0199970589062,0.0149997319193,0.0199884167183,189.274044015,192.866318435,389.335947477,85.4738813008,226.166105769,148.80900698,246.020471187,211.96853645,211.968568097,0.0199999819307,0.0150596924955,52.2089847274,0.0150093835598,234.425252109,223.745450267,177.624920973,211.968419573,261.689531298,0.0151082818067,0.0150121308545,0.0199607383344
2011-12-11 08:00:00,189.627351688,0.0345128912983,0.01999818047,174.18118655,0.0459886067458,-0.000396226365529,0.019994833029,0.0149997698417,0.0198963029098,175.253764519,192.866258239,389.336235469,64.1057031359,226.166071918,148.809005182,199.276583895,211.96851008,211.968564659,0.0199990878658,0.015143240258,52.2089789097,0.0150091893201,211.968403458,276.226360351,177.624915897,211.968316169,211.968522895,0.015488997436,0.0150216703222,0.0199615785874
2011-12-11 09:00:00,189.627334332,0.0345120413852,0.0199944480735,174.181152664,0.0200050813348,-0.000397583543607,0.0150067243573,0.0149998061857,0.0198960138101,0.0100199067816,103.576431312,315.362394579,64.1056771698,226.166088883,148.809002329,199.276581076,211.968509691,211.968562738,0.0199968709035,0.0197475645121,52.2089768674,0.0150050654548,211.968403171,276.226162795,143.876186679,0.0151085631494,211.96811696,0.0181181040698,0.0150248027115,0.0199581388222
2011-12-11 10:00:00,189.627316731,0.0345101655732,0.0199952091168,174.181145789,0.0200004633023,-0.000399090844341,0.0150015376415,0.0149998270396,0.0198993717524,0.0100188001416,103.576410832,315.36239155,64.1056183105,226.166007218,148.809000965,199.276570658,211.968510584,211.968562658,0.0199949257612,0.0150172216522,52.2089761219,0.0150022057897,211.968403057,276.226362558,143.876185702,0.014977328981,196.292887449,0.0184598053543,0.0150327841732,0.0199555088941
2011-12-11 11:00:00,175.581250732,0.0345087271385,0.0199956297335,174.181151846,0.0199908228759,-0.00040069688388,0.0149998914859,0.0149998719816,0.0199712714448,175.253856958,178.580040845,315.362389582,64.105636089,226.16591435,148.809006711,199.276544942,211.96851418,211.968564118,0.0199928172986,0.0150079496713,52.2089773114,0.0150007485224,211.968403119,223.744242573,143.87618533,0.0149276171591,211.968430104,0.0186645507117,0.0150225558648,0.0199589987556
2011-12-11 12:00:00,189.627328454,0.0345061367569,0.019997831312,174.181403774,0.0162920010176,-0.000402299495405,0.0150023308429,0.0150000139183,0.0199884619699,189.274050992,192.86631214,315.362388702,64.1056827438,226.165888949,148.809014628,199.27658106,211.968521348,211.968566818,0.0199963249979,0.0150074861502,52.208987795,0.0150007123064,211.968403383,223.744081732,143.876185202,0.014909070823,211.968540874,0.0187306574942,0.0150260557901,0.0199995988982
2011-12-11 13:00:00,189.627364114,0.0345095024508,0.0199969642471,215.037739653,0.0162936052838,-0.00040378264062,0.0150117777515,0.0150000673612,0.0199979900558,189.274083218,192.866367678,315.362390333,64.1057451817,226.165939267,183.714747721,199.276588914,211.968546235,211.968575154,0.0199984521853,0.0150061421152,52.2089993087,0.0150001282029,211.968404199,223.744193936,143.876185237,0.0149862530319,211.968557223,0.0185455992074,0.0150521420146,0.0200270871249
2011-12-11 14:00:00,234.107720719,0.0345126589402,0.0199982944205,215.038351304,0.0199978379424,-0.00040531859662,0.0185123022134,0.0150004517628,0.0200400493298,233.671761637,238.106562155,315.362392161,85.4738715489,226.166846232,226.80828421,246.020690993,261.689538845,261.689576508,0.0200001417293,0.0150088156953,52.2092009338,0.0149998891504,234.425300176,223.745147291,143.876185633,0.019494907744,523.382032057,0.0180284410001,0.0151034918698,0.0200546212862
2011-12-11 15:00:00,234.107764888,0.0345144659622,0.0199997149392,215.038411798,0.0200041178104,-0.00040683733412,0.018520696376,0.0150010946458,0.0245552113806,233.67178151,238.106572751,315.362396021,85.4738822692,226.16687897,226.808327774,246.020696563,261.68954845,261.689584791,0.0200006010078,0.0150427908489,52.2092248098,0.015000102221,261.689386204,276.226795855,177.624879353,0.0195285164375,523.382194162,0.0151231042497,0.0151065853056,0.0200718713713
2011-12-11 16:00:00,234.107790819,0.0345156912027,0.0200006855516,215.038415963,0.0200046424933,-0.000408585426319,0.0185190032608,0.0150021184268,0.0245596037264,233.671790393,238.106575714,389.336231213,85.47388332,226.166883984,226.808337156,246.020698247,261.689551448,261.68958606,0.0200009338906,0.0150698459949,52.209003182,0.015000245798,261.689386636,276.226867461,177.624919124,0.0193436431302,523.38221768,0.015038156858,0.015121966546,0.0200542758021
2011-12-11 17:00:00,234.107786635,0.0345163555557,0.0200006119913,215.038413466,0.0200036889104,-0.000410284176727,0.0185116478832,0.0150028461487,0.0245610129946,233.671794007,238.106576594,389.336278805,85.4738836255,226.166883411,226.808341408,246.020699034,261.689553098,261.689586752,0.0200010267,0.015048359616,52.2089794599,0.0150000743832,261.689386748,276.226903544,177.624919318,0.0188090661412,523.382228009,0.0150228707729,0.0151260034944,0.020036982158
2011-12-11 18:00:00,234.107771757,0.0345144327575,0.0200008512577,215.038410747,0.0200047140242,-0.000412015204803,0.018516582406,0.0150098100167,0.0245613299781,233.671795092,238.106576562,389.336279864,85.473883399,226.166883333,226.808344205,246.020698907,261.689554099,261.68958714,0.0200015327645,0.0150376499798,52.2089876175,0.0150000432357,261.689386828,276.226906769,177.624919423,0.0173186577093,523.382233405,0.0150335542905,0.0151635442839,0.0200236962696
2011-12-11 19:00:00,234.107744774,0.0345131460729,0.0199993724123,215.038404539,0.0200014922357,-0.000413729141561,0.0150497766891,0.0150018586739,0.0245608702031,233.671794521,238.106576075,389.336280301,85.4738829574,226.166881965,226.808344841,246.020698503,261.689553975,261.689586855,0.0200007288581,0.0150154279012,52.2089714146,0.014999675523,261.689386759,276.226821076,177.624919368,0.0150925050199,523.38223511,0.0150419710072,0.0151531169487,0.0200140531669
2011-12-11 20:00:00,234.107736125,0.0345156203825,0.019998136849,215.038392575,0.0199962027815,-0.000415599767192,0.0150190964896,0.0150007515164,0.0245565935783,233.671792355,238.106574361,389.336280091,85.4738827679,226.166880618,226.808343129,246.020697478,261.689552219,261.68958645,0.0200004770183,0.015008419829,52.208963768,0.0149993551882,261.689386609,223.747857658,177.624919173,0.0150439127175,523.38222473,0.0150454390294,0.0151423867503,0.0199988969837
2011-12-11 21:00:00,234.107737841,0.0345164996416,0.0199977464614,215.038358009,0.0199964037688,-0.00041750094242,0.015016137046,0.0150006705458,0.0245331699594,233.671793192,238.106571307,389.336279489,85.4738826398,226.166874475,226.808339444,246.020697073,261.689548015,261.689585504,0.020000446977,0.0150046607079,52.208946865,0.0149990504574,261.689386314,223.744757085,177.624918676,0.0150275912546,523.382197785,0.0150640886042,0.0151408213641,0.0199876364165
2011-12-11 22:00:00,234.107730605,0.034516840598,0.0199969009685,215.038110458,0.0199663332143,-0.000419405827279,0.015013112867,0.0150003214327,0.0200303587675,233.67178557,238.106563641,389.336278125,85.4738820697,226.166845994,226.808331332,246.020694967,261.689538762,261.689583367,0.0200001833502,0.0150027914019,22.7110591232,0.0149987301388,261.689385641,223.744161332,177.624917542,0.0150151769457,523.381859543,0.015103571132,0.0150947968962,0.0199788950175
2011-12-11 23:00:00,234.10772657,0.0345180441658,0.0199963089973,215.037897923,0.0162424692575,-0.000421327787579,0.0150059560521,0.0150000150329,0.020008832851,233.671766554,238.106553772,389.336274006,85.4738822818,226.166590367,226.808312684,246.020692335,261.689503552,261.68958,0.0199999991445,0.0150017771102,0.0152381633399,0.0149985438172,261.68938434,223.744052235,177.62491623,0.015019182832,523.361579374,0.0151565908569,0.015093140026,0.0199765503576
2011-12-12 00:00:00,234.107724759,0.0345178370744,0.0199976772091,215.03785303,0.0199957428264,-0.00042305490464,0.0150094288148,0.0150001413864,0.0200111900474,233.671750806,238.106553324,389.336261527,85.4738826598,226.166027274,226.808279262,246.020695655,261.689328725,261.689570451,0.0200001089425,0.0150014331897,22.7109931691,0.0149988206922,261.689383207,223.744011276,177.624913167,0.0158824794999,423.940143579,0.0156362088742,0.015068284601,0.0199928049843
2011-12-12 01:00:00,234.107724083,0.0345196319547,0.0199968827496,215.037835446,0.0199966842683,-0.000424737897628,0.0150042554465,0.0150000100799,0.0200062423134,233.671746506,238.106550443,389.336226267,85.4738827913,226.165967267,226.808090192,246.020692642,211.969023946,261.689542216,0.019999886183,0.014999639027,0.0150256311855,0.0149990908548,261.689381075,223.744008569,177.624913266,0.0150565139464,423.940020599,0.0153834492003,0.0151016867968,0.0200122873828
2011-12-12 02:00:00,234.107723807,0.0345227752976,0.0199944867861,215.03782761,0.0199980175937,-0.00042643246609,0.0150059612204,0.0149998574351,0.020002846279,233.671741955,238.106547053,389.336201485,85.4738827364,226.16595603,183.7151993,246.02068792,211.969081742,261.689338656,0.0199997443926,0.0149991934216,0.0150145190895,0.0149992171632,261.689378772,223.743994192,177.624913681,0.0150382336915,423.940190635,0.0152897450934,0.0151345478356,0.0200176662655
2011-12-12 03:00:00,234.107728954,0.0345333983341,0.0199930776709,215.037829996,0.0199997559533,-0.000428022381273,0.0150098816044,0.0149998033153,0.0200012633187,233.671745049,238.10654854,389.336172728,85.4738828806,226.165976749,183.715451257,246.020691517,261.689354245,261.688543885,0.0199996700892,0.0149993885595,0.0150364737788,0.0149993281872,261.689379844,223.744021538,177.62491499,0.0150931971983,423.940432684,0.0160254475488,0.0151557691785,0.0200206714833
2011-12-12 04:00:00,234.107757298,92.1970382187,0.0199927797923,215.037872759,0.0200035715661,-0.000429390729495,0.0150147052076,0.0149997548333,0.0200006974937,233.671753804,238.106556566,389.336147435,85.4738833116,226.166208356,226.808311056,246.020695773,261.689538236,261.689514707,0.0199997743412,0.0150003772505,22.7110202344,0.0149995370537,261.689383657,223.744131163,177.624916992,0.0152267965714,523.38205283,0.0183594323801,0.0152577301937,0.0200480629833
2011-12-12 05:00:00,234.107968179,211.968517723,0.0199947891691,215.038142683,0.0200054996421,-0.000430564985548,0.0150199810953,0.0149997559295,0.0200027694728,233.671780617,238.106562185,389.336219123,85.4738837153,226.166846158,226.808342551,246.02069955,261.689558237,261.689574377,0.02000029366,0.0150030970185,52.2089237844,0.0150002554538,261.689385872,276.226941323,177.624918375,0.0150635240119,523.382266432,0.019607668924,0.015273993966,0.0201235067665
2011-12-12 06:00:00,234.107986387,211.968540749,0.0199995727988,215.038348793,0.0200081973774,-0.000431429250447,0.0150153907752,0.0149998168679,0.0200125860229,233.671796148,238.106558468,389.33626385,85.4738846925,226.166858006,226.808347673,246.020700528,261.689561033,261.689581185,0.0200074317482,0.0150116242649,52.2089563472,0.0150037354367,261.689386394,276.226985785,177.624918644,0.0150078768845,523.382278209,0.0183215078722,0.0152259074595,0.0201019831148
2011-12-12 07:00:00,234.107990421,211.96834848,0.0199999322513,215.037734033,0.0200075985283,-0.000432752703185,0.0150238613499,0.0149999115757,0.020004363525,211.968544406,192.866309777,389.336273012,85.4738854823,226.166739597,183.714773086,246.020700522,211.96859062,211.968576392,0.0200032154378,0.0191125499964,52.2089524752,0.0150030256055,261.689381053,276.226991172,177.624918459,0.0150116069787,523.382282106,0.0172651339161,0.0152320830101,0.0200781080981
2011-12-12 08:00:00,234.107693743,92.1970226904,0.020000107867,174.181190068,0.0200048557936,-0.000434530443121,0.0150565646333,0.0149999790801,0.0199194545225,211.968428291,192.866278014,389.336276613,85.4738832357,183.195283169,183.714773345,199.276777123,211.968557241,211.96857272,0.0200000438447,0.0344571267321,52.2089445195,0.0150023131706,211.968561769,276.226970982,177.624914797,0.0150102581619,523.382181463,0.0150907222637,0.0152175798508,0.0200102728773
2011-12-12 09:00:00,211.968604781,0.0345974144866,0.0199934916449,174.181127131,0.0150026350283,-0.000436199200569,0.0149995921734,0.0149998869531,0.0199014398389,189.274179231,178.579798183,315.362392366,85.473884299,183.195174468,183.714773776,199.27677039,211.968552351,211.968566915,0.0199998948498,0.0188602043123,52.2089406171,0.0150020663948,211.96840419,276.226901826,143.876183142,0.0150119573084,423.939736249,0.0150449623259,0.015249675845,0.0199864208163
2011-12-12 10:00:00,211.968542252,0.0345281739039,0.0199813014525,174.18113648,0.0150002153277,-0.000437961263076,0.014992969916,0.014999747586,0.0199011778531,189.274175592,103.576447289,315.362386336,85.4738845654,183.195166508,183.714775154,199.27676878,211.968551408,211.968562629,0.019999927843,0.0150060061065,52.208939467,0.015002015718,211.968403232,223.744085373,143.876181966,0.0150259731824,423.939695551,0.0150295674845,0.0152044781271,0.0199665383863
2011-12-12 11:00:00,211.96861365,0.0345203300187,0.0198174022008,174.181155673,0.0149999446253,-0.000439651431762,0.0149788564296,0.01499971785,0.0199361710077,189.274174373,178.580181636,315.362382033,85.4738847711,183.195167981,183.714778895,199.2767693,211.968553654,211.96855523,0.0199999244518,0.0150026881356,52.2089423471,0.0150028741042,211.968402905,223.743991302,143.876181502,0.0149972051384,423.940081518,0.0150332816354,0.0152080006273,0.019974601644
2011-12-12 12:00:00,234.107705403,0.0345169234213,0.0199693819749,215.037713669,0.0149999617366,-0.00044117110686,0.0149806446673,0.0149997703482,0.0199883535519,189.274215302,192.866293714,315.362380604,85.4738852078,211.96495122,183.714795739,199.276774413,211.968557972,211.96856053,0.0200003554959,0.0150019072044,52.2089520938,0.0150053596785,211.968403048,276.226681651,143.876181157,0.0146096202636,523.382268534,0.0150530100842,0.0151097157866,0.0199668645198
2011-12-12 13:00:00,234.107725732,0.0345143778643,0.0199896161671,215.038062655,0.015000182735,-0.00044279612132,0.014995422534,0.0149998275516,0.0199999937435,233.671651477,192.866314697,315.362369528,85.473885182,226.166815355,226.8198636,246.020550986,211.969039717,211.968655154,0.0200001282004,0.0150015262894,52.2089557217,0.0150037668312,211.968403598,276.22691954,143.876181564,0.0147636474152,523.382284988,0.0150546374102,0.015107706444,0.019999787654
2011-12-12 14:00:00,234.10800449,0.034477831871,0.01999939884,215.03833943,0.0150020828748,-0.000444339280041,0.0150029495948,0.0149999568762,0.0200279245705,233.671801026,238.106547512,315.362384339,85.473885034,226.166849308,226.819901992,246.020700752,261.689566824,261.689580986,0.0200010273622,0.0150017657883,52.2089629978,0.0150034278513,234.425253997,276.226986899,143.876182041,0.0149884908099,523.382297104,0.0150448964017,0.0151285043794,0.020007336815
2011-12-12 15:00:00,234.108010573,0.0150359878777,0.0200008930141,215.038364814,0.0185219060053,-0.000445956620977,0.0150454051996,0.0149999245971,0.02024514116,233.671804912,238.106558114,315.362389944,85.4738854856,226.166857831,226.819907541,246.02070104,261.689570156,261.689584975,0.0200022435222,0.0150023870423,52.2089597711,0.0150066507865,261.689386032,276.227002378,177.624854045,0.0150861724113,523.382301398,0.0150379440124,0.0150829896532,0.0200082287655
2011-12-12 16:00:00,234.10800931,0.0150186684292,0.0200008811848,215.038366296,0.0185216853713,-0.000447772430959,0.0150204471381,0.0149999127945,0.0200440582301,233.671807479,238.106560819,389.336276719,85.473885848,226.166857295,226.819909483,246.020700389,261.689570767,261.689585791,0.0200028634497,0.0150033879551,52.208960633,0.0150087856195,261.689386113,276.227005425,177.624915312,0.0150946384718,523.382302923,0.0150328196215,0.0150568779668,0.0200056135039
2011-12-12 17:00:00,234.108005749,0.015015455428,0.0199997806231,215.038358803,0.018519833872,-0.000449593479951,0.0150150481764,0.0149999061625,0.0200135853457,233.671808101,238.106561895,389.336283053,85.4738856706,226.166853066,226.819910325,246.020698911,261.689571021,261.689585994,0.0200021532911,0.0150042930463,52.2089570677,0.0150059695096,261.689385944,276.227004877,177.624915354,0.0150650318286,523.382303169,0.0150270027815,0.0150454204187,0.0200043645634
2011-12-12 18:00:00,234.107988807,0.0150125957408,0.0199991192128,215.038354958,0.0185121728673,-0.000451427952792,0.0150118395526,0.0149999335449,0.0200350815117,233.671808241,238.106561093,389.336284151,85.4738850436,226.166850255,226.819910227,246.020696822,261.689572364,261.689586012,0.0200027500951,0.0150041616214,52.2089570176,0.0150020370104,261.689385678,276.227002393,177.624915242,0.0174428989304,523.38230354,0.0150098884177,0.0150222507534,0.0199945725698
2011-12-12 19:00:00,234.107794771,0.0150096291501,0.0199977163367,215.038343806,0.0150078469123,-0.000453279846368,0.0150051241042,0.0149998731993,0.0200109503847,233.671806575,238.106556246,389.33628479,85.4738843573,226.166845566,226.81990905,246.020696674,261.689571824,261.689585698,0.0200008313333,0.0150056480233,52.2089472477,0.0150012463425,261.689385403,276.226989869,177.624915052,0.0150440703508,523.382302879,0.015010689757,0.0150105697718,0.019989870778
2011-12-12 20:00:00,234.107735534,0.0150079284273,0.0199962655691,215.038327302,0.0150022795947,-0.000455202310704,0.0150039839266,0.0149998339754,0.0200039781896,233.671804571,238.106549362,389.336284814,85.4738840825,226.166845699,226.819905518,246.020693059,261.689569692,261.689584741,0.0200003495389,0.0150068191513,52.2089403835,0.0150007629045,261.689385008,276.226947667,177.624914715,0.0151005152014,523.382297678,0.0150094634271,0.0150017580283,0.0199798361699
2011-12-12 21:00:00,234.107727913,0.0150047229614,0.0199943489774,215.038287303,0.0150028726822,-0.000457116346759,0.0150037508557,0.0149997866874,0.0200019990226,233.671803718,238.106542972,389.336284411,85.4738839366,226.166842127,226.819896758,246.020653179,261.689566672,261.689583649,0.020000175435,0.0150020712268,52.2089330019,0.0150004053866,261.68938414,276.226649097,177.624914224,0.0150270058737,523.382291234,0.0150056079952,0.0149968051924,0.0199692037923
2011-12-12 22:00:00,234.107718341,0.0150025657813,0.0199926896369,215.038162144,0.0150022845233,-0.000459057410409,0.0150030804248,0.0149997376852,0.0200009702799,233.671796349,238.106534799,389.336283588,85.4738834814,226.166809609,226.819856012,246.01967319,261.689550202,261.689580941,0.0199999165521,0.0150007921351,52.2088860899,0.0149998942399,261.689381678,223.744588479,177.624913394,0.0150041957634,523.382274026,0.0150027622658,0.014992729686,0.0199638909856
2011-12-12 23:00:00,234.107717453,0.0150014276168,0.0199913284198,215.037890014,0.0150017082068,-0.000460998966832,0.0150022508139,0.0149996871349,0.0200007662306,233.671777729,238.106534228,389.336279935,85.4738835568,226.166084672,226.819821455,246.02052531,211.968625465,261.689577121,0.0199997263321,0.0150004263196,22.7110686708,0.014999457938,261.689366997,223.744137327,177.624912002,0.0150008734798,523.382177148,0.0150003358253,0.0149875958702,0.0199590288777
2011-12-13 00:00:00,234.10772302,0.0150009509244,0.0199918517109,215.037830991,0.0150013947973,-0.000462761715553,0.0150018847699,0.0149996741079,0.019999333364,233.671759618,238.106531418,389.336272219,85.4738839664,226.165869693,226.819791594,246.020693028,211.968577825,261.689568325,0.0199997774528,0.0150000742955,22.7110311881,0.0149987313034,234.425274348,223.744069097,177.624910427,0.015004705418,523.382061992,0.0149961297324,0.0149849306619,0.0199693258388
2011-12-13 01:00:00,234.107723815,0.0150004008815,0.019992425478,215.03781973,0.0150011135482,-0.000464484918246,0.0150016812717,0.0149996508988,0.0200015912475,233.671751582,238.106533313,389.336256477,85.4738842511,226.16584935,226.819787957,246.020691896,211.968572058,261.689537786,0.0199997829926,0.0149995691859,22.7109764598,0.0149986586765,234.425269157,223.744050183,177.624909347,0.0150039976529,423.943783869,0.0149960013797,0.0149874525551,0.0199672501954
2011-12-13 02:00:00,234.107726451,0.0150002172857,0.0199920882385,215.037811183,0.0150009209982,-0.000466146821609,0.0150026241163,0.0149996349084,0.0200041972433,233.671749246,238.106529737,389.336232605,85.4738841596,226.165866402,226.819856549,246.020689831,211.96857817,261.689461319,0.0200009776177,0.014998931189,22.7108929253,0.0149986264956,234.425271228,223.744050829,177.624908912,0.0149996213957,423.942425959,0.0149961810679,0.0149909001911,0.0199742931464
2011-12-13 03:00:00,234.107734494,0.0150001798952,0.0199907878598,215.037812198,0.0150006977608,-0.000467742999307,0.0150040621953,0.014999616512,0.0200071786969,233.67174839,238.10652319,389.336225333,85.4738840368,226.165939998,226.81988906,246.02069142,211.96859428,261.6892841,0.0200054864757,0.0149986613829,22.710999356,0.0149986899899,234.42532021,223.744075496,177.624909182,0.0149997190079,523.284453493,0.0149967840655,0.0149981273258,0.0199854900094
2011-12-13 04:00:00,234.107793292,0.015000513029,0.0199910647703,215.037845573,0.0150008244893,-0.000469161479436,0.0150026824522,0.0149996016752,0.0200146399278,233.671758308,238.106532894,389.336215299,85.4738836349,226.166424078,226.81990628,246.02069229,261.688888938,261.689529388,0.0200094114112,0.0149985318271,22.7109940008,0.0149988696177,261.689378366,223.744271027,177.624910463,0.015001085906,523.382226862,0.0149992616873,0.015022617846,0.0200051439675
2011-12-13 05:00:00,234.107991397,0.0150008397337,0.0199929507542,215.038027548,0.0150016537651,-0.000470304302374,0.015003235286,0.0149996205619,0.0244832341762,233.671784531,238.106544299,389.336219044,85.4738843551,226.166800707,226.819912379,246.020692717,261.689568767,261.689570058,0.0245024680901,0.0149985955276,22.7110205963,0.014999567445,261.689383527,276.22696169,177.624911521,0.0150018382387,523.382297266,0.0150027423465,0.0150604361563,0.0200391681661
2011-12-13 06:00:00,234.10799465,0.0150016324802,0.0199966916468,215.038182204,0.0150028346468,-0.00047129629168,0.0150044413201,0.0149996989046,0.0245588802242,233.671800252,238.106544997,389.336267874,85.4738853482,226.166807253,226.819914097,246.020690046,261.689572672,261.68957586,0.0246268621849,0.0149991308529,52.2089151984,0.0150004523393,261.689384057,276.226999301,177.624910942,0.0150061854133,523.382304635,0.0150037194774,0.0151096216086,0.0201953046044
2011-12-13 07:00:00,234.10799145,0.0150020070928,0.0199988794026,215.038075109,0.0150029407115,-0.000472678681127,0.0150053607297,0.0149997792205,0.0200333155608,211.968552246,192.866316024,389.33627822,85.4738857512,226.166799896,183.724137189,246.020681557,261.689572013,211.968568916,0.0200196541492,0.0150004882278,52.2088460716,0.0150007295943,261.689376683,276.227001543,177.624909433,0.0150127829565,523.382306392,0.0150063947709,0.0152142569981,0.0205593687956
2011-12-13 08:00:00,175.581296139,0.0150024769716,0.0199990580432,215.037686904,0.0150013255992,-0.000474413367079,0.0150058298722,0.0149997908032,0.0199963838495,211.968018239,192.866305433,389.336282383,85.4738603556,183.195119362,183.724134574,171.694533917,211.96856247,211.96856636,0.0200022607629,0.0150018009266,22.7109212818,0.015000988096,211.968400855,223.743907053,62.5862646236,0.0150117297682,423.939688052,0.0150108714238,0.0162260915059,0.0223309862529
2011-12-13 09:00:00,175.581109987,0.0150033231206,0.0199982190422,174.180956155,0.015000294785,-0.000476213321598,0.0150053036607,0.0149997524503,0.0199876620462,189.274170543,192.866277579,389.336278658,85.4737408611,183.19509139,183.724133622,171.694524054,211.968559327,211.968563492,0.0200000964838,0.0150030485111,0.0150120178735,0.0150007619576,211.968399206,223.743888335,62.5862505338,0.0150123862616,423.939681804,0.0150204598756,0.0156602662817,0.0202576373467
2011-12-13 10:00:00,0.0158369051077,0.0150040792657,0.0199967961649,174.18092148,0.0150000973324,-0.000477931326669,0.0150025358125,0.0149996704197,0.0199819899952,189.274167671,178.580278935,389.335819852,85.4736919785,183.195062351,183.724133883,107.019303602,211.96855754,211.968562215,0.0200000586481,0.0149976230836,0.0150060552943,0.0150010667824,196.267094128,223.743857486,62.5862489209,0.0150131740005,423.939679324,0.015040088114,0.0180701363997,0.0200882142666
2011-12-13 11:00:00,175.581111864,0.0150053237467,0.0199916272731,174.18090789,0.0150000599098,-0.000479576607938,0.0150005627675,0.0149996654154,0.0199777133579,189.274167468,103.576756728,389.336219425,85.4738632622,183.194997572,183.724135523,171.694524359,211.96855732,211.968561614,0.0200001765423,0.0149974445042,0.0150047312151,0.0150004197977,0.0150093054403,223.743842055,62.5862357198,0.0150148240609,423.939678351,0.0150889445653,0.0182112517394,0.0200487525161
2011-12-13 12:00:00,189.627459286,0.0150075392907,0.0199917222389,174.180914729,0.0150001189576,-0.00048123530015,0.0150000889345,0.0149996840529,0.0199858367755,189.274170714,192.866265217,315.362407154,85.4738494065,183.195072424,183.724140549,171.694531688,211.968559462,211.968562707,0.0200002264463,0.0149977578074,0.015005066743,0.015000333144,196.267091258,223.743869836,0.0150207943001,0.0150123824706,423.939680766,0.0150640492489,0.0178463398882,0.0200513776239
2011-12-13 13:00:00,211.968522805,0.0150110153983,0.0199903178683,174.180992095,0.0150003425788,-0.000482911229993,0.0150233678447,0.0149997199592,0.0199911475923,211.968533692,192.866313662,315.362398776,85.4738710806,183.195093335,226.819891134,171.694572802,211.968564648,211.968567113,0.0200003406387,0.0149984313761,0.015004479016,0.0150006210034,211.968400439,223.743907095,62.5862487264,0.0150122499839,423.939691754,0.015242557071,0.0186899342767,0.0217096339227
2011-12-13 14:00:00,234.107766217,0.0150125695131,0.0199976583055,215.038057586,0.0150008074922,-0.000484413300478,0.0150302635604,0.0149997749816,0.01999468198,233.671797033,238.106550005,315.362402392,85.4738812837,226.166742693,226.819921244,211.968539091,261.689581783,261.689569561,0.0200006232977,0.0149994124173,0.0150057722543,0.0150009111459,211.968403324,276.227048874,62.5862499811,0.0150237587487,523.382303145,0.0174336433831,0.0189130272924,0.0202122904266
2011-12-13 15:00:00,234.108011762,0.0150129465289,0.0199992599394,215.038137329,0.0150129231913,-0.000486069798555,0.0150166815616,0.0149998505177,0.0199954263026,233.671802836,238.106584044,389.336221728,85.4738857824,226.166763523,226.819923386,211.968533056,261.689588539,261.689576944,0.0200009973529,0.0150024429225,0.0150057109414,0.0150009958523,261.689384111,276.227176735,62.5862532098,0.015012579513,523.382310189,0.0152233501397,0.0182045989326,0.0200593283401
2011-12-13 16:00:00,234.10801698,0.0150119688898,0.019999301944,215.038138501,0.0185251152454,-0.000487839796699,0.0150115916718,0.0149999259339,0.0199941337562,233.671805948,238.106591227,389.336279628,85.4738858702,226.166765566,226.81992409,211.968528805,261.689589875,261.689577762,0.0200011806045,0.0150044578347,0.0150053327206,0.0150013690718,261.689384411,276.22720005,77.2669754805,0.0150119769345,523.382310748,0.0150873682114,0.015387043577,0.0200177452418
2011-12-13 17:00:00,234.108017781,0.0150094542114,0.0199986648341,215.038133019,0.0185297280043,-0.000489646566817,0.0150081749634,0.0149999295769,0.0199928711936,233.671806874,238.106594557,389.336281937,85.4738853541,226.166764371,226.81992431,211.96852368,261.689590402,261.689577602,0.0200010297316,0.0150062536055,0.0150046305112,0.0150009990868,261.689384487,276.227211097,77.2669756296,0.0150128228078,523.382309574,0.0150362796169,0.0151005809232,0.0199971641104
2011-12-13 18:00:00,234.108008044,0.0150088038617,0.0199994396791,215.038128198,0.0198698531297,-0.000491516162799,0.0150075423721,0.0149999203128,0.0199944133159,233.671806118,238.106592565,389.336281152,85.4738846834,226.166763493,226.819923895,211.968497516,261.689590055,261.689577107,0.0200530968139,0.015005697832,0.0154920517427,0.0150003694441,261.689384497,276.227217371,77.2669755736,0.0150124456058,523.382302298,0.0150069315448,0.0150275347713,0.0199836681006
2011-12-13 19:00:00,234.10793694,0.0150035178341,0.0199984542799,215.038117919,0.0185804199678,-0.000493372769261,0.0150044333918,0.0149999028298,0.0199911540674,233.671804803,238.106589788,389.336280473,85.4738843286,226.16676079,226.819923393,171.694639073,261.68959024,261.689576309,0.0200048941972,0.0150058448677,0.0150142446025,0.01499999661,261.689384442,276.227214435,77.2669755448,0.0150098727371,523.382294781,0.0150019340107,0.0150120293216,0.0199672248052
2011-12-13 20:00:00,234.107765653,0.0150017831298,0.0199971063313,215.038102081,0.0185268088836,-0.000495194293564,0.0150033913014,0.0149998729318,0.0199892611253,233.671803083,238.106587372,389.336278864,85.4738839941,226.166756839,226.819922001,171.694569028,261.689589638,261.689574697,0.020001179581,0.0150049217319,0.0150049637065,0.0149996921406,261.689384302,276.227181891,77.2669753111,0.0150081297003,523.382279404,0.0149995785145,0.0150001091329,0.0199375792349
2011-12-13 21:00:00,234.107769147,0.0150005981121,0.0199950183302,215.038070894,0.0185247900548,-0.000497190417328,0.0150037110957,0.0149998306007,0.0199878384431,233.671801357,238.106585408,389.336276777,85.4738836948,226.166749016,226.81992034,171.694733148,261.689589186,261.689573244,0.0200003862378,0.01500361904,0.0150032305926,0.0149993454509,261.689384034,276.226963976,77.2669748362,0.0150079155942,523.38225731,0.0149978099492,0.0149950258206,0.0198935233703
2011-12-13 22:00:00,234.107742528,0.0149999277091,0.0199929826411,215.037971799,0.0185229347334,-0.000499204694532,0.0150040484481,0.0149997837695,0.0199870830235,233.671793686,238.106579098,389.336273641,85.4738831271,226.166726029,226.81991915,211.968429839,261.689587559,261.689570323,0.0200001512315,0.0150022907547,0.0150021004956,0.0149990166376,261.689383567,223.744816645,77.2669737728,0.0150158833881,523.382216268,0.0149966161033,0.0149907918047,0.0198596983685
2011-12-13 23:00:00,234.107735669,0.0149995811369,0.0199915422795,215.037852967,0.018481804456,-0.000501076267416,0.0150031848006,0.0149997487356,0.0199872724871,233.671777,238.106575091,389.336263806,85.4738833173,226.166567705,226.819917887,211.968506589,261.689581241,261.689565921,0.0199997765991,0.0150022701853,0.0150011858445,0.0149987981761,261.689382512,223.744278397,77.2669712283,0.0150281124257,523.381592094,0.0149958385143,0.0149852484674,0.0198508496582
2011-12-14 00:00:00,234.107731515,0.0149994250344,0.0199907934065,215.037819597,0.0150120975849,-0.00050296328122,0.0150043803392,0.0149997479073,0.0199953060354,233.671761554,238.106574563,389.336238039,85.473883543,226.166052283,226.819917158,211.968549916,261.689573704,261.689554218,0.0200001977526,0.0150003673803,0.0150011868246,0.0149986732787,261.6893823,223.74419864,77.266889906,0.0150724940753,423.940562296,0.0149953135787,0.0149892905382,0.0198781785636
2011-12-14 01:00:00,234.107730754,0.0149993252137,0.0199904061169,215.037796588,0.0150039133304,-0.00050469515792,0.0150027932846,0.0149997252722,0.019994797906,233.671755118,238.106580422,389.336213408,85.4738838697,226.165970603,226.819915903,211.968553865,261.689562204,261.689505624,0.0200001931586,0.0150000347134,0.0150007202734,0.0149986469194,261.689381071,223.74418523,77.2663574853,0.0150256316172,423.940272818,0.0149953213235,0.0149858884401,0.0199105005607
2011-12-14 02:00:00,234.107730552,0.0149992593622,0.0199903808533,215.037791377,0.0150021900848,-0.000506438653617,0.01500779827,0.0149997193926,0.0199935156137,233.67175224,238.106583468,389.336211481,85.4738835382,226.165936828,226.819916063,211.968555129,261.689561252,261.689453173,0.0200000846978,0.0150001152125,0.0150006151172,0.0149986455909,261.689378363,223.744192817,77.2667520821,0.0150031290024,423.94028866,0.0149955819228,0.0149893338091,0.0199519044968
2011-12-14 03:00:00,234.107736289,0.0149993668377,0.019991475472,215.037792986,0.0150019160863,-0.000508003223688,0.0150190743681,0.0149997018743,0.019994268877,233.671755359,238.106587442,389.336207393,85.4738835484,226.16593679,226.819916979,211.968555614,261.689565883,261.689366701,0.0199996843184,0.0149997607989,0.0150007021246,0.0149987202539,261.689375889,223.744207143,77.2669266035,0.015001912383,423.940869549,0.0149964564727,0.0149981967952,0.019974772036
2011-12-14 04:00:00,234.107791218,0.0149996861589,0.019995557096,215.037814278,0.0150021425511,-0.000509473421902,0.0150234020155,0.0149996912291,0.0199960942093,233.671762805,238.106594386,389.336202021,85.4738837889,226.165987543,226.819918508,211.968556583,261.689581911,261.68948106,0.0199998844757,0.0149995517884,0.0150011406079,0.0149989481073,261.689379134,223.744416083,77.2669717661,0.0150014619547,523.382215364,0.0149992428895,0.0150399588452,0.0200015615365
2011-12-14 05:00:00,234.108027203,0.014999963056,0.0200000397176,215.037916014,0.0150043273781,-0.000510741654415,0.015018755211,0.0149997153401,0.0199993163104,233.671783724,238.10659985,389.336227545,85.4738840411,226.166650295,226.819920269,211.968557091,261.689592634,261.689548803,0.0200004705351,0.0149997499386,0.0150026937404,0.0149995365616,261.689382727,276.227239138,77.2669743971,0.0150035184127,523.382304477,0.0150042977295,0.0151357560966,0.0200350282168
2011-12-14 06:00:00,234.108034152,0.015000578746,0.0200041108926,215.037988386,0.0185104500043,-0.000511772365806,0.0150306961402,0.0149997942716,0.0200018213788,233.671794384,238.106595694,389.336247243,85.4738851716,226.166691561,226.819920056,211.968553262,261.689595082,261.689552305,0.0200015716386,0.0149997074342,0.0150248150477,0.0150004483968,261.689383472,276.22727714,77.266974943,0.0150068699642,523.38231098,0.0150148573537,0.0152617596882,0.0238257676587
2011-12-14 07:00:00,234.108028472,0.015000560001,0.0200077343415,174.180936963,0.0185108163143,-0.00051323298295,0.0150188465958,0.0149998764501,0.0200021922224,211.968567702,192.866403035,389.336251957,85.4738858498,226.165878355,183.72414015,211.968553496,261.689450277,211.968541259,0.020001739156,0.0150025155241,0.0150111049128,0.0150004264616,234.425276052,276.227283735,77.2669748769,0.0150102918114,523.382310181,0.0150299273913,0.0161082392861,0.0204418487902
2011-12-14 08:00:00,211.968156546,0.0150003156777,0.0200079098378,174.180760987,0.0150108688641,-0.000515007639594,0.0150146065808,0.0149998800336,0.0199802731746,189.274183364,192.866346646,389.336249342,85.473878503,183.195042921,183.724135511,171.694539585,211.968579363,211.968531796,0.020000453125,0.015007633595,0.015007083886,0.015000298025,211.968404401,276.22721017,77.2669596117,0.0150095222064,423.939704258,0.0150567186066,0.0164696711864,0.020057834244
2011-12-14 09:00:00,189.627508927,0.0150003788308,0.0200009521233,161.279286759,0.0150005147167,-0.000516778150712,0.0150004966999,0.0149998183663,0.0199578487982,189.274161901,192.86632192,315.362314938,85.4738745984,183.195027061,183.724132249,171.694539131,211.968580157,211.968520565,0.0199999978777,0.0150070187266,0.0150058497221,0.0150001679325,211.968401725,223.74417503,62.5862501526,0.0150007260665,423.939693344,0.0150450107685,0.015376120339,0.0200260164265
2011-12-14 10:00:00,175.581370687,0.0150003672308,0.0199977974083,0.0100853209234,0.0150001666454,-0.000518544957758,0.0149996902049,0.0149997295511,0.0199371972982,189.274159083,178.579933041,315.362306624,85.4738746283,183.194981247,183.724129048,171.694533792,211.968579382,211.968449244,0.0199998453443,0.0149987677855,0.0150058590369,0.0150001309866,211.9684013,223.744157241,62.5862496138,0.0149825675338,423.9396899,0.0150456982318,0.0153222338148,0.0200153286111
2011-12-14 11:00:00,189.627428918,0.0150008182987,0.0199946048958,93.5435314678,0.0150000561402,-0.00052027944987,0.0150009666662,0.0149997206452,0.0199770282271,189.274158954,178.580190443,315.362302983,85.4738758091,183.195014111,183.724129782,171.694532932,211.96857882,211.968200397,0.0199997445203,0.0149993558166,0.0150059348825,0.0150002187619,211.968401109,276.227213955,62.5862491107,0.0149581687431,423.939702679,0.0150554846968,0.0154066632291,0.0200309887788
2011-12-14 12:00:00,189.627532862,0.0150010620732,0.0199967158791,174.180740705,0.0150000245098,-0.000521982552642,0.0150028034965,0.0149997533019,0.0199878745428,189.274162823,192.866333809,315.362297772,85.4738800012,183.195025132,183.724133738,171.694531395,211.968580173,211.968517978,0.0200000894633,0.0150040585936,0.0150113874813,0.0150008366059,211.968401408,276.227262879,62.5862488255,0.0149484643712,523.382037937,0.0150575966197,0.0153159892919,0.0200639265615
2011-12-14 13:00:00,234.10767914,0.0150018860917,0.0199973074708,174.180785727,0.0150000715579,-0.000523602846562,0.0150016385535,0.0149997797151,0.0199925770031,211.968537919,192.86636201,315.362281624,85.4738829488,183.195041884,183.724146343,171.694531552,211.968583718,211.968530599,0.020000506163,0.0150041099863,0.0150203518709,0.0150030108218,211.968403167,276.227283284,62.586249444,0.0149660802135,523.382270865,0.0150739752159,0.0154196314808,0.0252911987544
2011-12-14 14:00:00,234.108167428,0.015002397302,0.0199989058055,215.037899431,0.0150003102697,-0.000525139180041,0.0150048893792,0.0149998373987,0.0199935254172,233.671787926,238.106608073,315.362296809,85.4738845063,226.16590782,226.819916606,171.694539644,211.968721233,261.689527946,0.0200010856289,0.0150065350756,22.7110678193,0.015004953453,234.425272531,276.227296279,62.5862502153,0.0150022073159,523.382294154,0.0150553697509,0.01809514961,0.025199603185
2011-12-14 15:00:00,234.108233693,0.0150022366429,0.0199993364233,215.037977809,0.0150452233235,-0.00052670889489,0.0150118036129,0.0149999193967,0.0199947520965,233.671792652,238.106634035,315.362303309,85.4738855805,226.166533144,226.819917626,211.968253535,261.689553527,261.689539723,0.020001610288,0.0150372055975,52.2088787323,0.0150058621231,261.689383374,276.227309754,77.2669694746,0.0150104213248,523.382308142,0.0150766160271,0.0183004243192,0.0202289388458
2011-12-14 16:00:00,234.108239837,0.0150019198982,0.0199994288719,215.037984936,0.0185190032361,-0.000528469073891,0.0150131212415,0.0149999930608,0.0199938832672,233.671794497,238.106638397,389.336139431,85.47388586,226.166639735,226.819917624,211.968505876,261.689555636,261.689541343,0.0200016541385,0.0151046274992,52.2088850108,0.0150058070192,261.689383435,276.227313851,77.2669752,0.0150127902817,523.38231021,0.0150871892913,0.0182405440637,0.0200765338671
2011-12-14 17:00:00,234.108241373,0.0150016737104,0.0199987589446,215.037983488,0.0185186937216,-0.000530319682838,0.0150105255821,0.0150000225769,0.0199922311575,233.671794954,238.106639618,389.33617571,85.4738856749,226.166643477,226.819917311,211.968522674,261.689549471,261.689541823,0.0200014525603,0.0152787576128,52.2088868946,0.01500353576,261.689383313,276.227314592,77.2669753209,0.0150096569713,523.382309065,0.0150884477992,0.0178438959783,0.0200178562762
2011-12-14 18:00:00,234.108240069,0.0150014309597,0.0199982555867,215.037984725,0.0185168091535,-0.000532218522905,0.015006535152,0.0150001491426,0.0199966096006,233.671793992,238.106639477,389.336176037,85.4738849843,226.166664491,226.819916952,211.968522365,261.689571506,261.689541756,0.0200028187878,0.034422838912,52.2088892803,0.0150010332478,261.689383173,276.227314396,77.266975259,0.0150084140137,523.382306885,0.0150572050047,0.0151409339442,0.0199834000517
2011-12-14 19:00:00,234.108232056,0.0150011376416,0.0199976620276,215.037980158,0.0185117878504,-0.000534099826552,0.0150049370233,0.0150001242212,0.0199925240985,233.671791853,238.106636798,389.336176408,85.4738842443,226.166628746,226.819915577,211.968463752,261.6895519,261.689541578,0.0200008974967,0.0345004846257,52.2088831941,0.0150006819222,261.68938285,276.227306869,77.2669751649,0.015008482233,523.38230983,0.015086049278,0.0150359925089,0.019963840114
2011-12-14 20:00:00,234.108046966,0.0150012379912,0.0199966405373,215.037973797,0.0150277705006,-0.000536007403551,0.0150037693675,0.0150001324471,0.0199897835314,233.671788505,238.106633295,389.336175917,85.4738838827,226.166539662,226.819913055,171.694572436,261.689495643,261.689540593,0.0200003268474,0.0345193817036,52.2088790929,0.0150005321502,261.689382445,276.227270602,77.2669749603,0.0150061733543,523.382302579,0.0150465207695,0.0150056043668,0.0199344124381
2011-12-14 21:00:00,234.107989032,0.0150007969226,0.0199949249589,215.037961239,0.0183621248635,-0.000537959254765,0.0150038686279,0.015000243704,0.0199880171514,233.671786585,238.106629345,389.336175235,85.4738836134,226.16603391,226.81990923,171.694547718,261.689427023,261.689539189,0.02000010054,0.0345076222557,52.2088761873,0.014999770552,261.689381646,276.227158311,77.2669745607,0.0150061358237,523.382296613,0.0150105805573,0.0149926334111,0.0198913629766
2011-12-14 22:00:00,234.107755823,0.0150002910573,0.0199932103602,215.037908163,0.0150146285772,-0.000539994920011,0.0150036613597,0.0150002568813,0.0199866896054,233.671779832,238.106622012,389.336173896,85.4738833509,226.165893142,226.819904874,171.694546031,261.689302293,261.689537194,0.0199998263082,0.0344467981087,52.208864657,0.0149992242667,261.689380001,223.745295683,77.2669741075,0.0150078444539,523.38227732,0.0150013038431,0.0149904210298,0.0198427285452
2011-12-14 23:00:00,234.107742865,0.0149999966565,0.0199916457052,215.037816075,0.0150033788234,-0.000541975089484,0.0150027399177,0.0150002683051,0.0199852209583,233.671768859,238.106611255,389.336170462,85.4738835413,226.165868428,226.819898175,171.694558078,211.968827748,261.689533246,0.0199996346118,0.0150632442738,52.2046495036,0.0149988943394,261.689376768,223.744310602,77.2669735548,0.0150033863481,523.382246297,0.0149988115763,0.0149896509782,0.0197911219268
2011-12-15 00:00:00,234.107722902,0.0149998431554,0.0199909366519,215.037787188,0.0150052094169,-0.000543865504507,0.0150023858422,0.0150006119385,0.0199844236045,233.67175597,238.106603452,389.336165176,85.4738839351,226.165896642,226.819899124,211.968480493,261.689587244,261.689524451,0.01999964354,0.0150083662356,0.0150767235486,0.0149987539102,261.689378167,223.744270119,77.2669739913,0.0150024847949,523.381964206,0.01499612414,0.0149882689988,0.0197014660372
2011-12-15 01:00:00,234.107725211,0.0149997752443,0.0199906106534,215.037780278,0.0150025437437,-0.000545596683394,0.0150019815032,0.015000445355,0.0199844023275,233.671750573,238.106593109,389.336156228,85.47388414,226.165919269,226.81989912,211.968541386,261.689575883,261.689485142,0.0199995603816,0.0150057003195,0.0150122540835,0.0149988424493,261.68937423,223.744249057,77.2669734912,0.0150037104317,423.940901245,0.0149960893712,0.0149840802746,0.0197419023156
2011-12-15 02:00:00,234.107728047,0.0149997040387,0.0199905309512,215.037771463,0.0150014981336,-0.000547304796516,0.0150021749147,0.015000487904,0.0199876451162,233.671744757,238.106584771,389.336146667,85.4738840672,226.165944647,226.819901792,211.968546108,261.689535724,261.689152764,0.0199995336887,0.015006333947,0.0150078657555,0.0149991894765,261.68936718,223.744234624,77.2669726333,0.0150073380052,423.940858074,0.0149970117583,0.0149852313836,0.0197620459332
2011-12-15 03:00:00,234.107737365,0.0149997931223,0.0199906620679,215.037777483,0.0150014673036,-0.000548898927991,0.0150018523384,0.0150003054004,0.0199895576998,233.671747248,238.10658716,389.336141827,85.4738837815,226.165983854,226.819903068,211.968554316,261.689563587,261.688496958,0.0199996302158,0.0150047914923,0.0150052615953,0.0149993866176,261.689371822,223.744258225,77.2669726092,0.0150011255718,523.38197615,0.01499830804,0.0149899085825,0.0198759752983
2011-12-15 04:00:00,234.107835744,0.0150002541897,0.0199911769351,215.03779564,0.0150021603346,-0.000550443209294,0.0150020861435,0.0150002140725,0.0199944749899,233.671746473,238.106599122,389.336137485,85.473883714,226.166363808,226.819904595,211.968556121,261.689591296,261.689460114,0.0199998395695,0.0150034708689,0.0150051047875,0.014999612864,261.689375345,223.744405241,77.2669733872,0.0149991003563,523.382278245,0.0150017497886,0.0149986860028,0.0199513053921
2011-12-15 05:00:00,234.108244743,0.0150009369351,0.019993220495,215.037880052,0.0150120148901,-0.000551706174646,0.0150031534968,0.0150001819483,0.0199993366258,233.671756639,238.106606355,389.336145075,85.4738840424,226.166670793,226.819904029,211.968557075,261.689603966,261.689525033,0.020000300091,0.0150021605697,0.0150157971905,0.0150005851234,261.689377602,276.227281707,77.2669739271,0.0150008200786,523.382312268,0.0150077477616,0.0150113353951,0.0199841297724
2011-12-15 06:00:00,234.108254594,0.0150046253967,0.0199987823488,215.037954572,0.0150121952246,-0.000552847064053,0.01500692859,0.0150001425372,0.0200111137135,233.671755071,238.106595493,389.336159038,85.4738851075,226.166679424,226.819898268,211.968556521,261.689606012,261.689531613,0.0200024088683,0.0150062342229,52.2088661292,0.0150022017209,261.689376737,276.22731809,77.2669739436,0.0150043859091,523.382316714,0.0150112596143,0.0150236420044,0.0200100869802
2011-12-15 07:00:00,234.108255235,0.015007333151,0.0200003573649,215.037841297,0.0150962812259,-0.000554314981567,0.0150062404209,0.0150002609294,0.0200052408298,189.274096338,192.866264704,389.336165245,85.473885689,226.1666787,148.809749107,211.968555272,261.689606365,211.96852906,0.0200030312774,0.0150082114292,52.2088579014,0.0150015794175,234.425453482,276.227321035,77.2669733979,0.0150067067662,523.382317281,0.0150123511436,0.0150299737013,0.0200251970178
2011-12-15 08:00:00,234.107711511,0.0150105389885,0.0200000488333,215.03766664,0.0150064321988,-0.000556055689302,0.0150061955195,0.0150002425868,0.0199365517654,189.274086619,192.866201472,389.336167153,85.4738826755,226.166632149,148.809090614,171.694531314,261.68960186,211.968525688,0.0200019894461,0.0150157527986,22.711642423,0.0150013448047,189.88440661,276.227318553,77.2669543039,0.0150060195665,523.382295023,0.0150111267828,0.0150627117109,0.0200209254103
2011-12-15 09:00:00,234.107721699,0.0150148072866,0.0199925653502,215.037038974,0.0150006303314,-0.000557867972801,0.0150022309258,0.0150000985811,0.0199211106006,189.274010888,103.576406511,315.362303288,85.4738831899,226.16656249,148.809079587,171.694529404,261.68960351,211.968525632,0.0200004561967,0.0150211483152,22.7110306658,0.0150016905575,189.884405349,276.227314995,0.0150195853846,0.0150056051087,523.38225368,0.0150089214464,0.0150286205909,0.0200106817775
2011-12-15 10:00:00,234.107711605,0.0150136577376,0.0199935387818,174.180852599,0.0150004859543,-0.000559633131245,0.0150013830538,0.014999923529,0.0199214695062,189.273971793,103.576386692,315.362297404,85.4738830787,226.165813008,148.809076026,171.694528349,261.689603842,211.968524661,0.0200003553848,0.0150015427869,22.7106827175,0.0150020794854,189.884289309,276.227315792,0.015005185633,0.0150056155223,423.940449798,0.0150073445484,0.0150387795774,0.0200045123593
2011-12-15 11:00:00,234.107725142,0.0150143230212,0.0199967760365,174.181044335,0.0150007290623,-0.000561406243309,0.015001318059,0.0149999147133,0.019931354317,189.274080908,103.576414011,315.362293616,85.4738824415,226.165850802,148.80907585,171.694530749,261.689604197,211.968526959,0.020000613554,0.0150002144467,0.0150432462427,0.0150026834508,0.0151600755725,276.227312785,0.0149992593446,0.0150057774144,423.939748186,0.0150110443519,0.0151069680654,0.0200276221201
2011-12-15 12:00:00,234.107872674,0.015017798672,0.0199988164814,215.037647623,0.0150022191168,-0.000563121475112,0.0150010608223,0.0149999968058,0.0199927481724,189.274091946,192.866241422,315.362291073,85.4738833825,226.165917275,148.809078155,171.694534085,261.689602648,211.96853192,0.0200021866264,0.0150003783778,22.7109978474,0.015002929769,175.818945115,276.227304447,0.0149988405917,0.0150061766688,523.382205999,0.0150115048861,0.0150869732554,0.0200375736066
2011-12-15 13:00:00,234.108231559,0.0150204828212,0.0199989303852,215.037708047,0.0150070333003,-0.000564708889147,0.0149998487117,0.0150002198251,0.0201814991338,189.27412489,192.866262878,315.36229352,85.4738839476,226.166148927,183.714749846,211.968522074,261.689604962,211.968560563,0.020003722007,0.0150197972508,0.0151714719609,0.0150046368848,189.884405078,276.22730679,0.015001550596,0.0150057086785,523.382302901,0.0150218276502,0.0151255757332,0.0200546938042
2011-12-15 14:00:00,234.108253493,0.0150205128107,0.0199993361272,215.037931972,0.0185216962108,-0.00056631675215,0.0150023996995,0.0150023591707,0.0246379677238,233.671715423,238.106486799,315.362293619,85.4738850091,226.16667678,183.714899649,211.968553391,261.689607126,261.689529325,0.0226104703903,0.0344883818121,22.7110089072,0.0150089710178,189.884406452,276.227307183,0.0150188706371,0.0150098796606,523.382312183,0.0150323294167,0.0151146130322,0.0200999309557
2011-12-15 15:00:00,234.108258619,0.0150208484038,0.020000685212,215.037984004,0.018524337124,-0.000567895426243,0.0150121624792,0.0344799902265,0.0246420060621,233.671717138,238.106496935,315.362297517,85.473885694,226.166690459,183.714900805,211.96855443,261.689608667,261.689534854,0.0265623152925,211.968474689,22.7110680366,0.0150353978764,234.425192057,276.22731893,0.0150203868989,0.0150078653229,523.382315144,0.0150446846568,0.0151103765658,0.0200798113633
2011-12-15 16:00:00,234.108257265,0.0150195913302,0.0200011391982,215.037986728,0.0185254105315,-0.000569690529293,0.0150164104063,0.0344821618453,0.0246431147476,233.67171838,238.106497181,389.336155046,85.4738858691,226.166690039,183.714899808,211.96855427,261.689608101,261.689535165,0.0265674115719,211.968544681,52.2086675167,0.03371800426,234.425192276,276.22731916,0.0185432609522,0.0150059175422,523.382313817,0.0150464943781,0.0150563185073,0.0200589618187
2011-12-15 17:00:00,234.108253582,0.015018862864,0.0200006314985,215.03798271,0.0185246245225,-0.000571480285836,0.0150194131031,0.0344906797675,0.0246439461459,233.671718983,238.106495239,389.336163413,85.4738854042,226.166684092,183.714899784,211.968553847,261.689607305,261.689535297,0.0265712741063,211.968584371,52.2088323593,0.0340816434571,234.425192311,276.227315749,0.0185435412832,0.0150051395176,523.382311209,0.0150228006499,0.0150457798115,0.0200579464671
2011-12-15 18:00:00,234.108244715,0.0150171851813,0.0200013785805,215.037978919,0.0185152687792,-0.000573351777809,0.0150175530689,0.034487568138,0.0246468493635,233.671718616,238.106488934,389.3361636,85.4738850049,226.166683216,183.714894253,211.968553583,261.689605442,261.689535425,0.0265965349604,211.968610384,52.2088565592,0.0276406600823,234.425192347,276.227312194,0.0185435649261,0.0150056700528,523.382309154,0.0150064439137,0.0150251372287,0.0201361498949
2011-12-15 19:00:00,234.108212731,0.0150173341324,0.0200003740153,215.037971952,0.0150065535042,-0.000575173828017,0.0150135538809,0.0344821337794,0.0246443500701,233.671717749,238.106484179,389.336163282,85.4738844269,226.166676446,183.714881824,211.968552434,261.689603327,261.68953452,0.0265649525211,211.968583163,52.2088547679,0.0276231034601,234.425192295,276.227300618,0.0185435685661,0.015004565665,523.38230524,0.0150014157818,0.0150267144781,0.020208561986
2011-12-15 20:00:00,234.107773305,0.0150188520907,0.0199996349026,215.03795969,0.0150061129624,-0.000577024624069,0.0150065891836,0.0344818619354,0.0246411469171,233.671716827,238.106475411,389.336162205,85.473884205,226.166671413,183.714825417,211.968550436,261.689600481,261.689533002,0.0264688954779,211.968551802,52.2088525764,0.0295756287397,234.425192098,276.227267284,0.0185434703809,0.0150048695705,523.382295535,0.0150006350886,0.0150206243794,0.020112325546
2011-12-15 21:00:00,234.107748863,0.0150175544589,0.0199988635888,215.037939624,0.0150574376942,-0.000579012857474,0.0150150188285,0.0344813169486,0.0246360209663,233.671715665,238.106458473,389.336160444,85.473884005,226.166665655,183.714787991,211.968545077,261.689598007,261.68953122,0.0215212102142,211.968540954,52.2088508068,0.0342967370754,234.425191883,276.227164948,0.01854328367,0.0150200674163,523.382283774,0.0149991265935,0.0150338523801,0.0200799339732
2011-12-15 22:00:00,234.107730034,0.0150156431234,0.019999036516,215.037874362,0.0185070668695,-0.000581017144038,0.0150265083268,0.0344771655985,0.0245447342278,233.671713144,238.106396032,389.336157372,85.4738834391,226.166644044,183.714779245,211.968537414,261.689592845,261.689528747,0.0215158778062,211.968473623,52.2088474957,0.0339498687986,234.425191597,223.746955518,0.0185429903219,0.0151046990709,523.382261039,0.0149976390921,0.0150501938706,0.0200962534372
2011-12-15 23:00:00,234.107726264,0.0150143374827,0.0200023049964,215.037798782,0.0150225713148,-0.000582969861463,0.015019676719,0.0150114398566,0.0200291682405,233.671709979,238.106130402,389.336146914,85.4738834775,226.166563969,183.714776839,211.968536068,261.689580274,261.689523615,0.0215136859501,211.966550099,52.2088458601,0.0280579687648,234.42519125,223.744367138,0.0185425470805,0.0150509694833,523.38222761,0.0149972178544,0.0151055834554,0.0201984320614
2011-12-16 00:00:00,234.10772943,0.0150072154946,0.0200159972065,215.037771979,0.0185218044759,-0.00058486877617,0.0150044789192,0.0150123895799,0.0200156080405,233.671706588,211.968561371,389.33611961,85.4738831996,226.166114699,183.714768772,211.968458974,211.969704193,261.689510308,0.0263913747416,0.0364430469141,52.2088474544,0.0344654299898,234.425190195,223.744262863,0.0185418423437,0.0150084703114,523.382143828,0.0149973049302,0.0151209207354,0.0201373241586
2011-12-16 01:00:00,234.107726636,0.0150096936815,0.0200004531547,215.037761705,0.0185237931204,-0.000586624330149,0.0150021219862,0.0150039427793,0.0200060802433,233.671703537,211.968518629,389.335632539,85.4738833365,226.166194089,183.714769444,211.968513389,211.968801171,261.689419504,0.0215199555059,0.0345320564028,52.2088483739,0.0344508427989,234.425189843,223.744218899,0.0185409086963,0.0150068001792,523.381976793,0.0149982091254,0.0152413548416,0.0248098276863
2011-12-16 02:00:00,234.107725467,0.0150110149183,0.0199948350874,215.03775437,0.0185225877961,-0.000588304382691,0.0150020573644,0.0150022162121,0.0200028206163,233.671701469,211.968432159,315.362393174,85.4738836266,226.166255136,183.714771982,211.968535383,211.968785148,261.689286967,0.0215339957422,0.0344900080719,52.2088506522,0.0344490196098,234.425189886,223.744225163,0.0185402373638,0.0150051585633,523.382023517,0.0150001597826,0.0158652388593,0.0206834847581
2011-12-16 03:00:00,234.107725268,0.0150112892369,0.0199942188357,215.037756778,0.0185202521607,-0.000589993126972,0.0150072578326,0.0150015985846,0.0200028412405,233.671699789,171.694728071,315.362333325,85.4738839109,226.166369222,183.714781759,211.968542886,261.689503056,261.687185925,0.0265552933629,0.0164401071158,52.2088524705,0.034454760497,234.425189899,223.744233511,0.0185396482467,0.0150035303461,523.382152075,0.0150064485044,0.0336253584118,0.0201705625106
2011-12-16 04:00:00,234.107730802,0.0150142665766,0.0199935428284,215.037770014,0.0184817173506,-0.000591550486492,0.0150126422735,0.0150009292374,0.020003423279,233.671700491,171.694720875,315.362320111,85.4738837743,226.166524789,183.714814715,211.968543343,261.689553129,261.689456101,0.0265628668344,0.0150447755622,52.208856285,0.0344609873946,234.425189908,223.744617867,0.0185410796408,0.01500264632,523.382212448,0.0150297829957,0.0347038402758,0.0205996034876
2011-12-16 05:00:00,234.107742074,0.0150162281817,0.0199951277523,215.037834748,0.0185223454419,-0.000592749167327,0.0150144818157,0.0150007823965,0.0200161409386,233.67170186,211.968476905,315.362317202,85.4738842663,226.166574227,183.714883378,211.968540573,261.6895582,261.689509581,0.0265701836397,0.0150189751358,52.2088967552,0.0344740700113,234.42519007,276.227239087,0.0185421434395,0.0150052062383,523.382229835,0.015109506844,0.0348649177799,0.0257168054866
2011-12-16 06:00:00,234.10773365,0.0150195055006,0.019999158688,215.037901373,0.0184757959656,-0.000593711479057,0.0150200014881,0.0150051232084,0.0246313047285,233.6717007,211.968466595,315.362432772,85.4738849925,226.16654393,183.714882872,211.968518781,261.689519361,261.68951512,0.0265751037477,0.0150199919018,52.2093924989,0.0344876321509,234.425189651,276.227267637,0.0185422876045,0.0150047429471,523.38220653,0.0152539708176,0.0347432827585,0.0257351450599
2011-12-16 07:00:00,234.107725285,0.0150196015411,0.0200007411487,215.037669344,0.0150506620781,-0.000595099985271,0.015014836208,0.015003662169,0.0246017880716,189.274075462,103.575710703,389.336113886,85.473885677,226.166278423,148.80909735,211.966503909,211.968550538,211.968510323,0.0265641932518,0.0150314122981,52.2094917365,0.0344926893805,234.423348781,276.227261728,0.0185420986308,0.0150079365517,523.382059493,0.0153554417654,0.0347919331495,0.0257001334835
2011-12-16 08:00:00,211.968543784,0.0150206788057,0.0200005534711,174.180733427,0.0150164716029,-0.000596890035,0.0150096951744,0.0150021186883,0.0199906547035,189.274066112,0.0199988689909,389.336143904,85.4738845643,183.194560048,148.80906715,0.0150107801257,171.694507407,211.968498087,0.0265454560102,0.0151668798196,52.2093079982,0.0344981824565,0.0150061911302,223.744112992,0.0150242110487,0.0150059796591,171.695091499,0.0320651523013,0.0348019421472,0.0257664423269
2011-12-16 09:00:00,234.10754471,0.0150223294964,0.0199994983296,174.180723881,0.0150046299849,-0.000598656500549,0.0150077861268,0.0150008366071,0.0199783517432,189.274051647,0.0199917315352,389.335116527,85.4738849623,183.194546426,148.809062953,0.0150068268102,0.0162716592842,196.268680787,0.0200073423853,0.0152399772338,52.2093007197,0.0344955860246,0.0150051160783,223.744149729,0.0150193600165,0.015009501194,171.695065351,0.0270746956825,0.0348011701481,0.0254776256753
2011-12-16 10:00:00,234.107678252,0.0150250176859,0.0199988462938,174.180703168,0.0150037387134,-0.000600429553734,0.01500799649,0.0150001427419,0.0199587097113,189.27402354,0.019988604872,315.363086274,85.4738848434,183.194531898,148.809060985,0.0150065604319,0.0151067027306,113.840163535,0.0200025552428,0.0150019248082,52.2092719242,0.0344866930117,0.015004681737,223.744320772,0.0150186597317,0.015005951152,171.695051852,0.0341387500929,0.0347816018507,0.0212920132976
2011-12-16 11:00:00,234.10752923,0.0150325968502,0.0199985870592,174.180724828,0.0150037788735,-0.000602311408195,0.0150091941211,0.0150000151156,0.0199618939384,189.274046011,0.0199929205105,389.336113195,85.4738847707,183.194556191,148.809061158,0.0150075465633,171.694508824,211.968427703,0.0200014961895,0.0149983725644,52.2089786051,0.0344791264568,0.0150046070754,276.227227758,0.0150183760932,0.0150086313339,171.695059328,0.0343863082684,0.0348207261422,0.0251604078918
2011-12-16 12:00:00,234.107573206,0.0150316279222,0.0199984538893,174.180786282,0.0150033138005,-0.000604099491232,0.0150107841066,0.0150000839023,0.019979221211,189.274063593,0.0200005932822,389.335729095,85.4738849325,183.194566685,148.809061608,0.0150073720803,171.694518756,211.968505325,0.0200010659167,0.0149972898534,52.2092960071,0.0344711088159,0.0150047381975,276.227222891,0.0150186421809,0.0150090168928,171.695075351,0.0341915383177,0.0348000939372,0.0255821536299
2011-12-16 13:00:00,234.107662348,0.0150664145486,0.0199985041048,215.037711083,0.0150015083956,-0.00060585201543,0.0150090251207,0.0150000184419,0.0199889596642,189.274072083,103.575758128,389.336095708,85.473885028,183.194642795,183.714704466,0.0150069596759,171.69454022,211.968517611,0.020000933239,0.0149998112592,52.208881248,0.0150719488437,0.0150050167696,276.22722328,0.0150192750618,0.0150078285363,211.968544119,0.0342726107354,0.0149784493476,0.0256947438823
2011-12-16 14:00:00,234.107714443,0.015062372056,0.019999124943,215.037874816,0.0150019186685,-0.000607562356415,0.0150081042282,0.0150000378719,0.0199899883304,233.671684352,211.968384038,389.336119202,85.4738850881,226.162030926,183.71488596,0.0150082414612,211.96844757,261.689507347,0.0200009181993,0.0150070367664,52.2089145557,0.0150128809408,0.0184683305118,276.227217549,0.0150198781681,0.0150082433084,211.968559263,0.0343891924751,0.0349342423712,0.025576044382
2011-12-16 15:00:00,234.107729498,0.0150640155306,0.0200002874958,215.037905856,0.015007375116,-0.000609275512802,0.0150093752301,0.0150001516427,0.0199905282744,233.671686817,211.968471445,389.336128263,85.4738852772,226.16576777,183.714887875,0.015008708969,211.968496892,261.689520275,0.0200012019952,0.0150187581979,52.2092960005,0.0150108437976,0.0185236946065,276.227224865,0.0150254124999,0.0150079587319,211.968566542,0.0344495397059,0.0349642441081,0.0203553647195
2011-12-16 16:00:00,234.107743421,0.0150589856316,0.0200015867525,215.037908674,0.0199523089421,-0.000611044371561,0.0150117882547,0.0150002655196,0.01999005258,233.671688503,211.968516532,389.336139029,85.4738853626,226.165793796,183.714888119,0.0150098074125,211.9684838,261.689522854,0.0200011195505,0.015021768802,52.2093043709,0.0150092958951,0.018523766361,276.227217197,0.0185416866426,0.015008520105,211.968571661,0.0344935333578,0.0348559100774,0.0200756663609
2011-12-16 17:00:00,234.10775618,0.0150994634816,0.0200017094307,215.037903242,0.019994467121,-0.000612878715701,0.0150110382359,0.0150004612009,0.0199895759534,233.671689057,211.96854816,389.336148,85.473885009,226.16578014,183.714888127,0.0150102731088,211.96846487,261.689523809,0.0200010091599,0.0150219364197,52.2092330787,0.015007012914,0.0185236040022,276.227203826,0.0185421514963,0.0150083201236,211.968577453,0.0345175022719,0.0149697259968,0.0200237311644
2011-12-16 18:00:00,234.107732199,0.0345216864051,0.0200037448589,215.037899259,0.0200020964755,-0.000614763900011,0.0150103766257,0.0150016919787,0.0199904370757,233.671688775,211.968540601,389.336147762,85.4738845456,226.165766611,183.714886989,0.0150083261852,211.968458433,261.689524678,0.0200008009042,0.0150203899264,52.2088713218,0.015005211359,0.0185234131379,276.227180925,0.0185422122114,0.0150087814113,211.968575677,0.0345552889273,0.0298316901537,0.0200006331203
2011-12-16 19:00:00,234.107719147,0.0345218802867,0.0200022863877,215.037885393,0.0200000964099,-0.000616713885666,0.0150083834221,0.0150013350414,0.0199901604513,233.671688133,211.968480566,389.336146988,85.4738840215,226.165704049,183.714884122,0.0150065084877,211.968413407,261.689524801,0.020000504022,0.0150157897926,52.2088407791,0.015004084226,0.0185231204491,276.227118879,0.018542268691,0.0150080053032,211.96857624,0.0345491344508,0.0161345448377,0.0199799915383
2011-12-16 20:00:00,234.10767627,0.0345244620728,0.0200011511038,215.037867517,0.0199796694893,-0.000618675330798,0.0150089285704,0.0150013577059,0.0199892338334,233.671687236,211.968464983,389.33614496,85.4738837489,226.165781175,183.714875288,0.0150053912035,211.968247564,261.689524321,0.0200004140107,0.0150140702361,52.208832933,0.0150028150857,0.0185223488667,276.226896213,0.0185423347209,0.0150051242986,211.968614287,0.0345247840933,0.0152232609018,0.0199575640397
2011-12-16 21:00:00,234.107688824,0.0345243190835,0.0200005927514,215.037843355,0.0199741389934,-0.000620636714794,0.0150182840483,0.015001439254,0.0199875309058,233.671686279,211.96844928,389.336142585,85.4738837587,226.165710593,183.714859478,0.0150041751245,211.968384805,261.689523595,0.020000357688,0.0150151427513,52.2088254072,0.0150017835223,0.0185207745064,276.225974369,0.0185421954919,0.0150042201771,211.96858952,0.0344340236695,0.0148568254453,0.0199326033561
2011-12-16 22:00:00,211.968579649,0.0345241840495,0.0200000658181,215.03779149,0.0199333220849,-0.000622566765157,0.0150279993619,0.0150012576398,0.019984798164,233.671684194,211.968355281,389.336139395,85.4738835949,226.165677829,183.714815802,0.0150033297137,211.968470485,261.689522223,0.020000167426,0.0150169117765,52.2088062057,0.0150006782314,0.0185125326813,223.744232399,0.0185420243916,0.0150019233154,211.968559117,0.0341715935873,0.015029834102,0.0198945170421
2011-12-16 23:00:00,211.968553309,0.0345256050861,0.0199990957228,215.037755579,0.016213504165,-0.000624530920108,0.0150440498889,0.0150009823649,0.0199823670805,233.67168112,103.577357788,389.336130702,85.4738835399,211.968654448,183.714792261,0.0150025429447,211.968485107,261.689517348,0.0200000145172,0.0150173843415,22.7110675698,0.0149999456094,0.0150238604855,223.744019775,0.0185417502188,0.0150018120747,211.968565484,0.0319665347431,0.0150117666936,0.0198178466329
2011-12-17 00:00:00,211.968565558,0.0345254411521,0.0199985035559,215.037736966,0.0199921398164,-0.000626442392642,0.0185729109423,0.0150016919849,0.0199799994836,233.671677203,103.576415427,389.336110515,85.4738833145,183.194685637,183.714815142,0.0150041900752,211.968498392,261.689505136,0.0199998847359,0.0150213674931,22.7110556484,0.0149995406175,0.0150238454577,223.743955919,0.018541945843,0.0150035642662,211.968599572,0.0151479436467,0.014990391317,0.0197085021889
2011-12-17 01:00:00,211.968516298,0.0345251206561,0.0199974368383,215.03772804,0.0199914393185,-0.000628276768103,0.0185796480954,0.0150016297465,0.0199862582753,233.671672393,103.576389604,389.336073202,85.4738833648,183.194612122,183.714786126,0.0150041265979,211.968492539,261.689466515,0.0199997938689,0.0150188041787,0.015069884304,0.0149993870244,0.0150291555061,223.743921899,0.0185419152467,0.0150212036584,211.968597867,0.0150437522086,0.0149855579857,0.0196660342965
2011-12-17 02:00:00,211.968491662,0.0345250579131,0.0199965839559,215.037723985,0.0199955065073,-0.000630069501304,0.0185824186973,0.0150021028025,0.0199863431704,233.671667192,103.576366116,389.336018651,85.4738833804,183.194690878,183.714764718,0.0150034645047,211.968518703,261.688493767,0.0199997859728,0.0150195813686,0.015010874665,0.0149993542969,0.0150229064678,223.743914543,0.0185418130008,0.0187851634758,211.968649359,0.0150094732332,0.014984499747,0.019662906792
2011-12-17 03:00:00,211.968486005,0.0345255172691,0.0199963180576,215.037721345,0.0199981489282,-0.000631806156624,0.0185804205964,0.0150011881265,0.019985874683,233.671664763,103.576333811,389.335917445,85.4738828403,226.16565785,183.714758597,0.0150027960254,211.968526511,211.968882087,0.0199997730364,0.01501413878,0.0150080392751,0.0149994048207,0.0150183623443,223.743916014,0.0185418692866,0.0154049214682,211.968592693,0.0150057878271,0.0149856230282,0.0197217166452
2011-12-17 04:00:00,211.968540794,0.0345257775152,0.0199959886452,215.037725348,0.0200023930786,-0.00063352792536,0.0185796471373,0.0150006556652,0.0199863873174,233.67166106,103.576326594,389.335767448,85.4738829499,226.165616468,183.714761638,0.0150024498075,211.968519389,211.969012334,0.0199997563412,0.015010747083,0.0150066381707,0.0149995543413,0.0150251604054,223.743935642,0.0185419543831,0.0151488796709,211.968575912,0.0150026300027,0.0149915302993,0.0198276046448
2011-12-17 05:00:00,211.968580655,0.0345248258422,0.0199958018102,215.037740926,0.0200059519245,-0.000635127757308,0.0185793604579,0.0150004088885,0.0199882459241,233.671656743,103.576351816,389.335821409,85.4738822101,226.165803292,183.714767513,0.0150028948594,211.96852289,261.68943911,0.019999789889,0.0150091094986,0.0150067836943,0.0149999721754,0.0185101827246,223.74409872,0.0185421095276,0.0150636939602,211.968569432,0.0150016743138,0.0149977115327,0.0199105923341
2011-12-17 06:00:00,234.107695878,0.0345269799547,0.0199979162062,215.037771348,0.0200073660862,-0.000636670429789,0.0185807588574,0.0150009096974,0.0199917930645,233.671649512,103.576271136,389.335876016,85.473882312,226.165851735,183.71477228,0.0150052650091,211.968521967,261.689493936,0.0200000298361,0.0150022789396,0.0150208998039,0.0150006834002,0.0185189532558,276.223335239,0.0185422123604,0.0188750191726,211.968576132,0.0150019771342,0.0150005037776,0.0199436683217
2011-12-17 07:00:00,234.107708954,0.034523172455,0.0199980625063,215.037375162,0.0200090075956,-0.000638094274355,0.018580921679,0.015000627625,0.0199915720904,189.274021956,83.8968991767,389.33582274,85.4738827377,226.165862529,148.809058219,0.0150036675391,211.968525587,211.968566672,0.0200001401005,0.0150022983511,0.0150130645519,0.0150035070174,0.0150166738863,276.22372797,0.0185421763625,0.0193990095745,211.968574789,0.0150016286414,0.0149994570117,0.0199563687656
2011-12-17 08:00:00,211.968558039,0.0345107208465,0.0199982532988,174.180718246,0.0200085153134,-0.00063956715959,0.0185794528423,0.0150004878455,0.0199869947027,189.273982695,83.8968431132,389.335831876,85.4738819744,211.968459391,148.809049561,0.0149943180333,211.968490042,211.968546614,0.02000013221,0.0150052023978,0.0150144521065,0.0150060274884,0.0149996959044,223.743905262,0.0185382631704,0.0193555726383,211.968527583,0.0150018111857,0.0150043762778,0.0199656889421
2011-12-17 09:00:00,211.968464513,0.0344045858443,0.01998523401,174.180682199,0.0199958056864,-0.000641065044855,0.0150361484019,0.0150001627907,0.0199850466404,175.254248518,83.8968911573,171.693702734,85.4738818187,183.194594813,148.809048281,0.0149931818243,211.968090571,211.968557162,0.0199993544032,0.0150055309674,0.0150300557054,0.0150037368686,0.0149941959424,223.743807518,0.0150185535327,0.0148947364427,211.968517181,0.0150038263247,0.0150029424102,0.0199716473506
2011-12-17 10:00:00,189.627374118,0.0150829070906,0.0199521403733,174.180670085,0.0162097563513,-0.000642730984805,0.0150209834604,0.0149998847417,0.0199860008009,175.253939371,83.8968980762,158.976214551,85.4738813299,183.194570245,148.809046701,0.0149941398005,171.694537684,211.968551739,0.019999061231,0.0149961729479,0.0150415000356,0.0150023216934,0.0100254711007,211.968529845,0.0150128659542,0.0149318645804,211.96852379,0.0150078724959,0.0150076864797,0.0199764663691
2011-12-17 11:00:00,189.627361183,0.0150346287718,0.0198553259111,174.180674055,0.0162078557349,-0.000644612956822,0.0150121430645,0.014999825368,0.0199891702445,189.274012851,83.8969062154,0.0100422888148,85.4738808626,183.19461917,148.809048596,0.0149970363456,171.694528447,211.96854385,0.0199990395873,0.0149950388111,0.0150295419253,0.0150016114686,0.0100117785431,211.968400507,0.0149999137165,0.0150201289352,211.968531827,0.0150119581534,0.0150135244721,0.019982628652
2011-12-17 12:00:00,189.627360407,0.0150268587362,0.0199672586377,174.18070135,0.0162093755072,-0.0006464938791,0.0150065392405,0.0149999326768,0.0199909474898,189.274023819,83.8969116226,0.0101381056932,85.4738807056,226.16511186,148.80905291,0.0149992016211,171.694527406,211.96854354,0.0199991914224,0.0149952300369,0.0150542254659,0.0150000224228,0.0149734193816,211.968390275,0.014998807847,0.0150548048336,211.968562613,0.0150057309003,0.015003093632,0.0199750354221
2011-12-17 13:00:00,189.627376563,0.0150218114064,0.0199876300242,215.037541972,0.0162143991848,-0.000648181243895,0.0150254385696,0.014999971231,0.0199922222397,211.96856152,83.8969355234,171.693638446,85.4738799573,226.165826306,183.714744846,0.0150001589883,171.69455148,211.96855095,0.0199994310342,0.0149968201087,0.0150154681366,0.0150012835161,0.0149983941511,211.968566346,0.0150004064249,0.0150927092381,211.96855993,0.015006861474,0.0150167425162,0.0199891630267
2011-12-17 14:00:00,234.107628377,0.0150189423569,0.0199979895889,215.037809623,0.0200026761446,-0.000649728741252,0.015050542629,0.0150000723571,0.0199915295507,233.671622498,103.576390036,171.69370067,85.4738815913,226.166031786,183.714778213,0.015005629068,211.968510094,261.689518725,0.0200003398541,0.0150017011576,0.0150200533809,0.0150030937452,0.015001121349,223.744004257,0.0150174708043,0.0160874924557,211.968577546,0.0150168186393,0.0150337016778,0.0200068653095
2011-12-17 15:00:00,234.107718735,0.015020255059,0.0200009218683,215.037844978,0.0200092982768,-0.000651359199137,0.0185800993222,0.0150002592698,0.0199921856623,233.671626973,103.576411571,171.693706423,85.4738835278,226.166108127,183.714814796,0.0150087189938,211.96852939,261.689525223,0.0200006724484,0.0150371784309,0.0150620987425,0.0150047184332,211.968550502,261.689194615,0.0150199573953,0.0191408938327,211.968648988,0.0150247018841,0.0150276066702,0.0200332128503
2011-12-17 16:00:00,234.107721331,0.0150196282075,0.0200021306979,215.037846727,0.020074420683,-0.000653075543164,0.0185803004351,0.0150002935155,0.0199918237529,233.671628994,103.576416178,211.967526925,85.4738842419,226.16611315,183.714835367,0.0150080008689,211.968531855,261.689525729,0.0200008983814,0.0335043510648,0.0151239531008,0.0150060945517,211.968557861,261.689207914,177.624895484,0.0184544234471,211.96861876,0.0150292274712,0.015040647438,0.0200572796523
2011-12-17 17:00:00,234.107718967,0.0150174222057,0.0200021307854,215.037843079,0.0200774463924,-0.000654922658729,0.0185798481988,0.0150003856895,0.0199912722098,233.671629485,103.576413302,211.967536571,85.473884202,226.166114,183.714850467,0.0150058720646,211.96853424,261.689525491,0.0200008710562,0.0344986226201,0.0150853927757,0.0150058710743,211.968558909,261.689180084,177.624896821,0.0153054967341,211.968595353,0.0150289036258,0.0150713332734,0.0201001999307
2011-12-17 18:00:00,234.107716681,0.0150148352268,0.0200076811002,215.037838172,0.0200734620994,-0.000656762089773,0.0185806889814,0.0150009642318,0.0199927897983,233.671629103,103.57640628,211.967537334,85.4738838141,226.16611431,183.714859654,0.0150090269141,211.968541201,261.689525067,0.0200006202257,0.0345211520397,22.7110498547,0.0150068083751,211.968559513,261.689122968,177.624897328,0.015186195323,211.969134901,0.0150327304586,0.0150509573493,0.0256975713758
2011-12-17 19:00:00,234.107712575,0.0150081730075,0.0200048345642,215.037830665,0.0200174162274,-0.000658687216478,0.0185826538083,0.0150005173928,0.0199914457185,233.671628523,103.576391719,211.967537846,85.4738832848,226.166111996,183.714860643,0.0150072484728,211.968538299,261.689523877,0.0200003449511,0.0345587930666,0.015665028217,0.0150058672148,211.968559742,261.688947364,177.624897581,0.0151620347838,211.968820216,0.0150299705406,0.0150730789414,0.0258995777674
2011-12-17 20:00:00,234.10770698,0.0150080981117,0.0200028690648,215.03781662,0.0200096116886,-0.000660680265454,0.0185827953831,0.0150005562494,0.0199896342887,233.671627393,103.576368375,211.967537792,85.4738830913,226.166109692,183.714850235,0.0150076265428,211.968535917,261.689522613,0.0200003225467,0.0345735417246,0.015013837672,0.0150054247055,211.968559885,261.687488056,177.62489767,0.0152584822405,211.968624634,0.0150273844398,0.0151014175791,0.025839491578
2011-12-17 21:00:00,234.10771035,0.015008780278,0.0200022548562,215.037794976,0.0200106094426,-0.000662636600022,0.0185825799359,0.0150005195147,0.0199873648123,233.671626698,103.576336287,211.967537504,85.4738831555,226.166105593,183.714855976,0.0150061408478,211.968535299,261.689520124,0.0200003003603,0.0345624854623,0.0150077033945,0.015005609984,211.968559937,223.744328474,177.624897643,0.0181482799814,211.968603677,0.0150277395994,0.0151058703922,0.0256002880087
2011-12-17 22:00:00,234.10769926,0.0150079605092,0.0200014737348,215.037764177,0.0200088447766,-0.000664589936169,0.0185809605422,0.0150005415397,0.0199840593761,233.671624551,103.574734024,211.967537052,85.4738829191,226.166094598,183.714854778,0.0150052633889,211.968534478,261.689517696,0.0200001192917,0.034525481868,0.0150053643738,0.0150057107836,211.968559942,223.744003754,177.624897561,0.0191399073056,211.968581367,0.0150283243632,0.0150771382238,0.0202601186792
2011-12-17 23:00:00,234.107682213,0.015009365796,0.0200005635637,215.037730284,0.0200075414759,-0.000666569341808,0.0185754864175,0.0150005321245,0.0199789741584,233.671621115,83.8970009983,211.967535984,85.4738828607,226.166074184,183.714846914,0.0150043112508,211.968531809,261.689515006,0.0199999684154,0.0345229468996,0.0150035663508,0.0150060830727,211.968559889,223.743923524,177.624897466,0.018711859407,211.968575004,0.0150268676654,0.0151095156805,0.0201091492346
2011-12-18 00:00:00,234.107650556,0.0150079810736,0.0199996841654,215.037711136,0.0200057181879,-0.000668456465891,0.0185111195825,0.015000621516,0.0199589963551,233.671618243,83.8970467095,211.967534595,85.4738830026,226.166045098,183.71478639,0.0150038341357,211.968531387,261.689505444,0.0199999247659,0.0345167892301,0.0150015875259,0.0150073479131,211.968559905,223.743896279,177.62489738,0.0151624396808,211.968602669,0.0150340895934,0.0151291295981,0.0201257123138
2011-12-18 01:00:00,234.107668572,0.0150083642657,0.0199990717355,215.037701712,0.0200053480098,-0.000670273874298,0.0185296768625,0.0150004811213,0.0199623865753,233.671613332,83.8970034268,211.967532912,85.4738829943,226.166009744,183.714762574,0.0150029116688,211.96852024,261.689477479,0.0199998229898,0.0345067507457,0.0150015269503,0.0150096921224,211.968559836,223.743873944,177.624897304,0.0179829297242,211.968569185,0.0150267994876,0.0151622493393,0.0200802703191
2011-12-18 02:00:00,234.107691076,0.0150090314215,0.0199984482832,215.037694796,0.0200052648854,-0.000672056693179,0.0185602756033,0.0150004819453,0.01996311894,233.671611004,83.8969752306,211.967531329,85.4738829258,226.165994284,183.714778,0.0150042137758,211.968521702,261.689409861,0.0199998088988,0.0344972792798,0.0150016845083,0.0150138092623,211.968559818,223.74386986,177.624897181,0.0189472661704,211.968565149,0.0150167493537,0.015148784725,0.0200612541324
2011-12-18 03:00:00,234.107705512,0.0150100540248,0.0199978085061,215.037692139,0.0200053258318,-0.000673829128232,0.0185661683479,0.0150006820486,0.0199547319584,233.671603296,83.8983710633,211.967529587,85.4738827734,226.165987454,183.71478899,0.0150058874223,211.968529312,261.689262123,0.019999830129,0.0344926938852,0.0150018912809,0.0150166256835,211.968559788,223.743868081,177.624897122,0.0193177458899,211.968578905,0.0150103004527,0.0152286609308,0.0200491112577
2011-12-18 04:00:00,234.107713516,0.0150099214985,0.0199974817286,215.037692428,0.0200063474434,-0.000675539898999,0.0185632352964,0.0150008063211,0.0199547757165,233.671602595,103.576315764,211.967528139,85.4738828243,226.165997131,183.714792608,0.0150071425318,211.968534139,261.687870062,0.01999984548,0.0344850787241,0.0150021182413,0.0150176230851,211.968559776,223.743875686,177.624897093,0.0195336480852,211.968591343,0.0150094821195,0.0152529645017,0.0200361312651
2011-12-18 05:00:00,234.107717806,0.015009064923,0.0199977237072,215.037698239,0.0200071709473,-0.000677241444692,0.0185464954112,0.0150010538059,0.019961070263,233.671607738,103.576364587,211.967526441,85.4738823576,226.166013753,183.714791403,0.0150098267107,211.968537856,261.689425262,0.0199998299416,0.0344723823816,0.0150024447655,0.0150164815071,211.968559805,223.743914661,177.62489712,0.0195302491416,211.968652542,0.0150103029228,0.0155462661518,0.0200229998417
2011-12-18 06:00:00,234.107725338,0.0150082892785,0.0199983324443,215.037704832,0.0200091940842,-0.000678907069394,0.0170613950077,0.0150013160283,0.0199790538922,233.671608523,103.576395326,211.967523983,85.4738817062,226.166004315,183.714782449,0.0184911820936,211.96853961,261.689476471,0.0200000312638,0.0343142317199,0.0150049616542,0.0150133653395,211.968559798,223.74404313,177.624897084,0.0152616039249,211.96911929,0.0150142680092,0.0174183069724,0.0200086215098
2011-12-18 07:00:00,234.107729783,0.0150070694732,0.0199985642449,174.180585461,0.0201025527725,-0.000680443171153,0.018545124327,0.0150009812447,0.0199767400053,189.274001435,83.8968744249,211.9675192,85.4738819536,226.165988446,148.809028033,0.0150404793018,211.968536948,211.968499214,0.0200000138982,0.0344515865312,0.0150048829311,0.0150108459995,211.968557911,223.746578499,177.624896988,0.0151092196795,211.969129352,0.0150151131069,0.0180476044142,0.020001710692
2011-12-18 08:00:00,175.581161585,0.0150054861176,0.0199985002866,161.278078074,0.0201034002832,-0.000681855356892,0.0185743820042,0.0150011079391,0.0199427194666,0.0150970581876,83.8968437701,211.967514797,85.4738720241,169.624840359,148.808986947,0.0149940622169,171.694435272,211.96841188,0.0199998522799,0.0344900923457,0.0150044250807,0.0150101645415,171.694533009,181.23256301,177.624894148,0.0150218804989,171.695024232,0.0150168408612,0.0178464508702,0.0199889572223
2011-12-18 09:00:00,175.581094745,0.0150041429967,0.0198605488115,0.0100322695883,0.0200001520837,-0.000683444731234,0.0150203796878,0.0150007660357,0.0199426250476,0.0100185628801,83.8968400871,171.693663824,85.4738668288,0.0100441695012,0.0200082734214,0.0149939208309,0.0100250591808,0.0100303059335,0.0199991498959,0.0345023683498,0.01500513302,0.0150081604934,171.694531717,0.0101929834362,143.876165236,0.0149897666501,171.6947205,0.0150225881528,0.0153333176897,0.0199760869313
2011-12-18 10:00:00,0.0150804104617,0.0150030513582,0.0198380213074,0.0100192028862,0.0162899465396,-0.00068512524352,0.0150009205449,0.0150001457162,0.0199440831483,0.0100230616921,83.8968815181,92.2073333225,85.4738522628,0.0100206453989,0.0199809629084,0.014994369688,0.0100125292987,0.0100130965688,0.0199989689293,0.0343745363967,0.0150065118567,0.0150061084629,171.694519524,0.0100569084286,0.0150266067228,0.0149502184244,171.694472886,0.0150274256645,0.0151887990612,0.0199636124334
2011-12-18 11:00:00,175.580949574,0.0150026260115,0.0198405525117,0.0100248770852,0.0162864684028,-0.00068691723876,0.014999162263,0.0150000855835,0.019945762091,175.254138886,83.8968960628,0.0100056266859,85.4738286305,0.0100307724522,148.809006181,0.0149958551202,0.010036942469,0.0100716703232,0.0199990782913,0.0344312413513,0.0150104961652,0.0150052433224,171.694526301,0.0100855825053,0.0100069271364,0.0149362181512,171.694695642,0.0150313918628,0.0150523300197,0.0199604811533
2011-12-18 12:00:00,175.581160313,0.0150021027771,0.0199816281266,0.0101231262753,0.016287663456,-0.000688650953752,0.0149997893999,0.0150007488571,0.0199737157298,189.274006025,83.8969221717,0.0100057734574,85.4738213058,169.624084595,148.809034169,0.0149994260735,171.694510632,211.968477932,0.0199993882858,0.0344508337013,0.0150360928165,0.0150059078929,171.694532315,181.232143522,0.0100050437971,0.0149472943791,171.695027843,0.0150425890316,0.0150228389579,0.0199566859002
2011-12-18 13:00:00,189.627324764,0.0150015529398,0.019989394648,174.180508591,0.0164721145324,-0.000690386154435,0.0150167362357,0.0150021390991,0.0199828103838,189.274022932,103.576407578,0.0100054229099,85.4738538776,183.194361596,148.809053759,0.0150054730051,171.694524092,211.96850297,0.0199995316315,0.0344874978549,0.0150408573635,0.0150068708492,171.694533602,181.232594354,0.014996855863,0.0150036170945,171.695048201,0.0150423687594,0.0150150256261,0.0199662731176
2011-12-18 14:00:00,234.107721504,0.0150011302425,0.019997841199,215.037588586,0.0200062940595,-0.000692002885082,0.0150536217187,0.0151106355887,0.0199879365977,233.671784352,211.968360305,0.0149097859635,85.4738786754,226.165839571,226.808326756,107.019023303,211.968565087,261.68951762,0.0200003702717,0.0345005159608,22.7090710034,0.0150095726205,171.694536491,223.743412463,143.876162157,0.015065328304,211.969171741,0.0150459716502,0.0150250814066,0.01997769968
2011-12-18 15:00:00,234.107883354,0.015001420081,0.0200006970802,215.037735563,0.0459809353913,-0.000693661618181,0.0200052338498,0.0344815996449,0.0199900022801,233.671871162,211.968374929,171.69366557,85.4738836881,226.165889045,226.80834477,211.967715015,211.968575081,261.68954236,0.020000645484,0.0345364629433,22.7110472299,0.0150137224654,211.968572931,223.743921974,143.876166765,0.0153719161884,211.969221512,0.0150480806894,0.0150153330341,0.019981614075
2011-12-18 16:00:00,234.108028259,0.0150018832074,0.0200019639252,215.037748566,0.0459925590254,-0.000695409142609,0.0342840092503,0.0344827248774,0.0199905850873,233.671897164,211.968380265,211.967320049,85.4738842575,226.165893537,226.808349175,211.968357097,211.968578159,261.689547174,0.0200008150446,0.0346139468589,22.711089029,0.0150186848198,211.968573806,223.743931998,177.62490955,0.0462605198541,211.969231374,0.0150434013487,0.015014943229,0.0199805623461
2011-12-18 17:00:00,234.10805545,0.0150026348829,0.0200026939614,215.03775219,0.045993245313,-0.000697318978708,0.0345132960701,0.0344833002286,0.0199910512672,233.671903797,211.968379859,211.967549425,85.4738841854,226.165893451,226.808351051,211.968478046,211.968579938,261.689549123,0.0200007661554,0.0389718173829,52.2084591983,0.0150142423406,211.968574082,223.743935584,177.624910861,0.0483392575733,211.969237597,0.0150342750931,0.0150068220916,0.019979058454
2011-12-18 18:00:00,234.108023042,0.0150091564417,0.0200142583252,215.037753665,0.0459935270649,-0.000699163761084,0.0345338713926,0.034483442833,0.0199918764586,233.671906112,211.968369329,211.96755294,85.4738839781,226.165892819,226.808351065,211.968425799,211.968580704,261.689550353,0.0200007731004,211.968529048,22.7115774267,0.0150081645374,211.968574269,223.743938884,177.624911249,0.0486916869535,211.969241315,0.0150178342802,0.0150039616045,0.0199739527759
2011-12-18 19:00:00,234.107887261,0.015007527751,0.0200042919123,215.037753539,0.0459928478184,-0.000701072900835,0.0345376949217,0.0344839216907,0.0199917988077,233.671906293,211.968363813,211.967554495,85.4738836463,226.165891247,226.808351255,211.968501393,211.968580864,261.689550445,0.0200005315903,211.968471955,22.7110505781,0.0150055935045,211.96857431,223.74393564,177.624911507,0.0487369839927,211.969244192,0.0150121953901,0.0150028690659,0.0199641944175
2011-12-18 20:00:00,234.107793798,0.0150096197155,0.0200019385751,215.03775087,0.0459925298633,-0.000703011603538,0.0345406970479,0.0344847887028,0.0199907076456,233.671904989,211.968356119,211.967555324,85.4738834613,226.165890535,226.808351469,211.968517307,211.968580139,261.689550683,0.0200005058732,211.968543583,22.7110024358,0.0150045821663,211.968574271,223.743926019,177.624911617,0.0487734875395,211.969243663,0.0150076476302,0.014992708462,0.0199435263316
2011-12-18 21:00:00,234.107816419,0.0150104803614,0.020001034064,215.037735357,0.0459943442097,-0.000704997460732,0.0345425856321,0.0344843591834,0.0199889114982,233.671905647,211.968342675,211.967555606,85.4738834451,226.165883694,226.808351136,211.96852377,211.968579307,261.689550279,0.0200004897269,0.04352494646,0.0152578600941,0.0150029094596,211.968574213,223.74390793,177.624911597,0.0488021377958,211.96924059,0.0150039566469,0.0149894327005,0.019903364131
2011-12-18 22:00:00,234.107758754,0.0150104353756,0.0200002369107,215.037716441,0.0459949615099,-0.000707057866491,0.0345431899756,0.0344837424786,0.0199861445769,233.671895306,211.968263442,211.967555478,85.4738830347,226.165858447,226.808349993,211.968527032,211.968577589,261.68954928,0.0200002695184,0.034546237624,0.0150146424459,0.0150015283965,211.968574122,223.743876302,177.624911465,0.0488260571056,211.969232129,0.015002003467,0.0149886489494,0.0198504941216
2011-12-18 23:00:00,234.107749049,0.0150135203119,0.0199997071854,215.037694692,0.0459952711757,-0.000709070600312,0.0345403508994,0.0344833454437,0.0199840391258,233.671846554,103.577239583,211.967554843,85.4738831529,226.165827356,226.8083488,211.968529227,211.968574613,261.689546931,0.0200001121972,0.0345056860253,0.0150054690694,0.0150002568514,211.968573982,223.743851876,177.624911305,0.0488650010625,211.969228222,0.0150007655418,0.0149871204526,0.0197998078146
2011-12-19 00:00:00,234.10773969,0.0150114207685,0.020000149375,215.037679885,0.0459967044234,-0.000711023963201,0.0345425362233,0.0344834427697,0.0199859094608,233.671776647,103.576505073,211.967553857,85.4738835119,226.16576718,226.808348778,211.968530571,211.968574665,261.689538338,0.0200001055857,0.0344391313315,0.0150029815797,0.0149996226893,211.968573786,223.743834945,177.624911148,0.0488860753366,211.969201111,0.0149985163585,0.0149849057479,0.0197154996627
2011-12-19 01:00:00,234.107737441,0.0150162794835,0.0200004635443,215.037673514,0.0459976837648,-0.000712870313032,0.0345448621874,0.0344830488223,0.0199867482427,233.671755056,103.576442434,211.967552411,85.4738837979,226.165705607,226.808347898,211.968531267,211.968571805,261.689507574,0.0200000492135,0.0150977396303,0.0150023279709,0.0149994765811,211.968573777,223.743820388,177.624911095,0.0488944531272,211.969176557,0.0149989235748,0.0149823515264,0.0196947945885
2011-12-19 02:00:00,234.107736282,0.0150181618785,0.0200008859826,215.037672157,0.0459976347472,-0.000714669391578,0.0345425230684,0.0344828222189,0.0199887081907,233.671750044,103.576417548,211.967551421,85.4738838314,226.165666686,226.80834604,211.968531389,211.968568175,261.689462556,0.0200001115504,0.0150195482034,0.0150024905305,0.014999423327,211.968573778,223.743814344,177.624911105,0.0488949509193,211.969182247,0.0149988268021,0.0149844841982,0.0196988286515
2011-12-19 03:00:00,234.107743797,0.0150205170124,0.0200025415841,215.037670577,0.0459988935966,-0.000716307697942,0.0345437819947,0.0344827007419,0.019990231332,233.671753119,103.576408617,211.967550869,85.473883713,226.165669499,226.808347067,211.968531722,211.968567353,261.689343906,0.0200003202862,0.0150093327651,0.015003163733,0.0149994057023,211.968573789,223.743829017,177.624911237,0.0488837008532,211.969224218,0.0149989931604,0.0149919792242,0.0198105827917
2011-12-19 04:00:00,234.1079671,0.0150241925157,0.020009593892,215.0376803,0.0460000435592,-0.000717949819236,0.0345476788907,0.034482122802,0.0199922455819,233.671760764,103.576411429,211.967550809,85.4738842522,226.165743529,226.808350744,211.968532344,211.968571453,261.689489374,0.0200007440104,0.0150046970568,0.0150066091967,0.0149996141978,211.968573922,223.743860361,177.624911507,0.0488784703181,211.969247271,0.0150013153575,0.0150006435137,0.019943329227
2011-12-19 05:00:00,234.108157567,0.0150283794583,0.024618805732,215.03771359,0.0460011251611,-0.000719204237817,0.0345508972792,0.0344815497605,0.0199952640179,233.671853757,103.576452508,211.967550977,85.473884434,226.165819994,226.808353721,211.968533337,211.96857926,261.689540588,0.0200021765597,0.015002791534,22.7110960241,0.0150002887632,211.968574219,223.74394616,177.624911785,0.0488552094768,211.969263494,0.0150056641662,0.015011089463,0.0199779070123
2011-12-19 06:00:00,234.108166935,0.034501947771,0.0459225379405,215.037745062,0.0460055867395,-0.000720121085283,0.0345560587304,0.0344830411755,0.0199974401747,233.671906767,103.576507678,211.967552599,85.4738853914,226.165832345,226.808354444,211.968533458,211.968581012,261.689548782,0.0200316486855,0.0150035959936,52.2087555424,0.0150012149014,211.968574349,223.743961608,177.624911891,0.0488327040227,211.969267966,0.015010749074,0.0150221351952,0.0199898672406
2011-12-19 07:00:00,234.108169479,0.0325603711071,0.0459397018313,215.037682223,0.0460025778542,-0.00072152925789,0.0345532309048,0.034483186235,0.0199978041367,233.671779432,103.576405569,211.967553175,85.4738859168,226.165857709,183.714769935,211.968532926,211.96857134,211.968543273,0.0246315304641,0.0150080195111,52.2087551727,0.0150017214435,211.968573461,223.743964867,177.624911799,0.0487875554542,211.969269517,0.0150110650298,0.0150203039028,0.0199961849174
2011-12-19 08:00:00,211.968529646,0.0153190252066,0.0246358744138,215.037657302,0.0459989832478,-0.000723433689389,0.0345475540853,0.0344826185278,0.0199705498552,233.671884862,103.576389833,211.967554113,85.4738793069,226.165729069,183.714768965,171.694509861,171.694563025,211.968537434,0.0200017776725,0.0150140669225,52.208751483,0.0150018234558,171.694544422,223.743856027,177.624910688,0.0486773658062,171.695130436,0.0150107497481,0.0150188952138,0.0199937315003
2011-12-19 09:00:00,189.627625798,0.02668514936,0.0199929930988,215.037644369,0.0459864491933,-0.000725380325182,0.0150407969432,0.0344788443188,0.0199649158913,233.671862099,103.576386085,171.69372092,85.4738743281,226.165745201,183.71476853,171.694474658,171.694559251,211.968531763,0.0199997904674,0.0150244973876,52.2087495783,0.0150016377336,158.976470951,223.743870465,143.876177732,0.0213978584966,171.695117364,0.0150097403366,0.0150095300947,0.0199912522323
2011-12-19 10:00:00,189.627618205,0.0343916747623,0.0199891405727,215.037608378,0.0200176707962,-0.000727219214217,0.0150314856039,0.0150030810522,0.0199668122881,233.67178446,103.576384793,171.693714495,85.4738288104,226.165284042,183.714768733,107.019229435,171.694558783,211.96853208,0.0199994358657,0.0150225049204,52.2087486295,0.0150014151916,0.0150011885574,223.743808601,143.876171093,0.0210621843352,171.695115969,0.0150086452621,0.0150086662847,0.0199880430016
2011-12-19 11:00:00,189.62761503,0.0345070601725,0.019986400304,215.037658131,0.0200089114752,-0.00072909396595,0.0150266247245,0.0150009250464,0.0199785069147,233.671722956,103.576384064,92.207167112,64.1059800219,226.164300987,183.714770185,171.694424725,171.694561475,211.96854111,0.0199995038624,0.0150143416086,52.2087490425,0.0150013376932,0.0150003203158,223.743700609,0.0150019295217,0.0206807419707,171.695120896,0.0150079874387,0.0150088496664,0.0199916611517
2011-12-19 12:00:00,189.627627406,0.0344690521249,0.0199917426838,215.037710438,0.0200075648242,-0.000731044858511,0.015029803292,0.0150009898663,0.0199977215299,233.671730426,103.576383077,0.0100079143433,64.106296913,226.165444087,183.714776169,171.694510841,211.963112957,211.968552387,0.0200000978883,0.0150073995502,52.2087575776,0.0150014210826,158.976383186,223.743859863,0.0149957836959,0.0202835971871,211.968409661,0.0150059009981,0.0150085535722,0.0199945670574
2011-12-19 13:00:00,211.968556441,0.0345294643587,0.0199954058061,215.037728671,0.0200074864322,-0.000732847382809,0.0150331012669,0.0150004548405,0.0200070275775,233.67178775,103.576414283,0.0100192971678,85.47386409,226.165679434,183.714827116,171.694523039,211.968547739,211.969734063,0.0200007899788,0.0150083447651,52.2087570125,0.0150022805083,171.694544494,223.743874846,77.2668091251,0.0200173668977,211.969249298,0.0150071663527,0.0150129207266,0.0199999703951
2011-12-19 14:00:00,234.107798394,0.0345353919033,0.0200000592932,215.037753311,0.0200078953727,-0.000734444853417,0.018534314876,0.0150002391555,0.0200360647717,233.671920309,127.872066379,171.693636699,85.473880021,226.165844958,226.808353838,246.02074889,211.968569258,261.689608163,0.0200085037034,0.0150102367357,52.2087563488,0.0150037315233,171.694547856,223.743948065,143.876176993,0.0261683066362,211.96927626,0.0150077960578,0.0150159416916,0.020008215996
2011-12-19 15:00:00,234.108217181,0.0345382726416,0.020000270062,215.037765849,0.0200087327813,-0.000736135241996,0.0151710407018,0.0150002172047,0.0201850440931,233.671923583,127.872071274,171.693721026,85.47388582,226.165890256,226.80836181,246.020754445,211.968580258,261.689621429,0.0246664640497,0.0150137742191,52.2087557353,0.015005873893,234.425243341,223.743964597,143.876179045,0.0264108314822,211.969279147,0.0150066866366,0.0150179603688,0.0200068172515
2011-12-19 16:00:00,234.108219811,0.0345395183445,0.0199999263621,215.037767612,0.0200085195745,-0.000737955790405,0.0150427522515,0.0150001997008,0.0215514538571,233.67192542,127.872070991,211.968148069,85.4738862006,226.165895886,226.808364384,246.02075609,211.96858119,261.689625959,0.0201041024521,0.015026126058,52.2087544746,0.015009716649,234.425244031,223.743966036,177.624912292,0.025483583224,211.969280004,0.0150060457466,0.0150113402164,0.020005699461
2011-12-19 17:00:00,234.108219384,0.0345407473973,0.0199990454805,215.037762948,0.0200080383177,-0.000739825799843,0.015036445034,0.0150001806916,211.967991765,233.671925935,127.872069272,211.96851249,85.4738861115,226.165892874,226.808364758,246.020756738,211.968579965,261.689628111,0.0200075093805,0.0150556222869,52.2087518553,0.0150119505204,234.425244206,223.743964773,177.624912873,0.0181495478772,211.969280271,0.0150053417751,0.0150125690946,0.0200038725317
2011-12-19 18:00:00,234.108217928,0.0345436019239,0.0199993117539,215.037760973,0.0200069017853,-0.000741802116684,0.0150383969025,0.015000806765,211.968320264,233.671925857,127.872066347,211.968516022,85.4738856439,226.165887471,226.808364458,246.020757172,211.968583158,261.68962918,0.0200048798172,0.015016271565,52.2087567794,0.0150142049064,234.425244282,223.743962891,177.624913037,0.0179022814604,211.969280653,0.0150045528107,0.0150079765052,0.0200016202143
2011-12-19 19:00:00,234.108203687,0.0345411129355,0.0199980165672,215.037755517,0.0200054913727,-0.000743778069496,0.0150314029033,0.0150003464179,211.968327754,233.67192452,127.872055642,211.968517277,85.4738850078,226.165879673,226.808362813,246.020756906,211.96857891,261.689629732,0.020002342848,0.0150170536316,52.208749063,0.0150091021596,234.425244288,223.743955994,177.624913096,0.0176537618723,211.969279196,0.0150039423432,0.0150032593765,0.0199974672102
2011-12-19 20:00:00,234.107923941,0.0345409731778,0.0199969988748,215.037744711,0.0200050331977,-0.000745771665474,0.0150293379271,0.015000114449,211.968326824,233.67192205,127.872013356,211.96851767,85.4738847591,226.165882684,226.808361638,246.020755933,211.968572924,261.689629898,0.0200016488886,0.0150161781645,52.2087394195,0.0150051410892,234.42524421,223.743943106,177.624913042,0.0175836162725,211.969274283,0.0150031211605,0.014992823477,0.0199850795981
2011-12-19 21:00:00,234.107862531,0.0345392234124,0.019995774483,215.037731864,0.020006568554,-0.000747831753261,0.0150295997426,0.015000023057,211.968309666,233.671921023,103.576559606,211.968517857,85.4738846937,226.165883623,226.808359392,246.020754957,211.968569724,261.689629893,0.0200012763567,0.0150116306542,52.2087295733,0.0150029396224,234.425244072,223.743922517,177.624912924,0.0175320648646,211.969266498,0.0150021905453,0.0149926030229,0.0199727067657
2011-12-19 22:00:00,234.107749962,0.0345341638419,0.0199945752133,215.037698804,0.0200071929015,-0.000749926160281,0.0150305968322,0.0149999406559,211.96805583,233.671912137,103.57640726,211.968517662,85.4738842307,226.165866531,226.808353946,246.020754098,211.96856586,261.689629794,0.0200007703143,0.0150083306925,52.2087093112,0.0150018172726,234.425243845,223.743890195,177.6249127,0.0174847263214,211.969242114,0.015001074878,0.014986316214,0.0199730367668
2011-12-19 23:00:00,234.107741685,0.0345257096206,0.0199937372003,215.037669094,0.0200074091389,-0.000752026687561,0.0150307084136,0.0149998804812,171.694432448,233.671879877,103.576393623,211.968516589,85.4738841582,226.165839014,226.808331727,246.020753907,211.968560542,261.689628729,0.0200004058114,0.015009494355,52.2086985039,0.0150015577007,234.425243522,223.743857141,177.624912434,0.0174949969975,211.969188677,0.015000079303,0.0149851359481,0.0199835313576
2011-12-20 00:00:00,234.1077402,0.0345153241406,0.0199940971451,215.037654355,0.0200079853581,-0.000754006522474,0.0150316835144,0.0149998693502,211.968159479,233.67182082,103.576391229,211.968515202,85.4738843493,226.165807347,226.808200576,246.020754536,211.968559342,261.689624365,0.020000328203,0.0150265862237,52.2087157158,0.0150034865978,234.425243385,223.743835501,177.624912203,0.0174878422714,211.968982171,0.0149994739865,0.0149870933394,0.0199974913296
2011-12-20 01:00:00,234.107735205,0.034518079674,0.0199937890251,215.037645685,0.0200071339552,-0.000755885476054,0.0150317522166,0.0149998239107,211.96809854,233.671782693,103.576382054,211.968513499,85.4738842629,226.165788486,226.808287132,246.020754207,211.968551666,261.689613776,0.0200001890885,0.0150424321904,52.2087128989,0.0150035801957,234.42524312,223.743824479,177.624912007,0.0174946264053,211.968708922,0.0149996572463,0.0149904472141,0.0200144347131
2011-12-20 02:00:00,234.107735036,0.0345183231811,0.019993644361,215.037639531,0.0200070116054,-0.000757685302402,0.0150335190797,0.0149998129919,211.968282649,233.671767745,103.576374636,211.968512284,85.4738839625,226.165796182,226.808335296,246.020754028,211.968546985,261.689595286,0.020000190609,0.0150598799962,52.2087243011,0.0150034453083,234.425242941,223.743822093,177.624911885,0.0175007801744,211.968906558,0.015000059499,0.0149901303654,0.0200515109383
2011-12-20 03:00:00,234.107740047,0.0345273638998,0.0199947283728,215.037639848,0.0200068026859,-0.000759406745578,0.0150382206924,0.0149997945857,211.968333769,233.671774041,103.576390174,211.968511217,85.4738837098,226.165826136,226.80835881,246.02075489,211.968551397,261.689572046,0.0200004474523,0.0150889788213,52.208734199,0.0150031793108,234.425242952,223.743830271,177.624912005,0.0175315225039,211.969111525,0.0150008994004,0.0150009510018,0.0201613314218
2011-12-20 04:00:00,234.107804648,0.034537422315,0.019996020227,215.037647876,0.0200074446589,-0.000760973560526,0.0150450903782,0.014999779517,211.968345323,233.671800025,103.576421368,211.96851085,85.4738842865,226.165855392,226.80836595,246.020756341,211.968558894,261.689603428,0.0200008177481,0.0151227162574,52.2087382433,0.0150031015774,234.425243171,223.743859684,177.624912391,0.0175745618387,211.969233209,0.0150032960627,0.0150325982652,0.0204230123991
2011-12-20 05:00:00,234.108214854,0.0345407251579,0.0199983286025,215.037667492,0.0200076777224,-0.000762204973629,0.0150670585143,0.0149997978598,211.968350621,233.67189816,127.871934058,211.968511318,85.4738847052,226.165882774,226.808369436,246.02075797,211.968573928,261.689626331,0.0200023558921,0.0153297879572,52.2087447345,0.0150042527212,234.425243669,223.743905879,177.624912776,0.0177156584822,211.969268985,0.0150069280761,0.0152193348455,0.0227944642278
2011-12-20 06:00:00,234.108225103,0.0345455418027,0.0200011706552,215.037681834,0.0200080583091,-0.000763073822977,0.0185141056215,0.0149999322603,211.968354308,233.671915877,127.871927709,211.96851281,85.4738857843,226.165887941,226.808370384,246.020758199,211.968582744,261.689631379,0.0246854764846,0.0163709095654,120.019343145,0.0150159857751,234.425243845,223.743908322,177.624912879,0.0183345579155,211.969276478,0.0150103525112,0.0154365568292,211.971648434
2011-12-20 07:00:00,234.108225114,0.0345461026913,0.0200035417365,215.03761772,0.0200080011915,-0.000764457990026,0.0185645962917,0.015000048843,211.968354485,233.671711031,103.576296447,211.96851375,85.4738861734,226.165885698,183.714796183,246.020757356,211.968579867,261.689615381,0.0246876990324,0.0344914274784,114.320708494,0.0150579001943,234.425242702,223.743892768,177.62491277,0.0183968783255,211.969275994,0.0150120912054,0.0157553193064,211.972060437
2011-12-20 08:00:00,189.627658634,0.0345451544505,0.0200038350591,174.18052894,0.0200073071474,-0.000766415322613,0.0185784282864,0.0150003766823,171.694367679,233.671705578,103.57625342,211.968514906,85.4738851861,183.194297538,183.714785742,199.276812306,171.694557059,211.968614776,0.0200076837148,0.0345205728359,52.2087803293,0.0161682697787,189.884446599,181.232461503,177.62491157,0.0207072687052,171.695119223,0.0150154921385,0.0163376456558,211.972163026
2011-12-20 09:00:00,175.583379444,0.0345440934868,0.019992481477,174.180498531,0.0200054020693,-0.000768278890961,0.015256178062,0.0150005531753,171.694360998,233.671694817,103.575466685,171.694498389,85.4738852195,0.0146252163449,183.714784505,199.27679375,171.694550828,211.968609076,0.0200022904507,0.0347164806591,52.2088115202,0.0344567069391,175.818926518,181.229932097,143.876178901,0.0181970474013,171.695094416,0.0150249640076,0.0253126664517,211.972282832
2011-12-20 10:00:00,175.581326964,0.034542676217,0.019988607228,174.180416225,0.0200050488899,-0.000770217811428,0.0150799035073,0.0150003426931,171.694344126,233.671678047,103.575353286,171.694492955,85.4738851118,0.0100449681318,183.714784852,184.512952172,171.694415018,211.968607275,0.020002813134,0.0345260892676,52.2089818115,0.0344790668691,0.0150007024977,0.0101772443945,143.87617799,0.0180252983624,171.695026891,0.0150689655115,0.039268160393,211.972509265
2011-12-20 11:00:00,175.581878911,0.0345418248234,0.0199856889539,161.279494718,0.0200054327151,-0.000772031694463,0.0150621492295,0.015000532539,171.694361569,233.671698184,103.575458597,171.694475581,85.4738850051,0.0100946011421,183.714787483,199.276780681,171.694504,211.968606858,0.0200044783879,0.0345043511983,120.019549035,0.0344872393236,0.015003775001,120.752505899,143.876175803,0.0181015026769,171.695077069,0.0151563085067,0.0398318663901,237.968276831
2011-12-20 12:00:00,189.627668931,0.034540201042,0.0199874720009,174.180477638,0.0200076753479,-0.000773863418904,0.015066841513,0.0150009687443,171.694370075,233.671745204,103.57628369,158.976375167,85.4738853788,169.624766171,183.714811213,199.276813785,171.694554615,211.968609627,0.0246938933106,0.0344964628877,211.968533775,0.0345035885884,189.884443377,181.232424525,143.876174301,0.0207962868554,171.695123635,0.0152188435534,211.964895765,237.961055162
2011-12-20 13:00:00,211.968611597,0.034542518159,0.0199923323728,174.180518056,0.0200090778373,-0.000775542235688,0.015069792054,0.0150028488891,211.968509311,233.671895108,103.576308436,158.976599493,85.4738854296,183.194371713,226.808367614,199.276821114,171.694564859,211.968667548,0.0247001917793,0.0345270621274,211.968546864,0.0345271584263,189.884447361,181.232470713,143.87617753,0.018854382368,171.695217219,0.0154622582602,211.968360671,237.971619182
2011-12-20 14:00:00,234.108260088,0.0345426516215,0.019998190898,215.037613631,0.020019792275,-0.000777090232648,0.0151610084519,0.0344800256697,211.968553052,233.671917195,103.576730351,171.694492874,85.4738854567,226.165860306,226.808373071,246.020759599,211.968592645,261.689632989,0.0247022624527,0.0345306828909,211.96855148,0.0345727660649,211.968456907,223.743653166,143.87617839,0.0187852120466,261.684585781,0.0322641844504,211.968468809,237.972146431
2011-12-20 15:00:00,234.1082792,0.0345417612495,0.0199999078803,215.037653179,0.0459769531392,-0.000778815591258,0.0200097516142,0.0344842375256,211.968558093,233.67191853,138.098326562,171.694501084,85.4738860013,226.165926216,226.808373908,246.020761739,211.968597643,261.689636659,0.0247024087983,0.0344964072489,211.968552444,0.0353545566069,234.425244529,223.743789194,143.876179949,0.022014637127,261.684615878,0.0352590050081,211.968584764,237.972283115
2011-12-20 16:00:00,234.108281054,0.0345399984537,0.0200002736346,215.037656148,0.045989007479,-0.000780698826921,0.0345260902326,0.0345184935626,211.96855694,233.671919492,138.098338438,211.968508865,85.4738863343,226.165933577,226.808374014,246.020762396,211.968598917,261.689637573,0.0247023053595,0.034236266238,211.968552746,211.968443595,234.425244853,223.743792435,177.624911565,0.0220153968675,261.684623889,0.0354020686226,211.96862811,237.972310713
2011-12-20 17:00:00,234.108279877,0.0345385845917,0.019999899589,215.037654542,0.0459914906434,-0.000782709323112,0.0345775694384,211.968534476,211.96855492,233.671918714,138.098342083,211.968525667,85.4738861291,226.165936195,226.808373682,246.020762702,211.968599464,261.689637691,0.0247010064128,0.0150434945656,211.968552462,211.968199181,234.425244942,223.743793116,177.624911871,0.0256572260947,261.68462729,0.0354693805432,211.968630356,237.972312581
2011-12-20 18:00:00,234.108276388,0.034543016299,0.0200007099719,215.03765494,0.0459923334937,-0.000784644060004,0.0341804619303,0.0344899784818,211.968555918,233.671917026,138.09834552,211.968527154,85.4738855518,226.165937555,226.80837302,246.02076256,211.968599793,261.689637324,0.0247005249546,0.0150220612243,211.968553008,0.0351819337481,234.425244966,223.74379314,177.624911877,0.0229195053519,261.684629904,0.0354926985462,211.968612427,237.972376844
2011-12-20 19:00:00,234.108271607,0.0345413371613,0.0200003980629,215.037651133,0.0459929787949,-0.00078668133915,0.0339426209734,0.0344866156004,211.968555014,233.671912939,138.098341446,211.968527867,85.4738849428,226.165937678,226.808371444,246.020762172,211.968599705,261.68963694,0.0246929938009,0.0150203080059,211.968550873,0.0345198201166,234.425244941,223.743792133,177.624911879,0.0199578692956,261.684630988,0.0355481081346,211.968568992,237.972356905
2011-12-20 20:00:00,234.10825563,0.0345422528666,0.0200013535635,215.037648039,0.0459921805189,-0.00078872042697,0.0345962471818,0.034484704619,211.96855092,233.671907633,138.098328487,211.968527965,85.4738846112,226.165937996,226.808367337,246.020761124,211.96859941,261.689636098,0.0200193487386,0.0150112163845,211.96854639,0.0345028065043,234.425244852,223.743786905,177.624911781,0.0202413655761,261.684630096,0.0356388890294,211.968346912,237.972202732
2011-12-20 21:00:00,234.108244651,0.0345414754894,0.0200008677189,215.037641626,0.04599248089,-0.000790886237805,0.0346125493895,0.0344842131716,211.968539678,233.671899264,138.098279456,211.968527859,85.4738844951,226.165935962,226.808357191,246.020758173,211.968598882,261.68963528,0.0200088102526,0.0150062614677,211.968529099,0.0344997202464,234.425244653,223.743781629,177.624911503,0.0228657039825,261.684628673,0.0357074523244,211.966487067,237.949232397
2011-12-20 22:00:00,234.107822801,0.0345395026614,0.0200008815835,215.03762937,0.0459904412715,-0.000793026097772,0.0376706506233,0.034483393176,211.968533722,233.671876542,111.859709082,211.96852739,85.473883913,226.165930267,226.808344152,246.020749712,211.968597634,261.689633533,0.0200060190772,0.0150028780779,211.967992474,0.0344918230916,234.425244284,223.743773394,177.624911124,211.965964534,261.684625021,0.0357237071253,171.69516702,211.972519384
2011-12-20 23:00:00,234.107758409,0.0345392114156,0.0200011009946,215.03761405,0.0459864970257,-0.000795107117436,0.0346673956903,0.034481205742,211.968531366,233.671781265,111.859684507,211.968525953,85.473883804,226.165920637,183.717738182,246.020708058,211.968594931,261.689631564,0.0200040943358,0.015001649232,120.019639566,0.0344717072148,234.425243805,223.743763894,177.624910664,211.967918363,261.684621771,0.0357348139223,171.695442416,211.972435323
2011-12-21 00:00:00,234.107741308,0.0345278078298,0.0200064176022,215.037603858,0.0459554827533,-0.000797056357175,0.0347417704922,0.0150063978634,211.968532675,233.671736821,111.859723608,211.968524289,85.4738837577,226.165910102,183.71498663,246.020665334,211.968592335,261.689626271,0.0200049073195,0.0150003632978,149.241399878,0.0284030757364,234.425243466,223.743755819,177.624910268,211.96841671,261.684615713,0.0356781517742,171.695176904,211.972463606
2011-12-21 01:00:00,234.107732773,0.0345329635748,0.0200044863441,215.037596218,0.0200174731889,-0.00079893102322,0.034605769134,0.0150043891327,211.968534561,233.67172974,111.859724993,211.968522582,85.4738839885,226.165901515,183.715048305,211.968575941,211.968588149,261.689618726,0.0200039189677,0.0150001771922,120.019657452,0.0150919263208,234.425243439,223.74374845,177.624910055,211.968564466,261.684610875,0.0358854635052,171.695587093,211.972584618
2011-12-21 02:00:00,234.107727795,0.0345369276382,0.020003412157,215.037590574,0.0200098065894,-0.000800744314782,0.0345862230638,0.0150036830135,211.968537298,233.671726071,111.859853142,211.968521272,85.4738840662,226.165897564,226.808317527,211.968547873,211.968585469,261.689608106,0.0200043929997,0.0149999201181,120.019743358,0.0150554686732,234.425243339,223.743747106,177.624910041,211.96861996,261.684610426,0.0363573921842,171.696630308,211.972900545
2011-12-21 03:00:00,234.107725021,0.034542173529,0.020004326203,215.037591105,0.0200085539234,-0.000802531271691,0.0345949620594,0.0150036816525,211.968540526,233.671729543,138.098325521,211.968520084,85.473884279,226.165900325,226.808348844,211.968524658,211.968587597,261.689603047,0.0200074492723,0.0149998717146,211.968071147,0.0150955444651,234.425243419,223.743749496,177.624910219,211.968597372,261.6846172,0.0384236581321,171.696471052,237.970117188
2011-12-21 04:00:00,234.107728687,0.0345468294837,0.0200052552578,215.037595276,0.0200080077645,-0.000804156673729,0.0345987487865,0.0150027872517,211.968546849,233.671734773,138.098349786,211.968519317,85.4738837679,226.165910035,226.808354279,211.968479559,211.968592726,261.689610683,0.0200165781907,0.014999690908,211.968532058,0.0152754288392,234.425243578,223.743758061,177.624910672,211.968758358,261.684626567,211.967795065,211.968425036,237.972320518
2011-12-21 05:00:00,234.10774751,0.0345507120686,0.0200164370018,215.037604003,0.0200078313067,-0.000805372122902,0.0346126378831,0.0150022913266,211.968555618,233.671791556,138.098357603,211.968519646,85.4738844224,226.165922046,226.80835592,211.968512698,211.968597908,261.689616115,0.0459761699361,0.014999504985,211.968552058,0.0343398567355,234.425243956,223.743774411,177.624911095,211.968944041,261.684635319,211.968378756,211.968609017,237.97248835
2011-12-21 06:00:00,234.107777661,0.0345544219758,0.0459606133731,215.037603713,0.0200075301732,-0.000806222865273,211.968494379,0.0150045466974,211.968564575,233.671843722,138.098359457,211.968520855,85.4738853474,226.165923636,226.808350822,211.968550517,211.968598123,261.689615193,0.0459809593378,0.0149993874632,211.968555475,0.034465103316,234.425244071,223.74377591,177.62491118,211.969202506,261.684637413,211.968484548,211.968961624,237.972747456
2011-12-21 07:00:00,234.107763869,0.0345574953335,0.0459674736878,215.037428331,0.0200075870468,-0.000807467993385,211.968517885,0.0150039421639,211.968573447,189.274201984,111.85966398,211.968521719,85.4738858756,226.16591997,183.714771431,211.968534522,211.96859638,211.968575271,0.0459819393301,0.0150015287941,211.968556623,0.034476662162,234.425243416,223.743769266,177.624910941,211.969276668,261.684637876,211.96850469,211.968945393,237.972782805
2011-12-21 08:00:00,211.968561312,0.0345593895069,0.0459782616607,161.278092899,0.0200070930473,-0.000809490530313,211.96852455,0.0150024608919,211.968520779,189.274187387,111.859589203,211.968522367,85.4738817553,183.193756055,183.714766775,199.276819929,171.694561797,211.968469234,0.0459815890893,0.0150041368168,211.968556663,0.0344803336251,189.884446535,181.232432716,177.624909474,211.969305332,211.964566443,211.968510022,211.968616704,211.97278985
2011-12-21 09:00:00,189.627715511,0.0345615759432,0.0459655472545,0.0100301968121,0.0200066204544,-0.000811512150952,211.968529697,0.0150013701693,211.968491436,175.254877059,103.576407933,171.694504746,85.4738821829,0.0100958696696,183.714759927,199.276819649,171.694549434,0.0100353444544,0.045978941868,0.0150029006685,211.968557272,0.0344827948018,189.884443857,181.232200234,143.876177064,211.969320395,211.964564611,211.968068137,211.968418635,211.972460465
2011-12-21 10:00:00,189.627694318,0.0345500833599,0.0459640930726,0.0100144220721,0.0200061065698,-0.00081350819941,211.968531378,0.0150006592774,211.968516512,175.254687022,111.85960954,171.694499651,85.4738819325,0.0100350033188,183.714751091,199.276818767,171.694553526,0.0100142161188,0.0459791068525,0.0150022775206,211.968557343,0.0344823845595,175.818953752,0.0103775998646,143.876175874,211.969327506,211.964572475,211.968012664,211.968488902,237.970774003
2011-12-21 11:00:00,189.627689687,0.0345562165444,0.0459811042291,0.0100193825086,0.0200060216681,-0.000815233270357,211.96850634,0.0150003275847,211.968531895,189.274112242,111.859674701,171.694492413,85.4738815792,0.0100528617067,183.714759826,199.276819041,171.6945679,0.010032049957,0.0459805369035,0.01500245539,211.968557283,0.0344870990692,101.97973906,167.809816351,143.876147719,211.969297654,211.964925785,211.968370389,211.968535877,237.972354397
2011-12-21 12:00:00,189.627703398,0.0345744288688,211.968443998,0.0101030950691,0.0200074265631,-0.00081697370256,211.968532777,0.015001127716,211.968553908,189.274194217,138.098636006,171.694484295,85.4738825301,169.625045984,183.714765374,199.276823238,171.694574871,211.968516231,0.0459863349675,0.0150051942955,211.968557395,0.0344906220255,175.818961275,181.232422907,77.2669570759,211.96934175,211.968547211,211.968514567,211.968624936,237.972713439
2011-12-21 13:00:00,234.107653415,0.0347142658338,211.968450218,174.180405282,0.0200074209753,-0.000818789045609,211.968539494,0.0150005301242,211.971196932,189.274204976,138.098736035,171.694492185,85.473884049,183.194396976,183.714772987,199.277006913,211.968483081,211.968572178,211.968544313,0.0150079661851,211.968557988,0.0344920251447,189.884446225,181.232459673,143.876169877,211.969390108,211.968690976,211.968541217,211.969028736,237.972886658
2011-12-21 14:00:00,234.10774417,92.1968489588,211.968519591,215.037502791,0.0200076464182,-0.000820481964273,211.968541894,0.015000236957,211.971212617,233.671837824,138.10025545,171.694500792,85.4738850317,226.165899975,226.808351254,211.968543755,211.968600557,360.966242004,211.968556453,0.0150067694732,211.968559707,0.0345041978998,189.884448068,223.743743574,143.876176495,211.969416848,261.684637256,211.968545976,211.969189998,237.972941153
2011-12-21 15:00:00,234.10801305,92.1970825362,211.968566557,215.037593435,0.0200086859698,-0.000822142063588,211.968543072,0.0150001998507,211.971215994,233.671845049,138.100611663,171.694506031,85.4738857002,226.165923807,226.808353588,211.968566236,211.968604147,360.966277837,211.968561648,0.0150059350998,211.968560323,0.0357910246897,234.42524317,223.743757199,143.876177964,211.969431883,261.684640418,211.968538884,211.969091791,237.972940081
2011-12-21 16:00:00,234.107983394,92.1989053274,211.968543809,215.037601053,0.0200106593625,-0.00082402106936,211.968543977,0.0150002421682,211.971216886,233.671848492,138.098838363,211.968511211,85.4738858865,226.165928172,226.808354059,211.968679891,211.968604707,360.966283392,211.968583197,0.0150080837189,211.968560327,211.968526254,234.425243445,223.743759457,177.624909596,211.969441047,261.684640437,211.968530685,211.968953727,237.97290722
2011-12-21 17:00:00,234.107848592,211.968368907,211.968446701,215.037603192,0.0246951617594,-0.000826092013603,211.968543222,0.0150003412902,211.971217192,233.671849932,138.098746206,211.96852279,85.4738857964,226.165929082,226.808354196,246.020653407,211.968604835,360.966285602,211.96856988,0.0150123504567,211.968559186,211.968524007,234.425243521,223.743760726,177.624909962,211.969432655,261.684639386,211.96851662,211.968749255,237.972841729
2011-12-21 18:00:00,234.108186263,92.1969870622,211.968438024,215.037604302,0.0247023896104,-0.000828075047079,211.968542542,0.015000744763,211.971217183,233.671850178,138.098733083,211.968523492,85.4738853393,226.165929662,226.808353409,246.020762033,211.968605543,360.96628688,211.968562832,0.0150075304477,211.968557611,211.968514916,234.425243523,223.743760217,177.624910055,211.969403337,261.684639778,211.968500492,211.968664661,237.972785678
2011-12-21 19:00:00,234.107764141,74.6743699554,0.0462804535615,215.037603853,0.024702133475,-0.000830010186058,211.968539394,0.0150006356377,211.971216484,233.671849401,138.098719683,211.96852376,85.4738847603,226.165929188,226.808353471,246.020756467,211.968605137,360.96628759,211.968558224,0.0150095631189,211.968556226,211.968313837,234.425243486,223.743757868,177.624910083,211.969334439,261.684637757,211.968472489,211.968575599,237.97256734
2011-12-21 20:00:00,234.107753126,92.1969484882,0.0459637755182,215.037602027,0.0247002059569,-0.000832151023881,211.968529745,0.0150005633744,211.971214859,233.671848288,111.86435359,211.968523592,85.4738845223,226.165928644,226.808353074,246.020749022,211.968604539,360.966287611,211.968554779,0.0150102223984,211.968554483,0.0358776567655,234.425243416,223.74375239,177.624910028,211.969265696,261.684631867,211.968380227,211.968468804,237.972362151
2011-12-21 21:00:00,234.107739175,0.0346143876423,0.0459600159359,215.037598326,0.02470139854,-0.000834395719622,211.968485523,0.0150002763284,211.971211951,233.671847669,111.859975264,211.968523298,85.473884359,226.165925564,226.808351988,246.020749194,211.968602877,360.966287455,211.968539553,0.0150099076642,211.968552341,0.034583473536,234.425243258,223.743746116,177.624909872,211.969227222,261.684621806,211.967943451,211.968089882,237.972257232
2011-12-21 22:00:00,234.107734575,0.034584658085,0.0459517867917,215.037586754,0.0200430659768,-0.000836562578792,211.967446604,0.0150001056976,211.971201771,233.671843785,111.859961833,211.968522684,85.4738839732,226.165918244,226.808350733,246.020750699,211.968598554,360.966286577,0.0459862611535,0.015009198964,211.968549661,0.0345131926653,234.425243017,223.743736967,177.624909636,211.969128406,261.684602845,171.694936995,171.696261946,237.972070889
2011-12-21 23:00:00,234.107727483,0.0345632611755,0.0200642950277,215.037575465,0.020014097004,-0.000838675970755,0.0346131391052,0.014999953981,211.970705062,233.671831901,111.859956253,211.968521159,85.4738838137,226.165901711,226.808349393,246.020758947,211.968586918,360.966284865,0.0459806316862,0.015010867861,211.968540961,0.034500566039,234.42524265,223.743729929,177.624909309,211.968852302,261.684578073,171.694506783,171.695115778,237.971428988
2011-12-22 00:00:00,234.107729423,0.0345522149283,0.0200202123391,215.037564179,0.0200144894448,-0.000840698008196,0.0346081697022,0.0149998631673,211.968596826,233.671802502,111.85995325,211.968519357,85.4738843637,226.165871414,226.808342152,246.020775382,211.968584723,360.966280166,0.04597857388,0.0150075303621,211.968525101,0.0344950803729,234.425242181,223.743719875,177.624908951,211.96886325,261.684600098,171.6943524,171.694988411,211.976644667
2011-12-22 01:00:00,234.107728236,0.0345525621094,0.0200069521616,215.037557012,0.0200151824257,-0.000842599027667,0.0346032988429,0.0149998167522,211.968572411,233.671771699,111.85995203,211.968517171,85.4738843393,226.165848451,226.808344251,246.020773432,211.968580646,360.966271064,0.0459747729022,0.0150056236489,211.968425223,0.0344769124199,234.425241714,223.743713951,177.624908873,211.968751886,261.684592829,171.694282425,171.694912636,211.973042625
2011-12-22 02:00:00,234.107727007,0.034553981206,0.0200027608269,215.03755348,0.020013930515,-0.000844451118425,0.0345966040929,0.0149998114816,211.968566779,233.671759728,111.859950867,211.968515089,85.473884095,226.165846751,226.808345691,246.020772515,211.968576141,360.966261159,0.0459722667007,0.0150040428292,211.965713738,0.015063859116,234.425241199,223.743708884,177.624908847,211.968641942,261.684588694,171.694301856,171.694954228,211.972813228
2011-12-22 03:00:00,234.107732142,0.034569320886,0.0200011981258,215.037552517,0.0200150410526,-0.000846220513193,0.0345758954028,0.0149998140072,211.968562994,233.671755222,111.85995073,211.968513551,85.473883592,226.165847089,226.808346535,246.020774382,211.968576083,360.966255911,0.0459710061032,0.015003495605,211.968404999,0.0150161644225,234.425240887,223.743712238,177.624908991,211.9687383,261.684595017,171.694347419,171.695400115,237.971071364
2011-12-22 04:00:00,234.107758655,0.0367872762662,0.0200005235334,215.037557555,0.0200326467634,-0.000847899478742,0.0345638033547,0.0149998155577,211.968562318,233.671772527,111.859952857,211.968511871,85.4738839953,226.165861926,226.808346788,246.020777126,211.968586165,360.966265724,0.0459708834962,0.0150032317533,211.968528437,0.0150079008094,234.425240819,223.743723951,177.624909363,211.968603014,261.684611249,171.694554927,211.968274262,237.972244432
2011-12-22 05:00:00,234.108237222,92.1970917555,0.0200006402838,215.03757678,0.0247115695662,-0.000849174046686,0.0345897871674,0.0149998492464,211.968588556,233.671823617,111.859958735,211.968511637,85.4738841253,226.165895435,226.808346153,246.020780313,211.968598157,360.966281831,0.0459730392728,0.0150037899003,211.968550812,0.0150065644773,234.425241209,223.74373721,177.624909767,211.968595263,261.684623492,211.967872747,211.968543837,237.972425917
2011-12-22 06:00:00,234.108267881,92.1969943885,0.0200035157622,215.037587126,0.02471299872,-0.000850308769955,0.0345685541089,0.0150000028517,211.971140969,233.671841557,111.859966411,211.968512373,85.4738849033,226.165902503,226.808341087,246.0207818,211.968604432,360.966286155,0.0459814015167,0.0150053532317,211.968555982,0.0150333955778,234.425241095,223.743737869,177.624909892,211.968536315,261.684626776,211.968283275,211.968575716,237.972645793
2011-12-22 07:00:00,234.108268038,92.1969775414,0.0200043409964,215.037554205,0.0247131978133,-0.00085172963399,0.0280870545583,0.0150000930969,211.971199203,233.671836859,111.859957171,211.968511803,85.4738854501,226.165900569,148.809050723,246.020781702,211.968604637,292.382702338,0.045982018513,0.01501526554,211.968555165,0.0150213272381,234.425228828,223.743729543,177.624909768,211.968359604,261.684625599,211.968256497,211.968547219,237.97262219
2011-12-22 08:00:00,211.968904487,92.1951518555,0.0200048262534,174.1804796,0.0247032017968,-0.000853548094982,0.0280606470056,0.0150002063639,211.968525399,233.671830162,111.859956234,211.968509597,85.4738830954,183.194313563,148.808975766,199.276840032,171.694574436,292.38269917,0.0459816557076,0.0150199477203,211.968551844,0.0150467405917,171.694530709,181.232398307,177.624908689,211.966125641,211.964555145,211.968207846,211.968330105,237.970660323
2011-12-22 09:00:00,189.627810701,74.7387759237,0.0200043350137,174.180459284,0.020018798762,-0.000855481083821,0.0280546897129,0.0150001226551,171.696688466,233.671819484,111.859956813,171.694422495,85.4738825899,169.624991646,148.808965825,199.276837337,171.694570623,292.382696093,0.0459819744396,0.0150154564983,211.968548649,0.0161226163146,0.0150019237274,181.232318808,143.87617599,158.974575217,211.96454686,171.694296619,171.693961461,211.972244543
2011-12-22 10:00:00,189.627711414,0.0345772739524,0.0200042909622,174.180452215,0.020018107847,-0.000857488551931,0.028052825993,0.0149999518703,171.696688166,233.671823409,111.859958131,171.694415414,85.4738820775,169.625096613,148.808962142,199.276836164,171.694566834,292.382695258,0.0459830332195,0.0150106592391,211.968543387,0.0344146334455,0.0149984501548,167.809416503,143.876168531,158.974438304,211.964534815,171.69432976,171.694584141,211.972197456
2011-12-22 11:00:00,189.627740849,0.0345808342756,0.0200066635807,174.18045851,0.0200197805423,-0.000859429577009,0.0280536539957,0.0149999483455,211.968487668,233.671826126,111.859962903,171.694249811,85.4738821277,183.194317153,148.808962707,199.276837097,171.694570576,292.382697408,0.0459872741567,0.0150072854625,211.968540035,0.0344657458346,0.0149973256436,167.810148475,0.0149346966943,158.974384766,211.964535891,171.69476322,171.695099312,211.972272339
2011-12-22 12:00:00,234.107633567,92.1968777922,0.024701046771,174.180477416,0.0200250404831,-0.000861245266373,0.0281063781883,0.0150000327761,211.968540561,233.671826606,111.859968736,0.0100321715929,85.4738832898,183.194379608,148.808964803,199.276841259,171.694575723,292.382702541,0.0460027459294,0.015005882503,211.968536394,0.0344924094956,0.0150007519376,181.232364048,0.0100034881056,158.974343949,211.964550381,211.968309585,211.968428893,211.972533806
2011-12-22 13:00:00,234.107721982,92.1970903201,0.0245458967107,215.037394027,0.0459205140976,-0.000863141034686,0.0281281531151,0.0150001737392,211.969987354,233.671831004,111.859989032,0.010088305779,85.4738843574,183.194397463,148.808999823,211.968550775,171.694590458,360.966152562,0.0567391087072,0.0150038383702,211.968543533,0.0344962862381,171.694524117,181.232404066,0.0149936860303,158.974341735,211.964837082,211.968357215,211.968619932,237.972246291
2011-12-22 14:00:00,234.108264238,92.1970409049,0.0246970608762,215.037562635,0.0459912582315,-0.000864935973155,0.0344120958314,0.015000395311,211.971206369,233.671836341,138.098689029,171.694387021,85.4738847489,226.165856065,183.714761083,246.020786058,211.968609372,360.966287969,0.0567548912465,0.0150028384789,211.968546277,0.0344971609965,171.694534647,223.743645874,143.876174937,158.974383295,261.684618647,211.968371818,211.968588354,237.97228472
2011-12-22 15:00:00,234.108276918,92.1778196035,0.0247202527111,215.03759451,0.0459965313588,-0.000866727643587,0.0346018105777,0.0150005731499,211.971206284,233.671838296,138.098724609,171.694415955,85.4738852325,226.165916137,183.714763798,246.020788295,211.968613344,360.966290949,0.0567585323973,0.0150017682306,211.968545834,0.0344991579434,211.968561667,223.743706882,143.876177213,158.974410244,261.684623847,211.968347737,211.968620751,237.972242174
2011-12-22 16:00:00,234.108277013,0.0345856065902,0.0459518656017,215.0375971,0.0459977205805,-0.000868740234244,0.0346091857626,0.0150007213215,211.971203826,233.671840475,138.098729811,211.967402992,85.4738853284,226.165922819,183.714763811,246.020788941,211.968614155,360.966291591,0.0567616089161,0.0150020008194,211.968541253,0.0345046743719,211.96856208,223.743710941,177.62491097,158.974456842,261.684624349,211.968291648,211.968542601,237.972165213
2011-12-22 17:00:00,234.108274189,0.0345580576926,0.0459567377226,215.037595955,0.0459983083306,-0.000870700597787,0.0346132107719,0.0150007298625,211.971197478,233.671840164,138.098730573,211.968416722,85.4738850899,226.165924656,183.714763115,246.020789093,211.968614418,360.966291717,0.0567588059406,0.0150028924405,211.968517658,0.0345043688074,211.968562188,223.743712112,177.624911659,158.974802337,261.684623689,211.968149312,211.968478242,237.972011134
2011-12-22 18:00:00,234.108268419,0.0345504393907,0.0459461115939,215.037594844,0.0459987523205,-0.000872699014798,0.0346148056951,0.015000812907,211.971188623,233.67183754,138.098732681,211.968417528,85.473884811,226.165926685,183.714762111,246.020789172,211.96861462,360.9662915,0.0567531299778,0.0150033727108,120.01970261,0.0345019474969,211.968562231,223.743712268,177.624911861,211.964701539,261.684623095,211.966852024,211.968051043,237.969503487
2011-12-22 19:00:00,234.108251009,0.0345471805879,0.0246943333946,215.037592015,0.0459984226125,-0.000874768628883,0.0346118554349,0.0150003410603,211.971142608,233.671833306,138.098728899,211.968417908,85.4738841782,226.16592679,183.714760115,246.020788967,211.968614508,360.966291041,0.0459841960722,0.0150030973907,52.208823941,0.0344972106575,211.968562215,223.743710195,177.62491195,211.963491595,261.684621918,0.0388830870737,211.966728946,211.974744954
2011-12-22 20:00:00,234.108027715,0.0345462284316,0.0200347252463,215.037587311,0.0459983304941,-0.000876855891083,0.0346093433501,0.0150001440503,211.968571291,233.671828696,138.09872343,211.968417809,85.4738839551,226.165926644,183.71475634,246.020788264,211.968614116,360.96629023,0.0459810027577,0.0150024537228,52.208680452,0.0344904101106,211.968562167,223.743705557,177.624911945,211.965668761,261.684618775,0.03588376036,0.0407869655367,211.972298055
2011-12-22 21:00:00,234.107839275,0.0345383697927,0.0200171987828,215.03757974,0.045998936312,-0.000878961768874,0.0346121844277,0.0149999948065,211.96855529,233.671824613,138.098717038,211.968417559,85.4738837656,226.165923836,183.71475109,246.020786854,211.968613574,360.9662892,0.0459804731454,0.0150016086792,52.2086696469,0.0344115020845,211.96856204,223.74370118,177.624911857,211.965766629,261.684615854,0.0356464193519,0.0397701506944,211.972170859
2011-12-22 22:00:00,234.107746301,0.0151272371051,0.020008011025,215.0375656,0.0459989296179,-0.000881064238611,0.0346109539618,0.0149999088725,211.968547936,233.671807732,138.098488646,211.968417079,85.4738835262,226.165914633,183.714745175,246.020784919,211.968612308,360.966287582,0.0459777928688,0.0150007875019,52.2086643457,0.0150496894516,211.96856186,223.743690792,177.624911712,211.965781672,261.684609061,0.0355810594513,0.0395808419787,211.971729613
2011-12-22 23:00:00,234.107735315,0.0150349492904,0.0200026717776,215.037547573,0.0459985038805,-0.000883169499787,0.0346044479496,0.014999850472,211.968539167,233.671753655,111.860005433,211.968415724,85.4738837509,226.16588928,183.714740717,246.020782896,211.968609011,360.966285408,0.0362528333103,0.0150004724259,52.2086597793,0.0150183797922,211.968561652,223.743677451,177.624911513,211.965799913,261.684603218,0.0355604206534,0.0395617121494,211.971865088
2011-12-23 00:00:00,234.10772902,0.015025183676,0.0200006214866,215.037534115,0.0459975163698,-0.000885206198372,0.032920941243,0.0149998163159,211.968537696,233.67173074,111.860063501,211.968414024,85.4738838757,226.165871761,183.714737483,246.020782251,211.968605768,360.966280603,0.0200146726467,0.0150003335327,52.2086595751,0.0150123215744,211.968561399,223.743672214,177.624911269,211.965795822,261.68459195,0.0355139853329,0.0355162785035,211.972061335
2011-12-23 01:00:00,234.10772594,0.0150227008114,0.0199989604571,215.037527575,0.0459965560743,-0.000887150164239,0.0200577001674,0.0149997847591,211.968537117,233.671726092,138.098706373,211.968411771,85.473883757,226.16584616,183.714734861,246.020779657,211.968600793,360.96627263,0.0200035769769,0.0150006349859,52.2086554391,0.0150095731929,211.968561203,223.743661746,177.624911151,211.965775399,261.684576402,0.035529316872,0.0358914939071,211.972093466
2011-12-23 02:00:00,234.107724696,0.0150180972439,0.0199981771829,215.037521572,0.0459951038398,-0.000889017081354,0.0200115696652,0.0149997704207,211.968537341,233.671724139,138.098719158,211.968409685,85.4738835709,226.16583805,183.714734485,246.020775692,211.968597964,360.966264704,0.0200025551661,0.0150028795386,52.2086500822,0.0150076638212,211.968561114,223.743662264,177.624911101,211.965731583,261.684573787,0.0355288281363,0.0357027337052,211.972092402
2011-12-23 03:00:00,234.107727824,0.0150094397051,0.0199976982453,215.037519623,0.0459945698647,-0.000890868610388,0.0200178299253,0.014999761739,211.968535921,233.671725004,138.098718762,211.968408028,85.4738832716,226.165845415,183.71473622,246.020777178,211.96859995,360.96625811,0.0200024338831,0.0150156248997,52.2086414871,0.0150059994343,211.968561187,223.743662287,177.624911111,211.965720043,261.684583771,0.0355054518043,0.0390917514171,211.972162094
2011-12-23 04:00:00,234.107740936,0.0150058782845,0.0199978833466,215.037524157,0.0459946735309,-0.000892597767752,0.0200595137717,0.014999763107,211.968534904,233.671731768,138.098727951,211.968406274,85.4738835789,226.165874266,183.71473816,246.020780502,211.968605575,360.966262123,0.0200024344818,0.0150171011242,52.2086358077,0.0150045125282,211.968561279,223.743672741,177.624911271,211.965694046,261.684592673,0.0354661986284,0.0396725535126,211.972261323
2011-12-23 05:00:00,234.107922672,0.0150028249331,0.0199990393564,215.037535387,0.0459948168565,-0.000894129969078,0.0245276234419,0.0149997950446,211.968535708,233.67175346,138.098732006,211.968404951,85.4738835966,226.16591018,183.714739632,246.020783557,211.96861057,360.966269329,0.020002917418,0.0150175183949,52.2086411958,0.0150038087134,211.968561478,223.743693032,177.624911471,211.96562152,261.684602574,0.0352582805021,0.0397972097591,211.972302225
2011-12-23 06:00:00,234.108225325,0.0150019994073,0.0200020227288,215.037538051,0.0459937471349,-0.000895655064695,0.0245763524856,0.0149999186692,211.968545007,233.671782949,138.098733703,211.968405054,85.4738843245,226.16591691,183.714735241,246.020784755,211.968611859,360.966267305,0.0200072509633,0.0151231272945,52.2086502433,0.0150030560574,211.968561489,223.743696087,177.624911467,211.965565329,261.68460547,0.0166777085697,0.039829120903,211.972372557
2011-12-23 07:00:00,234.108231768,0.0150008068541,0.0200030137588,215.037479277,0.0459895360269,-0.000897200338338,0.0200099963455,0.0149999586234,211.968541684,211.96818029,138.098719939,211.968403327,85.4738847369,226.165918421,148.808749625,246.020784767,211.968612193,292.382672961,0.0200080502665,0.0150412875931,52.2086436032,0.0150026565344,211.968559826,223.743692319,177.624911203,211.965145177,261.684606842,0.0155123714805,0.0398645244412,211.972264118
2011-12-23 08:00:00,234.107722787,0.0150000694918,0.0200020304279,174.180352313,0.0200210020597,-0.000898883077496,0.0199955061704,0.0149999827294,171.694525993,189.274151015,138.098611636,211.968398957,85.4738380769,183.194402029,0.0200389639532,246.02070832,171.694577655,292.382658673,0.0200060155268,0.0150201140197,52.2086222194,0.0150023746505,171.6945206,181.232404454,177.6249096,92.2058040849,211.96453918,0.0154881023528,0.0380928409289,92.2078910546
2011-12-23 09:00:00,234.107712104,0.0149996752155,0.0200009399453,161.277843144,0.0200009383643,-0.000900630053721,0.0199834525877,0.0150000079531,171.694520535,189.274141764,111.859707274,171.693563983,64.1057104676,183.194397235,0.0199899948524,246.020622521,171.694572932,292.382637767,0.0200038285186,0.0150104811724,52.208610876,0.0150024458192,0.014997896829,181.232402624,143.876130935,92.2050573201,211.964535349,0.0153144161481,0.0167525941064,69.156489893
2011-12-23 10:00:00,234.107694142,0.0149993941497,0.0200001441531,0.0100447243277,0.0159619396976,-0.000902511694843,0.0197888257507,0.0149999681692,171.694518795,189.274135127,111.859682015,171.693554966,64.1056765994,183.194393494,0.0199793105938,211.972433284,171.694569323,270.725292439,0.020002869825,0.0149959059498,52.2085548701,0.0150023095222,0.0100023132524,181.232396431,143.87612827,66.5471446552,211.964534731,0.0151828321889,0.0164209526611,69.1563494419
2011-12-23 11:00:00,234.107634959,0.0149992442585,0.0199993928273,0.0100502532335,0.0158594793714,-0.00090449013854,0.0151731820453,0.0149999461212,171.694520609,189.274137852,111.859676022,92.2066426987,64.1056672786,183.194388435,0.0199990616753,246.020695244,171.694576111,270.725448296,0.0200024859768,0.0149945829888,52.2085181271,0.0150019927704,0.0100013225022,181.23238647,0.0100065648147,88.7094821584,211.964539618,0.0152188546136,0.0170055060783,69.1563948236
2011-12-23 12:00:00,234.107668393,0.0149991352157,0.0199995297442,161.278372249,0.015854673601,-0.000906423846455,0.015091130652,0.0149999823445,171.694527047,189.274142861,111.859670629,0.0100201232007,64.1056908531,183.194394099,148.808739716,246.020759627,171.69458035,292.382651219,0.0200029256117,0.0149939458676,52.2085940721,0.0150017739177,0.0100055839535,181.232382682,0.0100020326057,0.0234837160895,211.964546583,0.0153622133979,0.0172708978685,92.2075852502
2011-12-23 13:00:00,234.107711049,0.0149991884916,0.0199983199113,174.180383736,0.0158537876966,-0.000908355997448,0.015060951236,0.0149999418015,211.968529174,211.968421669,111.859676412,0.0101092981383,85.4737779516,183.194426433,148.808754648,246.020775354,171.694593313,292.382661261,0.0200027107619,0.0149944196264,52.208508016,0.0150019873305,158.97649391,181.232393729,0.0149309132636,0.0233162429802,211.968534382,0.0152784236464,0.0174134688817,92.2079552352
2011-12-23 14:00:00,234.107741602,0.0149992007671,0.0199981698761,215.037477231,0.0158540132529,-0.000910147787841,0.0150504539559,0.0149999476763,211.968535782,233.6717669,138.098327687,158.975736346,85.4738743807,226.165870736,183.71450945,246.020780472,211.968613326,360.966241531,0.0200028024839,0.014996155444,52.2084665331,0.0150024829765,171.694534748,223.743447616,143.87612947,0.0284909617017,261.684602052,0.0151383727112,0.0173211774555,92.2079463508
2011-12-23 15:00:00,234.108213185,0.014999177035,0.0199984364791,215.037518562,0.0158554128735,-0.000911931100014,0.0150377518336,0.0149999724993,211.968536951,233.67177414,138.098352287,171.693559329,85.4738835987,226.165922932,183.71451213,246.020780461,211.968617017,360.966245996,0.0200032207745,0.0150038889133,52.2085414952,0.0150034831001,234.424883836,223.743670784,143.876131046,0.0207290344746,261.684605179,0.0150491299326,0.017072190082,92.2079433796
2011-12-23 16:00:00,234.108209002,0.0149991532656,0.0199987791998,215.037523884,0.0158550285973,-0.000913837617048,0.0150227377109,0.0149999781851,211.968536746,233.671776498,138.098351408,211.967310562,85.4738842956,226.165926831,183.714513105,246.020779298,211.968617554,360.966246913,0.0200034653953,0.0150148572455,52.2085882969,0.0150053450603,234.424884563,223.743673295,177.624852786,0.0152774398687,261.684605576,0.0150245151338,0.0156093524579,92.2079199979
2011-12-23 17:00:00,234.108194345,0.0149991665503,0.0199982686996,215.037525098,0.0158539958559,-0.000915810667848,0.0150143858988,0.014999980676,211.968536182,233.671776698,138.098348081,211.967362432,85.4738842866,226.165927216,183.714513503,246.020777397,211.968617533,360.966247304,0.0200032849709,0.0150373591585,52.2086050626,0.015006264971,234.424884782,223.743671805,177.624853096,0.015093802561,261.684604431,0.0150157527727,0.0151414208039,92.207885422
2011-12-23 18:00:00,234.108119645,0.0149991236554,0.0199979096843,215.037525523,0.0158521632834,-0.000917768136471,0.0150097218514,0.0149999668721,211.968536568,233.671775909,138.098341493,211.967363613,85.4738838684,226.165927044,183.71451361,246.020776048,211.968616944,360.966247208,0.0200080988515,0.0150682382705,52.2086258753,0.0150065535591,234.424884858,223.743669779,177.624853114,0.0150453253484,261.68460252,0.0150102710131,0.0150591447369,92.2078390404
2011-12-23 19:00:00,234.107827369,0.0149991159668,0.0199973031281,215.037523869,0.0158498743844,-0.00091972723989,0.0150063666984,0.0149999349745,211.968534845,233.671774138,138.098311658,211.967364204,85.4738833114,226.165925207,183.714513277,246.020773419,211.96861609,360.966246848,0.0200029676603,0.0226603411464,52.2086094265,0.0150076894278,234.424884849,223.743663684,177.624853055,0.0150241747493,261.6846,0.0150080840081,0.0150194134606,92.207527209
2011-12-23 20:00:00,234.107755452,0.0149993676784,0.0199964151201,215.037521484,0.0158496176859,-0.000921717486271,0.0150049853036,0.0149999287119,211.968533409,233.671772443,138.097694808,211.967364332,85.4738832816,226.165924055,183.71451264,246.020768576,211.968615226,360.966246127,0.020002197647,0.0344403074052,52.2086248527,0.0150089135141,234.424884812,223.743655023,177.624852933,0.0150123031137,261.684595029,0.0150060929331,0.0150096412411,69.1564493341
2011-12-23 21:00:00,234.107756132,0.0149993764037,0.0199957236305,215.037517584,0.0158536037481,-0.000923705848416,0.0150052164598,0.0149999263684,211.968529505,233.67177122,103.576422261,211.967364286,85.4738833283,226.165921732,183.714511338,246.020756951,211.968613943,360.966245379,0.0200015663237,0.0343777193235,52.2086336709,0.0150104632598,234.424884717,223.743646089,177.624852763,0.0150067611481,261.684589352,0.0150044437053,0.0150004848387,69.1561761732
2011-12-23 22:00:00,234.107736387,0.0149993422218,0.0199950180822,215.037510423,0.0158551061696,-0.000925773417178,0.0150049034156,0.0149999170639,211.968516465,233.671767674,103.576380953,211.967364004,85.4738836469,226.16591526,183.714510204,246.020736982,211.968610996,360.966243911,0.0200007581305,0.0163681704912,52.2086345554,0.0150084767706,234.424884563,223.743630702,177.624852489,0.0150034064108,261.684573201,0.015003013766,0.0149930433944,69.1560927883
2011-12-23 23:00:00,234.107731815,0.0149994051749,0.0199941490045,215.037500039,0.0158572262073,-0.000927885743671,0.0150035481147,0.0149999040125,211.968312896,233.671760317,103.575933359,211.9673631,85.4738838072,226.165902808,183.714509598,246.020665934,211.968602686,360.966242374,0.020000211913,0.0150874403309,52.2086338902,0.0150075017492,234.42488436,223.743615438,177.624852119,0.0150020011537,261.684515281,0.0150019599915,0.0149886674933,69.1560350442
2011-12-24 00:00:00,234.107726555,0.0149991437644,0.0199938249998,215.03749106,0.0158746229572,-0.000929889338264,0.0150027917103,0.0149998892793,211.968511354,233.67174977,103.57600911,211.967361796,85.4738836584,226.165888898,183.714508337,246.019655823,211.96859427,360.966238509,0.0200004598658,0.0150095277903,52.208631031,0.0150063205001,234.424884133,223.743601126,177.624851051,0.0149998768642,261.68315182,0.0150019592843,0.0149937983145,69.1561290404
2011-12-24 01:00:00,234.107725085,0.0149995659673,0.0199932376843,215.037483969,0.0158768422895,-0.000931828240934,0.0150024245149,0.0149998475141,211.96837358,233.67174346,83.8976489941,211.96736043,85.473883538,226.165870938,183.714507781,211.968583468,211.968582253,360.966232776,0.0200000527074,0.0150067455154,52.2086314088,0.0150074327301,234.424883828,223.743588088,177.624849605,0.0149987714051,211.968698742,0.0150018110761,0.0149928338746,69.1560752433
2011-12-24 02:00:00,234.107723388,0.0150004974734,0.0199928410013,215.03748045,0.0198756215459,-0.000933742636389,0.0150021503359,0.0149998748889,171.698196746,233.67173977,83.8972923027,211.967359075,85.4738833552,226.165864197,183.714508244,211.968573803,211.968577672,360.966226897,0.0199999982933,0.0150029719329,52.2086313301,0.0150068773229,234.424883567,223.743579292,177.624847234,0.0149963574911,211.968677369,0.0150021884562,0.0149914910793,69.1560639093
2011-12-24 03:00:00,234.107723327,0.0150024591853,0.0199928698553,215.037477498,0.0199932054554,-0.000935592421984,0.0150020277468,0.0149999267066,171.694534293,233.671734982,83.8972313658,211.96735753,85.473882962,226.165863573,183.714508565,211.968561392,211.968578904,360.96621929,0.0200000279316,0.0150002479423,52.2086322177,0.0150045631159,234.424883216,223.743575133,177.624845889,0.0149974686261,211.968697954,0.0150031878255,0.0149952791868,69.1560758761
2011-12-24 04:00:00,234.107722692,0.0150066188211,0.0199932731961,215.037480554,0.0200007594003,-0.000937372376201,0.0150020311662,0.0149999532869,171.69452436,233.671735998,103.576073248,211.96735592,85.4738829716,226.165869703,183.714508715,211.968544856,211.968587157,360.966219714,0.0199998870875,0.0149994503333,52.2086315651,0.0150027937487,234.424882794,223.743575894,177.624847051,0.0149978571407,211.968835213,0.0150048428297,0.014994867465,69.1561130085
2011-12-24 05:00:00,234.107722471,0.0150136354107,0.0199937451928,215.037485155,0.0200086011806,-0.000939056616691,0.0150023948567,0.0149999667929,171.694528076,233.671732472,103.576377624,211.967353944,85.4738829714,226.165878502,183.714508729,211.968509195,211.96860104,360.966224182,0.0199998385649,0.014998828017,52.2086323452,0.0150014599531,234.424882316,223.743586928,177.624849196,0.01499724315,261.678226377,0.0150070881609,0.0150030092494,69.1561754381
2011-12-24 06:00:00,234.107723656,0.0150163224103,0.0199958640973,215.037491604,0.0200102371306,-0.000940719470171,0.0150072729329,0.0150001032316,211.968523922,233.6717294,103.576412584,211.967351173,85.4738831471,226.165877673,183.71450828,107.019100146,211.968604793,360.966225111,0.0200001021643,0.0149984067598,52.2086375618,0.0150004667394,234.424881044,223.743591939,177.624850219,0.0149992331014,261.684124646,0.0150093857286,0.0150089045537,69.1565055248
2011-12-24 07:00:00,234.107725917,0.0150181804215,0.0199967383409,215.037415954,0.0200154952893,-0.000942294771584,0.0150445750182,0.0150000289426,211.968526515,189.274059816,83.8968471103,211.967346818,85.4738833675,226.165869483,148.808748835,107.019077645,211.968609702,292.382637805,0.0200003465865,0.0149985438387,52.2086496602,0.0150005087441,211.968558286,223.743590163,177.624850091,0.0150014531517,261.684492782,0.0150119191517,0.0150327261863,92.2066113311
2011-12-24 08:00:00,211.968485622,0.0150196841873,0.0199983340512,161.278265778,0.0200172611773,-0.000943743335587,0.0150611852016,0.0150000236513,211.968523503,175.254488899,0.0200339558547,211.967339565,85.4738814834,183.194232071,0.0202311610142,0.0150395911999,211.968531321,211.968556368,0.0200003050439,0.014998930626,52.2086519342,0.0150004928647,0.0121625430414,181.232303235,177.624847175,0.0150010244052,261.683242233,0.0150179250845,0.0150695052916,92.2077840184
2011-12-24 09:00:00,189.627310592,0.0150231187586,0.0199588677259,0.0100473959247,0.020004378447,-0.000945446830348,0.0149979831442,0.0149999450443,211.968522449,0.0100115414095,0.020002034487,74.6873025212,85.4738802491,0.0292508866788,0.0199272741838,0.0150309085821,171.711113455,211.968527768,0.0199996037668,0.014999624161,52.2086549116,0.0150003946998,0.0121614589419,181.232284144,133.218657746,0.0149670970661,211.968589959,0.0150289533925,0.0151153320095,92.2079073226
2011-12-24 10:00:00,189.627290587,0.0150256308392,0.0199284123797,0.0100250581301,0.0199251555776,-0.000947337767057,0.0149930066416,0.01499983282,211.968517423,0.0100069780664,0.0200013525249,0.0154439080889,85.4738788334,0.0100867115906,0.0100343831765,0.015025473198,171.694599195,211.968486655,0.0199992323587,0.0150001098461,52.2086473093,0.0150003395894,0.0121593386169,181.232273513,0.0149960053535,0.0149424481558,211.968528577,0.0150495526704,0.0151702532523,92.207935698
2011-12-24 11:00:00,189.627295838,0.0150288163062,0.0199256361357,0.0100546328897,0.016218878063,-0.000949286594841,0.0149936733483,0.0149998205878,211.968515711,0.0100434420356,0.020012846314,0.0100070052967,85.4738783255,169.624635062,0.0200012911955,0.0150224784636,171.694590534,211.968550285,0.0199989709472,0.015000271367,52.2086422293,0.0150003798377,0.0121604807937,181.232276643,0.0100013158647,0.0149212586259,211.968594,0.0151132845005,0.015324624763,92.2079537748
2011-12-24 12:00:00,189.627321132,0.0150298007006,0.0199628198532,174.180353402,0.0162166569966,-0.000951159581093,0.0149973311341,0.0149998747359,211.968513356,189.274051635,77.6823659201,0.0100044160081,85.4738791658,183.194284547,148.808747772,0.0150218503522,171.695322999,292.382419925,0.019999167175,0.0150003592287,52.2086321204,0.0150003100829,0.0121616754265,181.23228826,0.0100008863038,0.0149303731975,261.675821825,0.0153876587124,0.0153573307887,92.2081484365
2011-12-24 13:00:00,211.968454164,0.0150351799564,0.0199910801514,215.036869467,0.0199835838244,-0.000952971547116,0.015008295491,0.0149998749243,211.968494476,189.274067031,83.896874015,0.0100050671789,85.4738818028,183.19430533,148.808761912,0.0150206415163,211.968569689,292.382645972,0.0199991734441,0.0150002554977,52.2086332987,0.0150014808398,0.0121622649818,223.743477778,0.0100020692347,0.0149654470922,261.684477668,0.0154418325538,0.0172173065029,92.2082213714
2011-12-24 14:00:00,211.968587553,0.0150456892432,0.0199999424519,215.037489878,0.0200083303766,-0.000954665865424,0.0183671472695,0.0149998762735,211.968218668,233.671684565,103.576392078,0.0100670099291,85.4738829202,226.165788953,183.714751732,0.0150203607549,211.968609937,360.97220696,0.0200003615218,0.0150001583754,52.2086368139,0.0150041500935,0.0149853028073,223.743540444,0.0150019663378,0.0150361229141,261.68455147,0.015482165991,0.0175604615557,92.2083640031
2011-12-24 15:00:00,234.107614219,0.0150733435577,0.0200013768231,215.037515588,0.0200154736209,-0.000956315510007,0.0185089448636,0.0149998885462,92.206324678,233.671687882,103.576403309,74.6873036926,85.4738839685,226.165796529,183.714758161,0.0150206728395,211.968614165,360.972233898,0.0200010334058,0.0150003396457,52.2087090702,0.0150079639727,0.0150144293623,223.743544921,143.876125691,0.0154936874352,261.68456787,0.0156725389809,0.0184371835582,92.2084279512
2011-12-24 16:00:00,234.107356494,0.0151034842095,0.0200020603132,215.037520733,0.020021312986,-0.000958431534705,0.0185099629737,0.0149999273491,92.2063130196,233.671689672,103.576409342,74.687335788,85.4738841237,226.165797417,183.714760548,0.0150194876176,211.968613072,360.972239145,0.0200016656837,0.0150011030235,52.2158010541,0.0150118523439,0.0150146628028,223.743544267,177.624891737,0.0195943401104,261.684546521,0.0166503784448,0.0182315857329,92.2084472081
2011-12-24 17:00:00,211.968581603,0.0153177057155,0.020001157625,215.037521873,0.0200205971388,-0.000960619993917,0.0185081711897,0.0149999386949,92.2063079418,233.671690292,103.576410142,92.2066095925,85.4738839894,226.165795839,183.714761767,0.0150178438744,211.968609937,360.972241585,0.0200017222537,0.0150017903755,52.2093440324,0.0150081891329,0.0150146321594,223.743540932,177.624892932,0.0197983003611,261.68436918,0.0342773905828,0.0188266480036,92.2084626373
2011-12-24 18:00:00,211.968552707,0.0345337194626,0.0200006557318,215.037521553,0.0200192316358,-0.000962652977472,0.0184882195008,0.0149999171633,0.0201161510764,233.671689569,103.576402647,92.2066121535,85.4738836546,226.165794069,183.714762247,0.0150178534026,211.96860982,360.972242839,0.0200015975113,0.0150015563974,52.208637354,0.0150065880019,0.0150145293064,223.74353569,177.624893214,0.019881115325,261.684377025,0.0346365817877,0.0174250414078,92.2081980487
2011-12-24 19:00:00,211.96855572,0.0345342463679,0.0199984220686,215.037519898,0.0200142570495,-0.000964673711012,0.0150617358338,0.0149998909823,0.0200509818771,233.671688728,103.576398472,92.2066129128,85.4738832363,226.165791999,183.714763052,0.0150169475518,211.968606833,360.972243093,0.0200008866757,0.0150011355602,52.2086229952,0.0150031466421,0.0150143386281,223.743526936,177.624893321,0.0198503371678,211.969009839,0.0353473483121,0.0178193827779,92.207951077
2011-12-24 20:00:00,211.968568948,0.0345395851236,0.0199965409344,215.037515898,0.020011652268,-0.000966677330594,0.0150495733719,0.0149998638638,0.0200388839077,233.671688042,103.576392728,92.206612963,85.473883279,226.165790432,183.714762982,0.0150168189613,211.9685997,360.972243119,0.0200005211462,0.0150007508486,52.2086141535,0.0150008637407,0.015014137718,223.743520403,177.624893352,0.0191251810038,211.968620104,0.0354760327651,0.0185579453516,92.2079201616
2011-12-24 21:00:00,234.096433975,0.0345349912262,0.0199957016295,215.03751058,0.020012367172,-0.00096858467978,0.0150410942973,0.0149998476233,0.0200375918536,233.671687784,103.576385485,92.20661308,85.4738834791,226.165786744,183.714762402,0.0150171237394,211.968579615,360.97224302,0.0200003420668,0.0150002569832,52.2086051014,0.0150001655037,0.0150139504818,223.743509493,177.624893407,0.0158846425956,211.96858128,0.035512902698,0.0189999200851,92.2079314633
2011-12-24 22:00:00,211.968586837,0.0345242892436,0.0199949909098,215.037496887,0.0200117205669,-0.000970495634993,0.0150333242545,0.0149998327555,0.0200147266132,233.671686833,103.576369804,92.2066132659,85.4738833447,226.165777461,183.714761819,0.0150180773956,211.968560611,360.972242092,0.0200000421881,0.0150000395204,52.2085415983,0.0149998709959,0.0150136725877,223.743493806,177.624893438,0.0194769621037,211.968567677,0.0355183442541,0.0189334161886,92.2079342116
2011-12-24 23:00:00,211.968565676,0.0344557934774,0.0199941906337,215.037478659,0.0200107723571,-0.000972495602226,0.0150128838183,0.014999813932,0.0200043670563,233.671685162,103.576330028,92.206613133,85.4738838472,226.165761342,183.714760776,0.0150188854328,211.968549236,360.972241158,0.01999981437,0.015000198869,0.015009142335,0.0149996643519,0.0150132337629,223.743474447,177.624893413,0.0152562720348,211.968560956,0.0355160559617,0.0182618127152,92.2079436134
2011-12-25 00:00:00,211.968544121,0.0150704987788,0.0199942144456,215.037463654,0.0200169399899,-0.000974552594586,0.0150445473349,0.0149998029952,0.0200008234095,233.671683085,103.576298262,92.20661288,85.4738834969,226.165741662,183.714760781,0.015023997361,211.968531883,360.972237001,0.019999756269,0.0149996093521,0.0150020324024,0.0149993732324,0.0150127610253,223.743454221,177.624893301,0.0197711407316,211.968555164,0.0355072657864,0.0176358288052,92.2081163773
2011-12-25 01:00:00,211.96854882,0.0150408391411,0.019992804496,215.037453816,0.0200112576238,-0.000976543963134,0.0150059149813,0.0149997811772,0.0199998516409,233.671681148,103.576250218,92.2066122927,85.4738832623,226.16570638,183.714760179,0.0150216756061,211.968513577,360.972227727,0.0199996178711,0.014998651215,0.0150008444998,0.0149991680726,0.0150119256744,223.743435989,177.624893211,0.015583632696,211.96855285,0.0355092770123,0.0185927954405,92.2080946129
2011-12-25 02:00:00,211.968543354,0.0150305232432,0.0199923444512,215.037447641,0.0200104197358,-0.000978477298228,0.0150037845445,0.0149997610397,0.0200001211491,233.67167896,103.576145078,92.2066112899,85.4738829646,226.165672906,183.714759944,0.0150250756561,211.968495584,360.972212184,0.0199995582052,0.0149979658124,0.0150003942353,0.0149991192544,0.015011207718,223.743423566,177.624893131,0.0151852695457,211.968551856,0.0355129323075,0.0183068639171,92.208096251
2011-12-25 03:00:00,211.968548677,0.0150239103281,0.0199926997671,215.037444502,0.0200102258921,-0.00098037776309,0.0150043010905,0.0149997506183,0.0200017833808,233.671679337,103.576022901,92.2066102512,85.4738825357,226.165687962,183.714760025,0.0151135085983,211.968497813,360.972186068,0.0199995130057,0.0149975006973,0.0150001862368,0.014999291424,0.0150104721596,223.743409122,177.624893065,0.0151956807701,211.968554204,0.0355075428666,0.0190957174331,92.2080942796
2011-12-25 04:00:00,211.968565232,0.0150079875191,0.0199933145747,215.037444942,0.0200102729205,-0.000982194842436,0.0150056496536,0.0149997348213,0.0200036548493,233.671677862,103.576107616,92.206609219,85.4738824856,226.165701968,183.714760292,0.0185105479014,211.96851341,360.972169198,0.0199994563565,0.0149972917468,0.0150001404962,0.0149995641007,0.0150098561981,223.743412503,177.624892989,0.0152201924053,211.968557245,0.0354758270103,0.0190999114453,92.2080374663
2011-12-25 05:00:00,211.968654319,0.0150015557758,0.0199943765017,215.03745242,0.0200105140592,-0.000983981743773,0.0150084016057,0.0149997360663,0.0200061660392,233.671677071,103.576106277,92.206607991,85.4738818634,226.165720623,183.714760322,0.0185248132893,211.968528057,360.972213392,0.0199993783986,0.0149972048684,0.0150002429638,0.015000070665,0.0150094547042,223.743418003,177.624892883,0.0151774131809,211.968562554,0.035376350639,0.019042474351,92.2079663783
2011-12-25 06:00:00,234.107655199,0.0149996920296,0.0199968014062,215.037466234,0.02001057291,-0.00098577993082,0.0150187287451,0.0149997699538,0.0200072752056,233.671675793,103.576071298,92.2066065801,85.4738814014,226.165714346,183.714758675,0.0185269473187,211.968541948,360.972227008,0.0199996548344,0.0149973549135,0.0150004181841,0.0150008700775,0.0150083666675,223.743416917,177.624892699,0.0151770730408,211.968588098,0.0347608587155,0.018735184685,92.2079599041
2011-12-25 07:00:00,234.107654725,0.014999068547,0.0199961855527,215.037482807,0.0200107327389,-0.000987469502869,0.0150237441886,0.0149997784998,0.0200129079095,189.274051035,0.0202030534249,92.2066029889,85.4738813819,226.165729077,148.80895936,0.0185255817592,211.968546239,292.387554036,0.0199997525464,0.014997769138,0.0150008206424,0.01500157772,0.0150042792155,223.743399205,177.624892468,0.0151276915244,211.968593513,0.015758514459,0.0181157673506,92.2079140751
2011-12-25 08:00:00,0.0150450997155,0.0149988191215,0.0199958377937,215.036763267,0.0200100981585,-0.000989277701786,0.0150162319553,0.0149997989832,0.020003133042,0.0101191265851,0.0201832272122,92.2065970528,64.1054610929,183.194236308,148.808956555,0.0150127425903,171.694564337,292.387546426,0.0199993804542,0.0149983941818,0.0150011602432,0.0150016140886,0.0121584135473,181.231956461,177.624891049,0.0150683309238,211.964495529,0.0154661797679,0.0174091497022,92.2067623489
2011-12-25 09:00:00,0.0149814497541,0.0149987266644,0.0199957376541,174.180412735,0.0162206004598,-0.000990992400496,0.0150089266186,0.0149998115524,0.0200006642143,0.0100086518717,0.0200463601838,69.1548513378,64.105387508,169.624003755,148.808950846,0.0150101058329,0.0150420534946,292.387542558,0.0199991646218,0.0149992929907,0.0150015040346,0.0150006917478,0.0121576420765,167.809909894,143.87616082,0.0150517313161,211.964478539,0.0150072575806,0.0155758225903,0.0201183325561
2011-12-25 10:00:00,0.0136690871293,0.0149985328752,0.0199954955988,174.180393873,0.0162178888262,-0.000992724428533,0.015005468684,0.0149998172552,0.0199991138177,0.0100071464323,0.0200137322218,0.0100378078204,0.010020902545,0.0149491368931,148.808950694,0.0150033486884,0.0149879151454,292.387552865,0.0199990949285,0.0149997936685,0.015002105602,0.0150002133216,0.0121564650803,0.0101163420315,0.01500509774,0.0150476150755,211.964373501,0.0149964060742,0.0151515413192,0.0200458933725
2011-12-25 11:00:00,0.0149648931145,0.014998675932,0.0199951994978,174.180391051,0.016210364914,-0.000994538148617,0.0150047151134,0.0149998201962,0.0199996580887,0.0100188465564,0.0200071184124,0.010005836096,0.0100151100749,0.0148718005617,148.808957072,0.0150023149774,0.0149942212962,292.387565865,0.0199990084097,0.0149999494268,0.0150022527926,0.0149999402874,0.0121554161317,0.0102706435121,0.0100014666477,0.0150515211506,211.964471808,0.014998768302,0.0150865769002,0.0200745398156
2011-12-25 12:00:00,175.580762237,0.0149988257882,0.0199964149186,174.180417807,0.0162133512631,-0.00099639291624,0.0150036123483,0.0149998314527,0.0200050787662,189.27404456,0.0200084072499,0.010005129706,0.0100759688431,169.624536913,148.808961969,0.015014079034,171.694554668,360.966504721,0.0199993328179,0.0150000922536,0.0150020349161,0.0149997995125,0.0121567102513,181.2318831,0.010001049998,0.0150558178455,211.964498496,0.0150108828347,0.0150920837417,0.020748032667
2011-12-25 13:00:00,175.580906684,0.014999179462,0.0199953818074,174.18162476,0.0162222363889,-0.000998216993284,0.0150034118007,0.0149998323736,0.0200566251057,189.274065964,0.0201929124113,0.0100054437096,64.1054182066,183.194256,183.714650051,0.0150347532825,171.694574048,360.972214184,0.0199993059954,0.0150002769622,0.0150014922513,0.0149998495675,0.0121576853497,181.231974024,0.0100015557442,0.0150650888134,211.964507977,0.015008101345,0.015039860417,0.0255370607438
2011-12-25 14:00:00,211.968533015,0.0149995746838,0.0199950433936,215.037446338,0.0200001180763,-0.00100001307888,0.0150039763509,0.0149998207508,0.0246289669752,233.671698265,0.024909109109,0.0100111845335,85.4734586654,226.163692696,183.714765239,107.019152267,211.968568774,360.972241009,0.0199996590445,0.0150000682657,0.0150017853735,0.0149999817479,0.0121586569614,211.968412804,133.218686243,0.0151248061026,211.968804272,0.0150098988719,0.0150317343999,0.0204530320229
2011-12-25 15:00:00,234.107700573,0.014999728309,0.0199955413055,215.037497441,0.0200124165067,-0.00100183212322,0.0150053332821,0.0149998125224,0.0246639612718,233.671706465,0.0249513590704,69.1548545559,85.4738816403,226.165770175,183.714767469,211.967901918,211.968663489,360.972244072,0.019999914029,0.014999673724,0.015001444254,0.0150001759447,0.0150086572253,223.743176229,143.876162193,0.0153357445968,261.684521122,0.0150098184914,0.0150198794043,0.0202373842829
2011-12-25 16:00:00,234.10770532,0.0149997182255,0.019996449732,215.037499913,0.0459929940586,-0.00100383225598,0.0150079148947,0.0149998170974,0.024657542569,233.671710327,0.0249563024502,69.1548935191,85.4738826287,226.165783905,183.714768254,211.967977359,211.968679464,360.972244651,0.0200000725705,0.0149996782046,0.0150013183336,0.0150002792818,0.015009566978,223.743183977,177.624900983,0.0196143406782,261.684533015,0.0150088107255,0.0150092136988,0.0200795412464
2011-12-25 17:00:00,234.107706526,0.0149993675762,0.019996650722,215.037497006,0.0460000221541,-0.00100578807458,0.0150110884975,0.0149998102178,0.0246387485604,233.671711736,0.0249581710747,211.967206373,85.4738828241,226.165788541,183.71476856,211.968014166,211.968687616,360.972244262,0.0200001299521,0.0149997900595,0.0150012670062,0.0150002389036,0.015009720611,223.74318717,177.624902328,0.0192432313434,261.684539529,0.0150064471249,0.0150049224793,0.0200283633545
2011-12-25 18:00:00,234.107708858,0.0149991015615,0.0199966524476,215.037495725,0.0460028621889,-0.00100771652047,0.0150187155139,0.0149998188045,0.0200394286824,233.671711948,0.0249583368022,211.967210846,85.47388264,226.1657929,183.714768655,211.968060404,211.968697118,360.972243927,0.0200001887806,0.0149994634757,0.0150010061263,0.0150001454428,0.0150098950228,223.743188403,177.624902707,0.0216455047566,261.684556219,0.0150037524005,0.0150023790489,0.0200195047726
2011-12-25 19:00:00,234.107707577,0.0149988773733,0.0199959872391,215.037490895,0.0460030412503,-0.00100967884141,0.015009247625,0.0149998136438,0.0200102545712,233.671711914,0.0249580369618,211.96721265,85.4738824317,226.165794975,183.714768386,211.968063304,211.968699746,360.972242778,0.020000017122,0.0149994190074,0.0150007584176,0.0150000420686,0.0150099137769,223.743188543,177.62490291,0.0202826158363,261.684557537,0.0150030680908,0.0149991587533,0.0200033429544
2011-12-25 20:00:00,234.107705122,0.0149989451507,0.0199955932554,215.037483495,0.0460033081416,-0.00101167166884,0.0150069860585,0.0149998123592,0.020003809446,233.671711548,0.024957378659,211.967213572,85.4738825358,226.165798085,183.714767916,211.968060721,211.968700671,360.972241601,0.0199999474945,0.0149994250019,0.0150005149132,0.0149999154619,0.0150099156122,223.743186558,177.624903011,0.0167159904832,261.68455183,0.0150020954753,0.0149917082974,0.0199824572926
2011-12-25 21:00:00,234.107708824,0.0149988395192,0.0199953817705,215.037470936,0.0460048730608,-0.00101373072397,0.0150089575164,0.0149998039922,0.020000344238,233.671711796,0.0249572422809,211.967214194,85.4738829077,226.165798045,183.714767174,211.968056724,211.968699892,360.972240127,0.0199999257122,0.0149992161163,0.0150001851967,0.0149997528784,0.0150098953591,223.743182875,177.624903008,0.0179493053904,261.684535709,0.0150011578211,0.0149916980647,0.019961751258
2011-12-25 22:00:00,234.107705557,0.0149987403521,0.0199950312158,215.037450091,0.0460051240441,-0.00101571626642,0.0150098932187,0.0149997937052,0.0199981157795,233.671710872,0.0249551487409,211.967214421,85.473882759,226.165792808,183.714766139,211.968056233,211.968696287,360.972237323,0.0199997575384,0.0149991213041,0.0149998767106,0.0149995282773,0.0150098184219,223.743175757,177.624902907,0.0208477342208,261.684468257,0.0150002446643,0.014988051266,0.0199239470719
2011-12-25 23:00:00,234.107701708,0.014998812496,0.0199946133551,215.037425663,0.046004667577,-0.00101792116611,0.0150090919035,0.0149997797858,0.0199952549308,233.671708845,0.0249511102797,211.967214231,85.4738831222,226.165782616,183.714764551,211.968036412,211.968682937,360.972234265,0.0199995846182,0.0149993114545,0.0149996363418,0.014999392357,0.0150096888372,223.743166446,177.624902768,0.020305052289,261.684337264,0.014999712645,0.0149868038283,0.0198661420354
2011-12-26 00:00:00,234.107701832,0.0149988653397,0.0199940141856,215.037412945,0.0460052158916,-0.00102006570232,0.0150078273467,0.014999779284,0.0199900948798,233.67170647,0.0249484830725,211.967213801,85.4738831446,226.165783508,183.714763166,211.968074432,211.968661568,360.972225752,0.019999441611,0.0149989566159,0.0149995757598,0.0149992502278,0.015009207094,223.743157444,177.6249027,0.0169803311356,211.969878859,0.0149996088171,0.014986413563,0.0197826536227
2011-12-26 01:00:00,234.107699617,0.0149990865369,0.0199930922349,215.037404125,0.0460048841879,-0.00102192964099,0.0150078088358,0.0149997625465,0.0199865910632,233.67170491,0.0249477134353,211.967212978,85.4738830175,226.165773063,183.714762091,211.968072307,211.96861646,360.972205722,0.0199993893041,0.0149982967354,0.014999467022,0.0149992031236,0.0150092901076,223.743146836,177.624902637,0.0172718527577,211.968700203,0.0149997138973,0.0149812258386,0.0198487617036
2011-12-26 02:00:00,234.107696368,0.0149992058467,0.0199928635247,215.037397265,0.0460050735507,-0.00102380874665,0.015011141104,0.0149997426279,0.0199842690145,233.671703671,0.0249422728855,211.967212268,85.4738827583,226.165762013,183.714761735,211.96806654,211.968599505,360.972165439,0.0199993897653,0.0149977173585,0.0149995003735,0.0149992895312,0.0150093341009,223.743139125,177.624902612,0.0239745487482,211.968685973,0.015000748699,0.0149840893905,0.0198325161336
2011-12-26 03:00:00,234.107697006,0.0149995005001,0.0199932391,215.037394139,0.0460057715001,-0.00102559501716,0.0150186681548,0.0149997242943,0.0199831896591,233.671703404,0.0249327372127,211.967211802,85.4738824683,226.165758399,183.714761986,211.968056421,211.968607431,360.972119044,0.019999429634,0.0149973945207,0.0149994985514,0.0149996184021,0.0150093322046,223.74314933,177.624902595,92.2063629721,211.968719515,0.0149995768255,0.0149870436469,0.0198079864814
2011-12-26 04:00:00,234.107699822,0.0149998108763,0.0199939422008,215.037398546,0.0460066679456,-0.00102735947309,0.0150362749459,0.0149997071444,0.0199830145277,233.671703851,0.0249257932179,211.967211352,85.4738826161,226.165760764,183.7147619,211.967989487,211.96863069,360.972172403,0.0199994730235,0.014997248312,0.0149995996115,0.0150001392412,0.0150093388706,223.743156547,177.624902669,211.966278318,211.968991364,0.0149995216352,0.0149854554629,0.0198763331437
2011-12-26 05:00:00,234.107701931,0.0150000922884,0.0199948676179,215.037411656,0.0460074013638,-0.00102911399319,0.015054004763,0.0149997055282,0.0199838093199,233.671704474,0.0249228882228,211.967210792,85.4738819133,226.165773072,183.714761519,211.967929983,211.968672297,360.972198945,0.0199994643805,0.0149972045893,0.0149998164596,0.0150005318865,0.0150093725725,223.74316862,177.624902775,211.9673327,261.673718083,0.0149996929653,0.0149880535544,0.0199193811951
2011-12-26 06:00:00,234.1077048,0.0149996274759,0.0199963943044,215.037415939,0.0460074522679,-0.0010308050446,0.0150532759253,0.0149997358958,0.0199872738966,233.671706603,0.0248790348591,211.967210031,85.4738810089,226.165781168,183.714760991,171.694336775,211.968684822,360.972194795,0.0199996235972,0.0149973126483,0.0150000986665,0.0150002577659,0.0150092225301,223.743175127,177.624902819,211.966943949,261.683684091,0.0150002824576,0.0149930044339,0.019924602029
2011-12-26 07:00:00,234.107708535,0.0149993932403,0.0199960558365,215.037351578,0.0460079572116,-0.00103260037113,0.0150598124749,0.0149997344732,0.0199886243609,189.274089224,0.0201804031171,211.967208909,85.4738802033,226.165791846,148.808958079,211.956104334,211.968703182,292.387424954,0.019999747752,0.0149974764237,0.0150005486261,0.0150001117642,0.0150059073334,223.743180362,177.624902777,211.967755657,261.684487126,0.0150007186218,0.0149948368124,0.0199422087388
2011-12-26 08:00:00,189.627242769,0.0149991814212,0.0199966947702,174.180139261,0.04600790524,-0.00103424923427,0.0150800416759,0.0149997549717,0.0199865550954,189.274085255,0.0200462805212,211.967206981,64.1054570273,183.194311674,148.808951275,171.694154918,171.694670291,292.382989011,0.0199996090849,0.0149975071466,0.0150011684265,0.0150002136235,0.0121569951538,181.231987889,177.624902178,211.968037042,211.964578033,0.0150018662658,0.0149936718084,0.0199358221497
2011-12-26 09:00:00,175.58119854,0.0149988742411,0.0199975192493,93.5416621815,0.0372661754245,-0.00103596884868,0.0156569764762,0.0149997897729,0.0199905511318,189.274081188,0.0200117373226,171.693424758,64.1053985619,183.194310443,98.6667424044,171.69415652,171.694669464,292.38297831,0.0199994268054,0.0149979258915,0.015001892395,0.0150001955492,0.0121213208398,181.231974191,143.876170185,211.968209802,211.968522393,0.0149870019438,0.0149659338208,0.0194208684727
2011-12-26 10:00:00,175.580906337,0.0149981251266,0.0199978165465,0.0100551577804,0.0372604696283,-0.00103771840786,0.0199807797478,0.0149998009093,0.0199928754646,189.274082168,0.0200169866787,158.975402086,0.010051740277,183.194311143,0.0100628848018,171.694159848,171.694670551,292.382940027,0.0199994564815,0.0149981508882,0.0150032030772,0.0150002135102,0.0100029422744,181.231954806,133.218585512,211.968364046,211.968555635,0.0149832655665,0.0149509918599,0.0192845728291
2011-12-26 11:00:00,175.581130347,0.0149979816765,0.019997976369,0.0101514041777,0.0350313741861,-0.00103951918896,0.0199957049098,0.0149998120541,0.0199955976058,189.274087165,0.0201469757315,0.0100081793753,0.0100620084748,183.194315175,0.0203813983195,171.694171899,171.694674568,270.738349501,0.0199994272318,0.0149990159703,0.0150039260425,0.0150000886338,0.0100033720099,181.231982064,0.0100018849869,211.968482372,211.968562584,0.0149873938357,0.0149507835754,0.0191203712984
2011-12-26 12:00:00,189.627247237,0.0149984366663,0.019998655216,174.17817753,0.0353025844206,-0.00104137805691,0.0200047932931,0.0149998361103,0.019997896638,189.274092998,0.0202021222785,0.0100060681807,64.1053345876,183.194324383,148.808953,211.968543077,171.694685924,292.382975654,0.0199996092827,0.014999459514,0.0150153050655,0.0149999576326,0.0121188501126,181.232020802,0.0100016228069,211.968508573,211.968571866,0.0149967808316,0.0149748715152,0.0193813193092
2011-12-26 13:00:00,189.627283771,0.0149985533751,0.0199975129613,174.180254755,0.0372667264921,-0.00104326093413,0.0200018719111,0.0149998292759,0.0199996412552,211.968532135,0.0202366023269,0.0100080496105,64.1054259751,183.194349107,148.808961496,246.019797022,211.968525343,292.382982457,0.0199997362083,0.0149995800214,0.0150038192652,0.0149998609977,0.0121574223637,223.743170035,0.0100048437503,211.968521318,211.968704611,0.0150025539807,0.0150023614134,0.0200065832586
2011-12-26 14:00:00,234.107696137,0.0149987849759,0.0199975475177,215.037310834,0.045290861475,-0.00104508382729,0.0200812080465,0.0149998297111,0.0200016348403,233.671713516,103.57653903,92.2066801583,85.4738160341,226.165791229,183.714761692,246.020702052,211.977411787,360.966633246,0.0200000946467,0.0149995620279,0.0150020207773,0.0149999769638,0.0121600490854,223.743181248,143.876168611,211.968535715,261.684559975,0.015005154392,0.0150148089217,0.0203377614045
2011-12-26 15:00:00,234.10772539,0.0149990837424,0.0199985811404,215.037358552,0.0460184219652,-0.00104697537596,0.0344934088233,0.0149998426444,0.0200030252013,233.671716444,103.576586854,171.693426827,85.4738812814,226.165882619,183.714765013,246.020721844,211.977448604,360.966640158,0.0200005782523,0.0149995570832,0.0150013756733,0.0150002217081,211.968389725,223.743189128,143.87617151,211.968569584,261.684584605,0.0150103899452,0.0150331319006,0.0258398335254
2011-12-26 16:00:00,234.107727685,0.014999503674,0.0199995447051,215.037363258,171.68452842,-0.00104890540367,0.0345687336305,0.0149998799838,0.0200029095083,233.67171862,103.57659502,171.693493576,85.4738827925,226.165899685,183.714766186,246.020728561,211.977456798,360.966640887,0.0200009759242,0.015000142111,0.0150008510783,0.0150003932057,211.968390872,223.743192992,177.624906001,211.968583495,261.684591044,0.0150347646231,0.0151743965512,0.0259185104615
2011-12-26 17:00:00,234.107728737,0.0150002019452,0.0199996436238,215.037363785,171.684531463,-0.0010509186962,0.0345804768328,0.0149998944384,0.0200023008525,233.671719573,103.576598595,211.967335221,85.4738829165,226.165905902,183.714766619,246.020732205,211.97746086,360.966640814,0.0200011017294,0.0150007982278,0.015000667726,0.0150003516942,211.968391235,223.743192592,177.624907011,211.968584675,261.684591954,0.0152610560705,0.015513120541,0.0259273331635
2011-12-26 18:00:00,234.107727705,0.0150011210341,0.020000943844,215.037363892,171.684532409,-0.00105288184528,0.0345880091084,0.0149999107949,0.0200013432819,233.671719605,103.576598591,211.967338235,85.473882657,226.165905531,183.714766146,246.020729712,211.977463064,360.966640551,0.0200015582645,0.0150009640304,0.0150005879626,0.0150002495704,211.968391423,223.743192479,177.624907312,211.968564401,261.684590331,0.0154765577671,0.0163217298771,0.0259040744382
2011-12-26 19:00:00,234.107726355,0.0150024964031,0.0199993560234,215.037362573,171.684532061,-0.00105482619438,0.0344732356869,0.0149998827144,0.0200018851263,233.671719232,103.576598591,211.967339494,85.4738825097,226.165903741,183.714765447,246.020731781,211.977465374,360.966639995,0.0200009808365,0.0150009857218,0.0150004568215,0.0150001412622,211.968391517,223.743191886,177.62490748,211.968571644,261.684587807,0.0154690108767,0.0150569272332,0.0253965025927
2011-12-26 20:00:00,234.10772453,0.0150055478515,0.0199982285665,215.037360387,171.684531056,-0.00105682581927,0.0282134597022,0.0149998755239,0.0200006312353,233.671718509,103.576596625,211.967339972,85.4738826358,226.165910293,183.714764344,246.020730847,211.977465992,360.966638982,0.0200006181093,0.015001141212,0.0150002052219,0.015000005583,211.968391535,223.743187426,177.624907527,211.968575711,261.684580635,0.0153495930693,0.0150150072054,0.0200360516216
2011-12-26 21:00:00,234.107726198,0.0150067257662,0.0199977253377,215.037357362,171.684532759,-0.00105889567913,0.0345739743178,0.0149998667697,0.0199990860806,233.671718346,103.57659634,211.967340014,85.4738829648,226.165906173,183.714763501,246.020733922,211.977464275,360.966637989,0.0200005333147,0.0150018441717,0.0149999953222,0.0149998568323,211.968391488,223.743181404,177.624907453,211.968585895,261.684574966,0.0150363890294,0.0149992425469,0.0199845604863
2011-12-26 22:00:00,234.107722333,0.0150024875467,0.0199970766192,215.037350345,171.684532745,-0.0010609441644,0.034593053867,0.0149998586539,0.0199973223839,233.671716692,103.57659049,211.967339868,85.4738828068,226.165875795,183.71476213,246.020734541,211.977458252,360.966635776,0.0200002672422,0.015002752819,0.014999810521,0.0149996430104,211.968391366,223.743171281,177.624907299,211.968575076,261.684528539,0.0150069874967,0.0149857536444,0.0199191290289
2011-12-26 23:00:00,234.10772035,0.0150005801646,0.0199963724914,215.037340339,171.684531588,-0.00106304120528,0.0345630641178,0.014999865142,0.0199953794531,233.671713973,103.576574024,211.967339017,85.4738829799,226.165824443,183.714760209,246.020736363,211.977434095,360.966633007,0.02000006119,0.0150056926189,0.0149996462542,0.0149994331857,211.968391195,223.743163157,177.624907105,211.968564949,261.684354152,0.0150004649097,0.0149857421961,0.0198398539637
2011-12-27 00:00:00,234.107718138,0.0149996790306,0.019995819257,215.03733143,171.684531916,-0.00106500982337,0.0335881999031,0.014999968811,0.0199944106794,233.671709467,103.576580121,211.96733787,85.4738828546,226.16581978,183.714747946,246.020737186,211.977115146,360.966627502,0.0199999639849,0.0150202434239,0.0149995799905,0.014999302549,211.968391214,223.74315029,177.624906915,211.968526181,211.968857986,0.0149991775937,0.014984480815,0.0197689795499
2011-12-27 01:00:00,234.107717593,0.0149993825961,0.0199952729738,215.03732513,171.684531782,-0.00106699839153,0.0282526926213,0.0150000071851,0.0199943857245,233.671707317,103.576572181,211.967337034,85.4738827757,226.165812682,183.714749973,246.020737233,211.968724703,360.966617986,0.0199998880974,0.0150423676732,0.0149995464376,0.014999255786,211.968391083,223.743131079,177.62490683,211.968535293,211.968707067,0.0149986929422,0.01498355922,0.0197450203782
2011-12-27 02:00:00,234.107716458,0.0149992296201,0.0199954597083,215.037320388,171.684531579,-0.00106895599404,0.0345052835286,0.0150001647195,0.019994452374,233.671706186,103.576562752,211.967336321,85.4738826405,226.165813605,183.714755043,246.020736761,211.96864882,360.966603411,0.0199999105561,0.0150673836791,0.014999517806,0.014999263356,211.968390996,223.743137204,177.624906794,211.968546468,211.968696898,0.0149985541994,0.0149809231424,0.0197472805318
2011-12-27 03:00:00,234.107718371,0.0149992232136,0.0199961453883,215.037317138,171.684531911,-0.00107071400768,0.034597701409,0.0150009399874,0.0199941997246,233.671706446,103.576562271,211.967335681,85.4738822729,226.165820743,183.714759481,246.020736929,211.968799205,360.966596236,0.0200000048806,0.0150507120003,0.014999546348,0.0149993042949,211.968390963,223.743140657,177.62490684,211.968559338,211.968891041,0.014998894482,0.0149881592665,0.0198392589212
2011-12-27 04:00:00,234.107723019,0.0149993791815,0.0199971080602,215.037319703,171.68453308,-0.00107249958928,0.0346139503961,0.0150020986614,0.0199947021834,233.67170711,103.576585112,211.967335313,85.4738823035,226.165856596,183.714762045,246.020739583,211.977399921,360.966601732,0.0200001575794,0.0150299054337,0.0149996980037,0.0149994656981,211.968390991,223.743154952,177.624907022,211.968568246,261.6839421,0.0150002206072,0.0149940475322,0.0199436388097
2011-12-27 05:00:00,234.10772824,0.0149995009483,0.0199987191048,215.037325089,171.684533961,-0.00107405561538,0.0346222935394,0.0150048011887,0.0199964455776,233.671710158,103.57659472,211.967335039,85.4738826013,226.165926772,183.714764169,246.020743142,211.977463879,360.966611265,0.020000423863,0.0150150147458,0.0150001202414,0.0149997683085,211.968391127,223.743168015,177.624907243,211.968584849,261.684566142,0.0150021110384,0.0149992979223,0.0199801031146
2011-12-27 06:00:00,234.107731827,0.0149996175353,0.0200020397738,215.037324733,171.684534296,-0.00107561563656,0.034628525396,0.0344856762883,0.0199976459513,233.6717119,103.576600162,211.96733486,85.4738824519,226.165944127,183.714763626,246.020744417,211.977469794,360.966607025,0.0200014640541,0.0150228027027,0.0150006827448,0.0150001697134,211.968391128,223.743170407,177.624907322,211.968588865,261.684586885,0.0150045746774,0.0150042311575,0.0199998311401
2011-12-27 07:00:00,234.107732643,0.0149996998827,0.0200042086999,215.037279295,171.684534227,-0.00107714940197,0.0346304321303,0.0344862910765,0.0199981376267,189.274091951,83.8970480515,211.967333984,85.4738824965,226.165950787,148.808964478,246.020746046,211.977476501,292.382913885,0.0200021646099,0.0150174602012,0.0150010668758,0.015000629015,211.968390356,223.743165499,177.624907288,211.968590379,261.684604533,0.0150055530131,0.0150068937661,0.0200077821534
2011-12-27 08:00:00,189.627260422,0.0149995613002,0.0200101343674,174.180081703,171.684532239,-0.00107877157401,0.0346343401157,0.0344863456954,0.0199963258627,189.274086825,83.8970385134,211.967333214,64.1064251607,183.194448415,148.808961851,246.020739859,211.968508316,292.382899837,0.0200018411701,0.0150133598347,0.0150012425929,0.0150017166974,171.694395481,181.231947074,177.624906686,211.968585788,211.968563585,0.0150056377666,0.01500667939,0.020018107549
2011-12-27 09:00:00,175.580955201,0.0149995741766,0.0200610641575,0.0100945222065,0.04601093074,-0.00108052333543,0.0346348842356,0.0344865778706,0.01999593874,189.274043465,83.8968322946,171.693531912,64.1054197011,183.19443437,148.808958117,246.020730804,171.702084991,292.382890623,0.0200020610564,0.0150060835479,0.0150013888548,0.0150052824067,158.976295353,181.231784585,143.876174076,211.968533954,211.968548018,0.0150056284197,0.015004883732,0.0200204634548
2011-12-27 10:00:00,175.580898793,0.0149994630225,0.0459410071789,0.0100246445161,0.0460092456822,-0.00108242361729,0.0346356739515,0.0344858934605,0.0199960303606,101.652584651,77.6866577032,171.693319434,64.1052804964,183.194432007,148.808955871,246.020705562,171.701894426,292.382869154,0.0200030370822,0.015001883012,0.0150016251951,0.0150133982969,0.0150002272793,0.0103790210607,143.876165574,211.968538013,211.968521616,0.01500455613,0.0150052931149,0.0200193424558
2011-12-27 11:00:00,175.580886347,0.0149993760435,0.0459621111431,0.0100303293068,0.0460086669632,-0.00108429446785,0.0346358185819,0.0344813360336,0.0199967254883,175.254593576,83.895754329,0.0100144307923,0.0100842223715,183.194430276,148.808960201,246.020659245,211.968175233,292.38287811,0.0200048097176,0.0150003170746,0.0150019322826,0.015054034222,0.0149994166576,0.0121867959354,0.0100056001807,211.968541841,211.968515697,0.0150056688617,0.0150050183593,0.020022635989
2011-12-27 12:00:00,175.580918811,0.0149996144337,0.0459689050273,161.275859525,0.0460082049923,-0.00108623265456,0.0346362016533,0.0344808844255,0.0199986863593,189.274086734,83.8970468944,0.0100050252054,64.1053413164,183.194443482,148.808965511,246.020691223,211.968519635,292.382893916,0.0453899923739,0.0149996401139,0.0150020813542,0.0150147404691,101.979605191,181.231901347,0.0100017575685,211.968578889,211.968538691,0.0150053684131,0.0150035119679,0.0200217208119
2011-12-27 13:00:00,189.627263521,0.0149996739257,0.0459713274848,174.180191031,0.046008427989,-0.00108814117722,0.034636322208,0.0150616627929,0.0200008128772,189.274099266,83.8971113308,0.0100107514813,64.1054288266,183.194494687,148.808986075,246.0207426,211.968556517,292.382899281,0.0459818834923,0.0149997543652,0.0150027791137,0.0150786717459,171.694395565,181.23195647,0.0149135287842,211.968568455,211.96855379,0.0150064747342,0.0150065391461,0.02002409789
2011-12-27 14:00:00,234.107706662,0.0149996923516,0.0459736905397,215.037194071,0.0460095425532,-0.00108988213462,0.0346377040757,0.0150065350728,0.0200073093926,233.671717348,211.968803969,158.975586775,85.4738045413,226.165882527,183.714800439,246.020750069,211.977482566,360.966527149,0.0459853816969,0.0149996531222,0.0150047316299,0.0343332673211,171.694397722,211.968574031,143.876172984,211.968573044,261.684605203,0.0150087639562,0.0150086876356,0.0200297839952
2011-12-27 15:00:00,234.10774555,0.0149996202284,0.045974701882,215.037303867,0.0567987005213,-0.00109170642782,0.0346386861203,0.0150039142,0.0202912758623,233.671721904,211.968847449,171.693533398,85.4738825363,226.166185906,183.714809098,246.020751043,211.977487681,360.966535877,0.0459899725816,0.0149997267404,0.015006807914,0.0344910687494,234.425247117,223.743168883,143.876174995,211.968590617,261.684617302,0.0150091227021,0.0150090615175,0.0200343025622
2011-12-27 16:00:00,234.107748697,0.0149995117742,0.045974725748,215.037310068,0.0568026600339,-0.00109368119191,0.0346390102108,0.0150024386504,92.2063073008,233.671724462,211.968853089,211.966671964,85.4738837324,226.166201728,183.714811843,246.020750961,211.977488009,360.966536811,0.0460005768021,0.0150004429532,0.0150098101836,0.0345017672031,234.425248125,223.743175064,177.624907113,211.968596151,261.684619107,0.015009313905,0.0150081337556,0.0200309898309
2011-12-27 17:00:00,234.107748435,0.0149994398819,0.0459695179124,215.037311627,0.0568015119185,-0.00109566578686,0.0346367897517,0.0150014177985,92.2063146534,233.671725705,211.968853588,211.967352511,85.4738839354,226.166206625,183.714812824,246.020750788,211.977487862,360.966536895,0.0459999877802,0.0150012430657,0.0150147017558,0.0345044127696,234.425248425,223.743178371,177.624907702,211.96859202,261.684618244,0.0150080512768,0.0150056273107,0.0200249288044
2011-12-27 18:00:00,234.107745657,0.0149994014609,0.0459644082176,215.037312569,0.056798305474,-0.0010976558588,0.034629755658,0.0150009073539,92.2063171133,233.671725876,211.968856019,211.967354841,85.4738834776,226.166209439,183.714797053,246.020750454,211.977487967,360.966536569,0.045987853582,0.015001143541,52.2084719736,0.0344998474367,234.425248552,223.743179276,177.624907845,211.968563083,261.684617827,0.0150067623387,0.0150031518626,0.0200440698727
2011-12-27 19:00:00,234.107740565,0.0149992042459,0.0459370320404,215.037311401,0.056763005115,-0.00109966640919,0.0346242025386,0.0150000931804,92.20647281,233.671725762,211.968849346,211.967355715,85.47388289,226.166210129,183.714789602,246.020750002,211.97748788,360.966536003,0.0459862351617,0.0150007604446,52.2084983551,0.0344964002178,234.425248596,223.743178416,177.62490792,211.968531596,261.684615949,0.015004787206,0.0149984098673,0.0200342160881
2011-12-27 20:00:00,234.107734454,0.0149991367487,0.0200284709865,215.037309723,0.0460114172694,-0.00110166413355,0.0346197125021,0.0149999700089,92.2066017634,233.671725048,211.968844758,211.967355893,85.47388264,226.166211751,183.714773986,246.020749049,211.977487347,360.966535001,0.0459845656971,0.0150005071351,52.2085157514,0.0344901410989,234.425248582,223.743174699,177.624907891,211.968523369,261.684610848,0.0150040542173,0.0149911707263,0.020010842435
2011-12-27 21:00:00,234.107734608,0.0149989049821,0.0200062332964,215.037307125,0.0460113980226,-0.00110373762637,0.0346109971746,0.0149999059336,92.2066258556,233.671725482,211.968841339,211.967355773,85.4738827767,226.166209093,183.714776403,246.020747551,211.977486517,360.966533949,0.0459813334762,0.0150004210789,52.2085204789,0.0344779381331,234.425248484,223.743172214,177.624907768,211.968537207,261.68460436,0.0150031877233,0.0149872142787,0.0200034421654
2011-12-27 22:00:00,234.107727738,0.01499871958,0.0200026076584,215.037300606,0.0460099515108,-0.00110587046167,0.0345521849688,0.0149998574438,92.2066328853,233.67172367,211.968833581,211.967355442,85.4738824484,226.166199895,183.714780438,246.020745767,211.977483744,360.966532,0.0457177588231,0.0149998363717,52.2085211172,0.0343739345886,234.425248323,223.743164978,177.624907577,211.968519948,261.684591923,0.0150021835644,0.0149828535226,0.0200045526762
2011-12-27 23:00:00,234.107723944,0.0149986154385,0.0200007464666,215.037290338,0.046008734459,-0.00110789110421,0.0200031658879,0.0149998092314,92.2066363366,233.671720941,211.968810625,211.96735449,85.4738830765,226.166173856,183.714792921,246.020744028,211.977474882,360.966529241,0.0200169213613,0.014999883585,52.2085203489,0.0158463914896,234.42524809,223.743156275,177.624907323,211.968465502,261.684553008,0.0150016364015,0.0149816780945,0.0200141176688
2011-12-28 00:00:00,234.107721268,0.0149985686304,0.0199995380549,215.037283491,0.0460074564067,-0.00110992475692,0.0200002543637,0.0149997922278,92.2066348081,233.671718332,211.968711749,211.967353244,85.4738830884,226.166101617,183.714794229,246.020743511,211.977452571,360.966523658,0.0200067032554,0.0149992380107,52.208520622,0.0157489107229,234.425247796,223.743144057,177.624907078,211.968391203,261.684339214,0.0150015855796,0.0149827609894,0.020050023816
2011-12-28 01:00:00,234.107719729,0.0149986394524,0.0199973947818,215.037277948,0.0200166209566,-0.00111190575471,0.015128394011,0.014999772176,92.2066382155,233.671716224,211.968580504,211.96735193,85.4738829519,226.165992239,183.714808177,246.020742047,211.977381636,360.966514488,0.0200045986408,0.014998969159,52.2085200548,0.0150885252349,234.425247667,223.743137591,177.624906972,211.96820462,261.682453254,0.0150030663995,0.0149876590367,0.0202131096464
2011-12-28 02:00:00,234.10771873,0.0149987591179,0.0199961620972,215.037274274,0.0200150983166,-0.00111382771836,0.0150634790925,0.0149997557577,92.2066394751,233.671715638,211.968560896,211.967350785,85.4738828668,226.165939567,183.714814614,246.020739809,211.977256311,360.96650401,0.0200037021604,0.0149986825132,52.2085186213,0.015025031941,234.425247619,223.743138578,177.624906907,211.968113843,212.039610973,0.0150043204688,0.0150012617457,0.0274944440883
2011-12-28 03:00:00,234.107720382,0.0149989436082,0.0199956429856,215.037271356,0.0200151890807,-0.00111572054794,0.0150527743813,0.0149997393795,92.206641234,233.671714943,211.968589977,211.967349978,85.4738824993,226.165955053,183.714817652,246.020738553,211.977374735,360.966492171,0.0200032692296,0.0149984313472,52.2085227242,0.0150096728317,234.425247618,223.743135043,177.624906925,211.968054352,261.68415277,0.015007710305,0.0150259729938,92.2078377339
2011-12-28 04:00:00,234.107725661,0.0149993501674,0.0199955201461,215.037274526,0.0200153980183,-0.001117532663,0.0150331998293,0.0149997269292,92.2066419807,233.671716336,211.968787222,211.967349009,85.4738826169,226.166096033,183.714821108,246.020738306,211.977452528,360.966498684,0.0200029278486,0.0149984077075,52.20852805,0.0150038376024,234.425247725,223.743150344,177.624907075,211.967864733,261.684513197,0.0150199257599,0.0155013525096,92.2079959795
2011-12-28 05:00:00,234.107732073,0.0149997598663,0.0199958880907,215.037279006,0.0200157855802,-0.00111918931073,0.0150231417057,0.0149997302923,92.206642889,233.671718714,211.968814864,211.96734845,85.4738822148,226.166192583,183.714824426,246.020738096,211.977477301,360.966507163,0.0200027606054,0.014998266869,52.2085444334,0.0150019466661,234.425248032,223.74316377,177.624907274,211.967959996,261.684589582,0.0151143541529,0.0172574494608,92.2081621439
2011-12-28 06:00:00,234.107738954,0.0150002573299,0.0199971520581,215.037280594,0.0200298691489,-0.00112079614676,0.0150537368586,0.0149997615601,92.2066404747,233.671721581,211.968819326,211.967348322,85.4738823444,226.166207371,183.714825689,246.020734037,211.977482107,360.966505616,0.0200039196482,0.0149982843574,120.019166833,0.0150038116845,234.425248204,223.743170521,177.624907305,211.967816608,261.684596991,0.0152693485545,0.0175572292624,92.2096902688
2011-12-28 07:00:00,234.107741786,0.0150004451402,0.0199976771998,215.037243645,0.0200613350197,-0.00112241657522,0.0150381189445,0.0149997924384,92.2066382988,189.274098941,171.694692137,211.967347412,85.4738827223,226.166213147,148.809148598,246.020723443,211.977485207,292.382851033,0.0200031558701,0.0149986350093,52.2085724327,0.0150025873022,234.425247924,223.74317016,177.624907153,211.967559723,261.684605713,0.0153847467722,0.0176307200122,92.2091408254
2011-12-28 08:00:00,189.627281298,0.0150008517374,0.0199981001613,174.180120713,0.0200161506694,-0.00112418176792,0.0150160749861,0.0149998272702,92.206314731,189.274093628,103.57646447,211.967345603,64.1060431549,183.194679864,148.809019027,246.02053861,211.968574133,292.382838203,0.0200010527586,0.0149989487624,52.2085272734,0.0150016348118,189.884450792,181.232057355,177.624906144,211.964543176,261.684136573,0.0154252945994,0.0171912565439,92.2078953069
2011-12-28 09:00:00,189.627252046,0.01500218788,0.0199817554259,161.277502987,0.0162154309223,-0.00112591302807,0.0149969115085,0.0149998462,92.2061472451,189.274072318,0.0199974636728,171.693531816,64.1054322188,183.194645489,148.809016817,211.968555146,211.968549224,292.382831666,0.0199989266682,0.0149994274975,52.2085168663,0.0150011036548,189.884439781,181.231975071,143.876168737,0.0149279515268,211.968635386,0.0150155035133,0.0152516598975,69.1562137964
2011-12-28 10:00:00,175.580934894,0.0150018073853,0.0199773016433,0.0100789882926,0.0153502650374,-0.00112774166119,0.0149943014949,0.0149997816388,74.6871666041,189.273997165,0.0199877462607,171.693465458,64.1052208149,183.194638727,148.809016259,211.968412544,211.968514914,292.382823069,0.0199976341231,0.014995141073,52.2085068815,0.0150009477781,0.0151307885598,181.231960709,143.876157568,0.0148444956984,211.968577332,0.0150856184917,0.0155386761763,69.1565161358
2011-12-28 11:00:00,175.580912844,0.0150085697773,0.0199890549982,0.010104865353,0.0152870293031,-0.00112968466295,0.0149939108681,0.0149997908876,74.6871639604,189.274088052,0.0199997884498,0.0100129390015,0.0100893742375,183.19460995,148.809018643,171.694585792,211.96841254,292.382818412,0.0199957616696,0.0149946681737,52.2084856509,0.0150008564032,0.0149783453784,181.231921396,0.0100056294571,0.0148149797858,211.968561908,0.0154332687637,0.0158744466367,92.2078980013
2011-12-28 12:00:00,175.580930144,0.015028818198,0.0199947587228,161.278230314,0.0153149597995,-0.00113169619125,0.0149957801929,0.0149998230907,92.2063113688,189.274098722,103.576425357,0.0100052000096,64.1053614913,183.194630969,148.809028301,171.69456916,211.968540988,292.382832631,0.0199977104836,0.0149953094046,52.2084712172,0.0150008554245,175.818955693,181.231933827,0.0100013907253,0.0148251319734,211.96856784,0.0165595223047,0.0172039000077,92.207947291
2011-12-28 13:00:00,189.627268369,0.0151512541213,0.0199964337869,174.180180318,0.0162126206297,-0.00113354718201,0.0149989464114,0.014999825266,92.2063229047,189.274120445,171.694691189,0.0100103367382,64.1054473438,183.194653874,183.714734465,171.694577349,211.968581469,292.38283762,0.01999879272,0.0149959620644,0.0216335620332,0.0150008472657,189.884450657,181.231969821,0.0146008782799,0.0148581257068,211.968603067,0.0352912551523,0.0177232178168,92.2079927167
2011-12-28 14:00:00,234.107690811,0.0345489640897,0.0199978968945,215.037215006,0.0199356169692,-0.00113539872081,0.0150016424716,0.0149998544234,92.2063319162,233.671733412,211.968665947,158.97554167,85.4737963993,226.165845583,183.714898864,211.96856682,211.977484532,360.9664529,0.0200002200911,0.0149969969028,0.0150293654588,0.0150009161239,189.884452686,211.968519514,143.876167492,0.0149809296729,261.684596352,0.0354758260824,0.0177034536172,92.2079812253
2011-12-28 15:00:00,234.107757101,0.0345514366031,0.0199986520357,215.037270374,0.0200112223669,-0.00113733696168,0.0150107112154,0.0149999221981,92.206317787,233.671739625,238.106456127,171.693531846,85.4738827676,226.166248199,183.714904594,211.968567397,211.977488178,360.96645989,0.0200019815398,0.0149990034409,0.0150109341134,0.0150012505931,234.425252902,223.743172137,143.8761692,0.0152977595915,261.684606378,0.0353246443847,0.0176837981976,92.2079605358
2011-12-28 16:00:00,234.107762432,0.0345506063854,0.0199991292119,215.037276361,0.0200136880711,-0.00113935032599,0.0150204829972,0.0149999789431,92.2063136502,233.671742849,238.10646634,211.966481722,85.4738838837,226.166257065,183.714906528,211.968559567,211.97748744,360.966460662,0.0200024602209,0.0150011274139,0.0150062289148,0.0150015672864,234.42525357,223.743176205,177.624899868,0.0151108593761,261.684605714,0.0190368045288,0.0175266825006,92.2079299527
2011-12-28 17:00:00,234.10776315,0.0345435453426,0.0199989889096,215.037277351,0.0200139642831,-0.00114137692848,0.0150272332508,0.01500002001,92.2063099897,233.671744332,238.106469435,211.967336462,85.4738840296,226.166259947,183.714907322,211.968553917,211.977486309,360.966460547,0.020002511615,0.0150024504127,0.0150036407472,0.015001479865,234.42525377,223.743178386,177.624900293,0.0150592690944,261.684601329,0.0184226659431,0.0172578833546,92.2078826161
2011-12-28 18:00:00,234.107752131,0.0150519310087,0.0199994492633,215.037277801,0.0200137754763,-0.00114338042999,0.015051510097,0.0150000417731,92.206310262,233.671744669,238.106474247,211.967338353,85.4738836288,226.166261774,183.714907336,211.968533985,211.977485116,360.966460339,0.0246723810043,0.0150030805526,0.0150026240693,0.0150010388827,234.425253844,223.74317799,177.62490032,0.0189177479617,261.684581876,0.0155153556053,0.0162154761083,92.2077940422
2011-12-28 19:00:00,234.107739752,0.0150344409312,0.0199987390978,215.037276429,0.0200128780014,-0.00114541190243,0.0150154537482,0.0149999948067,92.2062952922,233.671744588,238.106471388,211.967339011,85.4738830601,226.166261532,183.714907118,211.968517325,211.977484361,360.96645972,0.020004573285,0.0150037762074,0.0150016727633,0.0150008212565,234.425253827,223.743175986,177.624900343,0.0150551567623,261.684569331,0.0154379242194,0.015164526258,92.2073069623
2011-12-28 20:00:00,234.107734213,0.0150304068182,0.0199981955153,215.03727382,0.020012811353,-0.00114744594863,0.0150163044901,0.0149999502079,92.2057248451,233.671743873,238.106467374,211.967339106,85.4738828994,226.166262121,183.714906377,211.9685073,211.977482964,360.966458639,0.0200037040432,0.0150042676149,0.0150011363094,0.0150003915829,234.42525378,223.743170424,177.624900258,0.0150109028574,261.68449485,0.0150826409009,0.0150155303696,0.0205392523378
2011-12-28 21:00:00,234.107736883,0.0150219850347,0.019997391251,215.037270359,0.020013896277,-0.00114953857743,0.0150539868312,0.0149999122519,0.020032085815,233.671743852,238.10646365,211.967338961,85.4738830924,226.166259188,183.714905346,211.968531195,211.977480302,360.966457609,0.020003536537,0.0150026559463,0.015000674621,0.0150004317966,234.425253642,223.743166304,177.624900101,0.0150112870211,261.682039512,0.0150099129265,0.0149978924045,0.0201309080903
2011-12-28 22:00:00,234.107729555,0.0150041155096,0.019996769503,215.037263431,0.0200140901813,-0.00115165420165,0.0150630856166,0.014999870444,0.0200101491743,233.6717422,238.106454116,211.967338494,85.4738828947,226.166251076,183.714904352,211.968535219,211.977474807,360.966455419,0.0200020252424,0.0150013486069,0.0150003439645,0.0150002020271,234.425253428,223.743153059,177.624899864,0.0150115183014,211.968660048,0.015003236293,0.0149893421181,0.0200402823502
2011-12-28 23:00:00,234.107726367,0.0150013046052,0.0199959646277,215.037252526,0.0200139393213,-0.00115371945328,0.0150642772341,0.0149998403907,0.0200050112213,233.671738679,238.106441407,211.96733752,85.4738829531,226.166229603,183.71490328,211.968531831,211.977457558,360.966452991,0.0199998772955,0.0150007463554,0.0150000884146,0.0149998463552,234.425253137,223.743141331,177.624899585,0.0150146503618,211.968604287,0.015001333381,0.0149852137288,0.020011979533
2011-12-29 00:00:00,234.107721299,0.0150002232777,0.0199958399679,215.037243713,0.0200125599066,-0.00115575580662,0.0150536760535,0.014999824497,0.0200078236484,233.67173456,238.106425738,211.967336511,85.4738829786,226.166179743,183.714902668,211.968510928,211.977422042,360.966447333,0.0200000498536,0.0149997275766,0.0150000015944,0.014999737114,234.425252789,223.743126854,177.624898921,0.01501122812,211.96857268,0.0150007010952,0.0149833930968,0.0200003408744
2011-12-29 01:00:00,234.107717813,0.0149999014338,0.019994549134,215.037237515,0.0200130756472,-0.00115773606322,0.0150251465949,0.0149998163779,0.0200030313208,233.671732122,238.106425796,211.967334966,85.4738830944,226.166089783,183.714901926,211.968472191,211.977108401,360.966436422,0.0199999706106,0.0149990239603,0.0149999549083,0.0149997361634,234.425252551,223.743121013,177.624898665,0.0150110769987,211.968570808,0.0150002235307,0.0149842442637,0.0200008377738
2011-12-29 02:00:00,234.107716017,0.0149997013304,0.0199943895102,215.037233889,0.0200129831489,-0.0011596798282,0.0150353421099,0.014999808097,0.0200012770569,233.671730152,238.106415953,211.967334003,85.473883113,226.166037144,183.714902043,107.01919537,211.969057431,360.966426356,0.0199997113465,0.0149984444984,0.0149999758825,0.0149998864106,234.425252448,223.743115169,177.624898043,0.015009782895,211.96856996,0.0150000639939,0.0149871956911,0.0200048394142
2011-12-29 03:00:00,234.107715031,0.0149997521386,0.0199944278231,215.037231803,0.020013351838,-0.00116154663701,0.0150168414121,0.0149997982806,0.0200004389707,233.671730827,238.106429442,211.967332914,85.4738828156,226.166062244,183.71490263,107.019070222,211.976798432,360.966418105,0.0199997280487,0.0149980611919,0.0150000410806,0.0149997197752,234.42525244,223.743110732,177.624897397,0.0150057631843,211.968577411,0.0150007443725,0.0149916054614,0.020005105205
2011-12-29 04:00:00,234.10771842,0.0150000235406,0.019994799439,215.037234414,0.0200138967352,-0.00116334611412,0.0150141353498,0.0149997847021,0.019999894948,233.671731111,238.106450403,211.967331909,85.4738828757,226.166172128,183.714904312,107.018888826,211.977425165,360.966420218,0.0199997657633,0.0149978999593,0.0150002341452,0.0149998329578,234.425252575,223.743126612,177.624897395,0.0150039025536,211.968595737,0.0150023346041,0.0149954134262,0.0200197938848
2011-12-29 05:00:00,234.107723234,0.0150003664382,0.0199957246771,215.037242905,0.0200142907819,-0.00116496618063,0.0150190490454,0.0149997834223,0.0200000531745,233.671735554,238.106462627,211.96733122,85.473882433,226.166239605,183.714905718,86.6882052368,211.977461514,360.966428505,0.01999986747,0.0149978495377,0.0150006455762,0.015000316224,234.425252917,223.743150763,177.624898014,0.0150041827967,211.968856561,0.0150048802298,0.0150018011649,0.0200509372288
2011-12-29 06:00:00,234.107734815,0.0150020797315,0.0199974547136,215.037245968,0.020014149372,-0.00116651428389,0.0150151959945,0.014999810142,0.0200026078434,233.671739582,238.106467826,211.967330761,85.4738824484,226.166252222,183.714905769,107.018969246,211.977465717,360.966423742,0.0200002096052,0.0149980578759,0.015001354559,0.0150007777163,234.425253096,223.743160553,177.624898254,0.0150076638281,261.684502081,0.0150064154952,0.0150057918638,0.0203293458908
2011-12-29 07:00:00,234.107748598,0.0150040169728,0.0199978592685,215.037211947,0.0200139637876,-0.0011682140727,0.0150155078617,0.0149998471229,0.0200012854333,189.274130407,192.866244805,211.96732974,85.4738829926,226.166256203,183.714709561,0.0156774818544,211.977467576,292.381400671,0.020000446519,0.0149984802246,0.0150023349847,0.0150011246503,234.425251814,223.743162828,177.624898068,0.0150040939752,261.684568576,0.0150072560474,0.0150071906317,0.0201134253101
2011-12-29 08:00:00,211.968464415,0.015005680952,0.0199981288352,174.179957895,0.02001202466,-0.0011699394543,0.015010015224,0.0149998789135,0.0199997457675,189.274117081,192.866231464,211.967327741,85.4738825889,183.194716225,148.809081997,0.0150100533556,171.701772019,292.381391746,0.0200003092344,0.014998889369,0.0150026309928,0.0150013174003,189.884454995,181.231970957,177.62489618,0.0150031859777,211.968549146,0.0150071323745,0.0150070145819,0.0201099445022
2011-12-29 09:00:00,211.96855262,0.0150094907306,0.0199950238978,0.0113792146632,0.0150049448148,-0.0011717655479,0.0149991853696,0.0149998878879,0.0199994358781,189.274113332,178.580685316,171.693512751,85.4738800474,183.194680592,148.809076542,0.0150031337354,171.701758984,292.38135948,0.0199995657421,0.0149994894467,0.0150033013929,0.0150010704657,189.884454398,181.231964776,143.876161126,0.0150007705487,211.968492728,0.0150066892515,0.015010258876,0.0200775124292
2011-12-29 10:00:00,234.107530025,0.0150142412837,0.0199953123714,0.0100659054083,0.0150008884279,-0.0011736043808,0.0149994494933,0.0149998739077,0.0199993195552,189.274110812,178.580530934,171.690322301,85.4738699507,183.194674226,148.809074909,0.0150006608237,171.701757191,270.72583668,0.0199997495836,0.0149997925854,0.0150036138662,0.0150010097915,189.884453848,181.231973365,0.0150001294953,0.0149998918555,211.968462798,0.0150072555548,0.0150047512042,0.0200574845998
2011-12-29 11:00:00,234.107687456,0.0150175078648,0.0199972490967,0.0104562754552,0.0150004815315,-0.00117553520173,0.0150016996132,0.0149998736425,0.0199994909364,189.274113462,178.580862893,0.0100144685173,85.4737763577,183.194673322,148.809075359,0.0150000881629,171.701757717,292.381374717,0.0199999973351,0.0149997520955,0.0150039266269,0.0150007520537,189.884454246,181.232295867,0.0149877484607,0.0149980995187,211.968538466,0.0150095389103,0.0150101939035,0.0200569536151
2011-12-29 12:00:00,234.10769977,0.0150109562515,0.0199981331964,174.180055635,0.015000506506,-0.00117747292314,0.0150037363492,0.0149998825658,0.0200003442291,189.274118158,192.866242514,0.0100066694605,64.105817689,183.194688506,148.809078294,0.015001642607,171.701866438,292.381392799,0.0200000271651,0.0149996446036,0.0150050730495,0.0150008850547,189.884454693,223.74312665,0.0100033847622,0.0149998998572,211.968575824,0.0150074637392,0.0150136638192,0.0201094204811
2011-12-29 13:00:00,234.10771373,0.0150195529057,0.0199982034738,174.18016843,0.0150007022512,-0.00117933669876,0.0150037826923,0.0149998893994,0.020001462648,211.968514889,211.968404134,0.0100074278015,85.4738255993,226.165770328,183.714714833,0.0150082533016,211.968833792,292.381404708,0.0199998738224,0.0149996336021,0.0150058176791,0.0150007770694,189.884455263,223.743151683,0.0149897736304,0.0149975436744,261.683898847,0.0150077670113,0.0150161307156,0.0200737451784
2011-12-29 14:00:00,234.107725043,0.0150259623697,0.0199983117611,215.037170594,0.0150015430262,-0.00118119918676,0.0150025143298,0.0149999000716,0.0200040068781,233.671741246,238.116172137,158.975226528,85.4738760816,226.166238983,183.714905483,0.0184860619222,211.977460879,360.964680289,0.0200004772048,0.0150000169326,0.0150098898395,0.0150011387005,211.968483971,223.743155533,0.015006890766,0.0150002649379,261.684580016,0.015008756985,0.0150171644401,0.0201107803541
2011-12-29 15:00:00,234.107742504,0.0150285602174,0.0199987683109,215.037249931,0.0150111542138,-0.00118305172024,0.0150059368262,0.0149999170732,0.0200076299738,233.671744468,238.116244672,171.693513022,85.473883246,226.166260304,183.714907015,0.0184280374962,211.977463489,360.964684021,0.0200011982321,0.0150009739026,0.0150167456406,0.0150023051094,234.425253075,223.743162882,143.876163463,0.0150022012582,261.684584355,0.0150083732183,0.0150096961439,0.0200912004629
2011-12-29 16:00:00,234.107745722,0.0150295894414,0.0199992092325,215.037256462,0.0185182920723,-0.00118505612035,0.0150074322141,0.0149999606599,0.0200076266742,233.671746259,238.116252697,171.693561954,85.4738842128,226.166262261,183.714907042,0.015053753146,211.977461995,360.96468475,0.0200022670885,0.0150021902866,0.0150374558398,0.0150052071486,234.425253343,223.743163676,177.624895626,0.0150034209589,261.68458385,0.0150076902121,0.0150064147451,0.0200619221035
2011-12-29 17:00:00,234.107739797,0.0150307532731,0.0199989558953,215.037258027,0.018518455594,-0.00118705067915,0.015006697353,0.0149999801618,0.0200057663047,233.671746843,238.11625531,211.967319292,85.4738842708,226.166261344,183.714906639,0.0150473014935,211.977459742,360.964685063,0.0200027490364,0.0150037520471,0.0150389031824,0.0150106469536,234.425253381,223.743162962,177.624896998,0.0150011979394,261.684579947,0.0150068133728,0.0150075292638,0.0200472501851
2011-12-29 18:00:00,234.107741137,0.0150326699525,0.0199987708484,215.037258434,0.0185188371596,-0.00118907996506,0.0150053717837,0.0149999956215,0.0200028675082,233.671746445,238.116256523,211.96732147,85.4738838287,226.166259691,183.714904907,0.0184962440911,211.977456744,360.964684828,0.0200023138088,0.0150033883709,0.0153332484867,0.0150151756727,234.425253418,223.743159908,177.624897377,0.0149987937151,261.684576654,0.0150059560632,0.0150049231451,0.0200319244338
2011-12-29 19:00:00,234.107727916,0.0150319070515,0.0199984337169,215.037257803,0.0184741741707,-0.00119109715414,0.015004273926,0.0149999708371,0.020003163194,233.67174573,238.116253393,211.967322431,85.4738832818,226.166257228,183.714903522,0.0150529176627,211.97745314,360.964684488,0.0200011496815,0.0150031977606,0.0150162736728,0.0150188221628,234.425253334,223.743152655,177.624897598,0.0149972488316,261.684570856,0.0150049909783,0.0149997902761,0.0200220931656
2011-12-29 20:00:00,234.107721752,0.0150337522337,0.0199978866996,215.037255502,0.0150052371503,-0.00119317155647,0.0150037829543,0.0149999485877,0.0200027269341,233.671744545,238.116249353,211.967322743,85.4738830149,226.166256084,183.71490203,0.0150136780866,211.977449875,360.964683702,0.0200008006387,0.0150033956287,0.0150092809725,0.0150209500259,234.425253189,223.743142955,177.624897717,0.0149987867985,261.684561649,0.0150036645806,0.0149949736576,0.0200057284735
2011-12-29 21:00:00,234.107721738,0.0150332729265,0.0199973061283,215.037251213,0.0150043852895,-0.00119532750895,0.015004681316,0.0149999143449,0.020001765643,233.671744187,238.116243848,211.967322809,85.4738831152,226.166250057,183.714899507,0.0150083663071,211.977444796,360.964683032,0.0200007858506,0.0150053672932,0.0150091597687,0.0150265483466,234.425252974,223.74313038,177.62489774,0.0149980147452,261.684549968,0.0150024930769,0.0149903394519,0.019990434396
2011-12-29 22:00:00,234.107713955,0.0150320652222,0.019996768976,215.037240441,0.0150024946319,-0.00119744209013,0.0150049202203,0.0149998848588,0.020001148487,233.671742054,238.116229184,211.967322519,85.4738828967,226.166232313,183.714895573,0.0150050383938,211.977433149,360.964681311,0.0200005444569,0.0150135382204,0.0150146323416,0.0150321039286,234.425252718,223.743111652,177.624897692,0.0149982237645,261.684527867,0.0150011645133,0.0149860628777,0.0199783042751
2011-12-29 23:00:00,234.107709196,0.0150311266796,0.0199959946959,215.03722405,0.0150013286899,-0.00119949629353,0.0150035012071,0.0149998621087,0.0200009376499,233.67173801,238.116203931,211.967321628,85.4738829023,226.166159178,183.714890136,0.015003526538,211.977397603,360.964678687,0.020000453178,0.0150328111077,0.072821661447,0.015038299793,234.425252411,223.743088204,177.624897603,0.0149962518814,261.684474947,0.0150006775625,0.0149794641035,0.0199692929263
2011-12-30 00:00:00,234.107702245,0.0150162232532,0.0199958351443,215.037211683,0.0150011333435,-0.00120152951204,0.0150030259782,0.0149998591136,0.02000295245,233.671732665,238.116186384,211.967320746,85.4738830842,226.165939481,183.714844496,0.0150033948642,211.977131095,360.964673742,0.020000760081,0.0150340017221,52.2084128094,0.0150253613244,234.42525212,223.743068918,177.624897261,0.0149945657121,261.679632456,0.01500034292,0.0149810438874,0.0199698635027
2011-12-30 01:00:00,234.107701004,0.0150196350363,0.0199952803133,215.037202644,0.0150009137207,-0.00120356882029,0.01500247776,0.0149998694596,0.0200054625919,233.671729602,238.11614441,211.967319559,85.4738833783,226.165841521,183.714838324,0.0150025649905,211.968607151,360.964666165,0.0200008190485,0.0338825797303,52.2084513566,0.0150230433319,234.425251877,223.743057412,177.62489737,0.0149964049231,211.968682822,0.0150002276701,0.0149823258651,0.0199725038418
2011-12-30 02:00:00,234.107699243,0.015019144053,0.0199948100558,215.037197419,0.0150008591455,-0.00120548933088,0.0150022113484,0.0149999053886,0.020012098079,233.671727124,238.116032055,211.96731853,85.473883154,226.165837583,183.714858602,0.0150019841265,211.968581056,360.964656536,0.0200009643243,0.0345178717441,52.2084615303,0.0150187549147,234.425251606,223.743049474,177.624897358,0.0149957033891,211.968611432,0.0150003853919,0.0149839660569,0.0199805491293
2011-12-30 03:00:00,234.107701553,0.0150237337107,0.01999490335,215.037194873,0.0150010205616,-0.00120738590926,0.015002776024,0.0149999517358,0.0201280094997,233.67172572,238.116046163,211.967317739,85.4738829987,226.165885936,183.714875605,0.0150017958805,211.968572461,360.964651114,0.0200012848842,0.0345248635086,52.2084671495,0.0150170640777,234.425251417,223.743045373,177.624897416,0.0149954948732,211.968611186,0.0150010450068,0.0149870305745,0.0199939794904
2011-12-30 04:00:00,234.107709851,0.0150285159958,0.0199953541102,215.037200771,0.01500152103,-0.00120919103829,0.0150047478907,0.0150000632202,92.206314188,233.671727564,238.116175597,211.967316707,85.4738830761,226.166085791,183.71488271,0.0150018339028,211.968572539,360.964650761,0.0200015893701,0.0345214062411,52.2084723068,0.0150141895519,234.42525125,223.743053043,177.624897535,0.0149967541092,211.968616189,0.0150026181102,0.0149942186112,0.020024913167
2011-12-30 05:00:00,234.107717629,0.0150315800143,0.0199962928164,215.037219146,0.015002641688,-0.00121088382797,0.0150127135232,0.0150003620694,92.2063279168,233.671730369,238.116217035,211.967316366,85.4738827678,226.166211885,183.714886686,0.0150021365017,211.968584298,360.964655559,0.0200019113076,0.0345087352231,52.2085131489,0.0150118314831,234.425251209,223.743075375,177.624897659,0.0149961905933,211.968632241,0.0150057443126,0.0150022772251,0.0201339843489
2011-12-30 06:00:00,234.107725669,0.0150368119891,0.0199976394392,215.03723259,0.0150074550858,-0.00121244618026,0.0150116671671,0.0150037313572,211.968533243,233.671733265,238.116234655,211.967316473,85.4738823989,226.166225416,183.714882526,0.0150038016415,211.96857618,360.964648895,0.0200031707342,0.0152561821248,211.95926252,0.015008475825,234.425250736,223.743092382,177.624897656,0.0149975524165,211.968595735,0.0150112063766,0.0150107004049,0.0227275047901
2011-12-30 07:00:00,234.107728055,0.0150371817823,0.0199986281984,215.037195042,0.0185174551455,-0.00121406721029,0.0150364229674,0.0343906158845,211.968537915,189.274106898,211.97012188,211.967315729,85.4738829039,226.16622671,148.809069089,0.0150045651867,211.968572378,211.968580991,0.0200033457428,0.0151010849865,211.968423299,0.0150066536037,234.425244417,223.743088443,177.624897518,0.0149986495337,211.968589751,0.0150153559343,0.0150156324299,92.2077036117
2011-12-30 08:00:00,234.10770709,0.0150393455761,0.019999440956,174.180169967,0.0185207305456,-0.00121577314553,0.0150665964521,0.0344886742643,211.968321779,189.274077765,192.874196642,211.967314461,85.473882988,183.194653949,148.809065514,0.0149980206354,171.694587976,211.96856732,0.0200024508897,0.0150486136218,211.968463821,0.0150089924288,82.6034600988,211.968461609,177.62489665,0.014999419676,211.968550093,0.0150194514767,0.0150139191632,92.2078761488
2011-12-30 09:00:00,211.968702492,0.0150431261603,0.0199878808142,174.180160789,0.0150071704205,-0.00121752221763,0.015000928783,0.0344891818868,211.968469717,0.0100869388155,192.874201795,171.693515885,85.4738826863,183.194645704,148.809061813,0.0149972541786,171.69458461,211.968550468,0.019999565459,0.0150220070085,211.968502169,0.0150122888143,82.6034587154,181.231923989,143.876164576,0.0149783561453,211.968546378,0.0150227964498,0.0150123276994,92.2081531029
2011-12-30 10:00:00,189.627301568,0.0150471058456,0.0199660529542,174.180165533,0.0150055453647,-0.00121942921995,0.0150001799414,0.034488679094,211.968509266,0.0100357442965,211.968373174,158.976600698,85.4738820661,183.194643834,148.809057291,0.0149959510378,171.694583979,211.968536635,0.0199988786318,0.0150088362277,211.968522752,0.0150137905934,82.6034557823,181.231907447,0.01504663019,0.0149322439463,211.968550118,0.0150280104116,0.0150179082836,211.967361719
2011-12-30 11:00:00,189.627292792,0.0150531724955,0.0199616094764,174.180183017,0.0150230797705,-0.00122137859793,0.0150022815247,0.0344883994867,211.968538685,175.25414125,211.968604316,0.0100116834696,85.4738823571,183.194649798,148.809060795,0.0149976483593,171.694585892,211.968543619,0.0199986171123,0.0150032185455,211.968537224,0.0150159942057,82.6034573719,181.231903087,0.0100033746599,0.0148800618736,211.968559228,0.0150399178795,0.015036882762,237.965177603
2011-12-30 12:00:00,189.62729691,0.0345701465247,0.0199833991365,215.034594431,0.0185209697163,-0.0012233563382,0.0150067925656,0.0344886355958,211.968544577,189.274105491,238.106438284,0.0100053246754,85.4738819695,183.19491662,148.809064767,0.014999612629,171.694592367,211.968560044,0.0199992007638,0.0150016348907,211.96854538,0.0150140177703,82.6034585484,181.232025604,0.0100014848059,0.0148981784729,211.968550143,0.0151861653955,0.0152714865492,237.966372373
2011-12-30 13:00:00,189.627304032,0.0346159955397,0.0199943895673,215.037166661,0.0185217125829,-0.00122525394781,0.0150768718718,0.0344862175589,211.968548372,189.274121808,238.106505053,0.0100096994554,85.4738807523,226.166184761,183.714147066,0.0150014849117,211.968560295,211.968571673,0.0199996017858,0.0150013123659,211.96854552,0.0150163921942,82.6034592467,223.74250314,0.0100098283872,0.0150363696978,211.96856491,0.0154705801639,0.0172565193757,237.966487445
2011-12-30 14:00:00,234.107660375,0.0346238750105,0.0200002494115,215.037226667,0.0185233064475,-0.00122702696889,0.0199933443351,0.0150095079725,211.968551965,233.671779258,238.116238555,158.975551054,85.4738819973,226.166209425,183.71488965,0.015005714338,211.9686147,261.689588069,0.02000230867,0.0150011239573,211.968547814,0.0150258894765,82.6034605488,223.743014079,133.218691028,0.0154834887855,261.683983306,0.0155561323992,0.0175278058045,237.966590319
2011-12-30 15:00:00,234.107720327,0.0346147789085,0.0459625342799,215.037238425,0.0185260383865,-0.00122886689128,0.0200400975191,0.0150036250889,211.968554805,233.671797081,238.116246311,171.693516742,85.4738833128,226.166217324,183.714892436,0.0150091460201,211.968617558,261.689593973,0.0200050658892,0.0150011288365,211.968550651,0.0151240467635,101.979579533,223.743048498,143.876165434,0.020133186436,261.684405432,0.0155877700062,0.0176796475891,237.966711963
2011-12-30 16:00:00,234.107720955,0.03454072662,0.0459727405393,215.037239262,0.0185281589599,-0.00123082053811,0.0206577266513,0.0150018751465,211.968555964,233.671804385,238.116245794,171.693606053,85.4738842263,226.166217849,183.71489278,0.0150118969779,211.968616486,261.689595172,0.0200335739388,0.0150020449157,211.968550745,0.0344987090686,101.979579739,223.743050019,177.624896977,0.0202435283813,261.684407435,0.015635260506,0.0179392677224,237.966739777
2011-12-30 17:00:00,234.107719239,0.0194576271609,0.0459744692253,215.037237358,0.0185236652763,-0.00123277629449,0.0207319074173,0.0150006733686,211.968556235,233.671807386,238.116242334,211.967334834,85.4738843281,226.166214413,183.714892659,0.0150136505139,211.968614835,261.689595624,0.0459633303671,0.0150034553017,211.968548892,0.0345146085634,101.979579739,223.743045563,177.624897957,0.0202789589404,261.684393994,0.0157082156245,0.018179882852,237.966723191
2011-12-30 18:00:00,234.107718518,0.0346133615591,0.0459735530892,215.037234871,0.0185204330599,-0.00123489424016,0.0200607731313,0.0150004810867,211.968552344,233.671808576,238.116223555,211.96733747,85.4738839849,226.166210739,183.71489204,0.0151056838363,211.96861342,261.689595592,0.0459700034553,0.015003240937,211.968544455,0.0345125979565,101.97957969,223.743037432,177.624898179,0.0202839039108,261.68437134,0.0159960194481,0.0187553687644,237.966760473
2011-12-30 19:00:00,234.107714276,0.0228476044654,0.0459715414301,215.037228894,0.0150051501663,-0.00123693853888,0.0200306139388,0.0150002412086,211.968552354,233.671808719,238.116146324,211.967338545,85.4738833926,226.166204624,183.714891783,0.0150517276908,211.968611153,261.689595444,0.0459718984177,0.0150028871047,211.968541303,0.0345165929591,101.979579606,223.743024246,177.62489831,0.0202445921115,261.684293779,0.0165290065817,0.0181378517233,237.966770048
2011-12-30 20:00:00,234.107708637,0.0152959391786,0.0459688772309,215.037222426,0.0150015677462,-0.00123900676424,0.020022299613,0.0150001485118,211.968550541,233.67180826,238.106622693,211.967338863,85.4738831376,226.166197469,183.714890657,0.0150852830654,211.968608543,261.689594967,0.0459778938141,0.0150028618036,211.968533141,0.0345177277127,101.979579458,223.743000101,177.624898343,0.0201888464147,261.683889302,0.017384295515,0.0184091532072,237.966720142
2011-12-30 21:00:00,234.107710422,0.0150952348554,0.0459572474547,215.037214453,0.0150014005386,-0.00124113569907,0.0199978961722,0.0150000495,211.968548385,233.671808767,238.106478221,211.967338889,85.4738834151,226.166187143,183.714888885,0.0150189171994,211.968605572,261.689594517,0.0459834317488,0.0150036323041,211.968525447,0.0345175095916,101.979579206,223.742973646,177.624898284,0.0201484834349,261.683714642,0.0173817168391,0.0183796444907,237.966626556
2011-12-30 22:00:00,234.107696254,0.0150871067155,0.045862903003,215.037198535,0.0150009598126,-0.0012432129979,0.0198834541708,0.0149999640435,211.968545927,233.67180695,238.106440793,211.967338713,85.4738832503,226.166156335,183.714886636,0.0150114468544,211.968597753,261.689593312,0.0459789347108,0.0150050567037,211.968512348,0.0345175611922,101.979578871,223.742924344,177.624898149,0.0155420960618,261.680087013,0.0176171638709,0.0188562807972,237.96656348
2011-12-30 23:00:00,234.107671935,0.0150877165941,0.0200188560745,215.037162176,0.0150006567983,-0.00124533813722,0.0160983784055,0.0149999269421,211.968542844,233.671802475,238.105664552,211.967337783,85.4738831783,226.165974215,183.714884237,0.0150074132814,211.96858082,261.689591654,0.04597139185,0.0150068368714,211.968497485,0.0345198390407,101.979578425,223.742874216,177.624897948,0.0154142581042,211.968627144,0.0184287039202,0.0188989545733,237.966530824
2011-12-31 00:00:00,234.107455911,0.0150877721686,0.0200046829307,215.037139539,0.0150007595681,-0.00124743396012,0.0160903978355,0.0149999941594,211.968544506,233.671787324,211.968493324,211.967336812,85.4738834719,226.16576411,183.714881535,0.0150186361237,211.968568209,261.689587869,0.0459681864067,0.0150050199345,211.968461796,0.0345215004458,101.979577381,223.742820373,177.624897689,0.019922297714,211.968596627,211.967475764,0.0187166820709,237.966498451
2011-12-31 01:00:00,234.107514835,0.0150951179875,0.0200014187689,215.037119861,0.0150005592268,-0.00124943257724,0.0160862834804,0.0149999036456,211.968543961,233.671774344,211.968389063,211.967335502,85.4738834294,226.16570858,183.714881233,0.0150089906752,211.968560875,261.689581092,0.0459626862096,0.0150036849267,211.968454246,0.0345216001442,101.979576972,223.742768287,177.624897562,0.0199482639908,211.968579712,211.967754666,0.0192000316526,237.966391995
2011-12-31 02:00:00,234.107615135,0.0151098620849,0.020000314283,215.037106437,0.015000455867,-0.00125138831115,0.0160837930359,0.0149998661321,211.968544109,233.671764866,211.966196678,211.967334267,85.4738832388,226.165684087,183.714881257,0.0150114186942,211.968556621,261.689574501,0.0459306869726,0.015002537219,211.968459803,0.0345230915849,101.979576876,223.742724083,177.62489747,0.0157408029252,211.968576293,211.967950415,0.0363998692749,237.966195166
2011-12-31 03:00:00,234.107679151,0.0151573770926,0.0200003508825,215.037095394,0.0150004479459,-0.00125330935465,0.0160854592279,0.0149998619795,211.968545765,233.671757672,192.866500589,211.967333076,85.4738828087,226.165679541,183.714881224,0.015036354848,211.968556146,261.689565857,0.0201241856482,0.0150017276202,211.968476563,0.0345248985025,101.979576712,223.742669654,177.624897468,0.0154485714521,211.968583425,211.968048658,0.0424530233287,237.96642171
2011-12-31 04:00:00,234.10770368,0.0166555244388,0.0200007390103,215.037089528,0.01500054918,-0.00125515736867,0.0160886803882,0.0149998747164,211.968546555,233.671758016,192.866386061,211.967332352,85.4738828388,226.165695755,183.714880918,0.0181635177669,211.968557573,261.689565892,0.0201095971629,0.0150017352309,211.968493389,0.0345256257709,101.979576656,223.742611385,177.624897536,0.0160923146387,211.968599226,211.968108442,0.0448141263981,237.966494083
2011-12-31 05:00:00,234.107713671,92.1970532662,0.0200011850636,215.037089393,0.0150007369592,-0.00125696767417,0.0161093236533,0.0149999303209,211.968547429,233.671765039,192.86637291,211.967331689,85.4738826221,226.16577402,183.714880701,0.0185010455104,211.968561492,261.689573237,0.020106534359,0.0150019119208,211.968510439,0.0345259418325,101.979576721,223.742566107,177.624897692,0.0202136960191,211.968652359,211.968147221,0.0450700875196,237.966546489
2011-12-31 06:00:00,234.107723646,211.968434221,0.020001988809,215.037092962,0.0150011546676,-0.00125875684496,0.0198337541302,0.0150000341086,211.968547629,233.671785206,192.866298941,211.967331059,85.4738824913,226.165862924,183.714879226,0.01851260651,211.96856882,261.689576965,0.0201094632778,0.0150000406785,211.96852473,0.0345288837635,101.979576321,223.742493914,177.624897897,0.0203161522416,261.681804723,211.968168816,0.0453880521818,237.966597509
2011-12-31 07:00:00,234.107729382,211.968523271,0.0200030500882,215.037057313,0.0150017121738,-0.00126044708036,0.0198348555984,0.0150001044937,211.96854838,211.968549866,192.866232943,211.967329835,85.473882615,226.165900119,148.809056594,0.0185131582446,211.968564806,211.968618207,0.0201123753571,0.0150000177132,211.968541348,0.0345306442427,82.603512788,223.742344274,177.624897942,0.0203229248688,261.681846035,211.968219301,0.0455982779203,237.966729028
2011-12-31 08:00:00,189.627304161,211.968541074,0.0200051024166,174.179910896,0.0150021427012,-0.00126216313153,0.0198259869303,0.0150001601992,211.968543929,211.96855562,192.866229642,211.967329913,85.4738824743,169.624382685,148.809050856,0.0149982861186,171.694530335,211.968561123,0.0201117965278,0.0150000363915,211.968547259,0.0345303087278,82.6033877589,171.69453142,177.624897403,0.0203087856731,171.694564693,211.96826787,0.0463850054447,237.966472653
2011-12-31 09:00:00,189.627297833,211.968546203,0.020007308211,174.17980468,0.0150018627301,-0.00126383757155,0.0197606413294,0.0150001031808,211.968524016,233.67159448,192.866226392,171.693536693,85.473882659,0.0100672045081,148.809048694,0.0149970404012,171.694349907,211.968557616,0.0200899118607,0.0150003308295,211.968550001,0.0345263677154,0.0149958037455,158.98300622,143.876166833,0.0163502537916,171.694557745,211.968061803,0.0450173072995,211.968726383
2011-12-31 10:00:00,189.627298196,211.968540638,0.0200081292161,161.278032051,0.0150014866604,-0.00126570033587,0.0195812962732,0.015000005463,211.968481899,233.671676069,192.866226027,158.975739376,85.4738826691,0.0100267237973,148.809048689,0.014996428322,0.0150448735284,211.968555995,0.0200823193523,0.0150002495929,211.968550419,0.0345196501246,0.0100021960281,0.010479174032,143.876134493,0.0152914226263,171.694556532,211.968006112,0.045045727085,211.968315033
2011-12-31 11:00:00,189.627306623,211.968549279,0.0200107337247,161.277935799,0.0150017116414,-0.00126763373226,0.0198159120744,0.0149999511105,211.968511511,233.67169209,192.866224479,0.0100368618511,85.4738827448,0.0100362001867,148.809050499,0.0149977057642,171.693794468,211.968557262,0.020087194185,0.0150007269295,211.968550519,0.0345086356721,0.0100019185611,171.692841808,0.0149973608906,0.0153070401394,171.694557801,211.96810101,0.0451299496822,211.96836555
2011-12-31 12:00:00,189.627325972,211.968552916,0.0200110889527,174.179668409,0.0150011123756,-0.00126959607419,0.0198239745462,0.0149999794651,211.968536219,233.671714709,192.866229642,0.0100226922276,85.4738832192,169.623403549,148.809059387,0.0150012437885,171.694531313,211.968559984,0.0201083970326,0.0150009107573,211.968550599,0.0345042715953,0.0100169657405,171.69452109,0.0149937987097,0.0182389909093,171.694561374,211.968199082,0.045336077323,237.963695818
2011-12-31 13:00:00,211.968687744,211.968555164,0.0200079293968,174.179906946,0.0150010512295,-0.00127141290794,0.0161046647675,0.0149999746135,211.968547238,233.671776932,192.866238508,92.2063801308,85.4738833911,183.194127787,183.714721349,0.0150155211588,171.694536954,211.968563655,0.0201118631698,0.015001167501,211.968550976,0.0344791869229,0.0150056421592,171.69454836,77.2671260612,0.015806852794,171.694569346,211.968407394,0.0470986090565,237.966521708
2011-12-31 14:00:00,234.107730153,211.968557288,0.0200468407994,215.035979556,0.0150011080217,-0.00127322167732,0.0160919259978,0.0149999591669,211.968554992,233.671809196,238.106399838,171.693529667,85.4738831318,226.16413964,183.714849659,107.019233646,211.968554893,261.68957229,0.0248259531971,0.0150011283234,211.968553387,0.0155063155635,82.6034527703,211.968407767,143.876166334,0.0153346833127,211.968574757,211.968463966,0.0499656129549,237.96656487
2011-12-31 15:00:00,234.107779235,211.968558197,0.0246651405856,215.036932814,0.0150020033632,-0.00127487452597,0.0160970019165,0.0149999548956,211.968557523,233.671812207,238.106450659,171.693541635,85.4738835266,226.165605482,183.71486304,107.019237036,211.968559974,261.689576517,0.0267518742209,0.0150015117791,211.968555471,0.0150784456997,211.968479963,211.968586171,143.876168455,0.0153099814813,211.968583319,211.968465395,0.0479170972795,237.966731057
2011-12-31 16:00:00,234.107785584,211.968558204,0.0246723320729,215.036937161,0.0150054678716,-0.00127680548894,0.0160957624824,0.0149999891479,211.968557331,233.671813427,238.106451955,211.967174333,85.4738838531,226.165610887,183.714859373,107.019237992,211.968560659,261.689577149,0.0268185294803,0.0150025532621,211.968555846,0.0150335999022,211.968482081,211.968590141,177.634721528,0.0152630903142,211.968583097,211.968446163,0.047001694003,237.966803409
2011-12-31 17:00:00,234.107773285,211.968558185,0.0246649299112,215.036936414,0.0150048798667,-0.00127898377252,0.0160867245019,0.0150000062289,211.968556337,233.671813046,238.106444759,211.967840706,85.4738836081,226.165611968,183.714847559,107.019238236,211.968560616,261.68957661,0.0267877797042,0.0150044634665,211.96855483,0.0150218528428,211.968482567,211.968590493,177.634887437,0.0152745276816,211.968581822,211.968400659,0.046985246579,237.966783362
2011-12-31 18:00:00,234.107750205,211.968557306,0.020015379797,215.036933578,0.0150027311152,-0.00128129045123,0.0160836614884,0.0150000299168,211.968553878,233.671811354,238.106445697,211.967844622,85.4738831956,226.165611517,183.714846744,107.019237979,211.968560736,261.689575789,0.0267345299886,0.0150057608913,211.968553154,0.015021908709,211.968482684,211.968589303,177.634889191,0.0153785908334,211.968580099,211.968353619,0.0466937793129,237.966779116
2011-12-31 19:00:00,234.10773765,211.968557934,0.0200022194352,215.036927391,0.0150020919395,-0.00128349431751,0.0160785822075,0.0149999577749,211.968551267,233.67180674,238.106378736,211.967845941,85.4738827225,226.16560893,183.71478512,107.019237956,211.968560278,261.689573799,0.0248209044225,0.0150074772488,211.968551035,0.0150137802973,211.96848278,211.968587019,177.634889604,0.015320832491,211.968578487,211.968340622,0.0454245943781,237.966706523
2011-12-31 20:00:00,234.107732221,211.9685631,0.0200010116381,215.036917875,0.0150019563548,-0.00128560679065,0.0160720741752,0.0149998977101,211.968548857,233.671796438,211.96849802,211.967845922,85.4738830262,226.165606224,183.714748872,107.019237594,211.968559561,261.689570511,0.0200278369794,0.0150080084024,211.968548545,0.0150059909081,211.968482868,211.968584042,177.634887968,0.0152637124416,211.968575995,211.968303642,0.0452302561047,237.966644137
2011-12-31 21:00:00,234.107735633,211.968565707,0.0200008154703,215.03690578,0.0150026852535,-0.00128772182263,0.0160701352099,0.0149998728088,211.968547871,233.671787698,192.866306278,211.967845937,85.4738830067,226.165601468,183.714740475,107.019237208,211.968559131,261.689567155,0.0200199201418,0.0150036201335,211.96854091,0.0150046299648,211.968482896,211.9685813,177.634886244,0.015266855626,211.968574333,211.968274124,0.0451269936809,237.966596956
2011-12-31 22:00:00,234.107729291,211.968564918,0.0200002736928,215.036883304,0.0150032871311,-0.00128981320877,0.0160712526196,0.014999866179,211.968546541,233.671778404,192.866248262,211.967846027,85.473882701,226.16559131,183.714736629,107.019236834,211.968558822,261.689562918,0.0200069833908,0.0150026036829,211.968514674,0.0150043519447,211.968482898,211.968577598,177.63487824,0.0152668099064,211.96857249,211.968246238,0.0451056934971,237.966562112
2011-12-31 23:00:00,234.107725057,211.968564024,0.0199996820826,215.036848733,0.0150039587088,-0.00129188083,0.0160730376748,0.0149998767597,211.968543434,233.671772463,192.866241133,211.967845506,85.4738829558,226.165561066,183.714731072,107.019236318,211.968558278,261.689554422,0.0200050819947,0.0150031150304,92.2065154104,0.0150039728476,211.968482888,211.968574121,177.634855759,0.0152549664535,211.968570922,211.968219635,0.0447629845767,237.966519808
